time_s,acc_x_m_s2,acc_y_m_s2,acc_z_m_s2,acc_abs_m_s2,acc_accuracy
0.0,0.08498422402187886,0.07939420748353013,0.044123651263157856,0.12438912780195661,3
0.01,-0.05293141429421079,-0.018319353511810587,-0.014047644552712396,0.057746598599012045,3
0.02,0.012479726513183475,0.006783531256063522,0.01102277889429463,0.0179794750951843,3
0.03,0.07675622061644578,0.05685150001756304,0.03265931573784633,0.10094672536556995,3
0.04,-0.0823528538750171,-0.06618797869544076,-0.031168244916137337,0.11015580128300262,3
0.05,-0.0003890610567944229,-0.007550222902081649,0.006515888203251242,0.009980683015420384,3
0.06,0.055868421423843996,0.03996467220223343,0.01810854446275372,0.0710378414592091,3
0.07,-0.06024213413376561,-0.04193269149600546,-0.025552241599379952,0.0777198970138462,3
0.08,0.02808992410254751,0.02630459153411971,0.002198966173734638,0.038546216728714,3
0.09,0.05126624398339416,0.04044109840640267,0.018994272603580047,0.0680036219933935,3
0.1,-0.09544260101340947,-0.06807170476170551,-0.03733265481497694,0.12303159835141496,3
0.11,0.02944190527800404,0.02630798766253398,0.007591795997141302,0.04020660850797059,3
0.12,0.06459368046985117,0.04552196515371774,0.027220065514596086,0.08357945222790365,3
0.13,-0.05751064951856846,-0.03494721545452514,-0.021530614905362837,0.0706565641273028,3
0.14,0.018343776088661657,0.0084065531440401,0.020789843926288597,0.028972087729985295,3
0.15,0.06453154668567478,0.03962073341368623,0.024467360710689987,0.07957873317684086,3
0.16,-0.09285596465216411,-0.07237654140600483,-0.02980687327189481,0.12144564056245856,3
0.17,0.006215081540715855,0.00976858658878486,0.003656158760631741,0.012141664605122258,3
0.18,0.06601880177756665,0.04652182766696495,0.034830408221767736,0.08795407878271143,3
0.19,-0.07231410515375264,-0.04829693462767972,-0.027221229148632314,0.09112035455912533,3
0.2,0.018744519128655893,0.011542196259169602,0.005839622320016294,0.02277455774960664,3
0.21,0.06077198893216516,0.038790678352563925,0.02574384950210903,0.07655519024214175,3
0.22,-0.09059155223190553,-0.0705052153470917,-0.050218851434717604,0.1252986343355269,3
0.23,-0.013104624034865626,-0.006342421945494271,-0.014787386990662659,0.02075148913310764,3
0.24,0.03788016062037579,0.021067861212310655,0.017123507587020796,0.0466044617689059,3
0.25,-0.07609040487465446,-0.0520869484572975,-0.03957869354236966,0.10034576670743425,3
0.26,0.022864764869198993,0.016445149152524218,0.011749810920495717,0.030517183025959734,3
0.27,0.058899378021023796,0.05381916515274122,0.02169319758115479,0.08268152206083604,3
0.28,-0.08786558787557874,-0.052839147708581904,-0.03228865993207897,0.10749369573840052,3
0.29,-0.01793059644491469,-0.008307531082533796,-0.020547420254792025,0.02850820654977598,3
0.3,0.07832583521276913,0.04272223079558761,0.033669397909890646,0.09536117565101569,3
0.31,-0.03779685623039695,-0.01756315025633109,-0.02854450333831481,0.05051589114980379,3
0.32,0.0010270113455786434,-0.0005026037162814445,-0.011760923625341245,0.011816373695879671,3
0.33,0.03953007060632843,0.010716683748596915,0.01586405217186407,0.043921998406497596,3
0.34,-0.06436777418120206,-0.04045959313221642,-0.03393757031222991,0.08325831915288864,3
0.35,-0.01909288899310449,-0.0106436396668576,-0.022021309277992927,0.031028431120150638,3
0.36,0.050078713349572264,0.02048816639973155,0.014876711942042108,0.05611558652797113,3
0.37,-0.03939588633744093,-0.02197581290753825,-0.008694130000389152,0.04594083270602913,3
0.38,0.03316920115785264,0.01507682601487489,0.021099204817885353,0.04210324253641253,3
0.39,0.05697968311062508,0.04265118771732953,0.021022446943144393,0.07421422624108841,3
0.4,-0.06450276817614317,-0.049064440569187004,-0.04699278470452669,0.09368163237816979,3
0.41,-0.014433042443408949,0.00043717316058603135,-0.009821985497769574,0.01746354012404062,3
0.42,0.022772129209357964,0.02092832290908074,0.010256887117211056,0.03258478635574673,3
0.43,-0.008478952174724993,-0.012157875756489647,-0.0059621426549741965,0.015976661664120425,3
0.44,0.03228541074199334,0.031245452460426495,0.008912188220454881,0.04580451009576247,3
0.45,0.07578214718712264,0.05408826932175484,0.036797130896726225,0.10011245453361041,3
0.46,-0.07640954865762867,-0.05925431256888304,-0.03613851586259412,0.10322540875590844,3
0.47,-0.01343345456772032,-0.013640294653148952,-0.004960784359296555,0.019776873395639948,3
0.48,0.06266332515004022,0.03958508839097266,0.02466220847066922,0.07811463415027642,3
0.49,-0.04023383349094199,-0.03948785979021567,-0.02521292517057746,0.06175551816514631,3
0.5,0.016615241295992397,0.013983878430753317,0.01685296691588384,0.027488863075034845,3
0.51,0.049994806215095444,0.03552338151669782,0.019444200659576034,0.06433869925756715,3
0.52,-0.09508692287573561,-0.060445808991325865,-0.04892546829278762,0.12283696582975547,3
0.53,-0.01118873615703364,0.0017285919145032212,-0.0069496680132948825,0.013284341620630354,3
0.54,0.0380102844798182,0.03764217559275981,0.01506218300332476,0.05557503456065966,3
0.55,-0.02563828287249915,-0.026349710064582407,-0.017452778360654717,0.04069678416833419,3
0.56,0.010784886256329675,0.002177604465392678,-0.0006631041258339816,0.011022496988040635,3
0.57,0.0690860052983785,0.047392344453701545,0.031326984428246295,0.08944434243859957,3
0.58,-0.05480970887703791,-0.027816899488093495,-0.021866819265667387,0.06523834661542019,3
0.59,-0.026592038199956404,-0.025908741340133254,-0.0129965982400345,0.03933587343978443,3
0.6,0.06130607227574382,0.04425154702384902,0.024864860067948167,0.07959205474217441,3
0.61,-0.00943965733486683,0.0019432840656775762,-0.009804148087700054,0.013747901777550425,3
0.62,-0.0023476839873557073,-0.0066916512334641055,-0.009227096604744214,0.01163740211937743,3
0.63,0.0669803259264138,0.03744858582089761,0.016273120164014304,0.07844472627950334,3
0.64,-0.04623554673015197,-0.040562106055389416,-0.021073290867229807,0.06501610429008797,3
0.65,-0.04393220720020024,-0.026686599379052163,-0.029427600585783625,0.059230035388608084,3
0.66,0.04195120567839716,0.01583972093864039,0.008859488893921956,0.0457087624066405,3
0.67,0.005642513910092975,0.008518539656511628,0.0022359691568946444,0.010459590774774036,3
0.68,-0.004406980170187223,-0.0006525482549955756,-0.002394565263680158,0.005057789660271056,3
0.69,0.049521222062421134,0.041336892999280506,0.02752030105750946,0.07013171271033916,3
0.7,-0.04772620844584163,-0.04974571608877906,-0.017522594659471202,0.07112994141289211,3
0.71,-0.02762743198950534,-0.016163488434185906,-0.010937933007707588,0.033825607683793404,3
0.72,0.05577058445923,0.02385365309758186,0.024451230095946908,0.06540043967917053,3
0.73,-0.048712728537277754,-0.037240909016046375,-0.016649641972886008,0.06353759362545332,3
0.74,0.015841234756434147,0.016182961366653863,0.006388049615891388,0.0235295587527297,3
0.75,0.04916462606798749,0.02974644704974817,0.019014093698420928,0.060527244507418615,3
0.76,-0.06731277526591316,-0.04322156096988184,-0.027319460843324112,0.08453085819653354,3
0.77,-0.028962565301528728,-0.023954897148916566,-0.020690070937405502,0.0429039196537491,3
0.78,0.04685700015814823,0.03457571850202477,0.021132020691229884,0.061948535674756104,3
0.79,-0.019004854842504536,-0.01848913534845222,0.00013680541745791572,0.026515115486082638,3
0.8,-0.022766444703267014,-0.009256457932304243,-0.0067832544894453894,0.02549520659551544,3
0.81,0.03380191110808971,0.041157894523023736,0.00957571603026948,0.054113175970551805,3
0.82,-0.04946513382492569,-0.0397818303190904,-0.028064956772052944,0.06940486500578981,3
0.83,-0.02889565515635465,-0.013251779237786709,-0.01993514041621716,0.03752303776743422,3
0.84,0.03522205070942939,0.02246942638269225,0.014093650950568798,0.04409193775806764,3
0.85,-0.024646474848426223,-0.026411454504463215,-0.008342848836664772,0.03707582471377913,3
0.86,0.011949989930132465,0.015274652812288033,0.013398484177813422,0.023571946379739684,3
0.87,0.08756175207421034,0.06820373925851637,0.03836159374876921,0.11743262898400417,3
0.88,-0.04518077599435736,-0.035940028513671694,-0.010347280060760997,0.05865197672433261,3
0.89,-0.03253428959084902,-0.0035454092291233065,-0.01394928875479539,0.03557573024616418,3
0.9,0.05680089235976921,0.03753675794755383,0.018463785308848367,0.07054261788458505,3
0.91,-0.012506013404670115,-0.012287140044915556,-0.00430593690434147,0.018053123673905463,3
0.92,-0.007733391095770559,-0.019420572465024113,0.004316406641925273,0.021344679407474188,3
0.93,0.0538413876209771,0.04326947797672333,0.021750509870482368,0.07241703822275807,3
0.94,-0.05767201253584848,-0.050934945596983916,-0.021768683472531115,0.07996440016050908,3
0.95,-0.05596769964020287,-0.040374609649032035,-0.02044688312884827,0.07197615950446687,3
0.96,0.03328148296360496,0.02597430477117396,0.027187861553285946,0.050214553990284544,3
0.97,-0.012806238653467226,-0.013198083143990607,-0.007704454936546641,0.01993860007609674,3
0.98,-0.016624479480082808,-0.006810858879688849,-0.013547700392219711,0.02250114002845369,3
0.99,0.030307110349673178,0.013671304268413141,0.005245204812648483,0.033659139496924596,3
1.0,-0.030570573748076885,-0.014939409885187223,-0.03046993984773909,0.04567453537069727,3
1.01,-0.05838479692823038,-0.04022737483961581,-0.02963074331860213,0.07684404432648335,3
1.02,0.037139722448960195,0.025549993401444378,0.015790946392851262,0.0477652084092758,3
1.03,-0.008234392065118182,-0.006077847097734172,-0.006123569212964285,0.011926589534794974,3
1.04,-0.01972272177115636,-0.0031695613547103926,-0.006724396682076658,0.02107722429499772,3
1.05,0.06648629235178115,0.04918125550846206,0.026964659865442036,0.0869845724581901,3
1.06,-0.05561498605427202,-0.044861033156375046,-0.02691888001823417,0.07635551762060382,3
1.07,-0.06474908717878602,-0.060600072609536454,-0.029812832394171394,0.0935607720475311,3
1.08,0.03817385634646921,0.01915457316411001,0.013344945099232088,0.044746268460751325,3
1.09,0.012897586071665355,0.0026041966148331883,0.002121878290733688,0.013327863068227093,3
1.1,-0.024943018787126715,-0.004546607414979116,-0.008020771566222516,0.026592453849135902,3
1.11,0.08255245961554783,0.05955653259648698,0.04109018952546222,0.1097738258362688,3
1.12,-0.038593566289894,-0.03192570214320994,-0.014692282783826383,0.052197480683547584,3
1.13,-0.0736939749752443,-0.043907392999680585,-0.031266115306727044,0.09130296311760032,3
1.14,0.02370305016304112,0.017030944921941637,0.015250807006043959,0.032931364780425555,3
1.15,0.02130554623685239,0.005441047464140486,0.005622307392907385,0.022696731887609407,3
1.16,0.008248621291151979,-0.0008264492084003299,-0.005630146264863422,0.010021043781097198,3
1.17,0.0771155433408953,0.05567373990809355,0.03167247934268263,0.10024728568808339,3
1.18,-0.03922440820674559,-0.019507477343058268,-0.013860922213620282,0.04594802537728226,3
1.19,-0.06601163174175749,-0.055579312872329485,-0.033682166937849096,0.0926341401115098,3
1.2,0.049581113050918606,0.047894925408652846,0.015068708307725982,0.07056398955084471,3
1.21,0.018088278767773948,0.0228676218416202,0.015944856941559563,0.03323179833170103,3
1.22,-0.02317128259491998,-0.02101367041024208,0.004127730061421546,0.03155187532721135,3
1.23,0.08812354672076027,0.067335229462267,0.034504343168195936,0.11614793287377438,3
1.24,-0.018180051813635002,-0.014664194615525532,0.004678014776075764,0.023820930080784935,3
1.25,-0.058210985287532234,-0.02720975769408356,-0.015410010781524115,0.0660784242714876,3
1.26,0.059179742820593406,0.037110756108451645,0.026052728304874158,0.07455330194820448,3
1.27,0.011624578376250288,-0.011011455321423067,-0.0019803888885735425,0.016133967610952607,3
1.28,-0.02380034242091334,-0.01600940794089321,-0.010831674764553037,0.030660766790406867,3
1.29,0.038324563411924945,0.025285830504627516,0.013744201788060977,0.04792753350438917,3
1.3,-0.05608375573218617,-0.03441277373520677,-0.03155272660063065,0.0729739762457289,3
1.31,-0.07152299214006456,-0.0419726419662086,-0.028268276986535265,0.0876147051703009,3
1.32,0.027165979035406185,0.024826323759340158,0.0014890329585571134,0.036831426628728015,3
1.33,0.010310158879147605,0.015793906712678385,0.014994102437861135,0.024095019677915327,3
1.34,-0.044457350330975504,-0.02439454805054143,-0.020765969806130016,0.05479758639785484,3
1.35,0.02565419360075345,0.0188431754877559,0.015411889450451709,0.0353656506825514,3
1.36,-0.042573754136157924,-0.029460268945791502,-0.014085297878567745,0.05365470719268139,3
1.37,-0.0723531460520974,-0.046404912453006486,-0.025766369495720923,0.08973460559002504,3
1.38,0.034543247905968855,0.03290832199828643,0.01667394909820758,0.05053923437455045,3
1.39,-0.0010341555537893322,-0.004331053711976507,0.0019583250085675953,0.0048644157721806705,3
1.4,-0.027416995305790844,-0.016997377695765804,0.0028645924429410875,0.03238531102204253,3
1.41,0.06481555600469618,0.047661420394660745,0.03447958972271149,0.08753004856437019,3
1.42,-0.05276566047739216,-0.02992726229290068,-0.02583012875591751,0.06593217352333212,3
1.43,-0.06605616108634162,-0.03493260538606542,-0.032910980597193294,0.08165069491677406,3
1.44,0.035261314613815285,0.027027679283067572,0.015712156082840063,0.04712459659768295,3
1.45,0.017695423100615053,0.002331060755634058,0.00022962350947648875,0.01784977786731091,3
1.46,-0.010638750431543248,0.006525838465504306,-0.002267393364939637,0.01268505621169609,3
1.47,0.07054183960830647,0.03820492156433117,0.031148652072938533,0.08605815297240413,3
1.48,-0.025771624091959273,-0.018701903929760354,-0.01584239467190124,0.03556570381527021,3
1.49,-0.06987622417421371,-0.04239255967588455,-0.02833840099778419,0.08650364611870194,3
1.5,0.029728828439880672,0.026776529214532614,0.009842313765820135,0.041202632166518545,3
1.51,0.019413420083272515,0.007633257134823765,0.0013517169087003409,0.020903938203535068,3
1.52,0.005861331512982796,-0.003864466662834234,-0.006445842050786528,0.009530907062653074,3
1.53,0.06673711980304603,0.06003445695373027,0.028503105095045254,0.09418283379360916,3
1.54,-0.030047502734935103,-0.016794380797753885,-0.011386859007755865,0.03625691940924391,3
1.55,-0.05370167690151885,-0.04316104646881441,-0.021742880322012874,0.07224609940346714,3
1.56,0.024543964448047514,0.020306152540012196,0.007353303969072911,0.03269276832981336,3
1.57,0.029879556211220994,0.017913322890253904,0.015526176141521422,0.03814101679199911,3
1.58,-0.023346889174114004,-0.00535376715460412,-0.012669563037021162,0.02709719329382902,3
1.59,0.05864802466395013,0.042545884313928965,0.02998493466595425,0.0784145354890219,3
1.6,-0.020731051309944907,-0.004402346331705501,-0.017753339569733254,0.027646667204531288,3
1.61,-0.05863170503744694,-0.03184118738003011,-0.027160012462359582,0.07203613208886148,3
1.62,0.041038549175889893,0.027726358951698653,0.022151592086837875,0.054255013880396635,3
1.63,0.006649593726063144,0.005620222934643493,0.0005277959403398366,0.008722532379500249,3
1.64,-0.01947111734130299,-0.020597613002958207,-0.006097381490497005,0.028992484077413554,3
1.65,0.04186728392086975,0.038092718944118024,0.01520974741398291,0.05861110061979255,3
1.66,-0.0070759176758549746,-0.005835588157543603,-0.0008461813939118377,0.009210793833939754,3
1.67,-0.06665502062107606,-0.03387931607152733,-0.034304663113510825,0.08226487551076703,3
1.68,0.012062373214636445,0.012815345695825434,0.003459611482401528,0.017936076618978152,3
1.69,0.01634704813183786,0.004870921381205508,0.001342252642171666,0.017110040908248157,3
1.7,-0.03910702701947356,-0.032349840062087,-0.014007007520709136,0.05265043185036231,3
1.71,0.053869715883473675,0.03951164592656709,0.018077235272039086,0.0692091243137293,3
1.72,0.03196691319339517,0.016903735419292732,0.028003481672858835,0.04573636185839069,3
1.73,-0.08511106454873006,-0.07477063763142273,-0.04016769716965001,0.12019977311268243,3
1.74,0.038767957584725496,0.03882962818235359,0.006568012211157581,0.05526149965823239,3
1.75,0.060093932813860725,0.020380043622833018,0.02682526529868102,0.06889282834555424,3
1.76,-0.019384592464960045,-0.017238221146055895,-0.0028175046895888498,0.02609323716959568,3
1.77,0.07046022884770564,0.05014815190854136,0.027196957238324,0.09065955808482863,3
1.78,-0.0032506297578705143,-0.00920320692637746,0.003660870279547591,0.010424374453949274,3
1.79,-0.080830581886707,-0.06544938791477765,-0.03695244181356708,0.11037521597961994,3
1.8,0.04362770850828922,0.023656604974735877,0.021626019882319745,0.05413590901209139,3
1.81,0.05543576790437371,0.04281434806500844,0.028397592366225334,0.07558184977610419,3
1.82,-0.010873076723451308,-0.03289235188558552,0.005620963151394138,0.035095951856995856,3
1.83,0.07250920318386925,0.04984353253071041,0.036724748055539394,0.09534500197305816,3
1.84,0.008429274965994018,0.009526562078095782,0.008445070701081378,0.015268506168791012,3
1.85,-0.08656754091270433,-0.06957562684667246,-0.03859447590751469,0.11757653065708257,3
1.86,0.058584732985405535,0.04704065010221531,0.025335661936712568,0.07928990772337738,3
1.87,0.01269748429126552,0.005422102388802348,0.0027551145083835058,0.014078918907213581,3
1.88,-0.05942899997217804,-0.04710420347210725,-0.026899060843492445,0.08046223646342877,3
1.89,0.06554415972339735,0.04993645573828269,0.03463813366334002,0.08938392914404188,3
1.9,0.0019979006238521353,0.004080164488175277,0.009814709261652805,0.010815168377983244,3
1.91,-0.0781680401335027,-0.05579278522263935,-0.03861882620600508,0.1035108260943853,3
1.92,0.04164724549348564,0.017733890256417396,0.01871352500820009,0.04898142442859176,3
1.93,0.049903013032719434,0.03057425236777498,0.03144024945433678,0.06643481695122734,3
1.94,-0.0379149996020348,-0.02686452946266681,-0.016000043955273813,0.04914520876589585,3
1.95,0.06139387914792892,0.0413889938181987,0.030448148534379032,0.08005839715660688,3
1.96,-0.01114861213909419,-0.005774138394461722,-0.008311049707947934,0.015056751777004785,3
1.97,-0.07692042144762025,-0.05236062834874727,-0.03129608428844207,0.09817245809566155,3
1.98,0.024239387576900737,0.020444324020903758,0.0054764302347097196,0.032179334717960764,3
1.99,0.03822378212261306,0.024808786888956283,0.02195007271091232,0.0505800268749729,3
2.0,-0.04826717665980193,-0.039339375369052854,-0.022100942305964565,0.06607388627852417,3
2.01,0.06028516060672756,0.03722537755789293,0.028440197292385616,0.07634706376630626,3
2.02,-0.012986848397529123,-0.010126295732108723,-0.009326918323464984,0.018925947848578546,3
2.03,-0.06883335736568182,-0.04794216486731591,-0.027670770593925673,0.08832980133374141,3
2.04,0.023773158927139704,0.010702432469972205,0.011861171196769991,0.028642495148091477,3
2.05,0.033073046320293654,0.014121076338302375,0.004397537656269266,0.036229401420597045,3
2.06,-0.061511023769955875,-0.05598859400197554,-0.03421246227368429,0.08993787454890403,3
2.07,0.050359266186592415,0.038200243732424304,0.02107599964592852,0.06662966361271735,3
2.08,0.006705433637132798,-0.00792004830991018,0.004803422293058416,0.011435159431278326,3
2.09,-0.0795876834259179,-0.058857171702451465,-0.028856118834314336,0.10310694257951815,3
2.1,0.028875760668412048,0.029966075941191855,0.017372118528765353,0.045095074716316436,3
2.11,0.05258473903138236,0.02992913557019052,0.02768359202659856,0.06653787795288171,3
2.12,-0.017597230462074523,-0.0037542536712907564,-0.008536223404861801,0.019915422430404887,3
2.13,0.04355213791317843,0.04272558655312287,0.01301255932969676,0.062382619081165436,3
2.14,0.01832060390178252,0.012775898787885496,-2.6650819099683504e-05,0.022335371665375567,3
2.15,-0.0903311724371365,-0.0750854945698014,-0.04574638258240283,0.12605666871702953,3
2.16,0.01891591927800852,0.026295471224879425,0.011587364499659292,0.03440248283363514,3
2.17,0.03550559602423463,0.017900729230084858,0.013341337492068742,0.04194132499197229,3
2.18,-0.044059354255441247,-0.024748832649876304,-0.028151287266346886,0.0578465763005075,3
2.19,0.049205743077839786,0.029613312974035896,0.01590837378194375,0.05959219591126523,3
2.2,0.011379463608972096,0.015936047706406088,-0.0010544494604622454,0.019610244062566895,3
2.21,-0.08966046337232515,-0.056874176674167824,-0.034526474485100295,0.11165011466574855,3
2.22,0.03411954362573798,0.026246762523112383,0.02102638171855105,0.04790766669696523,3
2.23,0.03580567473322423,0.03181344239031253,0.01843332742373032,0.051321818164730235,3
2.24,-0.045645947357480995,-0.02117222953834262,-0.017936146961851085,0.05341835996755529,3
2.25,0.04174096590656249,0.03065158163512357,0.01897611584947848,0.055153609712151073,3
2.26,0.020056153782974345,0.011554297830120274,0.010977304519641969,0.025617422146468803,3
2.27,-0.11933860793416781,-0.10267729268162085,-0.05497682879147451,0.16675365507256312,3
2.28,0.00785049860059234,0.005294981636018209,0.01488683231883598,0.01764326883808133,3
2.29,0.030354074029667753,0.013292872862442736,0.013745127187009263,0.03587476551174485,3
2.3,-0.06881554807529085,-0.046322135677927034,-0.027872664940403687,0.0875111727812338,3
2.31,0.06358484785857688,0.04855188129940467,0.023738912016780276,0.08344970939823748,3
2.32,0.031917333198986264,0.01990661553822896,0.015601042810952793,0.04072323707063513,3
2.33,-0.08440914337521238,-0.05156399049498894,-0.035483074064306286,0.1050847141412942,3
2.34,-0.0010458074100639612,-0.012030563707617174,-0.006200337586650299,0.01357469566695359,3
2.35,0.037635609250166624,0.02529491233228545,0.01604765819795784,0.048101964691348295,3
2.36,-0.05267512905379998,-0.042414804192089706,-0.033819961085600155,0.07561398417832049,3
2.37,0.05587561945751902,0.05051104016410056,0.01850837709202636,0.07756294250994804,3
2.38,0.041659874722647025,0.026499188383456784,0.01686638725927886,0.05217496685258688,3
2.39,-0.10271147512001902,-0.07599988347899897,-0.05152118943182973,0.13776814715536456,3
2.4,0.022926766070858404,0.0020463448618112737,0.01280090657655155,0.02633794485040407,3
2.41,0.049621817212285826,0.043182910852991314,0.025248641690246803,0.07045979307654379,3
2.42,-0.047613758750757705,-0.03684387351572476,-0.01912476693752798,0.06316880360140474,3
2.43,0.05105845426576926,0.04513757661008241,0.0263870912279712,0.07307971782727396,3
2.44,0.03156099862987652,0.014461378366977766,0.014554070808040557,0.03764371230196908,3
2.45,-0.09155623363980046,-0.05515370641855971,-0.04394271999407826,0.11556572974064747,3
2.46,0.002937745427497116,-0.0010249241957683841,0.006169762766120086,0.00690990523770431,3
2.47,0.047601145126853726,0.02917329179463967,0.01687966774661898,0.05832557890633602,3
2.48,-0.04611047409565658,-0.03787932182776904,-0.024351224379927823,0.06445153971985082,3
2.49,0.03964935770469359,0.016424447031553133,0.01734163211960858,0.046287862677584064,3
2.5,0.01500584247046655,0.007544087888609752,0.0036963162341005626,0.017197422016744294,3
2.51,-0.10708032492985549,-0.07899565022715777,-0.04479017588137027,0.14040181123254417,3
2.52,0.0276992803522551,0.009315087389151952,0.0130808267470479,0.03201763597592188,3
2.53,0.054835530223012276,0.02343154073333876,0.023846315074238206,0.06422319844570844,3
2.54,-0.049015081374669346,-0.03984504038397406,-0.020172196186805158,0.06631005160882428,3
2.55,0.046354379772584525,0.030118722812702586,0.020406107790160118,0.05892601482463444,3
2.56,0.03529009107798127,0.019069829399198993,0.02724845461293642,0.04849254788521659,3
2.57,-0.10246892324975693,-0.06584687142501436,-0.04862199733212245,0.1311479673231418,3
2.58,0.033167075023707554,0.035131448483194064,0.009089687213991844,0.04916193600544806,3
2.59,0.045605933218008,0.03392162310080282,0.01263850744587274,0.058226364551959675,3
2.6,-0.05373841825724104,-0.03792985695328158,-0.022076900166305046,0.0693821386686774,3
2.61,0.0573108884967938,0.049151725395246045,0.033192172195174306,0.08247514986137162,3
2.62,0.033364008259361075,0.02807094096446031,0.017475885775523597,0.04697383694568795,3
2.63,-0.10175890984754832,-0.08336454120245006,-0.04864868685482158,0.14025411650270717,3
2.64,0.02712184838886053,0.013848514121622134,0.012887901216534287,0.033067718414977625,3
2.65,0.0758158744077594,0.052444824103154514,0.033831920679425094,0.09819931386869704,3
2.66,-0.045066594768663766,-0.03162430817083935,-0.021638997066435517,0.05915522821668744,3
2.67,0.03700622288883087,0.024010732072840674,0.024728822259845153,0.05057163669024944,3
2.68,0.04623579106025356,0.03314606902550308,0.02850836893856423,0.0636328324558017,3
2.69,-0.09720595977552213,-0.06944512773093396,-0.04716423787050581,0.128437104122414,3
2.7,0.020887239990218714,0.029729669253659677,0.007686920031281451,0.03713783472293862,3
2.71,0.036206136197673794,0.04154433609765785,0.012872702085315168,0.05659083511609401,3
2.72,-0.05855571665288917,-0.03563704244727884,-0.026473054745432045,0.07348192549652764,3
2.73,0.05092648231128051,0.03143068149281733,0.027636249995424737,0.06591780225033075,3
2.74,0.02902372211729958,0.02509107575466066,0.013129402437375082,0.0405502125324997,3
2.75,-0.07383732109874805,-0.05652078133745616,-0.031677559014488106,0.09823449727642795,3
2.76,0.007134939245745386,0.009118343416949413,0.00032451522303062873,0.011582610018466522,3
2.77,0.05138896985409888,0.03795160362112111,0.013126550821726089,0.06521853092914263,3
2.78,-0.05406850449275863,-0.03738468412809479,-0.02674435273958983,0.07096674001883198,3
2.79,0.05996346958675229,0.04460328466625919,0.029659165682437844,0.0804035869652531,3
2.8,0.0419938836823262,0.02368622646086632,0.013122321154211497,0.04996717825887763,3
2.81,-0.10431316419158207,-0.0769901121977495,-0.03826863413921898,0.1351784078866274,3
2.82,0.0007380441201254879,0.01260563457537676,-0.00586056777688579,0.013920954954264377,3
2.83,0.0770290527554851,0.050768834418384104,0.02914044157868062,0.0967476865460312,3
2.84,-0.06503184578722097,-0.05685136296032808,-0.02453209907223767,0.08979444482722714,3
2.85,0.03065826396871531,0.03293159755724687,0.004124770303310092,0.04518221992446768,3
2.86,0.06336810683603838,0.03857471804110376,0.023379033566144153,0.07778242119155925,3
2.87,-0.09818547236464222,-0.07251985268600272,-0.04044412218543931,0.128589435944086,3
2.88,0.006924630520593808,-0.003333057017080883,0.007014372144911532,0.010404863935350726,3
2.89,0.05791397534353446,0.03655118126754192,0.0328502141664137,0.07595494692858044,3
2.9,-0.053757777038107656,-0.017219415983563725,-0.022579928418126432,0.06079687530014695,3
2.91,0.04440059204991731,0.03850974346736931,0.022940294905192046,0.06309255143551379,3
2.92,0.04072030291082269,0.025937505501587577,0.021508819031073892,0.052853822538256656,3
2.93,-0.10617874378397968,-0.07331351179634339,-0.04456600077465817,0.13650979843404437,3
2.94,0.002934695831930844,0.00443249993938094,0.004899236736077844,0.007229247259203339,3
2.95,0.0539706091260885,0.040631358947842124,0.026669399572777752,0.07262913226083523,3
2.96,-0.06282309241910221,-0.04159936460420932,-0.019117741276705423,0.07773503784070634,3
2.97,0.052375404196398065,0.0337206548448937,0.03166811956905298,0.06987943420595476,3
2.98,0.02268152784132788,0.005424118485473474,0.004782262298652462,0.02380636047896653,3
2.99,-0.11694179777960886,-0.09325341057584725,-0.05328792406236578,0.15878030577760874,3
3.0,0.00598008649861892,0.010184022324648635,0.00019751386663762046,0.01181163650674284,3
3.01,0.06361766600342521,0.05075327649205975,0.028676024475143433,0.08628682913458956,3
3.02,-0.04414301435852639,-0.02686550022916309,-0.02792095715694303,0.058736195550785186,3
3.03,0.028385775111617922,0.014565545996013759,0.014205336070875874,0.03492418834756031,3
3.04,0.05418502073386572,0.04537159095511974,0.03028370272979948,0.0768875827995329,3
3.05,-0.07982141213261909,-0.05896913115450046,-0.04355809482647765,0.10837953630125259,3
3.06,0.0013374668161762588,-0.0024790923655624115,0.009018820304607494,0.009448483271306719,3
3.07,0.05341500857463857,0.023273739006439947,0.014453115615049642,0.06003101381245021,3
3.08,-0.05169743339319694,-0.025947011943703788,-0.022687098885587852,0.06213353767568029,3
3.09,0.06310103850615491,0.041434135038801,0.025033504461171623,0.0795311571183039,3
3.1,0.043397362199843754,0.02818834725888078,0.013576130720019189,0.053499769087527176,3
3.11,-0.08339638014595056,-0.053059811757020514,-0.037160851928625255,0.1055993786023363,3
3.12,0.012174409782287617,0.005872872482830405,0.009565830152978197,0.01655934754941371,3
3.13,0.06793958397405846,0.04445633798981734,0.03746508173542157,0.08941915570768287,3
3.14,-0.04414196277553188,-0.03816261194495619,-0.024721937247837084,0.06337248621778815,3
3.15,0.021059072527570583,0.021730915936011147,0.004472961646535791,0.030589616359654487,3
3.16,0.07180878005623209,0.0411821199662496,0.038610046798538605,0.09134113866086972,3
3.17,-0.11634013026816263,-0.06982864812640098,-0.05594449387842741,0.1467680224207139,3
3.18,-0.005076438955706077,-0.001838182207071335,-0.009750557819077812,0.011145515873237243,3
3.19,0.05104943463262801,0.025836969761774464,0.02120491583229876,0.06101837623402218,3
3.2,-0.037143235639107264,-0.025215491987156727,-0.003518152387350945,0.04503130451271911,3
3.21,0.04380479996242975,0.03120633178600663,0.015236313046669298,0.05590027619379817,3
3.22,0.04247297069788902,0.04384611565773463,0.01881288400658362,0.06387769331167455,3
3.23,-0.09523394776722659,-0.0835550310486312,-0.0355827563761244,0.13159437895362852,3
3.24,-0.01526410803117151,-0.007045926410212389,-0.0070808226100262505,0.0182421523346359,3
3.25,0.0419975003097366,0.021463881077167395,0.014399780496499287,0.04931370906257682,3
3.26,-0.05853016465624118,-0.03392654188803329,-0.019361993430155926,0.07036815479147214,3
3.27,0.039954897442991945,0.03486034649423653,0.0177599080913798,0.05592004938117,3
3.28,0.03973260868131775,0.03564411481397803,0.02245389623180435,0.05790820813566425,3
3.29,-0.11715569230775415,-0.08161781367251039,-0.05678133775977993,0.1536588561280475,3
3.3,-0.005502747582005797,-0.00744081493504772,0.0010310169455147239,0.00931176426843154,3
3.31,0.07859489326977641,0.059009722049453504,0.03325650706588265,0.10375596275233731,3
3.32,-0.0581596469401794,-0.03221664016987165,-0.026472514264996593,0.0715629125144565,3
3.33,0.030630465236073934,0.01767429648139471,0.004736204324844229,0.03567965510059267,3
3.34,0.07346938406764433,0.06222040543595246,0.031832603670050336,0.10140238608784231,3
3.35,-0.10172579806319798,-0.06290538188716194,-0.04492328643154583,0.12776277519596593,3
3.36,0.0005862703030694878,-0.010448465676950035,0.008522144260231363,0.013495965718052876,3
3.37,0.04203850809711786,0.017307239196881874,0.01179693493091637,0.04696748199993058,3
3.38,-0.0612499533147059,-0.03173727742636051,-0.03880955186715609,0.07915170797665017,3
3.39,0.04789425638970246,0.03270659623588829,0.016370855440773064,0.06026264299151396,3
3.4,0.06728771685626835,0.03282862976596089,0.030857066136609546,0.08097848049080057,3
3.41,-0.09797900040020147,-0.04466337504818894,-0.03968278890925722,0.11475811660067681,3
3.42,0.015284415804149125,0.003466204532220062,0.00910901108544078,0.018127383244362368,3
3.43,0.09343557304123012,0.0717056063121504,0.0412113102540485,0.12478089749233091,3
3.44,-0.03837168023361623,-0.01962368488525722,-0.021664834909388135,0.04823732915572555,3
3.45,0.05298433571559183,0.04386983899252202,0.017230670635447427,0.07091402269649928,3
3.46,0.026776959039981313,0.01698327988289182,0.001982933604259279,0.03177057375447248,3
3.47,-0.10108143552518954,-0.06363577957067731,-0.04694835050333192,0.12833984831058742,3
3.48,0.005260122050565847,-0.01209698287548543,0.013064568939504494,0.018565797592662223,3
3.49,0.0641341223567525,0.04664511599436626,0.036990542971515356,0.08750572990339722,3
3.5,-0.057931501539087396,-0.05033456134839438,-0.028257494890022557,0.0817808837942475,3
3.51,0.00179030656842466,-0.0006482535452216028,0.002305232895734124,0.002989904508744651,3
3.52,0.07167337384841567,0.062150329650088106,0.02387809908925073,0.0978258637096829,3
3.53,-0.10207249364841445,-0.07148259765236029,-0.04962670062915473,0.1341318945742234,3
3.54,0.009585502155901314,0.013436724777405505,0.008363955464464168,0.018503598983334885,3
3.55,0.04708633503351772,0.04242241573910657,0.02057326478678839,0.06663365161851467,3
3.56,-0.027794636442062967,-0.02618444056574962,-0.01471200729786692,0.04092199776917323,3
3.57,0.05328072752869438,0.05132609625180839,0.03198088413620227,0.08059764905113588,3
3.58,0.07055115501676235,0.047549894470966254,0.028542366053325233,0.08973920324095412,3
3.59,-0.08107742522090886,-0.06283930170435027,-0.046126973064313626,0.11247232709968412,3
3.6,-0.014522922060302028,-0.029962337256192333,-0.02000202286222504,0.038842474658605255,3
3.61,0.07135774319256942,0.05193308353086462,0.03206105089511866,0.09389826230053375,3
3.62,-0.06950110238111264,-0.056096642031207594,-0.024484668027942528,0.0926106659505583,3
3.63,0.04351999021102126,0.01794085847361123,0.017988792555185422,0.050393061112925346,3
3.64,0.05563985477825643,0.0389097521756829,0.017992475222824492,0.07023881703703784,3
3.65,-0.0948992910159311,-0.05862852412327568,-0.03987397635491723,0.11846144210903561,3
3.66,-0.03142273857911294,-0.022997178009814167,-0.012089237957895717,0.040772642428826944,3
3.67,0.07514734577679302,0.06339754740887554,0.0318842425011638,0.10335849028807713,3
3.68,-0.06633002247145223,-0.054659878662047315,-0.03538788139034701,0.09294985941737814,3
3.69,0.029779573834405815,0.031318684208636094,0.01922141570659902,0.04729847587486293,3
3.7,0.07596690431861636,0.051189309208959435,0.029779230837273074,0.09632299060091452,3
3.71,-0.0788812965847769,-0.05415587185111777,-0.031102240626076916,0.10061047052276723,3
3.72,-0.01451558929688864,-0.010504688074748306,0.005708288765806941,0.018805195154997595,3
3.73,0.05932904381356442,0.03405716188070305,0.01851275719931144,0.07086993646336165,3
3.74,-0.03559498525486342,-0.03288631367167873,-0.012394877425746584,0.05002145128447664,3
3.75,0.032860641870337666,0.030739269151919796,0.008406509190750242,0.04577547213190625,3
3.76,0.06777542118702368,0.043470293907246244,0.03710283393782861,0.08865548181403626,3
3.77,-0.09805572382996541,-0.0549262937888138,-0.04684890612011492,0.12176470231493557,3
3.78,-0.0012130603025008527,0.004837706379646667,-0.0012966023848928845,0.005153260720911318,3
3.79,0.05185127579293396,0.047933245265920764,0.025389733671720358,0.0750385859341626,3
3.8,-0.04236174880329789,-0.03684755480654853,-0.012031477726828126,0.05741965267385783,3
3.81,0.04241370973941469,0.03631475626300725,0.016221270991447073,0.058144766994794185,3
3.82,0.06902590174585287,0.05588289346591795,0.027417317766650687,0.0929472011814706,3
3.83,-0.12343993374954995,-0.06509533942784129,-0.060532678625669696,0.15211517229033322,3
3.84,-0.006810711745904554,0.0038247535669248215,0.002949524520932387,0.0083495047298081,3
3.85,0.04488340286609028,0.02381309990990961,0.025871183365495747,0.05701667921661347,3
3.86,-0.04503098290886815,-0.03136436208811493,-0.02585916730802376,0.06066472751770605,3
3.87,0.034501662097060286,0.01990414676477528,0.019066988927572553,0.04415982124802607,3
3.88,0.035568385311255384,0.03132547792116133,0.02450935251394732,0.053358260478505386,3
3.89,-0.06331844502064007,-0.0502478379526089,-0.026798636360192078,0.08516007051141558,3
3.9,-0.02754481565322555,-0.0040636676444997435,-0.021806758428691175,0.0353661558168601,3
3.91,0.05254100200145649,0.04486325030269149,0.025270921248277445,0.07356553255279026,3
3.92,-0.013008020817816816,-0.00527976553516465,-0.010334900755036939,0.017432575923240122,3
3.93,0.042424894676932265,0.028855401226140505,0.01741450916127321,0.05418275553714867,3
3.94,0.046203983319088884,0.02337598255419937,0.01795578002105733,0.05480560802590807,3
3.95,-0.08444876923507579,-0.06478735166721974,-0.036258583615981325,0.11244412144353386,3
3.96,-0.0114921369213825,-0.006046900014920972,-0.003411277333655198,0.013426504528631561,3
3.97,0.06038791431185456,0.050759204356484317,0.03661843791018486,0.08697187486090713,3
3.98,-0.050257892856648195,-0.03621147237807189,-0.02175363416321967,0.06565323393013775,3
3.99,0.024254833008396294,0.026230542649680166,0.010140535893468156,0.03713716144468498,3
4.0,0.033400004989690917,0.022001802979211546,0.004117244953874544,0.0402068572964566,3
4.01,-0.06064012723943177,-0.055958339210031044,-0.027605635913167538,0.0870093781895362,3
4.02,-0.03801573898448657,-0.02328638168000225,-0.013386474036217823,0.04654728423233401,3
4.03,0.050525727261463954,0.037079478918303335,0.02158308974885249,0.0662839847569514,3
4.04,-0.053514421109317326,-0.027455658039671926,-0.02279094037421873,0.06431977447253638,3
4.05,-0.007088285607425245,-0.007326271621263736,0.003020984877390212,0.010632233930382956,3
4.06,0.052229981118194865,0.03803937917218485,0.014031320500240968,0.0661199156865216,3
4.07,-0.08570162502445511,-0.0660246893562924,-0.03815340227826621,0.11471578026511622,3
4.08,-0.036603588855998126,-0.029033868751108038,-0.0056592052190805875,0.04706181950910087,3
4.09,0.06138412739969226,0.051883446756699536,0.024116909400801856,0.08391381568623495,3
4.1,-0.03365916123169601,-0.010311310794559957,-0.023786737342140832,0.042486128777605915,3
4.11,0.009131164577769782,0.006253617639059189,0.006595102107396539,0.012883371916111717,3
4.12,0.038871190898595365,0.016557478661147207,0.00919103154956763,0.043238809447469016,3
4.13,-0.04784043277696466,-0.016899295257631806,-0.02837721846314435,0.05813398073585631,3
4.14,-0.021749010603811333,-0.008609088229868486,-0.004370112374070443,0.02379566650792454,3
4.15,0.04770701611716854,0.033863265013267405,0.017109667993598532,0.06095425205031827,3
4.16,-0.04181027081885028,-0.02948833880159635,-0.016081551777616596,0.053630934905141266,3
4.17,0.00131219096657763,0.006109574515194459,-0.007509089411892951,0.009769092572254823,3
4.18,0.06662710741305342,0.04566133618371544,0.028523658140698238,0.08566054014562516,3
4.19,-0.08218521590100214,-0.060799167869676776,-0.037620141129574916,0.10893219700781126,3
4.2,-0.025861017344396907,-0.025785592028691615,-0.010336626706508274,0.037954378219475844,3
4.21,0.06212732167258023,0.04783165561364451,0.032918414864712114,0.0850370120250932,3
4.22,-0.043076510460005386,-0.018809315779655885,-0.023629029287987026,0.052609002448272234,3
4.23,0.0163782014694279,0.0029281816249160098,0.012022149021771478,0.02052685553374766,3
4.24,0.05828845693462638,0.028144494669579287,0.01837082196728468,0.06728405377041012,3
4.25,-0.05931125757461016,-0.04038607213785459,-0.027605172666490756,0.07688241447660521,3
4.26,-0.034968782648083827,-0.024806943174319696,-0.008552433179910621,0.04371892385271727,3
4.27,0.04194486589894421,0.03303958002189113,0.017155469605399765,0.0560829364484881,3
4.28,-0.02140504559232531,-0.020257751140562934,-0.017633978527083583,0.03434399011146126,3
4.29,0.014501680698232856,0.010174183488611883,0.0004484190039282885,0.017720435444326024,3
4.3,0.05221774421918941,0.0522677631782419,0.022520439459456996,0.07723847533738958,3
4.31,-0.05221444635358366,-0.02848925970840778,-0.022250966827125702,0.06350662840590911,3
4.32,-0.039342312122880356,-0.014097524898813153,-0.022899190754714107,0.047654282794598636,3
4.33,0.057708091724083074,0.04233771215106177,0.024821968055601558,0.07575510424238524,3
4.34,-0.020544017171442924,-0.018976577993442052,-0.0045759562348211685,0.028339134237741447,3
4.35,0.014850221724412815,0.008231103936941639,0.012906995329484217,0.021327697618830913,3
4.36,0.04927735210636089,0.03638785011190069,0.017004518823309358,0.06357268852890134,3
4.37,-0.07269872264981715,-0.06007126618912813,-0.032469838439541904,0.0997394190115928,3
4.38,-0.036042758799957324,-0.03619518191765239,-0.012417377674463041,0.05256769848751327,3
4.39,0.03427410257732238,0.02129753376771942,0.014762804900714093,0.04296788871476598,3
4.4,-0.027879449747427475,-0.02828992166459634,-0.021773177853000557,0.045295194665954636,3
4.41,-0.00032789522644542744,-0.012961441440846284,-0.00857000070394977,0.015541923676614573,3
4.42,0.04552522458857113,0.03514786300942074,0.022827194890668652,0.06187890734770143,3
4.43,-0.048379032163915765,-0.041885517699915296,-0.020947693440112786,0.06733300235819027,3
4.44,-0.062209783395846846,-0.04489089582543495,-0.031958490687962374,0.08310592521126765,3
4.45,0.02956881563753479,0.012041569502343643,0.025168807647441813,0.040654435584327325,3
4.46,-0.02334622936141026,-0.017428875461394894,-0.0026930571438383687,0.02925858304881435,3
4.47,0.004537405829324666,-0.002986151229883281,0.008722349397951287,0.010275433316783485,3
4.48,0.075610345413849,0.04485978231752894,0.03264902351684744,0.09378317087719575,3
4.49,-0.05421464741847792,-0.04183758860263179,-0.030354691537261575,0.0749067360997343,3
4.5,-0.05248595655000299,-0.02362828564157616,-0.02689462654570214,0.06353260937787383,3
4.51,0.03649935137544845,0.02957620114345373,0.02389235365046955,0.052704827936969775,3
4.52,0.010565143294659834,0.015024249556795499,0.005817008636396032,0.019266237750465747,3
4.53,0.004203874948606112,0.006573973517605226,0.00559463442578168,0.00960154293599911,3
4.54,0.05358024538033948,0.04150444945712554,0.025871448417694412,0.07254511605191559,3
4.55,-0.04523100595564588,-0.03644375258441298,-0.004438328094955896,0.05825538394407898,3
4.56,-0.08837182883855194,-0.05627152912004647,-0.05183631608936892,0.11688913032226532,3
4.57,0.07192223837329574,0.05561424410398187,0.01744429508727809,0.09257459668275358,3
4.58,-0.001362145206099806,0.003296933893007632,0.004925771561921992,0.006081812076807583,3
4.59,0.022855699024663202,0.016386278032992085,0.0033847692888492216,0.028325778874008854,3
4.6,0.040280523811223545,0.03374117612431493,0.02766358160703119,0.05938233164913164,3
4.61,-0.038300754041140014,-0.02513395119731962,-0.019140305893654237,0.049648913106046966,3
4.62,-0.05053325517410394,-0.030804144070328186,-0.02819578759016965,0.06555537817926614,3
4.63,0.0330010055788206,0.018110849619551648,0.015606037726821342,0.040750676763537726,3
4.64,-0.018011083388406332,-0.017856850096304312,-0.0056649721599561845,0.025987653410015465,3
4.65,-0.001201411146122728,-0.008888694226541816,-0.0011928888323530832,0.00904849476771349,3
4.66,0.05829987183139177,0.04327382278648814,0.019400501266946087,0.07515236685242764,3
4.67,-0.043715679046124306,-0.029233234942729166,-0.033044320046416234,0.062109336713657946,3
4.68,-0.05345493217982675,-0.03658911988810173,-0.03552298156254859,0.07387879051276439,3
4.69,0.01899711004238294,0.03030813783244001,0.0029268891807685132,0.035889275405183205,3
4.7,0.00164363212590783,0.016216978798575275,-0.0019215250201553432,0.016412927414749607,3
4.71,0.00799056229092953,-0.005437715032320344,0.0045624469653926586,0.010688019124700718,3
4.72,0.0660035848406589,0.04731722097521403,0.023561032716949665,0.08456071709324882,3
4.73,-0.03390489002325114,-0.01791831719483209,-0.025231120609770008,0.04590443448957988,3
4.74,-0.031019235653633823,-0.028551791679170175,-0.015683328678464774,0.04498182507483611,3
4.75,0.01616947191029361,0.018265725278984502,0.021908635547498792,0.03278836460359429,3
4.76,5.395913162699892e-05,-0.004179110697728998,0.0030616409052314298,0.005180880508595544,3
4.77,-0.006998075954563182,-0.01432151250706724,-0.00599902754788079,0.017031356935844875,3
4.78,0.051168743341082484,0.030255486172238173,0.025150268758550077,0.06454588102467398,3
4.79,-0.024561351923034023,-0.013203365630659863,-0.013695898131947158,0.03106712889703023,3
4.8,-0.05109920815951874,-0.04389208260088504,-0.0288332627286496,0.07327346742956878,3
4.81,0.054543440165058354,0.05047592450385933,0.019868593718640422,0.07692572284947997,3
4.82,0.004314956251465394,0.0074344439379026165,0.0015818329161180519,0.008740251683583933,3
4.83,-0.01008202289580825,-0.007616368173280729,-0.019419403019071694,0.0231682857250962,3
4.84,0.06407703712080182,0.048854919154025817,0.026995919612887262,0.08497911206568638,3
4.85,-0.05856376233841471,-0.053010657382756364,-0.030285789803468542,0.0845994865197312,3
4.86,-0.05542930927915723,-0.01984149069146861,-0.016632104665078754,0.06117777362420306,3
4.87,0.00834364989409056,0.007079029524775491,-0.0014311138543408766,0.011035272512805786,3
4.88,0.03689150267305733,0.032655715765620465,0.018841076831110717,0.05274812714966292,3
4.89,-0.008599841568085145,-0.0018215020542152634,-0.0026363691234499624,0.009177449911863094,3
4.9,0.03907290238262503,0.037507436462674675,0.021571778448151543,0.05829958075337985,3
4.91,-0.04529494936679633,-0.04561153551632245,-0.018131134780354326,0.06678909086610449,3
4.92,-0.05991733394850689,-0.035684171741528346,-0.027348993278508146,0.07490937493881303,3
4.93,0.061110183415297184,0.04218767431983415,0.02279063345147609,0.077676684756027,3
4.94,-0.0030139833461873666,0.0036384170641338303,-0.0038606277593354627,0.006101362228209909,3
4.95,-0.038471549139756415,-0.024886357163217916,-0.010541409886823182,0.0470160843591845,3
4.96,0.07190375904337416,0.04563132192364236,0.03300269546864505,0.09133206454067935,3
4.97,-0.025250249361527748,-0.015376792581085867,-0.009827371979333518,0.03115442316784664,3
4.98,-0.05463980147079091,-0.03832063954013293,-0.022806825321038282,0.07052751662122093,3
4.99,0.016791740477683916,-0.00431987544323556,-3.529192576921716e-05,0.01733854427669701,3
5.0,0.009252619547330544,0.005209106699836159,0.004572326690711432,0.011560792899473349,3
5.01,-0.0007640495137141781,-0.00757435771284572,-0.006542930145082049,0.010038157266399832,3
5.02,0.0753644666723657,0.04375614008462501,0.03355326730868176,0.0933821416492645,3
5.03,0.003625092868785644,0.008353464843458825,-0.008379504776614704,0.012374884787323548,3
5.04,-0.06956106454073772,-0.04865679985163339,-0.037924460583257505,0.0929757526582799,3
5.05,0.032172473073230665,0.027719617222472254,0.007057592267184233,0.04304944611975805,3
5.06,0.027209187685050408,0.027730592327186776,0.01264527996938549,0.04085619599033996,3
5.07,0.0018299487746953162,-0.004835668829226798,-0.004480287504870487,0.006841445875709547,3
5.08,0.060242688983205575,0.050318951561026795,0.03129343870966926,0.0845012293898972,3
5.09,-0.04062093464238832,-0.03219548100077887,-0.020638636756592325,0.05579034553812389,3
5.1,-0.08851537694273419,-0.0626491588123571,-0.03698722613514228,0.11457724011505256,3
5.11,0.0326317845496421,0.033059236355001756,0.01651198760812362,0.04929900816488055,3
5.12,0.002371815528100939,0.012624995370440817,0.005117606550345356,0.013827722654404467,3
5.13,-0.016377195305820887,-0.010841868962749888,-0.01912109777169256,0.027411220853604226,3
5.14,0.06342313679228694,0.05029365019669317,0.0254007450898882,0.08483597928828283,3
5.15,0.0014106105017539176,0.008875973517966988,-0.005991421162636072,0.010801382107276507,3
5.16,-0.07471280158152846,-0.04706907198333311,-0.03507206233303091,0.09501341912501118,3
5.17,0.02195276248649416,0.013430689395082032,0.015368950100971591,0.02997518683214083,3
5.18,0.0076323024737137545,0.002122680473927574,0.002236803177555058,0.008231713181335394,3
5.19,-0.013753406058179252,-0.005308610830064193,-0.010707073927788894,0.018220289768315245,3
5.2,0.04883635313212288,0.029515070733454885,0.01993400518605441,0.060444134127340246,3
5.21,-0.01862773339840077,-0.017892511667457662,-0.011879405257987873,0.028429820516765736,3
5.22,-0.061462818709699836,-0.05354506908712204,-0.0321062732968793,0.08761030357383774,3
5.23,0.03178360158528511,0.027137184338531913,0.0143295981003628,0.04418100819666207,3
5.24,-0.016918725564942345,-0.005688336707929543,-0.00941621175831574,0.020180819931857476,3
5.25,-0.03661799745820209,-0.02808627588274073,-0.0277544490554427,0.05385189015421355,3
5.26,0.0536115943371574,0.035306677637618904,0.015624383509838975,0.06606728307748998,3
5.27,-0.017107026411755086,-0.015188220221253346,-0.002726153000766506,0.02303832234181481,3
5.28,-0.07758068624872548,-0.05305799351459357,-0.03335138717199649,0.0997307805088993,3
5.29,0.034023523843388234,0.04413782296894087,0.014534199922448211,0.057593320433404996,3
5.3,0.010220128376023522,0.01204815295553403,0.00025633745488793866,0.01580109877676622,3
5.31,-0.026971876990637824,-0.018022529506661965,-0.008353023361204203,0.03349726432844065,3
5.32,0.060482079237717,0.039224347296733804,0.03581074505845208,0.08049248903726183,3
5.33,-0.009100046949560967,0.002788385444795009,0.0033976152682410913,0.010105925854860776,3
5.34,-0.050298641586148225,-0.02665201042780807,-0.025610239513856044,0.06241928686882656,3
5.35,0.01649028835826124,0.01792068538296086,-0.008077654904337676,0.025657924379950216,3
5.36,0.019858265526550834,0.012924155292117795,0.010953859863391001,0.026103094560694946,3
5.37,-0.04685369784091084,-0.028889082707126673,-0.021632410418357652,0.059142279982554335,3
5.38,0.03030570214657406,0.016060334514915058,0.015826140854903237,0.03777349152100019,3
5.39,0.008839435848859137,0.014822866000640906,-0.008731545035375618,0.019341480328657495,3
5.4,-0.07830115895211784,-0.06787647700654112,-0.030681246907952108,0.10807232085918693,3
5.41,0.04040895960794594,0.020884731208334145,0.026545651682576547,0.052666190649159846,3
5.42,0.020204827627708234,0.015592609107175788,0.014613673410725815,0.029409589741952163,3
5.43,-0.030843961966646447,-0.0212932417938111,-0.01925730983293023,0.042137822889787596,3
5.44,0.035339282268276706,0.01997590937232484,0.018504375303508288,0.0446129323387441,3
5.45,-0.027671678040295654,0.000876781292647677,-0.014075246074578185,0.031058059550796897,3
5.46,-0.07387142222027411,-0.05526076904625719,-0.036158408415488265,0.09908667980899874,3
5.47,0.044294557703626364,0.03590608718557948,0.02311719496132618,0.061527714422187706,3
5.48,0.028517296311331902,0.007020284614491118,0.008040649438711724,0.030449509493143234,3
5.49,-0.05158442685855556,-0.023096089280463528,-0.025243705386086304,0.06190013809351586,3
5.5,0.029593714005109455,0.03182285190224038,0.021386638011699197,0.048434183148388,3
5.51,0.020233500376662748,0.007936017400173325,0.014227059317460981,0.025976607293694432,3
5.52,-0.08978131916212824,-0.07270355314128393,-0.03452896416615937,0.12057670287517133,3
5.53,0.02492307342700293,-0.00035928647359320665,0.00990214618265699,0.026820536438345057,3
5.54,0.02492331774510311,0.01997613585278855,0.0031272814943016838,0.032093576624879896,3
5.55,-0.032342611773083715,-0.030520357656496466,-0.00946885055697428,0.04546642605984319,3
5.56,0.04299132040549347,0.040032539762141786,0.026320655777030324,0.0643710710688286,3
5.57,0.008900843037367111,0.000267271311671792,-0.005805009589286712,0.010629890736108252,3
5.58,-0.10334367051351334,-0.07516400888264449,-0.04537406045554382,0.13560364238743447,3
5.59,0.02475738214491594,0.01659884240256248,0.013120167569297007,0.03256667524972332,3
5.6,0.03739692225673195,0.020526701943560273,0.024080126759687487,0.04898701656274274,3
5.61,-0.021301154842866224,-0.01687727748857453,-0.0018418078534683845,0.027239198762724386,3
5.62,0.0432868894796487,0.022040630244300072,0.020308669141263135,0.05264965550389261,3
5.63,0.010041731083790757,-0.0010533278338868378,0.0029939502202215662,0.010531362713627092,3
5.64,-0.09219975079916712,-0.05748472299112948,-0.040621446061232115,0.11599736766367157,3
5.65,0.03608089537755107,0.027966017366605735,0.00996297762646967,0.04672461943965531,3
5.66,0.01603937030718724,0.013895255142258789,0.008073843598459116,0.022705207899773313,3
5.67,-0.059991979070528834,-0.04487482671572738,-0.02325376729804496,0.07844440910043848,3
5.68,0.079362248748545,0.042231696897262666,0.028384474525008165,0.09427386246096546,3
5.69,0.010104177405899098,0.009353781369855058,0.006642204882519485,0.015287462597380086,3
5.7,-0.09202571378810279,-0.06066320545793304,-0.03919070326722089,0.11698148450597029,3
5.71,0.010647019673374215,0.013512838947920523,0.015150520837379208,0.02292365865217673,3
5.72,0.01878874790911943,0.0048441760441618135,0.01362314137056421,0.023708080275333325,3
5.73,-0.032207158736399503,-0.016230330032884696,-0.01369522247427638,0.03857828152559311,3
5.74,0.06830122556301987,0.05361738155505222,0.03239762522941813,0.09267948607289751,3
5.75,0.007424597884635165,-0.007262728480959375,-0.0006828530384304639,0.010408562196997295,3
5.76,-0.09766620185605218,-0.06616470737501602,-0.04396234217720097,0.12589337955871205,3
5.77,0.030872005341254626,0.03397021207707023,0.019539678207195106,0.04988842598030447,3
5.78,0.024272199707883794,0.028677129767982562,0.014834255751270734,0.04039272947057694,3
5.79,-0.03630002074366391,-0.029561577111781576,-0.01598371239153908,0.049467741096007996,3
5.8,0.06365438869725049,0.05354920102365608,0.02436759233411919,0.0866785883990643,3
5.81,0.023665094969004208,0.025363073333294996,0.005527610893982703,0.03512658097505882,3
5.82,-0.0912761919528859,-0.0718206233622066,-0.032053825880935076,0.12048648435057482,3
5.83,0.04104958221540771,0.04158478340895049,0.015087073800089517,0.060348837661368324,3
5.84,0.04327456486025817,0.035599261876432114,0.013006634540522513,0.05752536790027681,3
5.85,-0.038849845051771414,-0.012892910162569531,-0.0035912945523008007,0.04109057056756601,3
5.86,0.04216442476990405,0.04012099257798372,0.012146800808851745,0.05945651799011984,3
5.87,0.018572876867263676,0.00512583759812287,-0.0002618787957570645,0.01926900481894525,3
5.88,-0.13474928682139245,-0.09824652404757,-0.06088317914590119,0.17752890268690205,3
5.89,0.05247561136109913,0.043943366391165396,0.02095568407163084,0.07158107244530025,3
5.9,0.062192135314989724,0.047337833528716615,0.023538266105055532,0.08162586691400518,3
5.91,-0.057657239215387096,-0.02513989511960725,-0.017934629249785117,0.0654065936041044,3
5.92,0.06422174937783193,0.0259888672213421,0.039264730438438214,0.0796339963143934,3
5.93,0.039238123643706366,0.03437526029729712,0.023883475157473962,0.05737341939594847,3
5.94,-0.09768449845667757,-0.06573442298842673,-0.03317806366459942,0.12232767271916137,3
5.95,-0.006537235962093938,-0.004313756445303559,0.0018478999427736288,0.008047277980285945,3
5.96,0.051361494263113455,0.04175269830671637,0.022581799885141047,0.06993731904272617,3
5.97,-0.046044565363798376,-0.05221067421034876,-0.017593292035332844,0.071802370613238,3
5.98,0.06241802039932498,0.03366605737524865,0.023451377338817244,0.0746952460927178,3
5.99,0.008389798927775628,0.012532732494633169,0.003946704429445003,0.015589566564979927,3
6.0,-0.0757396362808001,-0.04185014370084344,-0.03975471269268396,0.0952279591979529,3
6.01,0.029766117222213544,0.018774290580010393,0.02047796935825856,0.04071661761869472,3
6.02,0.04299742507785541,0.023667814280395768,0.021487244048237823,0.05357840659188762,3
6.03,-0.055686203170644225,-0.04634688543919048,-0.023496295260807317,0.07616470904860564,3
6.04,0.05569121256304482,0.0418062738635254,0.031517622240214635,0.07643713889707804,3
6.05,0.03930812248947689,0.024700706077201123,0.030834778219897017,0.05573183042239179,3
6.06,-0.09871049876837296,-0.06495373091382181,-0.04060093312373952,0.1249447297697846,3
6.07,0.024738099468004995,0.011990409283442437,0.012738280455423925,0.030298634771791396,3
6.08,0.04710331515260475,0.035979780043362414,0.012638873123232862,0.060605346168135385,3
6.09,-0.039858104549167904,-0.0324669003228944,-0.016470992922126972,0.05398205000432937,3
6.1,0.07585363139295748,0.044074668968135486,0.03416706399499131,0.09414742748576416,3
6.11,0.02200519944888464,0.01803177011231825,-0.0047069872936813615,0.02883624915885498,3
6.12,-0.10436958719619233,-0.0666615308302363,-0.04768932913310141,0.1327066032166426,3
6.13,0.0006489950023199353,0.0053339831303532625,-0.006726393783869299,0.008609119808877385,3
6.14,0.030181702826451825,0.02362933004187828,0.011478215380592505,0.04001287107988543,3
6.15,-0.05004284458658374,-0.037850706127317925,-0.01926819267685702,0.0656370741097289,3
6.16,0.06318375586451702,0.03174657565860237,0.03191158681854264,0.07757822790236729,3
6.17,0.054243565326508134,0.03727697078513279,0.009764992521737662,0.06653789904405151,3
6.18,-0.08825126494133297,-0.058211713803476804,-0.03271395176023639,0.11066658044529211,3
6.19,0.02791363943615403,0.024487534516554898,0.011026636711503656,0.03873496263633878,3
6.2,0.05072759710195525,0.03441152716698349,0.021948959868193462,0.06510913260824405,3
6.21,-0.06178246779331189,-0.041575678752523805,-0.0333149767708597,0.08158123600196066,3
6.22,0.0826094715964811,0.056903622529371145,0.03664479113558338,0.10679507372433199,3
6.23,0.010971958768005049,0.009839780704468308,0.0049018563434907935,0.015531688869245696,3
6.24,-0.08955711361814239,-0.05896921854680346,-0.03999158181990595,0.11444287637110388,3
6.25,0.011360152607262867,0.002288466403484385,0.0036983844006274625,0.012164217727210519,3
6.26,0.05845797898388992,0.04531048515709187,0.02152141452226134,0.07702951807645533,3
6.27,-0.08197625365585773,-0.053032458659072454,-0.03673255333597725,0.1043160021734737,3
6.28,0.05607538306938036,0.045837995332547614,0.018915925491895594,0.07485574553565913,3
6.29,0.048971609977843264,0.03948102330713285,0.017278875839688505,0.06523441833483101,3
6.3,-0.11646646909354162,-0.07507743917290848,-0.044863551679870994,0.1456495745452458,3
6.31,0.005174586386739073,-0.0004915522543486547,-0.0009618098437452452,0.005286118241971687,3
6.32,0.029953981238385823,0.027787903938924066,0.011197737170928614,0.0423650553534117,3
6.33,-0.047580067773574514,-0.034448456110242415,-0.023633722628370754,0.06331754751245507,3
6.34,0.04190624365886481,0.029391010984520648,0.02565829610183651,0.05725655371342113,3
6.35,0.05102305323044225,0.03623012348390072,0.03071067134428848,0.06970738227069023,3
6.36,-0.08535018323974074,-0.06662241252293569,-0.03903691552618567,0.11509596171557061,3
6.37,0.024135034901321226,0.008764393876798938,0.007179114251832366,0.026661848982329168,3
6.38,0.05290944910744055,0.03773794137128654,0.023407694136118994,0.06907591598064843,3
6.39,-0.055375134260561974,-0.03545767112031228,-0.03020527082618743,0.07236028137959954,3
6.4,0.06707296748147946,0.052733530130631395,0.03219991787551791,0.09119453315851729,3
6.41,0.03160719820357874,0.01781612668109217,0.018611124173541917,0.04077748510146294,3
6.42,-0.08995362255811375,-0.06823603103546916,-0.028830635195210275,0.11652903358631443,3
6.43,-0.022433614843780026,-0.0136741159214313,-0.01369123373235166,0.029625975128351346,3
6.44,0.03831177068793076,0.021588077544167264,0.020508497814911996,0.048522524129746385,3
6.45,-0.036813626923218365,-0.0223197352246979,-0.01120253541055782,0.04448494697498616,3
6.46,0.09014661904668919,0.05920605663149377,0.04759601829130693,0.11788617825931494,3
6.47,0.04346425617222799,0.0358222754093329,0.014657577436209285,0.058199841549660826,3
6.48,-0.09223107562796155,-0.05783004251661504,-0.04680002709386688,0.11849526431444819,3
6.49,-0.007958519031334627,0.0074551286751863965,-0.004896336376053024,0.011953705644826711,3
6.5,0.03326985733548379,0.013381067536153257,0.012059052621189479,0.037833280662019735,3
6.51,-0.03928707489253815,-0.03365021905920715,-0.01595276847017042,0.054132266885910045,3
6.52,0.022989725721495775,0.009240825702495731,0.006463554784522617,0.025606598541509477,3
6.53,0.05616541888037445,0.03843152462063536,0.03145856326240437,0.07497451277073511,3
6.54,-0.09478220874123565,-0.06559199204225061,-0.039417604400423654,0.12181840604196942,3
6.55,0.00621725155383728,0.015888216731662953,0.006293813304446368,0.018185206452147107,3
6.56,0.05350906451016686,0.04783125505431474,0.029600663258924725,0.0776353541255037,3
6.57,-0.04842841868832751,-0.04310530634201367,-0.018170643066506696,0.0673316525932728,3
6.58,0.06851174325775156,0.06098119721439265,0.02700961888342101,0.09561425045538122,3
6.59,0.036155346698377715,0.021142457716433846,0.016703569493984115,0.04509126131537509,3
6.6,-0.1101797254949736,-0.07419945850531755,-0.05694830327242552,0.14452764717602729,3
6.61,0.0034919984698937945,-0.0026698885633435715,-0.0039512146118794896,0.005910537637435649,3
6.62,0.051938837271795026,0.030908062000714463,0.027285100442794308,0.06631310443614737,3
6.63,-0.0715275890357836,-0.05600883738815934,-0.026451177110450398,0.09461950448704347,3
6.64,0.06321016421890313,0.04244944616936091,0.02672334517592355,0.08069459410677848,3
6.65,0.057338021599724426,0.045858200810036616,0.02916260868033127,0.07900051295748807,3
6.66,-0.10448516620854545,-0.07107472674181066,-0.04260873967427296,0.13335768232719247,3
6.67,-0.006378131230381232,-0.02837891654081707,0.009429050731204616,0.030576959621817463,3
6.68,0.043737585995605115,0.025265100096360404,0.021680889068315074,0.05496692334845245,3
6.69,-0.06610691264526,-0.04521489253476755,-0.024212382543402647,0.08367048389274849,3
6.7,0.0675025979677505,0.038142840200322325,0.028860756967330637,0.08273101162001105,3
6.71,0.0332584633070592,0.017944492184847876,0.012964262015830504,0.03995250018377042,3
6.72,-0.09673480966931217,-0.05736710392604656,-0.04278727998329613,0.1203302096025302,3
6.73,-0.0010420789095227524,-0.003560893717132873,0.00950590992575627,0.010204323399176454,3
6.74,0.04158232664107669,0.03623722273380486,0.011951524165939207,0.05643638126451419,3
6.75,-0.04756038183195137,-0.041804891952986575,-0.02674622594180789,0.06873863188434963,3
6.76,0.045833296059872526,0.020677506978073162,0.018366455876935694,0.053531084652000245,3
6.77,0.08552599470854128,0.04323541149314264,0.028572550694072166,0.1000019361364175,3
6.78,-0.10331351115394014,-0.07652229114785086,-0.03700058953472381,0.13378485061989973,3
6.79,0.0006005488206138625,-0.0045403475527628235,-0.007405836390493451,0.008707572993008852,3
6.8,0.07594899407702067,0.04579373961486876,0.03363514692582068,0.09485061622333966,3
6.81,-0.037870967577329884,-0.01928003355354059,-0.02137232886680263,0.04756791271707838,3
6.82,0.05504568273257973,0.043095202025933185,0.016941663599045708,0.07193221524918479,3
6.83,0.06312968709462745,0.047733516447863736,0.023358681680670325,0.082519537050343,3
6.84,-0.09802574823349419,-0.07868791631838082,-0.0481820201372826,0.13461925031649224,3
6.85,0.015897783085733058,0.020673165641336734,0.008187965071703905,0.02733426524877903,3
6.86,0.05413525994015056,0.04068630360295238,0.017175779852904322,0.06986421890506413,3
6.87,-0.04826642765328146,-0.030308469552456124,-0.023598815189310198,0.061685942023777425,3
6.88,0.0526374786977051,0.02807398824362131,0.007578288248484603,0.06013554217209209,3
6.89,0.02551878265482284,0.022444176881585492,0.016830691293183216,0.03792389106463651,3
6.9,-0.09035179826717966,-0.060433658526559214,-0.023421179380407695,0.11119454202696788,3
6.91,-0.0002924694328954808,0.006132047657156676,-0.012542235553442456,0.0139640688739656,3
6.92,0.047189375053537985,0.028701691038585504,0.011937749653948171,0.05650782293822894,3
6.93,-0.054902841481142495,-0.035750781478038174,-0.02209936384272397,0.06914349037506708,3
6.94,0.05895298129978065,0.04638081170505612,0.019055205777332093,0.07739337546436793,3
6.95,0.04065321365460468,0.030851228901911852,0.019014932523356218,0.05446145209295183,3
6.96,-0.08501662771388088,-0.05915537771480213,-0.039465798052375156,0.11083652338616719,3
6.97,-0.026551115184270765,-0.009157749683204743,-0.0095984458789297,0.02968090733248215,3
6.98,0.06504871008901843,0.04101745773447399,0.03070465838918557,0.08280424246402543,3
6.99,-0.06747987801417768,-0.043747161219242554,-0.03334190426504936,0.08705762822160053,3
7.0,0.04883902104356664,0.02375496036300132,0.024468272068313514,0.05956714242223409,3
7.01,0.06127513637307566,0.049771310574796425,0.030291331280069004,0.08455406817291969,3
7.02,-0.08320349734093496,-0.05223811556797625,-0.04571567104802442,0.10835850343755857,3
7.03,-0.009570636085314856,-0.013683506560620506,-0.004209447644122519,0.017220768749991504,3
7.04,0.07208248012911969,0.049061123490762165,0.03672651752067358,0.09461350257197486,3
7.05,-0.04466366647208103,-0.022279461536717046,-0.007146498991454243,0.05042112609740292,3
7.06,0.021849960913747756,0.013128116618238643,-0.002071203275302958,0.025574560033009442,3
7.07,0.06213434245797002,0.03968888703685527,0.03453910588063891,0.08141765227481408,3
7.08,-0.09861257456526772,-0.0810140272877317,-0.043020588273006644,0.1346791873123809,3
7.09,-0.011168155107158404,-0.019350168273937443,-0.0006004117574862425,0.022349881319724527,3
7.1,0.0480418591738282,0.032632045427436196,0.020542661456553424,0.06160252885535435,3
7.11,-0.04257232057153393,-0.031324830064248584,-0.015233242579940815,0.05500635542279478,3
7.12,0.03667020972149879,0.029887597784483803,0.008509167410251607,0.04806639899515537,3
7.13,0.04970894020121681,0.037571342754613386,0.020013853020261235,0.065445693861624,3
7.14,-0.09243605926693847,-0.06881135716861503,-0.04245904665721681,0.12280960292756989,3
7.15,-0.014195090107438723,-1.1814148767899657e-05,-0.006788124364127021,0.01573465459154635,3
7.16,0.05038977912475808,0.0463777567601541,0.025382366934209425,0.07303622877400484,3
7.17,-0.04128479864024353,-0.02073840040289921,-0.02495650708448669,0.05251040940513089,3
7.18,0.04512238419717282,0.036375924260601517,0.02820343179785868,0.06445673732533129,3
7.19,0.04079737392585191,0.02492988543369701,0.012813239023123332,0.04949852524314972,3
7.2,-0.08847497110641156,-0.06361637134543975,-0.03636348783179391,0.11487892088078766,3
7.21,0.004124097211796409,0.002062693931855177,0.004787461149117973,0.006647004462400568,3
7.22,0.055056601522423275,0.04943157095805745,0.038112199806690505,0.08323009883861408,3
7.23,-0.026796487039293392,-0.0270138651989381,-0.02880877342061848,0.04772573788464618,3
7.24,0.055936558215663505,0.03413569630796498,0.017972945810234255,0.06794976886304722,3
7.25,0.05666752710344967,0.027795912697629384,0.031060209308088258,0.07034598775322363,3
7.26,-0.0767723731496093,-0.04602443495618194,-0.037932249288706525,0.09721677544621223,3
7.27,-0.004855900529757805,-0.0008581205219736748,0.009276414100829567,0.01050561751422562,3
7.28,0.046560344030447544,0.024945120746845337,0.023197818929742115,0.05769110406644535,3
7.29,-0.06077635691436998,-0.03859431833200973,-0.029361594749317686,0.0777521074538726,3
7.3,0.026174824950189555,0.01635679926576865,0.016678550817238465,0.03508333508600517,3
7.31,0.052063068493176844,0.040555730657375916,0.01515703457759138,0.06771311606524356,3
7.32,-0.09909852498774323,-0.07978797917825933,-0.046049788251121805,0.135304184244501,3
7.33,-0.024890416361310695,-0.028772130736149003,-0.010738043989268083,0.03953067065523819,3
7.34,0.04357992696355881,0.02457297178109783,0.02586570646064565,0.056321183821116866,3
7.35,-0.029112530203514973,-0.011288087102713552,-0.01833788717341764,0.03621102637697549,3
7.36,0.03579107386429526,0.019925755902483064,0.018202809571694543,0.04482609723083365,3
7.37,0.0486523003656739,0.025995713170259983,0.02534735955639611,0.060706771208683195,3
7.38,-0.07974962259283602,-0.059329681733286406,-0.04101829682305291,0.10752913145997653,3
7.39,-0.012415469094941864,-0.007188915460188312,0.0008200706618955106,0.014369999799293416,3
7.4,0.05991136561331943,0.051430897394734,0.02634300006723585,0.08323738696657217,3
7.41,-0.04724859506853711,-0.030227051628921663,-0.02118038855998569,0.05995592752747686,3
7.42,0.030477385807034678,0.02851550906110686,0.016524982335956406,0.04488964628785325,3
7.43,0.027645944523701425,0.012063583869195281,0.013262731273422,0.03295039218594661,3
7.44,-0.07450103023978338,-0.05719068523099772,-0.024577142733893546,0.09708354097859408,3
7.45,-0.030402716680802182,-0.01733421707350044,-0.020755263787638627,0.040688834316294005,3
7.46,0.07407712947648223,0.04564628354248544,0.04270177849082251,0.09692495137474026,3
7.47,-0.03628378062673659,-0.028110258967788754,-0.011590735088112043,0.04733967190093405,3
7.48,0.058900779879973275,0.045703620406403134,0.02204515948638546,0.07774388622587518,3
7.49,0.07008602588341109,0.0639900362721186,0.021040307691165723,0.09720838602700979,3
7.5,-0.0899450500663252,-0.06990379806253655,-0.03810752388809696,0.12012009154127179,3
7.51,-0.048555340279930116,-0.03275063747473057,-0.017931788182777565,0.06125172938075325,3
7.52,0.04534851855533047,0.011491257019660025,0.01757165735910261,0.049972995361502424,3
7.53,-0.048001023916434564,-0.03851576272971869,-0.009355598089317813,0.062250216797108085,3
7.54,0.007009823788728227,0.005735933259296055,-0.0009100195213026115,0.009103114600688637,3
7.55,0.06583847808282481,0.04806884625414858,0.0321044358283472,0.08761286421710021,3
7.56,-0.0745018763377187,-0.0656594102177033,-0.03080044553613208,0.1039728578678186,3
7.57,-0.010774269569698958,-0.005764114861578618,-0.0013340260600287661,0.012291848129018205,3
7.58,0.03019932222308085,0.025429405178492015,0.004318278899234531,0.03971525202131992,3
7.59,-0.04614706544813812,-0.037146652001251536,-0.024827729650796604,0.06423271412598001,3
7.6,0.032000231282271946,0.03253189798249375,0.021024770192011835,0.05024320998989999,3
7.61,0.03881989732164058,0.034531246688015084,0.02533989369188118,0.0578057232305514,3
7.62,-0.07398450360582394,-0.04965230059591675,-0.032902076464344475,0.09498212654985685,3
7.63,-0.02849317420709735,-0.02785266371757948,-0.015848201906919147,0.04288120049908866,3
7.64,0.056825683929628064,0.02905879487520359,0.03905715693793567,0.0748266892341475,3
7.65,-0.0623881801956631,-0.03850907229402765,-0.02840127665925375,0.07862484462909067,3
7.66,0.03189691053269099,0.03587318859177152,0.014249825187024698,0.05007350675888462,3
7.67,0.04808211444555089,0.029406062438150398,0.013375702555042892,0.057926812932461894,3
7.68,-0.06580092525515692,-0.04490186084625344,-0.03884731494244016,0.08862873546501829,3
7.69,-0.03839175724252,-0.027325331641408396,-0.024012757155384895,0.05288868763436119,3
7.7,0.046238480708708216,0.03638518389405961,0.026183054227469638,0.06440055150332746,3
7.71,-0.036611138572040486,-0.02855540574617074,-0.012582691585770878,0.048105205460659044,3
7.72,0.00608849453954172,0.006381948601058436,-2.7035046339268266e-06,0.008820376466654832,3
7.73,0.056504186451046316,0.04358310492227216,0.024648333315497026,0.07549669169170414,3
7.74,-0.04839509348495463,-0.039501364979685656,-0.018556108229234557,0.06516726218962172,3
7.75,-0.04126413218726773,-0.04414842660433299,-0.014476921538727296,0.06214011131342579,3
7.76,0.038295397456772615,0.031192488177338044,0.012681829692856824,0.050993505365136305,3
7.77,-0.03638663512942745,-0.032623746205352085,-0.021775890722157108,0.05350220041509168,3
7.78,0.02469303074281999,0.010192370060905958,0.020271262430341726,0.03353437423367386,3
7.79,0.07419354664863187,0.062409098553111775,0.031302369778385956,0.1018794203961602,3
7.8,-0.0607430770537965,-0.03353328089202144,-0.030370236416729535,0.07574003959171605,3
7.81,-0.04199447617351489,-0.02624348882990926,-0.012539983858325282,0.051083342982038094,3
7.82,0.030778753727606616,0.03033836279178298,0.01937528394363391,0.047361899938737025,3
7.83,-0.04407504405246521,-0.035592142857864065,-0.014362798477303547,0.05844399132110149,3
7.84,0.011413496121385758,0.012540171481785527,-0.00486227595019437,0.017639884407821764,3
7.85,0.04969194803240749,0.03119213113717176,0.026492206965156702,0.06437449630108731,3
7.86,-0.06413977753288148,-0.04859840336549659,-0.026934813868593345,0.0848598849267356,3
7.87,-0.027455179190400934,-0.0316174079175477,-0.0067620449412298805,0.04241665474302335,3
7.88,0.07658171227259758,0.04436429321361775,0.027352763011288573,0.09263435006140265,3
7.89,-0.04372824111613728,-0.030226539376636104,-0.018708393164317702,0.05635429645190384,3
7.9,0.013434847934633952,0.0044947036779697455,-0.005279727476692951,0.015118631631455257,3
7.91,0.06480094923839601,0.04563026031066466,0.0246899559569537,0.0830113100930982,3
7.92,-0.053091355585484,-0.03757311554295617,-0.025219003710186254,0.06975979642776366,3
7.93,-0.05068136862511499,-0.046156241675226695,-0.021168359511621975,0.07174328690344485,3
7.94,0.05731346149246978,0.03884595770936189,0.02967233911506288,0.07532787669359624,3
7.95,-0.016230585665442117,-0.020285065200765645,0.00217753806479171,0.026070240759651326,3
7.96,0.02013768828851862,0.010818927649852357,0.0021314875718466547,0.022959070633786913,3
7.97,0.05673952145591331,0.0415371617041102,0.02761450931039041,0.07554647723046445,3
7.98,-0.047923975920405565,-0.029250751276063854,-0.016628983556889847,0.058556272186411226,3
7.99,-0.05680971881616476,-0.02979945148131391,-0.022823223476363355,0.06809002122492627,3
8.0,0.04587647554765595,0.029140834365412944,0.01503257246586726,0.05638987028827657,3
8.01,-0.02345062580330488,-0.013142212875124354,-0.008529173858482907,0.028202773206369994,3
8.02,0.017746361970894107,0.014499228434884121,-0.0035254402870641376,0.023185981058100685,3
8.03,0.09166113628466464,0.055546292135274726,0.047856409307779665,0.11737712889147907,3
8.04,-0.04121189382838043,-0.02809741495915787,-0.013843841589425476,0.05176424316322915,3
8.05,-0.04172377104050892,-0.027026122745488854,-0.01827968714680476,0.0529663227218966,3
8.06,0.03721619361142289,0.016368870459406826,0.02394664358961378,0.04718502650468416,3
8.07,-0.024484554703822034,-0.013787385629483924,-0.013803439588112695,0.03130687410143706,3
8.08,-0.0034944684073926775,-0.0005719515468987177,-0.002257694225701642,0.004199478686579072,3
8.09,0.0639656952377666,0.05322441408144725,0.02318059486728854,0.08638164388320912,3
8.1,-0.05113027043336328,-0.03657384266508286,-0.01791657173316725,0.0653678366212989,3
8.11,-0.07667078973507147,-0.04805381073687235,-0.03838330742293964,0.09828965873202827,3
8.12,0.04796966044182595,0.032250653445181354,0.02071018433489936,0.06140117837412227,3
8.13,-0.013976524966475107,-0.0016438597913674621,-0.007110163506259856,0.01576705268076206,3
8.14,-0.0020033416391823664,0.012058746178111092,-0.0013106609339086483,0.012294086757261194,3
8.15,0.06676583741864703,0.03584696009164406,0.028561842918260128,0.08098432234026841,3
8.16,-0.05247182751145566,-0.0331543032979452,-0.026006899156411176,0.06729680017129964,3
8.17,-0.03963775816881012,-0.0275738538316301,-0.016237985958430477,0.05094253110872447,3
8.18,0.036318030554662324,0.03126304487631229,0.02234812265595381,0.05287547545463075,3
8.19,-0.013392514630609427,-0.007681263691998207,-0.0025382958311724693,0.015646220174970214,3
8.2,-0.022963232262626063,-0.030970918425957943,-0.006751505164607456,0.03914192951404379,3
8.21,0.07481414262320205,0.03838126443059555,0.028358333811149265,0.08873822452743062,3
8.22,-0.07344809887856847,-0.06221834288275052,-0.032112007319159835,0.10147377214835988,3
8.23,-0.06119556993164979,-0.04974099843845443,-0.03453436265800361,0.08609115465080185,3
8.24,0.03268440553859423,0.013662423794361446,0.013279441100652555,0.03783220513390309,3
8.25,-0.02290137018822571,-0.029305983054628462,-0.013720291131066093,0.03964290337522637,3
8.26,0.0041963938328411525,0.0096489611494566,0.00010564345465679604,0.010522515526410113,3
8.27,0.06696060597991102,0.03526589848834542,0.028345757934330397,0.08081391181138822,3
8.28,-0.02691018516452544,-0.03733438769463167,-0.014529726527065124,0.04826103524659836,3
8.29,-0.039863832521916616,-0.03244220029151556,-0.0055600920007651475,0.05169657750903054,3
8.3,0.036420069623922656,0.030554298493066068,0.013515368715656307,0.049423191108374356,3
8.31,-0.00801375782090418,0.0009962382140727257,0.006571776707943089,0.010411582689022116,3
8.32,0.01861527320230586,0.010907363203967594,0.013849381902848372,0.0256379474129794,3
8.33,0.06704879293819774,0.04751093428492148,0.025626901301173566,0.08607884514441126,3
8.34,-0.03891292440967226,-0.04647377591464877,-0.0172197712982272,0.06301228497238538,3
8.35,-0.042264805901799554,-0.027184101905377477,-0.019767333449279192,0.05400033968424393,3
8.36,0.049586844000932995,0.037991208548897266,0.0219778858234202,0.06622095204877354,3
8.37,0.007538623741850719,0.007161899603826905,0.00852920679787892,0.013448829780225316,3
8.38,-0.01659685833962344,-0.02349792001694151,-0.01156076959401326,0.031004182709337302,3
8.39,0.04989324087814778,0.04099576953918951,0.013381519609983112,0.0659473553109416,3
8.4,-0.04486640973383134,-0.02282134228071584,-0.017145776570701775,0.05317693146572158,3
8.41,-0.06300515639573293,-0.04933130432172299,-0.029232350983569015,0.0851924742131591,3
8.42,0.0484168452769998,0.04731395020950061,0.01946017754574618,0.07043791096501943,3
8.43,0.006659966217547023,0.013071982484818098,0.010998938560560235,0.018335989898591174,3
8.44,-0.01100459616210404,-0.004690337395413186,-0.009179467616101118,0.015078561844183134,3
8.45,0.04990586731305767,0.041953443315986855,0.024899639643985838,0.0697902504131959,3
8.46,-0.012743372259650946,-0.011949357454433608,-0.018823110889168358,0.025680540953566332,3
8.47,-0.05013155149456311,-0.029799887954523346,-0.0261440438943214,0.06391178927633291,3
8.48,0.04136688778977245,0.02611803724003286,0.02155749111622009,0.05346117000131288,3
8.49,0.026381510108561,0.01808385663361796,0.020408483306596913,0.03794095593457022,3
8.5,0.0027004249476800645,-0.009078751379721693,0.002844658458511824,0.009889797938200471,3
8.51,0.065133181898201,0.03266790478206712,0.02537398370103021,0.07715803545901417,3
8.52,-0.050012922074571864,-0.031485781167091324,-0.026050438754081855,0.06458538650050281,3
8.53,-0.05318961830681099,-0.03708034718611517,-0.030818701074528384,0.07179052847686955,3
8.54,0.03803383034453673,0.03880679845984172,0.026695849596140492,0.06054096334746856,3
8.55,-0.0068672004737794804,0.012257550792253803,-0.012797036485019099,0.019004476750772933,3
8.56,0.006166090268996654,0.00604451254186393,-0.001024513393039201,0.008695195729061092,3
8.57,0.0340698982502685,0.012896207234697643,0.014268694013653828,0.03912372370671275,3
8.58,-0.041149759924156204,-0.02263936561989514,-0.01399392034988943,0.049006871194211446,3
8.59,-0.04316861514515683,-0.035466149258998006,-0.019169816854079983,0.059066563765223026,3
8.6,0.020441487006969683,0.016981194784819586,0.012094108068086478,0.029197308392018752,3
8.61,0.029387333394313805,0.03046885725247086,0.007847613102583202,0.0430528937204903,3
8.62,-0.010855529220430572,-0.0019880749081547227,-0.00793852001565051,0.013594670151752124,3
8.63,0.07926787464654139,0.05269708677710781,0.0345541789498931,0.1012638641800473,3
8.64,-0.028039663934181128,-0.021708018228408083,-0.018372084234238546,0.039937379584252544,3
8.65,-0.05265543015502793,-0.03355489887169337,-0.026906224879266964,0.06798875274892369,3
8.66,0.025055667338162127,0.023570695600598282,0.0023019860821073095,0.03447699663223181,3
8.67,0.009739584407301646,0.010400989049007686,0.014160526281696978,0.02008881734197317,3
8.68,-0.015432425685696114,-0.014167469400604609,-0.003441496285368322,0.021230187197568584,3
8.69,0.06794416358499471,0.046910400210357216,0.034784552062985176,0.08959330374186975,3
8.7,-0.03591916855357159,-0.014572125086420454,-0.019162609027768857,0.043240479690508746,3
8.71,-0.07259737196963274,-0.05366506931076034,-0.028399377793273593,0.0946405977372872,3
8.72,0.039780950485050676,0.030918333081168807,0.010510058824787293,0.05146774405890198,3
8.73,0.011124235136204207,0.009747398923374565,0.0035537442624377497,0.015211492083940126,3
8.74,-0.01933408311180018,-0.01520735990822014,-0.017905865058552874,0.030425163412005577,3
8.75,0.07271949009811945,0.045515141943587606,0.033725291425234574,0.0921799743327824,3
8.76,-0.028750544853406536,-0.02653675674029494,-0.013084749977447477,0.04125535080003128,3
8.77,-0.05112631384552913,-0.02986407621313013,-0.01715629575228784,0.061644963293323154,3
8.78,0.013357698764279818,0.004542530987146813,0.014944914370976621,0.020552692514662286,3
8.79,-0.015501154819635165,-0.006412572089059465,-0.005273316733798117,0.017584503146652688,3
8.8,-0.021983866983663343,-0.01213137663276911,-0.022286764723992998,0.03357321236378965,3
8.81,0.04989829891392911,0.0348349920451507,0.030973657075718065,0.06828385122365105,3
8.82,-0.032274657685501015,-0.025837579862044033,-0.023073353919973064,0.04734568325581657,3
8.83,-0.07724482285543845,-0.05337006593801224,-0.02912906283014046,0.09830375830840911,3
8.84,0.01505198110460923,0.014274352229194128,0.001717978608122864,0.020815155950282486,3
8.85,0.013743786291589014,-6.75852637649927e-05,0.009040436323459227,0.016450705708730834,3
8.86,-0.01914735864801484,-0.022105989088947,-0.015194216929903762,0.03295694653497691,3
8.87,0.04235277122598777,0.033099950602158805,0.019303228398805754,0.0571137337862153,3
8.88,-0.005409882679266696,0.00013344235524711525,0.00557780304715378,0.007771520076435607,3
8.89,-0.09510353885219702,-0.0675152423735144,-0.04103834056534175,0.12364116002093606,3
8.9,0.045116599561593446,0.02977922095136679,0.006192079706262059,0.054411868260152575,3
8.91,0.023970002970936842,0.01809623404150052,0.008190425090219415,0.031130656788284743,3
8.92,-0.026451203244790538,-0.016929081293209455,-0.0007492456067598637,0.031413712221075696,3
8.93,0.04554176871122356,0.02600655659974797,0.012859497436681858,0.053997781045580964,3
8.94,-0.006855765463301706,0.00101275320939272,-0.005697575515781923,0.00897159717714596,3
8.95,-0.06348346987085526,-0.04792924645992028,-0.026026267887624556,0.08369426642977382,3
8.96,0.014086584952841732,0.005409367058514555,0.012179153419301623,0.019391361623626535,3
8.97,0.03602582978927649,0.02170317647440375,0.02579567587571866,0.04933867828560233,3
8.98,-0.029724415229860704,-0.025291645984405448,-0.011347957432715444,0.04064461040842179,3
8.99,0.03912400737984545,0.027544030368694846,0.005759856986408006,0.048192712259361975,3
9.0,-0.003262719191977146,-0.005252808008196021,-0.002145902707036547,0.006545397384783527,3
9.01,-0.08211116252450876,-0.06728122097403315,-0.03724410822017527,0.11249946357205041,3
9.02,0.04367685463012732,0.042592112992995895,0.023708950677801925,0.06545128006259196,3
9.03,0.013113950848696921,0.011372972488924072,0.006449506987016267,0.018518000714748722,3
9.04,-0.06150863634084109,-0.05854815960418352,-0.020960617154038817,0.08746740426596053,3
9.05,0.029983213213239577,0.02405705408859054,0.021916644809745502,0.04425013271989701,3
9.06,-0.01978544605965822,-0.0072844696498995855,-0.0076770568007531355,0.022438016288922315,3
9.07,-0.07022965732408376,-0.04966665982119057,-0.025806355920482336,0.08980506595703112,3
9.08,0.03807944064693023,0.028984456088557584,0.023314188731215976,0.05323245148335142,3
9.09,0.019563027316726284,0.021891676387524053,0.016152145599710014,0.033508944183983,3
9.1,-0.054611971645242674,-0.04383657079045772,-0.02713762888966754,0.07510368358077332,3
9.11,0.08512654429356109,0.04792013355961939,0.046074672302394905,0.10800806993696561,3
9.12,0.019337696095367965,0.018755537391698048,0.01214719440619643,0.02955115911550887,3
9.13,-0.09900372507620842,-0.08774563418705598,-0.03560578338213985,0.13699929090367574,3
9.14,0.026453911916200848,0.017879782845491677,-0.003769594322562495,0.03215129751081202,3
9.15,0.02341422721152181,0.009657220283552315,0.008500865503390347,0.026716149681878836,3
9.16,-0.04606326937593405,-0.04293989277078451,-0.037284879488187164,0.07318347774747368,3
9.17,0.041893699334223995,0.03326242174019084,0.016292475838587856,0.05591882968088342,3
9.18,0.00025805319772824985,-0.004659922814736603,0.0055423257672933155,0.0072456088083034074,3
9.19,-0.10907402867345775,-0.06604971579624117,-0.04114370557069706,0.13398698890530647,3
9.2,0.01982023487960705,0.024512869206557014,0.004198570021140081,0.031801736707968944,3
9.21,0.015699399250363618,0.02082052573834005,0.004322088218270223,0.026431910173305834,3
9.22,-0.05141135268531841,-0.05566046030237324,-0.028864300549632706,0.08108243874123293,3
9.23,0.03419929084799481,0.02498924691941521,0.018584209448792147,0.04625393817764947,3
9.24,0.006531187069283223,0.0018322506295226962,0.004258846068711153,0.008009451712841219,3
9.25,-0.09938678196429163,-0.05656493372535048,-0.04638856588497953,0.12340673888178076,3
9.26,0.008055443743962127,-0.00792498855950374,0.00960264921191007,0.014829244399746092,3
9.27,0.05371144281460693,0.037278272034106164,0.03820087075727171,0.07572248795232094,3
9.28,-0.036258394418809445,-0.03502875289371238,-0.014412382397386701,0.05243473525714817,3
9.29,0.04505984454981224,0.03410114750497759,0.019047281514477463,0.059632849882436764,3
9.3,0.013814664917592003,0.032868887363165754,0.007308856858835157,0.03639544081146382,3
9.31,-0.07682067023470537,-0.0689269229710344,-0.02950620714510569,0.10734501546720342,3
9.32,0.025641478063892824,0.026277925017359538,0.025903148842387255,0.04493314879317869,3
9.33,0.047215090388101906,0.035108576191735456,0.020633041138751876,0.06235061562808305,3
9.34,-0.05145790555962976,-0.04048772107736204,-0.030334859097375697,0.07216214574885976,3
9.35,0.036818198089843795,0.031901182240102986,0.011221858319621764,0.04999195178271102,3
9.36,-0.00884032951963027,0.0009440949503915714,-0.0009828559146522696,0.008944760871033288,3
9.37,-0.10546580458674457,-0.08511084715001621,-0.044783499375939596,0.14273210590500512,3
9.38,0.03333215674221724,0.027440200170765434,0.019173169999760136,0.04723989528289744,3
9.39,0.05706974388878352,0.03903741244494796,0.02375264502887522,0.0731099403897724,3
9.4,-0.01837743545536584,-0.01779144875049895,-0.007567255081019211,0.026674503407167285,3
9.41,0.05098817495326441,0.02436567652347036,0.029872341133935252,0.06392055179934929,3
9.42,0.03343244534415456,0.01891293996114156,0.01043513580133099,0.039803514403326835,3
9.43,-0.09041518168855829,-0.06685567699606904,-0.03890381465174445,0.11898778685577359,3
9.44,0.021248899925057407,0.013103395009725138,0.0121312068964627,0.027755736156167405,3
9.45,0.020325604656814465,0.023294562955261784,0.010766339189911253,0.032736538111015824,3
9.46,-0.04298825149934858,-0.015610158422627807,-0.022938010214853425,0.051164627679359725,3
9.47,0.046690244480375113,0.029441391421742236,0.023477577608927182,0.059983090191058304,3
9.48,-0.0035639628650094846,-0.009969074517415872,-0.0028095561372970886,0.010953441638388404,3
9.49,-0.1202065913282628,-0.09819675122259572,-0.06567990820654596,0.16854102435743246,3
9.5,0.01561739822494706,0.0005830472247284751,0.012353477448717898,0.01992113140508904,3
9.51,0.05043763978947012,0.02574196798659117,0.025728724542889592,0.06219784312947607,3
9.52,-0.043343410985883325,-0.03507441394737236,-0.01846775007727565,0.058736050110298824,3
9.53,0.044783549280672554,0.04151761100511969,0.02346367607558385,0.06542035160962366,3
9.54,0.021164666765778762,0.009389268908577346,0.010172548678452497,0.02528996315852443,3
9.55,-0.09744894749683873,-0.07928503627968354,-0.048790797235908366,0.1347700123952947,3
9.56,-0.004235382439726286,-0.0019126948175264857,-0.002170075627891497,0.005128946685870613,3
9.57,0.04088798016838755,0.03958105202108382,0.024767158472987286,0.06206366682828419,3
9.58,-0.041825654785499204,-0.0305647312208123,-0.012002362228247437,0.05317560429270467,3
9.59,0.061818411600789595,0.0381614385827131,0.015926869262405673,0.07437389711483851,3
9.6,0.02999618499389903,0.017123748959671566,0.012748412901910065,0.03681733184438619,3
9.61,-0.0939248385257793,-0.06160863235545625,-0.03884418066564179,0.1188544035548894,3
9.62,0.037218934932775935,0.03915709500220742,0.030253280880976598,0.061917592093082646,3
9.63,0.06799627992732704,0.04069238295266739,0.03466491044105549,0.08649289063390327,3
9.64,-0.04380289508566608,-0.03329366167292952,-0.014368997961639169,0.056865012335345154,3
9.65,0.03252886308460051,0.02120264975510494,0.019893819624085193,0.04362846948323967,3
9.66,0.01396384066959485,0.0003962100120585739,0.0064196765145701305,0.015373941432541295,3
9.67,-0.08351345862410514,-0.04967890556180525,-0.04002614254467736,0.10509321346398023,3
9.68,0.017966406607003053,0.017824349728135028,0.011302238719106886,0.02771713927631618,3
9.69,0.0723512414904917,0.04759935627203214,0.03235694478953952,0.09245200235171006,3
9.7,-0.048648465235710626,-0.03578277104435748,-0.02460481109844921,0.06521101596044508,3
9.71,0.031923820835843046,0.018699768298248706,0.02944815605883727,0.047286420528866724,3
9.72,0.025205206886078878,0.01894274346483052,0.0026717096442066476,0.031642819352380155,3
9.73,-0.11022930656732226,-0.0731698987144758,-0.05288853334058016,0.14248344136466182,3
9.74,0.011366132148013623,-0.0019464828689543332,0.0017902937882535337,0.011669743245397504,3
9.75,0.03446835024386676,0.012300427994336493,0.02445403559507793,0.044015537645961625,3
9.76,-0.06839489105300446,-0.04858519017066897,-0.03402080902531798,0.09053064272835787,3
9.77,0.05765077383933662,0.03351807154757588,0.02230271855433997,0.07031702567271211,3
9.78,0.03452813760469411,0.018429420067886986,0.02170252955435807,0.04475305128753918,3
9.79,-0.0825567246170485,-0.06410620960623384,-0.0505591472372733,0.11610963034535011,3
9.8,0.009367947310558875,0.004257476165252528,0.0052939806264899105,0.011571982154529583,3
9.81,0.036898299693933254,0.025049562475993686,0.018734125144709256,0.04837284925947254,3
9.82,-0.04781302585456498,-0.024814123586214317,-0.02108348011420165,0.05784755227705969,3
9.83,0.039542021458789,0.03155657367822939,0.014372653153117084,0.05259241354051605,3
9.84,0.04044283959360122,0.0415728237846599,0.025794278268562947,0.06347651331965391,3
9.85,-0.12030612531776078,-0.08946125501079848,-0.05999048476234991,0.16147983836721416,3
9.86,0.0014278759479702963,-0.0034819003597710563,0.0063534401725362415,0.007384352501347916,3
9.87,0.06199297629301569,0.04013621327481632,0.02908362709193059,0.07937192255785686,3
9.88,-0.03636923695155038,-0.033263084777700486,-0.01765474435872641,0.05235307253388753,3
9.89,0.07567211530344992,0.05361700428560689,0.03565230363527798,0.09935863796149515,3
9.9,0.009881867331790448,0.003639376662195109,-0.004034363103574306,0.011277076310104469,3
9.91,-0.07187110934072126,-0.05522488112270748,-0.02116161548339525,0.0930755490059025,3
9.92,0.02648758059321612,0.014185904215446564,0.007890471677697394,0.031065919387465238,3
9.93,0.06576863074683716,0.04079716904009518,0.030792138073901524,0.08329512326158195,3
9.94,-0.03948976839213483,-0.020777635883258722,-0.008406952301814676,0.045407365124687855,3
9.95,0.042147118335504816,0.023676099360036455,0.027144262238732873,0.0554413946197105,3
9.96,0.029721547348683548,0.019778051397607462,0.0072501771514269335,0.03642947656244204,3
9.97,-0.12411540670675121,-0.09699343736488839,-0.049782271123697236,0.16519877600052638,3
9.98,0.03254109353147315,0.01751161284251896,0.013124409093227008,0.03921516883320456,3
9.99,0.014224748532900781,0.01360671348167965,-0.004425059871872578,0.020175908343032355,3
10.0,-0.04305104645776203,-0.02302151411379351,-0.01896753139750874,0.052375089121790126,3
10.01,0.047660905966684174,0.027216433358864825,0.025609654959182906,0.06056525926198156,3
10.02,0.056828425270731245,0.053571558823421205,0.024591756729314494,0.08187879049275305,3
10.03,-0.10132924656995326,-0.07795016792499417,-0.043870316976504835,0.13516082865086387,3
10.04,0.012158615802839723,-0.0005222755424381057,-0.0019332131369861442,0.012322419527686463,3
10.05,0.059102448052207934,0.040395119799553375,0.02532058112442794,0.07593416159978948,3
10.06,-0.073892717711915,-0.0653875056111904,-0.032657342269811616,0.10393344805708044,3
10.07,0.06219456464116886,0.04370923514028165,0.024037116293449557,0.0797273106730547,3
10.08,0.039356363995559265,0.026285728389239805,0.019461609143297413,0.05117242552733179,3
10.09,-0.11272949084981287,-0.07882040418807142,-0.04880620079755276,0.14595423755383066,3
10.1,0.009410406966831339,-0.004429325848889405,-0.0058175663772037384,0.011917162636726876,3
10.11,0.06923766320579255,0.05292273465997863,0.028450730722953975,0.09167395447322703,3
10.12,-0.060693753054619055,-0.05551516370077892,-0.015024010116123566,0.08361450795495208,3
10.13,0.048768615406855086,0.045269579405479515,0.012276125965004436,0.06766399291321355,3
10.14,0.04636089511716293,0.022022170365196818,0.022422918496038585,0.056009783587676214,3
10.15,-0.09482326845377652,-0.07500180868653923,-0.037706382206189853,0.12664317907249673,3
10.16,0.0008075888204531999,-0.0046142206503138085,-0.005656085154375201,0.007344013288811977,3
10.17,0.0419012607214939,0.021217427339121693,0.025811768029980958,0.05359237111544014,3
10.18,-0.06512826073253727,-0.04010040435896762,-0.01806445987847133,0.07858789656492256,3
10.19,0.04561198541373399,0.037353085064639885,0.026311535356330962,0.06456007334286695,3
10.2,0.009769280932548412,0.002620491087390644,0.004954526378379931,0.011262910596831103,3
10.21,-0.11677187467422051,-0.08362117656563683,-0.04349617711582693,0.15006694942206514,3
10.22,-0.013321903513981895,-0.019743182553210167,-0.004688544754265079,0.02427444793353645,3
10.23,0.03172993601368522,0.020249119887614197,0.015472033078159659,0.040696431087101456,3
10.24,-0.04477157718653625,-0.017550137863637533,-0.01339983636614769,0.04992050758397987,3
10.25,0.04091263731908233,0.018359335931968333,0.014849334563195362,0.047237822189801895,3
10.26,0.04085501620247859,0.02283765973640324,0.015559532347001536,0.04932332204949205,3
10.27,-0.09761023919325773,-0.07596275027494916,-0.03372704346144771,0.1282014496226531,3
10.28,-0.002834132857501401,-0.0018816388654166207,0.0035835845855990544,0.0049411488902843794,3
10.29,0.03982398705317014,0.02109974329267346,0.014309326514540931,0.047285367050785655,3
10.3,-0.05867583312641533,-0.037582033301921974,-0.035525703512594806,0.07821341464384803,3
10.31,0.0492085992225856,0.0323102708106871,0.019181965392333182,0.061914357249523794,3
10.32,0.03905343863338636,0.024327802890584397,0.008931810712349761,0.04686992964765412,3
10.33,-0.09456562630556246,-0.06514446889220207,-0.033752002059683726,0.11968983728306787,3
10.34,0.023236714271542867,0.010596079074741447,0.013705084900553999,0.02898363562472608,3
10.35,0.08689248413380535,0.05517144381365835,0.04368803845128873,0.11181608433113975,3
10.36,-0.02462896155835336,-0.013365322617036945,-0.017850002792923494,0.03322409059414123,3
10.37,0.04117221185686983,0.03350604171319952,0.010180324650244158,0.05405039195471211,3
10.38,0.048750966602024916,0.03700341705197751,0.024450798553478526,0.0659071404937061,3
10.39,-0.09986224923259553,-0.08166784819726579,-0.05303763031456648,0.13948152738032837,3
10.4,0.00514307121747066,-0.004860465681170834,0.008758656586081218,0.01126007874655939,3
10.41,0.08121146659535763,0.05834201390835899,0.030679698937277566,0.1045960650327441,3
10.42,-0.04596669232776547,-0.04122765831256288,-0.029604767656396525,0.06847699527200438,3
10.43,0.04660893692546344,0.04274587649755693,0.013691150507494327,0.06470742276651946,3
10.44,0.05495790225454672,0.03500581054049382,0.022697993659196312,0.06899983121696876,3
10.45,-0.11746949922245123,-0.08367330695406887,-0.04713386532372071,0.15172971628708048,3
10.46,0.003586088174740645,0.016891450844612695,0.005526908625072394,0.01813085378527115,3
10.47,0.06982911578714564,0.04871549957832778,0.035388264394187637,0.0922043088343141,3
10.48,-0.06878642565596707,-0.047219346481940636,-0.034004787304266065,0.0900975282475264,3
10.49,0.03891886655291265,0.02771798286931799,0.009237586060213285,0.048665159450340605,3
10.5,0.0774868336513857,0.048395133130474506,0.03709358189897999,0.0986013798997266,3
10.51,-0.12297577045166558,-0.09619789178153788,-0.054508514495552135,0.16537307112678604,3
10.52,-0.002952920399647598,-0.011858956333124102,-0.0032586069736013886,0.01264804742266579,3
10.53,0.05236856969127049,0.020343268623406,0.023857351965976353,0.061036783275513345,3
10.54,-0.07164119464120962,-0.052414245698763504,-0.03366066599153456,0.09493552736875527,3
10.55,0.055209739809241334,0.0476334627012306,0.014648601133386514,0.074375020362207,3
10.56,0.026798141745174493,0.014359685088537811,0.01599243805064452,0.034352569505644574,3
10.57,-0.10961970310501558,-0.06121880160662762,-0.05154258368210806,0.13572346485265732,3
10.58,-0.008228716358175691,-0.020232100144933172,-0.012311142367832541,0.02507217333178268,3
10.59,0.07919493787878114,0.05807813838846075,0.03094434354490306,0.10296825113460065,3
10.6,-0.022730260784161016,-0.012530858697753557,-0.011814956766820003,0.028518071085205956,3
10.61,0.024484428994451298,0.012326739039111242,0.009234471938560931,0.02892596118552927,3
10.62,0.06359103027585333,0.04788398217033323,0.02769172175158267,0.08428242007441625,3
10.63,-0.08408771672738136,-0.0711169103644457,-0.03760746260288826,0.11637302216423089,3
10.64,0.00690030045005581,-0.00042764456448690126,0.0054369721773922155,0.008795322201733865,3
10.65,0.0532880282646285,0.04374542731004759,0.022591808601927568,0.072551128059987,3
10.66,-0.03826190493078037,-0.01970945741668291,-0.011866704562895935,0.04464588175604965,3
10.67,0.04430358552159411,0.030612857767144685,0.019484767255547163,0.0572678872121495,3
10.68,0.05701062840899964,0.039098065274888905,0.03542540611068054,0.07767773077230793,3
10.69,-0.07916006474899093,-0.0694926749805517,-0.039517724451092244,0.1125042144668789,3
10.7,0.011158318780711857,0.030176211255566146,0.008280524930180487,0.03322166306601589,3
10.71,0.06983040562734245,0.053879938108835033,0.03583835983057293,0.09520357827328077,3
10.72,-0.061117038225692616,-0.03253303979160097,-0.025472887941307715,0.07377370168043003,3
10.73,0.01423162048383977,0.018140375310372853,-0.002233461922690397,0.023164640946005198,3
10.74,0.04490398357726258,0.03238424420558338,0.010449162135112551,0.05634085554195817,3
10.75,-0.10986583206626531,-0.0835637682120703,-0.0466751555142471,0.14571195749042895,3
10.76,0.00809446136696453,0.0037192034489708773,0.01454137896330621,0.017052990390855283,3
10.77,0.07172416074561376,0.05122863002775264,0.026884291222477492,0.0921492967076688,3
10.78,-0.04499553044282053,-0.03367730730704328,-0.016691271911907023,0.058628980421981045,3
10.79,0.023460027111502524,0.02191625396137991,-0.0022579233062008115,0.03218374243976015,3
10.8,0.06254792062734457,0.0405010607517665,0.037170669342910814,0.08327206588180029,3
10.81,-0.09605498390402523,-0.08743300641815734,-0.04722546410316299,0.13820757940098374,3
10.82,-0.008753105533658297,0.008914694469092755,0.00687563424853909,0.014260539270319202,3
10.83,0.029643566989395683,0.022025529105123225,0.015190957155079404,0.03993282078069214,3
10.84,-0.061187066068073476,-0.04377943645457863,-0.04227130629632857,0.08629808483562833,3
10.85,0.04081423635650206,0.025056347285015226,0.024866490680433586,0.05396262398541971,3
10.86,0.08198304816680659,0.05048406448413229,0.03650627603544957,0.10296877751792237,3
10.87,-0.08779969163119103,-0.06311004767251552,-0.03427606262902731,0.11343065034243796,3
10.88,-0.02921573607302636,-0.015132968949727751,-0.01180042694588377,0.034954485543736695,3
10.89,0.04269466186065006,0.03846456495616757,0.01328887444402748,0.05898263382260585,3
10.9,-0.04237904036515548,-0.027108775988810542,-0.019059736029550405,0.05379723352923578,3
10.91,0.042461029811663,0.02591092610962127,0.015416205886901449,0.05207662189958679,3
10.92,0.05070014529842708,0.04563366038581348,0.030101824720710046,0.0745590741962756,3
10.93,-0.09840173754434016,-0.06055958816690294,-0.043726089347656254,0.12354082952744534,3
10.94,-0.00924530343379984,-0.013359976421425213,-0.0043874032270301705,0.01682896053357496,3
10.95,0.06862905416933557,0.05619618845926237,0.022289402970914668,0.09145915021651115,3
10.96,-0.056303668086819955,-0.05127475623393494,-0.027484975855053394,0.0809606544232018,3
10.97,0.03200419117899448,0.02240304669335409,0.014427020959955253,0.041644971940742376,3
10.98,0.07158486895342597,0.05586783822080987,0.02767278704682338,0.09492835168422861,3
10.99,-0.07677495302181099,-0.04682200999444534,-0.021979373154057874,0.09257314338222801,3
11.0,-0.015593177245394834,-0.00035219506484211044,-0.005377507191633959,0.016498145397773452,3
11.01,0.05509727842154646,0.029008922823599518,0.022660798494711885,0.06626265525365625,3
11.02,-0.05653110242362412,-0.0515232118686737,-0.030395515588111547,0.08230610105187618,3
11.03,0.039198107905357264,0.02933950752886512,0.016319660237561956,0.05161036403345577,3
11.04,0.06257234349714147,0.05499260242378504,0.028433836259483102,0.08802253993435913,3
11.05,-0.08467935310438829,-0.06947369529259807,-0.036369531160660856,0.11541200100783593,3
11.06,-0.013941480577787827,-0.013397352160244848,0.00011118267058987316,0.0193356222344328,3
11.07,0.0444881262732994,0.03806775837935879,0.008189803406272024,0.05912208121481904,3
11.08,-0.06780591735883301,-0.04747415506965759,-0.024676927316591213,0.08637354091525433,3
11.09,0.0336478816247424,0.019177172716721452,0.007645555960712161,0.03947655528523258,3
11.1,0.053756101916423354,0.028656061169226036,0.023622964908145447,0.06533707068758737,3
11.11,-0.10884557723689657,-0.08049554223957235,-0.03973062657607546,0.14108655036042078,3
11.12,-0.024292351343706352,-0.027051827085628498,-0.006342107086801695,0.03690720803281218,3
11.13,0.013289927828867669,0.006914258117888716,0.008594099709965448,0.017271007406695463,3
11.14,-0.01072737863414126,-0.0023224789861911316,-0.010098326257911,0.014914648980540728,3
11.15,0.03521402646251645,0.020164716541824793,0.009910422842799468,0.04177152060720357,3
11.16,0.05394142088773943,0.03496628739877545,0.014488489968263598,0.06589563326505399,3
11.17,-0.09368924660510584,-0.06581860830258233,-0.0348204224077225,0.11967550269363117,3
11.18,-0.048675165540992625,-0.036056784633486466,-0.027300494463008716,0.06644306176323779,3
11.19,0.05672247343202917,0.042572833950037255,0.018483641399424582,0.07329072371158046,3
11.2,-0.0473111025322144,-0.03294408126174902,-0.0178049127498489,0.060337946857878404,3
11.21,0.035279071543312286,0.0349329213034633,0.014183868040020038,0.05163432959116259,3
11.22,0.056936643034099774,0.03400752811722097,0.01731166351876299,0.06854186299206454,3
11.23,-0.0870501062831062,-0.0658476487552289,-0.040153307864952144,0.11630099734305682,3
11.24,-0.04485712798611899,-0.03086992394027822,-0.024132602445769397,0.059560864970609494,3
11.25,0.030642982819006438,0.025848109925131257,0.011423943442821539,0.041684813380083376,3
11.26,-0.04684034553590272,-0.03763736115238836,-0.01302038103599098,0.06148267436246139,3
11.27,0.01918807324664906,0.01765487009217865,0.005440526854786834,0.026635989287956442,3
11.28,0.062188859155336895,0.05186389858948432,0.028673037556176735,0.08590379073498773,3
11.29,-0.0623562747300112,-0.04337323012305377,-0.031886115444096634,0.08237879853230605,3
11.3,-0.023529742702190597,-0.006095089695609932,-0.0115103591107955,0.02689400076017503,3
11.31,0.05349150973444542,0.0309290026429092,0.024590659311813996,0.06650297244142593,3
11.32,-0.054715535554347126,-0.04630928381422756,-0.023203839984874224,0.0753442618148811,3
11.33,0.0246910000718819,0.008573940589258028,0.016728585494844316,0.031032297923874633,3
11.34,0.032042507642617055,0.016310887856829315,0.008852356705802037,0.037028793903555554,3
11.35,-0.05924320613619194,-0.038765179898844114,-0.02684885527518525,0.0757189386842745,3
11.36,-0.021253231453724,-0.008734542565292868,0.0011533416392855867,0.023007004976471533,3
11.37,0.04595311805351221,0.04320013399682117,0.01571344538269659,0.0649988692361515,3
11.38,-0.01110057052950373,-0.003062717128532873,-0.007222109251640083,0.01359270997014652,3
11.39,-0.0006926688839103551,-0.00157364337105077,0.0011850434820106061,0.002088174249492956,3
11.4,0.04224479478333863,0.022185487964178505,0.0173517944139628,0.05077305714529641,3
11.41,-0.0745907553158711,-0.056406183116787884,-0.03445568177816401,0.09966259217577507,3
11.42,-0.04919168112868538,-0.03496381086213569,-0.02043818488688185,0.06371819962726367,3
11.43,0.06469792599754505,0.04376017530125554,0.026657002415264912,0.08253102658120684,3
11.44,-0.050871863065405865,-0.034736376015872455,-0.024280703295273397,0.06621264851200702,3
11.45,0.02319829584178361,0.019123173117813187,0.021112468296853204,0.0367368071236791,3
11.46,0.05431604757495164,0.0472453556087523,0.015581499763032382,0.0736555482338381,3
11.47,-0.0913264817340857,-0.05056027093207467,-0.04038601958541749,0.1119280922762682,3
11.48,-0.03601678550167165,-0.024825519115506033,-0.011605454446222723,0.04525706364901651,3
11.49,0.026454580949318206,0.02470493298109981,0.00873623100309244,0.03723573953803062,3
11.5,-0.03206167370448081,-0.027863500339943163,-0.024479059498815438,0.04902601274704232,3
11.51,0.033884287699666754,0.021800679300479985,0.020299565010827796,0.045116370759459234,3
11.52,0.0676485468872048,0.04436756230283282,0.023852171755548685,0.08434294622612072,3
11.53,-0.06961571066525044,-0.05079439295794987,-0.032139383302231705,0.09197476548729146,3
11.54,-0.025403123605324786,-0.013815851853950432,-0.02267455015173201,0.03674685940241867,3
11.55,0.034281390604380256,0.026880077151668076,0.019129503996375266,0.047578253568169734,3
11.56,-0.017261579334881233,-0.007286385736874454,-0.008250098861396292,0.020472363553428283,3
11.57,0.059704884764615225,0.029649006861949496,0.023765768296847158,0.07077110014261002,3
11.58,0.06437900627025964,0.04348843002154062,0.02896401163282313,0.08291449791170949,3
11.59,-0.08406818436248698,-0.06357971038863508,-0.045379209191351993,0.11475675065955945,3
11.6,-0.023147638420998845,-0.012237407465049161,-0.005518367395792398,0.02675854414294409,3
11.61,0.048631628652652324,0.03206143232403499,0.023708494541781856,0.06288929528557186,3
11.62,-0.01857081271073137,-0.014050623186277323,-0.0052590882786679,0.023873690669493013,3
11.63,0.03052171745254714,0.014192248011505895,0.00692100888348971,0.03436416016489501,3
11.64,0.06636250135710665,0.050645262861694795,0.03014777139482018,0.08875704116731518,3
11.65,-0.05920743023551585,-0.0436319288452931,-0.038364384355203104,0.08295234171985713,3
11.66,-0.06747518138509825,-0.05423491682903976,-0.03259649642070186,0.09250328580817872,3
11.67,0.052587810899924155,0.038619792430987565,0.03311633553750197,0.07316869482293067,3
11.68,-0.04619873804906652,-0.02765644206700378,-0.016328172802275075,0.056265543738532896,3
11.69,0.024010285880336865,0.022919903202263454,0.009813855031508438,0.03461397898878564,3
11.7,0.0484468122594809,0.04047904393744126,0.008126961884302699,0.06365291922342288,3
11.71,-0.07268188529669903,-0.04674256436824224,-0.035070227121211835,0.09326009116623876,3
11.72,-0.07045671350540433,-0.05633279316699048,-0.03156917352519803,0.09557271985792608,3
11.73,0.024044612149288744,0.012484146941994796,0.01496917165681194,0.030952760755224143,3
11.74,-0.021020453417321363,-0.007048139133648596,-0.028949618737817994,0.03646390204273356,3
11.75,0.018919557568027955,0.019247263021081866,0.010794104161891093,0.02906749863731628,3
11.76,0.062460980941048606,0.052625260640723176,0.0215689031724851,0.08447490622478443,3
11.77,-0.06185927316167597,-0.04184740058473285,-0.02917591472073037,0.08018109884244089,3
11.78,-0.04818167983526636,-0.03693607619473188,-0.02027687006685091,0.06400702661520145,3
11.79,0.047810341048221246,0.02891525313354651,0.024728079091861532,0.061101542292299464,3
11.8,-0.000783701587106625,0.002114781516015054,0.005874685367791157,0.00629272732673615,3
11.81,0.003655459993576677,-0.0033388414501281443,-0.0011094082019235604,0.005073562510921559,3
11.82,0.05533851647920171,0.03872453861186734,0.022732725141013516,0.07126512533601377,3
11.83,-0.040711075286887,-0.02434937416193892,-0.01702771035010991,0.05040066063912179,3
11.84,-0.049687053628221824,-0.0345776283231142,-0.025428431554574638,0.0656583643569569,3
11.85,0.017401430428200672,0.00604296493290393,0.0068596098238108486,0.019656588032075584,3
11.86,-0.0035454259076216138,-0.010081054664197162,0.005973696796163454,0.012242661533402751,3
11.87,0.0028477071848726308,-0.012443329409189161,0.005002942021489649,0.013710408887657363,3
11.88,0.051473017701845654,0.029091031342020603,0.029876397328041943,0.0662446886412788,3
11.89,-0.03698646946895104,-0.030417311350215942,-0.015969584535622892,0.050480088983618374,3
11.9,-0.056041908287934185,-0.03491164480209857,-0.026125231871964333,0.07100736699600277,3
11.91,0.059129609478127926,0.03706336811614399,0.0376689992715648,0.07930294748160288,3
11.92,-0.024047229980746706,-0.020813064728275776,-0.01845956173162907,0.03677238573242352,3
11.93,-0.022492576647579525,0.0003286413647489231,-0.005185519887293884,0.023084922046552037,3
11.94,0.06969462829472345,0.04989677623077293,0.0335819893094559,0.09205856558378424,3
11.95,-0.03948862377935989,-0.024290205747331053,-0.0133914079455659,0.048256557171021515,3
11.96,-0.06977208036321136,-0.044694086094269767,-0.023315919906883836,0.08607750374584898,3
11.97,0.0411294084843707,0.0256143311924365,0.0077737850814803035,0.049072945083855485,3
11.98,0.008405064053485282,0.005013743210765992,-0.0025496503248764184,0.010113527550060609,3
11.99,-0.010632083042756807,-0.0175738645979389,-2.854501949621415e-05,0.02053978387308165,3
12.0,0.05696481130258702,0.03618262859846154,0.024449022326494436,0.07177692548274114,3
12.01,-0.031151752876436345,-0.021340314173049137,-0.016462119798278115,0.04119274334797165,3
12.02,-0.05502374733312966,-0.04329988983646673,-0.029261980404564604,0.07588647262607066,3
12.03,0.043819446348038596,0.024801083630037996,0.03450147348200362,0.061037605620651365,3
12.04,-0.0069102351788421276,-0.012606397720876808,0.007791240952300816,0.01635163751129056,3
12.05,0.01795910723189236,0.007445743825164803,0.015434973628091393,0.02482351797341515,3
12.06,0.05770466232896032,0.03283689706993673,0.027797066768119265,0.07197754361321476,3
12.07,-0.04442209112576494,-0.027934795817809863,-0.01358822084392258,0.054206224209694814,3
12.08,-0.042451356629941726,-0.014310452656362499,-0.019573881257308932,0.04888807178062682,3
12.09,0.022963431612794995,0.021113712377566915,0.008721744496339516,0.03239099981256466,3
12.1,0.009616482780497981,0.012043969146314622,0.004103660777855951,0.01594910548102012,3
12.11,-0.04032415642648906,-0.033144040557987864,-0.012705310148246865,0.05372141027542601,3
12.12,0.054834714414076724,0.04367266004577115,0.027915056430204727,0.07545460566359329,3
12.13,-0.03977463714331101,-0.018462722231426622,-0.007517622227195283,0.04449054411925855,3
12.14,-0.04578029933229879,-0.033537531840718164,-0.013819550853173636,0.05840874792961679,3
12.15,0.014324730335280676,0.02151390787535166,0.017529445650857654,0.03123023528688186,3
12.16,-0.022790165703404988,-0.02233095226541668,-0.015103058595684213,0.035301068833870256,3
12.17,-0.03724752216484621,-0.025851125733856496,-0.020333585624770348,0.04969017320847488,3
12.18,0.05345040267977577,0.03589034023352375,0.014110497079994112,0.06591030417584794,3
12.19,-0.01328669656890728,-0.007005545611384032,-0.0028749723976354753,0.015293117449184794,3
12.2,-0.06563366298869901,-0.042235089429518036,-0.019880833950307555,0.08054084712115465,3
12.21,0.07915616922966666,0.043499154875958006,0.037697622425934905,0.09787229607302854,3
12.22,0.02001508235904225,0.013253796440967639,0.009864123873712086,0.025953180570669705,3
12.23,-0.007914138207250645,-0.008982414002869017,-0.0039099199784198855,0.01259384052305129,3
12.24,0.0642014908230912,0.057189117819027226,0.027444039084163135,0.09025298832769536,3
12.25,-0.023612061249194398,-0.025966502792388452,-0.009560102827397315,0.03637559992320725,3
12.26,-0.07129065256294871,-0.044225371612719284,-0.023585559793271937,0.08714653904714856,3
12.27,0.05498714877227906,0.04357404696741834,0.027343246980903724,0.07529898574803136,3
12.28,0.011842478430144115,0.010362332162420891,0.006035542566804496,0.01685378287769485,3
12.29,-0.009922254586587655,-0.016934152261838406,0.0027419777660974065,0.01981754502903826,3
12.3,0.06687743954184236,0.03798235062402721,0.03392629783935395,0.08406095742783253,3
12.31,-0.016984668180192244,-0.008511779505684955,-0.0057702609243232145,0.01985510651392746,3
12.32,-0.0689548626946543,-0.049961207207420366,-0.026848626945766133,0.08928462400511267,3
12.33,0.02754773939492481,0.009910424128605757,0.009044390781770679,0.03064140102529455,3
12.34,0.0017807678803580737,-0.0014248042572993433,0.0012016043818971717,0.0025778003231297425,3
12.35,-0.024975874386799282,-0.01501682767611707,-0.012879488517133568,0.03186189949300493,3
12.36,0.05343679761208877,0.047525775887566755,0.01881578833463509,0.07394744487407491,3
12.37,-0.01940883107124051,-0.022156540345425652,-0.006514585656853818,0.030167115041231755,3
12.38,-0.076052319273153,-0.05615111813151259,-0.02498693327542461,0.09778164535716916,3
12.39,0.029115340924686123,0.020327784978830678,0.012955397286572202,0.037798997845964105,3
12.4,0.0021334552766365655,-0.002645758257325416,0.001495723551561461,0.0037133350395984546,3
12.41,-0.014219178675378679,-0.01632050563028162,-0.02039583411987654,0.029741116247980974,3
12.42,0.05737331573796618,0.03205117958001086,0.04103870533507399,0.07748000262530644,3
12.43,-0.02013833127560597,-0.015234694645171581,-0.006953339134823452,0.026191548877863957,3
12.44,-0.05496026725200816,-0.04524005113083535,-0.030343871083254245,0.0773824509501341,3
12.45,0.05178462750793392,0.04121064023836772,0.018489739745209212,0.06871560951368479,3
12.46,0.025463905714161704,0.026493967144830516,0.005933213977034186,0.03722289372668855,3
12.47,-0.023649665711171792,-0.01338304386441336,-0.025972134473309396,0.03758941766543681,3
12.48,0.07895942377640344,0.04490470724705198,0.02660714524998129,0.09465180143240122,3
12.49,-0.02445065623246709,-0.01653393490511875,0.0028167086597706455,0.02965028568697126,3
12.5,-0.07040863159214848,-0.06182388149971052,-0.03256675095139064,0.099197585625352,3
12.51,0.042019709762253374,0.04171439531293329,0.02363669935732179,0.06375296339258356,3
12.52,0.022431050159332104,0.0159943017807127,0.01878505411944905,0.03334438421943959,3
12.53,-0.016507507687374065,-0.02658549701131692,-0.007716312636962105,0.03223085388410918,3
12.54,0.09279211804669205,0.08438227780407326,0.03804973367517336,0.13106688449698745,3
12.55,-0.011264124551578093,-0.018612855597212086,0.0027315700438038416,0.021926704501596683,3
12.56,-0.06011022353903128,-0.04771494184799576,-0.030495023351089466,0.08258269248851977,3
12.57,0.04511125220205878,0.026312616556913863,0.025145218126809886,0.057962581550115404,3
12.58,0.028873436080030915,0.018264739046754002,0.010469923700159808,0.03573367187682815,3
12.59,-0.03629462887922301,-0.03439368551485997,-0.02189645422192358,0.05458644883364746,3
12.6,0.06877067138672642,0.04807549625548538,0.02904529959441828,0.08879351334259623,3
12.61,0.02152999005329731,0.010625578510213365,0.005061600438029205,0.024536975962127987,3
12.62,-0.08719858924818773,-0.07238644821349292,-0.047428023067197775,0.12285279493728052,3
12.63,0.05159599772776275,0.052750245524216116,0.030049126273806105,0.07967236267494221,3
12.64,0.03010601794982379,0.01510185480638344,0.021861067778190378,0.04015401125405571,3
12.65,-0.037119745717400815,-0.02793352935593664,-0.020337179812095915,0.05071250799470474,3
12.66,0.07260496569949365,0.03887768999515025,0.02687869819444034,0.08663382849794568,3
12.67,-0.015411658357148191,-0.007980580239036625,-0.005995401719035655,0.018361745996548728,3
12.68,-0.09681360003121132,-0.08522885030586395,-0.03446216588111405,0.13350831791570197,3
12.69,0.040998187836799774,0.030677508184144612,0.019359536916291043,0.054742603006278506,3
12.7,0.04057304110484576,0.029470825766009137,0.02537185620362663,0.05619993169963358,3
12.71,-0.04493364644476808,-0.02198099238989597,-0.02172558089684958,0.05453620333845801,3
12.72,0.0436208169135077,0.030692503927428897,0.021295322060762664,0.05743079493798255,3
12.73,0.010382893415123946,0.01800964595641545,0.005909734915798954,0.021611959418809504,3
12.74,-0.06457146345517374,-0.05298807586334137,-0.02904129272512273,0.08843419451540409,3
12.75,0.01745562147829123,0.00932540868135422,0.020553582594718192,0.028532643160870348,3
12.76,0.021141716904381377,0.013662961796884214,0.011772307542989757,0.027789133552791032,3
12.77,-0.0202690406607334,-0.018886829971598774,-0.010030844912928721,0.029464626339897368,3
12.78,0.056882903479213556,0.038123201444999255,0.027005754724468044,0.07360946939680824,3
12.79,-0.011669369496349037,-0.01222701660626012,-0.014460319624881639,0.022243537560060433,3
12.8,-0.09311930447627355,-0.0692212791380375,-0.04263259605774448,0.12361362626455812,3
12.81,0.0262674291817045,0.01664862406707509,0.02429482767951508,0.03946382104054276,3
12.82,0.04668542901329846,0.03562756451140415,0.02336879727577651,0.06320564311267099,3
12.83,-0.06754768112984814,-0.06802553224678355,-0.03602220704752536,0.10240977328386494,3
12.84,0.06857209270724623,0.05560609658968805,0.02420872931422415,0.0915436095596097,3
12.85,0.02834195124700748,0.006549848769105122,0.017076231640014438,0.033730763501725346,3
12.86,-0.06990217338467268,-0.05145017739084099,-0.03683776172894718,0.09428921087085484,3
12.87,0.05093666064940737,0.03733846263327763,0.021184458554717938,0.06661445394346573,3
12.88,0.006245037123741335,0.011843105100296483,0.0037608042096703327,0.01390695061460456,3
12.89,-0.035307348055075634,-0.02283359627629814,-0.007660407521910733,0.04273948746759811,3
12.9,0.06591056926901868,0.04320243257822453,0.025731454410353558,0.08290211739222497,3
12.91,0.007133633986626781,-0.004567720048490035,0.008024161152907945,0.011667903089431771,3
12.92,-0.08545148896396663,-0.0537998933222671,-0.03658087003881659,0.10739900158028948,3
12.93,0.023116965285636813,0.026491254245589308,0.005669539793689123,0.035613541202666375,3
12.94,0.04963933971466284,0.0339022904245607,0.02447212040749212,0.0649023421809857,3
12.95,-0.040451510190518604,-0.02381379143387491,-0.03366944093275813,0.057767227663046226,3
12.96,0.06125873637529869,0.04783211418559849,0.02219730880004283,0.08082861156624511,3
12.97,0.011250836471726127,0.005548623129196583,-0.007294758654665095,0.014511445268242216,3
12.98,-0.09209661915561046,-0.06487495896983643,-0.0356418871526869,0.11815621727626686,3
12.99,-0.011315070667096791,-0.0034649325938289482,-0.0024985569529283433,0.012094600817232414,3
13.0,0.059390670893091344,0.037186465142312254,0.03615592552555777,0.07885008515861966,3
13.01,-0.0403820950564268,-0.022936621766045953,-0.019189869868762942,0.05024990870404641,3
13.02,0.04519606103223506,0.0322743375409436,0.031814045465780066,0.06400351775828418,3
13.03,0.0198971648490371,-0.0025520189213313147,0.001457201754396618,0.020113015849384876,3
13.04,-0.06371788376688638,-0.05371131932190364,-0.036206010197865915,0.09086115621913422,3
13.05,0.03202027157753779,0.02038678450402382,0.026662383983831167,0.046387514419443054,3
13.06,0.026362383821696707,0.018496746073364052,0.019454494458089645,0.03762422425359499,3
13.07,-0.06793809712756244,-0.034505756030031504,-0.03297849399684028,0.08302899076116603,3
13.08,0.03702535648863523,0.031601799641900456,0.0054626356994697135,0.048983580437759584,3
13.09,0.032183269532181286,0.012428587039589392,0.011145091431289984,0.03625528480916253,3
13.1,-0.08487240286649701,-0.07066417968464968,-0.03694893454346914,0.116455892176974,3
13.11,0.011217126700950729,0.013016173637402942,0.0017471619462542383,0.017271284910238844,3
13.12,0.044042794117511254,0.029471099660495253,0.014597328695139071,0.054967221449790035,3
13.13,-0.04836639477662433,-0.02775039997305132,-0.017513369244882587,0.058447505889132674,3
13.14,0.036429227942124304,0.02388154877104279,0.013751897621118819,0.04567856946473564,3
13.15,0.021601357471719592,0.033486266187755895,0.005018831332886686,0.040163880984862815,3
13.16,-0.08898822264114296,-0.051073264658486286,-0.04167758227854185,0.11074476509655,3
13.17,0.003525714770090848,-0.005097566547780668,-0.004052276867438068,0.0074051871792320655,3
13.18,0.046871961038070314,0.03937511296097636,0.021097327896434225,0.06474934359986742,3
13.19,-0.03854053227322755,-0.04061859218756453,-0.02011686762328748,0.05949731945370518,3
13.2,0.058907145471912316,0.02598598770458219,0.033331302529330156,0.072500338433234,3
13.21,0.010263013106289586,0.008239110665086372,0.00265357384244697,0.013425864467837095,3
13.22,-0.10601183594125388,-0.06777635598305709,-0.03269503232677067,0.13000426504090543,3
13.23,0.031161459116477802,0.024726454983612298,0.011894335973855566,0.041519987218007155,3
13.24,0.028991594843277093,0.01750921241899067,0.020859185809198183,0.03977676110133558,3
13.25,-0.06289352949482031,-0.03042732315421166,-0.03293946663514097,0.07724264695654999,3
13.26,0.05688769934698754,0.03215170443014014,0.021773110607446026,0.06887677968866153,3
13.27,0.023828247537321306,0.020794302924240476,0.023189266053333886,0.03921645668462716,3
13.28,-0.08310962580057847,-0.051931813962891156,-0.02941646831899008,0.10232033918312948,3
13.29,0.02117053136272572,0.01964684741443131,0.005753216964101546,0.029449779573744273,3
13.3,0.032632399907120954,0.011681304045188355,0.027134228738871596,0.04401809579193319,3
13.31,-0.052768545815750315,-0.0539862610918892,-0.013541669032917949,0.07669688790549235,3
13.32,0.07330218057491322,0.055272567399609014,0.03516029753029133,0.09830825451812333,3
13.33,0.04009990911410541,0.029436206192442714,0.01504004749663191,0.05196822081488321,3
13.34,-0.1247817129893374,-0.09173286050464619,-0.05946777674910142,0.16589698630294408,3
13.35,0.038671127065663835,0.02897361617321589,0.014731960917250554,0.05051689989645993,3
13.36,0.0583467160237654,0.0483987544257441,0.017097979035017773,0.07771177251744625,3
13.37,-0.03765084994368558,-0.022193717746313117,-0.02111933453453544,0.04854043572184497,3
13.38,0.06123585684251186,0.04989397239542481,0.024859621131899524,0.08280845009691706,3
13.39,0.023665546688557235,0.021258335246957583,-0.004985844019827787,0.03219989997081317,3
13.4,-0.1036118426364074,-0.07864081240762928,-0.04524956908651902,0.13772187485348594,3
13.41,0.02477881073139411,0.004804194161113469,0.009031719203128136,0.026807493254015418,3
13.42,0.06806828531691991,0.04416295475133309,0.02966820101318051,0.08639363512268941,3
13.43,-0.049739364990971924,-0.034788480736470936,-0.01695633047106525,0.06302190067509,3
13.44,0.04764390937503149,0.022149366110892826,0.024472119022858195,0.05796051353395275,3
13.45,0.062431829882690804,0.03771125811975596,0.03190082617408969,0.07960863698158378,3
13.46,-0.11401738008415718,-0.08427111743709259,-0.054185548759250274,0.15178161248877448,3
13.47,0.04137697959914407,0.02853126060947185,0.015963660684154227,0.05273448335911139,3
13.48,0.0443674468049504,0.011583511369706461,0.01885034061651791,0.04957805374357657,3
13.49,-0.0652573894274308,-0.05735901763058607,-0.04258673235706027,0.09675853218854204,3
13.5,0.04938083330244284,0.05004547093663343,0.01540785820591618,0.07197512037785479,3
13.51,0.03860486381642594,0.03030792496875149,0.0160346336200656,0.05163347074840118,3
13.52,-0.09466800225266597,-0.05580062957099917,-0.04461668319794253,0.11860180998035487,3
13.53,0.008345568599731509,0.0037748129572639957,0.01007800516340122,0.013618513729063622,3
13.54,0.032658394668043,0.019996417861191537,0.019693811249175665,0.04306127809402779,3
13.55,-0.0359460688460198,-0.041943259454298214,-0.014301174977677997,0.05706032321040195,3
13.56,0.03358519193889603,0.02609268268646185,0.008905093058984011,0.0434522023577406,3
13.57,0.03620731819018517,0.011884292731682709,0.010805506470970873,0.03961016630048192,3
13.58,-0.13006682704993366,-0.09681149688398652,-0.06103623140786236,0.1732491471039024,3
13.59,-0.0028171729455574307,0.0036525485890265006,-0.003948135936905946,0.006071684443107069,3
13.6,0.0491534128611361,0.0332388847634327,0.0244914300888539,0.06419276909443365,3
13.61,-0.05955712387319063,-0.05690113014445425,-0.030561835391618903,0.08785678914157462,3
13.62,0.06012187722979564,0.039288488310828366,0.023554921860459207,0.07558478536873049,3
13.63,0.07450482053106336,0.05235693809801535,0.03018254170942498,0.09593332618754835,3
13.64,-0.11983288120696318,-0.07127763044681028,-0.05792407895909253,0.15098218088149803,3
13.65,0.019064864922962874,0.0022209144906623277,0.0017753240394506407,0.019275718174706368,3
13.66,0.04934175121047383,0.02341877291479662,0.024012356187373053,0.059662723597070054,3
13.67,-0.05384727150598528,-0.0452231350064704,-0.023562667131362947,0.07416104011403936,3
13.68,0.0474120654096384,0.026033259319412045,0.019673358652055186,0.0575558474688018,3
13.69,0.06002517038638252,0.03546514812828234,0.03388421438159939,0.07751733867937835,3
13.7,-0.10870664097753645,-0.05962238780648725,-0.04919311150969859,0.13338637539258574,3
13.71,0.002937411308645087,-0.005838508958816907,-0.0002794604603951871,0.006541763539540818,3
13.72,0.046411637119702844,0.028740696912859406,0.028387889859471452,0.061529992766465584,3
13.73,-0.051841812559291024,-0.04806104848231282,-0.03814128804818889,0.08032556109126661,3
13.74,0.06043842756879182,0.03912070881183681,0.02907486200563912,0.07764393721067717,3
13.75,0.07135557297019224,0.05938105820255388,0.03305660984086025,0.09854170346269837,3
13.76,-0.10359896178371915,-0.07489056113567674,-0.049619802754150594,0.13712573009921167,3
13.77,0.005474341331541323,-0.002081381474499446,-0.0011473210750501924,0.005967990240094687,3
13.78,0.06227862742223465,0.044175299835933726,0.021880183861454666,0.07942812471035197,3
13.79,-0.030215583185097147,-0.023858956949175687,-0.012491283090892666,0.04047546722614781,3
13.8,0.047123394958636745,0.01890831077265122,0.020343611062271713,0.054699187194654116,3
13.81,0.031334607530487835,0.015360044487329933,0.006845230648100147,0.03556185847742141,3
13.82,-0.09431408412591934,-0.06805461402465247,-0.03318453119694077,0.12094540117472906,3
13.83,-0.0013645833657349535,-0.00729855930271632,-0.0009185929908240899,0.007481635432183167,3
13.84,0.059834182632756784,0.04209125364418191,0.03127797115944097,0.07956201684547579,3
13.85,-0.06057107543588512,-0.05085702779413788,-0.031265314487709486,0.08504594255770687,3
13.86,0.06505715923198419,0.04509567621937196,0.018523107276235882,0.0812967372296399,3
13.87,0.04554304736189408,0.036456291238605866,0.016199492954498993,0.0605446439073238,3
13.88,-0.11759627272221906,-0.06768997871433073,-0.05663136225964071,0.14703036342159986,3
13.89,0.00817383321432081,-0.004233412888879083,0.0010848439924695543,0.009268776650198174,3
13.9,0.06318628300964899,0.05467959580911628,0.03609881658872501,0.09102466213906092,3
13.91,-0.06773030942446705,-0.054294249735096584,-0.01671405129675229,0.08840033868589843,3
13.92,0.03163249386181406,0.02635600470076392,0.01590391490743794,0.044138284528144285,3
13.93,0.026328908834837513,0.020975096220674814,0.016069746216642786,0.037301512641809274,3
13.94,-0.11493120809437246,-0.08382767180233298,-0.04614357814784963,0.14955096441721233,3
13.95,-0.01536305758717906,-0.02091924044920031,0.001419004973223348,0.02599330172395325,3
13.96,0.06504053813843642,0.049645850344241044,0.027481499092252427,0.08631462709238599,3
13.97,-0.057152101846115334,-0.04355750625959655,-0.01918951278714685,0.07437645123284388,3
13.98,0.0513804552331575,0.030712056817642268,0.026714372698479285,0.06555028087361521,3
13.99,0.05899302832670067,0.036706870304388246,0.023126027714408526,0.07322830652517971,3
14.0,-0.10021174634526266,-0.05991895499940551,-0.03616624712219968,0.1222320445083533,3
14.01,0.019431721425575053,0.006789930116957049,-0.0019128741568394461,0.020672543048551553,3
14.02,0.04638006648479195,0.040300842094014674,0.026556734897627984,0.06693675081032331,3
14.03,-0.031476212221829905,-0.01811072497161409,-0.015417255094039807,0.03945176864813309,3
14.04,0.03469360243780553,0.019708243595306128,0.02880607602161965,0.04921230467563739,3
14.05,0.05181866207791862,0.030236712717516274,0.03330233198560224,0.06861834923099212,3
14.06,-0.09905028132279363,-0.07893643525687792,-0.0495734258930374,0.13601265969004617,3
14.07,-0.013771967838906066,-0.012327836507827303,0.003909827512478757,0.01889257532198611,3
14.08,0.05981870604094986,0.02721541687136967,0.03063949524079019,0.07251024187317547,3
14.09,-0.06639951641266083,-0.043571025337743076,-0.032987514981934786,0.08599712886777579,3
14.1,0.047995409716143446,0.03636190246148171,0.021514783474530896,0.0639424210707941,3
14.11,0.06943742456417562,0.055839029174013684,0.033817224676716016,0.09530560211255905,3
14.12,-0.09943971471913884,-0.07904995982887487,-0.0470367983828387,0.13546074492072702,3
14.13,0.005692016363133788,0.005597910015078805,0.008010948087233481,0.011309771707309223,3
14.14,0.06104123340454761,0.045448467235408053,0.029822247715511944,0.08173715072353438,3
14.15,-0.04369410274342238,-0.03209419042951983,-0.017630982286447616,0.05700932564295128,3
14.16,0.06057339802470118,0.04824171750088074,0.031760557280463925,0.08369667170478935,3
14.17,0.04932991682710079,0.02561732872288951,0.03136585786773474,0.06382401793090278,3
14.18,-0.09822012295435795,-0.0558201317690474,-0.04557567855420947,0.12182045041601035,3
14.19,-0.017804972405493856,-0.03277584521911328,-0.0014210896968569788,0.03732683442396611,3
14.2,0.07160827350438484,0.05799304169537375,0.03666739172245996,0.09917376334035362,3
14.21,-0.05454147606570039,-0.03281363112650003,-0.02679199099679368,0.06906024747062273,3
14.22,0.060392449485681614,0.0475820943386706,0.026079046810806278,0.0811875627118771,3
14.23,0.07080172075300153,0.05145856702355709,0.02685334822471534,0.0915530998523903,3
14.24,-0.10085763540057298,-0.07898076958141617,-0.03989807007117251,0.13417183228111576,3
14.25,-0.003478566628435899,-0.008229258463222587,-0.009461326911657646,0.0130129868812754,3
14.26,0.06710215004644572,0.05188555470486592,0.04328898203152708,0.09522996006096623,3
14.27,-0.051499814770070644,-0.025541703888301813,-0.024763405566547023,0.06259261788839456,3
14.28,0.04229001639922782,0.020505280422950432,0.025985156207758372,0.05370419308966847,3
14.29,0.043060654119659224,0.02932836059934237,0.0033184583569217906,0.05220521846065398,3
14.3,-0.10240054229312477,-0.06766223825337388,-0.053503471782671626,0.1338905188584371,3
14.31,-0.025140341080532667,-0.01510262825987692,-0.016914028603953413,0.03385573058755202,3
14.32,0.06967002924560384,0.06584472832442242,0.030482363517286136,0.10059133018705076,3
14.33,-0.04638796101859728,-0.039448486422833585,-0.025598426079746887,0.06605532095354358,3
14.34,0.04429778959237811,0.03372434906701323,0.018253024166857396,0.05859009109056103,3
14.35,0.055847385680572154,0.04854573978184812,0.03016690378645114,0.0799103336395393,3
14.36,-0.10633163885286998,-0.06385694687558513,-0.053999823670436764,0.1352778919182537,3
14.37,-0.018042257817197503,-0.0006555022241817188,-0.017000734944107206,0.024798744705083753,3
14.38,0.062423509402004744,0.035462000330229074,0.025340927481564975,0.07613416184019678,3
14.39,-0.056126387199665895,-0.05516144547918081,-0.025518871414366515,0.08272949417047362,3
14.4,0.028115112396643188,0.026217110963348826,0.010556229179450923,0.03986515303908309,3
14.41,0.046070794013849815,0.026598667401872673,0.009038207343879634,0.05396013677348292,3
14.42,-0.10137245595773174,-0.060215680304640286,-0.04405057714874033,0.12586801153823807,3
14.43,-0.0023691376223798997,-0.006633795628453309,0.001115964063891528,0.007132000652394769,3
14.44,0.05739520484901207,0.03724210681795171,0.01846861043449356,0.07086800146244332,3
14.45,-0.07195564977857849,-0.039852771800118626,-0.022484326834545033,0.08527252727820617,3
14.46,0.024354992036600534,0.0127182976830355,0.00960751233913432,0.029107130164339457,3
14.47,0.058000982180752246,0.03816581120613587,0.018830302275211694,0.07193972034092284,3
14.48,-0.06750609992804418,-0.04569116654397688,-0.03189855537070997,0.08753441644509187,3
14.49,0.0017214913430843512,-0.0040741093096610835,0.003706157447464359,0.005770398784900139,3
14.5,0.06625026852976566,0.050613976643144314,0.032660307428959374,0.08954087554437334,3
14.51,-0.051925734096345925,-0.04524942659913099,-0.010832561537514922,0.06972185352139323,3
14.52,0.045829497420601294,0.037408249814563206,0.01946912226691642,0.062279745582796094,3
14.53,0.0815662475210005,0.05774782147158018,0.03471935894239522,0.10579838138998865,3
14.54,-0.09876168375291769,-0.08370448596690035,-0.03582400778483344,0.13432673107934306,3
14.55,-0.012954304215690632,-0.009965894776031917,-0.010736453636366432,0.019555165381183723,3
14.56,0.05001640797910703,0.031581826492443184,0.02777336067605717,0.06534839244368316,3
14.57,-0.05046484021213546,-0.031208097091509502,-0.015219467306801425,0.06125583732847218,3
14.58,0.017334785104956354,0.007099339533511731,0.004915609305970105,0.019366430009065665,3
14.59,0.065549199254027,0.05742914139091836,0.03233277209057649,0.09295274043729636,3
14.6,-0.07943580742845385,-0.0634748999411682,-0.04670606779727976,0.11189534035622668,3
14.61,-0.01449274393614784,-0.007326516117385719,-0.019142963439445337,0.025103197295583756,3
14.62,0.04569759004261231,0.034199000312979684,0.018787034797920127,0.060089882963840976,3
14.63,-0.02445820263701189,-0.013184085207851089,-0.013392146871598348,0.0308443410827898,3
14.64,0.03410172481535549,0.023131009276809843,0.014812748593065183,0.04378799774398745,3
14.65,0.07148850130158886,0.074009345365328,0.017803620990669275,0.10442680661655353,3
14.66,-0.08508620273597868,-0.05603338146315738,-0.030448566718678342,0.10633210686074823,3
14.67,-0.0180528787185418,-0.0209482639730304,-0.00698988058815257,0.02852358014252024,3
14.68,0.08365280286918547,0.058013128441168765,0.040298763045884,0.1094865507833298,3
14.69,-0.048771601903872974,-0.02289211100881742,-0.011572712075213131,0.05510576706194797,3
14.7,0.020895146722696406,0.02215127564359606,0.01407358187338521,0.033546264709330295,3
14.71,0.08162067648249152,0.0653883964587281,0.047880571675940536,0.11502228638363189,3
14.72,-0.0858317379725594,-0.060418136550288264,-0.03959673678065023,0.11218440190719685,3
14.73,-0.01887230492440558,-0.02667138094010295,-0.005989557665060916,0.0332174841828053,3
14.74,0.07780522677731838,0.0496144035437923,0.04240267227242099,0.10155406918838138,3
14.75,-0.06350023341761661,-0.04222093609725867,-0.02805803587714398,0.08125355663787089,3
14.76,0.04210277911169048,0.04050961979053441,0.035679583380995986,0.06845952070196594,3
14.77,0.055358874018826956,0.05575894118336537,0.0320472069180608,0.08485686728704611,3
14.78,-0.04460642096442382,-0.029827914898515728,-0.017959546712929066,0.056586063801808716,3
14.79,-0.037008756528530834,-0.019790883025716688,-0.005212134258564474,0.04229058351755123,3
14.8,0.06966346593201533,0.05058118596023202,0.032788175640352774,0.09212230631409124,3
14.81,-0.040016634961232075,-0.02912633000011159,-0.018695365828349828,0.052907380169043824,3
14.82,0.01111004988794551,0.01533853554997651,0.005919115266021817,0.019842877988411455,3
14.83,0.05692086931903182,0.04394937026022988,0.020241290239782654,0.07470771272684097,3
14.84,-0.06724209803596506,-0.03984786821617596,-0.03175141863295324,0.08436530646454805,3
14.85,-0.009140178022216155,-0.0020939242841039873,0.00578261187970883,0.011016622592097512,3
14.86,0.04820136094952785,0.04202538566058289,0.019528911962161336,0.06686465912373474,3
14.87,-0.05478591939670757,-0.021743896536992085,-0.019932194337522257,0.06222207302768616,3
14.88,0.052017701487442045,0.04494443221002334,0.01782367726809641,0.07101779161643419,3
14.89,0.059914837241369805,0.039508432279561655,0.03090395476904237,0.0781393522062703,3
14.9,-0.0990650006422846,-0.07018756554878329,-0.042118457307488776,0.12850732724589425,3
14.91,-0.010005984897193327,-0.02240723622008433,-0.008218025701829702,0.025879333747634493,3
14.92,0.06331582320116828,0.037255202921138875,0.02287154988391969,0.07694122046360756,3
14.93,-0.05423903495970327,-0.03811264214981513,-0.025044746492075012,0.07086385349282158,3
14.94,0.023833770408822785,0.0016719223331792803,0.0024455855512291198,0.02401717770423996,3
14.95,0.057098737518562516,0.03814700399781237,0.01827052979862084,0.07105822963841067,3
14.96,-0.0649639301997575,-0.04082070823670327,-0.028795157654900382,0.08195000642047313,3
14.97,-0.03514982211268824,-0.01981642229513832,-0.01980518400615925,0.04494937041439744,3
14.98,0.06590336222276864,0.041198354588212686,0.03374128904436656,0.08472916947201269,3
14.99,-0.01719181020812178,-0.005284301197769248,-0.008979326498152215,0.020102499390405267,3
15.0,0.013636823429875712,0.011864539493004953,0.005795129155564374,0.018981932793273548,3
15.01,0.06792309339469124,0.0624104542138951,0.036462348527201774,0.09918726869718603,3
15.02,-0.08306612200425537,-0.055616659620219354,-0.04302132086799269,0.10883026923316858,3
15.03,-0.015251113698518752,-0.022076850479687948,0.0009612486256993687,0.026849726163744266,3
15.04,0.044501533852034945,0.017849865659546296,0.013643949223284827,0.04985139486168102,3
15.05,-0.029662940286211963,-0.014603002801680073,-0.003496323627011374,0.03324698476785603,3
15.06,0.008552526961173559,0.023091291191989466,0.007541758927913488,0.025753282782232125,3
15.07,0.05220563962594297,0.034234685835964396,0.021978090459720052,0.06618518703831429,3
15.08,-0.07780929756644533,-0.05519754721926251,-0.03303713996293826,0.10095795473233955,3
15.09,-0.03554631126469017,-0.040538755227264946,-0.018867092931333772,0.05712178319679739,3
15.1,0.051761700768224145,0.04177271672472192,0.03736495062995039,0.07629136952868043,3
15.11,-0.01042430437854511,-0.01845065676009789,-0.009567849343077351,0.023251593444478733,3
15.12,-0.006394933365597558,0.0028743583897167446,-0.01710433973708995,0.018485549673860454,3
15.13,0.08453008943499174,0.05137649002536991,0.034857991995858664,0.10488069104081067,3
15.14,-0.05263270712526655,-0.030554479144046232,-0.03441228629574623,0.06991411519284532,3
15.15,-0.034111166890712766,-0.020588123366594116,-0.022460822243557266,0.04573763293242048,3
15.16,0.04148269937876273,0.04015523103609482,0.013514967546078204,0.05929512016247628,3
15.17,-0.017180147818784137,-0.02387753776323382,-0.023331646395190034,0.03754543929986856,3
15.18,0.038535129108047676,0.04042353943445984,0.015527761650355354,0.05796662917277042,3
15.19,0.03871521380686627,0.013805240684755712,0.018763455825304712,0.045183179668805556,3
15.2,-0.029726583196916748,-0.006914140341169892,-0.009999481211501059,0.032116424298476456,3
15.21,-0.04638117552235564,-0.026315381991916426,-0.017639285805615513,0.05616811529638706,3
15.22,0.04773020267153789,0.03276568755590701,0.018404071988092244,0.060749258380825386,3
15.23,-0.03032826624876317,-0.019206187605672807,-0.017986670392146492,0.04015223141739306,3
15.24,-0.011977480252251274,-0.003987823895970984,-0.014767361440903348,0.01942775685828463,3
15.25,0.04798884138967204,0.033932385320095834,0.020034870243702912,0.062094538383955865,3
15.26,-0.07119147626652221,-0.05451440979558724,-0.03322539102131571,0.09562412758758816,3
15.27,-0.04700211457280802,-0.027111269480270955,-0.023538206546667207,0.059146148434034235,3
15.28,0.005449709885990382,-0.0018388324672107986,-0.003963408516297473,0.0069849301894141505,3
15.29,-0.01886127090610103,-0.009683400357726793,-0.004103936169096031,0.021595325298808796,3
15.3,0.00718733804573938,0.009772956344002447,0.006203078771847032,0.013625222571952714,3
15.31,0.0748163032207887,0.03997608992695365,0.02079625312505206,0.08733871499807012,3
15.32,-0.05863140326372582,-0.04928539901921794,-0.020128053037627682,0.07919488950836867,3
15.33,-0.03267729023399614,-0.027107572188894955,-0.012348728911610709,0.04421670354905961,3
15.34,0.01426932100877109,0.004902431598364717,0.004204371332765381,0.01566282528574523,3
15.35,-0.0029051223737849644,-0.0065633376258645675,-0.009215601456228914,0.0116809437545861,3
15.36,0.026931972820317097,0.005731253485411409,0.001979223088677753,0.027606081767304363,3
15.37,0.06714428295294521,0.04601969153513905,0.01996052894835018,0.08381282394808352,3
15.38,-0.06400676988846898,-0.036585396072291054,-0.017990208444976383,0.0758881110399747,3
15.39,-0.04787930265987788,-0.03283853489560708,-0.028452362345831678,0.06465550185672286,3
15.4,0.06913175073027378,0.03900242753502467,0.03365558577800689,0.08621535110824718,3
15.41,0.0046597986682800525,0.005106611973776461,0.00308989899221372,0.007572231194417207,3
15.42,-0.004776898712211217,0.008226271039647784,0.003690543445381613,0.010203450761714009,3
15.43,0.06334453336903301,0.04234534455717809,0.025981088855104372,0.08050264027659898,3
15.44,-0.04109754311590688,-0.01559261260389125,-0.010186954197592277,0.045121077711006596,3
15.45,-0.031518805000374614,-0.025892330634585434,-0.003433626102706755,0.04093455316179133,3
15.46,0.05363500122040146,0.04224572735089875,0.03120910691359128,0.07506945577039248,3
15.47,-0.003804031878497904,-0.009787522621155212,0.005193310183323964,0.011714808075784667,3
15.48,-0.036392928612512164,-0.04190439998111713,-0.025210288141887596,0.06095886005307066,3
15.49,0.08889817801038168,0.07059073014578787,0.037066815655021144,0.119414764827823,3
15.5,-0.027718781427169582,-0.01694541924717423,-0.013881292738251397,0.03532942633775328,3
15.51,-0.03865093481374807,-0.023360412932390627,-0.01572826837379299,0.04782240144938836,3
15.52,0.03726133888401772,0.00578044187233118,0.016750788745734508,0.041260269112952185,3
15.53,-0.030227115074775022,-0.020079340200097842,-0.011587323685106052,0.03809362753530276,3
15.54,-0.011183566694744787,-0.01637343896856705,0.0038902044222690474,0.02020631975695318,3
15.55,0.09046899801819935,0.06191913033562607,0.03602599952924242,0.11539710111618134,3
15.56,-0.04530570954621051,-0.03427100387561173,-0.010333701971401644,0.05773988587243254,3
15.57,-0.06704184175679873,-0.03603686168795283,-0.0318285223567368,0.08250041685878672,3
15.58,0.036582971800987726,0.026867535810249775,0.014511998174363492,0.04765266411565723,3
15.59,-0.019168544827401872,-0.006976702257992372,-0.002603461084118636,0.020564179896443987,3
15.6,-0.013730150566769883,-0.008844250454809214,-0.01932247222193077,0.02530011330924924,3
15.61,0.05955113030340034,0.042097949030375816,0.024077415672972863,0.07680036704642632,3
15.62,-0.0358417839433827,-0.04510681971363134,-0.0097243654916691,0.05842792093800473,3
15.63,-0.07145136669343854,-0.03986345729060689,-0.030057986389131566,0.0871657936078682,3
15.64,0.05157825478860571,0.022708386633660278,0.02477132463696013,0.061559773511699965,3
15.65,-0.000996304990118402,-0.012587437115463389,-0.01258861279127438,0.017830013145752784,3
15.66,-0.006689268035970205,0.004902301490025428,-0.011295252732303506,0.01401290837202499,3
15.67,0.07746169934583538,0.047756974827875866,0.03473558061821988,0.09740433291768809,3
15.68,-0.049953957338130295,-0.04150607129134804,-0.02345918512592852,0.06905421909307782,3
15.69,-0.053058587250164164,-0.027740376464939716,-0.015834548886206477,0.06193121269464637,3
15.7,0.04881288641777653,0.04213354467128515,0.024341340894746905,0.0689233947477648,3
15.71,0.026360655198937894,0.014861197709107217,0.008046451128936715,0.03131269256446708,3
15.72,-0.008785243125355842,-0.0025847908627797066,0.0007318483709632326,0.009186797190207426,3
15.73,0.04735031421534743,0.029334534229280593,0.01657019618440471,0.05811315304068975,3
15.74,-0.02367652121335663,-0.009176606345877043,-0.004600157530256897,0.02580599174798164,3
15.75,-0.0243656732342186,-0.017387763522121593,-0.017953763700747683,0.034904985080647495,3
15.76,0.03071179115983138,0.012873285438007087,0.01698294343567776,0.037381224725160256,3
15.77,-0.004733633220381225,0.0057977125912537794,0.0020893822516306246,0.0077708605024996045,3
15.78,0.011412674470873779,0.017953472841933937,-0.00388400171325039,0.021625489473598637,3
15.79,0.06402361797533515,0.04800903601091316,0.034427895274319345,0.08711584913417486,3
15.8,-0.010837312896402097,-0.012494697266129184,-0.003996914255078884,0.01701587888265523,3
15.81,-0.04760245482771711,-0.02108184111343804,-0.02754389600750154,0.05889909963343373,3
15.82,0.0442024232298696,0.034843429661773874,0.018441309469205462,0.05922837753076228,3
15.83,0.00587297159532705,0.0014899126074835048,0.003836647144465616,0.007171575576440146,3
15.84,-0.018765246866117073,-0.017023171451392902,-0.013974476442514332,0.02893456148021295,3
15.85,0.04520484601622521,0.032509796086290066,0.02532722661658256,0.06117052683286716,3
15.86,-0.05179052468930815,-0.04601028836811076,-0.024634460219222356,0.07352592545220354,3
15.87,-0.04163023941299147,-0.022700503152070298,-0.013945240581681367,0.049425291216351114,3
15.88,0.030664303162360032,0.02709649311416909,0.01646496957663709,0.044109122080119904,3
15.89,-0.011721491600226433,-0.013526114872720192,-0.0024722491541117066,0.01806823634902442,3
15.9,-0.018055523913166546,-0.01990535377005541,-0.008878257236753118,0.028302800286401825,3
15.91,0.06804371419793143,0.0437605509228408,0.030644557418890297,0.08651024077136754,3
15.92,-0.0007257478159150253,-0.000634761616594582,0.005082855355434279,0.005173495024301669,3
15.93,-0.07533675249190278,-0.048722703665674355,-0.01663040786041969,0.09124745801458387,3
15.94,0.05783453065299246,0.04033713395674779,0.02942320340056051,0.07640446459499141,3
15.95,0.0027035922575077177,0.0056754923429972815,0.00845289881945794,0.010534330680317087,3
15.96,-0.02920800917717368,-0.02259945247428257,-0.022484276055655568,0.04323639348949152,3
15.97,0.056544664318653896,0.0607198781997091,0.03697929291916047,0.09083870747813308,3
15.98,-0.013332280369168045,-0.006732302586431577,0.006825931007964578,0.016421538663684024,3
15.99,-0.047934497075717855,-0.040407300759353094,-0.02194034562513789,0.06642171881778827,3
16.0,0.042879392528059106,0.030012867054482795,0.010653632590307655,0.05341267995312251,3
16.01,0.03367217039206167,0.04085580853070976,0.022469213644185287,0.05751415227053332,3
16.02,-0.0006943155703135577,-0.0026501743080540735,-0.006915742133960913,0.007438614604729295,3
16.03,0.05661977966152937,0.04233044958540331,0.02558837155884575,0.07518265205521851,3
16.04,-0.013953477584233457,-0.016674736422399306,-0.015287649481972905,0.026579288894435494,3
16.05,-0.06977887792874221,-0.048711224880445485,-0.03856838705273286,0.09343123521712131,3
16.06,0.047433154693265575,0.031523209458749354,0.013833969675362667,0.05860883564544087,3
16.07,0.040678292237335587,0.02169779330262025,0.02660399485509199,0.05322865990985561,3
16.08,-0.03577807101739231,-0.022273896439502526,-0.010754666729078731,0.04349551338674834,3
16.09,0.06493882582637273,0.05512681716295571,0.02826119033968746,0.08974804705196635,3
16.1,-0.03504603690489301,-0.011525335835724513,-0.02358356224904904,0.04378632751464925,3
16.11,-0.07570924584689565,-0.058503980755076644,-0.035716682547544586,0.10212877695878933,3
16.12,0.05326087046694214,0.051092341387797655,0.0277742852494345,0.07885783786346545,3
16.13,-0.0007789786962348784,-0.00957456329095945,-0.004285257301606089,0.010518673878524058,3
16.14,-0.02267819594874029,-0.018919980369506338,-0.0243103948723025,0.038252601578444796,3
16.15,0.044593562893484484,0.02860787605206476,0.016708178174316513,0.05555321450330452,3
16.16,-0.01659054080204115,-0.0021185654187783967,-0.000477850637483776,0.016732086085410255,3
16.17,-0.05845512599456738,-0.036870138543530086,-0.03164500557610714,0.07601194149060858,3
16.18,0.022440773192487294,0.008547373100568481,0.009422347827153722,0.025795862594083695,3
16.19,0.02431316229796926,0.019028321670897422,0.01811799673312411,0.035797607352447934,3
16.2,-0.034594138660183536,-0.011802615454152173,-0.01474499062448321,0.03941409531772479,3
16.21,0.07339857213545739,0.05292469697405369,0.032807805464335454,0.09625344690298124,3
16.22,0.011610996750924064,0.01418723535254305,-0.004748406439573944,0.018937799666640363,3
16.23,-0.07613793318824512,-0.04705935258698516,-0.02849898110827275,0.09393486818159458,3
16.24,0.051474837262225945,0.03706284331242932,0.02500816681084031,0.06818153439761492,3
16.25,0.019342011584992172,0.004027579013280571,0.017469992732318106,0.026373006103389825,3
16.26,-0.03699048185128647,-0.0343603923397502,-0.017398633627759428,0.053400793640590395,3
16.27,0.053894650698348395,0.03405896305839469,0.02608861533749933,0.06888586348981977,3
16.28,-0.011286607696863304,-0.0010376454641432562,-0.004800237952846568,0.012308797902967603,3
16.29,-0.06294272230481324,-0.04626423644748223,-0.0222453069068888,0.0812220385399865,3
16.3,0.041166858227339564,0.0362932997063119,0.018374962493743346,0.057875323468025035,3
16.31,0.022780862815399545,0.024674546672040734,0.005983641260961842,0.03411165382716961,3
16.32,-0.026013396770334554,-0.003636034854170538,-0.013557320506776934,0.029558729680334194,3
16.33,0.043211571053244024,0.03208336753891294,0.01450965368367,0.0557414782325206,3
16.34,0.017431422025847926,0.016649640874297312,0.007765626217568005,0.025325283130446293,3
16.35,-0.09594192505564499,-0.06710134621895243,-0.04203809471605489,0.12439712639420061,3
16.36,0.016999708760001977,0.012788509205274471,0.012492986599795143,0.024670038098895165,3
16.37,0.017393025612462695,0.011153171339612836,0.020410378368028337,0.029042970165129866,3
16.38,-0.04401059497366002,-0.04016484483855183,-0.009914957183936144,0.060402430470965156,3
16.39,0.07300528432427486,0.05368112636375375,0.038979156021153975,0.09864486540652267,3
16.4,-0.00555237050167754,-0.010137311906294678,-0.004938440049781921,0.012569093085767676,3
16.41,-0.0836573620672224,-0.07064256757121626,-0.03563337601972647,0.11514627248705628,3
16.42,0.022465793319048,0.00819019992376891,0.014108994575577028,0.027764275106315097,3
16.43,0.006494999938562909,0.001963555868721433,-0.004784365491304166,0.008302453192033349,3
16.44,-0.03678990528672865,-0.03276075122663541,-0.021886781722626404,0.05390542798377406,3
16.45,0.01890467850931149,0.022151784835905686,0.007277825285478305,0.030017581212393382,3
16.46,0.010178089554393735,0.0057787379038135595,0.013869507677385306,0.018148018127368076,3
16.47,-0.10185931372712348,-0.0723419471508807,-0.046860679639973195,0.13343388028106498,3
16.48,0.03921149070041266,0.022162600191268544,0.018142328159441636,0.04855786158009261,3
16.49,0.0493632452536612,0.029800986574280458,0.027961043667093045,0.06408313932483826,3
16.5,-0.031004244202926738,-0.021325362036195963,-0.022682497001632947,0.04393779574351257,3
16.51,0.08316445341179066,0.05787108591541264,0.029382049224075203,0.10549262397398668,3
16.52,0.03290959468623565,0.016445471645743195,0.012736910803400413,0.03893229837650266,3
16.53,-0.0974623458508207,-0.07791012778756105,-0.04888432392834693,0.1340096041205653,3
16.54,0.017763849697487358,0.002133845000357071,0.003575150281330558,0.018245255550267542,3
16.55,0.05015528307172537,0.04132706956541111,0.012675052691203021,0.06621280887859994,3
16.56,-0.03303973517391187,-0.02155032675758561,-0.015311648293289785,0.04231414960953775,3
16.57,0.036118967608423376,0.034620074265460266,0.014160546302192286,0.051996638687715695,3
16.58,0.002127149026724692,-0.005924434625628427,-0.007693578693691076,0.0099405654633556,3
16.59,-0.0920836661864028,-0.060399693545867,-0.03959551700847996,0.11702704613008198,3
16.6,0.040034398594746765,0.041822544432191425,0.011389734311638932,0.059005121314301294,3
16.61,0.026656408425880285,0.01412748836286757,0.010071562441584131,0.03180544619440243,3
16.62,-0.04147285897244811,-0.028581883466709323,-0.026304142851203624,0.05682279494172782,3
16.63,0.05777830020669887,0.037904228499092744,0.03552088434492087,0.07769681935273862,3
16.64,0.03346177933333827,0.02150755899925948,0.0219128468450808,0.04541407961321708,3
16.65,-0.09349354925576381,-0.06736760657780806,-0.037828874291070194,0.12128669299882759,3
16.66,0.029068594148488017,0.021778112582507052,0.011167346033711174,0.037999723299815075,3
16.67,0.019154466409868336,0.019661982229735163,0.01208794594786056,0.02999342537769893,3
16.68,-0.035983774108911605,-0.022664828264512875,-0.019799914012388748,0.046910159179851724,3
16.69,0.059618874309935094,0.022416446303025153,0.014944117873770242,0.06542349652735925,3
16.7,0.018992527627248595,0.005469717774107567,0.0029275145062436754,0.019980096580959176,3
16.71,-0.07983141188709472,-0.0500666947925972,-0.036876276120297716,0.10119084934835999,3
16.72,0.05323590927192558,0.034632436963051835,0.018427780721271457,0.06612904678217972,3
16.73,0.062377210173754624,0.048829593639223616,0.028373302846759797,0.08414445839427818,3
16.74,-0.03414698881298816,-0.02346714174922011,-0.013759300357111762,0.043658240152227204,3
16.75,0.04722068110099381,0.03934886082369007,0.02717526291850738,0.06720580693998017,3
16.76,0.02755844905050724,0.017427515044185864,0.008869271832424589,0.0337912766483033,3
16.77,-0.10470842020011539,-0.06743336783681361,-0.047945187891268136,0.13345356271208328,3
16.78,0.025381515315426987,0.03479268078839178,0.011314393862639134,0.04452827713519924,3
16.79,0.06459779372835238,0.041553794531279456,0.027877102756019526,0.0817112333317043,3
16.8,-0.045250057553550244,-0.03778738602900004,-0.019272580003584235,0.06202327459509721,3
16.81,0.02839111216681977,0.027368531772864337,0.017146459592706886,0.04300107973104345,3
16.82,0.03131838664618222,0.027482608947808677,0.0175999619548611,0.0452315575401787,3
16.83,-0.10892324009274834,-0.08132588049548302,-0.04231687740942193,0.14236884906591094,3
16.84,0.025291368340438984,0.031008564242435505,0.003993195104700908,0.04021355463091041,3
16.85,0.04036618376858108,0.03994325177462942,0.014875131680482637,0.058704017723508445,3
16.86,-0.06834559616012836,-0.05488300179827324,-0.04031955317774021,0.0964828003808204,3
16.87,0.07116138474127442,0.056270077090005845,0.03223724994647899,0.0962782661773811,3
16.88,0.021845425134549436,0.011839509885358335,0.01043693687928225,0.026950440535487057,3
16.89,-0.11861041401342945,-0.0843497846506544,-0.05453385049520149,0.15542605101102552,3
16.9,0.03940334625621453,0.026200993852959282,0.013738687247463155,0.04927339345279105,3
16.91,0.04020021505919129,0.026319359001449542,0.01557020297558681,0.050509377047765945,3
16.92,-0.03528948233022443,-0.019747106188446453,-0.018932105858994564,0.04465109627107915,3
16.93,0.07093609519012545,0.0589854682193899,0.026271357041723717,0.09592392434996039,3
16.94,0.02625628340008039,0.03312312448175413,0.007596018896554003,0.04294453744652424,3
16.95,-0.07798663000887832,-0.05237889684978059,-0.044003201352775946,0.1037388308428169,3
16.96,0.013883401117767754,0.02944081025495121,0.003467753139836862,0.03273431604453839,3
16.97,0.06729537618739952,0.03519414346734457,0.026839187042839763,0.08054587110289507,3
16.98,-0.04484382966498568,-0.029045222681504324,-0.01867447887028779,0.05659796975790959,3
16.99,0.055445598775938784,0.04744926009864511,0.007152682491581609,0.07332671801162682,3
17.0,0.0295201269069535,0.01444322585318386,0.013804696484243062,0.035645677306944124,3
17.01,-0.09538760830221509,-0.06923547294472993,-0.03888962406154164,0.12411587082700294,3
17.02,-0.010741617372031376,-0.0033698534952089293,0.001003627689207265,0.011302456586284312,3
17.03,0.057097340721975226,0.03850587848147079,0.02186581291990718,0.07225595317895617,3
17.04,-0.008589262847414306,-0.010333176454923215,-0.0016239344368420222,0.01353466419848356,3
17.05,0.04407245765897668,0.023997404889727174,0.027740044664125732,0.05733905338869386,3
17.06,0.051496965744380244,0.03904545390797911,0.031846014724856216,0.07204619077795683,3
17.07,-0.10141459535272605,-0.07948322010951514,-0.04393388184744258,0.1361348170150452,3
17.08,0.026542748436242488,0.021786177144720826,0.01402102093424841,0.037091023673787187,3
17.09,0.03480475725379063,0.03661409232432758,0.014896678142517366,0.05266757924863672,3
17.1,-0.07984397583719381,-0.04478645864773688,-0.029376903897699955,0.09614514984288355,3
17.11,0.037356275590962905,0.018598925033712896,0.020660807408963006,0.04656479680217561,3
17.12,0.055629374980700225,0.031577647342230536,0.024390386352514462,0.06845922961032032,3
17.13,-0.10088595922385762,-0.07344441312217691,-0.044939422490318764,0.1326333679024333,3
17.14,0.01085379341828003,0.01969220912454077,-0.0003766164717317359,0.022488436400473138,3
17.15,0.06430214831658672,0.03910355750618683,0.037403893556414436,0.08404109554823495,3
17.16,-0.029230630205405582,-0.031955008038238614,-0.013884859026063942,0.04547902363840645,3
17.17,0.04341005066587651,0.04282668227967853,0.01497914623851782,0.06279277057061107,3
17.18,0.04377702125055752,0.038022958115031466,0.022790879061546275,0.06230246465259003,3
17.19,-0.0971467621491434,-0.07272587741759383,-0.041717398246629185,0.1283233726126655,3
17.2,-0.015065854028586935,-0.012745961516315945,-0.003953337816769093,0.020126310453721836,3
17.21,0.08246689702398848,0.06029758625001358,0.023619846114063446,0.10485459047077998,3
17.22,-0.060649810507819445,-0.04740908084924518,-0.031182154242664534,0.08305628937544701,3
17.23,0.027762320672863938,0.018701226126425472,0.00921537833829936,0.034718950238920306,3
17.24,0.027817059140201883,0.019482808159574348,0.0202281696283484,0.03952907081510394,3
17.25,-0.10842097793551227,-0.0680562365117139,-0.040452843836542116,0.13425048364566455,3
17.26,0.011720923099620587,0.015351450504360042,-0.0011446173915442047,0.019348313101354885,3
17.27,0.06435046783643787,0.0489515543136654,0.03194207120449995,0.0869340744088617,3
17.28,-0.0455166343733746,-0.04107593684197638,-0.034236267569547146,0.07022192399257603,3
17.29,0.028469158382696584,0.004913468939439121,0.02542891346454336,0.03848720301639404,3
17.3,0.040764785790975415,0.02001743851044454,0.012398454480519546,0.047076398318149346,3
17.31,-0.10446222153667911,-0.06281112778934232,-0.04243058718515158,0.129065674102079,3
17.32,0.023874169712711113,0.006181271472323106,0.011569403356955655,0.027240322878442993,3
17.33,0.05802328815600431,0.040106462994070974,0.02970294914380298,0.07653427683181464,3
17.34,-0.04675531706609592,-0.0459387926712959,-0.029866537212830085,0.07203084333209514,3
17.35,0.04163802672063304,0.023749809099644734,0.017694056375397636,0.051096558910297164,3
17.36,0.04478643267269221,0.03742754951200221,0.023106284922781696,0.06277377172794174,3
17.37,-0.10900154656449029,-0.0682785571909379,-0.04682368526129426,0.1368786178589471,3
17.38,-0.004427656427240658,-0.01300930622219917,-0.007436295616967162,0.01562512983381452,3
17.39,0.06065724065079262,0.04773172461111963,0.03118348250838407,0.08324678948206128,3
17.4,-0.0603431691745521,-0.048769474657915986,-0.030769166036580885,0.08346556956628527,3
17.41,0.07409131595861329,0.038971520168670504,0.027185909151574685,0.08801918052977901,3
17.42,0.030310725426046795,0.016591886607285673,-0.002154471382084336,0.03462185038351425,3
17.43,-0.10537992586688195,-0.07858168416574639,-0.04273980891668,0.13822699131598346,3
17.44,0.013035439810375062,0.008084684364380701,0.008125087972831162,0.017358049051889972,3
17.45,0.06019748416252049,0.0486798507820264,0.036380122733172635,0.08553933774432654,3
17.46,-0.04205522922621188,-0.042501802099584,-0.0098748428500164,0.060601633709776746,3
17.47,0.054097508235741956,0.02975971336392199,0.02701418692962327,0.0673939702962186,3
17.48,0.06326971535063314,0.028108413730660163,0.03679282176888679,0.07840185926826722,3
17.49,-0.12219819359604117,-0.07531091822899881,-0.05344765674518705,0.15316913832160134,3
17.5,-0.002805514530839108,-0.0025942122509643294,-0.009535199969692959,0.010272336026816657,3
17.51,0.025419810491384427,0.020440503773715715,0.0038388355553505074,0.03284383683984268,3
17.52,-0.057624235460621925,-0.039680138115201484,-0.015602032046071688,0.07168325660312394,3
17.53,0.06290439611002814,0.041120359574824156,0.026747781163540475,0.0797702376748547,3
17.54,0.061120474540203196,0.042698018040880074,0.03044341705879248,0.0805334389856445,3
17.55,-0.08418452113011558,-0.07309833296148154,-0.04309347815050597,0.11953011226784083,3
17.56,-0.0012027754237753487,0.0007871740883198994,-0.005184346913260437,0.005379940955288753,3
17.57,0.052296147960850366,0.028908753108617593,0.016253110942910414,0.061925493241158085,3
17.58,-0.04485130900066596,-0.027146939366990523,-0.023562015454862865,0.05747838557547938,3
17.59,0.04274352956960358,0.03568435879125122,0.014846782706810217,0.057626467349244676,3
17.6,0.06871162168765409,0.03868858349220245,0.03662240684777672,0.0869442012494479,3
17.61,-0.09558768196948686,-0.05916685661387087,-0.030117490544432836,0.11638206521006628,3
17.62,0.033301118687404006,0.022283800393020668,0.006129413557576551,0.04053519429271753,3
17.63,0.0690755874720058,0.051059200501808295,0.03650229266172563,0.0933321815348214,3
17.64,-0.050472741743079454,-0.03881827631133739,-0.03419258417316534,0.0722737092398469,3
17.65,0.062133128241361815,0.04558038358778746,0.024908711554135647,0.08098481897463554,3
17.66,0.05142153650045151,0.04945466493014258,0.02739309159207466,0.0764219848367715,3
17.67,-0.09999502946133118,-0.07037923003552148,-0.04078745857035606,0.1289025163214196,3
17.68,0.006410396616096755,0.00571101704051653,0.0004462004062574204,0.008596975934320114,3
17.69,0.04107758780595318,0.029001738536152084,0.027613077138937677,0.057366811722075375,3
17.7,-0.04605491415986265,-0.04817225672835984,-0.0103860593669341,0.06744991968674838,3
17.71,0.05623774644335494,0.041496233576199866,0.027284092088451232,0.07502694987222061,3
17.72,0.05962057949761498,0.032782539292493765,0.029778279863990717,0.07427014429603243,3
17.73,-0.10819841366951892,-0.06872777771635741,-0.04940073210977453,0.13737116321634277,3
17.74,0.005717877626483799,-0.006324608309332432,-0.014739586279380112,0.017027924080909314,3
17.75,0.032522987331639136,0.025822563360457393,0.009151342776439725,0.0425240703377592,3
17.76,-0.03617439135999438,-0.025584099908185175,-0.008840445099205068,0.045180595701363825,3
17.77,0.037096334977444724,0.016031519118339232,0.012368701880585739,0.042262660354162165,3
17.78,0.043174163999365064,0.03549052233071782,0.020108328725506653,0.05939638454051127,3
17.79,-0.08829061451118887,-0.05431899134031243,-0.04062399994562461,0.11133775102171949,3
17.8,-0.0161346262490793,-0.003965428790911195,-0.005253230804169838,0.017425476279721745,3
17.81,0.06578332081540265,0.035738268611946615,0.023518088606739894,0.07847145743897144,3
17.82,-0.04404386077968088,-0.02580381377032555,-0.019285672604138854,0.0545677161448744,3
17.83,0.05602960972523034,0.0397659267017846,0.01440496226959835,0.07020077656551874,3
17.84,0.03864540189625705,0.016582495003663933,0.01927781150000562,0.04626100133481242,3
17.85,-0.08623465921555373,-0.05769395342833312,-0.03533393453335149,0.10960609308711139,3
17.86,-0.004384915736629368,-0.0074180654308814474,-0.0026972414250381873,0.009029412608753699,3
17.87,0.0374731720969074,0.031016681109723904,0.02658467684059767,0.05543481015378111,3
17.88,-0.048064831696037404,-0.05809811477542,-0.013484919076492652,0.07659936049945738,3
17.89,0.022453628097269564,0.019205867999727292,0.01767065604918601,0.03442793728299847,3
17.9,0.042699794160645725,0.03824815693547798,0.02172203209207908,0.06130285970924832,3
17.91,-0.08873985720429618,-0.08137093694953877,-0.04131532924311356,0.12729080118826955,3
17.92,-0.013337424499420093,-0.013058381033763423,-0.011181091424545247,0.02175833203498657,3
17.93,0.07213630129626167,0.06102395174819715,0.03219461454840546,0.09982014755344602,3
17.94,-0.04668623122403617,-0.033941389260176084,-0.025811541471644443,0.06322861507227077,3
17.95,0.04082956403829837,0.005045739544513605,0.0307335947774455,0.051352377111997465,3
17.96,0.053113739823924165,0.03910877521320033,0.026028684237191263,0.07090880100438555,3
17.97,-0.12422792242830571,-0.07748436211752813,-0.05837603192003164,0.157620316540546,3
17.98,-0.021287045352951263,-0.010018218005744772,-0.0072108995434257035,0.024606910901098695,3
17.99,0.0536334716744395,0.0406709859254119,0.024670362848884755,0.07168894742631943,3
18.0,-0.06334474795367784,-0.04370713592720324,-0.01806894057348681,0.07905287747907846,3
18.01,0.028670731565517617,0.02191110863414044,0.012414894949190926,0.03816067539599527,3
18.02,0.0431959770727211,0.023424754143270797,0.026327601980174174,0.05574723462169402,3
18.03,-0.10273048235979193,-0.07241322212987819,-0.047985604272729895,0.1345356642772675,3
18.04,-0.011462580044699508,-0.0029738055151088284,-0.012234447649207161,0.01702691897566984,3
18.05,0.03942788121533239,0.018988346667256753,0.01458787753540587,0.046129397321819414,3
18.06,-0.04032634301632458,-0.02978589446417263,-0.0037697953475831457,0.05027548912804091,3
18.07,0.013869778683821596,0.011810704713156775,0.0013769727552191413,0.01826908756693096,3
18.08,0.04493670343504421,0.04087597037037412,0.02188400927711526,0.06456827496046091,3
18.09,-0.09550732017522996,-0.05672466491207308,-0.048271905629335525,0.12111776372410588,3
18.1,0.0116762890741091,0.007523861781601673,0.0049472032532915725,0.014745136238101857,3
18.11,0.055830742151917336,0.037864235414717846,0.024222317804345188,0.07167630551716342,3
18.12,-0.0510082283461952,-0.03274132260680386,-0.01880208949520708,0.06346142241114812,3
18.13,0.021360546746710105,0.02220269718721777,0.006943802305256199,0.03158241773772484,3
18.14,0.046997813807118455,0.025965286423980716,0.027595369621548127,0.060369653189974455,3
18.15,-0.11113685666616796,-0.07410769919523984,-0.05561520920261219,0.14469417225409886,3
18.16,-0.020910424584511696,-0.021826247543385205,-0.00549173919858614,0.030721167581245466,3
18.17,0.0434770486532193,0.01999788892608008,0.016888794682374565,0.05074840595444982,3
18.18,-0.03794410547555755,-0.014677347607982297,-0.00900349713454227,0.04166824490901304,3
18.19,0.023073620665337084,0.010684993980958332,0.010137798262234134,0.027374002640950114,3
18.2,0.037947640755454946,0.021187134614764402,0.016075649606561243,0.046339449957483805,3
18.21,-0.07600990221683804,-0.05705005089112826,-0.031229564147582548,0.1000374890655577,3
18.22,-0.006190772221037084,-0.005495980463035097,-0.013144376551080876,0.015534030283845616,3
18.23,0.0657564105025071,0.05414846204567557,0.03417702227673648,0.09178251639495802,3
18.24,-0.04340288759572062,-0.03605542948213893,-0.023613353460382496,0.06116694457330046,3
18.25,-0.009930087684051722,-0.006831587543754435,0.0001129895395818167,0.012053630009959296,3
18.26,0.0941528934108599,0.060237019074341674,0.04010664447961797,0.11875103677869014,3
18.27,-0.07573726650968758,-0.05465991447946312,-0.042497925399085285,0.10261536655144728,3
18.28,-0.013604120460806297,-0.0015767774133714982,-0.01732610899213404,0.02208511655687502,3
18.29,0.04563160765565479,0.04826925109203786,0.013570242603135826,0.06779613338925586,3
18.3,-0.06543552165905307,-0.04733021361496631,-0.044574794409921965,0.0922435304632122,3
18.31,0.01645361282108201,0.0026907915036283123,0.00799472654353194,0.01848992661661822,3
18.32,0.06175748325886464,0.05375491218718445,0.03391054093112927,0.08861998707381226,3
18.33,-0.09986718517515343,-0.05814015151370529,-0.04382776616871275,0.12359047285363202,3
18.34,-0.02773321604642979,-0.026258723583404697,-0.012359531742327673,0.04014236990260054,3
18.35,0.045079875844367845,0.03842900957999426,0.02011058210493485,0.06255732967480498,3
18.36,-0.06000773897530731,-0.026594884847930288,-0.027930954742437092,0.07133270547110461,3
18.37,0.03581805365424538,0.02011442896983049,0.017330575538065274,0.04458555897195126,3
18.38,0.05431777569113677,0.04281951406809551,0.02282946954570554,0.07283622876562718,3
18.39,-0.08360005480212102,-0.06499688987923963,-0.0437217161682112,0.11456506152219909,3
18.4,-0.027934330254575188,-0.03556256337947708,-0.011928867661192251,0.04676879947752815,3
18.41,0.06423485898276457,0.045799708095458455,0.024829031734481578,0.08270556926251549,3
18.42,-0.04186797087364825,-0.041814444470368466,-0.02144913446595719,0.0629399723608209,3
18.43,0.036184089424660185,0.014677516212365425,0.021734518911726692,0.0446890044863416,3
18.44,0.05422474516349746,0.022024873007410163,0.021792460388222308,0.06245261682916917,3
18.45,-0.0945872739950348,-0.07351451919012847,-0.040271197722823115,0.12638396377546587,3
18.46,-0.012131788017263565,-0.009067381736372197,-0.005758405355462444,0.016203608372419225,3
18.47,0.05696602411492408,0.02655955416201708,0.020910468397447906,0.06624036163358334,3
18.48,-0.044108819490338035,-0.027268346080992566,-0.02729629727408047,0.05860237622911702,3
18.49,0.015004773335312369,0.01145489877707677,0.0027298745140603474,0.019073807792354736,3
18.5,0.049333230272899486,0.03462720324852611,0.020088249598268097,0.06353226413324164,3
18.51,-0.05720258359205198,-0.04753980711488663,-0.026756354710360555,0.07904474269369818,3
18.52,-0.023567565836552715,-0.03684204641755469,-0.014011973736328644,0.045924960007397556,3
18.53,0.07862555635831991,0.04871826630869428,0.03266115129579682,0.09809280497950462,3
18.54,-0.04576128663365294,-0.04419334632041013,-0.017477459275917505,0.06597430405926542,3
18.55,0.017854237801993834,-0.005459676217948012,-0.0034247896837608025,0.018981861243644343,3
18.56,0.04880302009970187,0.039643995593084416,0.03714933704693331,0.07303050321929223,3
18.57,-0.07969239350099969,-0.05003633276846805,-0.034283328588285096,0.10014918271222872,3
18.58,-0.03356034510232297,-0.023961007671651213,-0.01936186916258436,0.04555555541859826,3
18.59,0.06472643566119204,0.0524685187348036,0.019479669212337025,0.08556818593524664,3
18.6,-0.01855528999308128,-0.022174735714473842,-0.011111355911976654,0.030975472892866746,3
18.61,0.016904062794369387,0.024245291845650427,0.005333906348916312,0.030033848780596804,3
18.62,0.050863002823392914,0.025542014155969035,0.02336443585447664,0.06152508761598111,3
18.63,-0.05069465237594164,-0.04046276138631376,-0.012750690574360636,0.06610418253519529,3
18.64,-0.019349709477026446,-0.015458667976530843,-0.014351551297941835,0.028624267625764737,3
18.65,0.08558938009749464,0.06037261114101878,0.03891561934437776,0.11173548939533307,3
18.66,-0.03175552295050286,-0.020318502942681796,-0.01404217920070026,0.04022980979816163,3
18.67,0.029818396847610174,0.028657842695714062,0.01490451538401652,0.043960815704059054,3
18.68,0.05832227227911674,0.037026544006969794,0.014045963931975306,0.07049639357923107,3
18.69,-0.056240440624431405,-0.042082470183312036,-0.024995970655895546,0.07455682401624905,3
18.7,-0.04334471060064268,-0.03347611700242161,-0.014843919664305892,0.056742896450689355,3
18.71,0.028482539249359635,0.015585906629681985,0.023597749700445182,0.040137629706864075,3
18.72,-0.018032272050658445,-0.006427274110744293,-0.0035929177792115,0.019477724353008378,3
18.73,0.023856026604221522,0.01893045610642405,0.011205501492190264,0.03245050750650983,3
18.74,0.059009195614510866,0.0524682243611641,0.024234554719941195,0.08259729642766092,3
18.75,-0.07047509468303313,-0.05524844041488735,-0.041624776490646866,0.09875095521946181,3
18.76,-0.016416092553207067,-0.0037082941191505453,-0.003259020764411669,0.01714236729079311,3
18.77,0.04545220501996671,0.03935678270903141,0.02354505806400645,0.06456956748825592,3
18.78,-0.03976979286172502,-0.026468878974722485,-0.020155797141616163,0.051850690804048145,3
18.79,-0.008588112322701331,-0.01730470046504372,0.0013119032096458247,0.01936309431582922,3
18.8,0.08840813711234474,0.05079126084489602,0.04001502672504298,0.1095306041693157,3
18.81,-0.035000416062659495,-0.018394686158774598,-0.017740678443155248,0.04333734273190409,3
18.82,-0.03580870988573038,-0.024047628265849424,-0.005339806688153717,0.0434633830293931,3
18.83,0.05579852316206159,0.03981683615603559,0.018607240507966444,0.07102876197615311,3
18.84,-0.03501373874749958,-0.02361414009775496,-0.012500053886552774,0.044043624519347575,3
18.85,-0.008884036500461075,0.010239090463996996,-0.005345561622050129,0.014571894424767636,3
18.86,0.060415275351625546,0.041772599524499625,0.030321429223559567,0.07946285067253937,3
18.87,-0.06421910406190957,-0.05521197312812741,-0.03183561848359923,0.09047630577918574,3
18.88,-0.04741771161739121,-0.019930183130685203,-0.021257440701232536,0.055655461185935236,3
18.89,0.028595239574695154,0.003815959517677204,0.02276082726643483,0.03674649005316353,3
18.9,-0.02230685531759352,-0.0143976347754363,-0.008196569865369402,0.027786173519302453,3
18.91,0.009608604795827938,0.012870976171341277,-0.0018069285619497612,0.016163301165097198,3
18.92,0.06327406004929628,0.03091980489396013,0.027150152814598785,0.07547696209876613,3
18.93,-0.03581178024963945,-0.03230493428571392,-0.013223616837815155,0.05000956334668509,3
18.94,-0.04576044079632326,-0.02502192083882085,-0.024789521729162097,0.05774629730033453,3
18.95,0.05619408344961798,0.026600701946122338,0.029081538312880392,0.06863751328109576,3
18.96,-0.036808380214660874,-0.028038580255230542,-0.013737038309887505,0.04826722550844785,3
18.97,0.0015571674252228317,0.005848576433042977,-0.0020118366676576595,0.006377938809729417,3
18.98,0.049378542760454516,0.036010332447509355,0.03197433791645126,0.06897349355601463,3
18.99,-0.057941796730060315,-0.060708702634042225,-0.02108636899030316,0.08652995632156191,3
19.0,-0.05065276819339659,-0.04452404550166398,-0.01311381733071722,0.0687027347233837,3
19.01,0.032360057485064625,0.022960786261523907,0.012054792322250426,0.04146913363113172,3
19.02,0.0065793274078325015,-0.004843597740878193,0.0077139513779223914,0.011236237540914086,3
19.03,0.01875161735821653,0.009670700829025778,0.005132235643347286,0.02171371572928806,3
19.04,0.053470599307999425,0.04142162374980551,0.0336579607917887,0.07554941580904954,3
19.05,-0.044993177460877706,-0.040515583428893165,-0.01318727685296773,0.061966142282753524,3
19.06,-0.02176942482539992,-0.01053000776527964,-0.005887654046409095,0.024888820601542877,3
19.07,0.042317429192972274,0.019060724086304347,0.029122200718553905,0.05479213986410995,3
19.08,-0.002844341317584093,0.007306407837733099,-0.007950704385896982,0.01116635899718996,3
19.09,-0.002688031428648433,-0.006635880497388779,-0.0025393968666925417,0.007596641322557909,3
19.1,0.03723686440722583,0.017412285467793033,0.0075979762335453005,0.04180312188030408,3
19.11,-0.02351595723408832,-0.021572390129853507,-0.01491702181242555,0.0352262089970302,3
19.12,-0.023737725764576376,-0.029745333827762142,-0.008892978003565062,0.03908131992104586,3
19.13,0.0481996282580588,0.030670136567472476,0.023800830288806536,0.061889748454158726,3
19.14,-0.022758922526509427,-0.01152043358352857,-0.015530168188147002,0.029864277464427033,3
19.15,0.005353903616700774,0.014000582425909545,0.006275115440142434,0.016249851260510748,3
19.16,0.07321495954203226,0.040065832847242466,0.03922307249932648,0.09221795204173652,3
19.17,-0.03348074755996979,-0.017794504841596975,-0.011043874706803757,0.039491417146914606,3
19.18,-0.049718629428309014,-0.03893912545502887,-0.029998585120042623,0.0699150392450468,3
19.19,0.028497671471719638,0.025773826660937516,0.011038654275441828,0.03997823543218043,3
19.2,0.009894461198194713,0.00881851678995298,0.007855819179862323,0.015407157290167324,3
19.21,0.010614455741242874,-0.00043524869477581333,-0.00496231576624407,0.011725215984067089,3
19.22,0.04627773458559915,0.025788206004586294,0.008831392294203542,0.053708972966947134,3
19.23,-0.06708451462974872,-0.04913887820031691,-0.031121016189665472,0.08878895822438718,3
19.24,-0.06429695731416392,-0.04444770632464656,-0.034186431693245596,0.08531359463355409,3
19.25,0.04228668034172013,0.039215079551917456,0.026169868335204554,0.06333125458466757,3
19.26,0.0036679409553731835,0.0029270851895901355,0.0013832849280425497,0.00489235073879332,3
19.27,-0.03541941365205502,-0.012347872039330769,-0.011136103057916031,0.03912821997831738,3
19.28,0.0460258053358496,0.034955905362072985,0.021346846233578055,0.06161150802095133,3
19.29,-0.034989077990087804,-0.03175177384286759,-0.01734865796449026,0.05033275925214044,3
19.3,-0.06809599354151571,-0.05455317867242356,-0.027749028902955764,0.09155939189798386,3
19.31,0.0657473868185634,0.05384507703797689,0.03188917179352518,0.09076855442482508,3
19.32,0.0071152646918784535,-0.013775439512347259,0.0022873359814444784,0.015672320545657585,3
19.33,0.00026579985603403765,0.005753947340455712,0.00369118405254252,0.006841300992497647,3
19.34,0.046455796579439,0.04336028146539842,0.017281943497534816,0.06585530058879677,3
19.35,-0.05907927072979907,-0.044828505537524155,-0.02924906029419937,0.07972115570403152,3
19.36,-0.05633352663850273,-0.009544884060287251,-0.02299480872035244,0.06159003379882835,3
19.37,0.026528332221810284,0.020375504365081728,0.024013997674172907,0.04117748988096997,3
19.38,-0.007116480936397081,-0.009318716648052072,-0.00487402285793176,0.01269798723044039,3
19.39,-0.021355294929579913,0.0008596820817575474,-0.015026203615514336,0.02612612619402143,3
19.4,0.04470190666287228,0.026480885895929743,0.033333132070766824,0.061730020822745396,3
19.41,-0.02503373368392111,-0.008495832399746687,-0.016116947899649483,0.03096163755233382,3
19.42,-0.06436183016258606,-0.04406279369054885,-0.030946284558077183,0.08391452495035011,3
19.43,0.04311811954975159,0.04189926519352185,0.016898620623773668,0.062452254052595815,3
19.44,-0.005359007675259947,-0.005408861669571745,0.0037890480178213626,0.00850480056823283,3
19.45,-0.02827092384000563,-0.013566846239932456,-0.007476341345315653,0.032236627174334544,3
19.46,0.05565154854295249,0.042795850369308414,0.03253698877442783,0.07737722728663825,3
19.47,-0.04423846831427899,-0.03737594960722906,-0.014783273736332751,0.05977080282377791,3
19.48,-0.06845468184428051,-0.04684816128391971,-0.0458607129859082,0.09478395791304386,3
19.49,0.06098589096138805,0.04768065886450012,0.027688914966403848,0.08221557114150511,3
19.5,0.02105386759499806,0.026795715149935,0.020484285239396112,0.03976030222311076,3
19.51,0.019214392467982632,0.017798739739472554,0.015104221292300038,0.03023450867922145,3
19.52,0.03790270288076693,0.02060626056938944,0.028192191884312687,0.05153671063972921,3
19.53,-0.01915695253920364,-0.013287837007615724,-0.011914593248713305,0.02618230271027641,3
19.54,-0.07013046682985997,-0.0517077977867816,-0.02286842322356535,0.09008298124765236,3
19.55,0.05275532218552087,0.03032433300462226,0.02222353895584726,0.06478097617970413,3
19.56,0.0069167086446529635,0.0008784836444231505,0.005640675066853947,0.008968266677478083,3
19.57,-0.021027626291842128,-0.020899296397518682,-0.0061428110787017445,0.03027665413035807,3
19.58,0.0372212932432383,0.02814490282675731,0.015472069593246311,0.04916243650720544,3
19.59,-0.014028864960230938,-0.018062050345043226,-0.004264155627482766,0.023264344778107644,3
19.6,-0.0935984787840938,-0.05573858802310777,-0.06048816120955605,0.12460450662804869,3
19.61,0.05780048355386576,0.03527681460420028,0.02736683342227402,0.07303624524331956,3
19.62,0.03637366513637183,0.020824423026355565,0.013065490741174201,0.04390224547948804,3
19.63,-0.02232677502746386,-0.014483752543394908,-0.004675961017918084,0.027020891589774974,3
19.64,0.05568380591570686,0.04080175050903569,0.02314614210224958,0.07280942919757877,3
19.65,0.014005928250077078,0.00821263722850014,0.0033123776279599896,0.016570615014038056,3
19.66,-0.10376511447271256,-0.0701959157834991,-0.04930783437496025,0.13463256702955548,3
19.67,0.03457733427854476,0.03943000485354525,0.012417724605019265,0.05389357302060172,3
19.68,-0.022048689982750093,-0.01188732116854986,-0.005274725600420102,0.02559835667927543,3
19.69,-0.03001000282672216,-0.02427438837251723,-0.025068233212741382,0.04602458600496111,3
19.7,0.07048484832986812,0.042178081026382326,0.03848072932691097,0.09070761209889483,3
19.71,-0.010510537919491612,-0.007784405239060432,0.0029676589723913738,0.0134117624516466,3
19.72,-0.07483444642539654,-0.04693250470862255,-0.02956410370501699,0.09314982875937787,3
19.73,0.017960492771987427,0.011164861980472845,0.01523745496376061,0.02606556113779739,3
19.74,0.034108943049605954,0.03406212910319542,0.014940430414184733,0.05046647497066851,3
19.75,-0.005171833201137427,0.0003843277576804269,0.005376916728477869,0.007470394901924277,3
19.76,0.03619184774146928,0.018225977051748804,0.022702317811500075,0.046448157298723085,3
19.77,-0.030236279157545023,-0.030006328584008105,-0.013381415541649498,0.04465058358277921,3
19.78,-0.0947076871879286,-0.05623479582394037,-0.04203555425272545,0.11789353712218759,3
19.79,0.022246495614815627,0.010889865659532382,0.023156628731558705,0.03390759790126578,3
19.8,0.0303517632444682,0.02352663391370443,0.02139119935593632,0.043958110119102355,3
19.81,-0.025437387355550747,-0.029750754659206728,-0.007195622043642898,0.039798807204030666,3
19.82,0.06736670197798979,0.049265552656588774,0.025019414457624328,0.08712828653056823,3
19.83,0.009792588639764802,0.021730054307674763,0.004284263987903292,0.02421662590866428,3
19.84,-0.08185535294629097,-0.048597718758424516,-0.03757593272747874,0.10234250238695945,3
19.85,0.03777018774923538,0.013333741173419499,0.016588130507260053,0.043353682773417584,3
19.86,0.030513133144070784,0.027555175338542934,0.021435900416158192,0.04636633270873476,3
19.87,-0.019154624469890927,-0.009406392615464547,0.0026181463960811245,0.0214996407218847,3
19.88,0.05979836104433517,0.05006124627946888,0.030526355278055407,0.08374861628232648,3
19.89,-0.003240620239514525,0.010784685309289575,0.017600402171469104,0.020894621637029275,3
19.9,-0.06851003072726494,-0.05808450966184572,-0.034448399729056244,0.096198372214922,3
19.91,0.04806333420167847,0.03228698126950802,0.02603472004188702,0.06348495807464341,3
19.92,0.018615126165903637,0.012313657837273399,0.007183752524824608,0.02344686315573746,3
19.93,-0.045177855155856275,-0.0331200071480119,-0.016545428873243374,0.05840997078040225,3
19.94,0.06091309588077694,0.04537982459442656,0.02826381688798379,0.08104675857231505,3
19.95,0.01694375772899391,0.02243965294415138,0.003851288303100131,0.028380651363673782,3
19.96,-0.08287892273790948,-0.0637399878053404,-0.03773199014609541,0.11115486925909432,3
19.97,0.036259879588895566,0.028572585822121813,0.014401011256361056,0.04835866678858671,3
19.98,0.04735091627668247,0.03670211177148163,0.015411191018109366,0.06185999587232752,3
19.99,-0.020824043732673415,-0.01394778581740128,0.004525763642854093,0.025468884214652498,3
20.0,0.046536340410053716,0.03937185855650181,0.018965182881843668,0.06383926994174792,3
20.01,0.027086330364125215,0.01499852607933827,0.028367044949546505,0.04199183630560485,3
20.02,-0.09339893683450412,-0.0511886635750261,-0.04069809324644229,0.11401743495759324,3
20.03,0.04136731858302453,0.04077902770341979,0.013954487574132864,0.059740370526490325,3
20.04,0.02702165969441822,0.026539703732312354,0.007697004317387553,0.0386493187818588,3
20.05,-0.03439222573991027,-0.026178260211636946,-0.01779053203356938,0.04674002063639445,3
20.06,0.036762801833441675,0.0218223964558571,0.016740611206502155,0.04591261971711887,3
20.07,0.01699120417095963,0.008076999306225357,0.003583129833608191,0.01915144267089281,3
20.08,-0.0918253932114843,-0.07345478985934116,-0.050686380795477146,0.12804928031764876,3
20.09,0.041904099270781675,0.0294728085629367,0.016782289473593472,0.05390960230106067,3
20.1,0.049991953964530336,0.05040551265681176,0.025552055391636682,0.07545077005654084,3
20.11,-0.008449065381216096,-0.0004639530546269753,-0.006358824506531581,0.010584734638044952,3
20.12,0.039809044183562535,0.022153859557824403,0.006611643793039716,0.04603550071154524,3
20.13,0.018678535832962598,0.003322973343488909,0.004292883535529107,0.019451444721521906,3
20.14,-0.06362475494881176,-0.05029058418729157,-0.03829158858252302,0.08968555098993714,3
20.15,0.030895989982941963,0.02707178637365152,0.02149588582337201,0.046362883018834365,3
20.16,0.011714237257519102,0.011986262225915657,-0.0026072783451677505,0.01696147803238391,3
20.17,-0.06498583124872073,-0.04231401999746308,-0.034604926375606096,0.0849184048419071,3
20.18,0.048866722761713915,0.03553023530409999,0.03173266856931663,0.06824453435085492,3
20.19,0.028909271693051807,0.013457065693992437,0.017709690653021117,0.036475632276093836,3
20.2,-0.07899855402240166,-0.05165833242405814,-0.04324684151056897,0.10382506511967657,3
20.21,0.04344681801047902,0.038095729056007784,0.022154159292476973,0.06188471007850715,3
20.22,0.02914300678496578,0.025578841624536983,0.022894341263879413,0.04503046574518944,3
20.23,-0.06618774779165344,-0.02874633392060913,-0.027530536819073404,0.07723406068020149,3
20.24,0.06570108118635717,0.04806819380453663,0.03166507973603543,0.0873490732599738,3
20.25,0.02042464120015782,0.03136789748774009,0.008700697495638229,0.03842932601369897,3
20.26,-0.09663720009671296,-0.07327890626984175,-0.05111946683693709,0.13161210596418974,3
20.27,0.024330110270026108,0.020087654578562427,0.015303413943698288,0.035066545460758596,3
20.28,0.06877664996772298,0.02631986828914492,0.03762441415213821,0.08269558384721788,3
20.29,-0.0427015249148562,-0.03931729962451959,-0.022245442520856938,0.062162126675067056,3
20.3,0.07954109404409102,0.060565710737125855,0.0344255685443112,0.10573604271213861,3
20.31,0.0390715496184312,0.030376958905735118,0.022043335728511627,0.05417798696875077,3
20.32,-0.08125099410392404,-0.05851206149945744,-0.0371319089676073,0.10679028067839724,3
20.33,0.022956021870576025,0.015755300283334068,0.018719798160691893,0.03355054798833299,3
20.34,0.06637973274350734,0.05122467209385736,0.022940103129409077,0.08692804082579218,3
20.35,-0.03686542772764793,-0.021566108819033078,-0.02057564515901398,0.04740795275949452,3
20.36,0.03947804159349251,0.014883826050683953,0.01005235986333174,0.04337158038147176,3
20.37,0.013257814494786002,0.009365559840776607,0.016402548241173327,0.023076545346159237,3
20.38,-0.09261988311267311,-0.06675284872230156,-0.04447022056689693,0.1225234103247872,3
20.39,0.015655340996070428,0.01812956496720742,0.005388239116993978,0.024552066071623014,3
20.4,0.03470866225291459,0.0273957992516816,0.015774862890246787,0.04694749568647322,3
20.41,-0.05541512401309923,-0.039046004206535166,-0.016987226080131777,0.06988556548945883,3
20.42,0.051808175113622436,0.02601055581566251,0.03731563661419907,0.06894267733680218,3
20.43,0.02005485570051846,0.01598671078382817,0.015144199526530445,0.029784541932917998,3
20.44,-0.09023884426828968,-0.06894883369077909,-0.028275095195139675,0.11703192594539988,3
20.45,0.020176331433191873,0.0161954535141577,0.006569139613182192,0.026693269936235404,3
20.46,0.04664635071822458,0.021002482855870072,0.014546642354749615,0.05318450079897077,3
20.47,-0.05221508705616647,-0.03549660053285664,-0.02071476061032012,0.06644941890502212,3
20.48,0.04751841613361687,0.031362831084631115,0.01172356772226406,0.058129760756682934,3
20.49,0.05061364556496968,0.040926380574895685,0.013016647274263656,0.06637878313587986,3
20.5,-0.10779409597073024,-0.08824204335714816,-0.05432896084206757,0.1495254537801866,3
20.51,0.01859004253811321,0.00750253328699494,0.011098156558182106,0.022913898975976267,3
20.52,0.08954291423244162,0.05756975646874555,0.041580190007163696,0.11428526829885338,3
20.53,-0.07594947436933779,-0.06147309299283571,-0.036739503325595335,0.10438895977878099,3
20.54,0.034514799054619266,0.017514598676382883,0.018820383668045643,0.04303765051658767,3
20.55,0.027939391781326026,0.0014809898308514972,0.0091789781463582,0.029445824556307388,3
20.56,-0.11898339658551144,-0.08383293169108234,-0.046453982138775635,0.1527841011214729,3
20.57,0.012638755021514432,0.019645570553958935,-0.000475858098228657,0.02336478144160746,3
20.58,0.04289030962254537,0.026250279301570444,0.011251871763389367,0.051529219294571355,3
20.59,-0.05699854269414385,-0.01684226544896591,-0.014591416064615595,0.06119971566502816,3
20.6,0.03426309708686081,0.028338518053192575,0.011537884715426413,0.04593641487035358,3
20.61,0.016526566644994963,0.014698134519820447,0.006295757200651588,0.02299563267587465,3
20.62,-0.08589023756162406,-0.03697432418750086,-0.03703770510736844,0.10057845274776807,3
20.63,0.029576144626007314,0.025304667883724794,0.00686920387720547,0.03952544129482591,3
20.64,0.04668438511743649,0.03070348710015881,0.02432640138059127,0.06094185538718343,3
20.65,-0.05675354264355935,-0.025286039681747145,-0.022049850288351488,0.06592832701593386,3
20.66,0.07660718772967115,0.04381332308929207,0.03275587880976254,0.09413403257364268,3
20.67,0.012361871897746103,0.011211851497191979,0.011957824461759265,0.020530734440580033,3
20.68,-0.12259266949754061,-0.09460634921360278,-0.05571265431818252,0.16456981429544326,3
20.69,0.03216237371199124,0.025355116950161575,0.012296320405803288,0.04276096039459743,3
20.7,0.018447634724962525,0.02285179054457572,0.014858442734634455,0.03291341487201252,3
20.71,-0.05992502407273895,-0.036245490025863775,-0.02282696142255158,0.07366012642617437,3
20.72,0.042287846533150285,0.030270749098422055,0.018158034654102168,0.0550844300859187,3
20.73,0.04949472660015933,0.02373192277123239,0.014325484731749391,0.05672875489946737,3
20.74,-0.09348963223504254,-0.050821253067189966,-0.042113096809495563,0.11444048244239804,3
20.75,-0.006525532715936391,-0.008544659075531633,0.0033934297513194757,0.011274268997188306,3
20.76,0.07005590224104029,0.042070583348657015,0.036534799935846775,0.0895128763276817,3
20.77,-0.03859353017688706,-0.014639320602161606,-0.016095517665030753,0.04430390465988842,3
20.78,0.04596673624202799,0.028926848508602925,0.016101299233348715,0.05664764110168815,3
20.79,0.030825146265507686,0.03180442919906964,0.007902969605226797,0.0449907578014609,3
20.8,-0.08366236357179054,-0.06011443562229229,-0.04764023726348249,0.11350210859330365,3
20.81,0.02134159290442253,0.02584332666321782,0.0033851035258034715,0.03368679335585817,3
20.82,0.04534233734254989,0.027407077236363153,0.021100599243190587,0.05702903406815957,3
20.83,-0.044575709628756226,-0.022342748945381106,-0.025371575892985693,0.055945591270778895,3
20.84,0.057872646695638456,0.03079439201908,0.024266092164941154,0.06990265405791392,3
20.85,0.02654324813941676,0.01644237885963413,0.006378166799809292,0.03186811660705076,3
20.86,-0.10531509482733253,-0.06761549105302307,-0.05377292762660756,0.13621546011509802,3
20.87,0.0007219684074606728,0.0023902273416242575,2.1567723712962827e-05,0.0024969762299080107,3
20.88,0.036668609276899716,0.029495612764537753,0.014326684713803241,0.04919178766365603,3
20.89,-0.0685223781119085,-0.049446723635181725,-0.03387475538831273,0.09103732109955466,3
20.9,0.03915000283808839,0.038479987329097104,0.020554011448923763,0.05861654658637176,3
20.91,0.08964808181515124,0.0650468212846484,0.03694442162999668,0.1167594014285274,3
20.92,-0.0954687573617152,-0.0802678275830788,-0.047013201073067196,0.13329459423485096,3
20.93,0.0017558270381267584,-0.011942761548109273,0.009971212228238456,0.015656869268260067,3
20.94,0.052374163457046576,0.03614319202501528,0.0222842207622276,0.06742380753533767,3
20.95,-0.045837379804663715,-0.0331336068476499,-0.02598915923576825,0.06224417794359359,3
20.96,0.04690123641612584,0.02028757727252011,0.03113880328783701,0.05984092946427564,3
20.97,0.03742023920749535,0.029800863731511577,0.01768282269491233,0.05100047058557402,3
20.98,-0.08542564751344414,-0.050263627985254404,-0.03534242333356196,0.10522861036058567,3
20.99,-0.005274338960295491,-0.0035702054200171178,-0.0027758141764851986,0.006947673175357828,3
21.0,0.051915625646609426,0.039905640858123204,0.029343098624296224,0.07175451062791507,3
21.01,-0.08333872132169308,-0.060008704398929025,-0.03389187560372712,0.10814363738616978,3
21.02,0.03941262555053566,0.015569089786789123,0.027120576370464944,0.05031180052673586,3
21.03,0.05202752966290308,0.05437381796978499,0.020936966935108544,0.078113587216805,3
21.04,-0.10361228699569694,-0.06268273409553149,-0.05188486597030045,0.13174471711201863,3
21.05,0.005130634232629061,0.005443928962032,0.006140624440352837,0.009678173313706186,3
21.06,0.073407947436367,0.05161389476770007,0.029492212621831035,0.09445904660350393,3
21.07,-0.044495077719221066,-0.04267805513030752,-0.024621270445778973,0.0663885177520125,3
21.08,0.045033582425826536,0.025731491367064988,0.004578864449178276,0.052068216732676774,3
21.09,0.05531007424219946,0.04411472402299559,0.023560015950226807,0.07456800614122401,3
21.1,-0.10456117122920736,-0.06632136977265209,-0.04597046340403406,0.1320789389831933,3
21.11,0.005732157919629865,0.007404306227596523,0.0077412243483661785,0.012149400789312096,3
21.12,0.05391348049958806,0.030240049910946448,0.02833700334518085,0.06800080703036387,3
21.13,-0.06199429501375281,-0.034345933011984575,-0.02204767177935189,0.07422287760256926,3
21.14,0.04684391594606489,0.03366003657901475,0.020380582671767056,0.061177762902081795,3
21.15,0.05169489250442824,0.029555853661187584,0.027151333434278883,0.06544543760985419,3
21.16,-0.06643283866387228,-0.032758503625889446,-0.026675220353917728,0.07872743482216071,3
21.17,0.002686305241572119,0.01217188007225078,0.005449974428150155,0.013604158247081811,3
21.18,0.059806144472184956,0.027424488111573518,0.025164787662481102,0.07044248719989561,3
21.19,-0.0803041588318611,-0.0361208565480948,-0.0412707189034045,0.09724580423989843,3
21.2,0.0436998000449967,0.032318519612616545,0.021814941897563094,0.0585666366109394,3
21.21,0.04088438322744612,0.027941121583050253,0.02064751674744252,0.05365220419557237,3
21.22,-0.09288576346414097,-0.0517232189926545,-0.03775197696706406,0.11281962684834664,3
21.23,0.023407882482063935,0.025107518914069604,0.015756229399122485,0.03777003088683209,3
21.24,0.05197107926825266,0.026685363409760278,0.021326367116458918,0.06219256896932265,3
21.25,-0.07094955818715337,-0.04720768876485883,-0.03503949459584599,0.0921421286220606,3
21.26,0.031038410312286636,0.01286232484015959,0.012138734710455425,0.035723538393872226,3
21.27,0.043261821125449115,0.019619774889409643,0.01922722327059144,0.051246530111790374,3
21.28,-0.10391333074805018,-0.06954185105197432,-0.044758207491009575,0.13280567191463216,3
21.29,-0.0018964733828127087,-0.0013168864835973206,-0.008389174528005928,0.008701094791101972,3
21.3,0.06371775917844563,0.046886568888931814,0.03001183239988799,0.08461095236964247,3
21.31,-0.046119583738721784,-0.031777395922108126,-0.0229275372731091,0.06051851668070849,3
21.32,0.034638232032440874,0.0209318235634287,0.022863363423935797,0.046483133963607565,3
21.33,0.04130336190594317,0.02564673825470901,0.020152630323903985,0.05262937769735461,3
21.34,-0.0934624988874113,-0.06410128110124187,-0.04167590223615047,0.12075219983212297,3
21.35,0.007239928710966208,0.004836046000172134,0.007880438038497984,0.011743305000478344,3
21.36,0.0695508242968026,0.05917056565637132,0.02819229017199084,0.09556818626301007,3
21.37,-0.05817707268105156,-0.040179688757732264,-0.010047360645480927,0.07141378459614747,3
21.38,0.04559733349454489,0.031182326160354656,0.024435365461268788,0.06040315696889734,3
21.39,0.03876932572259028,0.018846995067576346,0.026184053281922227,0.05043683660115977,3
21.4,-0.10221443764066959,-0.06310371168961915,-0.038071116228434496,0.12601301354258565,3
21.41,-0.015272954692877462,-0.0003510845149712928,-0.005256685321263119,0.016156086962941348,3
21.42,0.04586541099224759,0.033457790604897175,0.026512739437320958,0.06265768133373757,3
21.43,-0.04123844649949487,-0.032662155629571844,-0.022106039401298364,0.057062271757035994,3
21.44,0.031699080518600174,0.018302778761829182,0.00938529930137617,0.037787660143300414,3
21.45,0.051077505199284196,0.028713907830035346,0.03727020955245919,0.06944399585521335,3
21.46,-0.10211865601185617,-0.07057086085204584,-0.04203948249314021,0.13105641684159408,3
21.47,-0.007371230159742919,-0.010381002298288942,-0.004593241907329466,0.013535069782022978,3
21.48,0.0766257400701721,0.06332667107255464,0.02435963524484299,0.10234824443875383,3
21.49,-0.03081202214810988,-0.0010380028797490164,-0.02699988726739728,0.04098111847285458,3
21.5,0.04736186574110064,0.05695997742080333,0.017097378289232232,0.07602569104336755,3
21.51,0.05902881716521872,0.04647782940686573,0.02711387285077059,0.07987334964345921,3
21.52,-0.1074891994602004,-0.08199663553725149,-0.05095574176488681,0.14447790093586435,3
21.53,-0.026435525754138725,-0.012489759530531382,-0.023397582994479145,0.03744700261718915,3
21.54,0.04363151559927003,0.013935783780318591,0.01861092736566609,0.04943967880631137,3
21.55,-0.05242823108391844,-0.04951920602826561,-0.02361514056374985,0.07588508446397245,3
21.56,0.04738791717702148,0.023103613137853425,0.03484034254778806,0.06319209684167042,3
21.57,0.059825855912505166,0.05678484348482315,0.023095824747348854,0.08565669037512448,3
21.58,-0.08025407812100174,-0.040022387411094595,-0.03689860250161256,0.09697430286270482,3
21.59,0.003059779882639979,-0.000774476539335735,0.005806782010134246,0.006609143980381157,3
21.6,0.08854960904955816,0.054981027193696554,0.040417124535153455,0.11179217579863851,3
21.61,-0.07560789925092132,-0.05135736856435809,-0.029722722239559407,0.09611229865278836,3
21.62,0.01237169409446335,0.003161904727662747,0.0010429106851677665,0.012811874139681222,3
21.63,0.04133368443619777,0.030658874826127287,0.01220680740026589,0.05289088977869918,3
21.64,-0.10495581548691414,-0.07292147061299396,-0.04075027819667429,0.13414115421447384,3
21.65,-0.020552466947352625,-0.015307914635877677,-0.01660750707720038,0.030537606969777458,3
21.66,0.06260657244275739,0.03989115014584043,0.030343373697500106,0.08019730107886645,3
21.67,-0.014889932167916356,-0.00860321755654687,-0.008524287662773779,0.01919346014787703,3
21.68,0.03242574514335613,0.02999641227434787,0.01932853056366026,0.048216239911308724,3
21.69,0.04716736962989799,0.014920823515951566,0.02120463677807119,0.053824049950626396,3
21.7,-0.07502974426480524,-0.05755991222004529,-0.03649329436791212,0.10136255005200136,3
21.71,-0.020947965468641645,-0.01783393369984999,-0.012301199427282885,0.030136123769254612,3
21.72,0.08132438739517325,0.055599829556240814,0.03024423814623251,0.10305198189714387,3
21.73,-0.028461081225408358,-0.013797653385810793,-0.0053345942376538035,0.0320759454912038,3
21.74,0.05870485440306488,0.03713929531299104,0.030424350649499235,0.07583685317360081,3
21.75,0.0673039215977077,0.05466173148268416,0.02217422699235433,0.08949535794567172,3
21.76,-0.09928747624223211,-0.06337377756777031,-0.03779055998110419,0.12370272852870492,3
21.77,-0.003853022280344988,-0.008646202156958346,0.005235653682398015,0.010817331552366968,3
21.78,0.06662402636113318,0.049316109271562075,0.03263157557853179,0.08908231725202849,3
21.79,-0.033097313719692156,-0.012593140534489214,-0.022216078978136627,0.04180398939268742,3
21.8,0.026672104888623965,0.012003273913669416,0.01157152975448792,0.03145441248370941,3
21.81,0.04550396789418306,0.026849771053954356,0.026863236218668207,0.059271871574167245,3
21.82,-0.0905375980615068,-0.05737479134826984,-0.04665576586046104,0.11690031579525618,3
21.83,-0.02418491563785224,-0.019226226333658274,-0.010952071264862837,0.032779655099370995,3
21.84,0.0604337416231944,0.042248831787087604,0.025149569392716432,0.07790829066660172,3
21.85,-0.054866036044186085,-0.05170587837476308,-0.023521931072974286,0.07897506575565147,3
21.86,0.03586081454078062,0.010084775840882115,0.019387474296198158,0.041994938776891276,3
21.87,0.0644312870916792,0.04159146472494136,0.035284388433999316,0.08441699332135545,3
21.88,-0.09351387815859992,-0.08590261206437151,-0.03441024298197581,0.13156051455441328,3
21.89,0.003130259996628802,0.0006227084123911679,0.009026327595470868,0.009573969044973782,3
21.9,0.05098628525609324,0.04180687017177774,0.027818852438797694,0.07156328827539434,3
21.91,-0.057750451352525774,-0.03995054821925082,-0.031268040918429975,0.07686905305333051,3
21.92,0.024793099934996118,0.006961756381411298,-0.00741288706350508,0.02679766316149799,3
21.93,0.04968067753271873,0.03586838582908098,0.020682774196737308,0.06467215761490429,3
21.94,-0.06695282846335432,-0.040238283360791535,-0.02101802511496608,0.08089226209471488,3
21.95,-0.043787594558282295,-0.02411524063737889,-0.023390158112051355,0.055190558655498,3
21.96,0.05452787419040532,0.030390455503600027,0.02443781056110316,0.0670378656765065,3
21.97,-0.03940502886254431,-0.031436866068095766,-0.02977813894976067,0.058547163954820174,3
21.98,0.027084838548393293,0.01769790794774198,-0.004226685940126417,0.03262927058571402,3
21.99,0.06191467305309937,0.03965011049948783,0.026552815066494873,0.07817039074898667,3
22.0,-0.08105284378821931,-0.049431396278360386,-0.033168754097341234,0.10056437079083065,3
22.01,-0.01923364999510115,-0.014789648561082884,-0.02395286365295777,0.03409408561424666,3
22.02,0.050671948187374284,0.042676274475627364,0.02438542231045209,0.07059433091603123,3
22.03,-0.023547993460407656,-0.011362736696719705,-0.012279380111059692,0.028886033946567857,3
22.04,0.027557086671203684,0.0034366505784874657,0.005809215833707289,0.02837165102008421,3
22.05,0.08084198786179134,0.04068083666548708,0.03325909340565064,0.09641848768475811,3
22.06,-0.08514421900006242,-0.06384511216123631,-0.037200318950247606,0.11273686223241973,3
22.07,-0.024090405082864468,0.0015617252285387538,-0.002469870240235948,0.024266991196882234,3
22.08,0.0424675264683166,0.04342070884564644,0.015429417656769098,0.0626651074380519,3
22.09,-0.043684707055260945,-0.029216686416752694,-0.02189319666264422,0.0569322444295677,3
22.1,0.049820222714820755,0.033396251864465314,0.010314227510383137,0.060858421924045066,3
22.11,0.07036981805352674,0.04185360471146586,0.02897985925812212,0.08685313905006924,3
22.12,-0.0785510033600751,-0.0525035443392497,-0.038416184580143245,0.10199355633937726,3
22.13,-0.016953883854517886,-0.010811278759862503,0.004402044961553964,0.020583875388747352,3
22.14,0.062358616947679885,0.05375467007393549,0.03300150867384179,0.08869758303998355,3
22.15,-0.046683633176294606,-0.03778799844098277,-0.016563585727008157,0.062302863536522125,3
22.16,0.04524689657119453,0.0394461109365051,0.016875280631999775,0.06235424936400236,3
22.17,0.04697823233473061,0.019736703834588414,0.013815795014057896,0.052795529956812186,3
22.18,-0.08278339276885686,-0.05615210666223376,-0.033337036797245256,0.1054395903982493,3
22.19,-0.022670383663907518,-0.012253775624673753,-0.021322170978894862,0.03344751542015998,3
22.2,0.05691754131383419,0.031206587943570546,0.02035271027450279,0.06802713029233025,3
22.21,-0.014078465950553246,0.0012102448889098442,0.0036920429134167333,0.014604762137280094,3
22.22,0.01953220939440749,0.02099181754952496,0.007106488613312793,0.029540917187363507,3
22.23,0.05255646254664909,0.03878638193993813,0.03112455876594953,0.07235539605159474,3
22.24,-0.07153099151872289,-0.045327977574106774,-0.03008361154774374,0.08986841482059128,3
22.25,-0.031030361033569393,-0.026863220794698526,-0.012808388520301488,0.042995008475698385,3
22.26,0.048854862888028754,0.03524872494831912,0.022958814193835782,0.06446997275846655,3
22.27,-0.07258193270268935,-0.03653331979956516,-0.04888333070158454,0.09482826810036923,3
22.28,0.017442122807433794,0.003711339797685294,0.013503068387356095,0.022368159222365628,3
22.29,0.07691794428343691,0.05927864046962405,0.044363175770585704,0.10676337730312177,3
22.3,-0.0630226110652123,-0.036825985763664755,-0.029608503708282014,0.07876970372412231,3
22.31,-0.007062106312117889,-0.00868252093908815,0.0009666162433195629,0.011233604158203578,3
22.32,0.062170131748676735,0.04652826525632545,0.02237733227580962,0.08081305432411769,3
22.33,-0.053799409440148924,-0.03440360922656173,-0.016816401579447228,0.06603617301149411,3
22.34,0.030308929478919472,0.013188542513147841,0.006245713751047134,0.03363893280172903,3
22.35,0.03954888316260659,0.018022889406592447,0.012671295847181185,0.04527140864186314,3
22.36,-0.03710444389325969,-0.027597578117546203,-0.013766700193150896,0.048248192803360235,3
22.37,-0.004726754281070399,-0.005237117336548433,-0.006957232127955329,0.009908212902065,3
22.38,0.05157470000502037,0.04098814541389971,0.027436417050478164,0.07136339906175017,3
22.39,-0.03887646746908669,-0.03789862936105508,-0.015755491705309845,0.05653248047978851,3
22.4,0.0037060892718589807,-0.009653035136256753,0.0016467182656166104,0.01047033266324958,3
22.41,0.06233283191988344,0.04204323163983568,0.02886712120538324,0.08053772996900029,3
22.42,-0.0837092324884593,-0.06488759473355486,-0.02913491662280221,0.1098475257833813,3
22.43,-0.034207938978445054,-0.02599583715370906,-0.023599431802141423,0.049019382083611625,3
22.44,0.040872726750260394,0.01453109937074039,0.022669736746548166,0.048945373684155066,3
22.45,-0.023478202446917472,-0.025509867056607467,-0.007522826145535729,0.03547636143406176,3
22.46,0.010969697165641591,0.0016773447565820087,-0.002338648655890079,0.011340944355476522,3
22.47,0.055623848770149094,0.03950446504500608,0.02508671042185655,0.0726908408968187,3
22.48,-0.06770269081420952,-0.05522551199732328,-0.027099799308809742,0.09147628458474204,3
22.49,-0.038183413308702535,-0.023380213140393794,-0.014991191364160866,0.04721592143451545,3
22.5,0.0482484233734932,0.04609534734781123,0.012834549818509847,0.06795157889399646,3
22.51,-0.019646742626848544,-0.01347286267454732,0.004528234825734058,0.024249070809617194,3
22.52,0.02620489049678321,0.014940216380303824,0.010505717143303398,0.031941766452934256,3
22.53,0.07657348959894139,0.053156378584660206,0.03488795196640972,0.09953024206745113,3
22.54,-0.044379867172129515,-0.029107439345166908,-0.01813927164350077,0.056087866880504024,3
22.55,-0.020182803255206817,0.0015305711108145187,-0.006052807000430512,0.02112639741527427,3
22.56,0.0322719417661991,0.014244981363301008,0.01397467290691155,0.037943236581199906,3
22.57,-0.03450423811487778,-0.02417621643696146,-0.01611857830977432,0.045109205887748874,3
22.58,-0.01493939608163116,-0.011106806746094924,-0.0021941059163943614,0.018744620885771814,3
22.59,0.03757559453027954,0.04466601618092368,0.007685698410755644,0.05887315403339286,3
22.6,-0.06171138064554149,-0.033229944150902996,-0.026258439816732558,0.07484670567940857,3
22.61,-0.036656424342659595,-0.028062454527348707,-0.019269125242757448,0.050024933656225005,3
22.62,0.04543544427253057,0.03361493354978506,0.021319664841045378,0.060405889305043786,3
22.63,-0.033021326799277155,-0.019168221927110617,-0.00793209176984334,0.03899675416335109,3
22.64,-0.008434795182559822,-0.009273703535632397,-0.019002205283711576,0.02276469091999387,3
22.65,0.06009752826481895,0.045492894073327454,0.019293757153060257,0.07780466168417526,3
22.66,-0.06122334635720113,-0.04037346665002026,-0.02533481315951312,0.07758973969760144,3
22.67,-0.05285062375803783,-0.02536462009218925,-0.01882354755604231,0.06157010903538624,3
22.68,0.03518807031766955,0.012899983794542757,0.012972992183512532,0.03965990923809837,3
22.69,-0.0055828812892019615,-0.013671175384920776,0.004077134789393366,0.015319681066701969,3
22.7,-0.009495996899660051,-0.006909005115658811,-0.001728962175070548,0.011870030286792769,3
22.71,0.03391676684851148,0.038209890922970335,0.02372795827640131,0.05633257354114242,3
22.72,-0.046770973730850526,-0.04256986406003316,-0.020911488740818794,0.0666108675155864,3
22.73,-0.040062344990137694,-0.04242240332977597,-0.022765845837926665,0.06263334197613313,3
22.74,0.051977409587625756,0.04322249674223862,0.010511805023467729,0.06841296205342991,3
22.75,0.008393245482392044,0.013182271055115966,-0.0055181621774146455,0.016573139524981146,3
22.76,0.005474718862316092,0.013715896571372623,0.004765091214138361,0.015517875487870415,3
22.77,0.08993729998777415,0.0775446303065356,0.04519565382391213,0.1270611456860006,3
22.78,-0.0046377499226140095,-0.0037368230032826166,-0.008163214729600132,0.010104981208499545,3
22.79,-0.026057470801885266,-0.022822006937023156,-0.010337415777678598,0.03614827727824985,3
22.8,0.04500314274243798,0.033674776119130626,0.01911708082564564,0.05936948865085572,3
22.81,0.009063419255494067,0.010706443590574832,0.0003017087132940791,0.014030842138186114,3
22.82,0.024278245377398453,0.01431977061605336,0.020561789493959093,0.03488948575567489,3
22.83,0.039910358988760795,0.017341498316354998,0.015768681442219983,0.04628407537041348,3
22.84,-0.025519606793554563,-0.002245983695300888,-0.002737215063174878,0.025764066448432883,3
22.85,-0.0633073285457482,-0.033305711971549724,-0.021024375842058417,0.07455945732822407,3
22.86,0.026796350782720246,0.015452672532278965,0.01025348352237905,0.03258778034791783,3
22.87,-0.019755222881090658,-0.0047443475074966605,-0.01359727521320393,0.024447158476540123,3
22.88,0.0032791451026269944,-0.004515496034676339,0.007227152261695469,0.009130948847572758,3
22.89,0.06595865174491605,0.045741644827203054,0.030198910391896084,0.08576022388242045,3
22.9,-0.02755931290651147,-0.020411963777118458,-0.014718227238575203,0.037320104584040795,3
22.91,-0.03625683848826272,-0.02215838539094249,-0.018253451983919783,0.046246523000402606,3
22.92,0.03592502938196917,0.030350051566407518,0.017909054240482336,0.05032362854532135,3
22.93,-0.001601862109174971,0.012054187161181076,0.00271560092698986,0.012459690153782371,3
22.94,-0.009009487109547156,-0.014542570038648693,-0.005012368953394569,0.017826414216859564,3
22.95,0.06074081649580725,0.049359713652201494,0.028545193985353195,0.08331060088647843,3
22.96,-0.0323920762434054,-0.010388564486814248,-0.006620765983233098,0.034655496211424,3
22.97,-0.0711632534075436,-0.05187855344138102,-0.02192086611535239,0.09075305677476488,3
22.98,0.03242016218856476,0.009145117236978058,0.025986033424821434,0.042543789426505656,3
22.99,-0.008971655565347058,0.008181294928876894,-0.008645074011035097,0.014905082856286445,3
23.0,-0.030103183545398437,-0.017413316840569168,-0.01388918007157647,0.0374477580906878,3
23.01,0.06345899212649912,0.04194594796165781,0.01788182531987869,0.07814259983442987,3
23.02,-0.03357983896173732,-0.012689926231239447,-0.00990003333786236,0.03723775600840224,3
23.03,-0.0775718065004539,-0.06749640333619972,-0.03255147440732991,0.10785521829358961,3
23.04,0.03023765653728065,0.023517378839575935,-0.0045336185741756616,0.03857378225850812,3
23.05,-0.005309461333753112,-0.003370040028935344,0.0009405270240816143,0.006358627252345724,3
23.06,0.012129048432555663,0.014544346116297402,0.006073776266910127,0.019888252260327376,3
23.07,0.06297444014493911,0.059089854069097114,0.029785720675824974,0.09134867334369985,3
23.08,-0.017621769727602515,-0.019521099452061718,-0.006733911540287195,0.02714674302347053,3
23.09,-0.04808433486079808,-0.025634877868307985,-0.020602379654398477,0.05825554282428755,3
23.1,0.022683707972887976,0.008009425041333578,0.004222346904688899,0.024423957711139668,3
23.11,0.03888308956168815,0.026263878862124734,0.020142156651351488,0.05106263272995437,3
23.12,-0.03708298856679271,-0.02036900400533413,-0.0349423397386844,0.054872684202869455,3
23.13,0.055008818879865626,0.0330252087298413,0.021645367306299717,0.06771378361923129,3
23.14,-0.03973425243694073,-0.03097341173925531,-0.020681858774738448,0.05446009854811314,3
23.15,-0.08236643933452556,-0.04958078356679979,-0.0340365604326086,0.1019851551640166,3
23.16,0.003347477051998199,0.002691116337035498,0.0019549707710621936,0.004719069873271788,3
23.17,0.026083774725356116,0.020750542031212214,-0.000497222879005511,0.03333459957917056,3
23.18,0.003753853770202039,0.0027848941183283783,-0.0008075053649797392,0.004743323549245942,3
23.19,0.059964882300850744,0.037675795491356766,0.030870033332190062,0.07725420139508236,3
23.2,-0.012643950701367007,-0.0006760438630171173,-0.01077435307817284,0.016625679201056866,3
23.21,-0.0718498787710028,-0.04220709232378045,-0.03773843678852479,0.09147695520226613,3
23.22,0.030412846033897666,0.022011790059820905,0.011817468639758862,0.039358768661771924,3
23.23,0.008013282384319179,0.01310369393114413,0.005453832858256464,0.016299195748801273,3
23.24,-0.01275553823608145,0.0009310491308148709,-0.006507057742154214,0.01434964838021671,3
23.25,0.059060491457155466,0.034370892954127354,0.02203370947507506,0.07179821924572244,3
23.26,-0.019153608458950127,-0.011562933021841495,-0.019197435305326353,0.029480564095155117,3
23.27,-0.04624324549505167,-0.045368621739158926,-0.0281916564790691,0.0706506835597529,3
23.28,0.03561371943357973,0.028887506451943254,0.013628683911001097,0.0478389597091197,3
23.29,0.010792763337433169,0.016022162910086814,0.006564919562506878,0.02040322556943849,3
23.3,-0.02601898794769404,-0.009688298573784152,-0.017032817764378427,0.032572499813056426,3
23.31,0.04693902424003912,0.04864849150244417,0.02557654331152752,0.07227798620490755,3
23.32,-0.02816425429582381,-0.028266396215220282,-0.006948429894898256,0.04050302523318432,3
23.33,-0.07315712313677163,-0.05735441008709483,-0.027918963187763705,0.09706163777500933,3
23.34,0.027181530290353702,0.016071783895129563,0.012599711756876733,0.033998390592108026,3
23.35,0.016207668421668403,0.016406555509208637,0.01560678991576997,0.027846642002555187,3
23.36,-0.023171066725343015,-0.015190545312686194,-0.015762235547928778,0.031876308907328975,3
23.37,0.05304043157125456,0.027508096787767645,0.02913121454349259,0.06647262918622314,3
23.38,-0.010991688988473561,-0.007923474531140725,-0.0017281136258088126,0.0136596139099417,3
23.39,-0.06283250163971127,-0.044515939052650534,-0.029865847781971832,0.08259274154415465,3
23.4,0.03676100839676252,0.03247378136039675,0.017773353593183955,0.052170971930164775,3
23.41,-0.0023828983697489307,-0.004439161513803238,0.0033935298910420285,0.006074570331108176,3
23.42,-0.03760306195121533,-0.016855270775616507,-0.015696785734350696,0.0440962527139938,3
23.43,0.05707460509897515,0.03421158804368595,0.025817193000339647,0.07137556135044838,3
23.44,-0.015881849490168305,-0.03937796362878614,-0.004399353588068311,0.042687369030794266,3
23.45,-0.04631819040738492,-0.01948309784158419,-0.016893393443661125,0.05301275889973884,3
23.46,0.03151965976980878,0.026627595112620105,0.0005201640718461575,0.04126485604176721,3
23.47,0.027057951094290215,0.023658799036302452,0.019737114278049334,0.04100518466347793,3
23.48,-0.02640167741766655,-0.01945736511540524,-0.02328937040154165,0.0402247734785532,3
23.49,0.055351720856118225,0.05171427350691297,0.022184051490657292,0.07893232054501861,3
23.5,-0.005556998473969837,-0.0075839929604520455,-0.001148911906834179,0.009471915320227193,3
23.51,-0.07918818001433897,-0.05779777867053709,-0.03688393724276283,0.1047462452776223,3
23.52,0.04765606907198097,0.042070223875794344,0.020843170047559933,0.06689874732746778,3
23.53,0.02700043098553934,0.011843943975284753,0.020015105654179653,0.035635750821927846,3
23.54,-0.024549961787923787,-0.0016810228197512607,-0.017416541572635984,0.030147344524193175,3
23.55,0.0570354005071308,0.045269759484266564,0.03193665102652228,0.07951312918985157,3
23.56,-0.01275179449841763,-0.01553965001831328,-0.010490725309392396,0.022674750343469368,3
23.57,-0.08920614860236531,-0.06471875464305767,-0.041501225338624555,0.11776504513489083,3
23.58,0.0361712074350764,0.018024335469933737,0.005858118378646443,0.040835651915725225,3
23.59,0.033795415714931755,0.02403883049595606,0.01561520787669118,0.0443151239645185,3
23.6,-0.01188468138740189,-0.014876859413305497,0.0019858759965920656,0.019144458758532552,3
23.61,0.06138626803029595,0.06106936500712641,0.024919411724048122,0.09010393068969631,3
23.62,0.012398592359967039,0.010824822752211092,0.005205223040929316,0.01726256722018024,3
23.63,-0.09459582324263598,-0.06968116006491966,-0.05600784180851349,0.13015649114428543,3
23.64,0.04215231032990627,0.038570241190051396,0.017212601264406845,0.05967205722861346,3
23.65,0.006901946105727641,-0.0009646062488998996,0.002270579034116106,0.007329587601765416,3
23.66,-0.06020549521787008,-0.048299486428925544,-0.02957468981067321,0.08265714924387653,3
23.67,0.04750045442367384,0.04357023249052398,0.023845362082852345,0.06872597487556041,3
23.68,0.016270028237071063,0.02806340005350598,0.007008287678612303,0.03318711101594109,3
23.69,-0.09293582217772564,-0.060523151356435566,-0.04639011065094847,0.12021714212279,3
23.7,0.022512245493937467,0.009307463835449656,0.017985012510610965,0.030280204015731862,3
23.71,-0.0035625716159324375,-0.0009063047168720751,-0.000558836936791337,0.0037182796398864833,3
23.72,-0.044289275891123414,-0.03331263530393061,-0.016411683023450557,0.057798053336725316,3
23.73,0.06408154841700174,0.035589285667343054,0.02899250933194634,0.0788264403559826,3
23.74,-0.0003434168945587353,-0.0061765204982303515,-0.007365594011330013,0.009618696157394132,3
23.75,-0.08624695941329334,-0.05522877409685211,-0.03242058219124294,0.10742369220008466,3
23.76,0.04144149128708399,0.02343160621770206,0.03049138889551401,0.056534610344605614,3
23.77,0.04246479978195903,0.042277628025181806,0.018232899388451452,0.06263462039532848,3
23.78,-0.058403555051989686,-0.04429674539104246,-0.02568940728882817,0.0776731777501148,3
23.79,0.05315461256188843,0.030045448062889658,0.02934660467719502,0.06774485214378899,3
23.8,0.0018788175651085776,0.00998955062053202,0.003593269206224764,0.010781125202479347,3
23.81,-0.076778912638242,-0.047919666235532454,-0.043750343704345565,0.10052556098965078,3
23.82,-0.00683116619833796,-0.008540400009405856,-0.00556239258718544,0.012269615937100483,3
23.83,0.05203385888436086,0.02679608599008412,0.021277792166950655,0.06227597557875355,3
23.84,-0.02736832810044662,-0.027658383171939492,-0.010934787882174977,0.040417584399957435,3
23.85,0.07166926291131787,0.03005181253630043,0.033173860509029575,0.08449911067011948,3
23.86,0.027633082345090543,0.02407565147802316,0.018329787665141872,0.04097810817779391,3
23.87,-0.09403198967968238,-0.07292993681370172,-0.04749328158255134,0.12812650999012626,3
23.88,0.01683593029713092,0.008596885160302643,0.002992299003133629,0.01913919634554798,3
23.89,0.036256439981244,0.0287395216480322,0.0242051093578977,0.052214718841520597,3
23.9,-0.027217030974542665,-0.009590872776473686,-0.006426932719920532,0.029564456360131233,3
23.91,0.05524849495239455,0.04122117121767036,0.016541444525496288,0.07088864886603026,3
23.92,0.016485803840951895,0.013879433604815038,0.01178360450971034,0.024561631475007503,3
23.93,-0.10136502065877863,-0.07205614559698563,-0.04243149506208337,0.13140543103179644,3
23.94,0.03093084232173049,0.0021887239534120403,0.008937599078859439,0.032270546889856436,3
23.95,0.005236562831807463,0.00587249290950623,-0.0023481365978512228,0.008211060147498414,3
23.96,-0.03791617251110442,-0.022076977239995937,-0.014379379880251671,0.04617137238254583,3
23.97,0.04915324440674859,0.01694155072615365,0.01836989893612795,0.05514082664995107,3
23.98,0.003646778010085349,0.005206634523001273,0.0027326109551323655,0.006919190382050503,3
23.99,-0.07991748983434217,-0.05210735828536053,-0.03962205506052663,0.10330483636365008,3
24.0,0.02019129735160607,0.02519937004591552,0.00552940810372771,0.03276081643411117,3
24.01,0.02396280278537463,0.016374016606274622,0.008145002536896534,0.030144077419608756,3
24.02,-0.05665284627392327,-0.02636158615548999,-0.018100442352494535,0.06505462496184328,3
24.03,0.048524332284636346,0.04053532699671542,0.017857642182240854,0.06570098129183,3
24.04,0.030093914396225066,0.026445677398147453,0.010597353144118629,0.04144057710017285,3
24.05,-0.10878995541352034,-0.07768189140437017,-0.039986495957349474,0.13953010610611327,3
24.06,0.03377651483048861,0.029895487582790255,0.018808400276988737,0.04887073820689036,3
24.07,0.0638158287304284,0.03404901602472478,0.034164164267195075,0.07999365980425714,3
24.08,-0.05336016655522368,-0.0500100313486351,-0.024596911648435884,0.07715775186547129,3
24.09,0.041572444879909035,0.03572482771747854,0.015830845396663136,0.05705389692834004,3
24.1,0.023369161941477878,0.023476919469779842,0.01348704354110514,0.03576567937446753,3
24.11,-0.09508181828546323,-0.0725256858753517,-0.053723618828652495,0.13109826276578337,3
24.12,0.024917554341299837,0.002783174787850189,0.007923461892469438,0.026294710962715878,3
24.13,0.045895831374254646,0.03556128514433301,0.021870315742950893,0.06204307414487891,3
24.14,-0.04933736035102625,-0.031792430174242915,-0.020465970001055468,0.06215938924149136,3
24.15,0.05695081824446044,0.03318207269490982,0.02690041026097711,0.07119043277893969,3
24.16,0.04422622310481515,0.028867917373831976,0.0186157929082471,0.05599877864044911,3
24.17,-0.09838184581015902,-0.07130225143488039,-0.03739557822023673,0.12712760485088456,3
24.18,0.02801535509357241,0.010922315852833544,0.020008740875244492,0.03611795697462264,3
24.19,0.047433942864619855,0.037192599624331316,0.019888164507461187,0.06347288783390645,3
24.2,-0.03411939986395668,-0.013499056238680376,-0.011063098374307342,0.03832427575377289,3
24.21,0.04069318039748285,0.03317159410985962,0.018683043025413223,0.055725628604267864,3
24.22,0.02835803752314049,0.02203064435699708,0.005261904628462229,0.03629345978640454,3
24.23,-0.11634289606443335,-0.07114292952233904,-0.03977686592196395,0.14205345806510286,3
24.24,0.03859416054859696,0.021800441657040467,0.02491746569796509,0.05084927316788482,3
24.25,0.037870975996899564,0.03465125010977374,0.017834837704442986,0.05434152549452084,3
24.26,-0.06397417172711835,-0.05049412408633217,-0.023418089229262386,0.08479833794695764,3
24.27,0.07415109499151577,0.04795211615121278,0.026900122909291845,0.09231146702525751,3
24.28,0.04058848094065386,0.02642075467726259,0.008382240619627382,0.04915020875429977,3
24.29,-0.09458180594595204,-0.07536635320700387,-0.03660950075043755,0.12635687855006897,3
24.3,0.013027974627595652,-0.002067014507563386,0.011675602116120329,0.01761591202991509,3
24.31,0.05945267958447001,0.03469968962482173,0.024102566506324582,0.07293574762778823,3
24.32,-0.052785541402718114,-0.024222298981369152,-0.02492465855695277,0.06320025121232972,3
24.33,0.020689948348590732,0.010759503899510846,0.0005702514268349917,0.023327367479438154,3
24.34,0.043173344754791496,0.037414135258421986,0.022294364416740788,0.06132531205952413,3
24.35,-0.11026656384914035,-0.06893312813120671,-0.0445478560236197,0.1374590947640463,3
24.36,0.016937681530239473,0.018694887744402384,0.017310379834947848,0.030594658576715495,3
24.37,0.05275848969109881,0.04259469726899476,0.023112899324448787,0.07163778741073173,3
24.38,-0.046413412826401476,-0.028260467760259048,-0.031947276821544746,0.06303560441952644,3
24.39,0.042468984067741515,0.014554491909655444,0.025802225229520408,0.051780330911352895,3
24.4,0.02891964677664112,0.02582704661820283,0.009223612272424726,0.03985545546166215,3
24.41,-0.10283737436674883,-0.0833172408450288,-0.05271746847343184,0.14246550344178996,3
24.42,0.002102546116600365,-0.0053021911009602535,0.00734214225852404,0.009297364335548966,3
24.43,0.06340010191766915,0.04353774951984298,0.026138409961093952,0.08123007467507118,3
24.44,-0.07106796303009269,-0.053781666749734745,-0.03244256198677434,0.09484536296462702,3
24.45,0.04328034461391802,0.02751084919867374,0.032867930300574694,0.060912526591622405,3
24.46,0.05335078608393677,0.03679323383730726,0.02340743260376197,0.06890541584723521,3
24.47,-0.06930329331739722,-0.04602769308874841,-0.027902561273878267,0.08774991693073986,3
24.48,0.0029722197791836463,0.0072454736204563405,0.006774684469254103,0.010355062919096722,3
24.49,0.06473795594639059,0.02880593565583745,0.02532458152173744,0.07524705508108728,3
24.5,-0.042070431982626146,-0.013866644832658382,-0.021906202802752687,0.049417474716492694,3
24.51,0.044752234211,0.03312964926638747,0.015674740115092827,0.057844909932212245,3
24.52,0.05179195564676557,0.04470627034598835,0.011464790008469838,0.06937217517062183,3
24.53,-0.11581212811353564,-0.08733564375646972,-0.05379904084054827,0.15470714425619123,3
24.54,0.008856584919227164,0.008125298382632033,0.011638931542720207,0.0167309383387308,3
24.55,0.0361935261369373,0.02297069035043144,0.02071965523466839,0.047612267982570296,3
24.56,-0.04674395223396889,-0.031858051447976085,-0.014925707046672242,0.05850392502521978,3
24.57,0.07571569613705385,0.05417029296598178,0.03974552036391485,0.10122743536481273,3
24.58,0.06519621578631007,0.05071249762992518,0.03259893791542805,0.08879749276828826,3
24.59,-0.10612507457873391,-0.07805011923270004,-0.05458901160809016,0.14259843181090293,3
24.6,0.01595610137613133,0.0070160922913178846,0.005600554557994988,0.018308165760740448,3
24.61,0.04897470196119546,0.030754814653411372,0.01910533481493116,0.060904793530100976,3
24.62,-0.0657223852267164,-0.02619934227937835,-0.030193021108973775,0.07692500230385352,3
24.63,0.07698428432965587,0.04838929073257786,0.02975005891085927,0.0956721981379692,3
24.64,0.06114330160687216,0.0413883068101229,0.03050520480295709,0.0798878137895146,3
24.65,-0.10343790105110387,-0.06806749910654282,-0.04782569890085465,0.13273990087322038,3
24.66,-0.0020760183210572058,-0.004729619535534929,0.0009117967709931762,0.0052450477950036255,3
24.67,0.08290431485378166,0.06330342379726109,0.0337157018300044,0.1096229785935429,3
24.68,-0.06126441582374374,-0.04286145248213545,-0.020980245395070138,0.07765696009978951,3
24.69,0.029944969806729102,0.02679367755599785,0.011716984732737704,0.041855586304911666,3
24.7,0.04011011393748697,0.03312183188570699,0.019308680838536645,0.05548605359248119,3
24.71,-0.09424562548689214,-0.07702556847735437,-0.028990366609307705,0.12512240997845753,3
24.72,-0.009834829972788266,-0.0008515262193628014,0.0067542818663472795,0.011961158013586494,3
24.73,0.0674826077480914,0.0592256197596431,0.038180849585138434,0.09756717511253238,3
24.74,-0.05422919098541268,-0.03207146969276894,-0.031608274333699615,0.07048735581323061,3
24.75,0.0507597774180532,0.03995406185470659,0.016557294790507257,0.066686026069933,3
24.76,0.03350723129102598,0.03210297677317925,0.014652987277442313,0.048662569831878826,3
24.77,-0.09898693233756209,-0.0688045459296909,-0.05184189814545533,0.13122522896728284,3
24.78,0.0030266162737408323,-0.002181012704014963,0.013442642240049634,0.013950693634279055,3
24.79,0.06394638319358596,0.04328959521468147,0.0287428513423354,0.08239709024400982,3
24.8,-0.07316658454082547,-0.060360503225698185,-0.03029722897067907,0.09957239339461033,3
24.81,0.03972385737339819,0.035063590423195595,0.014138879148415327,0.05483929359101181,3
24.82,0.043427010509641636,0.029608978561048317,0.030105115092973984,0.06057156765343253,3
24.83,-0.0990723716445103,-0.08413627433459844,-0.042447019158581054,0.1367333058096078,3
24.84,-0.007873627225535057,0.0019998422304982784,-0.0037751736313931515,0.008957974691900919,3
24.85,0.04784802799770009,0.038146953346893414,0.006924567110550221,0.061583873397077486,3
24.86,-0.06810583599532842,-0.04872167904898522,-0.02469325756118541,0.08730385945053024,3
24.87,0.05893658212304338,0.03962057627825278,0.025065937106855948,0.07531010543089116,3
24.88,0.04561064046309645,0.042187202096050314,0.026004392230298535,0.0673522008505591,3
24.89,-0.09683213757623121,-0.08546237558385955,-0.040800093016957195,0.1354434498165607,3
24.9,0.02390721698662494,0.013922830712057984,0.007351196749334776,0.02862586824411835,3
24.91,0.05175962956813661,0.04275200368301389,0.023398233192431544,0.07109339201691364,3
24.92,-0.05681125769300634,-0.0380987850395445,-0.01782917924117175,0.07068886796776719,3
24.93,0.04673718838993209,0.03247455004397216,0.01840734252887469,0.05981464233889369,3
24.94,0.06190254924487006,0.049084655723413056,0.01355604256870283,0.08015606852025636,3
24.95,-0.10864889299136739,-0.07582609767105404,-0.04851554311749836,0.14109548880193043,3
24.96,-0.023446799943603984,-0.00814511361812825,-0.014894345033727729,0.028947138328880385,3
24.97,0.06876736258385237,0.048981302902168074,0.02721403494972296,0.08870581654535231,3
24.98,-0.04124881669288671,-0.033420275298069305,-0.021341893505715193,0.05721762052000589,3
24.99,0.036334321793479604,0.02127502631419053,0.01067537770236384,0.043437004661345535,3
25.0,0.058253257066381535,0.03378067515082054,0.03405955816480587,0.07546276879938205,3
25.01,-0.09727971350415486,-0.06132630941926566,-0.048710677549902597,0.12488790571471901,3
25.02,-0.014598176203555956,-0.011371938729981344,-0.011193975856143719,0.021627131904541703,3
25.03,0.04866352971146228,0.0322712839197096,0.014090186031421594,0.06006753059852675,3
25.04,-0.03212307439692473,-0.032443180184217546,-0.018532230174358,0.04927367861659359,3
25.05,0.05068368654095958,0.054919834152137206,0.03082300545121503,0.08083985359787668,3
25.06,0.06192659665222178,0.042347536697010656,0.021560774829465917,0.07805821064102457,3
25.07,-0.09277325786449041,-0.05691453746048537,-0.05334300420892452,0.12120898501004604,3
25.08,-0.032315271912605935,-0.034754434967638026,-0.010268000585515021,0.04855491102586407,3
25.09,0.07075379658039338,0.05980538523359165,0.022429870777689456,0.09531989790480179,3
25.1,-0.05173353124427617,-0.022567280527409694,-0.025751812176818416,0.06203866726321123,3
25.11,0.05416637651538139,0.020235619513467227,0.034996242667664254,0.06758856147865495,3
25.12,0.0676101194098353,0.050597609472771386,0.03884948770897258,0.0929544459733954,3
25.13,-0.09987707644870347,-0.07885386993054963,-0.04913052122753432,0.13640810576741177,3
25.14,-0.00013588567629024308,-0.0053423323792003985,-0.0030538294691375037,0.006155067391462623,3
25.15,0.06964407384563322,0.04667108365806997,0.036032608010355155,0.09125149813379772,3
25.16,-0.06404787790787389,-0.03365717995193576,-0.03340402044526972,0.07969168719965028,3
25.17,0.021760567353112038,0.016714705214884818,0.012724461477956743,0.030245918432969237,3
25.18,0.07915177571112375,0.055606975534935245,0.030097143249474722,0.10130635398703444,3
25.19,-0.07757488623628046,-0.061514304981902336,-0.04112403731885962,0.10720568612429711,3
25.2,-0.02089892534059514,-0.018244949789064602,0.0015590268970812667,0.027786216692149382,3
25.21,0.05766537446701776,0.03970321558521385,0.03028548361721939,0.07628139522948053,3
25.22,-0.0359470936868166,-0.032922400612748856,-0.021416047454493603,0.05324213646359637,3
25.23,0.03628458966490518,0.03106239849029599,0.0192870370480751,0.0515114923605821,3
25.24,0.055953065493581186,0.043021140936566366,0.027953694439907847,0.07591424858649809,3
25.25,-0.10145652693815582,-0.06483697425860953,-0.04879571327008883,0.12991644131094823,3
25.26,-0.03986050861538538,-0.01671325937209757,-0.00743648774055752,0.043857662224880176,3
25.27,0.0675266962289757,0.04255901355380177,0.035432269685691284,0.08733023573398048,3
25.28,-0.056061267918116976,-0.027452977883601425,-0.022687385560723895,0.06641723585670622,3
25.29,0.05380999277584518,0.04558756913898281,0.026097356060911396,0.07519849583540908,3
25.3,0.05089087093783726,0.03143735104348201,0.03682107688943775,0.07024229131186294,3
25.31,-0.07810937325901267,-0.0579347246523489,-0.04050455414739087,0.10534764078107381,3
25.32,-0.014427772340631334,-0.014401709442285474,-0.005806077586593712,0.021196235196719416,3
25.33,0.04821581917934793,0.02982129310557801,0.017097616960488757,0.05921489041915017,3
25.34,-0.06711891791180344,-0.05416057553486507,-0.033488901858594954,0.09251931491107053,3
25.35,0.02793528893908538,0.03817122513324735,0.021004324236951453,0.05175523580213143,3
25.36,0.051666675160873594,0.03308916534323867,0.01825509047313798,0.06401239343653596,3
25.37,-0.08706887398993428,-0.06934849850015519,-0.0342405086846592,0.11645864286125483,3
25.38,-0.00650141695052642,-0.00822200999172842,0.006535340990355538,0.012352350081215135,3
25.39,0.03636243579417463,0.031050016503475504,0.0194285398662025,0.05161199882860761,3
25.4,-0.06688803582323977,-0.03585950064397657,-0.04185233542709288,0.08666908966539487,3
25.41,0.043737082516945545,0.026762878483649864,0.019256363316978033,0.05477217888691457,3
25.42,0.08249270163125323,0.061885039954615036,0.03827993247978623,0.11000071464887973,3
25.43,-0.11249843107961012,-0.08432123249519378,-0.043085287941714866,0.14704526269792847,3
25.44,0.007326405173964327,-0.010162544703821821,0.0044641333761833695,0.013299699787236649,3
25.45,0.06400299311624594,0.04055478225684063,0.030185434664324162,0.0815612282742981,3
25.46,-0.05883105461417414,-0.03617432530728916,-0.022086093728147578,0.0725084156124104,3
25.47,0.020170514916393736,0.01782108113133918,0.011591466850607444,0.02930533583549192,3
25.48,0.06497632497386319,0.04706278628687359,0.026162036923405754,0.08438768177983479,3
25.49,-0.09115523481657567,-0.061052372733046666,-0.042859449228037645,0.11778625318317348,3
25.5,-0.010899300533999064,-0.0042783307699843405,-0.00947062462327538,0.015059601490836901,3
25.51,0.039256999735543,0.03020178252231117,0.013889637409687126,0.05144105095285266,3
25.52,-0.032504202990552164,-0.034240430961493165,-0.016558932206229317,0.050031275821133106,3
25.53,0.006742241457186823,0.00637215880915562,0.01028325861927,0.013849463368192249,3
25.54,0.05579499558694607,0.046080641184341554,0.020708028320179792,0.07526838288030861,3
25.55,-0.07964010334192784,-0.05361530114817901,-0.04257873518724997,0.10502426037668074,3
25.56,-0.017011044597562433,-0.011553306265909835,-0.014479821038062952,0.025149945154383537,3
25.57,0.04960417636782874,0.031183643967931534,0.024883979515995684,0.06365694306830846,3
25.58,-0.033045878362473996,-0.01634028685285756,-0.01574247369325272,0.04008566488364451,3
25.59,0.03337681499580889,0.020310963914262747,0.01832433436046974,0.04315470153002137,3
25.6,0.06488189922838848,0.04428627105769267,0.02909903973463511,0.08377164654676461,3
25.61,-0.06592049425659313,-0.05240770102473276,-0.017774316032842127,0.08606976821257654,3
25.62,-0.021372447170016642,-0.012440538796925011,-0.02063181255886091,0.03220590307780422,3
25.63,0.059930871617894066,0.03919550180775623,0.025810686673061852,0.07611956569356722,3
25.64,-0.04838792741333088,-0.03293703688282991,-0.029469105781515813,0.0655337173792304,3
25.65,0.016090290730744958,-0.001735303685922819,0.0036351119142927434,0.016586825293337708,3
25.66,0.07231488587068041,0.048241808035268244,0.02210814537171284,0.08969662676365256,3
25.67,-0.06541431798685983,-0.041599012992970724,-0.031643010286096826,0.08373046625715988,3
25.68,-0.0036037123534584624,0.021240812138976214,-0.011119394906505337,0.0242445826141958,3
25.69,0.07653113337700833,0.06556735461721554,0.03078306268778564,0.10537404479239314,3
25.7,-0.04290933275087912,-0.035684745550149714,-0.011478621218826392,0.056976930833363505,3
25.71,0.01971860862424958,0.020736668345563203,0.01654048520590238,0.03305178650234943,3
25.72,0.06301695394062364,0.043618517843044914,0.011913486222051545,0.07756057462874885,3
25.73,-0.08195931413000852,-0.06345368796120915,-0.035660153701344795,0.10961453485073706,3
25.74,-0.030601200425711975,-0.02200990443742152,-0.0003196971133037074,0.03769577651519168,3
25.75,0.0562317492839728,0.04181308772577893,0.02700446417942351,0.0750971705080626,3
25.76,-0.052113763266563994,-0.025384538825445953,-0.018252231675067284,0.06077304578762181,3
25.77,0.035580821030459106,0.022376224546538134,0.015208453733484326,0.04469885138481961,3
25.78,0.08765036418183976,0.06347311051102393,0.03360705322555229,0.1133175014093538,3
25.79,-0.08349327921493663,-0.06518998330864595,-0.03765470317366556,0.1124221431433406,3
25.8,-0.02925583864638942,-0.008031646722651171,-0.0010191096659859337,0.03035539537697297,3
25.81,0.05964308723663036,0.04555872341485566,0.023382007936189223,0.07861051729530617,3
25.82,-0.03969481017134904,-0.031093423064788395,-0.016722731009812794,0.05312371075943307,3
25.83,0.00785131235087751,0.007966491774471212,0.012048441627701943,0.016439983043783843,3
25.84,0.08493056359746916,0.06282959993692618,0.05244842073716491,0.11794742938716644,3
25.85,-0.07271717423746155,-0.054688352237583185,-0.041543439252429225,0.10002230073570388,3
25.86,-0.04367637515693777,-0.022532614107112294,-0.01273008296555372,0.050768094879160945,3
25.87,0.049500163936159663,0.022334531173882524,0.020897989117871975,0.05818782915382312,3
25.88,-0.037896482688790964,-0.025240908721577436,-0.021276300317935495,0.05025860949620292,3
25.89,0.0009244166805364058,-0.0026799891615021205,-5.454886261675837e-05,0.0028354653380769034,3
25.9,0.06408363123497304,0.041205165689214174,0.030878572155487814,0.08220744303344601,3
25.91,-0.08262107444896442,-0.051108981638821695,-0.0423856256737499,0.10599486407847308,3
25.92,-0.010161709958411216,-0.03330712906339829,-0.006947565876744481,0.03550906739603913,3
25.93,0.05536827085628461,0.044126262632346744,0.015571494407443789,0.07249306111342513,3
25.94,-0.05026639717269152,-0.0442132128739451,-0.030186654324415793,0.07343536598030492,3
25.95,0.026504903810041957,0.026294299401815872,0.014649162482528177,0.04010608517982555,3
25.96,0.0513898238754347,0.04559963150075031,0.020610281309214985,0.07172882326232179,3
25.97,-0.06988739400901964,-0.03683168873317639,-0.020719564719268013,0.08167081179017069,3
25.98,-0.017646482767017177,-0.023332910927146643,-0.015148443393054857,0.03294386776948603,3
25.99,0.04583613148468061,0.03353739326350373,0.014976009792997895,0.058736603287147984,3
26.0,-0.01863651916998666,-0.0004401242649341823,-0.024244443314386445,0.030582782537996143,3
26.01,-0.0075526975780279716,-0.02819340886696194,-0.003866619533728931,0.02944252521207126,3
26.02,0.06286773547690838,0.06523507657337085,0.026422946161937712,0.09437234480187902,3
26.03,-0.06036544202638951,-0.046736035256259356,-0.02448527756643827,0.08017338960042313,3
26.04,-0.04650483722678825,-0.03936151245130138,-0.014928674437013342,0.06272873239903991,3
26.05,0.048652239149629815,0.028518720797625543,0.016369855975828296,0.05872248287389637,3
26.06,-0.010306315947323636,-0.010254018505815924,0.001318257100856408,0.01459804252999803,3
26.07,0.028629344400995002,0.013163933089058728,0.01959525958674252,0.037106639479691825,3
26.08,0.04610669156054468,0.036095996120966006,0.025036176201032746,0.0636832635893698,3
26.09,-0.06906118657700966,-0.047319345092235725,-0.029865322005946455,0.08888478705549956,3
26.1,-0.02889938301705233,-0.02027765032577329,-0.011600977503306664,0.037161002684707706,3
26.11,0.04054846072680077,0.02433659429788647,0.02157327614123449,0.05197935871861812,3
26.12,-0.028121799609906784,-0.012226079505735137,-0.010327715169300783,0.03235698277031583,3
26.13,0.01833427808717842,-5.4313219111779346e-05,0.011518524034776875,0.021652369358652036,3
26.14,0.03709667285011982,0.01850711729361375,0.024011292866605846,0.047908440928445074,3
26.15,-0.05466550415060622,-0.04109510049425079,-0.022067722907265993,0.07186173545764386,3
26.16,-0.042257897987453615,-0.03387486968942925,-0.018097369786190257,0.057102990569426054,3
26.17,0.035718581902329495,0.03035166307808687,0.011955435161578768,0.04837326714851743,3
26.18,-0.035283355867643904,-0.024144322853783266,-0.027610190438340315,0.05089387137359411,3
26.19,0.02184186573768314,0.023349102048423248,0.018433269887229334,0.0369057326726634,3
26.2,0.05219025501220964,0.041177747878943065,0.029924636157750865,0.07290345319527082,3
26.21,-0.05024819494485965,-0.029075317968644692,-0.02881782896760313,0.06481298077237643,3
26.22,-0.05654038710996461,-0.048800258508408356,-0.027420456481988882,0.07956231544338552,3
26.23,0.04291796525574176,0.036394605350992884,0.010866060298678835,0.05731134535815838,3
26.24,0.008316462866867845,0.0027631517076126457,0.008703121120040513,0.012350825041484867,3
26.25,0.01211967418197113,0.023391968801334352,-0.0014032773177802514,0.026382567993096007,3
26.26,0.05603254247982672,0.026269959032534484,0.016004059437927046,0.06392093931426014,3
26.27,-0.0427051061404875,-0.029825530435380086,-0.025177293337914887,0.05785485680602365,3
26.28,-0.048534717637223404,-0.0411104570563641,-0.020817080816243217,0.06692562550487043,3
26.29,0.024744305079376864,0.010733371509954712,0.002802703140357214,0.0271171724692113,3
26.3,-0.0026896342303528754,-0.010352449132950223,0.0005682357945004585,0.010711219690658916,3
26.31,0.009285923417558963,0.013468446377030662,5.054938802101332e-05,0.016359400256988323,3
26.32,0.06488299982328931,0.043899307953901234,0.03181588472134008,0.08455296225149074,3
26.33,-0.031185830963305194,-0.032984581864274144,-0.016530623830158506,0.048309421626087104,3
26.34,-0.060033042466913586,-0.03716367046647187,-0.017369545059602837,0.07271042350277117,3
26.35,0.06359106347502853,0.036854349245478396,0.023126386166613652,0.07705125663686571,3
26.36,-0.025403640887398733,-0.01705974636991848,-0.015071722262758021,0.03411065417882775,3
26.37,0.022823305036237043,0.024524464673289767,0.008821484218323343,0.03464348718161451,3
26.38,0.06427641815486204,0.040547966190124726,0.03594799579495024,0.08407052928730696,3
26.39,-0.04904772364840472,-0.04082534697502872,-0.024936035183500176,0.06851418832179598,3
26.4,-0.03745644263201987,-0.02480221607899388,-0.01922170770027227,0.048863166741315536,3
26.41,0.05561413955352504,0.043017580280063125,0.025615151658612025,0.0748303462902874,3
26.42,0.0012217013482042254,-0.004646478362909703,-0.013166117301674695,0.01401531163273403,3
26.43,-0.01159469471390898,-2.5096405889095397e-06,-0.01382338759945202,0.018042255860388653,3
26.44,0.03581038744823123,0.036199308391213006,0.019290130089840346,0.054450738250987424,3
26.45,-0.03001633792588696,-0.029044686380761957,-0.013505493695435425,0.04389729729032649,3
26.46,-0.024021120482554205,-0.023896753681437406,-0.018637745469837805,0.03867084977017103,3
26.47,0.04197442099698624,0.03039238470382414,0.02074405034636281,0.055819930945764505,3
26.48,0.010581313785470043,0.021039574605203965,0.013351904550557778,0.027072149085762057,3
26.49,0.005330126660264233,-0.0034672237647904096,-0.0009490949041844302,0.006429049073287261,3
26.5,0.060893662131209475,0.030311079196738668,0.030077991727379055,0.0743739550929836,3
26.51,-0.019014127185340454,-0.011020397186260501,-0.00900098969702742,0.023748768437315545,3
26.52,-0.04718274007185717,-0.028741757405170647,-0.03255884579120534,0.06412782561947354,3
26.53,0.04991580186766613,0.03397536154853621,0.029727591670132003,0.06730261640495083,3
26.54,-0.02587919215986393,-0.017864512422028453,-0.014420847370734544,0.03459529201804767,3
26.55,-0.015526784541396133,-0.013415322878833241,-0.010849867659390944,0.02321145308602161,3
26.56,0.0669083092827842,0.042498277254629555,0.02131203716833352,0.08207940270833176,3
26.57,-0.029720550135540574,-0.017990695788834353,-0.023634643095573317,0.042018717133923716,3
26.58,-0.06409250906457595,-0.05389248821311752,-0.032205087791064894,0.08971854704365179,3
26.59,0.05517048772066589,0.030025436729314445,0.031096740203206293,0.07008792205072081,3
26.6,0.005754654370650805,0.00011950916622799086,-0.010275619797303324,0.011777889946216806,3
26.61,-0.02620067864830028,-0.013514060322429175,-0.015326390021682457,0.03322654991308126,3
26.62,0.05308836918663652,0.03304335934933219,0.02149810835680373,0.06612418016812452,3
26.63,-0.036619783599120354,-0.03317610629354023,-0.016691526799565676,0.05215620429581991,3
26.64,-0.08091578699272217,-0.06910419825008217,-0.04285770613765913,0.11471502855258413,3
26.65,0.056171611060975665,0.043789256634032804,0.019883736559312498,0.07394668258486549,3
26.66,0.02753785552148369,0.02334557559905483,0.00742197984553231,0.03685695553895875,3
26.67,0.020540125968704682,0.006769880710381368,0.013795605676077611,0.025652422802005952,3
26.68,0.08013906389297543,0.07675347085113413,0.03247304580505369,0.11561947739544325,3
26.69,-0.0007047698197694477,0.006559523537035994,0.004856491742868252,0.008192042576814074,3
26.7,-0.07092628177953367,-0.047304863619946444,-0.027927519621359274,0.08971194971336288,3
26.71,0.014282707841568286,0.01669556512000923,0.016372447642669694,0.02740063283532016,3
26.72,0.017909711166227846,-0.0003097793536126544,0.012636840248751346,0.021921301256496908,3
26.73,0.005527676691534752,-0.001353459540995102,0.0037256598007682244,0.006802029350591453,3
26.74,0.04365146879250582,0.02835493046833574,0.02627227700143658,0.058306820771222616,3
26.75,-0.033675237110514435,-0.02769413092803582,-0.015783147402999843,0.04636910851260114,3
26.76,-0.027029214311427845,-0.025819890480446646,-0.014719537321317616,0.040173498100974696,3
26.77,0.03812461327914266,0.0395300608243452,0.016323523252178087,0.05729371045607896,3
26.78,0.016703808313527756,0.010053222905046889,0.015825568039132987,0.025110418290320572,3
26.79,-0.01115841248114148,-0.0016725259036786122,-0.0013964786754856106,0.01136915408853517,3
26.8,0.06623177409143363,0.04124930144538423,0.02787835030231152,0.08285743892137429,3
26.81,-0.010244429560173155,-0.003508471318855455,-0.0007208419590415205,0.010852526025699994,3
26.82,-0.05074048916326147,-0.027489302057993353,-0.016689146755589215,0.06007317693939822,3
26.83,0.03034085489647765,0.01020606924348341,0.017919578615693973,0.03668572778364805,3
26.84,0.01621856176224234,0.003888643593432251,0.006323133927344481,0.017836628529392707,3
26.85,-0.008093334475632312,0.0009333654458415159,-0.004625493575524196,0.009368480389431633,3
26.86,0.057101694728386394,0.026726681178715354,0.023115612387091103,0.06715095355773265,3
26.87,-0.025765591295054666,-0.0015501949131886926,-0.012741278616496522,0.028785568951053657,3
26.88,-0.08072654200684065,-0.0535423165991601,-0.03383486347207191,0.10260775914793506,3
26.89,0.027766726371422287,0.025889680631896127,0.0029056547674158797,0.0380750507056054,3
26.9,-0.016983253130037783,-0.02062515033950061,-0.009166043893096495,0.028246133789531475,3
26.91,-0.022638171846357188,-0.006761697448260289,-0.004651672043495177,0.02407997985313201,3
26.92,0.05447910634246747,0.04602630568787041,0.020868398876234647,0.0743093797229179,3
26.93,-0.016024562577801348,-0.01039992563274428,-0.0059114725029799624,0.019997263966102238,3
26.94,-0.05948385381310872,-0.049688853161676844,-0.030281143753269027,0.08321213048581388,3
26.95,0.03865509102533503,0.025694680719017347,0.013226456506402067,0.04826356629119862,3
26.96,0.012203956657477363,0.007412265352547186,0.013954708483587198,0.01996527296622959,3
26.97,-0.020039367851966583,-0.010315509874266993,-0.010516020953466017,0.024871121900032333,3
26.98,0.04029965554797482,0.03551715263420628,0.028882988270741757,0.06098981373946579,3
26.99,0.011540458671596235,0.011819021354968977,0.0052884239427201125,0.01734470754835517,3
27.0,-0.05658705066297748,-0.05315603250134465,-0.020739177901399453,0.08036026128656056,3
27.01,0.018899366840905818,0.022251720227727013,0.00021047133367840115,0.02919536638342575,3
27.02,0.02013987725356838,0.015120285237112152,-0.0009616294126466186,0.02520242870375194,3
27.03,-0.03786929893744293,-0.024035681022800348,-0.007060109776535872,0.045405318127945744,3
27.04,0.05326853095419896,0.04228514558385586,0.0361593221058947,0.07702640133242747,3
27.05,0.012067400604939056,0.0002957933231837358,0.010353696122824642,0.015903102667527418,3
27.06,-0.06215004076816326,-0.04707159175928863,-0.022379306892258213,0.08111224134010452,3
27.07,0.024471579645380007,0.013610074778855062,0.006976046876149138,0.028857539324142555,3
27.08,0.029724163998725413,0.013857878012919836,0.013212995343103951,0.03535745967092344,3
27.09,-0.020609823750082797,-0.008335703026666384,-0.0016882284153279577,0.022295714725941683,3
27.1,0.0442089876111377,0.036899021716163445,0.016906510294720373,0.060015018783277196,3
27.11,0.0026492636567600324,-0.0006227340883858785,-0.003805141576852615,0.004678193891638069,3
27.12,-0.08032753694997176,-0.06090271721574022,-0.0393543900015479,0.10821470403370992,3
27.13,0.05716391285903951,0.04419544004556084,0.027746134442151665,0.07740024438371355,3
27.14,0.012351529155052549,0.004349908447786505,0.007487879076095978,0.015084770764929558,3
27.15,-0.04775595308575917,-0.018590373721642496,-0.01943708391868746,0.05480906203814899,3
27.16,0.07674483360170731,0.05224148855368642,0.03418402352184537,0.09893174452621752,3
27.17,-0.005338696823335763,-0.006428427633105055,-0.0059773362657865245,0.010273992137424031,3
27.18,-0.10477729217947072,-0.08327495741338094,-0.04343598659598752,0.14071135142634866,3
27.19,0.008611335158871178,0.012141254873804136,0.014451545412633755,0.020746381080624623,3
27.2,0.027442045504847877,0.02247689606015029,0.01933323614949192,0.04039864772490488,3
27.21,-0.033021156616817336,-0.017294669888949246,-0.006038300953013125,0.03776193148237079,3
27.22,0.05044541802887023,0.029600550949713166,0.031053626248333445,0.06622129959314613,3
27.23,-0.010593844626483417,-0.004493993000606156,-0.005833435553271942,0.012901724203134473,3
27.24,-0.07247876412528838,-0.04620819836923392,-0.03568544385051468,0.09306889785781229,3
27.25,0.029327875615872554,0.020596385381892374,0.016921339400660814,0.03963164273723559,3
27.26,0.03440652447275122,0.022978477493260357,0.012263488955475774,0.043153360420289145,3
27.27,-0.023426519199468556,-0.022333916313702268,-0.012432019727897994,0.03467218963701846,3
27.28,0.04023460201765248,0.03633996671755618,0.021657202538384882,0.058381939008057965,3
27.29,0.003748216596005925,-0.004972811741986379,-0.00010900123473091749,0.006228151053160538,3
27.3,-0.1068262335925899,-0.09005536829324537,-0.04278376289684208,0.1461241386959179,3
27.31,0.04142354838312762,0.01621158640562914,0.011260381963049824,0.045885968404189445,3
27.32,0.03140617547416255,0.028411076178735388,0.012159822763066621,0.04406130271765677,3
27.33,-0.028778729123148983,-0.019629708057755046,-0.016430674626199453,0.03851633104344586,3
27.34,0.04560959294080015,0.029349917711324138,0.024070761281947618,0.059338471387283764,3
27.35,0.025584932002260096,0.03014935888468008,0.008915636395594586,0.04053469080992183,3
27.36,-0.10136948875360174,-0.07091963849532291,-0.04825196046032587,0.1327916415394385,3
27.37,0.007721501452776159,0.0029559445374451408,0.015344904251250997,0.017430584593573935,3
27.38,0.03259619642304677,0.031786534886845345,0.01894081085787218,0.0493117646948086,3
27.39,-0.00578045873582269,-0.021434770268350382,-0.003208371659181701,0.02243115530588977,3
27.4,0.07532065910556705,0.052565351429395356,0.04772171169932913,0.10350690617783319,3
27.41,0.021618979506494336,0.03323313108434558,0.011087479104507972,0.04116738356350109,3
27.42,-0.072821019095022,-0.04408041590687967,-0.03705930788776447,0.09284059559094379,3
27.43,0.04228478974989412,0.03034031521509032,0.022205987649862324,0.05658307219522134,3
27.44,0.022269404390915133,0.032709564480620304,0.014725311536697684,0.0422217571909409,3
27.45,-0.040140100528946863,-0.028482577345789382,-0.015960197148861086,0.051741789452659524,3
27.46,0.0736310237336063,0.050244538479820876,0.029199191197737093,0.09380103448102851,3
27.47,0.003935934930128511,-0.001946552608305932,0.0073958977352942415,0.008601160046298338,3
27.48,-0.09171671113290632,-0.05770052574482268,-0.043367842058575946,0.1167136474328667,3
27.49,0.02957863101277368,0.018413980366650384,0.015281538313759065,0.03804596560435927,3
27.5,0.03157290512308286,0.04527692349167456,0.012342380698169366,0.0565613162866697,3
27.51,-0.04948769381890927,-0.04328097704803899,-0.036165301027408635,0.07503468406110653,3
27.52,0.02592866355342665,0.024381514813301006,0.013580275347953216,0.03809432683201316,3
27.53,0.03053712081850491,0.02011301775266451,0.013584637360242954,0.03900758391918516,3
27.54,-0.09825763825969056,-0.07565728469619061,-0.04405617718570788,0.1316037041735191,3
27.55,0.018788762919695348,0.012791123690997115,0.013063475361420916,0.026216118054535796,3
27.56,0.050772355795022955,0.03687671386203415,0.018546354748508822,0.06543463465700926,3
27.57,-0.07769092028205342,-0.05957277085372683,-0.03881976671075695,0.10531746488090481,3
27.58,0.06689495660851646,0.0359847439090143,0.020381210100826254,0.07864623792036504,3
27.59,0.01176575417586445,0.019812679385568722,0.01224679188988929,0.026095193951309686,3
27.6,-0.09027665520559555,-0.061415603627764825,-0.04020569236579216,0.11635397948796346,3
27.61,0.010196405543614324,0.004524808353409297,0.009660153505417816,0.01475666433829704,3
27.62,0.026821543582029126,0.016654426977599064,0.009599477532820578,0.03299871371702228,3
27.63,-0.06909729606054134,-0.06039218364479288,-0.03466080184364463,0.09809700990707561,3
27.64,0.028714827997122206,0.017272326951457872,0.02388930912247061,0.04115305232387178,3
27.65,0.01920347449975648,0.008765432254729491,0.013207224215695288,0.024900542302502122,3
27.66,-0.09796364107907721,-0.06871971429284679,-0.04899286335001969,0.12930419469295826,3
27.67,0.019129214442989602,0.005487144745130821,0.010261495122906517,0.02239048648014002,3
27.68,0.04851392192564264,0.020589536513059517,0.01774672355856583,0.05561003355055737,3
27.69,-0.04434268468511125,-0.01914034422298929,-0.022402391051458637,0.053239962311032805,3
27.7,0.0650602949899774,0.05644720380223428,0.031099085314451703,0.09157664499570507,3
27.71,0.02273461002409121,0.0046551830856996785,0.008595471928658104,0.024747027299965592,3
27.72,-0.12099804421561874,-0.08877067251204693,-0.055619406668508245,0.16004461065716274,3
27.73,0.016487751816188174,0.01451861271084002,0.0062428237745095405,0.02283875924123645,3
27.74,0.0535141821031329,0.04549245921642281,0.021174856866126354,0.07336011242511901,3
27.75,-0.03781067084063453,-0.018752736692349243,-0.006156659240503508,0.04265227327910048,3
27.76,0.06754918044229721,0.05780925003707097,0.024290865756318423,0.09216749604641596,3
27.77,0.017260968953770384,0.011774504293998832,-0.00570440135613087,0.02165918270443854,3
27.78,-0.09124278696529597,-0.07574725448657126,-0.03692230254993024,0.12420204974571217,3
27.79,0.0019243133704204135,-0.016510032285285123,0.0014647562887064648,0.0166862116429716,3
27.8,0.06823195999321147,0.02506568749781333,0.032607882380272464,0.07966908464127681,3
27.81,-0.06629113205029533,-0.04228308286902581,-0.04492535926504091,0.09055750212164419,3
27.82,0.04866396886131509,0.03430707277055808,0.029633644462699057,0.06650796938383449,3
27.83,0.033359140306632395,0.030415290287676342,0.012916371940111027,0.04695481646622093,3
27.84,-0.10476162249426535,-0.08522336921086436,-0.05149317844545985,0.14453223735104304,3
27.85,0.02215419841292487,0.017565680729249515,0.009048040924018863,0.02968549631324851,3
27.86,0.044983343078015235,0.032290920669468544,0.01862470607063499,0.05842160891634088,3
27.87,-0.06709873983721186,-0.06233812439289837,-0.02551456574531845,0.09507510560466652,3
27.88,0.0538839946603838,0.055042106217752615,0.024937511313033234,0.08096294095408275,3
27.89,0.014937768148850162,0.010648256297500493,0.009606538633599095,0.02070767645016923,3
27.9,-0.09281276620555474,-0.07906255428755003,-0.041925058943688635,0.12892946765045812,3
27.91,0.02545653649770331,0.015027825136899323,0.0029896987713468395,0.029712103216492716,3
27.92,0.021981100316634243,0.013646095112276784,0.015449497388125611,0.030134227258865335,3
27.93,-0.04546422679098229,-0.03841154469586008,-0.013238368230665432,0.06097292085044491,3
27.94,0.05365616107731113,0.04286356732654214,0.014957004998447876,0.07028499857035614,3
27.95,0.015767762617255116,0.007818328834908102,0.006399685990086942,0.018727108279085122,3
27.96,-0.10720397211037488,-0.07577892217022837,-0.047254872096300526,0.13952834700648212,3
27.97,-0.005413429481634566,-0.0035315037600674184,-0.012262102999107398,0.013861309733236585,3
27.98,0.06865381994025162,0.06608575585748215,0.03294270464420908,0.10082606760614449,3
27.99,-0.0622878275198175,-0.0317834193518697,-0.03827186888566335,0.07971634180540867,3
28.0,0.03526052951781237,0.03242437211776911,0.024105657480949387,0.05362581068568503,3
28.01,0.015046121231819622,0.005615898913476885,-0.00608833133138328,0.01717532716223209,3
28.02,-0.09685744565546194,-0.07044751082312767,-0.05329271302145967,0.1310890148763927,3
28.03,0.014269363080947714,0.011736795358720653,0.007002640273043586,0.019758645166661915,3
28.04,0.04168269862943631,0.03598174916171527,0.0017870915898350222,0.05509380486152203,3
28.05,-0.07019295610435158,-0.045523691248918585,-0.02982683026106747,0.0888205908278977,3
28.06,0.03896925371432226,0.013769603474330806,0.019160867345286357,0.04555593871621112,3
28.07,0.029246601112625323,0.015992469035011326,0.004734507639788173,0.03366806060746632,3
28.08,-0.12033731102217764,-0.07731121100643455,-0.058729634051023355,0.15461973252821545,3
28.09,0.012965846006822084,0.01181331240953292,0.0002631315807610146,0.017542427169198748,3
28.1,0.0557935720375008,0.039586483318556395,0.031132228913187947,0.07516134657746142,3
28.11,-0.06351683712460687,-0.039750503551268385,-0.03282715025049248,0.08180533555008283,3
28.12,0.048378144691542446,0.030189163136651077,0.017027396354951485,0.05951271025012862,3
28.13,0.02743626433554982,0.01853841465092652,0.01861291181034574,0.03798502210766183,3
28.14,-0.11462736344311927,-0.08573313943448778,-0.05271746628132619,0.1525409286006121,3
28.15,0.020016062162517712,0.011103022641505035,0.014701395401349425,0.027203876249872274,3
28.16,0.05441986740350361,0.049915238637553046,0.029588054110608573,0.07955190734678261,3
28.17,-0.057492219866241256,-0.02335441060836605,-0.022587822547429207,0.06603781922085661,3
28.18,0.050986150862480074,0.032530869443843605,0.02554870865246227,0.06565501930814106,3
28.19,0.022520135761713026,0.015396210419652182,0.012623632231621815,0.03005920658852182,3
28.2,-0.09850230291862389,-0.0501737434101394,-0.04097939348218337,0.11789579677930194,3
28.21,0.020761195609802593,0.02888566419336494,0.022998111912041232,0.042359438034033275,3
28.22,0.03558264579587569,0.03797482934498151,0.022388417589283966,0.05665203957288191,3
28.23,-0.04482216962427462,-0.032912427637943414,-0.02649262824595158,0.06159638085332854,3
28.24,0.07019058166139883,0.05189083598470291,0.021466827730616738,0.08988993995977977,3
28.25,0.03893952174496703,0.026683558728115776,0.012726422851876149,0.04889029043407617,3
28.26,-0.11721706040940712,-0.0751821180057174,-0.05932608960366534,0.1513663602869222,3
28.27,0.008510125691832633,-0.0052183971514173,0.004962744558318993,0.011148216972764515,3
28.28,0.04819832992418613,0.026793098424282923,0.015153530993052635,0.05718897299490012,3
28.29,-0.05777872620881027,-0.04587495092989829,-0.01873794338349674,0.07611834763955641,3
28.3,0.051562925991637004,0.04427566026266351,0.008549615543954475,0.06849938214658044,3
28.31,0.041723944943266277,0.038914732898221206,0.016706263221249844,0.05945034271546549,3
28.32,-0.08496006389320813,-0.05428659520273327,-0.03666048173899953,0.10728111575099762,3
28.33,0.006054299849776932,-0.0010384661249478646,-0.00021151481037975928,0.006146356406740761,3
28.34,0.03547570631090826,0.033132570247884546,0.011389956844661191,0.04986004478951121,3
28.35,-0.04962148312494592,-0.03236940597716963,-0.01975146972689385,0.06245150588421805,3
28.36,0.03847950816741352,0.03930228771206915,0.018764285123683937,0.05811575315188828,3
28.37,0.035932831597602334,0.01716762651575136,0.0260236841873318,0.04757234412437505,3
28.38,-0.11010202464227621,-0.07228831834674775,-0.04551006467076862,0.13935287146688685,3
28.39,0.02344223198656352,0.03814991718185955,0.01022498206857479,0.04592934443030163,3
28.4,0.06602684078950365,0.03987391116428882,0.036878719463272834,0.08549568670658678,3
28.41,-0.06287054798735627,-0.04001564386338311,-0.024208390027815812,0.07835817574299717,3
28.42,0.03281505778307054,0.015589876994802411,0.01994573789871339,0.04144520168057455,3
28.43,0.056839422869082765,0.040979586653931505,0.018173411729408798,0.07239005047866802,3
28.44,-0.11418528519903844,-0.0838974416182621,-0.047553005038421886,0.14946018986425658,3
28.45,0.004908419678332925,0.004758174831382298,-0.0029544454013969855,0.007447251781327233,3
28.46,0.04329010461104078,0.026393310684107343,0.01813423831653938,0.053846918253728455,3
28.47,-0.05796725381956471,-0.03887244027304819,-0.019466145103008748,0.07245826338889809,3
28.48,0.02085055970810433,-0.00016442224111660846,0.009190073530801389,0.02278662604064353,3
28.49,0.040787832939796535,0.024855728543561356,0.015766467682898737,0.050299463819725276,3
28.5,-0.09589429148668621,-0.06887935048989509,-0.05018853788362189,0.12829251497472133,3
28.51,0.030193109332621936,0.02087236072499239,0.012205502348279723,0.038681437162801084,3
28.52,0.053450177980104374,0.03627354596753313,0.02015546424576888,0.06766782397954024,3
28.53,-0.04068085730420646,-0.038409646018806504,-0.02208074795708885,0.060148087988228766,3
28.54,0.037908522467199536,0.042486006305829625,0.01303772450964868,0.05841317546457015,3
28.55,0.01302623091255805,0.012913686036990925,0.006369089940612693,0.019416778453720664,3
28.56,-0.09266710984318821,-0.06867989150672571,-0.0368967421316856,0.12110115740155925,3
28.57,-0.011697012821763709,-0.005722311356260943,-0.0006597348724860369,0.013038412722125026,3
28.58,0.07823240821941889,0.06741882106649118,0.035842866901759356,0.10931751112032596,3
28.59,-0.03887170344473375,-0.016260925584646584,-0.013703696750628793,0.044308219713704744,3
28.6,0.023862909825786403,0.015228503471228238,0.019686972636437275,0.03448075803857354,3
28.61,0.033042695849742953,0.026162062399013513,0.019631658888819677,0.046493819898083974,3
28.62,-0.08827093507391164,-0.05091296388660915,-0.04528199608527286,0.11150940337033714,3
28.63,-0.008453991779350089,-0.01135818166228755,0.007742524442526973,0.016137687331893986,3
28.64,0.05459246147386828,0.03436997287552679,0.01602486372187109,0.06647125801837046,3
28.65,-0.08133459835970056,-0.055929329839917545,-0.04033772864703768,0.10663273033678797,3
28.66,0.030260479656873458,0.016069300065733073,0.007752830801339809,0.035128697942007826,3
28.67,0.05573208308068829,0.032511210157502524,0.024826511709846007,0.0691332015322389,3
28.68,-0.10573660645163084,-0.08142178554286224,-0.052927041456293115,0.1435653468710715,3
28.69,0.014881080060900996,0.01758076333871217,0.006953548952386504,0.02405995898550092,3
28.7,0.05946433109577488,0.027824545522644406,0.013672991870955293,0.06706088810113434,3
28.71,-0.045147998589500325,-0.031430794615021865,-0.015875687317432587,0.05725621428779675,3
28.72,0.03541703555435987,0.02663012042781686,0.011052720909859988,0.04566938100051364,3
28.73,0.06205560717891943,0.046741195208427344,0.023584113145820748,0.08119019709750397,3
28.74,-0.11142099103353122,-0.0742379992677626,-0.05419005907879137,0.14443849999614874,3
28.75,-0.016980413919256296,-0.008036536331606323,0.007011300808315115,0.020051900461132893,3
28.76,0.05637196458264468,0.032817760730976656,0.02807269723898978,0.07101323919224192,3
28.77,-0.03687220568962211,-0.01892536716665536,-0.01994702757397314,0.04599579311032002,3
28.78,0.03353745226581302,0.02309167050042272,0.0112734388438183,0.04225016419313765,3
28.79,0.05253025797999828,0.03341180725957247,0.027914742209578073,0.06822763150237,3
28.8,-0.10257270297344787,-0.0798149246903455,-0.039509371481453656,0.13584024452813748,3
28.81,0.00313086733859354,-0.009198360947416735,-0.004339593242234504,0.010641627879177154,3
28.82,0.038770959390021745,0.024361717139133942,0.025000117724889956,0.05216978474412411,3
28.83,-0.06858811096558975,-0.05349541189851029,-0.028959573744166557,0.09167739618610005,3
28.84,0.06540939155813996,0.057599571079796574,0.038960183917797285,0.09546724581494535,3
28.85,0.06428522318947463,0.04027987227020007,0.02440778992081363,0.07969189569487459,3
28.86,-0.09834156407329547,-0.07396185143181978,-0.041424321459018934,0.12983602389146395,3
28.87,-0.029035241882886934,-0.024267427204377023,-0.011561016649124371,0.039567794988839354,3
28.88,0.06448430953457822,0.04010897663656796,0.026249457766887876,0.0803491768224148,3
28.89,-0.042599957341605446,-0.035132906920708196,-0.02422264598246594,0.06029771216719274,3
28.9,0.03660256305983746,0.028326517658878808,0.02111676282828177,0.05087294858344711,3
28.91,0.03769480583761755,0.013541046823419627,0.011922654966347191,0.04179004711239618,3
28.92,-0.04224640857104352,-0.02643101388491896,-0.017608088386753738,0.05285264713117074,3
28.93,-0.009729017878014851,-0.005241508081363314,-0.0035909551525882422,0.011619903387964531,3
28.94,0.05273052584321091,0.03175355739114902,0.02468127507091272,0.0663171327925189,3
28.95,-0.07078743276327173,-0.07563039661315388,-0.033288626090606434,0.10880693983417546,3
28.96,0.023293944593995506,0.02381922371893934,0.00979263936323685,0.034725481408029904,3
28.97,0.07321155187272141,0.055584475551419626,0.04053695777500897,0.10046297922912402,3
28.98,-0.10269348950999811,-0.07957626513052143,-0.05064597317016036,0.1394394110652212,3
28.99,-0.011451836476928103,-0.013954789819906445,-0.0146880774904031,0.023272738085067513,3
29.0,0.06463866907774157,0.051413153941958056,0.027797453468710556,0.08714452569006495,3
29.01,-0.0554901615757622,-0.04619055248877166,-0.022254835002314545,0.07555132594403893,3
29.02,0.04804373092719023,0.02013123880313289,0.020565002966746453,0.05600344814540716,3
29.03,0.05839195293937975,0.02618962587532425,0.02997705270961156,0.07066923206544007,3
29.04,-0.09243101622903244,-0.06653852037315273,-0.03764624360321282,0.11995043606428682,3
29.05,-0.004282562414869815,0.007382112407284217,0.004875368793115401,0.009828791650041153,3
29.06,0.05624398905365565,0.027148212138970465,0.03089162126992801,0.06967570589305105,3
29.07,-0.038168026709054594,-0.02798812201005,-0.010973122523900244,0.048585416067345524,3
29.08,0.026493763273128565,0.02136302023711589,0.01315482782201723,0.03648763655063065,3
29.09,0.03222575256966838,0.028954840757959115,0.007490442128209067,0.043965766856456714,3
29.1,-0.10654150560151275,-0.06160566809435091,-0.04848471788265773,0.13227667453239597,3
29.11,-0.011158809181257681,-0.0050933263972797686,-0.007571485640750753,0.014414867010869107,3
29.12,0.05396074271075577,0.043018939505090996,0.02659398859906037,0.07395695464015546,3
29.13,-0.018550056115263988,-0.01007349181097498,-0.014570401917504977,0.02564910195665446,3
29.14,0.031587297513699944,0.03232445102025644,0.0021063624275701118,0.045244494257934094,3
29.15,0.06176148493372502,0.052091294485338724,0.027150740581992117,0.08523582988701205,3
29.16,-0.09066138203237188,-0.05095430160460333,-0.03337892353384617,0.1092244458915261,3
29.17,-0.030708009225301945,-0.0157969770696111,-0.014457764988282294,0.037437324738493934,3
29.18,0.031029880617035224,0.02092329244483375,0.016304270968439786,0.04082238245928089,3
29.19,-0.02335170622883517,-0.011927627541055131,-0.013894241853342993,0.029675249606956035,3
29.2,0.027612513347860204,-0.0031493521343076356,-0.0006644374846822426,0.02779947462493989,3
29.21,0.03130661905227213,0.017833648917954713,0.005855523684412412,0.03650247372208726,3
29.22,-0.10310118293326163,-0.07268785958707027,-0.03926297919069415,0.13211722214956084,3
29.23,-0.016224106218770518,-0.023800269876372446,-0.008837103806462816,0.0301292029843524,3
29.24,0.06568907217449906,0.06515736328711791,0.030035578773264012,0.09727626733135351,3
29.25,-0.0419425396570401,-0.02114044903595768,-0.012733038044001495,0.04866441694045347,3
29.26,0.025799170298204326,0.024419990621772303,0.014268877798292648,0.03828229360508334,3
29.27,0.031228583636513867,0.035653005489678695,0.01561610457913261,0.049902143827857806,3
29.28,-0.07005177738276468,-0.05560755648479835,-0.035972711400755156,0.09640273760747918,3
29.29,-0.006703761223608065,-0.006757444272487921,-0.007274450865268647,0.011980029341789555,3
29.3,0.05472088832314142,0.025212100953232272,0.023461884233775262,0.06465667533324586,3
29.31,-0.031156339450414395,-0.020496927883180992,-0.009515242773845255,0.03848871764092674,3
29.32,0.037761542962814726,0.03760748639496214,0.010984276727877464,0.05441425819685825,3
29.33,0.05992547846188255,0.04838730870136532,0.02873104712366132,0.08220625086371973,3
29.34,-0.06983596801011532,-0.05559066836413952,-0.026330683182280254,0.09306282670286352,3
29.35,-0.02592376424361334,-0.026754133690338133,-0.014538374077007336,0.03998986800280704,3
29.36,0.052095997840714336,0.04202749853855618,0.01881022623705339,0.06952789537672764,3
29.37,-0.04129795697462589,-0.019054101839463634,-0.013796256165496517,0.04752806256697935,3
29.38,0.024757098300720353,0.023190766277612143,0.002766394375050791,0.03403495988910044,3
29.39,0.04752884291835144,0.04231641444768924,0.03602907669609724,0.07312840903806937,3
29.4,-0.09297672710689231,-0.0628252033546178,-0.05130901692635659,0.12338676257203504,3
29.41,-0.024905794793809454,-0.025117042237008,-0.0015518941627648466,0.035405830036018264,3
29.42,0.043522456869243865,0.023738584318255256,0.025084347776806692,0.055560319840313135,3
29.43,-0.021937969317294696,-0.019472144486723273,-0.010912731539882536,0.0312973899605053,3
29.44,0.01891938313502643,0.008869295313129974,0.006489458488415128,0.021879683019511386,3
29.45,0.06705943576054224,0.04570176273704945,0.028815888976632738,0.08611605250654188,3
29.46,-0.08436993578887828,-0.06256463965129551,-0.031005163914224212,0.10951684979519732,3
29.47,-0.05030804725558806,-0.04822653680078404,-0.026288269077474717,0.07448336432759715,3
29.48,0.04906320466832454,0.03708936447756841,0.023921624206702886,0.06599290199985548,3
29.49,-0.013000003853129223,-0.011790718103119997,-0.01921895742198355,0.02602670662908838,3
29.5,0.04126373773594199,0.03663102979257941,0.016386866895758967,0.05755916783853606,3
29.51,0.046158648710370655,0.04287846301198795,0.021429586283011524,0.06654630424973919,3
29.52,-0.08962889574298982,-0.06942791364735185,-0.04279052071250205,0.12118004294593625,3
29.53,-0.03465106871572751,-0.037884806936943155,-0.014808175452768933,0.05343441980625891,3
29.54,0.03845175759953755,0.03486882835306834,0.014831790918801383,0.053984765212681765,3
29.55,-0.02152417841437171,-0.022539284922423637,-0.021764144839533033,0.03801299280277825,3
29.56,0.030777898013500588,0.012871306018813542,0.012869766095269837,0.03575724268041855,3
29.57,0.045617885634556,0.03323365676376778,0.023979902297374192,0.06132294143182444,3
29.58,-0.09306551228341317,-0.0662514803983687,-0.037355318806523694,0.12019096502935062,3
29.59,-0.0439930719983541,-0.02171804589045584,-0.01361903030597366,0.05091700980642267,3
29.6,0.049213006556695985,0.031749515039766266,0.024130028468989727,0.06334200812670847,3
29.61,-0.02715989283728218,-0.016763683737197735,-0.008991136981811657,0.03315903218731121,3
29.62,0.026552432751651856,0.01917762376126376,0.018787260905375105,0.03775942412810633,3
29.63,0.07584344209123497,0.04479733479867201,0.032489192645444795,0.09388597633333558,3
29.64,-0.06834289798757053,-0.043019153758954785,-0.027233341769430767,0.0852235542523702,3
29.65,-0.0353045634508516,-0.029792944732360663,-0.013467296545935512,0.048118601730898936,3
29.66,0.04046996442329631,0.024124614909546954,0.01707568106428297,0.050113809960587875,3
29.67,-0.03736416416420395,-0.02759209686602989,-0.0176564179465178,0.049690579266658534,3
29.68,0.028085815904172445,0.005155235496239332,0.005677394039398684,0.029113953889902202,3
29.69,0.03231820096862935,0.032176100127702,0.023033126192621732,0.05109102108474499,3
29.7,-0.034499266302900705,-0.019638351394945852,-0.027241469905593722,0.04814521682957924,3
29.71,-0.04788563225992035,-0.03908349424565002,-0.03178529895045917,0.06950437776681512,3
29.72,0.07717009387923163,0.05126939935863229,0.03930335941574699,0.10064059201578524,3
29.73,0.002177170013584334,-0.004864486884066375,-0.0004712588630216431,0.005350269790326563,3
29.74,-0.014902550300484057,-0.027391865268361026,-0.01003306791538612,0.03275763636365192,3
29.75,0.0746559432849281,0.05707542852449075,0.03267973689606246,0.09949411848251392,3
29.76,-0.05188543107796511,-0.03533431945625285,-0.020290753914660033,0.06597216673725434,3
29.77,-0.042212983462351764,-0.03672984716943291,-0.013957513424534985,0.05767000803605594,3
29.78,0.0526960684465062,0.04252519106008303,0.030507991061061238,0.07426981232639021,3
29.79,-0.03751482101121357,-0.024578520241146984,-0.016483934311897083,0.047782690832003184,3
29.8,-0.021663516037050363,-0.014613421404196407,-0.013704373090528858,0.02950711531187987,3
29.81,0.07402151068274947,0.04858299953249821,0.03661648134358095,0.09581366600499078,3
29.82,-0.033927918381254356,-0.02149345227953263,-0.01853746884087917,0.04423471360373173,3
29.83,-0.04355781669588927,-0.02801225993761318,-0.01871340819934578,0.0550650683152254,3
29.84,0.0612693629479669,0.03481461638094262,0.022239422841526683,0.07389576630718513,3
29.85,0.00038905927341461796,0.009400218526445042,8.566806113735975e-05,0.009408656358898945,3
29.86,0.015342041913975497,0.009161398911868925,0.009123800634867034,0.02006372891905625,3
29.87,0.051427104239968775,0.03911485917289325,0.02110030594196397,0.0679701564619971,3
29.88,-0.052738808588098374,-0.039388103022925565,-0.022219512177622525,0.06947309776055903,3
29.89,-0.049677026672119644,-0.03462162153633865,-0.014271976632244764,0.062210553556284125,3
29.9,0.0643498130944524,0.03013373026142524,0.0290699963420883,0.07677242234089218,3
29.91,-0.028363579337044947,-0.02666684579067003,-0.022399470017661398,0.04491491460867238,3
29.92,0.0024166928041933727,0.0018478836987099265,-0.00500056678204671,0.005853268011590354,3
29.93,0.0697214809975889,0.05214455670037577,0.028732382085979693,0.09168254733759627,3
29.94,-0.04625117617409635,-0.039138187967699516,-0.021624582795147233,0.06433188661889573,3
29.95,-0.058824171137719525,-0.034951723763861284,-0.028446792781952977,0.07410213305758717,3
29.96,0.02401749865838943,0.018582835695931596,0.012330193810407175,0.03277492492302509,3
29.97,-0.012945553381343584,-0.008799301706575065,-0.008414234986505408,0.01777116803366292,3
29.98,-0.003952134767156341,0.0018449684617122455,-0.004457837026428142,0.006236632809190586,3
29.99,0.07516431095577072,0.06218908054362682,0.032653572631335476,0.10287570746248795,3
