time_s,acc_x_m_s2,acc_y_m_s2,acc_z_m_s2,acc_abs_m_s2,acc_accuracy
0.000000,0.001794898396,0.006823398321,-0.007370031450,0.010202832374,3
0.010000,0.007151584623,0.000334629968,-0.003195277418,0.007840085307,3
0.020000,0.005176904320,-0.007843528854,0.005036012516,0.010662209212,3
0.030000,-0.004652260042,-0.003873208059,0.006535943283,0.008908637312,3
0.040000,-0.005971708228,0.006256282748,0.001570718445,0.008790308835,3
0.050000,0.004624355721,0.007336989609,-0.006690663475,0.010953586631,3
0.060000,0.029002423722,-0.011427322156,-0.008640570039,0.032347855014,3
0.070000,0.009682861168,-0.018902202278,0.011998898054,0.024393126201,3
0.080000,-0.009469854753,-0.000896993146,0.013777604415,0.016742315525,3
0.090000,-0.022482814298,0.017312973564,-0.009561025090,0.029943767183,3
0.100000,0.010490380789,0.011158670104,-0.020209815592,0.025357457559,3
0.110000,0.019019278065,-0.007225695399,-0.002365203231,0.020482621864,3
0.120000,0.003594835734,-0.016794618939,0.009851251659,0.019799727991,3
0.130000,-0.020077574101,0.000820575903,0.006701238009,0.021182278382,3
0.140000,-0.014693928037,0.017754502271,-0.012806499436,0.026365513457,3
0.150000,0.010958165220,0.008694877541,-0.024116878253,0.027880209775,3
0.160000,0.013543828497,-0.013665149615,-0.003065963512,0.019482600869,3
0.170000,-0.005882552614,-0.012060991471,0.015092611755,0.020195516089,3
0.180000,-0.026239721457,0.009731294739,0.015103137387,0.031801349631,3
0.190000,-0.007957652448,0.025537394753,-0.010424877569,0.028708201539,3
0.200000,0.006758729371,0.000782352341,-0.007032831696,0.009785357406,3
0.210000,0.006023590372,-0.007648469184,0.003789649499,0.010447208486,3
0.220000,-0.001316090439,-0.002842837783,0.009077918575,0.009603250822,3
0.230000,-0.006752858555,0.006115189645,0.002379671150,0.009415916197,3
0.240000,0.002032952781,0.012845064514,-0.007593609259,0.015059597636,3
0.250000,0.015489942829,-0.001040221089,-0.008170936075,0.017543790500,3
0.260000,0.007063033693,-0.007023158142,0.002785536920,0.010342650104,3
0.270000,-0.001123671677,-0.002554042151,0.004105467470,0.004963933168,3
0.280000,-0.006793927510,0.007529157743,0.000981480981,0.010188668816,3
0.290000,-0.000745030523,0.005894235317,-0.007874519294,0.009864336498,3
0.300000,0.006603016914,-0.003187624696,-0.002460760053,0.007734088414,3
0.310000,0.000992521856,-0.005332085867,0.005099990700,0.007444873704,3
0.320000,-0.006375933231,-0.001435324314,0.004336839758,0.007843523413,3
0.330000,-0.002195775881,0.002114419051,-0.000675847853,0.003122334057,3
0.340000,0.002437688961,0.005211662616,-0.008043083826,0.009889133032,3
0.350000,0.008385197604,-0.003987580984,-0.004227964716,0.010202353974,3
0.360000,0.000997980955,-0.009179588433,0.006420507160,0.011246498210,3
0.370000,-0.005023677642,0.001350788956,0.005123409670,0.007301458382,3
0.380000,-0.007801215957,0.011688839909,-0.005181950843,0.014978002649,3
0.390000,0.008824132381,0.003995569370,-0.008789145397,0.013079715733,3
0.400000,0.007848877442,-0.005487757285,-0.001211545114,0.009653403477,3
0.410000,0.001314784558,-0.002794462227,0.006514583866,0.007209540937,3
0.420000,-0.004933835430,0.001050911076,0.003318898784,0.006038396747,3
0.430000,-0.001969230851,0.008802675660,-0.006364367081,0.011039480842,3
0.440000,0.004555202538,0.000525255359,-0.004515665580,0.006435604011,3
0.450000,0.007010211631,-0.008360204849,0.003981915279,0.011614290401,3
0.460000,-0.001003112615,-0.004083396821,0.011460627343,0.012207634644,3
0.470000,-0.010246388581,0.000730093299,0.005296604501,0.011557488240,3
0.480000,-0.003788325543,0.007060969408,-0.007839040237,0.011209783729,3
0.490000,0.003666538601,-0.000667994242,-0.008665091663,0.009432578393,3
0.500000,0.002515390887,-0.003978022581,0.002285885788,0.005232315816,3
0.510000,-0.005370638457,-0.005845709503,0.009426150865,0.012323489651,3
0.520000,-0.008003284021,0.004852517761,0.000401797639,0.009368080117,3
0.530000,-0.000917413113,0.007296747985,-0.004734000224,0.008746138354,3
0.540000,0.009342993151,-0.002535331142,-0.009896047220,0.013843813622,3
0.550000,0.003214807826,-0.004158136894,0.004223956928,0.006742915090,3
0.560000,-0.005870220511,-0.004470664682,0.012991467747,0.014940701650,3
0.570000,-0.012883892297,0.015667206464,-0.003151843649,0.020527789883,3
0.580000,0.006276549956,0.012159486365,-0.010852190623,0.017464771093,3
0.590000,0.027522585892,-0.006111759955,-0.004073705903,0.028485810919,3
0.600000,0.009969314593,-0.018705218066,0.014926515429,0.025924376159,3
0.610000,-0.005983127556,-0.002113483612,0.014931127913,0.016223538735,3
0.620000,-0.005921359849,0.016403553446,-0.009053876959,0.019649726617,3
0.630000,0.008162490120,0.013244084483,-0.013134133279,0.020360193411,3
0.640000,0.018887879023,-0.006074688644,-0.000511591778,0.019847305667,3
0.650000,0.001794244671,-0.013779051807,0.014034065364,0.019749343616,3
0.660000,-0.019179488433,-0.003013923966,0.008150087487,0.021056125956,3
0.670000,-0.012913351406,0.017410990688,-0.011915732643,0.024736247203,3
0.680000,0.007528744186,0.010461899347,-0.020960426984,0.024606357437,3
0.690000,0.010913354099,-0.015261517161,0.000124466879,0.018762481065,3
0.700000,-0.010122766541,-0.011807009099,0.023663924096,0.028317082653,3
0.710000,-0.014302038235,-0.000095692873,0.001865713077,0.014423534244,3
0.720000,-0.007334982284,0.005677979987,-0.003964961430,0.010087732202,3
0.730000,0.000395892324,0.000562740393,-0.002673136338,0.002760265452,3
0.740000,0.008720520782,-0.006387033698,0.003164987765,0.011263162510,3
0.750000,-0.004717615934,-0.006641896728,0.012936121868,0.015287705557,3
0.760000,-0.007247138009,0.004545969710,0.002407872010,0.008887333545,3
0.770000,0.001363172106,0.009986139486,-0.006278614030,0.011874435320,3
0.780000,0.007738970283,-0.000150281513,-0.002660190097,0.008184794251,3
0.790000,0.007972478544,-0.007926434215,0.003370489181,0.011736650750,3
0.800000,-0.000987568722,-0.004406028244,0.006035311583,0.007537463948,3
0.810000,-0.012805231652,0.009296798589,0.003476754026,0.016201612272,3
0.820000,0.001485817402,0.003175815637,-0.003666220515,0.005072931221,3
0.830000,0.008161701569,-0.004158150894,-0.004994973146,0.010433280793,3
0.840000,0.003750685467,-0.009048217723,0.004789225754,0.010902961468,3
0.850000,-0.008381456946,-0.001284474245,0.009095986797,0.012435259163,3
0.860000,-0.007186050534,0.009651191660,0.000274798865,0.012035793997,3
0.870000,0.002847381034,0.006274527118,-0.008217218231,0.010723802719,3
0.880000,0.004590252972,-0.002940930436,-0.001555615085,0.005669165060,3
0.890000,0.001845158558,-0.005718610181,0.002917479049,0.006679730272,3
0.900000,-0.006454997515,-0.001226731286,0.006013268197,0.008906809584,3
0.910000,-0.006376566697,0.008646279542,-0.004805280815,0.011769004906,3
0.920000,0.002851354029,0.003877499567,-0.009527603966,0.010674289673,3
0.930000,0.003924569985,-0.004793799301,-0.000204304381,0.006198750002,3
0.940000,0.002127304320,-0.010156881188,0.011311904217,0.015350792688,3
0.950000,-0.005854135305,0.000522481065,0.004349391974,0.007311709593,3
0.960000,-0.002548393879,0.007845574196,-0.003613050781,0.009005636112,3
0.970000,0.006055892298,0.002552654403,-0.008310597476,0.010595088788,3
0.980000,0.006236620446,-0.005428011636,0.002914089521,0.008766450972,3
0.990000,0.000626524438,-0.006759064811,0.012850366643,0.014533045547,3
1.000000,-0.006513762367,0.002159716874,0.003388955512,0.007653659034,3
1.010000,-0.001196112783,0.004566136891,-0.002010676848,0.005130605548,3
1.020000,0.009159524098,0.003095324307,-0.005192633201,0.010974577615,3
1.030000,0.004062802150,-0.008514754802,0.003186516081,0.009957976470,3
1.040000,-0.003626817637,-0.001650771714,0.005053966254,0.006435948129,3
1.050000,-0.007151573240,0.003962330213,0.000577488217,0.008196252386,3
1.060000,-0.002418627641,0.003427582634,-0.005004076749,0.006529844293,3
1.070000,0.003182312630,-0.000204326499,-0.001629351587,0.003581012369,3
1.080000,0.008223779663,-0.016628627816,0.008095735916,0.020240621408,3
1.090000,-0.016242106528,-0.003126297374,0.020422495990,0.026280374849,3
1.100000,-0.018375165348,0.014950770439,0.000578401045,0.023696134412,3
1.110000,0.002726770150,0.014974201785,-0.012987935015,0.020008709366,3
1.120000,0.020065998335,-0.008880958388,-0.008469079316,0.023521075986,3
1.130000,0.013279914977,-0.020531314994,0.011949452371,0.027215445048,3
1.140000,-0.012355046636,0.002924532333,0.019321589948,0.023119773027,3
1.150000,-0.015162475355,0.012648426713,-0.002713285922,0.019931012962,3
1.160000,0.010089569230,0.012232986095,-0.018329923856,0.024236985468,3
1.170000,0.020214491354,-0.015160149537,0.000361751979,0.025270272242,3
1.180000,-0.004238097650,-0.017558642726,0.008306924678,0.019881458792,3
1.190000,-0.017478445280,0.002679483371,0.011886119154,0.021306231696,3
1.200000,-0.016238361893,0.021976124173,-0.013042502590,0.030277736119,3
1.210000,0.005605400468,0.007356250121,-0.020187369775,0.022205063132,3
1.220000,0.007523586773,-0.005761631255,-0.000328175287,0.009482006733,3
1.230000,-0.002953566588,-0.005317205217,0.006871757398,0.009176997147,3
1.240000,-0.007198533983,0.005681685342,0.003731673287,0.009900799228,3
1.250000,-0.002574511875,0.004776884872,-0.006812991975,0.008709971305,3
1.260000,0.001552923889,0.001162492216,-0.004135353611,0.004567724844,3
1.270000,0.005383956031,-0.006428952013,0.000341507239,0.008392558234,3
1.280000,-0.002236752116,-0.004634433580,0.006314253020,0.008145601625,3
1.290000,-0.012056556925,0.008643476580,0.008321555617,0.017009366248,3
1.300000,-0.000156573728,0.006517412757,-0.005035847988,0.008237775752,3
1.310000,0.007981158079,0.000872542432,-0.004506978428,0.009207229178,3
1.320000,0.009110310220,-0.009748056444,0.004252812288,0.014003884072,3
1.330000,-0.002420547610,-0.002164855502,0.005201773095,0.006132217658,3
1.340000,-0.007006145523,0.004164547874,-0.000056864570,0.008150629893,3
1.350000,0.001272031860,0.010349304958,-0.010663357068,0.014914200016,3
1.360000,0.008014941658,0.001191156910,-0.006906705794,0.010647099581,3
1.370000,0.000891380657,-0.002726760635,0.001305426979,0.003151812595,3
1.380000,-0.007831225857,-0.001620035774,0.006287946416,0.010173046960,3
1.390000,-0.010038677523,0.007639876198,-0.000810319682,0.012641177663,3
1.400000,0.001265795677,0.006717368003,-0.010516742070,0.012543011415,3
1.410000,0.009185191421,-0.004077390181,-0.001292305113,0.010132270458,3
1.420000,0.002082913444,-0.009063352355,0.006449434547,0.011317159109,3
1.430000,-0.005958482239,-0.000778176659,0.003965212034,0.007199442755,3
1.440000,-0.007260142590,0.005548739635,-0.005849283955,0.010849530163,3
1.450000,0.000947567582,0.002905342032,-0.006491595848,0.007174936467,3
1.460000,0.005532226903,-0.005591325637,-0.001825230780,0.008074647007,3
1.470000,0.001180412725,-0.009404601859,0.008640063277,0.012825389030,3
1.480000,-0.004388527046,0.001821876377,0.003464378278,0.005880503381,3
1.490000,-0.004070474607,0.010140215363,-0.003801731131,0.011569178481,3
1.500000,0.008174636722,0.000490943926,-0.007462326918,0.011079351719,3
1.510000,0.007789527545,-0.006551212677,0.002861504552,0.010572763840,3
1.520000,0.001713449620,-0.006476479673,0.009392561076,0.011536936427,3
1.530000,-0.007444468604,0.004650326535,0.003668030289,0.009513153835,3
1.540000,-0.002923082681,0.007846989999,-0.005316920230,0.009919138326,3
1.550000,0.003894620274,0.000861582741,-0.005277510403,0.006615323722,3
1.560000,0.005420074172,-0.009022524098,0.001588781433,0.010644593537,3
1.570000,-0.004654340311,-0.005337813980,0.005382503680,0.008895307060,3
1.580000,-0.010719913496,0.007794639581,0.000255373254,0.013256627288,3
1.590000,-0.005881348354,0.016005614026,-0.019066823888,0.025579556524,3
1.600000,0.009594674935,-0.002335689276,-0.005692795841,0.011398296188,3
1.610000,0.006298238463,-0.013396409648,0.013113205545,0.019775938887,3
1.620000,-0.009618212556,-0.006310937794,0.012219418187,0.016782494733,3
1.630000,-0.019335572611,0.014826922664,-0.000713160282,0.024376435372,3
1.640000,0.002450189987,0.011714940720,-0.026518744112,0.029094450610,3
1.650000,0.017039896877,-0.004819468255,-0.011527097467,0.021129584375,3
1.660000,0.007863669159,-0.019933483975,0.011356080075,0.024251631506,3
1.670000,-0.009530895598,-0.006190031210,0.015677425613,0.019363267574,3
1.680000,-0.013523617588,0.014215631321,-0.002042646602,0.019726753704,3
1.690000,0.007020658558,0.005698013082,-0.019502122580,0.021496273742,3
1.700000,0.020857751190,-0.009410810832,-0.007873912552,0.024199331481,3
1.710000,0.009830982993,-0.013915538409,0.017250980406,0.024246376240,3
1.720000,-0.012052177056,0.000307172006,0.013064210188,0.017777033337,3
1.730000,-0.007667438998,0.008571978142,-0.001883344251,0.011653987112,3
1.740000,0.003638528510,0.004888672674,-0.008630896678,0.010565528273,3
1.750000,0.009621864242,-0.007019810291,0.002557082144,0.012181817479,3
1.760000,-0.002878945225,-0.005224521694,0.006311080974,0.008684105918,3
1.770000,-0.007845338375,0.002544314424,0.004429075630,0.009361601414,3
1.780000,-0.003656633063,0.004674700775,-0.005012622910,0.007768537902,3
1.790000,0.003491109438,0.003055932016,-0.005777172275,0.007409607621,3
1.800000,0.003394344667,-0.004825598154,-0.000180581879,0.005902591217,3
1.810000,-0.005821922765,-0.005259702641,0.010039926721,0.012742032221,3
1.820000,-0.004643633978,0.001581304196,0.002300289151,0.005418042974,3
1.830000,-0.005933943916,0.012774140134,-0.005362223403,0.015071290137,3
1.840000,0.004089149421,0.000948241804,-0.004002799909,0.005800233842,3
1.850000,0.008320552723,-0.007152182065,0.001711470289,0.011104703348,3
1.860000,-0.002782171495,-0.004893001860,0.008429009911,0.010135588464,3
1.870000,-0.002674452568,0.004272626255,0.001362536251,0.005221545431,3
1.880000,0.003817540365,0.008636527360,-0.005360414125,0.010858050418,3
1.890000,0.007708430562,-0.000829046110,-0.005068032605,0.009262406472,3
1.900000,0.002736051684,-0.005876935909,0.005244707328,0.008338543605,3
1.910000,-0.002529975331,-0.003462140892,0.006225058013,0.007559004034,3
1.920000,-0.007585367128,0.007535729662,0.000802017959,0.010722324785,3
1.930000,0.000143368609,0.005420023936,-0.009270405491,0.010739535930,3
1.940000,0.008406244207,-0.004565341591,-0.005224917421,0.010899864567,3
1.950000,0.001822460514,-0.007021976100,0.003903921707,0.008238332074,3
1.960000,-0.007282873135,-0.001469429720,0.004964484502,0.008935634906,3
1.970000,-0.009554107017,0.007415800120,-0.002944052439,0.012447590010,3
1.980000,0.000565034128,0.003668913648,-0.005981825193,0.007040058491,3
1.990000,0.004178191687,-0.003573220084,-0.001081232752,0.005603057362,3
2.000000,-0.000422359209,-0.005639774315,0.006104825045,0.008321918676,3
2.010000,-0.009377556084,0.000233936371,0.006936290597,0.011666422398,3
2.020000,-0.003263921877,0.003030430664,-0.004692607141,0.006469718526,3
2.030000,0.006201009788,0.007594141264,-0.006739977696,0.011897512482,3
2.040000,0.009882857021,-0.005676205035,0.002912708527,0.011763249443,3
2.050000,0.001707614464,-0.003919944020,0.006504247170,0.007783774118,3
2.060000,-0.005746704606,0.001518270343,0.004902257072,0.007704666318,3
2.070000,0.000772169097,0.008627083619,-0.005456720279,0.010237119374,3
2.080000,0.009271977544,0.001140137478,-0.007826215680,0.012186842615,3
2.090000,0.005545128374,-0.004290768336,0.004432706810,0.008295060654,3
2.100000,-0.006986449597,-0.012650926058,0.013496820588,0.019774240164,3
2.110000,-0.028448075356,0.015088475109,0.001187993402,0.032223693160,3
2.120000,-0.011361303616,0.026420816646,-0.017820469315,0.033833532164,3
2.130000,0.019834822003,0.007184605520,-0.014974696005,0.025870451113,3
2.140000,0.007796102907,-0.029172005325,0.013474585579,0.033065836928,3
2.150000,-0.017459519293,-0.013170619066,0.024294877882,0.032688547105,3
2.160000,-0.058261618245,0.030864260593,0.000234969263,0.065932343755,3
2.170000,-0.014085639316,0.037157667556,-0.068081057499,0.078829739841,3
2.180000,0.049485726715,-0.010710219228,-0.039598710545,0.064277553013,3
2.190000,0.032364083370,-0.076299248548,0.053148090352,0.098456735317,3
2.200000,-0.047516193055,-0.022543508153,0.049824780941,0.072446581411,3
2.210000,-0.036670951937,0.050737817005,-0.013670051832,0.064077727078,3
2.220000,0.022424450524,0.045105323800,-0.067398015800,0.084141777674,3
2.230000,0.044591896421,-0.027570397860,-0.028053879133,0.059460778661,3
2.240000,0.009018209722,-0.035688084209,0.031921850783,0.048723423715,3
2.250000,-0.010293073296,0.000917905685,0.016761603146,0.019691146456,3
2.260000,-0.014521159860,0.018481387301,-0.011389231721,0.026117816896,3
2.270000,0.008251058017,0.008499124088,-0.017393415467,0.021043905775,3
2.280000,0.006895311066,-0.004097293696,0.001779378469,0.008215796861,3
2.290000,-0.000746324212,-0.005712062376,0.008169651602,0.009996392535,3
2.300000,-0.013847698390,-0.001475786808,0.006115561367,0.015209759638,3
2.310000,-0.009110321245,0.011969798711,-0.007073060702,0.016622341052,3
2.320000,0.001660170813,0.001861646237,-0.009799634729,0.010112108319,3
2.330000,0.003640138387,-0.011261765122,0.000107813422,0.011835944613,3
2.340000,-0.003362955558,-0.003582936458,0.004189365545,0.006457374653,3
2.350000,-0.007495974852,0.005664897912,0.000918508043,0.009440570129,3
2.360000,-0.002035004775,0.004371047947,-0.003941346863,0.006227481006,3
2.370000,0.006790685072,0.000184886652,-0.005970042534,0.009043726814,3
2.380000,0.010478107346,-0.007513868423,0.008524045331,0.015456658793,3
2.390000,-0.004117865960,-0.005779387922,0.011433724122,0.013456901282,3
2.400000,-0.004545266536,0.003191378922,0.002117663797,0.005943807472,3
2.410000,-0.001943914478,0.005387854412,-0.004508815609,0.007289526518,3
2.420000,0.007863296857,-0.000619225493,-0.005786028529,0.009782280093,3
2.430000,0.008790050600,-0.009040764870,0.009185457459,0.015600418190,3
2.440000,-0.001540990188,-0.001819061525,0.005244682499,0.005761104938,3
2.450000,-0.011886429832,0.007229721306,0.002046575199,0.014062167484,3
2.460000,0.002863186597,0.006361293190,-0.006956672480,0.009851861780,3
2.470000,0.005579286732,-0.005202556713,-0.003452940644,0.008373639345,3
2.480000,0.000403469076,-0.005787489861,0.005161806185,0.007765440701,3
2.490000,-0.004420801984,-0.001415940620,0.004378291333,0.006381051090,3
2.500000,-0.014258339499,0.014981845667,-0.007310428559,0.021936232826,3
2.510000,0.000804164055,0.004487053249,-0.005861239782,0.007425258142,3
2.520000,0.008177713296,-0.005990652376,-0.001537541097,0.010253143092,3
2.530000,-0.002006116312,-0.009499665258,0.006031336752,0.011430011622,3
2.540000,-0.007771916595,-0.001748160283,0.007158742550,0.010710104894,3
2.550000,-0.006019085542,0.008714112599,-0.005617179013,0.011988237953,3
2.560000,0.008366138445,0.006036202225,-0.005955584588,0.011912052618,3
2.570000,0.012059330256,-0.009148540185,0.000817008883,0.015158850130,3
2.580000,0.000991626473,-0.006298036673,0.006118433528,0.008836504843,3
2.590000,-0.006071503008,0.002096220938,0.003883868001,0.007506112286,3
2.600000,0.000572333092,0.018741096097,-0.008241994833,0.020481375123,3
2.610000,0.019320548601,0.004764701880,-0.011526525765,0.022996668855,3
2.620000,0.016527452491,-0.014063034929,0.004411284905,0.022144639798,3
2.630000,-0.004934943795,-0.010410252336,0.016278641852,0.019942948742,3
2.640000,-0.016554990516,0.007905923615,-0.002093140459,0.018464901196,3
2.650000,-0.008776115280,0.015505969206,-0.012660615294,0.021857412016,3
2.660000,0.015529268825,-0.002688539247,-0.020734636372,0.026044415505,3
2.670000,0.011554896567,-0.015209699444,0.009184942107,0.021194663323,3
2.680000,-0.018476074332,-0.017847906023,0.019147363174,0.032039578472,3
2.690000,-0.015961968875,0.007543151567,-0.000140080505,0.017655118478,3
2.700000,-0.000091161223,0.010354294141,-0.014915371721,0.018157313432,3
2.710000,0.016546524815,-0.002123647093,-0.017823035495,0.024412250095,3
2.720000,0.002887205267,-0.019169663983,0.017486186013,0.026107061741,3
2.730000,-0.012639580222,-0.007402176080,0.013687712270,0.020047560103,3
2.740000,-0.007093028797,0.007986381919,-0.001630695755,0.010805208111,3
2.750000,0.001415525020,0.005652143359,-0.005691855022,0.008145406633,3
2.760000,0.008065258025,-0.003751994951,-0.006693330859,0.011132229387,3
2.770000,0.002508144096,-0.008080264616,0.007758959071,0.011479673729,3
2.780000,-0.005875501013,-0.000731310267,0.008651866760,0.010483850690,3
2.790000,-0.004238136053,0.005079174120,-0.002127456790,0.006948804166,3
2.800000,0.007019811718,0.005718946665,-0.005516419321,0.010602593533,3
2.810000,0.009888119219,-0.004121194191,-0.002477431442,0.010995308536,3
2.820000,0.001230436690,-0.003876161996,0.005874311006,0.007144657869,3
2.830000,-0.011267103280,-0.000368968212,0.004751945660,0.012233754183,3
2.840000,-0.004718890448,0.005797846437,-0.004101945524,0.008526951827,3
2.850000,0.005648050003,0.001701259426,-0.009244459420,0.010966074158,3
2.860000,0.003915496988,-0.007491650027,0.000582053826,0.008473176703,3
2.870000,-0.004326614364,-0.013765387885,0.009175002302,0.017099302989,3
2.880000,-0.018753091338,0.001562015149,0.007931983152,0.020421427050,3
2.890000,-0.008271014524,0.016611991072,-0.016520550775,0.024845452834,3
2.900000,0.012367966627,-0.001551383609,-0.012096173089,0.017369248486,3
2.910000,0.009527647475,-0.013121558213,0.006778766780,0.017575637553,3
2.920000,-0.009355795393,-0.009808290134,0.024170762892,0.027712077540,3
2.930000,-0.018303632997,0.016471169620,0.009204193091,0.026287631692,3
2.940000,0.004426763069,0.021794238882,-0.017595840316,0.028358396925,3
2.950000,0.031375025173,-0.006496976240,-0.011706575785,0.034112267903,3
2.960000,0.017238956754,-0.017176923974,0.018409888585,0.030514788953,3
2.970000,-0.003872413819,-0.008937222019,0.031994006750,0.033443773622,3
2.980000,-0.021726120706,0.031043477637,-0.003791431373,0.038080136247,3
2.990000,0.008170882077,0.023457089692,-0.035649272247,0.043449614297,3
3.000000,0.045088180685,-0.011157354009,-0.010979546332,0.047728199460,3
3.010000,0.018516302876,-0.041764053055,0.026560214562,0.052844437715,3
3.020000,-0.040606303432,-0.000160694495,0.045248593989,0.060797474940,3
3.030000,-0.048886554566,0.035524307982,-0.012206118113,0.061651123220,3
3.040000,0.001758591230,0.042145891923,-0.054344612938,0.068794664070,3
3.050000,0.057434300494,-0.029700405127,-0.009352839234,0.065332140174,3
3.060000,-0.011305168411,-0.060466005200,0.053392663770,0.081453797715,3
3.070000,-0.058932806459,0.005531998307,0.046259793060,0.075124211386,3
3.080000,-0.041002699234,0.062085281157,-0.047532707727,0.088290213414,3
3.090000,0.028561861514,0.028853254864,-0.059020953195,0.071636325739,3
3.100000,0.051835144428,-0.067976546956,0.011647919922,0.086274951014,3
3.110000,0.006795985547,-0.044818755375,0.073152168159,0.086058967919,3
3.120000,-0.063727550022,0.012387223041,0.038529283611,0.075492712377,3
3.130000,-0.023267888950,0.082130037346,-0.041320633011,0.094837399811,3
3.140000,0.059099429310,0.021061913125,-0.049298299582,0.079791409756,3
3.150000,0.061155254219,-0.057794630978,-0.000450493690,0.084145038078,3
3.160000,0.005423481499,-0.036313696322,0.070672553812,0.079641123513,3
3.170000,-0.044451640418,0.043337613642,0.019700619302,0.065132261537,3
3.180000,-0.007681347120,0.067398944086,-0.044753190959,0.081267883315,3
3.190000,0.057119819106,0.009629440083,-0.040057701310,0.070427404363,3
3.200000,0.031309982183,-0.044773065834,0.048118614083,0.072803457540,3
3.210000,-0.031687697500,-0.020951736414,0.040401623425,0.055456078179,3
3.220000,-0.061831258547,0.034939364926,0.002420237536,0.071061391097,3
3.230000,-0.011347037486,0.034500933123,-0.040037975547,0.054056536441,3
3.240000,0.021060406270,-0.016876167869,-0.022853172280,0.035364010483,3
3.250000,0.016987970808,-0.017734281854,0.017296984676,0.030038002329,3
3.260000,-0.012954418086,-0.011806635401,0.015533752975,0.023420313168,3
3.270000,-0.017757785948,0.011718782222,-0.006429032124,0.022226139400,3
3.280000,-0.001512787358,0.009687177879,-0.016239495305,0.018969742977,3
3.290000,0.015283558295,-0.007373398905,-0.011361633375,0.020421578747,3
3.300000,0.013759807990,-0.015354321968,0.010104275113,0.022960485504,3
3.310000,-0.011059632470,-0.000500393624,0.015896247827,0.019371539927,3
3.320000,-0.010190293745,0.019582216026,-0.003056444682,0.022285581105,3
3.330000,0.004982632845,0.008543349366,-0.009618896513,0.013796326271,3
3.340000,0.014519252188,-0.003661831734,-0.004632252223,0.015674037655,3
3.350000,0.005494676861,-0.010839503798,0.010967976493,0.016370180962,3
3.360000,-0.007714065321,0.001667715535,0.006672779436,0.010335088983,3
3.370000,-0.004658468828,0.012672648593,-0.010996814130,0.017413422271,3
3.380000,0.001157860018,0.001462724566,-0.004287764020,0.004676015747,3
3.390000,0.007723650149,-0.007362960188,0.002137217887,0.010882814647,3
3.400000,0.000171970598,-0.006938638664,0.010533280250,0.012614447004,3
3.410000,-0.013447454696,0.004003848231,0.005149006535,0.014945805658,3
3.420000,-0.005708384136,0.009141660878,-0.004516662902,0.011685711652,3
3.430000,0.003408569769,0.000174191501,-0.004764192171,0.005860564614,3
3.440000,0.005742173254,-0.005228254999,0.000924806399,0.007820643893,3
3.450000,-0.004580944510,-0.003541730203,0.007278349707,0.009300713945,3
3.460000,-0.005375490041,0.005955443485,0.003933356332,0.008935014959,3
3.470000,-0.000071863281,0.011849847532,-0.007597557752,0.014076467407,3
3.480000,0.005684499145,-0.002916772687,-0.004046712803,0.007562868368,3
3.490000,0.006548122599,-0.008592769080,0.005651030122,0.012192117595,3
3.500000,-0.001913193962,-0.003834738366,0.009311938674,0.010250742965,3
3.510000,-0.005625725418,0.006584888541,0.003307072158,0.009270721107,3
3.520000,0.001879552972,0.004662755076,-0.005024804387,0.007107929614,3
3.530000,0.005750401112,0.000868994858,-0.004415194294,0.007301794688,3
3.540000,0.002474631896,-0.009583508081,0.007250349859,0.012269270689,3
3.550000,-0.005133496734,-0.001903332427,0.005026577721,0.007432492626,3
3.560000,-0.006002183546,0.003533741710,-0.002616186661,0.007440293706,3
3.570000,0.001961276538,0.004856881801,-0.007610945772,0.009239177562,3
3.580000,0.006846568769,-0.005132491422,-0.001201888717,0.008640746992,3
3.590000,-0.000558580313,-0.005860282688,0.002883562011,0.006555139588,3
3.600000,-0.007935131116,0.001453239469,0.007595822422,0.011080375853,3
3.610000,-0.004064306263,0.004679199521,-0.002149162955,0.006559908152,3
3.620000,0.006535241830,0.007488699113,-0.020105590294,0.022428213510,3
3.630000,0.014900540110,-0.011328076861,0.000400219653,0.018721954939,3
3.640000,-0.005759820894,-0.017466371200,0.015757439330,0.024218723209,3
3.650000,-0.018974331259,0.007935895005,0.005359771502,0.021253960262,3
3.660000,-0.010594744938,0.015302062780,-0.016927873729,0.025158590076,3
3.670000,0.013373063242,0.008439193912,-0.011664777197,0.019650085023,3
3.680000,0.016882607207,-0.017719326960,0.002085160291,0.024563079356,3
3.690000,-0.002318740026,-0.013912917537,0.019555436701,0.024111427462,3
3.700000,-0.012859268434,0.009071017595,0.008090261830,0.017694532527,3
3.710000,-0.003143162649,0.016854692487,-0.018065752288,0.024906455709,3
3.720000,0.018678072549,0.005287895205,-0.013675533168,0.023745577215,3
3.730000,0.014285663824,-0.012498919698,0.015833261125,0.024718319975,3
3.740000,-0.007450165386,-0.012483377279,0.014760029699,0.020717097994,3
3.750000,-0.022156242817,0.008741748185,-0.000027234717,0.023818438212,3
3.760000,-0.000690294131,0.003133565773,-0.002637183801,0.004153369577,3
3.770000,0.004459255668,-0.003074547292,-0.008723523455,0.010268284357,3
3.780000,0.001102218841,-0.005986713367,0.004678101904,0.007677256069,3
3.790000,-0.004759385498,-0.002889731388,0.002654730846,0.006168459587,3
3.800000,-0.008655640270,0.006588960232,-0.001911148149,0.011044772187,3
3.810000,-0.001727448905,0.003522126990,-0.004987925347,0.006345774777,3
3.820000,0.005267956199,-0.004556511523,-0.002312904004,0.007339120159,3
3.830000,0.003035321840,-0.006800986791,0.007205765517,0.010362898084,3
3.840000,-0.009811500963,-0.001307077201,0.005635292007,0.011389930551,3
3.850000,-0.004233378075,0.006815525333,-0.002868244180,0.008520545767,3
3.860000,0.006726938262,0.003853951344,-0.010247451071,0.012849703996,3
3.870000,0.007414790193,-0.004199515796,-0.001187169057,0.008603744354,3
3.880000,0.002557064424,-0.005488853560,0.004505730994,0.007547695255,3
3.890000,-0.006660519416,0.000615519620,0.005764851655,0.008830339625,3
3.900000,-0.002750124489,0.010755973167,-0.005786448541,0.012519470044,3
3.910000,0.005545316415,0.003439759652,-0.010357900148,0.012242082180,3
3.920000,0.004731793869,-0.002876283250,-0.001502959988,0.005737749322,3
3.930000,-0.000636252801,-0.003987920382,0.007819319371,0.008800572824,3
3.940000,-0.006921211146,0.002424682468,0.001139127297,0.007421580680,3
3.950000,-0.002634833660,0.008468186405,-0.003883973173,0.009681827153,3
3.960000,0.003992989547,0.003450232552,-0.009868444582,0.011190811796,3
3.970000,0.002587625660,-0.006693717512,0.002021079104,0.007455630183,3
3.980000,-0.002523529549,-0.004066234175,0.004031826161,0.006257642043,3
3.990000,-0.005042470058,0.001515329650,0.000451665612,0.005284574728,3
4.000000,-0.001729580634,0.009187171383,-0.009303465094,0.013189011712,3
4.010000,0.009843574763,-0.000439798716,-0.010059636501,0.014081394589,3
4.020000,0.004763304847,-0.005460213395,0.003009944047,0.007846194399,3
4.030000,-0.004740868244,-0.003817557671,0.007100368243,0.009352262158,3
4.040000,-0.008240853639,0.003270784642,-0.001950248647,0.009078170006,3
4.050000,0.002406058648,0.006229033634,-0.006198360742,0.009110963402,3
4.060000,0.007710648128,-0.000807587562,-0.003885951491,0.008672191835,3
4.070000,0.005114074161,-0.005694617108,0.004782231820,0.009025085025,3
4.080000,-0.003273080837,-0.000368742850,0.004914232479,0.005915970784,3
4.090000,-0.006761215415,0.011064635333,0.001097830701,0.013013278649,3
4.100000,0.003928198274,0.007621575647,-0.007407522232,0.011330955064,3
4.110000,0.009767995275,-0.003206760603,-0.004947003428,0.011409201907,3
4.120000,-0.000838640791,-0.005514956296,0.003499857824,0.006585367576,3
4.130000,-0.028103242645,-0.007772244478,0.017627157987,0.034072228135,3
4.140000,-0.011278311562,0.014911227601,-0.001280641454,0.018739932305,3
4.150000,0.005827614457,0.004965466832,-0.024227517881,0.025408454770,3
4.160000,0.008484447276,-0.020100529810,-0.004234033568,0.022224855106,3
4.170000,-0.003040356827,-0.017633614100,0.013723827230,0.022550644108,3
4.180000,-0.025458532990,0.000741142963,0.008174011794,0.026748844156,3
4.190000,-0.014223886875,0.024268923053,-0.009713409735,0.029759870844,3
4.200000,0.012082415679,-0.000176652356,-0.008358023425,0.014692601208,3
4.210000,0.016701522807,-0.013036227401,0.003091245081,0.021411209332,3
4.220000,-0.003232729730,-0.013710015257,0.023921437000,0.027760587313,3
4.230000,-0.012771351004,0.006620993102,0.007848970821,0.016387534868,3
4.240000,0.002345429222,0.023261211756,-0.012215233257,0.026377963040,3
4.250000,0.014150777850,0.002981920503,-0.012780843023,0.019299904456,3
4.260000,0.016750166208,-0.018109846897,0.002615864689,0.024806800896,3
4.270000,-0.003240503108,-0.005909354183,0.007975585772,0.010441805192,3
4.280000,-0.008366562196,0.005978763229,0.001486573330,0.010390133445,3
4.290000,-0.002521227112,0.004165241722,-0.008496297428,0.009792491753,3
4.300000,0.006910763061,-0.001137853909,-0.002046124205,0.007296573296,3
4.310000,0.007877311775,-0.010838559998,0.007710092127,0.015458717419,3
4.320000,-0.006608674511,-0.004480538795,0.005105186972,0.009476958410,3
4.330000,-0.007373349565,0.004850857195,-0.000999871980,0.008882389505,3
4.340000,-0.001113745532,0.006969674087,-0.007122295086,0.010027156789,3
4.350000,0.005437035518,-0.004254113923,-0.001516508594,0.007068142529,3
4.360000,0.003302765784,-0.009161708497,0.005715849903,0.011292302888,3
4.370000,-0.006748304228,-0.001087242196,0.005469660742,0.008754364294,3
4.380000,-0.007870871338,0.009623553659,-0.004599424762,0.013255870729,3
4.390000,0.001706790230,0.004445517875,-0.009715368427,0.010819618558,3
4.400000,0.012429200503,-0.003259951591,-0.000550332111,0.012861383089,3
4.410000,0.001293056366,-0.010458633465,0.009382877477,0.014110046012,3
4.420000,-0.005832201306,0.001063795049,0.004548503361,0.007472289797,3
4.430000,-0.008903139037,0.011867791276,-0.004980438319,0.015649764226,3
4.440000,0.009631466462,0.005340379233,-0.009692540750,0.014670724002,3
4.450000,0.004993398924,-0.003952941004,-0.001773750985,0.006611048930,3
4.460000,0.003174226013,-0.009830031019,0.010600602053,0.014801283205,3
4.470000,-0.005598854119,0.003880550915,0.003593154722,0.007701727319,3
4.480000,-0.000762788403,0.005250079627,-0.006258308286,0.008204364987,3
4.490000,0.004021309880,0.001228262642,-0.008496190991,0.009479705883,3
4.500000,0.005662371885,-0.006709129952,0.002062276907,0.009018196390,3
4.510000,-0.004662921720,-0.004610759218,0.006760021793,0.009418058939,3
4.520000,-0.012082523841,0.006433558411,0.004394035647,0.014376564453,3
4.530000,-0.003939629250,0.009292974772,-0.007672081478,0.012678363181,3
4.540000,0.006711430730,-0.003827596863,-0.006027488104,0.009799204714,3
4.550000,0.005980588399,-0.006052466284,0.000784847297,0.008544926624,3
4.560000,-0.004953229146,-0.004093400291,0.007509636143,0.009883574248,3
4.570000,-0.008963830347,0.004379059841,0.001557460396,0.010097133379,3
4.580000,0.002254046555,0.006252901424,-0.008710116837,0.010956534005,3
4.590000,0.013342892062,-0.000722245279,-0.005370505924,0.014401275662,3
4.600000,0.006598763312,-0.008185813188,0.001617986480,0.010638096401,3
4.610000,-0.002205482526,-0.002502330652,0.005255454464,0.006224597455,3
4.620000,-0.005190120350,0.008954384047,0.002044891410,0.010549877904,3
4.630000,0.002634362283,0.007861928973,-0.006606609965,0.010601749244,3
4.640000,0.014145334011,-0.002557499559,-0.005935021566,0.015551712422,3
4.650000,0.005673731588,-0.015388467694,0.008757085594,0.018592544640,3
4.660000,-0.019279681706,-0.003297353059,0.015455340915,0.024928823211,3
4.670000,-0.015051665731,0.015738730764,-0.004502230627,0.022238038761,3
4.680000,0.000843041907,0.008659882424,-0.018676499984,0.020603784481,3
4.690000,0.019858843195,-0.015748158227,-0.006065401142,0.026060837124,3
4.700000,-0.005956994848,-0.016248101079,0.018752063758,0.025517179928,3
4.710000,-0.026640231434,0.004268558522,0.011959184523,0.029511770824,3
4.720000,-0.020582442861,0.017745845380,-0.014012086408,0.030575979917,3
4.730000,0.011083637905,0.007808908782,-0.015167827466,0.020344263949,3
4.740000,0.016754612603,-0.019467991480,0.000783931320,0.025696970329,3
4.750000,-0.002139199644,-0.018564535444,0.028897215693,0.034413183900,3
4.760000,-0.010865191878,0.004501139915,0.008410703627,0.014458651064,3
4.770000,-0.002995760959,0.020621823014,-0.016008278735,0.026277350632,3
4.780000,0.004739418208,0.001135251479,-0.007165666813,0.008665890707,3
4.790000,0.003927114623,-0.003342582569,0.000862511434,0.005228672247,3
4.800000,-0.004858456171,-0.005857010131,0.005839610339,0.009592195419,3
4.810000,-0.007210934490,0.004711387385,0.001072439535,0.008680142503,3
4.820000,-0.003119359974,0.011225724730,-0.009657992327,0.015133542816,3
4.830000,0.004787152922,0.000062466447,-0.003023735642,0.005662482882,3
4.840000,0.004747008092,-0.007711556908,0.005771410312,0.010738313311,3
4.850000,-0.008806353937,-0.006634387330,0.012594789282,0.016739046627,3
4.860000,-0.005541034644,0.003231955700,-0.001327555594,0.006550649313,3
4.870000,-0.000721596745,0.003217378255,-0.007225988602,0.007942741087,3
4.880000,0.004717702037,-0.002608901013,-0.002779833377,0.006065521462,3
4.890000,0.002316523619,-0.007267923996,0.006578046236,0.010072720247,3
4.900000,-0.008352402981,-0.001540584311,0.007026627666,0.011023136211,3
4.910000,-0.010182072344,0.006673943585,-0.004212974438,0.012882751019,3
4.920000,-0.000277240324,0.002614158991,-0.003077240981,0.004047233806,3
4.930000,0.011859023836,-0.008607693334,-0.004039706613,0.015200265143,3
4.940000,0.002705210535,-0.007039480009,0.005871328823,0.009557454943,3
4.950000,-0.002558160813,0.000123110428,0.004735747031,0.005383924486,3
4.960000,-0.002755211064,0.012123555077,-0.002879569801,0.012761806218,3
4.970000,0.008732933582,0.006867323524,-0.010115483607,0.015024888350,3
4.980000,0.002731228496,-0.002979159678,-0.000893974355,0.004139346764,3
4.990000,-0.001670108021,-0.009137024246,0.009251303062,0.013109579750,3
5.000000,-0.004681446484,0.000819208376,0.003099517013,0.005673980019,3
5.010000,-0.002704853584,0.007169699279,-0.005187257395,0.009253564716,3
5.020000,0.004108023337,0.003246820380,-0.004656407667,0.007007127135,3
5.030000,0.007621760480,-0.006903065599,0.002238554673,0.010524004680,3
5.040000,-0.002786698315,-0.005742277181,0.008807067497,0.010876758369,3
5.050000,-0.008860264853,0.003809213260,0.001831508622,0.009816762336,3
5.060000,-0.004184570776,0.009248858580,-0.006544764341,0.012078325956,3
5.070000,0.005340020417,-0.001882839122,-0.006885146036,0.008914378114,3
5.080000,0.004509703745,-0.004554445011,0.002248099829,0.006792227181,3
5.090000,-0.002657051555,-0.003593100121,0.006332350038,0.007750416018,3
5.100000,-0.006724890871,0.006667709445,0.001230303916,0.009549667754,3
5.110000,-0.000924664142,0.007222546881,-0.005451450967,0.009096070848,3
5.120000,0.013721082335,0.000825721091,-0.004661327619,0.014514747361,3
5.130000,0.005012144827,-0.010791767254,0.005636360535,0.013166335720,3
5.140000,-0.002847135561,-0.002134483660,0.003891839908,0.005273387836,3
5.150000,-0.016806060763,0.014833084895,-0.008142251164,0.023848696818,3
5.160000,-0.000352028498,0.012347741064,-0.017240787479,0.021209323100,3
5.170000,0.018025117739,-0.009008922428,-0.007310769160,0.021436251970,3
5.180000,0.007903795440,-0.017208159246,0.019083817482,0.026884620448,3
5.190000,-0.012774930340,-0.000479197259,0.009292031452,0.015804123630,3
5.200000,-0.012268451490,0.017494684482,-0.003516749680,0.021655170639,3
5.210000,0.007449177734,0.010102242752,-0.015991401830,0.020329055315,3
5.220000,0.008707473659,-0.007821253782,-0.000562212931,0.011717857809,3
5.230000,0.000154547063,-0.012133437375,0.017281708809,0.021116383371,3
5.240000,-0.019618696725,0.009410524769,0.011285501152,0.024511502889,3
5.250000,-0.009920640301,0.019185137592,-0.011167533026,0.024314654065,3
5.260000,0.009066736778,0.005301708296,-0.015871041533,0.019031652214,3
5.270000,0.016779031671,-0.015269641941,0.002165129220,0.022790034080,3
5.280000,-0.002451063648,-0.019509705876,0.019456852943,0.027662347384,3
5.290000,-0.004587472167,0.000681701710,0.001800988281,0.004975256465,3
5.300000,-0.003048685639,0.007883792170,-0.008619123758,0.012072197706,3
5.310000,0.009430397104,-0.001289071741,-0.008852815332,0.012998708966,3
5.320000,0.006282249695,-0.004559027725,0.000880029411,0.007811904172,3
5.330000,0.001737870972,-0.003850851841,0.007180482623,0.008331181556,3
5.340000,-0.005379618565,0.007078700269,0.006541323830,0.011037989439,3
5.350000,-0.001025684475,0.007392166074,-0.005130160144,0.009056196277,3
5.360000,0.005295807502,-0.000179470904,-0.003667439700,0.006444214526,3
5.370000,0.004431607950,-0.003114518660,0.002902962356,0.006145450833,3
5.380000,-0.004224796327,-0.002381983644,0.009949864953,0.011068991041,3
5.390000,-0.008576034129,0.005099686554,-0.001811032663,0.010140759520,3
5.400000,-0.001280996545,0.008350993124,-0.011087978856,0.013939989721,3
5.410000,0.003480172352,-0.001330124016,-0.002796523237,0.004658473109,3
5.420000,0.003052983673,-0.007553870496,0.003418571038,0.008835626560,3
5.430000,-0.007167869956,-0.004095771145,0.006864322146,0.010736508720,3
5.440000,-0.014726110230,0.010285696780,-0.001410244443,0.018017843104,3
5.450000,0.001511321548,0.005926163290,-0.006011330170,0.008575522991,3
5.460000,0.006480041794,-0.004667523902,-0.000573681268,0.008006611719,3
5.470000,0.003457427072,-0.011581904483,0.010811057847,0.016216451067,3
5.480000,-0.009693904387,0.000646894131,0.005605331144,0.011216505317,3
5.490000,-0.004505943104,0.004613179612,-0.002854090197,0.007052005406,3
5.500000,0.001391535383,0.001674199952,-0.002695709558,0.003464991519,3
5.510000,0.006818155499,-0.003057536152,-0.000299754086,0.007478343683,3
5.520000,0.000031201731,-0.007497279337,0.012530640978,0.014602298940,3
5.530000,-0.003350622085,0.003321672047,0.003653894764,0.005967505383,3
5.540000,-0.004889495162,0.011208105388,-0.011418665021,0.016730651517,3
5.550000,0.005315295809,0.004325806130,-0.006319502867,0.009322075128,3
5.560000,0.006002176624,-0.006531200168,0.002347530730,0.009175707078,3
5.570000,-0.004539215518,-0.003857630120,0.009436828038,0.011159727195,3
5.580000,-0.009994858670,0.002329181945,0.004098393068,0.011050751744,3
5.590000,-0.002718201381,0.005892676834,-0.005297747751,0.008377254339,3
5.600000,0.011238170702,0.000207094605,-0.010403147614,0.015315510086,3
5.610000,0.005320019964,-0.007288821886,0.000952520517,0.009073964527,3
5.620000,-0.004730436093,-0.005939870143,0.006990404619,0.010321087137,3
5.630000,-0.004181499257,0.002727633363,0.000952708576,0.005082575472,3
5.640000,-0.004128218400,0.008249898105,-0.008131944676,0.012297622945,3
5.650000,0.014109685136,-0.002786930754,-0.016564692771,0.021937165821,3
5.660000,0.013388329085,-0.015352631813,0.008165665017,0.021946041658,3
5.670000,-0.021359084682,-0.003644758563,0.021884655763,0.030796638149,3
5.680000,-0.012682408736,0.015181960850,-0.001159309947,0.019816140546,3
5.690000,0.007626198546,0.010446722870,-0.015705616351,0.020345989972,3
5.700000,0.025872790671,0.003341283477,-0.004683350135,0.026504702241,3
5.710000,0.009177241236,-0.016877087094,0.012137261734,0.022723796951,3
5.720000,-0.003599435402,-0.005928742907,0.014935408923,0.016467312087,3
5.730000,-0.016303109114,0.017538419190,-0.006352138736,0.024773719563,3
5.740000,0.007797961659,0.010810062186,-0.017829676492,0.022261244672,3
5.750000,0.014858142457,0.001296418912,-0.006149912012,0.016132777722,3
5.760000,0.001308445279,-0.021105241402,0.017515290801,0.027457761299,3
5.770000,-0.020829369118,0.006087692288,0.009644118823,0.023747244959,3
5.780000,-0.010562435583,0.014933500530,-0.007840124520,0.019900804909,3
5.790000,0.006523408208,0.006597895419,-0.009311009551,0.013144655852,3
5.800000,0.007183073174,-0.006294445232,-0.001498263608,0.009667542337,3
5.810000,-0.003351845311,-0.005699725179,0.008875745048,0.011067998205,3
5.820000,-0.009476006587,0.001248215147,0.005154719532,0.010859276004,3
5.830000,-0.000355450672,0.008788146524,-0.004075877593,0.009693845608,3
5.840000,0.008799170825,0.000834370052,-0.006225811788,0.010811212375,3
5.850000,0.005801946124,-0.006091852388,0.001216977851,0.008500251728,3
5.860000,-0.001640128506,-0.003905826169,0.007886356295,0.008952101161,3
5.870000,-0.008010210455,0.005588414803,0.001890230703,0.009948207057,3
5.880000,-0.000456049047,0.009197477318,-0.009269956507,0.013066509228,3
5.890000,0.007319033876,0.000688059702,-0.003730844357,0.008243839073,3
5.900000,0.005417005190,-0.004712790634,0.001045063295,0.007255790659,3
5.910000,-0.002068673483,-0.003037182875,0.007556969339,0.008403075352,3
5.920000,-0.008904649035,0.004501132536,0.002724824939,0.010342999540,3
5.930000,0.000323892799,0.003208249695,-0.003164502471,0.004517947381,3
5.940000,0.009425646210,-0.000563514377,-0.004643973477,0.010522682385,3
5.950000,0.001985842700,-0.007080385854,0.006076852572,0.009539579249,3
5.960000,-0.010187396044,-0.001308917373,0.007918442748,0.012969118644,3
5.970000,-0.009802305024,0.007191194465,-0.002096512011,0.012336686112,3
5.980000,0.001315514582,0.004774922248,-0.005433006553,0.007351735938,3
5.990000,0.007775743055,-0.004386347962,-0.003994727045,0.009780596743,3
6.000000,0.002033921593,-0.007453357878,0.005083746167,0.009248451534,3
6.010000,-0.008127947145,-0.003285579435,0.005585539147,0.010395037498,3
6.020000,-0.005170514788,0.006151349716,-0.001659114765,0.008205241514,3
6.030000,0.003832142554,0.003344215975,-0.005335127313,0.007371070512,3
6.040000,0.011359549646,-0.008286483126,-0.000713499790,0.014078858360,3
6.050000,-0.000881339211,-0.005191367061,0.004165298185,0.006713922827,3
6.060000,-0.002092504541,-0.000908265284,0.004212800700,0.004790742200,3
6.070000,-0.001761852113,0.007139103256,-0.003508419250,0.008147387545,3
6.080000,0.008176129731,0.006627192122,-0.010474433083,0.014848653852,3
6.090000,0.009053799718,-0.008588764538,-0.000440033346,0.012487265312,3
6.100000,-0.000604793879,-0.002890627689,0.004559145935,0.005432063671,3
6.110000,-0.013837948933,0.007366316083,0.003573093945,0.016078508751,3
6.120000,-0.001816879265,0.008483842462,-0.007847069353,0.011698424279,3
6.130000,0.005170129909,-0.000693557506,-0.006178153744,0.008085842503,3
6.140000,0.001971431069,-0.003534654646,0.001652045176,0.004371450239,3
6.150000,-0.003581026893,-0.002833717893,0.006204258418,0.007703670114,3
6.160000,-0.017040556790,0.008648463995,0.003827113467,0.019489055971,3
6.170000,-0.000948360285,0.016184814030,-0.013097933160,0.020842347408,3
6.180000,0.018069109466,-0.008219064844,-0.010208581459,0.022321757978,3
6.190000,0.013282985006,-0.022714816513,0.012400365914,0.029088995422,3
6.200000,-0.003103169360,-0.000667719598,0.014766595394,0.015103901783,3
6.210000,-0.016949632772,0.017841152903,0.004334384456,0.024987670492,3
6.220000,0.008585320344,0.017401821840,-0.018991152583,0.027151335238,3
6.230000,0.027150567732,-0.010437923758,-0.007503732957,0.030040132970,3
6.240000,0.011645348636,-0.020369946588,0.010017844267,0.025512860926,3
6.250000,-0.010427026569,0.000964199248,0.017609888225,0.020488063026,3
6.260000,-0.012656420355,0.022566096380,-0.005207603742,0.026391908206,3
6.270000,0.006173349086,0.018949308553,-0.015318477353,0.025136473141,3
6.280000,0.013369907714,-0.007994995929,-0.002110187544,0.015720282556,3
6.290000,0.003934285366,-0.019898713944,0.014035748779,0.024666569720,3
6.300000,-0.006784328739,-0.000288035752,0.003281268194,0.007541671035,3
6.310000,-0.006534487448,0.008169210589,-0.004064607284,0.011223037032,3
6.320000,0.000603225944,0.002841975567,-0.003305832425,0.004401049271,3
6.330000,0.005652424602,-0.004966984959,0.000907203702,0.007579172911,3
6.340000,-0.003520746954,-0.003887493787,0.007082284098,0.008812889146,3
6.350000,-0.006429705449,0.001552258123,0.001661041707,0.006819800363,3
6.360000,-0.003314541037,0.004766139694,-0.007134289265,0.009197845030,3
6.370000,0.002225693027,0.001790508548,-0.004013438169,0.004926186786,3
6.380000,0.008022001731,-0.009573702663,0.001122548864,0.012540670253,3
6.390000,-0.001317680187,-0.004640841394,0.006451077863,0.008055438878,3
6.400000,-0.007431255004,0.004932839959,0.000740747594,0.008950149049,3
6.410000,0.000696990245,0.008585152429,-0.009638262249,0.012926203496,3
6.420000,0.007996771006,-0.002377501151,-0.006567758690,0.010617735750,3
6.430000,0.006440997599,-0.003773983847,0.001883196948,0.007699080133,3
6.440000,-0.001359866864,-0.001298685648,0.003061280985,0.003592668029,3
6.450000,-0.006867252764,0.004345804927,0.000214158212,0.008129639889,3
6.460000,0.002549064555,0.006133291522,-0.006696923092,0.009432060957,3
6.470000,0.007643227787,-0.002324859912,-0.004218668173,0.009034437768,3
6.480000,0.002870387118,-0.010192108368,0.003955468497,0.011303270599,3
6.490000,-0.003719459634,-0.002316129801,0.003050249136,0.005338806704,3
6.500000,-0.010016575796,0.006975950357,-0.003976740088,0.012837839997,3
6.510000,0.002507668008,0.005368274764,-0.009599880901,0.011281156239,3
6.520000,0.011553963814,-0.006892831574,-0.003896773299,0.014006785822,3
6.530000,0.000628267342,-0.007075583412,0.006552314859,0.009663924177,3
6.540000,-0.007590942937,-0.001845366627,0.005729057204,0.009687615244,3
6.550000,-0.007253617453,0.007369025468,-0.003097704166,0.010794131443,3
6.560000,0.002833835664,0.012148221481,-0.014281511181,0.018962369876,3
6.570000,0.006103766499,-0.002276439495,-0.002624437034,0.007023233728,3
6.580000,0.002248092765,-0.003297826183,0.004066173701,0.005697661554,3
6.590000,-0.004647873814,0.002370332102,0.005917896485,0.007889404545,3
6.600000,-0.000534113851,0.006844826323,-0.001955168747,0.007138599990,3
6.610000,0.005926863410,0.000909724250,-0.007831090320,0.009863127481,3
6.620000,0.005165487116,-0.002680282486,-0.001734029301,0.006072316606,3
6.630000,-0.002113171897,-0.010355856420,0.013016060007,0.016766844538,3
6.640000,-0.005183041819,0.004911273194,0.006234169420,0.009478892089,3
6.650000,-0.002028554293,0.008849820949,-0.005315556611,0.010520908013,3
6.660000,0.006299511959,0.001977742304,-0.004613948308,0.008055050250,3
6.670000,0.012390421097,-0.020611801344,0.006903476657,0.025020529162,3
6.680000,-0.011669016246,-0.009026763043,0.008745230272,0.017150144130,3
6.690000,-0.020043816151,0.013737597959,0.002700409774,0.024449302169,3
6.700000,-0.003152783661,0.015812423763,-0.018207823785,0.024320724435,3
6.710000,0.010097841691,-0.005697696077,-0.018799205713,0.022087106711,3
6.720000,0.010874972866,-0.018113514874,0.009650821653,0.023227199886,3
6.730000,-0.012519193329,-0.006483612608,0.023550370116,0.027447902774,3
6.740000,-0.022241664363,0.018594789371,0.003298949914,0.029177746587,3
6.750000,0.004188065975,0.015493538057,-0.022316789209,0.027488701292,3
6.760000,0.019570528217,-0.007806699631,-0.004784424304,0.021606500173,3
6.770000,0.013762737866,-0.018621827762,0.011256116486,0.025746564453,3
6.780000,-0.007458357932,0.002305534318,0.014611052883,0.016565791798,3
6.790000,-0.013931611287,0.020834906431,-0.001766151769,0.025125732051,3
6.800000,0.011200760860,0.005239039358,-0.012474840640,0.017564914638,3
6.810000,0.003848703773,-0.002702346243,-0.002237569130,0.005207870156,3
6.820000,0.002009262518,-0.007596572358,0.007616733502,0.010943476445,3
6.830000,-0.007648257948,-0.001273292767,0.003942195700,0.008698162510,3
6.840000,-0.006948378117,0.006793600743,-0.005911864040,0.011374669487,3
6.850000,0.001423832239,0.002920794704,-0.006505083590,0.007271482137,3
6.860000,0.006448963808,-0.006558358765,-0.000892999776,0.009241139134,3
6.870000,-0.002287637131,-0.009252635900,0.010172666928,0.013940147315,3
6.880000,-0.006978174347,0.002345640475,0.006920305672,0.010103839718,3
6.890000,-0.004801311999,0.006209627904,-0.007278615315,0.010704686662,3
6.900000,0.006125179750,0.003479118567,-0.009249072451,0.011626153026,3
6.910000,0.004869009801,-0.008183025247,-0.001155799583,0.009591925318,3
6.920000,-0.005255117898,-0.003225189038,0.011054713734,0.012657993688,3
6.930000,-0.003772864553,0.003240594371,0.003097184521,0.005859053744,3
6.940000,0.000710456498,0.008723053436,-0.005811416244,0.010505663636,3
6.950000,0.013521988911,-0.000462276934,-0.006469661744,0.014997146634,3
6.960000,0.004222742581,-0.005705340067,0.002564808525,0.007547231476,3
6.970000,-0.000856169301,-0.003363148562,0.007162852442,0.007959286979,3
6.980000,-0.009325614596,0.009891362249,0.001648287784,0.013693903291,3
6.990000,0.001855168078,0.005980542350,-0.006050380767,0.008707217858,3
7.000000,0.006321642277,-0.001794458358,-0.003460118787,0.007426685929,3
7.010000,0.003405762047,-0.007066113394,0.005636339892,0.009659063153,3
7.020000,-0.004013212883,-0.000544073504,0.004737778643,0.006232851682,3
7.030000,-0.008988584205,0.006189885767,-0.003775043282,0.011548172306,3
7.040000,-0.000038007641,0.003957172904,-0.004187070819,0.005761269306,3
7.050000,0.005347829004,-0.005911814729,-0.004690122501,0.009249112256,3
7.060000,0.001229919816,-0.006778620149,0.002687977816,0.007395107749,3
7.070000,-0.007206361583,0.000153702014,0.004224399292,0.008354688561,3
7.080000,-0.006088250733,0.003091208620,-0.001392011563,0.006968505141,3
7.090000,0.003383851926,0.004477777021,-0.012597607486,0.013791325364,3
7.100000,0.010939583008,-0.006871364036,-0.000878581926,0.012948437215,3
7.110000,0.000766223521,-0.005522471120,0.004499541341,0.007164541718,3
7.120000,-0.004478050736,0.001893138051,0.002896066958,0.005658985236,3
7.130000,-0.004986778096,0.005436393536,-0.002778581753,0.007883073450,3
7.140000,0.004676766508,0.003226752499,-0.006370834921,0.008536487232,3
7.150000,0.015054643996,-0.008358352397,0.000569306203,0.017228710637,3
7.160000,0.002703300837,-0.006834088882,0.013175102808,0.015086283183,3
7.170000,-0.009258849410,0.005497684284,0.005190274811,0.011953651220,3
7.180000,0.001843517868,0.014985285445,-0.013886304722,0.020513088427,3
7.190000,0.017671578048,0.005988184010,-0.019831960768,0.027229573746,3
7.200000,0.007420918435,-0.016905769377,0.005413868662,0.019240193412,3
7.210000,-0.012674835546,-0.004034247992,0.015093922833,0.020118477066,3
7.220000,-0.016280258574,0.005103811794,0.005212883233,0.017840119553,3
7.230000,-0.010989508298,0.023531368168,-0.022756403566,0.034530399415,3
7.240000,0.010042179561,-0.003760502374,-0.012009510483,0.016100158088,3
7.250000,0.005247611777,-0.019020181256,0.011209204483,0.022692531580,3
7.260000,-0.022521632135,-0.010559661515,0.012284815445,0.027742513510,3
7.270000,-0.017357857568,0.013345402703,0.004436573378,0.022340057654,3
7.280000,-0.000852697056,0.018446705656,-0.022216219745,0.028888898588,3
7.290000,0.015415204822,-0.007527561046,-0.007571040467,0.018751356451,3
7.300000,0.009498770118,-0.015621963969,0.010963461641,0.021318299256,3
7.310000,-0.013077633783,0.001325815342,0.024182086547,0.027523727972,3
7.320000,-0.006306292274,0.007861611937,0.001059461878,0.010133939212,3
7.330000,0.001883916490,0.004766774870,-0.004750283169,0.006988309823,3
7.340000,0.011786823486,-0.005021517425,-0.001770207702,0.012933618227,3
7.350000,0.001043296803,-0.006741068674,0.009080737730,0.011357388468,3
7.360000,-0.004128701033,0.000585411081,0.006482869903,0.007708208646,3
7.370000,-0.004338385406,0.010078097952,-0.004493361586,0.011856641371,3
7.380000,0.004409384155,0.004221999661,-0.006567162535,0.008966357874,3
7.390000,0.009786101666,-0.007305090255,-0.000132669555,0.012212687282,3
7.400000,0.000636161216,-0.010104805702,0.010088772235,0.014293184550,3
7.410000,-0.004388546234,0.001726717249,0.003172632248,0.005683879475,3
7.420000,-0.004804644947,0.007596196752,-0.003805104777,0.009760411904,3
7.430000,0.002608100233,0.000505900551,-0.005228528711,0.005864779167,3
7.440000,0.003468945393,-0.005014285181,0.001711636869,0.006332956560,3
7.450000,-0.004819189606,-0.008070399878,0.012451408762,0.015601074412,3
7.460000,-0.006588207898,0.006567479790,0.003557211333,0.009959418988,3
7.470000,-0.003524354952,0.006548550755,-0.005794637676,0.009427747378,3
7.480000,0.008696551524,-0.000072714180,-0.005859389390,0.010486550423,3
7.490000,0.011850613100,-0.010572445983,0.002838509059,0.016132909800,3
7.500000,-0.004833483918,-0.007521853455,0.006866633780,0.011273486845,3
7.510000,-0.005345246163,0.002713677448,-0.002403070912,0.006458362923,3
7.520000,0.001745481528,0.005608332239,-0.004485994306,0.007390821414,3
7.530000,0.014305743678,-0.002570572346,-0.009802257928,0.017531297866,3
7.540000,0.005190685788,-0.006129367156,0.001907447426,0.008255344715,3
7.550000,-0.001075176174,-0.001489627422,0.003489963495,0.003943962330,3
7.560000,-0.008270069449,0.009231849756,-0.000573607631,0.012407663935,3
7.570000,-0.001027786962,0.005618997797,-0.007299100310,0.009268567722,3
7.580000,0.012440153240,-0.006207252113,-0.005757168666,0.015047670334,3
7.590000,0.002415649656,-0.007300690883,0.005862120918,0.009669535268,3
7.600000,-0.012996577807,-0.004932001393,0.006365819476,0.015289189973,3
7.610000,-0.010331447542,0.007375222270,-0.003903808869,0.013280528435,3
7.620000,0.002037006816,0.004466616793,-0.006811153331,0.008395943785,3
7.630000,0.005026925672,-0.004540130770,-0.000621059831,0.006802094121,3
7.640000,-0.003775617831,-0.010076442280,0.007708690604,0.013236838363,3
7.650000,-0.005503024357,0.001208753228,0.003910331550,0.006858210719,3
7.660000,-0.003535234561,0.006779502407,-0.001932809195,0.007886398904,3
7.670000,0.004196620596,0.000962342117,-0.006473475215,0.007774548742,3
7.680000,0.008848743088,-0.007754245472,-0.000495854336,0.011776011574,3
7.690000,-0.000551885521,-0.015875280740,0.018037077790,0.024034668531,3
7.700000,-0.011603425596,0.005350301966,0.008769822161,0.015497580373,3
7.710000,-0.004292977448,0.016289579268,-0.009281111795,0.019233280642,3
7.720000,0.016220317138,0.002579813064,-0.018842903085,0.024996182112,3
7.730000,0.020682503580,-0.013173440435,0.005793935935,0.025196729566,3
7.740000,-0.005737732081,-0.010286273606,0.019800905042,0.023039202126,3
7.750000,-0.018228404616,0.005787187884,0.008260401404,0.020832678892,3
7.760000,-0.005936160013,0.010576401313,-0.019351708194,0.022838276433,3
7.770000,0.015625349857,-0.002969771133,-0.011917806947,0.019874738267,3
7.780000,0.017335314336,-0.020229862168,0.007901502465,0.027788382243,3
7.790000,-0.012518916487,-0.007850201602,0.018477595215,0.023659468721,3
7.800000,-0.025967340613,0.009646116640,-0.000917289961,0.027716272578,3
7.810000,-0.007566956579,0.018745294909,-0.021949098468,0.029839702356,3
7.820000,0.016932590751,-0.003183390081,-0.004719606074,0.017863966062,3
7.830000,0.003904305732,-0.006522732716,0.002503855775,0.008003682844,3
7.840000,-0.003320508719,-0.001388311736,0.004509036819,0.005769280775,3
7.850000,-0.004874550913,0.004956069521,0.000382192211,0.006962035808,3
7.860000,0.002001278592,0.003405159246,-0.006821262233,0.007882248660,3
7.870000,0.003789273142,-0.003010604198,-0.001325744474,0.005017960442,3
7.880000,0.006879414167,-0.009443366179,0.007744193333,0.014016990920,3
7.890000,-0.004933150065,-0.001136122171,0.008762629087,0.010119802946,3
7.900000,-0.002304539196,0.008563348083,-0.000935962552,0.008917278575,3
7.910000,0.007496628632,0.007631087448,-0.011108330677,0.015421671340,3
7.920000,0.002900463763,-0.001156396672,0.001090301961,0.003307370809,3
7.930000,0.000568646271,-0.010344879371,0.006181654292,0.012064523926,3
7.940000,-0.009539020990,0.002668509250,0.008984986410,0.013373251057,3
7.950000,-0.004411335856,0.007160687353,-0.005209222068,0.009892993579,3
7.960000,0.005853922651,0.006070870380,-0.013147118588,0.015619558404,3
7.970000,0.003892471574,-0.006634866891,0.001020652164,0.007759801831,3
7.980000,-0.002162719904,-0.003420179745,0.003551647913,0.005384161009,3
7.990000,-0.009827518231,0.002764718526,0.002411148601,0.010489872291,3
8.000000,-0.007211556020,0.008429031556,-0.008879372656,0.014209094691,3
8.010000,0.008361774297,0.001494335047,-0.007473387360,0.011313877552,3
8.020000,0.005268043312,-0.005979818307,0.002042563942,0.008226942007,3
8.030000,-0.005937027581,-0.007666161070,0.011532655277,0.015067198140,3
8.040000,-0.011157322806,0.006481264685,0.002185515721,0.013086982963,3
8.050000,0.001116244782,0.008763388570,-0.008491384690,0.012253431992,3
8.060000,0.010631411455,-0.000689340053,-0.004427046335,0.011536933669,3
8.070000,0.005006112020,-0.005599627612,0.003135231619,0.008139205382,3
8.080000,-0.007063946659,-0.005028784910,0.009524343720,0.012880261774,3
8.090000,-0.007386144804,0.005566654122,-0.000816681637,0.009284920143,3
8.100000,0.001827494531,0.013476850818,-0.014218658879,0.019675759314,3
8.110000,0.011757452759,-0.004418855669,-0.006712365786,0.014241482902,3
8.120000,-0.000399421945,-0.006381638053,0.003643391182,0.007359289466,3
8.130000,-0.004404706550,-0.001760526864,0.004125593079,0.006286605832,3
8.140000,-0.006273269428,0.004663164009,-0.002329124702,0.008156214182,3
8.150000,0.003598402208,0.006845278942,-0.010914680840,0.013376718584,3
8.160000,0.007864298534,-0.004764229926,-0.004416518021,0.010200524969,3
8.170000,0.001613899058,-0.009291325159,0.005876129519,0.011111358671,3
8.180000,-0.006984109979,0.002459860106,0.007118371213,0.010271315041,3
8.190000,-0.007022103745,0.010438140519,-0.006935997334,0.014365680545,3
8.200000,0.008066550194,0.008588179548,-0.023225315667,0.026043067174,3
8.210000,0.031414000418,-0.021517727753,0.001654291427,0.038112841800,3
8.220000,0.000873208219,-0.012342549184,0.019763028807,0.023316910614,3
8.230000,-0.012870380679,0.005206933459,0.005720125470,0.015015947865,3
8.240000,-0.005379577653,0.015883575791,-0.004356791426,0.017326553817,3
8.250000,0.011519362427,0.002191008296,-0.013550542964,0.017919638464,3
8.260000,0.018923937435,-0.017644309163,0.003770992609,0.026146843770,3
8.270000,-0.003603953703,-0.012943170898,0.013033639663,0.018718705031,3
8.280000,-0.018075893637,0.011954761171,0.003394925693,0.021935810127,3
8.290000,-0.005337472351,0.015411643278,-0.012129468374,0.020325633144,3
8.300000,0.016925026924,0.004980668124,-0.010518106284,0.020540062101,3
8.310000,0.007370225257,-0.017783114575,0.013098548745,0.023283714557,3
8.320000,-0.013823989341,-0.014009180641,0.017139985758,0.026098638572,3
8.330000,-0.026394909007,0.014941233098,0.002320526973,0.030419015655,3
8.340000,-0.001035387303,0.003296557819,-0.006632876596,0.007478928550,3
8.350000,0.008551475689,-0.006318903763,-0.006280120251,0.012348934836,3
8.360000,0.006154675614,-0.011866845290,0.006661067223,0.014935590567,3
8.370000,-0.003048107625,-0.001901409247,0.003694329345,0.005153094850,3
8.380000,-0.011334611480,0.011096325356,-0.003733087802,0.016295330569,3
8.390000,0.001264001231,0.004989442121,-0.004559894510,0.006876399475,3
8.400000,0.012102636006,-0.003633078993,-0.004308196156,0.013350416300,3
8.410000,0.003152258806,-0.003656892608,0.004328865403,0.006484494954,3
8.420000,-0.005106823325,-0.000349291230,0.008530499811,0.009948420772,3
8.430000,-0.008834955794,0.009627902701,-0.004191667959,0.013723084004,3
8.440000,0.007116122803,0.007459171435,-0.009727808368,0.014174226536,3
8.450000,0.004581039528,-0.002496551240,-0.000837039391,0.005283874166,3
8.460000,0.000527143804,-0.005063684281,0.003519142518,0.006188953317,3
8.470000,-0.007246759321,-0.000140158244,0.003870378568,0.008216750893,3
8.480000,-0.002426124441,0.003525770469,-0.001411433787,0.004506582135,3
8.490000,0.001919487703,0.003278316076,-0.008391190310,0.009211072910,3
8.500000,0.004247880608,-0.006542527369,-0.002552986825,0.008207733899,3
8.510000,-0.002875968091,-0.006594901077,0.007136104012,0.010133503499,3
8.520000,-0.010530022643,0.002403732466,0.000955777339,0.010843099969,3
8.530000,-0.003699043937,0.011761219686,-0.009747658188,0.015717062534,3
8.540000,0.008464192658,-0.000760521329,-0.007428366145,0.011287230556,3
8.550000,0.005906605591,-0.006767169604,0.004252024351,0.009937921571,3
8.560000,-0.003427351623,-0.005537952288,0.008544223869,0.010743342879,3
8.570000,-0.003572035315,0.001507744715,0.001358123207,0.004108190485,3
8.580000,-0.000360383651,0.008710058104,-0.006588163107,0.010926979532,3
8.590000,0.016552128462,0.002181814128,-0.009633985148,0.019275552893,3
8.600000,0.006491631074,-0.007008879942,0.002752594766,0.009941954033,3
8.610000,-0.003441887164,-0.005775473341,0.007718838121,0.010236363686,3
8.620000,-0.008845483557,0.006487261584,-0.000725181352,0.010993317526,3
8.630000,0.003052860229,0.004886001387,-0.011245633087,0.012635554149,3
8.640000,0.006835564545,-0.000958345197,-0.004631633509,0.008312364112,3
8.650000,0.001573047668,-0.005808980311,0.003905858405,0.007174570447,3
8.660000,-0.008305844934,0.000056096691,0.006377345751,0.010471902680,3
8.670000,-0.005695754333,0.006874513618,-0.000655868515,0.008951576309,3
8.680000,0.002079743399,0.002176120088,-0.005644546744,0.006397010175,3
8.690000,0.006510651941,-0.004062719061,-0.003210748625,0.008318844968,3
8.700000,-0.005612438561,-0.019244426169,0.010723944535,0.022734343878,3
8.710000,-0.021583213948,0.003165809199,0.013423050411,0.025613194931,3
8.720000,-0.016206062985,0.016633238684,-0.004662205938,0.023686225339,3
8.730000,0.009449804097,0.006037315808,-0.019572638158,0.022557396661,3
8.740000,0.013830667210,-0.013550206340,-0.000231647945,0.019363602663,3
8.750000,0.006517745554,-0.015348880927,0.014359774017,0.022006186917,3
8.760000,-0.011899557553,0.004049046567,0.018710713793,0.022540742195,3
8.770000,-0.006282593793,0.024755665700,-0.008625766900,0.026957704346,3
8.780000,0.013877760922,0.007872990790,-0.016505925494,0.022956955560,3
8.790000,0.020342710049,-0.012285001814,0.007669879886,0.024971467301,3
8.800000,-0.009994031490,-0.018821930767,0.023451206210,0.031687612972,3
8.810000,-0.016020337594,0.009746792683,0.007541097154,0.020211861135,3
8.820000,-0.001331974872,0.015210956521,-0.018372241454,0.023889047938,3
8.830000,0.009696650332,0.002681992889,-0.014451371860,0.017608528108,3
8.840000,0.003665306014,-0.004697428851,0.003612144183,0.006967631705,3
8.850000,-0.007130455456,-0.005099150588,0.010708145715,0.013838681887,3
8.860000,-0.008903912851,0.006542482215,0.002318005203,0.011289680496,3
8.870000,-0.001706569687,0.004359535940,-0.004870553050,0.006755754638,3
8.880000,0.004948230984,-0.001447601857,-0.001607318650,0.005400371677,3
8.890000,0.004786643185,-0.010038830868,0.009022663872,0.014321261870,3
8.900000,-0.006245034017,-0.005333718362,0.006605059003,0.010539250726,3
8.910000,-0.005798553896,0.004617757250,-0.000415994387,0.007424281826,3
8.920000,0.001922377431,0.007702202808,-0.008083756149,0.011329897465,3
8.930000,0.005860907338,-0.001595642231,-0.002990975869,0.006770690186,3
8.940000,0.006093496470,-0.007976710725,0.005434094213,0.011414376598,3
8.950000,-0.005079850242,0.000467599899,0.005478752202,0.007486003863,3
8.960000,-0.004375273339,0.006251526587,0.000928995740,0.007686848154,3
8.970000,0.003317257886,0.006179820840,-0.006052280528,0.009264150532,3
8.980000,0.007921144924,-0.002755600374,-0.001494689841,0.008518918244,3
8.990000,0.000176633692,-0.006674139395,0.009765507625,0.011829643921,3
9.000000,-0.004763232674,0.000564055987,0.005769361877,0.007502804885,3
9.010000,-0.002560116531,0.008608582690,-0.004764972498,0.010166949173,3
9.020000,0.007174135836,0.002509634167,-0.011095686568,0.013449191391,3
9.030000,0.007688643361,-0.004058495230,-0.000331769400,0.008700384543,3
9.040000,-0.004073313432,-0.009876020111,0.015377990806,0.018724589629,3
9.050000,-0.013435491213,0.003308528140,0.004248021512,0.014474269217,3
9.060000,-0.003209093252,0.005596392463,-0.006725397009,0.009319273202,3
9.070000,0.005772506651,0.003261380290,-0.011228568537,0.013039907432,3
9.080000,0.003501258668,-0.009231711542,-0.000201795974,0.009875425655,3
9.090000,-0.004653155704,-0.004277716780,0.007116501322,0.009518156855,3
9.100000,-0.006793335307,0.006165902141,0.006265453119,0.011109620003,3
9.110000,0.001049137394,0.009149800067,-0.011978662742,0.015109860741,3
9.120000,0.010927641454,-0.000990413398,-0.002476154923,0.011248360310,3
9.130000,0.007074140365,-0.008046671047,0.002171060849,0.010931874591,3
9.140000,-0.003915864401,-0.001302945071,0.008069263825,0.009063370153,3
9.150000,-0.006071789467,0.005975838860,-0.001398098569,0.008633189273,3
9.160000,0.000433724504,0.004494578683,-0.004241965997,0.006195452365,3
9.170000,0.013105815819,-0.003941917236,-0.007925553873,0.015815041067,3
9.180000,0.003739188976,-0.004724299729,0.004727425861,0.007658269870,3
9.190000,-0.004887744628,-0.003097282253,0.010631374286,0.012104103606,3
9.200000,-0.007676820790,0.007183272912,-0.002344233957,0.010771648900,3
9.210000,0.000973768055,0.008091003320,-0.018621151621,0.020326333822,3
9.220000,0.011467088081,-0.001702321848,-0.003969825295,0.012253632997,3
9.230000,0.000956318871,-0.015425917358,0.017205231527,0.023127763922,3
9.240000,-0.021713397161,-0.005941721850,0.016628748490,0.027987335549,3
9.250000,-0.018827108788,0.015109370101,-0.010632093425,0.026377916915,3
9.260000,0.007509845929,0.008606106358,-0.011367454541,0.016114647848,3
9.270000,0.011248735454,-0.013107006002,-0.004539618594,0.017858773548,3
9.280000,-0.001566232762,-0.022825070424,0.018517196348,0.029433373669,3
9.290000,-0.011493915564,0.003428173348,0.012581000945,0.017382291341,3
9.300000,-0.006136337727,0.017306650642,-0.007923296995,0.019998835776,3
9.310000,0.018538696931,0.004622158376,-0.019530902527,0.027322221459,3
9.320000,0.014861412808,-0.013345403458,-0.000684407508,0.019985739860,3
9.330000,0.002777461088,-0.016310181055,0.015625748398,0.022757423165,3
9.340000,-0.013559619825,0.014024650889,0.010151037202,0.021990854431,3
9.350000,0.000084300301,0.006953469233,-0.004824467066,0.008463647168,3
9.360000,0.007638199440,-0.002911740931,-0.005700014387,0.009965464864,3
9.370000,0.004666284077,-0.005314989767,0.002468320654,0.007491056678,3
9.380000,-0.004877658784,-0.002777974024,0.006695138138,0.008736908468,3
9.390000,-0.008764266826,0.009152074029,-0.000370650485,0.012677153222,3
9.400000,-0.003303293224,0.004257564784,-0.007780854732,0.009464687230,3
9.410000,0.006841854181,-0.001368862305,-0.007697613396,0.010389321664,3
9.420000,0.006748606706,-0.014864022613,0.008495242540,0.018402500008,3
9.430000,-0.009611290769,-0.003779554720,0.010122655516,0.014461331156,3
9.440000,-0.015006764850,0.013319996791,0.001088955677,0.020095052382,3
9.450000,0.001979121066,0.011862877764,-0.017140923321,0.020939341951,3
9.460000,0.020315245482,-0.006394248865,-0.010457492656,0.023726667912,3
9.470000,0.010504903554,-0.016355388062,0.017817562143,0.026368868729,3
9.480000,-0.021535538779,-0.004550448984,0.026966233433,0.034808960944,3
9.490000,-0.011870297342,0.023930591154,-0.010881184764,0.028844017297,3
9.500000,0.023123339598,0.023240946767,-0.028198061674,0.043243047105,3
9.510000,0.035763605211,-0.017180863089,-0.004925335528,0.039980951017,3
9.520000,0.002648776607,-0.028670388676,0.027411261804,0.039754049832,3
9.530000,-0.031213985023,0.005631916588,0.021189500728,0.038144806810,3
9.540000,-0.025888509669,0.037254730386,-0.015599656405,0.047973733949,3
9.550000,0.047228421135,0.016491525314,-0.053861007111,0.073508518262,3
9.560000,0.055218488305,-0.023079380008,-0.005949472061,0.060142625899,3
9.570000,-0.009677461997,-0.071659752882,0.044428890813,0.084868720932,3
9.580000,-0.078809669352,0.007577298596,0.049495637327,0.093371288691,3
9.590000,-0.060200810134,0.073132889425,-0.057277739583,0.110694609210,3
9.600000,0.038803838356,0.011009662642,-0.100841498034,0.108609199741,3
9.610000,0.074761842788,-0.049340529744,0.025097064331,0.093025177508,3
9.620000,-0.087933581003,-0.058655197539,0.102935625256,0.147541485058,3
9.630000,-0.093515118768,0.088758164008,0.034769238851,0.133536470998,3
9.640000,-0.041667843785,0.109877839032,-0.126908023929,0.172959519118,3
9.650000,0.113914023536,-0.001530301299,-0.101998592561,0.152913241626,3
9.660000,0.083557158691,-0.144463303696,0.067175030180,0.179899776439,3
9.670000,-0.050749723350,-0.058409102875,0.106160765922,0.131366913414,3
9.680000,-0.079146185562,0.083326231450,0.000191020548,0.114923522508,3
9.690000,0.025515177694,0.096607899407,-0.062478866549,0.117846167888,3
9.700000,0.114807035176,-0.028698657372,-0.041439544652,0.125385422286,3
9.710000,0.032829368182,-0.081234124228,0.031415307656,0.093078847808,3
9.720000,-0.040557343750,-0.004404075099,0.067738840093,0.079074929444,3
9.730000,-0.052591957003,0.077939132826,-0.014601325768,0.095150518030,3
9.740000,0.006706701257,0.051618365805,-0.042494788987,0.067195555070,3
9.750000,0.044111119095,-0.030299227556,-0.015181618294,0.055626572359,3
9.760000,0.008762300179,-0.042541419517,0.028480069285,0.051939047213,3
9.770000,-0.040774943744,-0.003343783560,0.032207744882,0.052068375778,3
9.780000,-0.031045673464,0.038242176791,-0.012411536235,0.050797088089,3
9.790000,0.001601580063,0.016426963574,-0.033989573059,0.037784934401,3
9.800000,0.023573955099,-0.019484893362,-0.014361618009,0.033788289394,3
9.810000,-0.005953113843,-0.026766444082,0.020555928851,0.034269932946,3
9.820000,-0.024137500110,0.003807018674,0.003956201360,0.024754066978,3
9.830000,-0.002469298644,0.029925022074,-0.017735805852,0.034873531384,3
9.840000,0.017504041821,0.005518663427,-0.027485249010,0.033049750970,3
9.850000,0.031716155575,-0.014672787594,0.006760728435,0.035593716709,3
9.860000,-0.001256882826,-0.004667447916,0.007976830399,0.009327092136,3
9.870000,-0.006944373606,0.000785396846,0.002066187534,0.007287681655,3
9.880000,-0.005022456945,0.012425984690,-0.007878135709,0.015546549184,3
9.890000,0.010337957081,-0.001447829059,-0.006147258089,0.012114385978,3
9.900000,0.011120638343,-0.010618432881,0.001916014121,0.015494864443,3
9.910000,-0.007409858621,-0.001747885037,0.008819378973,0.011650860584,3
9.920000,-0.005848377646,0.005797502618,0.003633354358,0.009000878934,3
9.930000,-0.001983648896,0.005067160274,-0.007019110532,0.008881378769,3
9.940000,0.007256656504,-0.005091431036,-0.006790214957,0.011166411813,3
9.950000,0.003635286398,-0.007656204538,0.004142575698,0.009433647679,3
9.960000,-0.007135081113,-0.002839984859,0.008779040391,0.011663895004,3
9.970000,-0.008715623657,0.005037521415,-0.001953878684,0.010254577497,3
9.980000,-0.002147697074,0.003803700548,-0.007541645774,0.008715340588,3
9.990000,0.007870201280,-0.007154675832,-0.006919093132,0.012688707744,3
10.000000,0.001560727855,-0.005539994138,0.004074200448,0.007051703041,3
10.010000,-0.005574979173,-0.000541261017,0.005521532185,0.007865155684,3
10.020000,-0.007991824273,0.010574032583,-0.001452617501,0.013333773580,3
10.030000,0.004329682352,0.004870640193,-0.007017882235,0.009577053629,3
10.040000,0.005843272214,-0.002053352465,-0.000513747375,0.006214822835,3
10.050000,0.003520825334,-0.006094544915,0.006285755540,0.009436652557,3
10.060000,-0.005973936721,0.002667755645,0.005406176278,0.008487142162,3
10.070000,-0.005089615134,0.010056685114,-0.008568628135,0.014158477525,3
10.080000,0.005854528627,0.004722347376,-0.005981093428,0.009609867261,3
10.090000,0.012284494630,-0.006763498249,0.003681329156,0.014498479273,3
10.100000,0.000689348689,-0.006140751281,0.005706762199,0.008411371036,3
10.110000,-0.006652265978,0.000980686897,0.004748008733,0.008231523332,3
10.120000,-0.005232472950,0.003843904148,-0.003019499482,0.007160429414,3
10.130000,0.003617994070,0.001124205978,-0.005711549522,0.006853868843,3
10.140000,0.007305687920,-0.006019690290,-0.000235792561,0.009469178703,3
10.150000,-0.004113308174,-0.008593972107,0.005346527213,0.010925246631,3
10.160000,-0.008573375695,0.004747406757,0.004135166731,0.010636740367,3
10.170000,-0.003603263312,0.007966905231,-0.006731302814,0.011034741639,3
10.180000,0.005133171124,0.000877362740,-0.006360171466,0.008220157677,3
10.190000,0.011186656446,-0.010776786833,0.003323931025,0.015884864946,3
10.200000,-0.004068959533,-0.004105351884,0.008449115586,0.010237084544,3
10.210000,-0.005705926698,0.006621627769,0.000304669073,0.008746220728,3
10.220000,0.002343990390,0.006943641903,-0.005677206466,0.009270335867,3
10.230000,0.012674271048,-0.000387434150,-0.013253623832,0.018342458845,3
10.240000,0.010301098585,-0.017635989964,0.007200001252,0.021655964354,3
10.250000,-0.008882324310,-0.008874861077,0.013322384346,0.018306959577,3
10.260000,-0.010485863267,0.020245075264,0.005239791481,0.023393841405,3
10.270000,0.003301563776,0.012353210681,-0.021529109780,0.025040062009,3
10.280000,0.020294692333,-0.002006984481,-0.002679999494,0.020569028195,3
10.290000,0.006566130154,-0.012385250707,0.014090640183,0.019875981512,3
10.300000,-0.012298222674,-0.001181975913,0.011785986225,0.017074917841,3
10.310000,-0.012459702517,0.015103428959,-0.001630780475,0.019647320379,3
10.320000,-0.000551731137,0.008847226986,-0.018232688726,0.020273351247,3
10.330000,0.021445236265,-0.013295340921,-0.013080319032,0.028421101222,3
10.340000,-0.003026153189,-0.013516678544,0.018949864259,0.023472442511,3
10.350000,-0.017585881520,0.001519339847,0.006797840310,0.018915132971,3
10.360000,-0.016302558809,0.020373981822,-0.014931794948,0.030063783185,3
10.370000,0.002009788914,0.001350175144,-0.003434847799,0.004202428322,3
10.380000,0.008813224048,-0.005138186439,0.000798473560,0.010232860696,3
10.390000,0.000788438421,-0.008124321659,0.008903645108,0.012078954167,3
10.400000,-0.008523203046,0.002963590210,0.008222762671,0.012208262900,3
10.410000,-0.003347306664,0.011202513507,-0.007517313640,0.013900027883,3
10.420000,0.004156808189,0.002849156135,-0.003818861942,0.006323009690,3
10.430000,0.008642973391,-0.006518194883,0.003157702060,0.011276477104,3
10.440000,-0.000242409724,-0.003375649213,0.008149383356,0.008824183768,3
10.450000,-0.008254761094,0.006651565502,0.002173373081,0.010821642892,3
10.460000,-0.000812191011,0.007234714461,-0.007500858293,0.010452924122,3
10.470000,0.009107146090,-0.000022592019,-0.007428887376,0.011752828934,3
10.480000,0.003459123715,-0.009569388868,0.004501551783,0.011126666555,3
10.490000,-0.006814524713,-0.004212248125,0.007489395989,0.010966851582,3
10.500000,-0.011647293036,0.005649586986,-0.000633796883,0.012960669993,3
10.510000,-0.001954707802,0.007787356524,-0.010108719247,0.012909299324,3
10.520000,0.003861276549,-0.000907609587,-0.002082234169,0.004479833801,3
10.530000,0.002316447149,-0.005657229363,0.004372249676,0.007515766008,3
10.540000,-0.007230156122,-0.001865980437,0.004105329125,0.008521195207,3
10.550000,-0.007481207144,0.008788641145,-0.000641249704,0.011559406329,3
10.560000,0.001451864312,0.006645687589,-0.008733779175,0.011070319426,3
10.570000,0.008667167090,-0.003444639830,-0.003740013033,0.010048533546,3
10.580000,0.002918429429,-0.006166697657,0.008247003915,0.010703198769,3
10.590000,-0.004458478877,-0.001347552987,0.004494524487,0.006472610239,3
10.600000,-0.000939191971,0.002732962065,0.000405467157,0.002918144414,3
10.610000,0.004788215850,0.006184562964,-0.010171894052,0.012831338927,3
10.620000,0.012204517140,-0.005862865407,-0.000130277778,0.013540325022,3
10.630000,0.000642816524,-0.007480957547,0.007482936699,0.010600579255,3
10.640000,-0.006294259429,-0.000061755185,0.002360001518,0.006722434278,3
10.650000,-0.002401116677,0.007030090604,-0.003744572479,0.008319216204,3
10.660000,0.004153968867,0.003831868436,-0.008069319673,0.009851527448,3
10.670000,0.005498871470,-0.007103693235,-0.001034889522,0.009042734174,3
10.680000,-0.002835403532,-0.005741591732,0.006984931572,0.009476004320,3
10.690000,-0.007989186965,0.002179604232,0.000668782218,0.008308131717,3
10.700000,-0.002369489393,0.006978311633,-0.006469086933,0.009806140881,3
10.710000,0.006394028443,0.001151472436,-0.006834412672,0.009429670464,3
10.720000,0.004755146982,-0.008380059455,0.002473141456,0.009947524715,3
10.730000,-0.003973874148,-0.005247430239,0.006562094047,0.009294529473,3
10.740000,-0.016845563879,0.013586048347,0.003456851632,0.021915828875,3
10.750000,0.003856852964,0.015454335262,-0.015135906505,0.021972880078,3
10.760000,0.022194252017,0.001246721243,-0.008764860692,0.023894809466,3
10.770000,0.009147302717,-0.020398038364,0.009856100470,0.024431451708,3
10.780000,-0.008939655658,-0.011058920349,0.019214066587,0.023903922636,3
10.790000,-0.014331137422,0.012940145179,-0.002809751094,0.019512138742,3
10.800000,0.009077613655,0.012301672922,-0.022314579548,0.027049485887,3
10.810000,0.016597054473,-0.008643791957,0.001243212137,0.018754277725,3
10.820000,0.011390085466,-0.014128251408,0.011145415259,0.021296990775,3
10.830000,-0.011802874633,-0.001176638703,0.016767531521,0.020538803313,3
10.840000,-0.013653458690,0.012105235764,-0.005665204005,0.019106234676,3
10.850000,0.001887807574,0.010657916253,-0.019580987348,0.022373423113,3
10.860000,0.014746615252,-0.017967585483,-0.012762229534,0.026517377174,3
10.870000,-0.008432849388,-0.015127529150,0.010468495882,0.020237205662,3
10.880000,-0.012430250612,-0.001192547819,0.006715689175,0.014178638216,3
10.890000,-0.003691116942,0.004628368235,-0.002016164986,0.006253883437,3
10.900000,0.003679221478,0.002145872640,-0.006011134957,0.007367169304,3
10.910000,0.006430912060,-0.005572060353,0.001739537053,0.008685072001,3
10.920000,-0.002678440895,-0.005568743729,0.006671587646,0.009093680996,3
10.930000,-0.004605032669,0.001700343259,0.003226078691,0.005874102212,3
10.940000,-0.004412736676,0.005948828138,-0.004781353196,0.008816016082,3
10.950000,0.008035513103,0.001787355096,-0.004675317521,0.009466926797,3
10.960000,0.009613030349,-0.006570320249,-0.001253102724,0.011711094189,3
10.970000,-0.002831126339,-0.002949351705,0.011396217172,0.012107341477,3
10.980000,-0.007663269638,0.003709066444,0.002020933445,0.008750259849,3
10.990000,-0.001129375065,0.004754249616,-0.003024854867,0.005747010041,3
11.000000,0.005339354274,0.000621037568,-0.005364578924,0.007594280661,3
11.010000,0.007780666715,-0.004887472320,0.004106981010,0.010064464875,3
11.020000,-0.005867518255,-0.003615302088,0.011306468787,0.013241390263,3
11.030000,-0.013493116394,0.006462671663,0.000169829309,0.014961923575,3
11.040000,-0.000795521419,0.004577251553,-0.004677038122,0.006592326729,3
11.050000,0.004283928407,-0.000993608883,-0.003355885116,0.005531841115,3
11.060000,0.000619638156,-0.010131869677,0.004159764335,0.010970067180,3
11.070000,-0.006222546437,-0.001625094624,0.003232120495,0.007197751010,3
11.080000,-0.005900968292,0.005981438143,-0.002256012682,0.008699920820,3
11.090000,0.003645399660,0.003002438683,-0.005881044819,0.007542563548,3
11.100000,0.005950994356,-0.002875736146,-0.006669967577,0.009390029802,3
11.110000,0.004441991651,-0.007518413238,0.005810655522,0.010489115551,3
11.120000,-0.003096872185,0.000640738051,0.007702658908,0.008326590949,3
11.130000,-0.005217677394,0.009105775940,-0.001541935075,0.010607397260,3
11.140000,0.006307701716,0.004368775614,-0.008525670377,0.011469976316,3
11.150000,0.010571164561,-0.005669618244,0.002043489720,0.012168399296,3
11.160000,-0.000468234955,-0.005215218906,0.008663302836,0.010122774730,3
11.170000,-0.002841707024,0.002455174307,0.003020885905,0.004819640167,3
11.180000,-0.002712760837,0.012314837889,-0.002442563381,0.012844470385,3
11.190000,0.008591369257,0.003702731428,-0.011133350099,0.014542122615,3
11.200000,0.006584430938,-0.007037295640,0.000393122613,0.009645351528,3
11.210000,-0.001820499754,-0.006412731961,0.006316533235,0.009183460277,3
11.220000,-0.008980976007,0.003226159193,0.002708708648,0.009919835468,3
11.230000,-0.002226309578,0.002778701815,-0.004448246622,0.005697765889,3
11.240000,0.003133389266,0.000226822588,-0.005821182906,0.006614812711,3
11.250000,0.009098178424,-0.014241076747,0.001336882033,0.016952060969,3
11.260000,-0.007358439725,-0.007129493366,0.009765399227,0.014154127769,3
11.270000,-0.026510016841,0.012288335920,0.006409534204,0.029914316327,3
11.280000,-0.003323882537,0.017588432798,-0.011670386453,0.021368179225,3
11.290000,0.023368188643,-0.000532983969,-0.022511596413,0.032451938084,3
11.300000,0.012287588994,-0.023336961731,0.009614338538,0.028071945634,3
11.310000,-0.013678947922,-0.007039597553,0.025536174024,0.029812174254,3
11.320000,-0.015727945295,0.015805921334,-0.008622541040,0.023906978613,3
11.330000,0.003396812758,0.015799281554,-0.020573488800,0.026161499880,3
11.340000,0.025257734018,-0.000332381271,-0.002938737954,0.025430292680,3
11.350000,0.011611298023,-0.020965622489,0.015219460444,0.028390342449,3
11.360000,-0.011437735327,-0.000235676975,0.013995297030,0.018076107768,3
11.370000,-0.007308385632,0.019354833444,-0.003739219424,0.021023887369,3
11.380000,0.005045078120,0.006266390241,-0.012158580459,0.014579147392,3
11.390000,0.005713030131,-0.002966254713,-0.001665274996,0.006649099271,3
11.400000,0.000710805739,-0.008126485956,0.005721031391,0.009963695045,3
11.410000,-0.006531348585,0.000236375120,0.003056569260,0.007215053927,3
11.420000,-0.003648169187,0.007120091863,-0.005661401122,0.009800832067,3
11.430000,0.002937793566,0.005269553245,-0.009686980191,0.011412116704,3
11.440000,0.006700459276,-0.007191750969,-0.001064068387,0.009886843684,3
11.450000,-0.003353437197,-0.008138725441,0.009503887286,0.012954083000,3
11.460000,-0.005538407012,0.002675775697,0.004176039625,0.007434583698,3
11.470000,-0.004169227897,0.006517225230,-0.006389110957,0.010033814069,3
11.480000,0.008248506729,0.002782320072,-0.009784942421,0.013096727318,3
11.490000,0.008650913557,-0.007502142085,0.002961982483,0.011827670163,3
11.500000,-0.000713399818,-0.003357138095,0.004155798735,0.005389803207,3
11.510000,-0.007133577282,0.004171638867,0.005181604525,0.009753949002,3
11.520000,-0.001048028704,0.008780599999,-0.007657278134,0.011697487291,3
11.530000,0.016564026110,0.001303019501,-0.009807842820,0.019294004291,3
11.540000,0.004834367270,-0.007288980700,0.005094369257,0.010121904202,3
11.550000,-0.003961087086,-0.001608033595,0.010065128747,0.010935392066,3
11.560000,-0.006614115978,0.004020708143,0.001269427296,0.007843728055,3
11.570000,0.002924786516,0.009052263267,-0.008227264621,0.012577190845,3
11.580000,0.009040255055,-0.002445408802,-0.004801282365,0.010524188711,3
11.590000,0.010494977182,-0.018166980755,0.012921274811,0.024640273508,3
11.600000,-0.017298641359,-0.013437998927,0.014602023299,0.026325688831,3
11.610000,-0.032694059302,0.009123468693,-0.012761477483,0.036262852924,3
11.620000,0.003966144717,0.031248565357,-0.027390834595,0.041742795314,3
11.630000,0.057133997555,-0.030007922764,-0.025912703283,0.069543060737,3
11.640000,0.014272853687,-0.054632933344,0.045664675519,0.072620481604,3
11.650000,-0.028750080173,-0.036063847237,0.070763771262,0.084467032093,3
11.660000,-0.070176746318,0.102220809637,-0.050785007189,0.133988755505,3
11.670000,0.065128310358,0.055686653239,-0.094800811015,0.127788473377,3
11.680000,0.108405238569,-0.041013847803,-0.013975560823,0.116743941004,3
11.690000,0.008855597057,-0.055797754696,0.051020281157,0.076124109964,3
11.700000,-0.031489976623,0.011548157657,0.034750442110,0.048296705890,3
11.710000,-0.008583701157,0.039979190295,-0.023476092071,0.047150211889,3
11.720000,0.026658016323,0.015835450102,-0.027282052147,0.041300383576,3
11.730000,0.018566714835,-0.014314733836,0.000681847855,0.023454198368,3
11.740000,0.000253171922,-0.009911080720,0.017390357331,0.020017945577,3
11.750000,-0.028238785056,0.006114933584,0.003035143936,0.029052254523,3
11.760000,-0.008724893691,0.023146099637,-0.014888300474,0.028870870948,3
11.770000,0.012970573337,-0.000017376508,-0.025522021045,0.028628825209,3
11.780000,0.011301686122,-0.020897160681,0.009088794186,0.025436698164,3
11.790000,-0.010188027275,-0.018092932051,0.019446161132,0.028448256057,3
11.800000,-0.015058709673,0.008590811296,0.004740324534,0.017973242680,3
11.810000,-0.002830575371,0.021158087874,-0.015110914852,0.026153710771,3
11.820000,0.009983423810,-0.001281310988,-0.018348084940,0.020927559097,3
11.830000,0.014271448398,-0.014365539785,0.016221949624,0.025945994340,3
11.840000,-0.007322531055,-0.010043924223,0.020917176077,0.024331628180,3
11.850000,-0.007598739971,0.010505453880,0.000301956168,0.012969062722,3
11.860000,0.004399706974,0.008725860688,-0.019387980230,0.021711560138,3
11.870000,0.024358292109,-0.006642836299,-0.014128864788,0.028932308736,3
11.880000,0.003443526952,-0.016091041871,0.016845638438,0.023548992351,3
11.890000,-0.005171127639,0.000923607267,0.007351434405,0.009035330612,3
11.900000,-0.003439260595,0.004306407841,-0.002648830410,0.006114733394,3
11.910000,0.003026536644,0.007944276245,-0.008176772885,0.011795383162,3
11.920000,0.005979002547,-0.003629179036,-0.002617539514,0.007467993374,3
11.930000,0.002956822030,-0.009634446581,0.009684713496,0.013977089573,3
11.940000,-0.010217807365,0.001301160598,0.009368401727,0.013923489403,3
11.950000,-0.005476168374,0.005071249857,-0.001931075454,0.007709412921,3
11.960000,0.003127165811,0.004496569974,-0.007202727709,0.009048623873,3
11.970000,0.006787781432,-0.005522128844,-0.001380157028,0.008858482780,3
11.980000,-0.003196044730,-0.006931202604,0.008668879349,0.011550140286,3
11.990000,-0.010752426902,0.000303777223,0.005199096981,0.011947283134,3
12.000000,-0.004172762146,0.007125438310,-0.004078751493,0.009209778976,3
12.010000,0.007517452319,0.004653950141,-0.008453852825,0.012232700801,3
12.020000,0.005455567463,-0.006113469637,0.000753826088,0.008228364425,3
12.030000,0.001718991698,-0.002318307577,0.006863318537,0.007445443158,3
12.040000,-0.006478149279,0.003088327944,0.002106426398,0.007479386321,3
12.050000,-0.001338257043,0.008802673320,-0.007169218983,0.011431346829,3
12.060000,0.006375275711,-0.000009792619,-0.002766141728,0.006949516267,3
12.070000,0.007174178945,-0.007050302461,0.002811271791,0.010444082411,3
12.080000,-0.001623077543,-0.000726237135,0.004854873428,0.005170260834,3
12.090000,-0.007800866226,0.004886155536,0.000424586424,0.009214570171,3
12.100000,-0.000504792717,0.006543710720,-0.006270414216,0.009077062306,3
12.110000,0.003848264848,-0.001112574326,-0.002870908685,0.004928395342,3
12.120000,0.005266221927,-0.005044219463,0.003438540927,0.008062307801,3
12.130000,-0.008709618607,-0.007518645829,0.012100707661,0.016697742879,3
12.140000,-0.007990639756,0.006748242064,-0.000529879800,0.010472338195,3
12.150000,-0.000574672247,0.003921898306,-0.007377325362,0.008374751579,3
12.160000,0.010280089088,-0.003577233572,-0.003732678149,0.011506942159,3
12.170000,-0.002264511255,-0.009244408963,0.006815453869,0.011706302565,3
12.180000,-0.007062620463,-0.002861168658,0.005106381314,0.009172896163,3
12.190000,-0.004571747018,0.002974483061,-0.003408007721,0.006431402406,3
12.200000,0.008656957109,0.010243814179,-0.006459079099,0.014886179434,3
12.210000,0.007418982327,-0.004910664309,-0.000922901531,0.008944700663,3
12.220000,0.001383090342,-0.008141038116,0.005871896199,0.010132551775,3
12.230000,-0.010966214384,0.002376875674,0.008857951707,0.014295828214,3
12.240000,-0.001880496967,0.006056444276,-0.004908690156,0.008019477860,3
12.250000,0.003913367512,0.003172103984,-0.004994064343,0.007093473594,3
12.260000,0.024875269019,-0.013280130898,0.000951002741,0.028214274608,3
12.270000,-0.003054908008,-0.017068417900,0.021454924843,0.027585814336,3
12.280000,-0.019579940135,0.001596318095,0.009084255790,0.021643613155,3
12.290000,-0.007331419171,0.024526674412,-0.023692376151,0.034880311817,3
12.300000,0.010996067505,0.007361491397,-0.014378521495,0.019540904189,3
12.310000,0.011170918031,-0.020612929758,0.010599810673,0.025730104336,3
12.320000,-0.012245283405,-0.010710098346,0.015068683364,0.022174724137,3
12.330000,-0.012217336155,0.012186663330,0.000184908767,0.017257237818,3
12.340000,-0.006477783313,0.013545668422,-0.014336046188,0.020759793591,3
12.350000,0.020450022810,-0.003233935148,-0.012744983747,0.024312473757,3
12.360000,0.015371463831,-0.016856596892,0.011469168325,0.025533675434,3
12.370000,-0.011536490176,-0.006971985664,0.017493191765,0.022084178676,3
12.380000,-0.013017018467,0.009786064583,0.004106265614,0.016794976841,3
12.390000,0.005294882472,0.016299351278,-0.021882864494,0.027795042560,3
12.400000,0.010652550066,-0.003044900394,-0.006238706302,0.012714939939,3
12.410000,0.003800850303,-0.005933759849,0.004281679300,0.008245528885,3
12.420000,-0.003064170212,-0.004248139916,0.005220409341,0.007395167714,3
12.430000,-0.004172366048,0.005474384316,-0.001261308331,0.006997743978,3
12.440000,0.003545267594,0.004594311131,-0.006123623992,0.008436550710,3
12.450000,0.010662175783,-0.004892492801,-0.004854042502,0.012695676699,3
12.460000,-0.000312120162,-0.010230194335,0.009401869335,0.013897821488,3
12.470000,-0.006586994318,-0.001050347317,0.007010340895,0.009676600802,3
12.480000,-0.007763725253,0.009225148142,-0.004270349019,0.012791194971,3
12.490000,0.002271976196,0.006276685939,-0.009673641526,0.011753212437,3
12.500000,0.008678454813,-0.006280870889,-0.002379166859,0.010973848551,3
12.510000,0.000437901029,-0.004870756965,0.007925194058,0.009312611426,3
12.520000,-0.008116120671,0.003210262305,0.005354768108,0.010239665048,3
12.530000,-0.004703142176,0.006850096039,-0.005299268918,0.009855232779,3
12.540000,0.002753558123,0.004252488662,-0.006952607039,0.008602586053,3
12.550000,0.007339020203,-0.004779056852,0.001088199115,0.008825235365,3
12.560000,-0.000628260116,-0.006281637181,0.007324184576,0.009669403092,3
12.570000,-0.006463561747,0.003920756000,0.002463187486,0.007950927660,3
12.580000,-0.000556626285,0.006624704728,-0.003899369248,0.007707245039,3
12.590000,0.007180885763,-0.001501708033,-0.005364369622,0.009088273147,3
12.600000,0.014280296958,-0.014158726065,0.005519980678,0.020853455150,3
12.610000,-0.002170233273,-0.005999705044,0.009317326815,0.011292428971,3
12.620000,-0.006967319589,0.005927562918,0.001993049991,0.009362253610,3
12.630000,0.003083901857,0.008756481012,-0.014547110414,0.017257022680,3
12.640000,0.006551684558,-0.001132313908,-0.004949099195,0.008288563698,3
12.650000,0.006804711936,-0.007754026345,0.006728851866,0.012316918305,3
12.660000,-0.007736842441,-0.002282965941,0.005585311714,0.009811542762,3
12.670000,-0.009182927480,0.005671967649,-0.001954620895,0.010968952409,3
12.680000,0.000848476006,0.003800045908,-0.011024227962,0.011691615055,3
12.690000,0.008192087673,-0.002207303167,-0.003231972557,0.009078994125,3
12.700000,0.001409749696,-0.010329036784,0.003822452853,0.011103492284,3
12.710000,-0.007904140113,-0.000440592008,0.008420583265,0.011557498638,3
12.720000,-0.003914204170,0.007174245392,-0.000921962499,0.008224403083,3
12.730000,0.001000451873,0.003191952972,-0.007155368653,0.007898656106,3
12.740000,0.010841230269,-0.006122474080,-0.002152902875,0.012635345401,3
12.750000,-0.000524027242,-0.003564713034,0.006461970881,0.007398570891,3
12.760000,-0.004490525285,0.001817662807,0.006949272993,0.008471192982,3
12.770000,-0.008221939956,0.017055228716,-0.007781462480,0.020470278003,3
12.780000,0.014309392905,0.003779312554,-0.013228945472,0.019850615280,3
12.790000,0.018993382589,-0.008150703064,-0.004009966504,0.021053797139,3
12.800000,0.002051129076,-0.009466621482,0.017202657817,0.019742226033,3
12.810000,-0.015294212404,0.001768024001,0.005694945552,0.016415579392,3
12.820000,-0.012969756791,0.026013204241,-0.013910057463,0.032224076166,3
12.830000,0.019164921246,0.001420311914,-0.013136075464,0.023278057713,3
12.840000,0.016237330262,-0.023061090183,0.004048434626,0.028493062267,3
12.850000,-0.005841151295,-0.010233099470,0.016095706484,0.019947609893,3
12.860000,-0.025861928195,0.010134948624,0.008538255620,0.029059565080,3
12.870000,-0.002643780633,0.018322516274,-0.012702024203,0.022450959835,3
12.880000,0.013497506981,-0.008708773572,-0.016487984345,0.023019102059,3
12.890000,0.009477968236,-0.021936685796,0.006416631580,0.024743145039,3
12.900000,-0.017793717701,-0.009944593662,0.019344997370,0.028102317626,3
12.910000,-0.007388804464,0.005938282656,0.001643518344,0.009620747624,3
12.920000,0.000322812811,0.007156451052,-0.007184902498,0.010146025019,3
12.930000,0.004120955531,-0.001088631273,-0.004430982703,0.006148251805,3
12.940000,0.004133163683,-0.010979258513,0.008326437259,0.014385990302,3
12.950000,-0.003181834623,-0.001815751465,0.011385500522,0.011960378217,3
12.960000,-0.006322926418,0.005347719217,0.001244432079,0.008374133418,3
12.970000,0.002152000348,0.004731288988,-0.005418139312,0.007508157869,3
12.980000,0.012780221780,-0.005720280658,-0.001451550952,0.014077026665,3
12.990000,0.003007184929,-0.011740156852,0.009500563288,0.015399193060,3
13.000000,-0.006274012377,0.001567721400,0.013430477928,0.014906331510,3
13.010000,-0.015023570558,0.015452069837,-0.005665683367,0.022283942707,3
13.020000,0.006122796504,0.006096569320,-0.020490334929,0.022237594744,3
13.030000,0.024377623171,-0.019673157467,-0.004577937889,0.031658476772,3
13.040000,-0.001353329357,-0.029454896592,0.042284459640,0.051549955971,3
13.050000,-0.042723086149,0.001696308651,0.015506672605,0.045481825474,3
13.060000,-0.032960702895,0.051827005994,-0.022190502194,0.065305932910,3
13.070000,0.027615395943,0.006111017429,-0.042012695044,0.050646038068,3
13.080000,0.032522758448,-0.050414778376,0.007101525938,0.060413668705,3
13.090000,-0.026934905576,-0.038909909858,0.055759839419,0.073134327888,3
13.100000,-0.059514448680,0.018803932243,0.014981490204,0.064187245760,3
13.110000,0.005213877491,0.051531527563,-0.038067455147,0.064279187867,3
13.120000,0.030321500588,-0.001457497866,-0.037979276436,0.048620398358,3
13.130000,0.022747545474,-0.023515157380,0.017055301546,0.036895755346,3
13.140000,0.000690768715,-0.017979332766,0.031387766215,0.036179074561,3
13.150000,-0.012029196439,0.011580455827,0.003931793174,0.017154227517,3
13.160000,-0.000786547136,0.013916351635,-0.013612070914,0.019482606956,3
13.170000,0.008380435016,0.000459829284,-0.008136615490,0.011689638388,3
13.180000,0.007374488231,-0.008409200618,0.001879881274,0.011341590952,3
13.190000,-0.004763385780,-0.002641241568,0.005875638013,0.008011811479,3
13.200000,-0.007153504340,0.007090658254,-0.001217037571,0.010145503401,3
13.210000,-0.000747240793,0.005008102743,-0.004965839273,0.007092180311,3
13.220000,0.006202352888,-0.004725713224,-0.008021602749,0.011186941383,3
13.230000,0.000749753229,-0.008964893188,0.007638007642,0.011801296561,3
13.240000,-0.008665950931,-0.001428578505,0.006697574943,0.011045227576,3
13.250000,-0.010322646073,0.010577992117,-0.000489173563,0.014788178723,3
13.260000,-0.001216927549,0.006073650029,-0.008762299548,0.010730705042,3
13.270000,0.004835031584,-0.001303715079,-0.001742680124,0.005302276628,3
13.280000,0.013738673452,-0.024922921139,0.026968751782,0.039207355420,3
13.290000,-0.017967643812,-0.000777366333,0.010869435950,0.021013927773,3
13.300000,-0.007901964532,0.014634154664,-0.012180243022,0.020614505725,3
13.310000,0.015060673927,0.013264661215,-0.012795604979,0.023801315995,3
13.320000,0.026859935200,-0.016258184964,0.000605312197,0.031403042848,3
13.330000,0.005169012433,-0.015003017462,0.023806833493,0.028610741749,3
13.340000,-0.006575115950,0.007264536635,0.002485376386,0.010108547772,3
13.350000,-0.000531701862,0.015268456440,-0.010565171766,0.018575018799,3
13.360000,0.013396174483,0.002391915068,-0.007838558961,0.015704195461,3
13.370000,0.012523638657,-0.015004833736,0.011163415660,0.022507963255,3
13.380000,-0.000120024556,-0.013265196370,0.018089257494,0.022432143841,3
13.390000,-0.016729274032,0.006482174739,0.001338648825,0.017991086116,3
13.400000,-0.009971164496,0.008959012571,-0.014553613464,0.019786250088,3
13.410000,0.015317112253,0.004222210318,-0.009027785483,0.018274077226,3
13.420000,0.003831115983,-0.008444430591,0.002199742545,0.009530200677,3
13.430000,-0.005273261586,-0.004512050077,0.007004292434,0.009860324343,3
13.440000,-0.006372632836,0.001866187312,0.002004528999,0.006936226701,3
13.450000,-0.000625164841,0.007853580498,-0.006677840644,0.010327783566,3
13.460000,0.004961242958,0.000002988916,-0.002545935816,0.005576354526,3
13.470000,0.004079426254,-0.007346891165,0.005824417523,0.010224596219,3
13.480000,-0.003963703175,-0.002704705971,0.005113078263,0.007012128533,3
13.490000,-0.004028171874,0.003901538231,-0.000347129045,0.005618600162,3
13.500000,0.004794527140,0.006248299280,-0.007019770945,0.010550162013,3
13.510000,0.003676077678,-0.000778769998,-0.001349847172,0.003992758093,3
13.520000,0.004560377214,-0.011513145717,0.010090597581,0.015974032809,3
13.530000,-0.002656105103,-0.000453619858,0.003485514441,0.004405618709,3
13.540000,-0.006362423030,0.006738895627,-0.002177957403,0.009520327701,3
13.550000,0.002547070681,0.005313668406,-0.008105823125,0.010021327732,3
13.560000,0.004456795730,-0.002425084171,-0.000767216426,0.005131538021,3
13.570000,-0.000128977194,-0.003747339822,0.005203866128,0.006414001367,3
13.580000,-0.012723621814,0.003740856981,0.006760582549,0.014885900692,3
13.590000,-0.005951144021,0.004182395681,-0.005783532319,0.009292889480,3
13.600000,0.002682523587,0.005826759227,-0.010772223409,0.012537457999,3
13.610000,0.005132751529,-0.007364766878,-0.000960837082,0.009028185716,3
13.620000,-0.006220516153,-0.009214704160,0.010915441467,0.015580515280,3
13.630000,-0.007801874057,0.001882833809,0.001457604178,0.008157138707,3
13.640000,-0.003027868306,0.006462715740,-0.004357055096,0.008361734887,3
13.650000,0.007881573746,0.003135038587,-0.009793411916,0.012956025186,3
13.660000,0.009710595858,-0.006813706129,-0.000441353427,0.011870849000,3
13.670000,-0.005004880472,-0.009023545426,0.010645020325,0.014825304662,3
13.680000,-0.013285608933,0.008503390000,0.004101307723,0.016298336457,3
13.690000,-0.002151142185,0.016630977235,-0.013862989111,0.021757740774,3
13.700000,0.023923834042,-0.000916623059,-0.013411416956,0.027441868338,3
13.710000,0.017060807331,-0.017302979954,0.012658071300,0.027398741415,3
13.720000,-0.009430383295,-0.018198349566,0.029309224930,0.035765104809,3
13.730000,-0.029743095722,0.026478278483,-0.005391482417,0.040184811275,3
13.740000,0.012349790014,0.032616613157,-0.036745286946,0.050661394374,3
13.750000,0.038311145854,-0.003281586002,-0.034448842846,0.051625918653,3
13.760000,0.026424822391,-0.052784604789,0.025327375936,0.064233649382,3
13.770000,-0.060364349100,-0.015316323075,0.043694900593,0.076076860691,3
13.780000,-0.087673392152,0.081429374300,-0.019549644873,0.121241722624,3
13.790000,0.021661228977,0.082719127615,-0.074606117337,0.113480111290,3
13.800000,0.088869497161,-0.047717349732,-0.044255041293,0.110150994871,3
13.810000,0.000416676460,-0.119758954781,0.104727467654,0.159091870787,3
13.820000,-0.078446659205,-0.016478027266,0.134960868665,0.156970824658,3
13.830000,-0.073285704758,0.147258645515,-0.041256304167,0.169581796884,3
13.840000,0.062431198728,0.030856177684,-0.138124181394,0.154686934683,3
13.850000,0.138724992167,-0.060609301430,0.011557511244,0.151827820039,3
13.860000,-0.015130013963,-0.081319185048,0.109918304534,0.137563661085,3
13.870000,-0.087646241709,0.033088307440,0.051147546418,0.106736925567,3
13.880000,-0.019419163106,0.155707563404,-0.035318177686,0.160839431957,3
13.890000,0.052180653068,0.034108324013,-0.114464693485,0.130339419886,3
13.900000,0.083219925542,-0.074315178807,0.048724716091,0.121747278272,3
13.910000,-0.039045591724,-0.045064599267,0.091583947354,0.109284014170,3
13.920000,-0.100801590707,0.046024992530,0.051327642419,0.122122018910,3
13.930000,-0.053543323373,0.080135347358,-0.039889914010,0.104306119733,3
13.940000,0.055226519703,-0.020126639471,-0.066596112339,0.088826191372,3
13.950000,0.038830505592,-0.074823275068,0.001619816146,0.084314615938,3
13.960000,-0.033882832704,-0.054708537789,0.067143422609,0.093001664817,3
13.970000,-0.074023237931,0.029563624503,-0.001645206278,0.079725493735,3
13.980000,-0.025580224726,0.078736368812,-0.053467438933,0.098552172461,3
13.990000,0.033744060697,0.010606301703,-0.039741996914,0.053203210306,3
14.000000,0.022024156565,-0.048942122494,0.025877694938,0.059582295374,3
14.010000,-0.031306614307,-0.016640824868,0.056635263298,0.066817469276,3
14.020000,-0.020386402343,0.045251552380,0.002701897445,0.049705217463,3
14.030000,0.019715525237,0.024084024689,-0.028086181600,0.041923451402,3
14.040000,0.046608655479,-0.014068137532,-0.013139056683,0.050427314718,3
14.050000,0.017594970158,-0.025713665116,0.030697557624,0.043739176863,3
14.060000,-0.015615274280,-0.005498126764,0.021788387543,0.027364210577,3
14.070000,-0.016257661828,0.031766518067,-0.002305223792,0.035759436446,3
14.080000,0.014059501543,0.010231441223,-0.022150659226,0.028160320973,3
14.090000,0.028514246237,-0.013410013720,-0.007723079690,0.032442821492,3
14.100000,0.004818479931,-0.017078316768,0.020159996592,0.026857254421,3
14.110000,-0.017962530160,0.004451207827,0.007203523611,0.019858411147,3
14.120000,-0.006163331725,0.015143487417,-0.005419193665,0.017224387625,3
14.130000,0.001979207973,0.007772381770,-0.010498698519,0.013211731649,3
14.140000,0.009502864129,-0.006740891920,0.000423733716,0.011658627741,3
14.150000,-0.008746020647,-0.014939054139,0.014965552308,0.022883093576,3
14.160000,-0.015142693493,0.005769299904,0.008203143955,0.018162531716,3
14.170000,-0.007917766764,0.013286584030,-0.006327335906,0.016711059972,3
14.180000,0.006395973000,0.003146454865,-0.007441879910,0.010304864163,3
14.190000,0.009116400432,-0.012710795525,0.006976167480,0.017127171174,3
14.200000,-0.003752386563,-0.004866552310,0.008832844693,0.010760245428,3
14.210000,-0.004213901762,0.001151588442,0.001593432017,0.004649962321,3
14.220000,0.001279315503,0.010314797128,-0.009369007021,0.013993211944,3
14.230000,0.009706534374,-0.002105889000,-0.004342606988,0.010840194347,3
14.240000,0.008480598873,-0.010174061557,0.004337513347,0.013937220234,3
14.250000,-0.001139295803,-0.001262462994,0.005774855287,0.006020030010,3
14.260000,-0.007386457733,0.011310761463,0.000765939490,0.013530696435,3
14.270000,-0.000431521800,0.005419375624,-0.008263883855,0.009891795570,3
14.280000,0.008687530314,0.001424831351,-0.006486475829,0.010935158710,3
14.290000,0.004480957535,-0.011504730235,0.008077135774,0.014753912041,3
14.300000,-0.009127156352,-0.003188098461,0.014678528066,0.017576351756,3
14.310000,-0.018260981758,0.020490407164,-0.005325500784,0.027958562179,3
14.320000,0.003695930670,0.012459903491,-0.017850183336,0.022080265933,3
14.330000,0.019179782626,-0.009137617543,-0.006635107403,0.022257240759,3
14.340000,-0.002652435581,-0.020645600624,0.015152274779,0.025746216627,3
14.350000,-0.021865648402,0.002120915090,0.015763202650,0.027038554300,3
14.360000,-0.016478521248,0.021477030541,-0.013091707583,0.030069873808,3
14.370000,0.008598577705,0.003483295499,-0.010822607349,0.014254743629,3
14.380000,0.021143868550,-0.006768682276,0.003399134834,0.022459571559,3
14.390000,0.003961765527,-0.014540374972,0.011722680049,0.019092912768,3
14.400000,-0.018645570170,0.009117104078,0.012286494532,0.024119220999,3
14.410000,-0.001280707487,0.017081566896,-0.010113916987,0.019892497483,3
14.420000,0.018059166362,0.001663691805,-0.021649545179,0.028241886739,3
14.430000,0.005473553828,-0.004374422877,0.001925135941,0.007266465125,3
14.440000,0.001590570290,-0.008270583064,0.010996867032,0.013851481603,3
14.450000,-0.004296368998,0.002814246624,0.002307653698,0.005630633732,3
14.460000,-0.001891370267,0.007600881183,-0.005252253875,0.009430633436,3
14.470000,0.010324172127,0.001888709366,-0.004019579864,0.011238895651,3
14.480000,0.005020187402,-0.009071502806,-0.000522913978,0.010381131140,3
14.490000,-0.003776733368,-0.003411268391,0.006042539331,0.007900173956,3
14.500000,-0.009675409150,0.006101316134,-0.002191660893,0.011646586550,3
14.510000,-0.004772590433,0.011198822926,-0.006162811786,0.013644467871,3
14.520000,0.006559913284,-0.001401509008,-0.006022860473,0.009015072827,3
14.530000,0.001556852887,-0.013442845228,0.011413705584,0.017703292177,3
14.540000,-0.004881844460,-0.001174542881,0.002558067470,0.005635216544,3
14.550000,-0.012629006119,0.008745966367,0.001390838756,0.015424595803,3
14.560000,0.001290182554,0.005563991873,-0.008632052522,0.010350599370,3
14.570000,0.003353396221,-0.000394536921,-0.002664660319,0.004301318427,3
14.580000,0.002425323476,-0.008476608956,0.005543201848,0.010414517756,3
14.590000,-0.003751267510,0.000709174457,0.004229487333,0.005697674916,3
14.600000,-0.003297797920,0.005478394486,-0.001876160580,0.006663951965,3
14.610000,0.001767612389,0.004145990198,-0.004327062012,0.006247971986,3
14.620000,0.013568336571,-0.005246934355,-0.002234127767,0.014718063878,3
14.630000,0.003669750557,-0.008061737149,0.007797822521,0.011801047033,3
14.640000,-0.006014674725,-0.000451639705,0.004408304507,0.007470839250,3
14.650000,-0.002593211654,0.006241749333,-0.004012458117,0.007860279992,3
14.660000,0.002071211830,0.001046788554,-0.003616837471,0.004297347788,3
14.670000,0.010409346319,-0.004549079743,-0.000916555414,0.011396871989,3
14.680000,-0.003746803796,-0.005408268625,0.008966460807,0.011121390543,3
14.690000,-0.013790877156,0.001716724355,0.007601500003,0.015840398908,3
14.700000,-0.004250189087,0.006709036577,-0.003764203272,0.008788885329,3
14.710000,0.007336416479,0.001725945014,-0.003907292451,0.008489336090,3
14.720000,0.006592357951,-0.009534526586,-0.000044579547,0.011591737053,3
14.730000,-0.002184127300,-0.006311621709,0.007479488397,0.010027448695,3
14.740000,-0.008210062374,0.000761416932,0.001046948693,0.008311496946,3
14.750000,-0.001409187179,0.007778158548,-0.006506502870,0.010238170662,3
14.760000,0.006857634620,0.001130479701,-0.005986998067,0.009173291819,3
14.770000,0.008092270827,-0.005884664355,0.004626225667,0.011023433477,3
14.780000,-0.000491005129,-0.003688999646,0.009381652238,0.010092829293,3
14.790000,-0.004016852915,0.004711819701,0.000229386673,0.006195883350,3
14.800000,0.004384942259,0.012457592868,-0.010592255486,0.016929713965,3
14.810000,0.018121411490,-0.004429861721,-0.005823542019,0.019542847052,3
14.820000,0.005942073044,-0.020785335377,0.007303590153,0.022818431758,3
14.830000,-0.018606946148,-0.005020483405,0.022299770947,0.029473776189,3
14.840000,-0.015594483878,0.010278201252,-0.003228377648,0.018953938130,3
14.850000,0.001537770637,0.016738380458,-0.022738550645,0.028276842192,3
14.860000,0.010702112507,-0.001157875060,-0.010527563909,0.015056742298,3
14.870000,0.007204013723,-0.020299015157,0.017691068607,0.027873315886,3
14.880000,-0.023873552964,-0.004547226722,0.012112569676,0.027153971093,3
14.890000,-0.014084224541,0.012275706289,-0.007247174628,0.020039458224,3
14.900000,0.002793797371,0.011848483798,-0.011017681265,0.016418927264,3
14.910000,0.013948680420,-0.013269225879,-0.002447009655,0.019406851809,3
14.920000,0.004143452964,-0.017521055170,0.019682632891,0.026675112263,3
14.930000,-0.020082936078,0.005959290977,0.013317735704,0.024823367111,3
14.940000,-0.004976224143,0.009672856672,-0.005630338801,0.012248578609,3
14.950000,0.006812151470,0.004240983746,-0.006789834056,0.010511574444,3
14.960000,0.003773631439,-0.002733670091,-0.000813237873,0.004730179938,3
14.970000,-0.000480266409,-0.005650913788,0.006439436843,0.008580782558,3
14.980000,-0.004615946184,-0.000002548362,0.004558177960,0.006487214501,3
14.990000,-0.000908117810,0.010089316243,-0.007282637868,0.012476209141,3
15.000000,0.004653429982,0.001119046159,-0.003903182303,0.006175881071,3
15.010000,0.004772839289,-0.006521289523,0.002355810370,0.008417663240,3
15.020000,-0.001916562273,-0.003921741952,0.005690208862,0.007171593113,3
15.030000,-0.008812908336,0.005549815686,-0.000688868263,0.010437545065,3
15.040000,-0.004939131137,0.010110447557,-0.008261910022,0.013959775192,3
15.050000,0.009419104985,-0.000855467628,-0.007626422793,0.012149637369,3
15.060000,0.001903199156,-0.004252312449,0.003290229524,0.005703502302,3
15.070000,-0.006594005842,-0.006569720734,0.007331791673,0.011848937197,3
15.080000,-0.009127545785,0.007170004292,-0.000295662328,0.011610704966,3
15.090000,-0.001456348178,0.010018125450,-0.008283403964,0.013080465159,3
15.100000,0.006451617056,-0.002847063523,-0.004403446488,0.008313812261,3
15.110000,0.000457672995,-0.010253628824,0.003093230289,0.010719815402,3
15.120000,-0.002621073686,-0.002534633303,0.004985765040,0.006176750463,3
15.130000,-0.004004808124,0.006036897412,-0.001032083308,0.007317637216,3
15.140000,0.005081775221,0.003123581663,-0.008990314765,0.010789205781,3
15.150000,0.006024156231,-0.005299863532,-0.001975042932,0.008263159586,3
15.160000,0.004619066698,-0.006406824073,0.005463728307,0.009603931428,3
15.170000,-0.008826307474,-0.001053609076,0.009794445232,0.013226675815,3
15.180000,-0.007639989131,0.014764187009,-0.006392393454,0.017810484161,3
15.190000,0.002444607643,0.009176002126,-0.011815385886,0.015158445341,3
15.200000,0.010731685235,-0.002929072837,0.001307310162,0.011200785487,3
15.210000,-0.003382065022,-0.010132694946,0.015399159977,0.018741504706,3
15.220000,-0.012978176401,0.001899123738,0.005971447349,0.014411728457,3
15.230000,-0.013152378627,0.010756220972,-0.008096499191,0.018821122504,3
15.240000,0.006831108592,0.007493116410,-0.018698969945,0.021271161584,3
15.250000,0.013248341747,-0.011768384330,0.007658293450,0.019304478427,3
15.260000,-0.009645088858,-0.025550500643,0.015354891762,0.031330951520,3
15.270000,-0.033370617280,0.015592700557,0.008434883369,0.037787268567,3
15.280000,-0.008651371063,0.020602278575,-0.016657554573,0.027870669675,3
15.290000,0.020587945227,-0.004848857884,-0.025871022607,0.033416832916,3
15.300000,0.022744950898,-0.023498656340,0.010277936355,0.034280542832,3
15.310000,-0.021691678551,-0.017486276012,0.038736618217,0.047716080706,3
15.320000,-0.029050197826,0.020646184993,0.010640073698,0.037193952691,3
15.330000,0.010402358618,0.025901798935,-0.031653319235,0.042202427317,3
15.340000,0.054072176327,-0.015451461455,-0.031974023567,0.064690695598,3
15.350000,0.024487511014,-0.057650228953,0.026898134418,0.068166683425,3
15.360000,-0.039191385665,-0.029483885475,0.057735770657,0.075754098414,3
15.370000,-0.039316654119,0.046011170451,0.001598206916,0.060542393104,3
15.380000,0.003546508880,0.044988860728,-0.050557814291,0.067769225322,3
15.390000,0.045952823129,-0.020759540524,-0.019320521393,0.053999102059,3
15.400000,-0.000750900992,-0.038957788705,0.031222144209,0.049930906682,3
15.410000,-0.061045520990,0.022672967963,0.053005058968,0.083965203420,3
15.420000,-0.049225112194,0.059166447907,-0.002400159387,0.077003512865,3
15.430000,0.000126281175,0.048359597473,-0.079484634517,0.093040172716,3
15.440000,0.038158428307,-0.040824309443,-0.023056813020,0.060450860366,3
15.450000,-0.012734623584,-0.045051317296,0.038282090548,0.060475699951,3
15.460000,-0.051443534332,0.006157844561,0.046430753464,0.069571338505,3
15.470000,-0.020331073137,0.045335094392,-0.015469377469,0.052037726293,3
15.480000,0.045616004509,0.010750274887,-0.041893329595,0.062860475197,3
15.490000,0.034117527598,-0.030504577033,0.008602576289,0.046567577006,3
15.500000,0.009811500413,-0.037844197858,0.033589520533,0.051543231772,3
15.510000,-0.024462408368,0.013082412674,0.023101094736,0.036100131891,3
15.520000,0.000873090336,0.030771376678,-0.019503476628,0.036442084326,3
15.530000,0.035078099173,0.006872057437,-0.024188447875,0.043159926153,3
15.540000,0.023120005016,-0.026819319266,0.007537723033,0.036202593641,3
15.550000,-0.005951924385,-0.012756952007,0.022530084409,0.026566330795,3
15.560000,-0.028042384811,0.017862656459,0.016238050697,0.037001677423,3
15.570000,-0.010593153079,0.026781492017,-0.017512871367,0.033707029984,3
15.580000,0.010999373645,-0.000882522967,-0.008498723261,0.013928150072,3
15.590000,0.015490967529,-0.020414661731,0.010185519790,0.027576680401,3
15.600000,-0.014309738466,-0.008688306731,0.012565613356,0.020932031145,3
15.610000,-0.020584897581,0.010099061406,0.000088452554,0.022928952736,3
15.620000,-0.004902856324,0.006736127908,-0.012153062390,0.014734664732,3
15.630000,0.010114980953,-0.004772370560,-0.009236773180,0.014505390005,3
15.640000,0.005242883931,-0.011844856018,0.003605473957,0.013445738673,3
15.650000,-0.010992759676,-0.002898359003,0.009390006395,0.014744947281,3
15.660000,-0.009132350376,0.007519904156,0.001459434896,0.011919678357,3
15.670000,0.003549175148,0.007236329524,-0.006868759381,0.010589663103,3
15.680000,0.014637925725,-0.003658858762,-0.005092874345,0.015924618868,3
15.690000,0.007039712884,-0.008997339852,0.009032741358,0.014563656764,3
15.700000,-0.006192951700,-0.000326293196,0.006668957340,0.009106816678,3
15.710000,-0.007245673129,0.011920898501,-0.003003848835,0.014269923195,3
15.720000,0.008222932140,0.004516555657,-0.009908385109,0.013645218336,3
15.730000,0.009819213722,-0.006798106741,-0.003170530829,0.012356515654,3
15.740000,0.001344055138,-0.009395848947,0.011208796934,0.014687599885,3
15.750000,-0.007427005749,0.002308706094,0.003730609341,0.008626006276,3
15.760000,-0.006830738160,0.013143132638,-0.004352856142,0.015438532182,3
15.770000,0.005136195411,0.002116879148,-0.008509654527,0.010162475132,3
15.780000,0.006408950965,-0.006844983628,-0.000628905472,0.009398083605,3
15.790000,-0.001007159437,-0.002302545347,0.003822105175,0.004574338551,3
15.800000,-0.010491926646,0.001704654381,0.002937393493,0.011027903329,3
15.810000,-0.007009604249,0.011462479155,-0.010160969251,0.016845423005,3
15.820000,0.009349187040,-0.001588987215,-0.013632312099,0.016606387682,3
15.830000,0.013138612729,-0.012834741770,0.007522502041,0.019847966588,3
15.840000,-0.008176837336,-0.012238361656,0.015998610709,0.021739220534,3
15.850000,-0.020338343922,0.017490024861,0.002989260820,0.026990459117,3
15.860000,0.006587768479,0.018722978121,-0.012753155051,0.023592192925,3
15.870000,0.017558875793,-0.004383511899,-0.010692748179,0.021020565152,3
15.880000,0.021036735358,-0.020818407009,0.010310385463,0.031340937339,3
15.890000,-0.010749162323,0.001846890397,0.016981800719,0.020182592758,3
15.900000,-0.015293553802,0.013195078534,-0.002005544007,0.020298401222,3
15.910000,0.004776138900,0.023512160070,-0.027005153040,0.036123558305,3
15.920000,0.018618257778,-0.008193787912,-0.012634624024,0.023946010258,3
15.930000,0.006485064988,-0.015597271558,0.015154676819,0.022693505182,3
15.940000,-0.012810837046,-0.003260670208,0.012686968330,0.018322354691,3
15.950000,-0.021139663131,0.020580146017,-0.005295196370,0.029974436975,3
15.960000,0.003335120641,0.004475706073,-0.016400433350,0.017324237028,3
15.970000,0.007440752666,-0.004829365940,-0.002785863609,0.009297774555,3
15.980000,-0.002268296701,-0.004654814987,0.003293621220,0.006136808065,3
15.990000,-0.006481473634,-0.001550959369,0.005985052773,0.008957445625,3
16.000000,-0.004573326992,0.009098691055,-0.004509512642,0.011137199062,3
16.010000,0.002659862595,0.001201231724,-0.006793308026,0.007393704120,3
16.020000,0.006969828285,-0.007063280675,0.000298732786,0.009927622147,3
16.030000,-0.000895551214,-0.006368569223,0.005991259285,0.008789532055,3
16.040000,-0.004114323940,0.003024961272,0.002045224937,0.005500999657,3
16.050000,-0.008317379725,0.009599422322,-0.008537251532,0.015303998763,3
16.060000,0.008883725009,0.000536927296,-0.006043633611,0.010757990899,3
16.070000,0.008448445806,-0.006088333201,0.001648546450,0.010543326946,3
16.080000,-0.002497945048,-0.004364844453,0.008206089677,0.009624526188,3
16.090000,-0.006299566547,0.010461881043,0.004360917446,0.012967385805,3
16.100000,-0.001490798153,0.006164453902,-0.003154156915,0.007083196798,3
16.110000,0.008743338944,0.000182581577,-0.004436695794,0.009806303151,3
16.120000,0.004955020576,-0.009141716037,-0.001659690313,0.010529851516,3
16.130000,-0.002094883529,-0.002678650331,0.004914633205,0.005976397254,3
16.140000,-0.008057814706,0.005897348724,0.000473653068,0.009996571765,3
16.150000,-0.000635815435,0.005709400089,-0.006278877279,0.008510335512,3
16.160000,0.008451277535,-0.002585256649,-0.004909949810,0.010110155837,3
16.170000,0.002236551073,-0.006065059329,0.003743095589,0.007469797183,3
16.180000,-0.008576897182,-0.002638214680,0.008606521058,0.012433645752,3
16.190000,-0.009312333777,0.007716715913,-0.007496483232,0.014229002977,3
16.200000,0.004006277028,0.003744204134,-0.009378780166,0.010864199816,3
16.210000,0.010688589096,-0.005572410684,-0.000169016439,0.012055134352,3
16.220000,0.001767362092,-0.008967366814,0.005571079917,0.010703932351,3
16.230000,-0.002418827012,0.000657039357,0.008167320454,0.008543275029,3
16.240000,-0.006477217302,0.014131488470,-0.003327901306,0.015897428643,3
16.250000,0.008335664353,0.007085927954,-0.013311163148,0.017230227495,3
16.260000,0.008961838393,-0.003403842668,0.002030161009,0.009799094143,3
16.270000,0.000713800704,-0.011381839318,0.010475724493,0.015485366685,3
16.280000,-0.017708790808,0.000759646895,0.011648470673,0.021210026032,3
16.290000,-0.005487021824,0.015407588987,-0.008571319687,0.018465338558,3
16.300000,0.010420787769,0.009622695303,-0.012389379878,0.018833104268,3
16.310000,0.011608755422,-0.015557394840,0.003587097604,0.019739883634,3
16.320000,-0.020885571317,-0.020738239844,0.027129856947,0.040028874815,3
16.330000,-0.055631884108,0.020028675509,0.025455935819,0.064374366330,3
16.340000,-0.017669801178,0.045207574840,-0.026088240969,0.055104836571,3
16.350000,0.034159077862,-0.006034687316,-0.029623362273,0.045615826680,3
16.360000,0.032134129574,-0.037110680796,0.001220633817,0.049104937222,3
16.370000,-0.014570716299,-0.027674750077,0.028020907017,0.041992484987,3
16.380000,-0.050146942278,0.027426101872,0.027882043405,0.063594930836,3
16.390000,-0.006845204064,0.069562985848,-0.059242660794,0.091627281291,3
16.400000,0.062384188243,-0.004413085834,-0.073140517303,0.096233037678,3
16.410000,0.035415442988,-0.059110242589,0.050604767395,0.085493373217,3
16.420000,-0.025501411175,-0.010876855632,0.054488270351,0.061135910611,3
16.430000,-0.047830901938,0.071004988822,-0.006394132614,0.085850967087,3
16.440000,0.028600449007,0.068853976942,-0.066400366988,0.099839193507,3
16.450000,0.066360938961,-0.005951555482,-0.026394484261,0.071664942837,3
16.460000,0.013673854176,-0.036110160555,0.047034298686,0.060853457061,3
16.470000,-0.023779714182,-0.001537160034,0.029948251076,0.038271861858,3
16.480000,-0.027218428243,0.037610143196,-0.010342811865,0.047564056435,3
16.490000,0.019414884529,0.014216534123,-0.034968011318,0.042447725490,3
16.500000,0.016479508471,-0.013337251807,-0.012049944025,0.024385603053,3
16.510000,-0.006418143310,-0.017791487415,0.012717237138,0.022791614871,3
16.520000,-0.018152710011,-0.002797426294,0.018242444494,0.025886932143,3
16.530000,-0.013749179677,0.013744855019,-0.011631252524,0.022654955673,3
16.540000,0.006586036262,0.010052082889,-0.020735477299,0.023966231720,3
16.550000,0.008889941709,-0.011015083468,0.002037975815,0.014300925593,3
16.560000,-0.002398193712,-0.010966225653,0.012120628828,0.016520262751,3
16.570000,-0.007862266273,0.000995284739,0.008215439996,0.011414870870,3
16.580000,-0.003799876388,0.010802657586,-0.006880727784,0.013359673886,3
16.590000,0.010138753696,0.002096604927,-0.010098797015,0.014462910492,3
16.600000,0.009576734523,-0.008751746923,0.001132752974,0.013022674365,3
16.610000,-0.001175456704,-0.007344335776,0.009580220414,0.012128544416,3
16.620000,-0.006834977644,0.003259475015,0.001186361463,0.007664760289,3
16.630000,-0.000337843426,0.009501694369,-0.006346302358,0.011431180503,3
16.640000,0.010548066023,0.002380614442,-0.008711266594,0.013885790853,3
16.650000,0.004397362008,-0.006897046707,0.002237616843,0.008480151829,3
16.660000,-0.003900786333,-0.002749559006,0.006425486928,0.008003942217,3
16.670000,-0.012747163003,0.004584568123,0.001287229425,0.013607548975,3
16.680000,-0.000878514098,0.016218759332,-0.011839943393,0.020099855742,3
16.690000,0.016156297549,-0.001378852433,-0.019726092268,0.025535189459,3
16.700000,0.006347174437,-0.032209761462,0.012909805456,0.035276315478,3
16.710000,-0.028679306103,-0.016732342042,0.043330098589,0.054589113498,3
16.720000,-0.040289276705,0.033125403999,-0.009515259819,0.053019415094,3
16.730000,-0.000899015946,0.038405850162,-0.046763262526,0.060519585908,3
16.740000,0.076382297737,-0.008243014345,-0.025289886692,0.080881277574,3
16.750000,0.022920093382,-0.051009544831,0.050540132524,0.075376450832,3
16.760000,-0.050645924330,0.004656853562,0.062342656797,0.080456838074,3
16.770000,-0.028456603530,0.064585167018,-0.026339181718,0.075331099665,3
16.780000,0.042415399679,0.033075582115,-0.081700865124,0.097816622433,3
16.790000,0.080895613702,-0.038881349899,-0.006240431200,0.089971121299,3
16.800000,0.008387849123,-0.070449650904,0.074182129991,0.102647443882,3
16.810000,-0.033559328392,0.023198538372,0.027454603585,0.049174749239,3
16.820000,-0.010801174651,0.053536376106,-0.022421187607,0.059038280752,3
16.830000,0.030892193176,0.014465274576,-0.036521256490,0.049973732535,3
16.840000,0.039951550105,-0.035709286880,-0.007534701002,0.054111470544,3
16.850000,-0.021260811251,-0.026225200335,0.048499170180,0.059092746897,3
16.860000,-0.048007334590,0.012298685085,0.017838388548,0.052670389549,3
16.870000,-0.010312921131,0.041300944569,-0.043024721764,0.060524796963,3
16.880000,0.033356831965,0.001916105655,-0.038275028499,0.050806766343,3
16.890000,0.042987361871,-0.043962402099,0.019847426351,0.064610575076,3
16.900000,-0.039074063721,-0.023676436190,0.055134237050,0.071604051431,3
16.910000,-0.067060966349,0.035814359651,0.013408782366,0.077198685282,3
16.920000,-0.018862711937,0.066937941394,-0.061304378342,0.092707694954,3
16.930000,0.070347161548,-0.019705627524,-0.039251045036,0.082931775758,3
16.940000,0.057734056354,-0.027616723035,0.045909267242,0.078762716262,3
16.950000,-0.019605801567,-0.042597576075,0.084312836962,0.096475879986,3
16.960000,-0.059835244069,0.061713115806,0.019650255572,0.088175380007,3
16.970000,0.026350160910,0.078336633514,-0.044645487825,0.093937099771,3
16.980000,0.078086271585,-0.025481089495,-0.034834159040,0.089219786864,3
16.990000,0.053348442871,-0.093209148578,0.087867791678,0.138761487992,3
17.000000,-0.038627541063,-0.025249037807,0.068487429001,0.082584070922,3
17.010000,-0.050823398130,0.071611727483,-0.013396196180,0.088829698765,3
17.020000,0.037073575713,0.048574781828,-0.071934688788,0.094385162482,3
17.030000,0.072689480667,-0.062785658592,-0.027653348918,0.099952524884,3
17.040000,0.001071537297,-0.075291743730,0.070106574779,0.102883072919,3
17.050000,-0.071846294719,0.008470470494,0.055080950383,0.090926069036,3
17.060000,-0.057011178417,0.059538217412,-0.046014598507,0.094405598737,3
17.070000,0.018576185604,0.043309884020,-0.076943769824,0.090228401515,3
17.080000,0.020859565852,-0.055018970567,0.019313994357,0.061929306373,3
17.090000,-0.012764332894,-0.062590299082,0.057758666030,0.086119319754,3
17.100000,-0.048239783427,0.008879630615,0.032660010532,0.058928777629,3
17.110000,-0.035381059557,0.041012720994,-0.038419595697,0.066407288698,3
17.120000,0.038114727413,-0.002310454796,-0.057043282017,0.068644057794,3
17.130000,0.047792187604,-0.041196652971,0.010097269043,0.063900017637,3
17.140000,-0.001770821790,-0.015414193772,0.036655649988,0.039804143697,3
17.150000,-0.022898209653,0.017196890256,0.005722796106,0.029202935384,3
17.160000,0.003040106745,0.030289248961,-0.024540860336,0.039101594311,3
17.170000,0.019604833850,0.004657596064,-0.014573113405,0.024868018531,3
17.180000,0.027256515038,-0.018882639560,0.013858101005,0.035937705161,3
17.190000,-0.013496093204,-0.008387610904,0.024155496666,0.028913397719,3
17.200000,-0.021428080783,0.010396942271,0.006117278787,0.024590245106,3
17.210000,-0.007799209432,0.014816206333,-0.016717167206,0.023660332146,3
17.220000,0.011529568305,-0.001721931680,-0.012285364138,0.016935943021,3
17.230000,0.004797755581,-0.017301271086,0.006193314051,0.018992355798,3
17.240000,-0.007965435652,-0.003267961126,0.006716010054,0.010919364729,3
17.250000,-0.012174196190,0.007272074828,-0.005853700375,0.015341444953,3
17.260000,-0.000816810164,0.006212792568,-0.009259765416,0.011180752475,3
17.270000,0.011519761060,-0.006093075491,-0.002950267767,0.013361681919,3
17.280000,0.002174304304,-0.005025055186,0.003714372102,0.006616293444,3
17.290000,-0.004733357601,-0.000731496063,0.003894664647,0.006173181788,3
17.300000,-0.005526576200,0.006390159911,-0.001874815798,0.008654023483,3
17.310000,0.004036732343,0.002982219587,-0.009263307297,0.010535544777,3
17.320000,0.010885294036,-0.003542355896,-0.001904404895,0.011604510741,3
17.330000,0.000921924398,-0.006425385944,0.008640598390,0.010807195273,3
17.340000,-0.005897407640,0.003327250309,0.007455897973,0.010071763802,3
17.350000,-0.004662567459,0.025900253086,-0.014739833618,0.030163311163,3
17.360000,0.014881389181,0.004307161675,-0.020297366800,0.025534104344,3
17.370000,0.021620821868,-0.010300556981,0.001300130112,0.023984406406,3
17.380000,-0.002701313328,-0.016654462653,0.020230520113,0.026342782010,3
17.390000,-0.025302766012,0.006025961458,0.015159231627,0.030105555681,3
17.400000,-0.014316371993,0.015925768280,-0.012150435380,0.024621569452,3
17.410000,0.013415964405,0.000598095752,-0.015881930610,0.020798594648,3
17.420000,0.006596323184,-0.019789350803,0.009757612797,0.023029131383,3
17.430000,-0.012604080719,-0.015806946858,0.023335461715,0.030875009202,3
17.440000,-0.026130114783,0.007814479222,0.007447264826,0.028272084066,3
17.450000,0.000301063779,0.025430377147,-0.023225537402,0.034441549165,3
17.460000,0.016894872440,0.000830973730,-0.013608891237,0.021710116370,3
17.470000,0.007858862030,-0.014930697852,0.008506130618,0.018895547329,3
17.480000,-0.003988323427,-0.003234918692,0.005673230472,0.007652252393,3
17.490000,-0.010590008845,0.007763262435,-0.002345603722,0.013338605167,3
17.500000,0.001923854829,0.003163089795,-0.002920996497,0.004715779362,3
17.510000,0.007949085217,-0.001655329200,-0.003761800344,0.008948698921,3
17.520000,0.004024096089,-0.004789961263,0.003948992865,0.007398082379,3
17.530000,-0.004714945837,-0.001780854546,0.005576865385,0.007516886635,3
17.540000,-0.004070877221,0.008397740282,-0.004621033449,0.010413838549,3
17.550000,0.004313524587,0.004969147810,-0.008059955925,0.010404893744,3
17.560000,0.006305688981,-0.002101105522,-0.001896500795,0.006911806797,3
17.570000,0.000293886688,-0.006854396217,0.004683902972,0.008307109241,3
17.580000,-0.006664550237,-0.001112124687,0.006259703983,0.009210697321,3
17.590000,-0.005973058177,0.007886169359,-0.000769144592,0.009922735235,3
17.600000,0.003961289550,0.002658830875,-0.006712765274,0.008235436488,3
17.610000,0.009687536567,-0.007804711301,-0.002972393059,0.012790504436,3
17.620000,-0.002739158373,-0.004593781946,0.005722676711,0.007832933671,3
17.630000,-0.011234426023,0.004543224633,0.005851326806,0.013457014658,3
17.640000,-0.002954022574,0.007987482853,-0.010191144220,0.013281022257,3
17.650000,0.005382096797,0.001916470696,-0.006418388055,0.008592760388,3
17.660000,0.005484606284,-0.003206534182,0.000379468490,0.006364492430,3
17.670000,-0.000729159754,-0.002173253513,0.005253158767,0.005731525260,3
17.680000,-0.004455183817,0.001339710615,0.002001628248,0.005064583203,3
17.690000,0.001643003314,0.014002515850,-0.006236505942,0.015416352240,3
17.700000,0.005898829584,0.000898027509,-0.004531080887,0.007492218488,3
17.710000,0.009787588604,-0.009907590012,0.006036146470,0.015178678952,3
17.720000,-0.005770690033,-0.003138940150,0.008555543154,0.010786617977,3
17.730000,-0.008152170712,0.003362857082,-0.001703502543,0.008981570909,3
17.740000,-0.000103493275,0.005804217368,-0.005248498406,0.007826007004,3
17.750000,0.006006418377,0.000785391805,-0.004897314812,0.007789582426,3
17.760000,0.001954880323,-0.007878209418,0.004288787182,0.009180492155,3
17.770000,-0.002653659085,-0.002010601260,0.004167601838,0.005334166200,3
17.780000,-0.007548062902,0.004346564208,-0.002028855124,0.008943272728,3
17.790000,0.002769355739,0.008168365735,-0.011926271873,0.014718270645,3
17.800000,0.003027724282,-0.001738510911,-0.003219509828,0.004749187093,3
17.810000,-0.000136290628,-0.005125795526,0.003825492339,0.006397401547,3
17.820000,-0.011013031786,0.001512357479,0.006203600004,0.012730229663,3
17.830000,-0.008636863131,0.011392848276,-0.003390600796,0.014693147054,3
17.840000,0.003967889897,0.008090524685,-0.009388063495,0.013012934953,3
17.850000,0.020537418634,-0.012464933904,-0.006556877926,0.024902867094,3
17.860000,-0.001918479607,-0.014408879645,0.018693744824,0.023680212672,3
17.870000,-0.018549928444,0.003090702028,0.010394601180,0.021487205914,3
17.880000,-0.010093488419,0.018604180318,-0.004913361610,0.021728671292,3
17.890000,0.013704693241,0.010666234299,-0.013030519513,0.021711324458,3
17.900000,0.019252367606,-0.010004063116,0.001105666643,0.021724581377,3
17.910000,-0.001400475427,-0.013327960146,0.010034909844,0.016742021044,3
17.920000,-0.016468395626,0.003804348947,0.007901596886,0.018657876587,3
17.930000,-0.005584027995,0.015749931690,-0.012699780733,0.020988714767,3
17.940000,0.012006168051,0.001477684276,-0.017748401341,0.021478765613,3
17.950000,0.011306806382,-0.013885767052,0.000738715794,0.017922167788,3
17.960000,-0.006097223360,-0.010907648970,0.019581820038,0.023229305085,3
17.970000,-0.013623710643,0.008574347926,0.009462732642,0.018672660312,3
17.980000,-0.004320318466,0.018376688624,-0.016165629364,0.024853478814,3
17.990000,0.005096378914,-0.002485932069,-0.006691698229,0.008771075274,3
18.000000,0.009014788523,-0.012468892576,0.004776804440,0.016110790013,3
18.010000,-0.001564249711,-0.001711640427,0.005086677968,0.005590248908,3
18.020000,-0.006641137894,0.004842033471,0.003931449769,0.009110779217,3
18.030000,0.002398651384,0.008208818733,-0.009971996018,0.013136930312,3
18.040000,0.011992008639,-0.004018470521,-0.005707022145,0.013875391104,3
18.050000,0.007156931885,-0.008818324015,0.005611390220,0.012667762732,3
18.060000,-0.004656249518,-0.001156566531,0.007361243789,0.008786706769,3
18.070000,-0.006198513178,0.006231507916,-0.001023354130,0.008848757551,3
18.080000,0.001692214870,0.005276315404,-0.005060197268,0.007503911767,3
18.090000,0.010061173873,-0.002477462043,-0.004587244215,0.011331718641,3
18.100000,0.003704345274,-0.008660033683,0.009526346936,0.013396628055,3
18.110000,-0.008516218708,0.000453625497,0.007846074266,0.011588470070,3
18.120000,-0.011140805188,0.007506153375,-0.003766869222,0.013951673106,3
18.130000,0.003623478202,0.002299820105,-0.011264748571,0.012054597761,3
18.140000,0.015014888127,-0.013777492589,-0.001069336177,0.020406117891,3
18.150000,-0.002530274511,-0.006183687390,0.009639464969,0.011728578931,3
18.160000,-0.015664098756,-0.004058311621,0.011978561067,0.020132555930,3
18.170000,-0.016507445519,0.016987234899,-0.010378748395,0.025860787407,3
18.180000,0.012784798246,0.007841710972,-0.011891879715,0.019140540753,3
18.190000,0.011627554101,-0.013650425317,0.005018390088,0.018620374990,3
18.200000,-0.007486535573,-0.013100253209,0.022462304322,0.027059563272,3
18.210000,-0.020492560082,0.005352584784,0.009330803369,0.023144309756,3
18.220000,-0.007520797915,0.027248884539,-0.010744710505,0.030240914566,3
18.230000,0.036211334926,0.000116964674,-0.019604683559,0.041177883328,3
18.240000,0.035331418600,-0.030824288535,0.022336880000,0.051936327480,3
18.250000,-0.005315026206,-0.028710048650,0.028640533262,0.040899835483,3
18.260000,-0.043357586939,0.030040514833,0.006091354789,0.053098187161,3
18.270000,0.000763019881,0.043460475164,-0.028595187060,0.052029605263,3
18.280000,0.043632971060,-0.002151259862,-0.018260280500,0.047348726767,3
18.290000,0.031392581879,-0.039987619879,0.027955321640,0.058017272847,3
18.300000,-0.020968676044,-0.035228435612,0.048740229192,0.063689386811,3
18.310000,-0.060935660700,0.035776068836,-0.014060783470,0.072047119846,3
18.320000,-0.012452792823,0.032794414918,-0.079429642218,0.086830949332,3
18.330000,0.058661231394,-0.017316112197,-0.021949258719,0.064982749777,3
18.340000,0.017658847392,-0.062049151610,0.059520887687,0.087776239255,3
18.350000,-0.066043278418,-0.011131759649,0.032105685805,0.074272510111,3
18.360000,-0.063211826585,0.090457650156,-0.012274174449,0.111035925945,3
18.370000,0.016187680315,0.064343112968,-0.060798954282,0.089992166449,3
18.380000,0.056737832672,-0.019791352240,-0.004667327274,0.060271578904,3
18.390000,0.028169918333,-0.055234248737,0.065762391387,0.090382844907,3
18.400000,-0.035581160629,0.003426685605,0.072372135044,0.080718567237,3
18.410000,-0.038327709635,0.041296193606,-0.020888923959,0.060089400699,3
18.420000,0.052214490091,0.021662582473,-0.070781300252,0.090584838247,3
18.430000,0.063249576695,-0.051214642286,-0.003133785655,0.081444884118,3
18.440000,0.004272956538,-0.049933477286,0.038023950269,0.062908116372,3
18.450000,-0.033343311271,0.030590173810,0.031270144692,0.055003246171,3
18.460000,-0.023520409283,0.059561626228,-0.020742133817,0.067312948881,3
18.470000,0.037190615833,0.026044401090,-0.038824743491,0.059739546712,3
18.480000,0.035463665598,-0.043470516036,0.008087285960,0.056681227371,3
18.490000,-0.023123724038,-0.047205268441,0.050419895255,0.072836871291,3
18.500000,-0.035029236523,0.019123356909,0.001314826839,0.039930927368,3
18.510000,-0.015628191028,0.033977208061,-0.024894006876,0.044926635761,3
18.520000,0.013589636750,0.002931174386,-0.014690699085,0.020225890583,3
18.530000,0.008266093855,-0.018725342783,0.009922477367,0.022746919068,3
18.540000,-0.013242836702,-0.007057742397,0.010319002208,0.018211706626,3
18.550000,-0.016781539093,0.010230848370,0.004047904903,0.020066784666,3
18.560000,0.001282859800,0.014208987227,-0.018206945551,0.023130800107,3
18.570000,0.014660868168,-0.001971474930,-0.004991997713,0.015612424860,3
18.580000,0.011418243172,-0.013310271862,0.006667604331,0.018761571409,3
18.590000,-0.005454855179,-0.003086940550,0.008373282408,0.010459278429,3
18.600000,-0.005808074757,0.005359555958,-0.000108952882,0.007903824592,3
18.610000,0.005941146840,0.011975773192,-0.008984223117,0.016106912626,3
18.620000,0.010404730243,-0.000655176718,-0.002365036174,0.010690232180,3
18.630000,0.005119745817,-0.010778529934,0.008497521030,0.014649108110,3
18.640000,-0.003752765308,0.000312367468,0.002630779092,0.004593671682,3
18.650000,-0.007293842283,0.010112367285,-0.007602571878,0.014603397089,3
18.660000,0.004205399797,0.005595959846,-0.012340075187,0.014187234039,3
18.670000,0.009238506536,-0.005517130859,-0.002250042985,0.010993244715,3
18.680000,-0.001346999207,-0.007189398027,0.007891604037,0.010760077376,3
18.690000,-0.011869426033,0.002393767271,0.005739105361,0.013399653967,3
18.700000,-0.003391394643,0.004416093431,-0.003025589442,0.006337004836,3
18.710000,0.002790680463,0.003075343134,-0.010102434948,0.010922674797,3
18.720000,0.007062798398,-0.007401027984,-0.000639945110,0.010250261761,3
18.730000,-0.004150185296,-0.006434004971,0.010672229816,0.013134570690,3
18.740000,-0.015270982370,0.000187896283,0.004027890514,0.015794369552,3
18.750000,-0.001999239300,0.005144310556,-0.004709464470,0.007255339032,3
18.760000,0.009420683517,-0.001687861235,-0.011276113092,0.014790161593,3
18.770000,0.010105866480,-0.007482859345,0.001725265842,0.012692449075,3
18.780000,-0.000872099252,-0.001693012238,0.004681569477,0.005054101336,3
18.790000,-0.008692272479,0.008218152796,0.005028980945,0.012976297067,3
18.800000,0.001595650587,0.006431136947,-0.006115141576,0.009016683410,3
18.810000,0.008153602938,-0.000001615455,-0.004037660205,0.009098568206,3
18.820000,0.004729556355,-0.007926152416,0.005682067972,0.010838749554,3
18.830000,-0.007308866592,-0.003487991782,0.011778770300,0.014294231260,3
18.840000,-0.008799839109,0.005935426447,0.002583484943,0.010924323773,3
18.850000,-0.003223090482,0.007642477814,-0.011713598449,0.014352845293,3
18.860000,0.006174243274,-0.002986742594,-0.006127818036,0.009197394480,3
18.870000,0.006831248339,-0.022609780498,0.009969573105,0.025637092580,3
18.880000,-0.024402213966,-0.004957698442,0.021769062555,0.033074747238,3
18.890000,-0.018787023452,0.013825251042,-0.004290814037,0.023717101459,3
18.900000,0.006737587320,0.009667873575,-0.023238847986,0.026055842302,3
18.910000,0.011205247963,-0.014024254950,-0.010970288807,0.021037693441,3
18.920000,0.003242268992,-0.013120825056,0.021220913881,0.025159402702,3
18.930000,-0.023571857310,-0.000697568839,0.022309438023,0.032462749178,3
18.940000,-0.006055711710,0.020669930014,-0.007955875736,0.022961132590,3
18.950000,0.009903642500,0.007220430899,-0.014477177002,0.018968537400,3
18.960000,0.020125921389,-0.007267205076,0.004579993824,0.021882443300,3
18.970000,0.003325154447,-0.018581656853,0.021429875437,0.028558259483,3
18.980000,-0.009620298332,0.002204261300,0.013654086523,0.016847640389,3
18.990000,-0.013711818919,0.015814517651,-0.013064836468,0.024673931558,3
19.000000,0.016121741748,0.004105087273,-0.017503858335,0.024148444155,3
19.010000,0.008154158998,-0.005850498505,0.001257329746,0.010114322509,3
19.020000,-0.001655867235,-0.002419044334,0.003583270004,0.004629632351,3
19.030000,-0.008906393066,0.002199081351,0.002362626358,0.009473214847,3
19.040000,-0.003658775580,0.006091823065,-0.006528231343,0.009649598513,3
19.050000,0.004169488897,0.002363805104,-0.004157024739,0.006344530472,3
19.060000,0.000672383125,-0.005976589610,0.003383055350,0.006900491717,3
19.070000,-0.005074220163,-0.005128673076,0.004848852419,0.008692661708,3
19.080000,-0.012766636476,0.004486843170,0.003540502509,0.013987634774,3
19.090000,-0.000753242279,0.006143836723,-0.004802494563,0.007834414952,3
19.100000,0.007142987722,-0.001756584010,-0.005565240957,0.009223869464,3
19.110000,0.001647414793,-0.006177384609,0.002643094993,0.006918092746,3
19.120000,-0.003333323312,-0.002996100117,0.007263663250,0.008535131166,3
19.130000,-0.006113124233,0.008334398659,-0.002371269326,0.010604499381,3
19.140000,0.004049745714,0.008197883270,-0.007099297195,0.011576085311,3
19.150000,0.012196075797,-0.004609618349,-0.003679414964,0.013547359176,3
19.160000,0.003056018256,-0.007400390214,0.005850433091,0.009916279052,3
19.170000,-0.005160430543,-0.001724603985,0.004225877010,0.006889291604,3
19.180000,-0.004186077960,0.005660145483,-0.000686044459,0.007073270289,3
19.190000,0.001708711013,0.003018552239,-0.004695714774,0.005837901009,3
19.200000,0.007195933347,-0.000866114610,-0.002493529317,0.007664809176,3
19.210000,-0.000962931704,-0.007549813037,0.003784070559,0.008499770841,3
19.220000,-0.012566914255,-0.000437831792,0.003995248227,0.013193977374,3
19.230000,-0.014649114700,0.016610475469,-0.007837265692,0.023493130705,3
19.240000,0.002884391065,0.003054749933,-0.013777711253,0.014404045833,3
19.250000,0.005173992957,-0.007969390754,0.000790348739,0.009534466070,3
19.260000,-0.003332374804,-0.011189380647,0.010978305827,0.016025921500,3
19.270000,-0.009012989569,0.001960045841,0.003874968756,0.010004556138,3
19.280000,-0.003836615854,0.005977946020,-0.004424485252,0.008368484306,3
19.290000,0.003835812177,0.001626045109,-0.002708178764,0.004969075364,3
19.300000,0.007020108453,-0.008297546417,0.002320621256,0.011113796932,3
19.310000,-0.000418813103,-0.003158770295,0.005967633442,0.006765048639,3
19.320000,-0.006151906375,0.004712278770,0.000702923217,0.007781106882,3
19.330000,0.000302139187,0.005848868177,-0.006016077427,0.008396054708,3
19.340000,0.012535656524,-0.000344497406,-0.006092485349,0.013942013509,3
19.350000,0.004740478453,-0.003436042269,0.003776179199,0.006966925561,3
19.360000,-0.007412093663,-0.004926736089,0.010575231339,0.013821988961,3
19.370000,-0.005497312475,0.002889378775,0.000594286412,0.006238760333,3
19.380000,0.003163481998,0.018721791886,-0.020594298142,0.028011394570,3
19.390000,0.012160588978,-0.000858968126,-0.014102520925,0.018641320956,3
19.400000,0.013798774951,-0.024842165010,0.008665838051,0.029709192208,3
19.410000,-0.018346786854,-0.009284366995,0.005784199429,0.021360267353,3
19.420000,-0.017495848403,0.018866044693,-0.006334506693,0.026498270297,3
19.430000,-0.003023684216,0.012455402865,-0.023785976574,0.027019482015,3
19.440000,0.015690022333,-0.008535056991,-0.002230889482,0.018000024071,3
19.450000,0.000572952149,-0.018959135125,0.017770366437,0.025991594837,3
19.460000,-0.018996010395,-0.003635267918,0.011562665429,0.022533504290,3
19.470000,-0.006583054084,0.010837644607,-0.007650937916,0.014809726287,3
19.480000,0.011714223128,0.002553771339,-0.023669578510,0.026532879949,3
19.490000,0.021373897893,-0.015912183324,0.001103255308,0.026669425595,3
19.500000,0.006100307338,-0.021188847435,0.021900743183,0.031077701929,3
19.510000,-0.008119318052,0.005824273795,0.007412005361,0.012441194249,3
19.520000,-0.000813953800,0.003461959259,-0.002302478937,0.004236636869,3
19.530000,0.007336156720,0.005005298807,-0.006974804508,0.011292480219,3
19.540000,0.007468732484,-0.006632617166,0.005012903449,0.011175991069,3
19.550000,-0.000720409039,-0.003355498300,0.004664221475,0.005790796145,3
19.560000,-0.008732399042,0.003388117170,0.006630744572,0.011476101453,3
19.570000,-0.007520667184,0.009494239079,-0.006164251800,0.013590401423,3
19.580000,0.003567072685,0.000919556920,-0.007024658326,0.007931923920,3
19.590000,0.006773607830,-0.006959583502,0.004591069000,0.010742228825,3
19.600000,-0.001217157042,-0.002549777714,0.002894579949,0.004044926543,3
19.610000,-0.006597734228,0.006888449458,-0.001229159748,0.009617258787,3
19.620000,-0.003035453268,0.006488670569,-0.007279121328,0.010212856094,3
19.630000,0.004851860195,-0.000185061934,-0.006552564761,0.008155421523,3
19.640000,0.005400426768,-0.006160336339,0.002414425001,0.008540714324,3
19.650000,-0.006513504370,-0.001863829994,0.004707848684,0.008250057009,3
19.660000,-0.003498293271,0.003572250745,-0.000019340931,0.004999940526,3
19.670000,0.004763545623,0.007086972428,-0.005765733247,0.010303408415,3
19.680000,0.010239319000,-0.005430381537,-0.004281539515,0.012355738660,3
19.690000,0.005562647321,-0.006764582337,0.005619616215,0.010405897646,3
19.700000,-0.005449949823,-0.000602980307,0.004571909028,0.007139179959,3
19.710000,-0.008153570950,0.008136802105,-0.004118575612,0.012233189805,3
19.720000,0.004455295887,0.002596500372,-0.007150672334,0.008816098369,3
19.730000,0.010437259106,-0.006512493296,-0.003315261219,0.012741267737,3
19.740000,0.000514466773,-0.012450686181,0.009702180231,0.015792927647,3
19.750000,-0.011769468581,0.000645746096,0.004273651834,0.012538001384,3
19.760000,-0.006631463244,0.006781130126,-0.005967588202,0.011205897531,3
19.770000,0.001672796897,0.004702844318,-0.009448109612,0.010685586993,3
19.780000,0.008038852427,-0.007041597267,-0.000462997151,0.010696803577,3
19.790000,-0.002767129491,-0.004618141921,0.004857673183,0.007251291553,3
19.800000,-0.006079642002,0.000125484181,0.004463325214,0.007543146898,3
19.810000,-0.006550195375,0.007181379353,-0.004121553401,0.010557673574,3
19.820000,0.004885734741,0.002169224263,-0.006659656610,0.008539728569,3
19.830000,0.008186481997,-0.007241402791,0.002329908962,0.011175190273,3
19.840000,-0.004942792979,-0.005015931741,0.007712494985,0.010443818868,3
19.850000,-0.008999843040,0.007131051494,0.001747472052,0.011614763395,3
19.860000,0.001464882345,0.007447491347,-0.005606148013,0.009436095760,3
19.870000,0.006872290400,0.000656130970,-0.005812631183,0.009024719633,3
19.880000,0.003659922978,-0.004840183188,0.000861132893,0.006128944392,3
19.890000,-0.011533252101,-0.011181186929,0.016015504527,0.022683280857,3
19.900000,-0.016061345708,0.013210235319,-0.001856355839,0.020878773913,3
19.910000,-0.003723725251,0.017009473177,-0.020617768851,0.026986676340,3
19.920000,0.013475243032,-0.005774173149,-0.009301453044,0.017362035568,3
19.930000,0.009062885497,-0.022238279206,0.012807954534,0.027216183695,3
19.940000,-0.022487187249,-0.004926046448,0.021526816312,0.031517349897,3
19.950000,-0.021157620103,0.009288533569,-0.002248874503,0.023215925156,3
19.960000,0.005675091431,0.009710663820,-0.017353475258,0.020679621808,3
19.970000,0.015311628663,-0.011056786024,-0.005619642421,0.019704793082,3
19.980000,0.007142716989,-0.020227094172,0.019209380307,0.028795034926,3
19.990000,-0.014236332019,-0.002792044307,0.011716367336,0.018647839669,3
20.000000,-0.015273346369,0.018215147636,-0.007556840688,0.024943386977,3
20.010000,0.006828520209,0.008241420262,-0.017248748204,0.020299483017,3
20.020000,0.013146765196,-0.008050146927,-0.005846524467,0.016487090375,3
20.030000,0.000367496175,-0.005013561654,0.009369878099,0.010633224792,3
20.040000,-0.008308803153,0.001132770460,0.005855865758,0.010227929532,3
20.050000,-0.005094866504,0.010524340521,-0.003956829652,0.012344063715,3
20.060000,0.009305330286,0.003032469329,-0.005481046721,0.011217259697,3
20.070000,0.013064769525,-0.004228709880,0.000452630567,0.013739543821,3
20.080000,0.000227227222,-0.002581805426,0.005237490901,0.005843685687,3
20.090000,-0.007058235578,0.005149487252,0.006276620282,0.010757874818,3
20.100000,-0.002385928923,0.004399357650,-0.004614165830,0.006807167610,3
20.110000,0.004110582343,0.002425139814,-0.004047279557,0.006257688241,3
20.120000,0.003690668156,-0.010044256556,0.002276732554,0.010940367102,3
20.130000,-0.003409372473,-0.007439299890,0.005961446124,0.010124516947,3
20.140000,-0.010706431983,0.004137226150,0.002585362997,0.011765561094,3
20.150000,-0.001029885159,0.008730098343,-0.010201673469,0.013466603955,3
20.160000,0.012074291898,-0.004390459308,-0.014412790481,0.019307852993,3
20.170000,0.002223269814,-0.009055168234,0.004235874352,0.010241173368,3
20.180000,-0.008885250369,-0.004697513158,0.011450691738,0.015235899884,3
20.190000,-0.005382914422,0.003612310898,-0.000209691804,0.006486025621,3
20.200000,0.001436327373,0.004870586526,-0.005481740104,0.007472290411,3
20.210000,0.005391236241,-0.002159438861,-0.000916272272,0.005879469303,3
20.220000,0.005976593627,-0.008370801081,0.007891002209,0.012963714667,3
20.230000,-0.002703434244,0.000454448101,0.004929364429,0.005640364657,3
20.240000,-0.009615160182,0.009525052671,-0.003636467895,0.014014343811,3
20.250000,0.007619069667,0.007491171539,-0.010571343777,0.015030674730,3
20.260000,0.008277754197,-0.002337989464,-0.001452228935,0.008723323802,3
20.270000,0.002779190180,-0.007611019233,0.006964756758,0.010684537824,3
20.280000,-0.007850272631,0.000652266542,0.005797911274,0.009781002360,3
20.290000,-0.008293892064,0.011358725364,-0.002645649140,0.014311140655,3
20.300000,0.002286702983,0.002502751495,-0.006879842507,0.007669746312,3
20.310000,0.003192186610,-0.006293208727,-0.000293525589,0.007062626190,3
20.320000,-0.000367710354,-0.005932943612,0.004878131295,0.007689681120,3
20.330000,-0.010048517454,0.003337080793,0.004125835596,0.011363596729,3
20.340000,-0.004211114652,0.004799970928,-0.003957471897,0.007512309321,3
20.350000,0.006175456467,0.004105566771,-0.008252705650,0.011095003003,3
20.360000,0.005030883034,-0.008117749157,0.002597419603,0.009897182633,3
20.370000,-0.001273001640,-0.004699338995,0.007809247973,0.009202644950,3
20.380000,-0.007470443524,0.001433508265,0.003096086440,0.008212686749,3
20.390000,-0.000902021898,0.007545150221,-0.008964132757,0.011751536557,3
20.400000,0.006721239669,0.003199763979,-0.010513068759,0.012881698915,3
20.410000,0.016262125191,-0.014978690346,0.011909485058,0.025112819726,3
20.420000,-0.009685910137,-0.009557821111,0.025662869010,0.029047403419,3
20.430000,-0.018077919934,0.014284542898,-0.002668148344,0.023194360749,3
20.440000,0.001535817407,0.017583426655,-0.023150568283,0.029111586008,3
20.450000,0.021132682172,-0.002935757510,-0.013357061744,0.025171810153,3
20.460000,0.014514865316,-0.020789790929,0.010456994634,0.027427093517,3
20.470000,-0.014021359118,-0.010913285534,0.017180171026,0.024715513127,3
20.480000,-0.014772430094,0.011858958854,0.000459331572,0.018949157804,3
20.490000,0.005953552490,0.009999714091,-0.019801932577,0.022968578601,3
20.500000,0.014406209351,-0.009351328486,-0.013724898741,0.021985428305,3
20.510000,0.004367501927,-0.022112972778,0.014161109619,0.026619460246,3
20.520000,-0.020576146599,0.002807139411,0.016712682097,0.026656548603,3
20.530000,-0.006039365415,0.004558315496,-0.004720727381,0.008918376634,3
20.540000,0.005026121651,0.001848641174,-0.010719510275,0.011982790726,3
20.550000,0.005435522704,-0.002683152628,-0.001342806290,0.006208650725,3
20.560000,0.000024133583,-0.007894245965,0.005083186208,0.009389274935,3
20.570000,-0.002815499648,0.000378182313,0.003361332193,0.004400978782,3
20.580000,0.000573206054,0.005794525458,-0.003701127248,0.006899524141,3
20.590000,0.009214047249,0.003132839262,-0.007675765315,0.012394786070,3
20.600000,0.014917860510,-0.004683816524,0.000879735491,0.015660607714,3
20.610000,0.000350796994,-0.007800203705,0.008019436437,0.011192747524,3
20.620000,-0.006592396380,0.005925606466,0.003431907445,0.009505287514,3
20.630000,-0.002098454435,0.008491574791,-0.008211940334,0.011997763021,3
20.640000,0.004185272149,0.002532828215,-0.004711943658,0.006792211331,3
20.650000,0.007228426942,-0.008717296260,0.001084784920,0.011376210637,3
20.660000,-0.002881480488,-0.004572185667,0.005770078891,0.007905796733,3
20.670000,-0.008205688843,0.003526138133,0.001329159835,0.009029598296,3
20.680000,-0.002925850139,0.005600698400,-0.003974828017,0.007465097412,3
20.690000,0.005487949035,-0.001066953079,-0.003144610701,0.006414401761,3
20.700000,0.003811870953,-0.008553197409,0.003258999683,0.009915070601,3
20.710000,-0.006596836105,-0.003616667443,0.007719805514,0.010779328697,3
20.720000,-0.007838828361,0.003918814441,-0.000563421133,0.008781900709,3
20.730000,-0.001505699022,0.007066079906,-0.013280569391,0.015118536244,3
20.740000,0.005443750657,-0.001989269086,-0.002930846806,0.006494726762,3
20.750000,0.005455625010,-0.008379276311,0.007623369012,0.012573458985,3
20.760000,-0.004873389608,-0.001887044570,0.007446120018,0.009097008673,3
20.770000,-0.004992945621,0.006146669532,-0.001438006219,0.008048534910,3
20.780000,0.003919944138,0.011382207853,-0.011426758563,0.016597934477,3
20.790000,0.005364155370,-0.003054016548,-0.001195496294,0.006287319882,3
20.800000,0.002779775582,-0.005593876285,0.007996433372,0.010146997134,3
20.810000,-0.006580739092,-0.001196258455,0.008085506010,0.010493453613,3
20.820000,-0.002790910164,0.006619813302,-0.005014469606,0.008761050915,3
20.830000,0.004296673538,0.003762171513,-0.010352445300,0.011823217061,3
20.840000,0.007865084117,-0.008392867778,0.001062182451,0.011551104245,3
20.850000,-0.000215800602,-0.004049849928,0.004627166867,0.006152928372,3
20.860000,-0.014182061751,0.000454845313,0.007428662752,0.016016328857,3
20.870000,-0.005643539088,0.004700428925,-0.004981929062,0.008874862405,3
20.880000,0.001439864909,0.000531893946,-0.002932245611,0.003309710931,3
20.890000,0.006213931549,-0.005426108049,0.002510472147,0.008623112214,3
20.900000,-0.014035353982,-0.016201873201,0.012166926193,0.024648041496,3
20.910000,-0.016332331881,0.004935821060,0.002160755567,0.017198146959,3
20.920000,-0.001472082624,0.020860338683,-0.016058329185,0.026366469112,3
20.930000,0.017058659297,0.008426497098,-0.016024549145,0.024875487647,3
20.940000,0.014553555432,-0.017437571960,0.002291475592,0.022828178902,3
20.950000,-0.007903462260,-0.009399606194,0.017500210544,0.021379304979,3
20.960000,-0.010638242735,0.018274082440,0.004333786287,0.021584624183,3
20.970000,0.001133709210,0.009626376875,-0.011856222672,0.015314125648,3
20.980000,0.023607509425,-0.003067520044,-0.012291879534,0.026792060073,3
20.990000,0.010691542700,-0.014303180232,0.009818044155,0.020378519109,3
21.000000,-0.006563052186,-0.006214673526,0.018383073270,0.020484950669,3
21.010000,-0.017569647013,0.022227187616,-0.002282356514,0.028424452795,3
21.020000,0.005771053128,0.012727289518,-0.018355710896,0.023069917104,3
21.030000,0.017731434657,-0.003976520045,-0.005464176564,0.018975608349,3
21.040000,0.000142115828,-0.009470418590,0.005753780354,0.011082193535,3
21.050000,-0.007711661423,-0.006443210510,0.008250950814,0.013002417964,3
21.060000,-0.008445806103,0.007119088913,-0.002805067517,0.011396555245,3
21.070000,0.002139154164,0.004491480475,-0.006628700554,0.008287885643,3
21.080000,0.005244727797,-0.005779897819,-0.002723736996,0.008266385648,3
21.090000,-0.003598048558,-0.010388200766,0.005856882718,0.012456473970,3
21.100000,-0.004556471587,0.000690863579,0.003232057969,0.005628936358,3
21.110000,-0.004132280566,0.005812743641,-0.002734637594,0.007638191807,3
21.120000,0.005149885891,0.004339842625,-0.008140336049,0.010565066478,3
21.130000,0.010411274628,-0.010020773810,0.000636192846,0.014464276285,3
21.140000,0.000589707889,-0.008953138591,0.010717242817,0.013977329489,3
21.150000,-0.009117243434,0.002999350487,0.004150113149,0.010456752379,3
21.160000,-0.004707582583,0.008365453706,-0.003780188835,0.010316587475,3
21.170000,0.007028751995,0.002602183186,-0.005653750407,0.009388269575,3
21.180000,0.005748250216,-0.006693353324,0.003094777540,0.009349920175,3
21.190000,-0.002738175100,-0.005016620551,0.007495025037,0.009425470011,3
21.200000,-0.006668671017,0.004249682571,0.000217261890,0.007910637005,3
21.210000,-0.002654019151,0.008654301076,-0.005404486467,0.010542732983,3
21.220000,0.005293545537,-0.002077320288,-0.006166570979,0.008388294318,3
21.230000,0.007508522969,-0.012538331820,0.005400745797,0.015580620564,3
21.240000,-0.010838766766,-0.005156668912,0.012254891992,0.017153788999,3
21.250000,-0.009663912500,0.003773769138,-0.000789967490,0.010404642567,3
21.260000,0.001009519541,0.008914164526,-0.010022554345,0.013451135807,3
21.270000,0.004111790255,-0.001822445539,-0.002500622642,0.005145992659,3
21.280000,0.002197057314,-0.005922121820,0.002014722763,0.006630059993,3
21.290000,-0.003223997970,-0.001384561300,0.006715234716,0.007576645049,3
21.300000,-0.006806311634,0.005455117573,-0.001779668020,0.008902325767,3
21.310000,0.005414519249,0.004051556379,-0.008246936616,0.010665087498,3
21.320000,0.008258908158,-0.003451186043,-0.001991521173,0.009169863993,3
21.330000,0.002440243798,-0.006479256464,0.006155932031,0.009264505022,3
21.340000,-0.001392019320,0.000581950950,0.003853160642,0.004138022671,3
21.350000,-0.004433869738,0.007332442213,-0.001676145492,0.008731172509,3
21.360000,0.010458538602,0.005227342888,-0.012083368528,0.016814099391,3
21.370000,0.005310121057,-0.002546539204,-0.001104327529,0.005991809981,3
21.380000,0.000734388777,-0.010004397232,0.010475047207,0.014503582483,3
21.390000,-0.011792172459,0.002733898914,0.005843050502,0.013441382881,3
21.400000,-0.007019968021,0.008732499870,-0.007920512244,0.013721188695,3
21.410000,0.007310323064,0.003421717141,-0.016956393666,0.018779463721,3
21.420000,0.009794487565,-0.017214876759,0.000204745797,0.019807218112,3
21.430000,-0.009967125094,-0.018132812962,0.019947336139,0.028740889123,3
21.440000,-0.025433431420,-0.000579975643,0.004104959417,0.025769099662,3
21.450000,-0.005916342208,0.016624508913,-0.013261920002,0.022073874238,3
21.460000,0.010691765469,0.001449922195,-0.016500608073,0.019715125919,3
21.470000,0.012394942383,-0.011788434325,0.003959281092,0.017557838343,3
21.480000,-0.002613363768,-0.011777433097,0.022323400562,0.025374629321,3
21.490000,-0.013984386089,0.014954034987,-0.001310661110,0.020515946218,3
21.500000,-0.000505874721,0.016900780810,-0.011481065199,0.020437885393,3
21.510000,0.020354399712,-0.001558064425,-0.018253428477,0.027384608881,3
21.520000,0.017955679985,-0.016945167041,0.014081690992,0.028422511341,3
21.530000,-0.010958108804,-0.010308746841,0.013392378598,0.020142150196,3
21.540000,-0.012316482836,0.010373468958,0.002060200267,0.016234193322,3
21.550000,0.002152066856,0.007617750112,-0.008050664549,0.011290469795,3
21.560000,0.003478413852,-0.001406342148,-0.002188019514,0.004343338641,3
21.570000,0.004642049196,-0.009013095351,0.006802425208,0.012208910568,3
21.580000,-0.006867334434,-0.001993021583,0.007082746160,0.010064676370,3
21.590000,-0.006108497060,0.007817942107,-0.002217831460,0.010166254546,3
21.600000,0.000612998956,0.003428134510,-0.007697800132,0.008448905302,3
21.610000,0.001949249833,-0.001861384972,-0.001254465464,0.002972879501,3
21.620000,-0.001242178444,-0.004061146866,0.002488448661,0.004922224893,3
21.630000,-0.011573998447,0.003078690137,0.008389068888,0.014622320261,3
21.640000,-0.005394831934,0.006169254519,-0.003873196221,0.009064522154,3
21.650000,0.002594809606,0.002664323988,-0.003769720095,0.005295512138,3
21.660000,0.006208357965,-0.004796351254,-0.001026066721,0.007912111406,3
21.670000,0.002509934960,-0.006058960101,0.007437374137,0.009915911711,3
21.680000,-0.003961410630,0.000300716146,0.004535515124,0.006029436277,3
21.690000,-0.002942702734,0.007411231531,-0.003734398551,0.008805202140,3
21.700000,0.007404105113,0.003108638168,-0.005947802820,0.009993035684,3
21.710000,0.009121050176,-0.007577292967,0.001692573208,0.011978051973,3
21.720000,-0.001249304138,-0.002756252872,0.005180572808,0.005999668770,3
21.730000,-0.007254504618,0.004064586947,0.002673287959,0.008734710804,3
21.740000,-0.001074705762,0.010636664259,-0.008925928990,0.013927161497,3
21.750000,0.005130563766,0.000446083702,-0.005298706565,0.007389043679,3
21.760000,0.005943202384,-0.011653562005,0.003910352198,0.013653498317,3
21.770000,-0.002812506432,-0.003573488048,0.003890737794,0.005984801570,3
21.780000,-0.011607697909,0.006858855949,0.002211080469,0.013662775432,3
21.790000,-0.000606784556,0.007901445675,-0.009645299442,0.012483302150,3
21.800000,0.008052560740,-0.003724709167,-0.009347669648,0.012887828394,3
21.810000,-0.001010567042,-0.009176694767,0.004935994431,0.010468859232,3
21.820000,-0.006369190841,-0.001838792059,0.006868930814,0.009546201272,3
21.830000,-0.006667928883,0.005704202959,-0.000070084872,0.008775199079,3
21.840000,0.001708934371,0.003646172508,-0.002871601950,0.004945819285,3
21.850000,0.007955978634,-0.002551354439,-0.002401717382,0.008693402779,3
21.860000,0.000938040084,-0.005985256936,0.002542069980,0.006570033453,3
21.870000,-0.006101811773,-0.001775859547,0.007054168414,0.009494581405,3
21.880000,-0.006039922749,0.010005024967,-0.005415109520,0.012880396054,3
21.890000,0.006076026405,0.001889169939,-0.006205992115,0.008888273064,3
21.900000,0.006567596017,-0.001534562238,-0.000302481444,0.006751273489,3
21.910000,0.000466440917,-0.005663170012,0.003674938057,0.006767143522,3
21.920000,-0.015074906780,0.002972505581,0.014040914390,0.020814319128,3
21.930000,-0.016784690956,0.021052962944,-0.017969135270,0.032370401937,3
21.940000,0.007016445546,0.013492355935,-0.017714989786,0.023347270502,3
21.950000,0.016730903333,-0.016949240311,-0.003014398556,0.024005967428,3
21.960000,-0.009748539747,-0.015257351807,0.015760469524,0.024004441485,3
21.970000,-0.029161781571,0.008203507272,0.004831999568,0.030676623931,3
21.980000,-0.012070689985,0.017575772332,-0.013324697073,0.025142730199,3
21.990000,0.017949300985,-0.002991499528,-0.014077715108,0.023006706368,3
22.000000,0.012524075262,-0.016403095115,0.000477399574,0.020643204714,3
22.010000,-0.011801086711,-0.015391621450,0.017952907826,0.026428669241,3
22.020000,-0.015515471449,0.010442500725,0.008480723805,0.020535295273,3
22.030000,-0.004150833212,0.017887811780,-0.014966675175,0.023689757120,3
22.040000,0.023062361620,0.002681566056,-0.010070811627,0.025307796563,3
22.050000,0.009213625813,-0.013908155481,0.007637891343,0.018348435183,3
22.060000,-0.004709013822,-0.002840134246,0.009490789928,0.010968877207,3
22.070000,-0.005218701624,0.007932336589,0.001284786227,0.009581622308,3
22.080000,0.000343279879,0.008114525647,-0.009127639123,0.012217903401,3
22.090000,0.011166564146,-0.008104105332,-0.000845730129,0.013823311380,3
22.100000,0.003999842826,-0.008444231683,0.007249283770,0.011826068937,3
22.110000,-0.010480053653,-0.006310095642,0.008246429593,0.014753048248,3
22.120000,-0.011440825969,0.009580397666,-0.003868731276,0.015415693302,3
22.130000,0.001041722627,0.002955021350,-0.004204425736,0.005243522955,3
22.140000,0.003748302194,-0.002590306313,-0.004401835955,0.006335267627,3
22.150000,-0.001718626782,-0.005601468889,0.004557730261,0.007423141981,3
22.160000,-0.011030664243,0.000795392127,0.007419059469,0.013317306247,3
22.170000,-0.003448083645,0.008403495065,-0.005066974750,0.010401069332,3
22.180000,0.004334040422,0.003299079341,-0.008572078605,0.010156198230,3
22.190000,0.004482638500,-0.004156959644,-0.000350583296,0.006123501453,3
22.200000,0.000801208994,-0.007297374884,0.009593295231,0.012079939132,3
22.210000,-0.008741378732,-0.000098966321,0.005021165125,0.010081348902,3
22.220000,-0.001280613643,0.003624902992,-0.003507749902,0.005204248493,3
22.230000,0.008754360600,0.003606924472,-0.008754446502,0.012895311831,3
22.240000,0.008336290604,-0.006980022107,0.001433180090,0.010966697535,3
22.250000,0.001004237791,-0.003382658830,0.008032820488,0.008773658261,3
22.260000,-0.011395981506,0.005864932176,0.004969478055,0.013746328093,3
22.270000,-0.002081677437,0.007074428782,-0.007607927332,0.010595351898,3
22.280000,0.008958061714,-0.001417771538,-0.009819368141,0.013367009257,3
22.290000,0.001309123018,-0.003364056011,0.002766685150,0.004548100993,3
22.300000,-0.007177022763,-0.004701672932,0.011241012333,0.014141277961,3
22.310000,-0.005253703402,0.004752472315,0.001806826470,0.007311088458,3
22.320000,0.000492633717,0.005578028039,-0.009987429292,0.011450145355,3
22.330000,0.007188308379,-0.000055572159,-0.004337072207,0.008395538157,3
22.340000,0.003662348248,-0.006867238105,0.002916237208,0.008311208897,3
22.350000,-0.006695452915,-0.000986639957,0.007763507089,0.010299251937,3
22.360000,-0.006231830749,0.005840158663,-0.001164156004,0.008619653525,3
22.370000,0.000303533829,0.003449105209,-0.005778221555,0.006736193574,3
22.380000,0.011044184170,-0.003309499198,-0.003452816045,0.012035311694,3
22.390000,0.003094334977,-0.006246285474,0.008690719943,0.011140897823,3
22.400000,-0.009020407270,-0.001047760390,0.007822810079,0.011985904500,3
22.410000,-0.003358580870,0.005256525486,-0.000743781202,0.006282064639,3
22.420000,0.004788168780,0.002966156544,-0.004077465491,0.006953443014,3
22.430000,0.017214659293,-0.010070364023,0.002043910353,0.020048299072,3
22.440000,0.003119909226,-0.014411945205,0.013677055397,0.020112181446,3
22.450000,-0.011697167004,0.003770034249,0.006290969386,0.013806272849,3
22.460000,-0.011135366829,0.017624426231,-0.014278691012,0.025268514231,3
22.470000,0.015074108104,0.008592937973,-0.016433122219,0.023898008788,3
22.480000,0.016787622719,-0.014388343943,0.004225262938,0.022510032538,3
22.490000,-0.002404594640,-0.015827481988,0.016401842325,0.022919679167,3
22.500000,-0.021411818222,0.010240022796,0.010683976882,0.026028280551,3
22.510000,-0.008436539965,0.019300332496,-0.010826791481,0.023683273735,3
22.520000,0.008065483645,-0.004920666370,-0.015533186179,0.018180892630,3
22.530000,0.010667312970,-0.016443791848,0.000688936808,0.019612865427,3
22.540000,-0.005182844350,-0.012283379502,0.017591113043,0.022072393293,3
22.550000,-0.020426104881,0.013089915831,0.009491230085,0.026051009684,3
22.560000,-0.001733247347,0.018239569204,-0.015709866585,0.024134745476,3
22.570000,0.007806208527,-0.001650512515,-0.005566243179,0.009728522306,3
22.580000,0.009703946673,-0.007533143993,0.005866581262,0.013613655466,3
22.590000,-0.006970606035,-0.005840979666,0.011176476086,0.014409025284,3
22.600000,-0.003434837014,0.003190626270,0.001395472490,0.004891374528,3
22.610000,0.002190385466,0.007132193146,-0.007966510202,0.010914726399,3
22.620000,0.007750579720,-0.001618628509,-0.003499518284,0.008656677911,3
22.630000,0.001692470900,-0.006717799297,0.005954736448,0.009135215997,3
22.640000,-0.008032724870,-0.001561330450,0.009514535385,0.012549454379,3
22.650000,-0.005103841869,0.009377250424,0.000178462774,0.010677728049,3
22.660000,0.007387868888,0.009091134230,-0.011630909745,0.016507797848,3
22.670000,0.007432455607,-0.003091244875,-0.001003974097,0.008112037674,3
22.680000,-0.000235028310,-0.005117249272,0.006225119198,0.008061860049,3
22.690000,-0.005440169813,0.000718846507,0.003198688355,0.006351676557,3
22.700000,-0.006924475890,0.008951184587,-0.003921566317,0.011977092896,3
22.710000,0.003072298580,0.003971271150,-0.009410158332,0.010665884536,3
22.720000,0.009883644179,-0.005246306118,-0.000383895083,0.011196317500,3
22.730000,-0.000367642887,-0.012754850915,0.010820173034,0.016730138303,3
22.740000,-0.004119892489,0.002137251307,0.002066634775,0.005080584274,3
22.750000,-0.003676497354,0.010689636831,-0.005577412204,0.012605256652,3
22.760000,0.004629573027,0.002859557635,-0.004445050754,0.007026271592,3
22.770000,0.008486026756,-0.006292006743,0.001472257307,0.010666280539,3
22.780000,-0.003236963044,-0.007477454288,0.005172404621,0.009651115062,3
22.790000,-0.006254729176,0.002131888377,0.003018845923,0.007264985604,3
22.800000,-0.000540275489,0.012634318716,-0.006734360814,0.014327230109,3
22.810000,0.011069268948,-0.000422891007,-0.008351441550,0.013872783709,3
22.820000,0.004422508715,-0.009016912038,0.003756024301,0.010722453291,3
22.830000,-0.003734680018,-0.003528223459,0.005603880963,0.007602609911,3
22.840000,-0.009631363843,0.005012146019,0.002860490398,0.011227964308,3
22.850000,0.001408291477,0.004432253092,-0.005569712410,0.007256021547,3
22.860000,0.010272968189,-0.002507349123,-0.006660448301,0.012497289571,3
22.870000,0.002440454226,-0.008016965419,0.003005351024,0.008902790918,3
22.880000,-0.007384918174,-0.003041465037,0.008053225535,0.011342044239,3
22.890000,-0.005916970131,0.004799717056,-0.000525995173,0.007637047222,3
22.900000,-0.001577421583,0.007321159240,-0.011176243073,0.013453476900,3
22.910000,0.007739507440,-0.003086603773,-0.004472207726,0.009456624144,3
22.920000,0.005707141424,-0.007594847482,0.005346286466,0.010901190324,3
22.930000,-0.009119973552,-0.002315578922,0.008889105994,0.012944188994,3
22.940000,-0.008326641468,0.019051937378,-0.001241317241,0.020829069698,3
22.950000,0.009627623136,0.009120622802,-0.014809490424,0.019879584859,3
22.960000,0.031759508602,-0.017722047034,-0.009876081015,0.037686526955,3
22.970000,0.006702010725,-0.016733270311,0.013805919536,0.022705124913,3
22.980000,-0.020104612546,0.005952163273,0.018032758288,0.027655091118,3
22.990000,-0.008330475758,0.020085754178,-0.011535859720,0.024615247444,3
23.000000,0.013699477300,0.013683861809,-0.018567282356,0.026826623462,3
23.010000,0.014357111415,-0.017164944089,0.003695314314,0.022680769424,3
23.020000,-0.001934676660,-0.018730970997,0.015079257026,0.024124183732,3
23.030000,-0.030638479381,0.009840520439,0.011444699159,0.034154551676,3
23.040000,-0.012677407160,0.009656317279,-0.011618759002,0.019721984597,3
23.050000,0.011367371332,0.003067052877,-0.007210156538,0.013806168971,3
23.060000,0.007930848202,-0.022961115994,0.002324041422,0.024403122124,3
23.070000,-0.012401823072,-0.019511242323,0.029857408118,0.037761867168,3
23.080000,-0.002800791780,0.000076312260,0.000392718476,0.002829220027,3
23.090000,-0.002082321276,0.011906145854,-0.011230033327,0.016498667205,3
23.100000,0.010217802187,0.000129570270,-0.005199799454,0.011465521547,3
23.110000,0.004284731606,-0.007458078411,0.004091952793,0.009525016335,3
23.120000,-0.004780994485,-0.003441109856,0.009650765799,0.011306477162,3
23.130000,-0.009743041942,0.006982700964,0.002222086541,0.012191088862,3
23.140000,0.003864735090,0.007208777381,-0.007451640613,0.011064790846,3
23.150000,0.010202608966,0.000215022732,-0.002103239922,0.010419360952,3
23.160000,0.011846184264,-0.008225972014,0.006618580782,0.015868342975,3
23.170000,-0.002464999773,0.000116836327,0.009309463272,0.009630990656,3
23.180000,-0.007144625383,0.007865749146,-0.001271404865,0.010701969530,3
23.190000,0.002119880679,0.004402019763,-0.004394379772,0.006571319934,3
23.200000,0.006912287365,-0.001979147407,-0.003994407605,0.008225085604,3
23.210000,0.002510108149,-0.009927193189,0.009195724159,0.013762672355,3
23.220000,-0.005859419332,-0.000046157905,0.003623690557,0.006889561576,3
23.230000,-0.008457205266,0.010967303691,-0.002736667635,0.014117203013,3
23.240000,0.003011641705,0.003767091412,-0.004588010343,0.006656635965,3
23.250000,0.009153455926,-0.011394036417,-0.002167438442,0.014775236400,3
23.260000,-0.002227259045,-0.009918363014,0.006796152707,0.012227931115,3
23.270000,-0.008399752234,0.001031183983,0.004231735490,0.009461858341,3
23.280000,-0.002202187129,0.006284504868,-0.003574142707,0.007557719608,3
23.290000,0.002700181484,0.001449180579,-0.003680155433,0.004789013302,3
23.300000,0.009849010500,-0.007228282418,0.004314645827,0.012956359179,3
23.310000,0.000119975967,-0.006933633425,0.008371361141,0.010870572849,3
23.320000,-0.005872581545,0.001061967219,0.005230362254,0.007935469595,3
23.330000,-0.001270976789,0.005672260529,-0.003938712845,0.007021636588,3
23.340000,0.009230235205,0.003417695872,-0.004721550266,0.010916543589,3
23.350000,0.007671878539,-0.009777474386,0.001518051863,0.012520431588,3
23.360000,-0.002020982292,-0.003976202199,0.008527558018,0.009623606346,3
23.370000,-0.007769748971,0.005825781846,0.003188050640,0.010221174105,3
23.380000,-0.002831768959,0.007767628857,-0.008449895229,0.011821831621,3
23.390000,0.011026870301,-0.003173484234,-0.009207293178,0.014711802014,3
23.400000,0.004861087544,-0.009517850179,0.004422191192,0.011566132417,3
23.410000,-0.007736173561,-0.004452024546,0.011961392709,0.014924604500,3
23.420000,-0.006697188146,0.003949445815,-0.000115567010,0.007775847673,3
23.430000,0.000531318551,0.006699917442,-0.006189416328,0.009136742724,3
23.440000,0.005211932483,-0.002866251499,-0.002796495066,0.006572672403,3
23.450000,0.002985013848,-0.022408671941,0.015600052673,0.027466716753,3
23.460000,-0.017026250493,-0.004323110115,0.016999051941,0.024444841047,3
23.470000,-0.023801066327,0.015599755211,-0.007165884048,0.029346090287,3
23.480000,0.010482348143,0.007779179300,-0.015728542774,0.020439723847,3
23.490000,0.019798366721,-0.009813993435,-0.000125048978,0.022097634018,3
23.500000,0.006786635259,-0.023297417212,0.021811285502,0.032627599393,3
23.510000,-0.014796893631,-0.001250859505,0.011161625615,0.018576721912,3
23.520000,-0.002134488589,0.020272576386,-0.003244612693,0.020641242850,3
23.530000,0.005918584271,0.005790904462,-0.020690778433,0.022286151000,3
23.540000,0.020915339147,-0.018378279567,-0.003281422682,0.028035340310,3
23.550000,0.001164631918,-0.018321478284,0.020582440365,0.027580242664,3
23.560000,-0.013860993368,0.006990128178,0.011720980464,0.019451745735,3
23.570000,-0.015097618551,0.017907142898,-0.017433901084,0.029198369128,3
23.580000,0.003044308825,0.000478117493,-0.007772555996,0.008361162555,3
23.590000,0.004424073497,-0.007120580914,0.000875782035,0.008428647165,3
23.600000,-0.009982136285,-0.010809509972,0.015615664443,0.021455477777,3
23.610000,-0.011297357468,0.005393030409,-0.000654241888,0.012535672906,3
23.620000,-0.007542019155,0.010990034566,-0.010657929620,0.017066176388,3
23.630000,0.005022078076,0.001550471577,-0.012680252893,0.013726399518,3
23.640000,0.009906109373,-0.015114904911,0.006922641354,0.019352372379,3
23.650000,-0.009828471294,-0.008866541971,0.028165208341,0.031120626205,3
23.660000,-0.023511032455,0.019882194615,0.009213491298,0.032139675352,3
23.670000,0.005891142123,0.019445034559,-0.039287888162,0.044230680311,3
23.680000,0.038216148794,-0.009655698557,-0.019083515706,0.043793688072,3
23.690000,0.023784314648,-0.037690177903,0.028018247803,0.052642809040,3
23.700000,-0.015975274748,-0.008833016202,0.027909135235,0.033348934137,3
23.710000,-0.037168199998,0.043870473769,0.008059530878,0.058060740590,3
23.720000,0.022991810162,0.027909586441,-0.050827239743,0.062377693527,3
23.730000,0.064514902730,-0.021772711783,-0.042715556096,0.080379365419,3
23.740000,0.005836167019,-0.044752402450,0.038552818359,0.059356197435,3
23.750000,-0.055989648165,-0.027885580814,0.050419696401,0.080340476126,3
23.760000,-0.065691761268,0.044640511612,-0.006544679244,0.079693259450,3
23.770000,0.018872615297,0.019202861098,-0.088596206515,0.092597047962,3
23.780000,0.033556464733,-0.031284954976,-0.018880238508,0.049610967934,3
23.790000,-0.009251547275,-0.041667410271,0.086845368942,0.096767155132,3
23.800000,-0.071947110776,0.006248113062,0.052195772446,0.089105691890,3
23.810000,-0.036773457297,0.060866750900,-0.031483634566,0.077770609952,3
23.820000,0.034813644262,0.005388367546,-0.046789123184,0.058568305251,3
23.830000,0.037607120608,-0.031929281718,-0.005818297083,0.049675216481,3
23.840000,-0.011630649644,-0.024528956286,0.033101479032,0.042809457153,3
23.850000,-0.032327237519,-0.005256941765,0.017489624591,0.037129135334,3
23.860000,-0.001402132243,0.033538831249,-0.022176626297,0.040232100744,3
23.870000,0.022962848492,0.008339295925,-0.017587745158,0.030102575424,3
23.880000,0.026646344991,-0.018476219924,0.011788949081,0.034501851030,3
23.890000,-0.008310802069,-0.011666404241,0.019125728731,0.023894934996,3
23.900000,-0.018269239634,0.011936038799,0.004292394558,0.022240926016,3
23.910000,-0.003739452336,0.011821524216,-0.010085105665,0.015982530927,3
23.920000,0.013467616753,-0.002910765384,-0.007426839944,0.015652706082,3
23.930000,0.002689106533,-0.015965889090,0.009202323642,0.018623202432,3
23.940000,-0.005279210912,-0.003851166185,0.007430912275,0.009895453808,3
23.950000,-0.022756958305,0.017869369708,-0.001581874452,0.028977505963,3
23.960000,-0.006296650373,0.009434522605,-0.018243759418,0.021482383025,3
23.970000,0.012506170807,-0.007500499819,-0.014357026720,0.020464262068,3
23.980000,-0.000240255065,-0.019170813123,0.010030354796,0.021637601892,3
23.990000,-0.013991198168,-0.006739120244,0.013484277150,0.020566844632,3
24.000000,-0.007903441972,0.013239592511,-0.005347544462,0.016320154307,3
24.010000,0.007456905418,0.016154782817,-0.021067769670,0.027575956287,3
24.020000,0.019214923065,-0.006875947332,-0.005091500142,0.021033670478,3
24.030000,0.007844537258,-0.019646280480,0.025696719661,0.033284147921,3
24.040000,-0.009377552159,-0.002057471662,0.010848557617,0.014486644764,3
24.050000,-0.008989835367,0.020365018169,-0.009240312674,0.024102582502,3
24.060000,0.018202963180,0.015130601749,-0.015305399527,0.028187554567,3
24.070000,0.019264596558,-0.010997522976,0.000749865370,0.022195325865,3
24.080000,0.001101221180,-0.010893976389,0.017443646189,0.020595441292,3
24.090000,-0.004260444005,0.002767771622,0.005960799211,0.007832181695,3
24.100000,-0.005221600528,0.012551294309,-0.007783056011,0.015664484089,3
24.110000,0.004410769649,0.002791617223,-0.007205890478,0.008897913980,3
24.120000,0.005195530588,-0.005411912125,0.001351353618,0.007622892334,3
24.130000,-0.002559115606,-0.007736033501,0.012423395732,0.014857188446,3
24.140000,-0.014633265162,0.003082992451,-0.000416621651,0.014960309668,3
24.150000,-0.005946755690,0.009379529640,-0.008165755119,0.013784739249,3
24.160000,0.003407001533,0.000576182507,-0.004860100059,0.005963238911,3
24.170000,0.005139931928,-0.007468577003,0.001014017300,0.009122870917,3
24.180000,-0.009587996804,-0.003825641993,0.007357416378,0.012676623965,3
24.190000,-0.007325068968,0.004978497186,0.002473633033,0.009195701713,3
24.200000,0.000284238918,0.002699197062,-0.004198601114,0.004999470758,3
24.210000,0.008695426122,0.000333496666,-0.004535901600,0.009813055528,3
24.220000,0.005474631243,-0.009351507172,0.003753645599,0.011467873775,3
24.230000,-0.004298019696,-0.000265740531,0.004551150679,0.006265505873,3
24.240000,-0.001686307276,0.002140261773,-0.000422938578,0.002757395461,3
24.250000,0.001745954692,0.004649586755,-0.007899494323,0.009331078466,3
24.260000,0.014973897787,-0.007568530204,-0.005537506040,0.017668170180,3
24.270000,0.006110928798,-0.005379617763,0.004915134329,0.009510114801,3
24.280000,-0.004855679975,0.000431492724,0.005686695450,0.007490148138,3
24.290000,-0.003348184872,0.002614922851,-0.003114739676,0.005267804733,3
24.300000,0.006708615808,0.005740072363,-0.011584474462,0.014565507384,3
24.310000,0.008993015649,-0.004937418258,0.000203006383,0.010261268981,3
24.320000,-0.004231555066,-0.008080524244,0.006186580149,0.011021556345,3
24.330000,-0.005693708010,0.000031609723,0.003157755729,0.006510816487,3
24.340000,-0.008784999657,0.008690625252,-0.006122345742,0.013790805039,3
24.350000,0.001905537952,0.002730132737,-0.006973028021,0.007727083501,3
24.360000,0.008121701600,-0.007774029912,0.000813332013,0.011272048922,3
24.370000,-0.003027866561,-0.005940982147,0.005284321922,0.008508072811,3
24.380000,-0.005520481801,0.001696397794,0.001807126762,0.006051379341,3
24.390000,-0.001761337220,0.005915123211,-0.002362307161,0.006608440552,3
24.400000,0.009511171877,0.002686685394,-0.006903099680,0.012055432554,3
24.410000,0.004636830112,-0.004419162712,0.000497914442,0.006424726558,3
24.420000,0.002029188391,-0.006871833413,0.009228965685,0.011683899503,3
24.430000,-0.002754526895,0.003744970104,0.003671537392,0.005923884394,3
24.440000,0.000051565168,0.007329080824,-0.004050355744,0.008373975540,3
24.450000,0.007498286762,-0.001180911921,-0.005430995168,0.009333518407,3
24.460000,0.010521203131,-0.017395805676,0.009914276701,0.022618635082,3
24.470000,-0.006224649163,-0.009441911935,0.012267982955,0.016685303832,3
24.480000,-0.022949767964,0.015518330720,0.001669966552,0.027754265009,3
24.490000,-0.003657036928,0.014860210325,-0.016345350364,0.022391298500,3
24.500000,0.009629909209,-0.004096761527,-0.012521226057,0.016318691992,3
24.510000,0.000470860714,-0.021145528723,0.011108203918,0.023890317894,3
24.520000,-0.018675338987,-0.006499796022,0.013166437667,0.023756487860,3
24.530000,-0.018084571136,0.014483776341,-0.004831360682,0.023667985472,3
24.540000,-0.000599564430,0.017342065507,-0.017475187411,0.024626995119,3
24.550000,0.013916555602,-0.011511771647,-0.006795342834,0.019296841464,3
24.560000,0.003780852792,-0.007966389419,0.018461336121,0.020459206719,3
24.570000,-0.016489305359,-0.003136870165,0.013490396038,0.021534343057,3
24.580000,-0.010010714640,0.014563332912,-0.005238636646,0.018432264837,3
24.590000,0.007970778880,0.007873030599,-0.015577638281,0.019188036408,3
24.600000,0.010213432505,-0.005479552037,0.001334061470,0.011667022502,3
24.610000,0.000699329272,-0.005745006657,0.005399897254,0.007915368170,3
24.620000,-0.006688405709,0.001783679252,0.004327108778,0.008163342022,3
24.630000,-0.001472162159,0.004311037399,-0.002855249566,0.005376314254,3
24.640000,0.005275531345,0.003045437342,-0.006042384398,0.008579995850,3
24.650000,0.010171712052,-0.006101519970,-0.000715696229,0.011882949680,3
24.660000,-0.003281294312,-0.005026262728,0.009889541205,0.011568631493,3
24.670000,-0.008648636681,0.003110308557,0.000950358078,0.009239919709,3
24.680000,-0.002556893139,0.011284258462,-0.008492527381,0.014352533326,3
24.690000,0.005488283223,0.000095713089,-0.006173280292,0.008260738665,3
24.700000,0.005471688967,-0.007815014842,0.001531961229,0.009662336278,3
24.710000,-0.003203532310,-0.003282497943,0.004507678003,0.006430907634,3
24.720000,-0.011001497205,0.007015026652,0.004117397454,0.013681977251,3
24.730000,-0.000817780134,0.007346348669,-0.007154767221,0.010287288131,3
24.740000,0.004267725801,0.000118305814,-0.002633388351,0.005016195170,3
24.750000,0.004991900082,-0.015021756553,0.009230011408,0.018323900975,3
24.760000,-0.004158832939,-0.002959399222,0.006376765353,0.008168051882,3
24.770000,-0.010106063497,0.007879913625,0.001499899922,0.012902529129,3
24.780000,0.001568663936,0.005091451775,-0.004786874382,0.007162245044,3
24.790000,0.005720310213,-0.001013629693,-0.002483273412,0.006317914286,3
24.800000,0.004373410766,-0.003777707341,0.003396999543,0.006703536409,3
24.810000,-0.004468458876,-0.001302966243,0.005746465026,0.007395046048,3
24.820000,-0.005445223466,0.005828458189,-0.001799452999,0.008176760639,3
24.830000,0.003278056985,0.007092158946,-0.008533712572,0.011570161035,3
24.840000,0.008961248997,-0.007195528027,0.000476450113,0.011502461123,3
24.850000,0.001992175757,-0.006559230788,0.006538470136,0.009473323836,3
24.860000,-0.007656983728,-0.000070076716,0.003505040032,0.008421378520,3
24.870000,-0.005243026214,0.005218367645,-0.003350382742,0.008120698817,3
24.880000,0.002558756448,0.001909472421,-0.006943190028,0.007642068258,3
24.890000,0.005918668646,-0.008893646841,-0.001246292985,0.010755502726,3
24.900000,-0.002001785533,-0.005606837935,0.009116765235,0.010888488660,3
24.910000,-0.006621933054,0.002012808063,0.003560997100,0.007783450007,3
24.920000,-0.002712501853,0.007887775367,-0.005772696435,0.010143899185,3
24.930000,0.004147553789,0.001446011979,-0.004697328011,0.006431021965,3
24.940000,0.007420720764,-0.006478432052,0.000812512728,0.009884197258,3
24.950000,-0.001266355093,-0.003058780931,0.006695115520,0.007468893347,3
24.960000,-0.006366557069,0.006311225470,0.002031589686,0.009191951506,3
24.970000,-0.003981401840,0.011138816660,-0.013929536572,0.018274484570,3
24.980000,0.019925361402,0.000826677276,-0.016412189930,0.025827570552,3
24.990000,0.014898893707,-0.012475019368,0.007804450859,0.020940692326,3
25.000000,-0.006256247354,-0.013603899365,0.023523719189,0.027884979350,3
25.010000,-0.018318211269,0.016390699954,0.001766918830,0.024644145577,3
25.020000,-0.001686516480,0.014718088247,-0.014114765730,0.020461990888,3
25.030000,0.011234572027,-0.001488359325,-0.009811494868,0.014989871702,3
25.040000,0.010338959489,-0.021029774471,0.014934438107,0.027788179847,3
25.050000,-0.011750307506,-0.004214256520,0.010673907849,0.016424432814,3
25.060000,-0.024083510082,0.012767356688,0.001921195294,0.027326028728,3
25.070000,0.004579205693,0.008902000868,-0.014631717566,0.017728561791,3
25.080000,0.009776967884,-0.012975992754,-0.003505125631,0.016620812093,3
25.090000,-0.003743873615,-0.017422213293,0.012838611027,0.021963151841,3
25.100000,-0.017264341657,-0.004753223464,0.017634498231,0.025132173683,3
25.110000,-0.006252764397,0.008596803077,-0.001540868559,0.010741338914,3
25.120000,0.002811166307,0.004174098166,-0.005101036467,0.007165634971,3
25.130000,0.009704961268,-0.007102675848,-0.000504594908,0.012036980246,3
25.140000,0.002677026293,-0.008829355217,0.006742998302,0.011427686093,3
25.150000,-0.007311506544,-0.000533353097,0.006131968418,0.009557386156,3
25.160000,-0.003923516080,0.009861452995,-0.007753927451,0.013144033799,3
25.170000,0.005843495211,0.000349377229,-0.004491071541,0.007378226366,3
25.180000,0.004801382683,-0.003343545967,0.001068525894,0.005947631704,3
25.190000,0.000274410938,-0.001516521919,0.002386983957,0.002841273043,3
25.200000,-0.006425895920,0.000728464807,0.000666098390,0.006501268062,3
25.210000,-0.006894697532,0.008349127099,-0.009341348274,0.014300544219,3
25.220000,0.004974754381,-0.000151267321,-0.009991818763,0.011162773183,3
25.230000,0.004967018751,-0.010280914379,0.004481201284,0.012265791483,3
25.240000,-0.004782363912,-0.004294479098,0.009812815932,0.011730512002,3
25.250000,-0.011347678852,0.004182243370,-0.000409065078,0.012100756553,3
25.260000,-0.006195492922,0.009085602660,-0.010848506464,0.015447407574,3
25.270000,0.009476512077,-0.001994575922,-0.008691078993,0.013012204591,3
25.280000,0.003279492345,-0.011805126128,0.003712239942,0.012802218492,3
25.290000,-0.005659152016,-0.003256430304,0.009499141241,0.011526665787,3
25.300000,-0.003310412323,0.005216525584,-0.000724067490,0.006220550027,3
25.310000,0.001062900329,0.002897847324,-0.005028150135,0.005899963560,3
25.320000,0.005401544261,-0.002702638444,-0.003126412621,0.006801131585,3
25.330000,0.001525974132,-0.003205032571,0.004459445753,0.005699779580,3
25.340000,-0.003837585487,-0.002087595149,0.005545265300,0.007059396796,3
25.350000,-0.006632245766,0.011481415255,-0.003226277058,0.013646187886,3
25.360000,0.007253192363,0.015450541342,-0.018722155766,0.025334702361,3
25.370000,0.029158368124,-0.006967183509,-0.010133264108,0.031645459693,3
25.380000,0.003153694879,-0.030692312915,0.026671877489,0.040784223816,3
25.390000,-0.052996994696,-0.001561914352,0.048028615106,0.071539282162,3
25.400000,-0.040533135210,0.038933724833,-0.025549159316,0.061737585968,3
25.410000,0.040827311760,0.019942830119,-0.074762927220,0.087487605667,3
25.420000,0.051103461923,-0.045190148742,-0.000612079939,0.068220876612,3
25.430000,-0.021804415577,-0.052315609087,0.058852967796,0.081706959993,3
25.440000,-0.043054073771,0.001796420398,0.025049931994,0.049843550109,3
25.450000,-0.018222555361,0.031932146439,-0.023239250947,0.043494669612,3
25.460000,0.015120269830,-0.001559933924,-0.016762953905,0.022628578771,3
25.470000,0.008464090137,-0.007973998755,0.006218303958,0.013186841248,3
25.480000,-0.003667435005,-0.014353983680,0.019120654396,0.024188558278,3
25.490000,-0.022993019718,0.010444745103,0.011597804619,0.027789939331,3
25.500000,-0.000244852572,0.020167471906,-0.014839371693,0.025039844810,3
25.510000,0.024923752061,-0.002978448494,-0.016105865217,0.029823874105,3
25.520000,0.018182019546,-0.019746690102,0.005547760699,0.027409765660,3
25.530000,-0.003734667841,-0.012640350959,0.026852117207,0.029912579541,3
25.540000,-0.026424682186,0.015137600434,0.009382393120,0.031865970504,3
25.550000,-0.006964485850,0.025671664182,-0.027615245867,0.038342407453,3
25.560000,0.025395718856,-0.004193380210,-0.019975779229,0.032581570398,3
25.570000,0.014452639948,-0.027041858445,0.016528144274,0.034832749860,3
25.580000,-0.033943400575,-0.014437874278,0.024674409254,0.044378295689,3
25.590000,-0.043911036650,0.023008299240,-0.003269282928,0.049681477278,3
25.600000,-0.007838336568,0.009647059311,-0.034813566658,0.036966061420,3
25.610000,0.030529056114,-0.017863459036,-0.018140278168,0.039751680819,3
25.620000,0.002442788347,-0.039786695569,0.029523537952,0.049604310825,3
25.630000,-0.022269987253,-0.004191123315,0.030921049074,0.038335742105,3
25.640000,-0.056800220608,0.035732023429,-0.006700248319,0.067438385857,3
25.650000,0.018550609375,0.042690241474,-0.044838320051,0.064630153723,3
25.660000,0.058412258650,-0.022279350853,-0.005026536656,0.062718637627,3
25.670000,0.021656002528,-0.054592999336,0.057018811900,0.081856721975,3
25.680000,-0.049018472489,0.003678661115,0.033150601607,0.059290012478,3
25.690000,-0.023201884911,0.083344495923,-0.034696719703,0.093212095901,3
25.700000,0.053716354216,0.021170559496,-0.074082645973,0.093924851525,3
25.710000,0.061012685240,-0.057229704949,0.006985569815,0.083943940069,3
25.720000,0.000523803428,-0.054000940720,0.029403600658,0.061489411286,3
25.730000,-0.046451063837,0.025455436728,0.060836009440,0.080664122354,3
25.740000,-0.027828348822,0.088841265238,-0.059484186104,0.110478757251,3
25.750000,0.064004839013,0.011955092238,-0.059755120152,0.088375437945,3
25.760000,0.041621371955,-0.071392999642,0.048205328724,0.095671587834,3
25.770000,-0.007591448258,-0.054680129707,0.079610362084,0.096878049229,3
25.780000,-0.100765963558,0.022945082338,0.013261947063,0.104192780245,3
25.790000,-0.026624517742,0.066097257411,-0.087610307820,0.112930414054,3
25.800000,0.030735680140,-0.004418807947,-0.066466131064,0.073361805294,3
25.810000,0.005297346952,-0.066851149537,0.042946563746,0.079633820810,3
25.820000,-0.045013058312,-0.036624626373,0.068434751343,0.089726550513,3
25.830000,-0.080106398095,0.043738462228,0.015250541420,0.092534680566,3
25.840000,-0.012373399150,0.060076648015,-0.049739657727,0.078970489387,3
25.850000,0.061242777143,-0.011567797741,-0.015180019409,0.064147678726,3
25.860000,0.041461654183,-0.083049218072,0.043702895056,0.102597195022,3
25.870000,-0.019310177419,-0.012780366423,0.054044488254,0.058796491634,3
25.880000,-0.024426315767,0.040676466381,-0.002636377449,0.047520209441,3
25.890000,0.048439968742,0.026616735495,-0.037898323353,0.067016148003,3
25.900000,0.052145060614,-0.017003955753,-0.008705700667,0.055534053353,3
25.910000,0.023210199580,-0.035338347473,0.050644301341,0.065972398964,3
25.920000,-0.023816755160,-0.005572607238,0.030827897402,0.039352903782,3
25.930000,-0.026765158511,0.033781031093,-0.013487600084,0.045160238350,3
25.940000,0.016466307419,0.008340252813,-0.034640665950,0.039251430986,3
25.950000,0.024676257476,-0.023974197384,-0.001870841120,0.034455476628,3
25.960000,-0.007092990860,-0.028962271605,0.017358872702,0.034502958675,3
25.970000,-0.022415664142,0.012425846277,0.014719325025,0.029555408707,3
25.980000,-0.008519697055,0.016931422655,-0.015070822935,0.024215449923,3
25.990000,0.010107820488,0.013587431419,-0.021419512730,0.027305344773,3
26.000000,0.026999286622,-0.025811871754,-0.002930441020,0.037467341594,3
26.010000,-0.010085648544,-0.017520174611,0.018505300138,0.027406622523,3
26.020000,-0.025141528643,0.017085453438,0.019310420895,0.036012519168,3
26.030000,-0.005708701754,0.026100312573,-0.022547213067,0.034959868552,3
26.040000,0.021545628406,0.002576946709,-0.014521209547,0.026109773734,3
26.050000,0.021834878064,-0.014004889174,0.006220266012,0.026675654258,3
26.060000,-0.008948246957,-0.011885344057,0.022490536815,0.026965844566,3
26.070000,-0.018421877773,0.018313385282,0.001799901909,0.026038151010,3
26.080000,0.003476035065,0.012684342589,-0.016858394993,0.021381787775,3
26.090000,0.018873521076,-0.001475466569,-0.010210488566,0.021509088222,3
26.100000,0.012212490582,-0.018682566714,0.012980369740,0.025820015954,3
26.110000,-0.016987235683,-0.007841188517,0.019313800265,0.026890022206,3
26.120000,-0.019173619999,0.014076980917,-0.002304353699,0.023897680674,3
26.130000,0.000214745269,0.009459471245,-0.007776873914,0.012247754065,3
26.140000,0.006588262344,-0.002833960182,-0.004372068327,0.008399494776,3
26.150000,-0.000137927274,-0.013439534185,0.012967731327,0.018676245843,3
26.160000,-0.007701657685,-0.000584931635,0.007883011814,0.011036283405,3
26.170000,-0.015356719154,0.008197306789,-0.002079058729,0.017531319031,3
26.180000,0.001562561774,0.005011803685,-0.007323305013,0.009010581101,3
26.190000,0.009541570143,-0.007363972557,-0.003665995043,0.012597982864,3
26.200000,0.000908388533,-0.007682538077,0.005466418182,0.009472501717,3
26.210000,-0.007342951653,0.002153872825,0.007895471678,0.010995298093,3
26.220000,-0.006176925424,0.008878510707,-0.004020271238,0.011538844868,3
26.230000,0.003343322787,0.003655458008,-0.007485602754,0.008976326036,3
26.240000,0.011059633532,-0.006401244831,-0.001209525174,0.012835668288,3
26.250000,0.001245525013,-0.005505310105,0.007432892889,0.009333148912,3
26.260000,-0.005274260324,0.002515535491,0.002636485932,0.006410678500,3
26.270000,0.000626028732,0.007511282485,-0.004766594181,0.008918054532,3
26.280000,0.006163981065,0.003405559312,-0.004023360125,0.008110482322,3
26.290000,0.006799514157,-0.004295688164,0.001639514777,0.008208187271,3
26.300000,-0.004597161908,-0.005620912352,0.005429573289,0.009066907928,3
26.310000,-0.010136594883,0.004784029409,0.002673966558,0.011523349789,3
26.320000,-0.006276017589,0.011400584496,-0.013151381854,0.018501907153,3
26.330000,0.002194420667,0.000981736850,-0.004770493175,0.005341993489,3
26.340000,0.001107695838,-0.007756413917,0.001055754997,0.007905919651,3
26.350000,-0.008079614693,-0.004571211374,0.008881196957,0.012847248981,3
26.360000,-0.007001109149,0.006680678987,-0.001476844407,0.009789181296,3
26.370000,-0.000217920364,0.004201244386,-0.004649763832,0.006270426410,3
26.380000,0.007525645418,-0.002522297074,-0.005752930036,0.009802730512,3
26.390000,0.001042874864,-0.010689894088,0.007377795799,0.013030475603,3
26.400000,-0.006613142377,-0.002838901304,0.008945830019,0.011481327774,3
26.410000,-0.004178426044,0.007545172906,0.000506458344,0.008639755693,3
26.420000,0.002969994295,0.009809701478,-0.009949412850,0.014284324459,3
26.430000,0.008353541333,-0.002358157147,0.000182147530,0.008681920044,3
26.440000,0.002978932000,-0.008455587367,0.006828885364,0.011269634816,3
26.450000,-0.006219762633,0.000100691693,0.004823093687,0.007871328905,3
26.460000,-0.004866858517,0.010289267966,-0.004549309100,0.012257714321,3
26.470000,0.003951236726,0.004856107781,-0.007375731588,0.009674475227,3
26.480000,0.008179303231,-0.006471165173,-0.002155878332,0.010650107578,3
26.490000,0.001727842567,-0.017162237783,0.028768341207,0.033543185619,3
26.500000,-0.024437125290,-0.002096852152,0.014043671908,0.028262954588,3
26.510000,-0.012450514958,0.020498683600,-0.015979676363,0.028819462325,3
26.520000,0.002175235139,0.003871505938,-0.018808036791,0.019325176689,3
26.530000,0.012394582431,-0.014169448562,-0.005096253162,0.019503095715,3
26.540000,-0.005851760726,-0.015348881365,0.019356532273,0.025387134624,3
26.550000,-0.014930696814,0.005492815211,0.002834892753,0.016159620763,3
26.560000,-0.009082887535,0.019724934424,-0.009526566012,0.023713442264,3
26.570000,0.012465291353,0.005415146262,-0.009339191848,0.016490233531,3
26.580000,0.015917605544,-0.020550767190,0.017650398300,0.031420387625,3
26.590000,-0.000539996180,-0.007086584995,0.023988455637,0.025019138407,3
26.600000,-0.012620980592,0.010957138775,0.004045791824,0.017196408716,3
26.610000,0.001678891736,0.020940549537,-0.019011830658,0.028333284267,3
26.620000,0.015984761854,-0.001366836961,-0.004952383124,0.016790084973,3
26.630000,0.009059614460,-0.014046350761,0.006079910618,0.017786002839,3
26.640000,-0.004370954024,-0.002195139000,0.006542294512,0.008168567303,3
26.650000,-0.007093427277,0.005503044153,-0.003091780714,0.009495225825,3
26.660000,0.001287260861,0.004966227729,-0.005536799663,0.007548285162,3
26.670000,0.008004858739,-0.003666848565,-0.004507848265,0.009891624629,3
26.680000,-0.000081498329,-0.009827814664,0.006074125157,0.011553682507,3
26.690000,-0.005421442153,-0.000506423725,0.006065360997,0.008150895903,3
26.700000,-0.010967183486,0.007439654581,-0.002800438835,0.013545110984,3
26.710000,0.001832785429,0.009436537163,-0.013042056878,0.016201931480,3
26.720000,0.003645936132,-0.002241266761,-0.002094940202,0.004764966047,3
26.730000,-0.002528796706,-0.009237751480,0.007981788207,0.012467550207,3
26.740000,-0.008771056435,0.000285866172,0.006409629090,0.010867221150,3
26.750000,-0.004986406273,0.008702339959,-0.002285053508,0.010286711711,3
26.760000,0.002131611476,0.002132108139,-0.003985154824,0.004997110322,3
26.770000,0.008510034240,-0.004734786319,0.000416223483,0.009747416388,3
26.780000,-0.000159594400,-0.004841766205,0.005438491180,0.007283224332,3
26.790000,-0.005779060917,0.003101813112,0.003410987861,0.007392809199,3
26.800000,-0.002404768682,0.008290076362,-0.005940904885,0.010478674981,3
26.810000,0.009878564701,0.003399596015,-0.007644125534,0.012945112931,3
26.820000,0.004220696630,-0.003706751194,-0.000023121175,0.005617367626,3
26.830000,-0.001679838098,-0.003864626886,0.005693886320,0.007083610550,3
26.840000,-0.007318459612,0.002521339392,0.002107934680,0.008022492882,3
26.850000,-0.005110525669,0.007392945075,-0.008031900232,0.012053403288,3
26.860000,0.002831781642,0.001352460279,-0.006149848571,0.006904257637,3
26.870000,0.002793980958,-0.006426029055,0.003289986877,0.007741071803,3
26.880000,-0.002107873600,-0.002670598726,0.003067502108,0.004580916704,3
26.890000,-0.007623930357,0.003311874799,0.000570418463,0.008331758878,3
26.900000,-0.004733680337,0.007186682911,-0.015583358359,0.017801606628,3
26.910000,0.003273670349,-0.001337248656,-0.002261705046,0.004197673312,3
26.920000,0.006810403191,-0.009688409623,0.008942212018,0.014839475342,3
26.930000,-0.004289171844,-0.002003486574,0.005051851596,0.006923305433,3
26.940000,-0.004911951040,0.005717755110,-0.000801144980,0.007580357497,3
26.950000,0.002208986235,0.005609218774,-0.011126860675,0.012655037887,3
26.960000,0.003842925879,-0.000498174836,-0.002929640638,0.004857885522,3
26.970000,0.004313444279,-0.006607373675,0.006992040010,0.010542855967,3
26.980000,-0.004015450447,-0.001023354230,0.004853631055,0.006381914336,3
26.990000,-0.004002878088,0.010981676017,-0.000157601992,0.011689528627,3
27.000000,0.008325622050,0.011909509850,-0.016978317272,0.022347609822,3
27.010000,0.019909125978,-0.011397043928,0.005104394880,0.023501505369,3
27.020000,-0.001503611100,-0.019410694154,0.013309112185,0.023583222024,3
27.030000,-0.020586196297,0.004876114674,0.008843206557,0.022929681081,3
27.040000,-0.021012905897,0.019071201169,-0.011341069177,0.030559332099,3
27.050000,0.013148593052,0.005673297138,-0.017426067023,0.022555256850,3
27.060000,0.010961802367,-0.018143781090,0.003939632790,0.021561043804,3
27.070000,-0.009154095409,-0.015910024721,0.017341744034,0.025251978844,3
27.080000,-0.019518410345,0.008551048287,0.003854159186,0.021655098989,3
27.090000,-0.005698575712,0.013206552052,-0.013167410670,0.019500448354,3
27.100000,0.006917108775,0.006778050744,-0.015679620021,0.018429293250,3
27.110000,0.011878948286,-0.019100826108,-0.004736471088,0.022986629348,3
27.120000,-0.009163989819,-0.012313901409,0.013902511729,0.020709676716,3
27.130000,-0.018185789836,0.010087798055,0.003981404257,0.021173998239,3
27.140000,0.000603159747,0.003299413760,-0.006536841293,0.007347123718,3
27.150000,0.004604932161,-0.000128613338,-0.003489719039,0.005779280281,3
27.160000,0.009316697695,-0.013018276236,0.005248859407,0.016847162882,3
27.170000,-0.002674961651,-0.003178296717,0.007614506249,0.008673966524,3
27.180000,-0.005847099471,0.003303993003,0.002532605553,0.007177676008,3
27.190000,0.002315625172,0.002989545519,-0.003693968533,0.005286294153,3
27.200000,0.013007654712,-0.001371439390,-0.004787090009,0.013928250351,3
27.210000,0.002868834842,-0.007696783313,0.004996235934,0.009614211368,3
27.220000,-0.011300316519,-0.001926026826,0.008430527687,0.014229565343,3
27.230000,-0.008544713949,0.004883623874,-0.003400761243,0.010412833220,3
27.240000,0.000921477742,0.003764420473,-0.007366884424,0.008324119704,3
27.250000,0.006714828600,-0.003128531344,-0.002674791022,0.007875984923,3
27.260000,0.000090519729,-0.006033973384,0.006921076555,0.009182501255,3
27.270000,-0.008979501836,0.001317647773,0.004341637781,0.010060689216,3
27.280000,-0.005133795544,0.007571598824,-0.002683798679,0.009533506217,3
27.290000,0.005540497957,0.005528231921,-0.009525131701,0.012328284540,3
27.300000,0.016006596375,-0.007128484128,-0.003783659373,0.017926028331,3
27.310000,0.001940352710,-0.004219408035,0.007740709043,0.009027012201,3
27.320000,-0.007488564272,0.000729882741,0.005399879554,0.009261210659,3
27.330000,-0.002586142212,0.007632748082,-0.004975187039,0.009470979933,3
27.340000,0.010784131642,0.000376926530,-0.005852423476,0.012275603017,3
27.350000,0.010746045157,-0.008703151581,-0.000470579296,0.013836321001,3
27.360000,-0.001390173083,-0.009823349258,0.009124145945,0.013478902443,3
27.370000,-0.008328263912,0.003397101743,0.005684702714,0.010640306621,3
27.380000,-0.004273096944,0.007183667707,-0.005419850363,0.009961888234,3
27.390000,0.010922934363,0.002575603453,-0.006714214552,0.013077649074,3
27.400000,0.005312217135,-0.008370737199,0.005480926768,0.011328258930,3
27.410000,-0.003684354318,-0.003842615946,0.007333369117,0.009061924004,3
27.420000,-0.006310835383,0.001849477028,0.001629625690,0.006775167038,3
27.430000,-0.000711170969,0.008258111072,-0.006744349197,0.010685897656,3
27.440000,0.003893176800,-0.000392858005,-0.004671219448,0.006093558414,3
27.450000,0.003909506793,-0.007057401890,0.003239762298,0.008694091359,3
27.460000,-0.006382395102,-0.001955323671,0.009139229041,0.011317409834,3
27.470000,-0.006811787062,0.005318796247,-0.004543230662,0.009763758567,3
27.480000,0.001766139551,0.009215199603,-0.008193054098,0.012456535958,3
27.490000,0.003951009384,-0.001604578384,-0.001485326602,0.004515677364,3
27.500000,0.004783472524,-0.007089302352,0.008741612471,0.012229292940,3
27.510000,-0.011577866253,-0.005654024607,0.019176248569,0.023102889222,3
27.520000,-0.010111970405,0.018597366359,-0.012006916298,0.024336803816,3
27.530000,0.015284239063,0.010750595407,-0.017638709792,0.025696446222,3
27.540000,0.017456772059,-0.003992198252,-0.003983214585,0.018345095694,3
27.550000,-0.002672205514,-0.018521819604,0.012591736913,0.022555494280,3
27.560000,-0.024155517030,0.005357322582,0.008244336002,0.026079857828,3
27.570000,-0.012207392222,0.015472842394,-0.003349050768,0.019991133476,3
27.580000,0.009091636338,0.010480457028,-0.012080967049,0.018396945280,3
27.590000,0.005164748583,-0.011453515723,-0.002898643794,0.012894176445,3
27.600000,-0.007920762500,-0.010361900365,0.019129129616,0.023152344538,3
27.610000,-0.022091816676,0.001930635764,0.013339411563,0.025878864336,3
27.620000,-0.016913283093,0.018085597466,-0.010359159072,0.026841388886,3
27.630000,0.019012240014,-0.000643301251,-0.017373011727,0.025762388152,3
27.640000,0.015145240262,-0.017541502709,0.002185316457,0.023277848438,3
27.650000,-0.004047530199,-0.006128969695,0.009900504393,0.012327479770,3
27.660000,-0.005985510297,0.005365542070,0.002268456582,0.008352321264,3
27.670000,-0.000801338524,0.007544163637,-0.004178323264,0.008661116193,3
27.680000,0.019868573345,0.004580105909,-0.014589335976,0.025071623424,3
27.690000,0.015987483754,-0.015301837165,0.013444699258,0.025894126661,3
27.700000,-0.005518224648,-0.012893565899,0.021993421084,0.026084581956,3
27.710000,-0.022421078389,0.022333224171,0.005559871744,0.032130823702,3
27.720000,0.007355489571,0.028558586173,-0.036419545080,0.046862344530,3
27.730000,0.048516550013,-0.007549127952,-0.018478935943,0.052462520256,3
27.740000,0.014094483601,-0.038376260577,0.031553034574,0.051642868188,3
27.750000,-0.048555714201,-0.021236286138,0.037874192521,0.065139018182,3
27.760000,-0.066058861856,0.055224348133,-0.020257264777,0.088452578440,3
27.770000,0.010794977106,0.066822562986,-0.069023667707,0.096674987243,3
27.780000,0.068144711913,-0.062425678899,-0.029437717271,0.096990960124,3
27.790000,-0.014128104860,-0.100954545913,0.065716862867,0.121285323731,3
27.800000,-0.097730734340,0.019118284070,0.067626332221,0.120374939377,3
27.810000,-0.108225190492,0.087068195033,-0.023927390222,0.140947090946,3
27.820000,0.050614109304,0.050422390856,-0.102055523716,0.124577427655,3
27.830000,0.089186468536,-0.053083701742,0.020949858690,0.105882019908,3
27.840000,0.001921428945,-0.067691383137,0.081062373522,0.105626339713,3
27.850000,-0.054443731774,0.013043741264,0.054149102362,0.077886997645,3
27.860000,-0.021025508979,0.049867693560,-0.036655313008,0.065364140478,3
27.870000,0.050383328184,0.008632949475,-0.051485047158,0.072551482799,3
27.880000,0.033513728278,-0.047974707632,0.013063620462,0.059961660543,3
27.890000,-0.002051538669,-0.021861426705,0.031280061021,0.038217443739,3
27.900000,-0.019561866679,0.012821475101,0.010448110678,0.025616788802,3
27.910000,-0.002983853846,0.024043613791,-0.015794912159,0.028921929362,3
27.920000,0.022022999724,-0.000049135660,-0.014131030772,0.026166791203,3
27.930000,0.014285932453,-0.014022785386,0.002318235025,0.020151937616,3
27.940000,-0.003501695769,-0.009885930359,0.013953643149,0.017455590779,3
27.950000,-0.017763079035,0.010913980122,-0.001349289907,0.020891685479,3
27.960000,-0.004512447920,0.010736843806,-0.015093012030,0.019064128967,3
27.970000,0.005237476134,-0.001032313540,-0.004736658136,0.007136718980,3
27.980000,0.004756897631,-0.009598292933,0.003103081079,0.011152776088,3
27.990000,-0.008758027983,-0.005750375718,0.011090257090,0.015256594553,3
28.000000,-0.010731495706,0.008727104709,-0.002556721077,0.014066420275,3
28.010000,0.006350037480,0.009768070956,-0.010505098694,0.015687424415,3
28.020000,0.026357418993,-0.007853251823,-0.013670495753,0.030712693700,3
28.030000,0.004154126947,-0.020072701793,0.020855685257,0.029242601380,3
28.040000,-0.020572641031,-0.000772974893,0.026220123608,0.033336555479,3
28.050000,-0.016728051996,0.024918708692,-0.006103840354,0.030627220467,3
28.060000,0.016710790438,0.021238161461,-0.032128931205,0.041983070870,3
28.070000,0.042657958437,-0.015772806317,-0.012272101180,0.047107189520,3
28.080000,0.020495048161,-0.039987366539,0.036429967202,0.057846166616,3
28.090000,-0.050947113721,-0.004950455273,0.043858907597,0.067407115199,3
28.100000,-0.037131000487,0.056242658663,-0.037715516962,0.077229580281,3
28.110000,0.057011158470,0.031620167616,-0.064655474616,0.091817414405,3
28.120000,0.063692950384,-0.040477405535,0.014082440898,0.076769313069,3
28.130000,-0.012424395472,-0.047379778314,0.068209079944,0.083974326927,3
28.140000,-0.074569632748,0.017326947206,0.034930541763,0.084148654033,3
28.150000,-0.058911176090,0.051741102552,-0.051811803898,0.093979420007,3
28.160000,0.045131150293,-0.014908892335,-0.093942539583,0.105281985832,3
28.170000,0.034682462075,-0.071422851650,0.004355024204,0.079517690794,3
28.180000,-0.045893415829,-0.065655430056,0.078803959088,0.112369502448,3
28.190000,-0.107964313924,0.026141987216,0.038305216136,0.117503132554,3
28.200000,-0.025259947261,0.095233564168,-0.065058879830,0.118068431532,3
28.210000,0.077753461833,0.019776949153,-0.023296520949,0.083543141149,3
28.220000,0.051383231352,-0.067452570151,0.029286034393,0.089709294361,3
28.230000,-0.007697231731,-0.023346785747,0.077670397178,0.081467848743,3
28.240000,-0.039838279497,0.055322876683,-0.005832269562,0.068423128882,3
28.250000,-0.002087942156,0.044497370435,-0.026226440098,0.051693342302,3
28.260000,0.063952213483,-0.016573598597,-0.029453304404,0.072333027865,3
28.270000,0.010930484371,-0.049517381508,0.030842988126,0.059352645067,3
28.280000,-0.025512371133,-0.011170077350,0.026271657798,0.038286442931,3
28.290000,-0.039208180122,0.026190073706,-0.009702463849,0.048138748986,3
28.300000,0.008599202949,0.025944124597,-0.036757974223,0.045806031933,3
28.310000,0.020131889776,-0.015905247191,-0.010385056862,0.027678859807,3
28.320000,-0.005283760573,-0.023205124910,0.017126316623,0.029320754918,3
28.330000,-0.018076882692,-0.000751601868,0.019254937058,0.026421415449,3
28.340000,-0.021829402257,0.017955359717,-0.011166207203,0.030390819811,3
28.350000,0.006739058786,0.005117672573,-0.011443400562,0.014232248673,3
28.360000,0.007917619711,-0.007360111100,-0.004076193724,0.011553150764,3
28.370000,0.001460222801,-0.012592428299,0.009597188771,0.015899922434,3
28.380000,-0.010268245023,0.003032930884,0.006856143209,0.012713859575,3
28.390000,-0.001892833194,0.011582217486,-0.002584199769,0.012017015762,3
28.400000,0.007977342177,0.002322015958,-0.009494341715,0.012616349349,3
28.410000,0.007246646402,-0.005266878404,-0.001066182626,0.009021675986,3
28.420000,-0.000863655161,-0.004591512748,0.005109397550,0.006923426382,3
28.430000,-0.007449880267,0.000871309772,0.003931820704,0.008468713643,3
28.440000,-0.001793406340,0.008228037181,-0.003157820261,0.008993816262,3
28.450000,0.007869670658,0.000609141521,-0.008232786449,0.011405329559,3
28.460000,0.008075237601,-0.004899353717,0.001394002794,0.009547584666,3
28.470000,-0.001677703516,-0.004180908509,0.007955397682,0.009142375913,3
28.480000,-0.011770021797,0.006683488262,0.004555617160,0.014281319132,3
28.490000,-0.000540202888,0.007639765526,-0.007189728099,0.010504762091,3
28.500000,0.008065752331,-0.000993025435,-0.005969110684,0.010083290263,3
28.510000,0.001255427286,-0.006432922734,0.002412127660,0.006984049858,3
28.520000,-0.010916309955,-0.005777359043,0.010013800291,0.015900311217,3
28.530000,-0.014564332958,0.008895568288,0.003140584104,0.017352642398,3
28.540000,0.004968323007,0.016374281859,-0.013492735078,0.021791173438,3
28.550000,0.017417918282,-0.011249731808,-0.016195263278,0.026310205162,3
28.560000,0.009553794482,-0.021594557336,0.006101219471,0.024389029800,3
28.570000,-0.006950798069,-0.002859529648,0.012814079587,0.014855677005,3
28.580000,-0.012621803814,0.018191532001,-0.003215036112,0.022373605549,3
28.590000,0.009274829634,0.012426927811,-0.019276203816,0.024739099279,3
28.600000,0.024322659136,-0.010491887030,-0.001147809553,0.026513937988,3
28.610000,0.004621641323,-0.016768850053,0.015926707018,0.023584187437,3
28.620000,-0.011521959154,0.003321410936,0.012820904277,0.017554569201,3
28.630000,-0.004388339132,0.017406398629,-0.005776290950,0.018857512315,3
28.640000,0.016938927885,0.009158254340,-0.021188042301,0.028630997834,3
28.650000,0.020097390371,-0.013120780603,0.002164587461,0.024098660175,3
28.660000,-0.000546642999,-0.016008442781,0.017063298745,0.023403530137,3
28.670000,-0.012995566442,0.002800438642,0.001717362571,0.013404347725,3
28.680000,-0.007346665490,0.008639834952,-0.004683555307,0.012270123558,3
28.690000,0.004322690198,0.001761985904,-0.007652691373,0.008964035371,3
28.700000,0.003935516429,-0.004016662781,0.000759318851,0.005674366447,3
28.710000,-0.005897934833,-0.007727359675,0.008363869467,0.012823885343,3
28.720000,-0.007995667607,0.002453865688,0.003560490612,0.009090063294,3
28.730000,-0.004846255922,0.014453702388,-0.014449747079,0.021004544743,3
28.740000,0.006424874125,0.000658727082,-0.007703233572,0.010052499011,3
28.750000,0.007552742558,-0.006969383897,0.002279654385,0.010526778053,3
28.760000,-0.004479530846,-0.009271413631,0.009568926776,0.014056659168,3
28.770000,-0.008945183265,0.003231241844,0.002771726661,0.009906548147,3
28.780000,0.000561852427,0.009335806931,-0.013348914793,0.016299278982,3
28.790000,0.012617361749,0.002346103600,-0.007030114298,0.014632994452,3
28.800000,0.008536531514,-0.008771923415,0.009040703756,0.015216876653,3
28.810000,-0.005708056472,-0.006543590334,0.011571531551,0.014467232824,3
28.820000,-0.009014679682,0.012904677681,-0.000189565665,0.015742651967,3
28.830000,0.004478324482,0.010242310455,-0.013529188978,0.017549907921,3
28.840000,0.013422401597,-0.005943049733,-0.013908603961,0.020222016934,3
28.850000,0.003783891804,-0.016952520510,0.017705684480,0.024803166163,3
28.860000,-0.014274270260,-0.002989752583,0.013276412039,0.019721980849,3
28.870000,-0.013907190794,0.020468442681,-0.008102596202,0.026038801177,3
28.880000,0.010370268520,0.015562716190,-0.026168164695,0.032163853126,3
28.890000,0.016773960254,-0.009600923404,-0.007946323681,0.020897069958,3
28.900000,-0.002183410455,-0.041254302323,0.034230743043,0.053650987974,3
28.910000,-0.034291897610,0.005710601533,0.025789449155,0.043285573801,3
28.920000,-0.027240035047,0.037108573506,-0.026080965807,0.052908246186,3
28.930000,0.050772231056,0.007114845186,-0.042429583400,0.066548553822,3
28.940000,0.063229403372,-0.044222519127,0.007272082539,0.077501431168,3
28.950000,0.011972431394,-0.025351834999,0.065238964863,0.071008289570,3
28.960000,-0.051381512931,0.018135282721,0.041729938181,0.068631888296,3
28.970000,-0.023550224487,0.050540642399,-0.050378633940,0.075146366280,3
28.980000,0.069762249567,0.013001062644,-0.071700408412,0.100879867471,3
28.990000,0.082889021324,-0.054063474632,0.020215933117,0.101005609237,3
29.000000,-0.041297043894,-0.053272514809,0.086321076337,0.109520477028,3
29.010000,-0.056023018068,0.030681085581,0.012999049779,0.065183455424,3
29.020000,-0.016344399486,0.065858183498,-0.061024169307,0.091260007494,3
29.030000,0.074034763552,-0.012732659465,-0.056518449184,0.094008520515,3
29.040000,0.021963733083,-0.056515529837,0.056685915056,0.083004238744,3
29.050000,-0.085504422943,-0.037095083800,0.080623630092,0.123236444748,3
29.060000,-0.120672901518,0.044795074353,-0.007294955142,0.128925421145,3
29.070000,-0.009418521191,0.062406705957,-0.090257185620,0.110134758572,3
29.080000,0.055640799227,-0.047231354605,-0.046950740085,0.086781745725,3
29.090000,-0.000838601312,-0.089402002369,0.071300522260,0.114355523497,3
29.100000,-0.072709802100,-0.013166938214,0.047857327605,0.088036398091,3
29.110000,-0.026497203257,0.054499452149,-0.003335199986,0.060691149469,3
29.120000,0.012059981433,0.074023781910,-0.058857544274,0.095337159378,3
29.130000,0.053516874162,-0.043431555330,-0.014054074180,0.070341117559,3
29.140000,0.037296275739,-0.050265024212,0.042296019822,0.075541631805,3
29.150000,-0.022392904280,0.014391448018,0.031902280836,0.041548904446,3
29.160000,-0.025277514094,0.042698253530,-0.012382318794,0.051141132096,3
29.170000,0.044197527592,0.021067733655,-0.038441297001,0.062249531418,3
29.180000,0.033610201162,-0.025165457012,-0.002362427138,0.042053857264,3
29.190000,-0.001066444076,-0.023937097140,0.023877276881,0.033826709472,3
29.200000,-0.020917641524,-0.002530438495,0.019274011171,0.028555881225,3
29.210000,-0.006119712347,0.018037205124,-0.025047698975,0.031467107777,3
29.220000,0.014960752462,0.003304479414,-0.019382120269,0.024706482642,3
29.230000,0.016443214971,-0.013569116572,0.003609258267,0.021622372404,3
29.240000,-0.008236281154,-0.014435778064,0.013927251451,0.021684011357,3
29.250000,-0.023445303266,0.010627247003,0.005006399435,0.026223742285,3
29.260000,-0.003632369318,0.011578610651,-0.010139418806,0.015813479858,3
29.270000,0.005621452333,-0.004080687334,-0.014130187593,0.015745314759,3
29.280000,0.010250720098,-0.010119451598,0.000460841892,0.014411555725,3
29.290000,-0.002855356503,-0.006118073166,0.009407384775,0.011579411398,3
29.300000,-0.006314407378,0.006177108844,-0.001626355393,0.008981839793,3
29.310000,0.001145158810,0.009118806956,-0.007117794275,0.011624415011,3
29.320000,0.019674942216,-0.005660489392,-0.007208667615,0.021705054253,3
29.330000,0.008699812716,-0.009569143689,0.005296834889,0.013975396670,3
29.340000,-0.007308846291,-0.005475928904,0.012053732243,0.015122747517,3
29.350000,-0.006431873410,0.004287573641,0.000444089053,0.007742706141,3
29.360000,0.002106854058,0.004928018418,-0.008440167979,0.009998031560,3
29.370000,0.003538106053,-0.003094519904,-0.003318462882,0.005753819929,3
29.380000,-0.000685531948,-0.005284358392,0.003728054309,0.006503290443,3
29.390000,-0.007628469620,-0.000932130180,0.003104896238,0.008288714982,3
29.400000,-0.006312009258,0.005118026774,-0.002484164302,0.008497454396,3
29.410000,0.000202559970,0.002441933621,-0.007133803621,0.007542892313,3
29.420000,0.005684154427,-0.008189632092,-0.004143017774,0.010795567685,3
29.430000,-0.000066005146,-0.010609464734,0.010944968752,0.015243275225,3
29.440000,-0.009988729926,0.002701800523,0.002996875926,0.010772915897,3
29.450000,-0.008712804787,0.011759897541,-0.006466675132,0.016000813877,3
29.460000,0.003564326129,0.002145690669,-0.004076764662,0.005824810667,3
29.470000,0.006425582553,-0.004869029221,-0.000848446476,0.008106504680,3
29.480000,0.000386186316,-0.003608375041,0.004964107772,0.006149136222,3
29.490000,-0.013760521385,0.005660230025,0.006713401645,0.016323599921,3
29.500000,-0.003621757645,0.012980654222,-0.008307396737,0.015831214515,3
29.510000,0.018447975126,0.007981144790,-0.014559628987,0.024819533732,3
29.520000,0.029030303666,-0.027902665773,0.002308783424,0.040331721623,3
29.530000,-0.010115866387,-0.020548914186,0.034582867867,0.041479674262,3
29.540000,-0.041215875080,0.024224062236,0.005778887496,0.048155467919,3
29.550000,0.001526662756,0.044554827007,-0.050733356951,0.067537669609,3
29.560000,0.071223162246,0.010718067383,-0.056089976457,0.091289108154,3
29.570000,0.063733613946,-0.069098666898,0.053949724128,0.108384371785,3
29.580000,-0.045699243806,-0.076045634596,0.076379549046,0.117069188679,3
29.590000,-0.097993267055,0.061100412970,-0.001266572220,0.115488289703,3
29.600000,-0.009609175482,0.067882393524,-0.064327918798,0.094012960494,3
29.610000,0.059636233304,-0.007956854343,-0.039106642290,0.071757378192,3
29.620000,-0.005199039649,-0.052000199557,0.018828327548,0.055547787405,3
29.630000,-0.027247648473,-0.007655354871,0.021356201705,0.035455974910,3
29.640000,-0.027760296643,0.032013028073,-0.005594417985,0.042740677916,3
29.650000,0.012744579894,0.014822006337,-0.024095084336,0.031027234451,3
29.660000,0.024241944224,-0.013084856086,-0.006776607421,0.028369133343,3
29.670000,0.009719795200,-0.023140841980,0.018493887290,0.031176864072,3
29.680000,-0.006973802481,-0.001125501845,0.006818232865,0.009817788695,3
29.690000,-0.007900917032,0.009933878549,-0.000761479077,0.012715592135,3
29.700000,0.004631383690,0.003170755150,-0.004519918160,0.007206459830,3
29.710000,0.012547779320,-0.006640216821,-0.000014113573,0.014196458872,3
29.720000,0.001696080680,-0.005455004473,0.007542241334,0.009461456960,3
29.730000,-0.008957831267,0.000899577589,0.003398205177,0.009622877910,3
29.740000,-0.002652771842,0.004230343482,-0.002854219113,0.005751484257,3
29.750000,0.002571091671,0.001815696455,-0.009069546381,0.009600205079,3
29.760000,0.008141252859,-0.007270682623,0.002095417671,0.011114566979,3
29.770000,-0.002118718239,-0.004894287722,0.006050805997,0.008065684874,3
29.780000,-0.005077868084,0.002091519264,0.000677464735,0.005533367472,3
29.790000,-0.002899962888,0.006867503242,-0.004488458836,0.008701646295,3
29.800000,0.003751153552,-0.000986169712,-0.004521494260,0.005957146466,3
29.810000,0.003987634683,-0.008415358330,0.003653277963,0.010003295760,3
29.820000,-0.002087994961,-0.002774601346,0.004193141615,0.005444315585,3
29.830000,-0.004816118741,0.003876893766,0.002144787543,0.006544113279,3
29.840000,-0.002403286552,0.005308357855,-0.006915526263,0.009043171616,3
29.850000,0.010457253947,-0.002467903186,-0.004848599619,0.011787859200,3
29.860000,0.008273447409,-0.014289026805,0.012149497299,0.020499670819,3
29.870000,-0.002293163599,-0.002407294661,0.008379466900,0.009014939401,3
29.880000,-0.009482691540,0.005368234354,-0.000052284121,0.010896885452,3
29.890000,0.002395766687,0.008289790403,-0.006975841555,0.011096066346,3
29.900000,0.009754137946,-0.002716293378,-0.001837326841,0.010290637818,3
29.910000,0.004519733597,-0.003660039387,0.006244371405,0.008533232351,3
29.920000,-0.002702905599,-0.001276469126,0.002859601042,0.004136712490,3
29.930000,-0.006773850255,0.009250204156,-0.002920034143,0.011831226631,3
29.940000,0.001366824640,0.003059176315,-0.007523630813,0.008236005702,3
29.950000,0.006052411967,-0.003803784108,-0.001651746100,0.007336806481,3
29.960000,0.000306036570,-0.007847022716,0.004557035065,0.009079426880,3
29.970000,-0.011626538330,-0.002924982668,0.007550194200,0.014168180885,3
29.980000,-0.004593565971,0.005928925517,-0.002377799595,0.007868096150,3
29.990000,0.002629068425,0.003788800753,-0.005313827019,0.007035891523,3
