time_s,acc_x_m_s2,acc_y_m_s2,acc_z_m_s2,acc_abs_m_s2,acc_accuracy
0.000000,-0.000029320144,0.011866276601,-0.012278834680,0.017075689186,3
0.010000,0.012703015784,-0.003412680527,-0.008664752373,0.015750902579,3
0.020000,0.000953313194,-0.011832104334,0.012760763202,0.017428269464,3
0.030000,-0.005388300887,0.004172600620,0.007753669092,0.010322972768,3
0.040000,0.000531390808,0.012095590453,-0.011411726598,0.016637703824,3
0.050000,0.022133963499,-0.008500383098,-0.000942938446,0.023728842911,3
0.060000,-0.003476835328,-0.009317946157,0.018292153552,0.020821032301,3
0.070000,-0.017689687173,0.005942563369,0.002304224381,0.018802886525,3
0.080000,-0.002954260473,0.010581576112,-0.013270089618,0.017227672113,3
0.090000,0.013523168770,-0.013376547218,-0.005727855270,0.019864954947,3
0.100000,-0.007445808651,-0.015809255805,0.014455233542,0.022678765670,3
0.110000,-0.020847328010,0.010591715343,0.007108266821,0.024440191821,3
0.120000,0.000672415183,0.018669566837,-0.020812159734,0.027966960165,3
0.130000,0.016959477889,-0.005944703921,-0.003783000000,0.018365034277,3
0.140000,0.002869898389,-0.016682507790,0.015369526628,0.022864048891,3
0.150000,-0.015992588107,0.007864742234,0.003356842928,0.018135198901,3
0.160000,0.001787963091,0.018563902288,-0.018122144429,0.026004372688,3
0.170000,0.020044887372,-0.007745721736,-0.005511185273,0.022184834417,3
0.180000,-0.004812623091,-0.011417310183,0.013567632776,0.018373812124,3
0.190000,-0.008674713791,0.006650439430,0.004661022644,0.011882934657,3
0.200000,0.002667478302,0.010783466827,-0.013885247777,0.017781976919,3
0.210000,0.006618820394,-0.007468061596,-0.001814997312,0.010142728560,3
0.220000,-0.008443925338,-0.013236134126,0.011006961679,0.019174157794,3
0.230000,-0.013715978783,0.005749864365,-0.000672774613,0.014887633791,3
0.240000,0.002994009536,0.002887193522,-0.008445219828,0.009413910849,3
0.250000,0.012310049274,-0.008154112086,-0.000136384026,0.014766362370,3
0.260000,-0.004870670581,-0.010629784064,0.014694213253,0.018778595375,3
0.270000,-0.002821905753,0.005054781643,-0.000366409866,0.005800709070,3
0.280000,0.006308982757,0.009059762649,-0.007796693735,0.013515583446,3
0.290000,0.014787285513,-0.012073680077,0.002542292430,0.019258785379,3
0.300000,-0.006260897598,-0.005716147847,0.010543937003,0.013529515603,3
0.310000,-0.015111090233,0.007739623084,-0.000378334456,0.016982047888,3
0.320000,0.006990323186,0.011724003230,-0.016087235901,0.021097773079,3
0.330000,0.010993425095,-0.006256869916,-0.000244897061,0.012651631952,3
0.340000,-0.008503279342,-0.008773440236,0.009694712762,0.015597001913,3
0.350000,-0.016401944176,0.013637998012,-0.002973230648,0.021537382919,3
0.360000,0.004918593197,0.005842796631,-0.012327999348,0.014502082590,3
0.370000,0.009500769983,-0.008415626549,0.001918879762,0.012836257243,3
0.380000,-0.006662520398,-0.003004752379,0.011287909752,0.013447476399,3
0.390000,-0.008163445932,0.008859484137,-0.001766049994,0.012175846634,3
0.400000,0.007035620483,0.003357462039,-0.012532017021,0.014758860306,3
0.410000,0.010354059034,-0.008693007582,0.003707940323,0.014018692547,3
0.420000,-0.005223093235,-0.006391093622,0.011268834676,0.013968300383,3
0.430000,-0.007662124352,0.009760389837,-0.001037238603,0.012451876296,3
0.440000,0.006738096672,0.003476974452,-0.013467936843,0.015455633954,3
0.450000,0.004833332733,-0.018132052963,0.001023719723,0.018793095861,3
0.460000,-0.009265117097,-0.010714672016,0.011334033611,0.018141303953,3
0.470000,-0.016030038848,0.028725605204,-0.007070249163,0.033646856660,3
0.480000,0.004894591145,0.004402198337,-0.014318155724,0.015758996034,3
0.490000,0.010898830920,-0.013899462548,0.004175747137,0.018149833021,3
0.500000,-0.015356020420,-0.005106782666,0.013148305230,0.020851007716,3
0.510000,-0.005331949648,0.012191244022,-0.004733999263,0.014123273944,3
0.520000,0.013845620885,0.008780748579,-0.010456943228,0.019446090224,3
0.530000,0.011925409584,-0.015446498707,0.006509150913,0.020571309187,3
0.540000,-0.006770666486,-0.002131299752,0.015809040236,0.017329458055,3
0.550000,-0.007498554932,0.018907661084,-0.005389680218,0.021042258116,3
0.560000,0.020190619360,0.007388899352,-0.018127684615,0.028122409094,3
0.570000,0.007073672831,-0.012319433106,0.001157893941,0.014252929445,3
0.580000,-0.009717152566,-0.003741041949,0.007196896792,0.012657557912,3
0.590000,-0.007824109421,0.007418859255,-0.006528161876,0.012604485644,3
0.600000,0.005849886885,0.005803343252,-0.010154962998,0.013077585517,3
0.610000,0.004973433910,-0.013945707613,0.003852612541,0.015299033599,3
0.620000,-0.010314523329,0.002220019859,0.008858612487,0.013776534211,3
0.630000,-0.003269281899,0.009829387034,-0.004447865587,0.011273356283,3
0.640000,0.012786038130,0.003542644395,-0.014014341511,0.019298571666,3
0.650000,0.007425836100,-0.012769419345,0.006194667066,0.016017959054,3
0.660000,-0.005869123786,0.001081772335,0.007250660828,0.009390896008,3
0.670000,-0.008708754272,0.016898912386,-0.008345161174,0.020761920812,3
0.680000,0.008028738571,0.000347970249,-0.011038186404,0.013653691274,3
0.690000,0.005568741404,-0.015804452169,0.006550055077,0.017991520522,3
0.700000,-0.017584247513,-0.001941551319,0.015407555048,0.023459926144,3
0.710000,-0.003824535098,0.008980563105,-0.004171979759,0.010615224798,3
0.720000,0.008890541225,-0.002012416419,-0.011748664993,0.014870194089,3
0.730000,0.003106648623,-0.016486499114,0.006441720926,0.017970856607,3
0.740000,-0.008438268709,0.004879926143,0.006249017219,0.011578785523,3
0.750000,-0.000800748649,0.019819143538,-0.008751830345,0.021680271755,3
0.760000,0.012893563345,-0.001324727581,-0.007487010844,0.014968440476,3
0.770000,0.007380077433,-0.016188977007,0.016806854106,0.024474861887,3
0.780000,-0.011767748486,-0.000938055456,0.012085439793,0.016894309913,3
0.790000,-0.002236707208,0.009868634875,-0.007539996162,0.012619205822,3
0.800000,0.008913126444,-0.001187541611,-0.005437233319,0.010507977172,3
0.810000,0.000488375336,-0.018344201760,0.008854642298,0.020375302180,3
0.820000,-0.011748880207,0.002016849304,0.009984995742,0.015550048463,3
0.830000,-0.001671515619,0.015913845269,-0.015558696620,0.022318545567,3
0.840000,0.010144658874,-0.001845409176,-0.006689377515,0.012290948305,3
0.850000,0.001131330873,-0.008725197138,0.006800302255,0.011119940890,3
0.860000,-0.011623098096,0.002472333920,0.010510441993,0.015864369992,3
0.870000,-0.001294643150,0.019795558781,-0.013112008505,0.023779508308,3
0.880000,0.019321870545,-0.002302799469,-0.017417605077,0.026115331385,3
0.890000,0.005304164716,-0.013092508803,0.012960758454,0.019171051348,3
0.900000,-0.014362864044,0.000947481491,0.010752886576,0.017967029650,3
0.910000,-0.002862139264,0.024412680061,-0.011301841778,0.027053695062,3
0.920000,0.017075490823,-0.004424431791,-0.013954927183,0.022491953588,3
0.930000,0.002526698711,-0.015418534485,0.013096290329,0.020386962315,3
0.940000,-0.018082681723,0.003035088672,0.006558395095,0.019473255705,3
0.950000,-0.007894906413,0.019145657022,-0.021250663749,0.029672823254,3
0.960000,0.011935112992,0.001130252471,-0.010406639020,0.015875217431,3
0.970000,-0.001240064213,-0.010562044717,0.011041434653,0.015329965005,3
0.980000,-0.016026366533,0.002375689685,0.004363499294,0.016778809607,3
0.990000,-0.000920128777,0.011821459262,-0.012354203952,0.017123664659,3
1.000000,0.012583254890,-0.006315888827,-0.001779627819,0.014191399877,3
1.010000,0.002664310934,-0.011256214681,0.008548425852,0.014383202224,3
1.020000,-0.015051934537,0.010923140176,0.009398582500,0.020837684075,3
1.030000,0.004266599776,0.009718850776,-0.008314155710,0.013482771200,3
1.040000,0.012479780213,-0.002032816604,-0.003892630341,0.013229883918,3
1.050000,-0.001639318478,-0.009554454523,0.009642795004,0.013673275459,3
1.060000,-0.009125920942,0.003174733355,0.005807584218,0.011273393428,3
1.070000,-0.006488597529,0.005826117924,-0.011878565854,0.014735870341,3
1.080000,0.008811629067,-0.003961133845,-0.004883944332,0.010825354516,3
1.090000,-0.004305063949,-0.015357935468,0.014320504060,0.021435405151,3
1.100000,-0.010018941877,0.006278944029,0.003724972000,0.012396763725,3
1.110000,0.000476601574,0.011301316823,-0.017341376476,0.020704353384,3
1.120000,0.010418139729,-0.005179159492,-0.001629058794,0.011747985403,3
1.130000,-0.002687008510,-0.011045640071,0.012994649034,0.017265198604,3
1.140000,-0.006544165917,0.004584987060,0.003773432641,0.008836685339,3
1.150000,0.009879474460,0.012029527683,-0.009707503135,0.018345276476,3
1.160000,0.015873496008,-0.006063300288,-0.000506956578,0.016999661493,3
1.170000,-0.006501552815,-0.010194131624,0.008149993848,0.014581251945,3
1.180000,-0.008817290062,0.005859841584,0.003030010045,0.011011962055,3
1.190000,0.000179603713,0.012463515808,-0.014813567319,0.019360094537,3
1.200000,0.009105178580,-0.008224196188,0.000599917282,0.012284200448,3
1.210000,-0.004513624039,-0.011960606992,0.008965080865,0.015614147319,3
1.220000,-0.009934467754,0.007385456787,0.000673655326,0.012397275225,3
1.230000,0.006173221184,0.009337790899,-0.012603582551,0.016856847030,3
1.240000,0.012482892945,-0.004940057290,0.000514528138,0.013434713302,3
1.250000,-0.005776144502,-0.010955877626,0.009105343288,0.015372129855,3
1.260000,-0.009420254200,0.012625077733,0.000127279062,0.015752776800,3
1.270000,0.009846363546,0.012644233170,-0.014307685508,0.021483420867,3
1.280000,0.020622673210,-0.008115172875,-0.000371408561,0.022165031591,3
1.290000,-0.007793733515,-0.006491700357,0.017058121085,0.019846005910,3
1.300000,-0.016893829234,0.010457115589,0.004609559508,0.020396096967,3
1.310000,0.004821304885,0.008533776896,-0.020733778427,0.022933815573,3
1.320000,0.011807533991,-0.014126473044,0.002962170632,0.018648044253,3
1.330000,-0.012479460555,-0.008571160011,0.013932047674,0.020574344997,3
1.340000,-0.015235562518,0.012606559108,-0.001643621364,0.019843114397,3
1.350000,0.004462071323,0.010942097422,-0.021831009619,0.024824031854,3
1.360000,0.017143036386,-0.011086516806,0.004341712884,0.020872111111,3
1.370000,-0.002539311196,-0.014543228148,0.016491222749,0.022134001312,3
1.380000,-0.004924294978,0.008459903107,-0.003552726583,0.010413477219,3
1.390000,0.008885724606,0.007002945305,-0.013849677405,0.017883257783,3
1.400000,0.014805736970,-0.008389134820,0.001780863933,0.017110198906,3
1.410000,-0.009438731114,-0.008497653797,0.017116260944,0.021313520446,3
1.420000,-0.007065525803,0.008949519381,-0.002418987249,0.011656202269,3
1.430000,0.006738577759,0.003797994576,-0.012654396331,0.014831282463,3
1.440000,0.007844012998,-0.010219813088,0.002778942435,0.013179364192,3
1.450000,-0.007334942795,-0.005887865449,0.009502738893,0.013370504546,3
1.460000,-0.007427901447,0.010139375914,-0.004942942757,0.013506048531,3
1.470000,0.009903301660,-0.000159680798,-0.014555702802,0.017605946887,3
1.480000,0.010854995017,-0.015970639560,0.006096436450,0.020249908202,3
1.490000,-0.007138481652,-0.003279010233,0.012353312110,0.014639472275,3
1.500000,-0.004003288553,0.015918686777,-0.004749405221,0.017087649279,3
1.510000,0.012990426854,0.011941427398,-0.009074973255,0.019841976155,3
1.520000,0.008664777059,-0.014663676254,0.003067766274,0.017306442519,3
1.530000,-0.006309967712,-0.002555442981,0.008105427400,0.010585080760,3
1.540000,-0.011421560915,0.012644463633,-0.006029888288,0.018074680276,3
1.550000,0.009395128084,-0.000652968828,-0.008573286661,0.012735621075,3
1.560000,0.009692783815,-0.013664285978,0.006223246249,0.017871529404,3
1.570000,-0.009966825560,-0.002512353561,0.007216106019,0.012558730758,3
1.580000,-0.008315267281,0.013206601106,-0.001601731645,0.015688324544,3
1.590000,0.008046427018,-0.002255609478,-0.012243397592,0.014823412106,3
1.600000,0.011575209316,-0.012124422705,0.008098393492,0.018616419468,3
1.610000,-0.010031989832,-0.004939331317,0.006782863848,0.013078419470,3
1.620000,-0.002932441945,0.014812542687,-0.003815214378,0.015574546458,3
1.630000,0.011551192186,0.005252098969,-0.010241053677,0.016306249260,3
1.640000,0.004336334503,-0.016158724319,0.007066337615,0.018161533411,3
1.650000,-0.007560323465,-0.003781741959,0.010189686732,0.013239704635,3
1.660000,-0.005643193224,0.008850307061,-0.010039254476,0.014524468847,3
1.670000,0.006414987664,0.000548648634,-0.006998676633,0.009509708548,3
1.680000,0.002691460961,-0.018704641254,0.006613838496,0.020021249367,3
1.690000,-0.015293642223,-0.001846259541,0.008692566099,0.017687986661,3
1.700000,-0.005221299512,0.012735821332,-0.009747302138,0.016866327774,3
1.710000,0.023419362272,0.005076271639,-0.017046935592,0.029408044410,3
1.720000,0.011527822481,-0.021341807283,0.017752503372,0.030058523005,3
1.730000,-0.007774206280,-0.003946331485,0.018553306962,0.020499683283,3
1.740000,0.005308925422,0.020110071359,-0.003387474288,0.021073078590,3
1.750000,0.017290749857,-0.000024800091,-0.013387756474,0.021867845552,3
1.760000,0.005501220695,-0.020873111642,0.011653273216,0.024530572668,3
1.770000,-0.015708065601,0.001367579655,0.012543260120,0.020148125806,3
1.780000,-0.007929661959,0.018636393795,-0.010517479317,0.022821307668,3
1.790000,0.013778039816,0.006373605026,-0.009104119442,0.017701474883,3
1.800000,0.001693805505,-0.007343370252,0.010031523117,0.012546932684,3
1.810000,-0.022275123708,0.002564543917,0.008439612194,0.023957985635,3
1.820000,-0.003829752332,0.012945267623,-0.006973447561,0.015194601925,3
1.830000,0.009408004469,-0.003396633075,-0.012277285557,0.015836016071,3
1.840000,0.005774252003,-0.014201941157,0.008993407259,0.017774096122,3
1.850000,-0.014415645714,-0.003309379279,0.013127549511,0.019776131794,3
1.860000,0.001381641480,0.011190542193,-0.007947651104,0.013795010903,3
1.870000,0.011228931693,-0.000731720523,-0.009340210186,0.014624084525,3
1.880000,0.006645659849,-0.013278176849,0.012347717364,0.019311677797,3
1.890000,-0.010072184690,0.002243004374,0.012583863134,0.016273708380,3
1.900000,-0.000839860968,0.013695928499,-0.010130999694,0.017056405796,3
1.910000,0.011329029885,0.000786004585,-0.016593318219,0.020107285517,3
1.920000,-0.002383708840,-0.010446340293,0.008381839386,0.013603798177,3
1.930000,-0.011844884341,0.004991286151,0.004956502935,0.013776107717,3
1.940000,-0.004562876194,0.007227285346,-0.009860056876,0.013048916209,3
1.950000,0.010379121060,-0.004840578343,-0.002937716309,0.011823177652,3
1.960000,0.001534962013,-0.017216793606,0.010365016198,0.020154593801,3
1.970000,-0.011437385261,0.004673422294,0.004231563636,0.013059892356,3
1.980000,-0.000119735645,0.009310134958,-0.012538893985,0.015617836339,3
1.990000,0.010663098873,-0.004580906800,0.000595811358,0.011620730436,3
2.000000,0.004459726155,-0.014365982378,0.011554331267,0.018967687737,3
2.010000,-0.009473470110,0.002295274804,0.001436458170,0.009852833827,3
2.020000,-0.001877091331,0.015482918523,-0.020096640398,0.025438537559,3
2.030000,0.009279568729,-0.008497573570,-0.004339177763,0.013309681290,3
2.040000,-0.003388622353,-0.008254229822,0.006440951358,0.011004586581,3
2.050000,-0.018419320983,0.005324842236,-0.000082840547,0.019173737060,3
2.060000,-0.000390552692,0.011343374065,-0.009464208040,0.014778223859,3
2.070000,0.010781470062,-0.004380028280,-0.005688718734,0.012953233776,3
2.080000,-0.000523655821,-0.014338658798,0.010728818995,0.017915884253,3
2.090000,-0.011315855859,0.008771268179,0.005286395606,0.015262035178,3
2.100000,0.005334304843,0.013150701071,-0.015426310832,0.020961078519,3
2.110000,0.026724509737,-0.008379744380,-0.003519681919,0.028227782367,3
2.120000,-0.000880451034,-0.008659738798,0.017281403407,0.019349759011,3
2.130000,-0.010296074866,0.012172109671,0.003714610120,0.016369720213,3
2.140000,0.005657303791,0.016909034192,-0.017268003633,0.024821451871,3
2.150000,0.016238468787,-0.017679979524,-0.005542893150,0.024637232170,3
2.160000,-0.010988124342,-0.015901838806,0.018644298412,0.026855487656,3
2.170000,-0.024444967788,0.008802544505,0.005265768138,0.026509801094,3
2.180000,0.002644115974,0.008527935512,-0.012832830387,0.015633252033,3
2.190000,0.014510611820,-0.009589466936,0.002242215367,0.017536911395,3
2.200000,-0.002219424610,-0.012103959783,0.010910848279,0.016446224436,3
2.210000,-0.007958609993,0.005044995440,0.002322846063,0.009705002104,3
2.220000,0.003856863207,0.007673774948,-0.009905578378,0.013110404218,3
2.230000,0.016990336643,-0.011882724201,0.001059983734,0.020760400748,3
2.240000,0.000143993317,-0.007348648464,0.012286324279,0.014317022478,3
2.250000,-0.011500356390,0.011157138385,-0.000164413702,0.016023949760,3
2.260000,0.003397834344,0.004452115250,-0.005241953889,0.007671029201,3
2.270000,0.011991377539,-0.007879876955,-0.001947838580,0.014480320136,3
2.280000,-0.006901332708,-0.010184075509,0.013281489829,0.018103639391,3
2.290000,-0.011540238878,0.004063225239,0.001267753081,0.012300167096,3
2.300000,0.004335823951,0.005959197646,-0.014881844931,0.016606646696,3
2.310000,0.009227078315,-0.010433150131,-0.003532136799,0.014368910406,3
2.320000,-0.009596035048,-0.008025836351,0.012102844613,0.017406228354,3
2.330000,-0.008837628730,0.008457455776,-0.000498774526,0.012242590241,3
2.340000,0.005451662497,0.002902185759,-0.008779656581,0.010734322328,3
2.350000,0.015681345050,-0.015952831018,0.001964552453,0.022455664461,3
2.360000,-0.000186106555,-0.006910007776,0.012689461362,0.014450095943,3
2.370000,-0.007053827745,0.010768098214,0.002667125285,0.013146177479,3
2.380000,0.006293419023,0.009388226443,-0.008620433065,0.014214703127,3
2.390000,0.007939055568,-0.006695350753,0.000555910447,0.010400257759,3
2.400000,-0.006016490553,-0.011777665188,0.013739795920,0.019070751106,3
2.410000,-0.012122588151,0.009672609137,-0.000182456604,0.015509667998,3
2.420000,0.003251260597,0.005598410812,-0.011691808729,0.013364553507,3
2.430000,0.006729518201,-0.016504525994,0.004856099817,0.018473426832,3
2.440000,-0.004515834593,-0.005426449149,0.009326033242,0.011696752048,3
2.450000,-0.007380162958,0.008858598958,-0.002603057576,0.011820215291,3
2.460000,0.009944707276,0.004429054600,-0.009535815916,0.014472232469,3
2.470000,0.015768643845,-0.013548870305,0.000790281151,0.020804964782,3
2.480000,-0.002408764162,-0.003912748179,0.005823408816,0.007417805156,3
2.490000,-0.008428502969,0.013995431241,-0.006597160203,0.017619145287,3
2.500000,0.010509416668,0.008133059405,-0.015641671373,0.020524531111,3
2.510000,0.014627966846,-0.017544451085,0.007642661155,0.024087246573,3
2.520000,-0.008634527825,-0.008847733813,0.008863780929,0.015211971494,3
2.530000,-0.018242167943,0.018913441125,-0.003688224796,0.026534844047,3
2.540000,0.008155347840,0.003002531737,-0.014931437083,0.017276362712,3
2.550000,0.007147238999,-0.016498109175,0.010352131065,0.020746981690,3
2.560000,-0.019471700816,-0.012229723096,0.012367495290,0.026108776291,3
2.570000,-0.008025989476,0.019438614749,-0.002655807085,0.021197395163,3
2.580000,0.016438890267,0.003274255040,-0.021482064469,0.027247696290,3
2.590000,0.009205280148,-0.017539336533,0.006519352100,0.020853475980,3
2.600000,-0.011710748912,-0.002953416988,0.012877320859,0.017654736036,3
2.610000,-0.010104745290,0.011952414482,-0.007715104472,0.017449611065,3
2.620000,0.008140860558,0.003888837879,-0.012376180474,0.015315564430,3
2.630000,0.007465308198,-0.018558817464,0.007937074483,0.021521098566,3
2.640000,-0.010484689751,-0.003291859712,0.008714435656,0.014025207604,3
2.650000,-0.012055989081,0.011447881788,-0.009701475490,0.019248883002,3
2.660000,0.007079980409,0.000632877011,-0.009979918046,0.012252567899,3
2.670000,0.003981101106,-0.013146623587,0.003371765672,0.014143962723,3
2.680000,-0.015963906871,-0.000811280627,0.011598092770,0.019748930471,3
2.690000,-0.006292668722,0.011801488059,-0.006766545404,0.014988626913,3
2.700000,0.010483668210,0.001503295847,-0.008291741280,0.013450656899,3
2.710000,0.012620928517,-0.016683908173,0.011991600337,0.024113048484,3
2.720000,-0.006593636630,0.003254697905,0.012426820403,0.014439354826,3
2.730000,-0.001602084164,0.017276160872,-0.009455152756,0.019759360358,3
2.740000,0.015289838297,0.001564192160,-0.006796125958,0.016805153385,3
2.750000,0.006596743948,-0.015776521927,0.011164401160,0.020422035357,3
2.760000,-0.015189987388,-0.001733532347,0.014014680281,0.020740108838,3
2.770000,-0.003513879669,0.017000621255,-0.010177755317,0.020123498123,3
2.780000,0.008697918345,-0.000392426427,-0.010982629793,0.014015203860,3
2.790000,0.004195916329,-0.013286583368,0.010689356131,0.017561359455,3
2.800000,-0.020614156665,0.006675915207,0.010806767769,0.024213581488,3
2.810000,-0.009551960018,0.016015354916,-0.006088172330,0.019616252843,3
2.820000,0.016626364502,-0.003193691919,-0.006646206189,0.018188120336,3
2.830000,0.006999838164,-0.024811920148,0.026686877753,0.037105505790,3
2.840000,-0.023363397517,0.010054944739,0.019562904084,0.032088276262,3
2.850000,0.003493944394,0.035538491505,-0.026598713405,0.044527335207,3
2.860000,0.063953004040,-0.010439259908,-0.034377264104,0.073353671758,3
2.870000,0.026333208631,-0.041736351657,0.046762484354,0.067985960826,3
2.880000,-0.078811261716,-0.000108828489,0.036547684399,0.086873241288,3
2.890000,-0.016084221114,0.058300493490,-0.075771049921,0.096947933017,3
2.900000,0.079674738547,-0.015348086677,-0.031733470975,0.087124284257,3
2.910000,-0.006217682734,-0.068374309052,0.068117913064,0.096714816844,3
2.920000,-0.135665942554,-0.020970747095,0.038356848751,0.142535146715,3
2.930000,-0.012674430099,0.064135160897,-0.067902643311,0.094258840488,3
2.940000,0.098742677526,-0.029610057237,-0.055966215700,0.117299143878,3
2.950000,-0.001810708428,-0.061830055852,0.061615698687,0.087308240140,3
2.960000,-0.047914236867,0.020968106903,0.053381060313,0.074732678273,3
2.970000,0.021236126392,0.051793289560,-0.062818370079,0.084140748315,3
2.980000,0.043977609186,-0.019648811714,-0.035564205647,0.059874190056,3
2.990000,0.012538153196,-0.031606718402,0.031314131540,0.046225152978,3
3.000000,-0.038296443494,0.006721462203,0.021254636009,0.044312020833,3
3.010000,-0.015330752746,0.039481048348,-0.026920203368,0.050184484731,3
3.020000,0.016372619826,-0.016218308004,-0.010633444556,0.025380432179,3
3.030000,-0.009426210209,-0.026371946877,0.025916418884,0.038157486667,3
3.040000,-0.024990689810,0.017230786806,0.010546982197,0.032135236495,3
3.050000,0.003152734965,0.029362277343,-0.030879443182,0.042727310701,3
3.060000,0.040056877183,-0.010718956222,-0.015279228605,0.044191676353,3
3.070000,-0.006224712584,-0.035807735343,0.039691862872,0.053818072572,3
3.080000,-0.029302307996,0.023130054039,0.010264043456,0.038716601630,3
3.090000,0.028159610329,0.039878369029,-0.042504683794,0.064729406878,3
3.100000,0.053630311818,-0.021091575557,-0.007530760354,0.058118648098,3
3.110000,-0.023213490794,-0.038823482756,0.027301321845,0.052834563901,3
3.120000,-0.079196837910,0.018752334770,0.022950440921,0.084560699694,3
3.130000,0.007672983316,0.046448304594,-0.063845307239,0.079325550291,3
3.140000,0.056738752753,-0.034428473216,-0.011757260698,0.067400586133,3
3.150000,-0.028345117721,-0.051204314306,0.065888138269,0.088128169542,3
3.160000,-0.066468505771,0.049171701153,0.015197998642,0.084064841738,3
3.170000,0.030113681700,0.064096486618,-0.050874213662,0.087197356830,3
3.180000,0.060785849172,-0.042110622830,-0.012526032789,0.075000836743,3
3.190000,-0.011183446665,-0.034582036422,0.087817412922,0.095041489544,3
3.200000,-0.058739202087,0.047068795660,0.037917892843,0.084282453597,3
3.210000,0.033958571316,0.087589622716,-0.053411432442,0.108064368267,3
3.220000,0.085499387085,-0.048996876481,-0.010806278953,0.099134326858,3
3.230000,-0.028027319244,-0.055960913824,0.076287660187,0.098676043682,3
3.240000,-0.058750457200,0.051218316676,-0.004329871533,0.078062026439,3
3.250000,0.029295486234,0.037393082714,-0.066939787529,0.082081686770,3
3.260000,0.050574085169,-0.041960667248,-0.004761883322,0.065887109660,3
3.270000,-0.022336302893,-0.043622616596,0.063011849501,0.079826914529,3
3.280000,-0.049447616394,0.032859754576,0.006812606574,0.059759868191,3
3.290000,0.016401510547,0.011140415412,-0.058593873694,0.061857581898,3
3.300000,0.037526242843,-0.043063709364,0.002836506379,0.057190451429,3
3.310000,-0.029547639903,-0.019117815686,0.035337505452,0.049872770046,3
3.320000,-0.012191588394,0.027076713709,0.001358771769,0.029725906438,3
3.330000,0.023920128960,0.018822706055,-0.029411709751,0.042326298010,3
3.340000,0.034657968530,-0.028361797117,-0.008984070967,0.045675812522,3
3.350000,-0.020897186073,-0.016299239557,0.032641864808,0.042045795677,3
3.360000,-0.025799024545,0.028611221612,0.005235616059,0.038879343424,3
3.370000,0.009766926631,0.022234353868,-0.029970648299,0.038574591472,3
3.380000,0.015325211650,-0.018329261261,-0.003774959585,0.024188308133,3
3.390000,-0.019569674038,-0.008958939910,0.024519882290,0.032626053605,3
3.400000,-0.022063133739,0.019592555220,-0.010348158108,0.031268745845,3
3.410000,0.005402013944,0.015124895966,-0.030767210973,0.034706850962,3
3.420000,0.020607365113,-0.021313108783,0.003438766390,0.029845221011,3
3.430000,-0.014302106678,-0.020654780301,0.045937961094,0.052359015214,3
3.440000,-0.009071781168,0.016378977615,-0.003207922010,0.018996286082,3
3.450000,0.023830129605,0.015058342178,-0.024161409953,0.037126843080,3
3.460000,0.035512133363,-0.025793956265,0.018309925996,0.047557262177,3
3.470000,-0.026960050305,0.000666473083,0.030241757982,0.040519778191,3
3.480000,-0.021975871502,0.036928923573,-0.019643551512,0.047249904132,3
3.490000,0.039019131869,0.021426328814,-0.034282389246,0.056185962933,3
3.500000,0.021340552414,-0.057689021131,0.013887209291,0.063057885457,3
3.510000,-0.053989123416,-0.029610592022,0.037264320698,0.071973899465,3
3.520000,-0.048671875449,0.057099495628,-0.018785437466,0.077344660588,3
3.530000,0.038083774358,0.012481595124,-0.069886366570,0.080562201549,3
3.540000,0.035607513370,-0.059916608913,0.030394533943,0.076037640190,3
3.550000,-0.072152083331,-0.024516731333,0.055987605961,0.094560061683,3
3.560000,-0.061299431017,0.075263672731,-0.029103643199,0.101337370813,3
3.570000,0.134452892910,0.005222028167,-0.122732935578,0.182121452513,3
3.580000,0.057798230170,-0.070367007219,0.061978720679,0.110152226181,3
3.590000,-0.071430820544,-0.023114363017,0.095662274640,0.121605537253,3
3.600000,-0.043314686574,0.145608822196,-0.077529870035,0.170554894160,3
3.610000,0.081612725759,0.010370666750,-0.094727272707,0.125464911147,3
3.620000,0.043103981934,-0.134193314414,0.065258761105,0.155320651534,3
3.630000,-0.120706968457,-0.023237552150,0.063639213684,0.138420033168,3
3.640000,-0.051018288986,0.099445640730,-0.101602975942,0.151047893039,3
3.650000,0.049242934134,-0.007927367830,-0.125690328449,0.135224880804,3
3.660000,0.030101682327,-0.146816030824,0.068297319775,0.164698458021,3
3.670000,-0.088531558325,-0.043896099847,0.076128644703,0.124740831108,3
3.680000,-0.051986872860,0.108754859681,-0.061549427976,0.135346172972,3
3.690000,0.130120253170,-0.003313516976,-0.075183474214,0.150315715994,3
3.700000,0.040365688157,-0.099453797159,0.088506488680,0.139118097630,3
3.710000,-0.073842191414,0.017258235811,0.075981175549,0.107348288174,3
3.720000,-0.030219514986,0.077809937384,-0.036255075358,0.091005691750,3
3.730000,0.069533914087,-0.022084703769,-0.057737654866,0.093039433243,3
3.740000,0.027987386467,-0.064393564486,0.061954116488,0.093638333487,3
3.750000,-0.089132091312,0.015670679757,0.050267404694,0.103522518711,3
3.760000,-0.053396391492,0.064458465119,-0.045456181202,0.095248794004,3
3.770000,0.049534170897,-0.006787468095,-0.062378432001,0.079942307875,3
3.780000,0.007669324944,-0.087395824148,0.079231503650,0.118213703919,3
3.790000,-0.080813374203,0.024163087502,0.064922058682,0.106440264708,3
3.800000,-0.024133874531,0.127630696643,-0.061021863937,0.143512043062,3
3.810000,0.131780324619,-0.022174569198,-0.038581235315,0.139090895440,3
3.820000,0.057730624646,-0.080218787218,0.090431209846,0.133961496554,3
3.830000,-0.091566010997,0.039049745148,0.051259903426,0.111967828707,3
3.840000,-0.008466856753,0.093100203140,-0.090321064726,0.129989346569,3
3.850000,0.053031050910,0.017433703513,-0.069181246163,0.088894719750,3
3.860000,0.007611119129,-0.078813923374,0.061862747572,0.100481655983,3
3.870000,-0.078639235390,0.003757448834,0.024519523299,0.082458806609,3
3.880000,-0.016914490858,0.041038283540,-0.039334501272,0.059308040831,3
3.890000,0.017869771038,-0.003493636830,-0.010829303223,0.021185089652,3
3.900000,0.001436822565,-0.021608033012,0.028238455954,0.035586260613,3
3.910000,-0.026334396450,-0.000402293062,0.017972715662,0.031885432165,3
3.920000,0.002097302380,0.016578932436,-0.012284288654,0.020740381523,3
3.930000,0.013991099742,-0.005261594333,-0.004589828730,0.015636552519,3
3.940000,0.005673399919,-0.016169303965,0.013252864557,0.021662693192,3
3.950000,-0.013050197700,0.004402062542,0.006411024481,0.015191676982,3
3.960000,-0.000502562975,0.014646354354,-0.010725805284,0.018160703852,3
3.970000,0.011628260765,-0.002431992385,-0.006459780288,0.013522566204,3
3.980000,-0.004405035999,-0.014871073962,0.013124438011,0.020317579975,3
3.990000,-0.013366593531,0.001818562938,0.003414509095,0.013915166766,3
4.000000,-0.006428309816,0.010826724235,-0.013577546645,0.018517313456,3
4.010000,0.005435163372,-0.001316368693,-0.003874590042,0.006803401753,3
4.020000,-0.003616010793,-0.012534168199,0.012242944871,0.017890517198,3
4.030000,-0.012289912225,0.006739815265,0.004757407129,0.014802026041,3
4.040000,0.001817937732,0.008998232217,-0.012737311839,0.015700706784,3
4.050000,0.010307873198,-0.004161253455,-0.000909640781,0.011153283217,3
4.060000,-0.001847350228,-0.006166405397,0.008787652308,0.010893121291,3
4.070000,-0.009474914157,0.005834743086,0.004589245040,0.012036585695,3
4.080000,0.001364172816,0.011078358651,-0.005557133419,0.012468870427,3
4.090000,0.011626329975,-0.006161975503,-0.001192759056,0.013212273270,3
4.100000,-0.005597659141,-0.013489261511,0.014512272715,0.020588832491,3
4.110000,-0.008054796967,0.006881297988,-0.000326245688,0.010598983556,3
4.120000,-0.003303518304,0.006222073806,-0.012949439976,0.014741622411,3
4.130000,0.006412449712,-0.006815469676,-0.002210877498,0.009615514418,3
4.140000,-0.004931859610,-0.007437571062,0.010297867397,0.013626693489,3
4.150000,-0.018231040470,0.013422710010,-0.000498223593,0.022644827387,3
4.160000,0.010723026428,0.015921363833,-0.017933187175,0.026269227707,3
4.170000,0.018057215173,-0.013731922876,-0.003607116931,0.022970416153,3
4.180000,0.002166667433,-0.012579215846,0.016966645196,0.021232008107,3
4.190000,-0.009672749844,0.014081788054,0.002538285830,0.017271413934,3
4.200000,0.006479566642,0.013747075309,-0.016428311463,0.022379818608,3
4.210000,0.016914900753,-0.011731070426,0.001889825966,0.020671316431,3
4.220000,-0.011939055540,-0.007623600256,0.017942861828,0.022860590951,3
4.230000,-0.019368787591,0.005475269803,-0.000793149238,0.020143425673,3
4.240000,0.004299139816,0.010941462093,-0.018590507735,0.021995571684,3
4.250000,0.008646913526,-0.012101289895,0.001083195693,0.014912533104,3
4.260000,-0.007984127144,-0.010759438172,0.015671650401,0.020618254589,3
4.270000,-0.016086812579,0.012439896153,0.003152649101,0.020578526468,3
4.280000,0.010503073750,0.005210994981,-0.008661493560,0.014577053803,3
4.290000,0.012524465089,-0.007429566918,-0.000013814580,0.014562310298,3
4.300000,-0.004114502426,-0.006381050081,0.015261601998,0.017045921092,3
4.310000,-0.002275610072,0.004483946091,-0.000037559056,0.005028477347,3
4.320000,0.007448850719,0.008556780276,-0.011202614861,0.015943727464,3
4.330000,0.014603986343,-0.008608553635,-0.002602687102,0.017151023087,3
4.340000,-0.007737987424,-0.007526774943,0.012714495955,0.016678944745,3
4.350000,-0.007820020361,0.005863372061,-0.002407588938,0.010066197638,3
4.360000,0.004997724769,0.004405588986,-0.011576728461,0.013356912406,3
4.370000,0.004055163678,-0.006420935501,0.000608956582,0.007618634608,3
4.380000,-0.020063983715,-0.010446714978,0.017457931392,0.028574055799,3
4.390000,-0.010132636124,0.006995228152,-0.002269312412,0.012520116235,3
4.400000,0.010525867134,0.006668464338,-0.015843952661,0.020156714302,3
4.410000,0.011319393129,-0.010675925142,0.001671184643,0.015649181977,3
4.420000,-0.005379339081,-0.004271416910,0.009889202454,0.012040706646,3
4.430000,-0.005300684684,0.011369945581,-0.000398198750,0.012551154644,3
4.440000,0.009473779185,0.007199300466,-0.011057664815,0.016243594750,3
4.450000,0.015596780585,-0.013924049420,0.003063014914,0.021131038243,3
4.460000,-0.008190418112,-0.007212408373,0.012091537127,0.016288248939,3
4.470000,-0.007405885765,0.011212187660,-0.004630902346,0.014212865743,3
4.480000,0.006120535017,0.000922222382,-0.015755637111,0.016927833405,3
4.490000,0.004855040636,-0.011594635211,0.004513477672,0.013355840144,3
4.500000,-0.012226187603,-0.000863872188,0.014299141156,0.018833251877,3
4.510000,-0.008872869190,0.012085062276,-0.004097481367,0.015542390145,3
4.520000,0.010297520126,0.002298976808,-0.015347371500,0.018624339642,3
4.530000,0.006149000465,-0.010664149469,0.005935382274,0.013666127958,3
4.540000,-0.002645825400,0.001398868964,0.013527380547,0.013854502910,3
4.550000,-0.008278633492,0.012055913202,-0.006415524793,0.015969964747,3
4.560000,0.014481328508,0.002412959535,-0.018698414498,0.023773135128,3
4.570000,0.014254418608,-0.016677388923,0.007200764514,0.023090577315,3
4.580000,-0.021264451735,-0.005755110470,0.017714946716,0.028268667129,3
4.590000,-0.016759954920,0.016012163037,-0.010066201744,0.025270810664,3
4.600000,0.009249821353,0.004486492892,-0.015041250673,0.018218864820,3
4.610000,0.006568974899,-0.022441990750,0.003125303051,0.023591564154,3
4.620000,-0.014839996578,-0.003994805096,0.016351086644,0.022439741545,3
4.630000,-0.008404373831,0.013708602380,-0.009312636414,0.018581831871,3
4.640000,0.009535240996,0.003294496540,-0.017628671094,0.020311193290,3
4.650000,0.009590733855,-0.013178882824,0.007717127199,0.018033834328,3
4.660000,-0.013106391605,-0.000460055054,0.016831074759,0.021337156069,3
4.670000,-0.002503024140,0.013518820790,-0.004987687991,0.014625343650,3
4.680000,0.010977748488,-0.000906069956,-0.006980744494,0.013040809726,3
4.690000,0.008105862783,-0.012139550788,0.012736014426,0.019372138969,3
4.700000,-0.015615789465,0.001636514372,0.012335252654,0.019967211071,3
4.710000,-0.004016365589,0.012504076284,-0.004946174878,0.014033807829,3
4.720000,0.011619835075,-0.000751759677,-0.010257812761,0.015518003493,3
4.730000,0.005247286126,-0.017489648629,0.008233647139,0.020030346130,3
4.740000,-0.010025186856,0.000099977764,0.005844019400,0.011604608128,3
4.750000,-0.004260067078,0.011307539179,-0.004944161572,0.013055778316,3
4.760000,0.015340922303,0.001324241412,-0.008658332831,0.017665340072,3
4.770000,0.008491276487,-0.010640167437,0.007245849796,0.015421325453,3
4.780000,-0.008448380271,0.002718786032,0.006531977824,0.011019694232,3
4.790000,0.002759332864,0.014302437944,-0.006795864671,0.016073500727,3
4.800000,0.016301411455,-0.002826155178,-0.007710082377,0.018252904940,3
4.810000,0.003562674120,-0.012880433630,0.008732136723,0.015963972849,3
4.820000,-0.011760201004,0.005761758728,0.004258491280,0.013770800241,3
4.830000,-0.006011543498,0.012359559760,-0.009642313722,0.016789031735,3
4.840000,0.008507979435,-0.001635323388,-0.005876002585,0.010468400214,3
4.850000,-0.001769769699,-0.012827729542,0.002240977516,0.013141716411,3
4.860000,-0.018867460976,0.004133459172,0.004311917213,0.019790381463,3
4.870000,0.000047309613,0.013237686215,-0.015146499516,0.020116038927,3
4.880000,0.013185862350,-0.000378088525,-0.008311660528,0.015591459764,3
4.890000,0.002098973259,-0.011311762604,0.011680830442,0.016395226798,3
4.900000,-0.019936365216,0.001590181820,0.012960185330,0.023831780043,3
4.910000,0.003420184700,0.011211128980,-0.012495440383,0.017132516066,3
4.920000,0.016247678226,-0.004448846144,-0.008472976375,0.018856579977,3
4.930000,-0.001196563313,-0.007905685072,0.008072518326,0.011362093661,3
4.940000,-0.008379496813,0.002813422341,0.007805597560,0.011792313827,3
4.950000,-0.005596716267,0.015750752796,-0.012120805937,0.020647599938,3
4.960000,0.012596648736,-0.006329740744,-0.005003883438,0.014959278950,3
4.970000,-0.006313592243,-0.017369978467,0.012952676878,0.022568771284,3
4.980000,-0.017812093710,0.004907791167,0.001494110776,0.018536166364,3
4.990000,-0.005859542104,0.015925734079,-0.016611815848,0.023746908544,3
5.000000,0.012450406945,-0.008314465697,-0.007257542225,0.016637755019,3
5.010000,0.001072369483,-0.011910564371,0.011383159391,0.016510234331,3
5.020000,-0.020851731811,0.002995969346,0.003062532728,0.021287312149,3
5.030000,0.002343506810,0.019691590808,-0.018341432156,0.027012199212,3
5.040000,0.017846085689,-0.008347099876,-0.003453398599,0.020002070209,3
5.050000,0.001534796366,-0.012649364403,0.011905327696,0.017438430183,3
5.060000,-0.020289436943,0.009917819502,0.008859462633,0.024259317247,3
5.070000,0.002609875636,0.012357018618,-0.013668323489,0.018609955050,3
5.080000,0.009127082818,-0.006311253730,-0.003368775305,0.011596732792,3
5.090000,-0.005466540009,-0.011439179175,0.017438239882,0.021559918600,3
5.100000,-0.015000630319,0.009259448914,0.000895402032,0.017651007024,3
5.110000,-0.002292465282,0.007598891671,-0.010869038744,0.013458623812,3
5.120000,0.012913819554,-0.007356372165,0.001874229354,0.014979842542,3
5.130000,-0.000769865260,-0.007233710336,0.012464258730,0.014431805273,3
5.140000,-0.015072890100,0.009853919743,0.002263467577,0.018149794372,3
5.150000,0.003212924347,0.007392659557,-0.010528365692,0.013259742921,3
5.160000,0.012109788299,-0.008128998514,-0.000276584482,0.014587806157,3
5.170000,-0.004603027877,-0.009057920602,0.013256505301,0.016702356842,3
5.180000,-0.010692182613,0.010452200461,0.002648330953,0.015185022896,3
5.190000,0.003879192626,0.008684409393,-0.007445356347,0.012078925162,3
5.200000,0.012002100995,-0.011135178777,-0.002243468490,0.016525004858,3
5.210000,-0.008882807469,-0.011624126202,0.015702809774,0.021461659146,3
5.220000,-0.010732401670,0.011103483496,0.001475332368,0.015512846191,3
5.230000,0.003418646468,0.007149453145,-0.012220747526,0.014565318193,3
5.240000,0.015272400194,-0.008867326529,0.000566612653,0.017669089884,3
5.250000,-0.005862873169,-0.008125947209,0.009401184368,0.013739962422,3
5.260000,-0.004894160867,0.006519997714,0.002142126124,0.008429228026,3
5.270000,0.008255451264,0.011227672521,-0.017874045685,0.022664832119,3
5.280000,0.015614205003,-0.009449740713,0.000362855389,0.018254661362,3
5.290000,-0.001060380811,-0.007242749539,0.011589410232,0.013707525593,3
5.300000,-0.006758977763,0.005129869586,0.001363471875,0.008594090872,3
5.310000,0.006630159413,0.008866931422,-0.012674709218,0.016829430781,3
5.320000,0.007996153434,-0.011349617313,0.001787893576,0.013998172964,3
5.330000,-0.008654723571,-0.007298168285,0.015268597574,0.019007829237,3
5.340000,-0.013362328880,0.011471740393,-0.000973677802,0.017638047205,3
5.350000,0.006659686505,0.006265723381,-0.016682580847,0.019024174556,3
5.360000,0.011725909621,-0.008826498752,-0.002371272407,0.014866975802,3
5.370000,-0.006782438078,-0.007573652523,0.010089502077,0.014323398025,3
5.380000,-0.008314856871,0.016834662395,-0.007582605891,0.020249410234,3
5.390000,0.013741867019,0.005163987558,-0.015172840052,0.021112099657,3
5.400000,0.020066983455,-0.015049393630,0.003395772862,0.025312039566,3
5.410000,-0.008772386770,-0.010409819380,0.017334626444,0.022041061297,3
5.420000,-0.016080976869,0.010569015136,-0.003185976177,0.019505187572,3
5.430000,0.008474188944,0.000829265381,-0.015057276460,0.017298009531,3
5.440000,0.005024975639,-0.008624208455,-0.000748779769,0.010009396724,3
5.450000,-0.014523519162,-0.005306735038,0.015895865737,0.022175946274,3
5.460000,-0.018332935874,0.013653183682,-0.005897554497,0.023606929310,3
5.470000,0.004845978934,0.008541717064,-0.010600272209,0.014450266888,3
5.480000,0.011657808864,-0.016831561983,0.001235759507,0.020511779246,3
5.490000,-0.011989247530,-0.008618921436,0.012858669635,0.019579919506,3
5.500000,-0.005404718946,0.008273592802,-0.000684066702,0.009906122955,3
5.510000,0.010175889617,0.003837139647,-0.010883654739,0.015385912733,3
5.520000,0.010184687059,-0.011654715985,0.005016811168,0.016270483997,3
5.530000,-0.010301772532,-0.007468624054,0.010293280496,0.016366382799,3
5.540000,-0.006098831331,0.007544736377,-0.007863852395,0.012488353178,3
5.550000,0.006432580484,-0.000886894456,-0.013413987448,0.014903010861,3
5.560000,0.008774797165,-0.012191155892,0.008507393182,0.017262592100,3
5.570000,-0.012025441247,-0.000491884729,0.006482217497,0.013670125510,3
5.580000,-0.006324881864,0.008682234782,-0.010774858609,0.015214562414,3
5.590000,0.003878597503,0.003115764708,-0.008043364906,0.009457654431,3
5.600000,0.008928712364,-0.012229331853,0.008309872394,0.017272302720,3
5.610000,-0.011697208246,-0.007692909182,0.010568826218,0.017541539843,3
5.620000,-0.003874271409,0.012410055391,-0.009080430377,0.015857921352,3
5.630000,0.012097308008,0.000998069643,-0.010175170469,0.015839037159,3
5.640000,0.011634674957,-0.008296679164,0.008777389588,0.016770304544,3
5.650000,-0.010891453412,0.001212732019,0.008428311751,0.013825010501,3
5.660000,-0.005127845720,0.011901825867,-0.008491744640,0.015493804818,3
5.670000,0.016221300300,-0.000109974961,-0.015491486638,0.022430533569,3
5.680000,0.007189605461,-0.014269372885,0.008429159852,0.018065330471,3
5.690000,-0.015304329772,0.000853776635,0.008582500629,0.017567320836,3
5.700000,-0.006908848850,0.011553763215,-0.006287933774,0.014857986001,3
5.710000,0.005412306256,0.002426301617,-0.009517896057,0.011214737799,3
5.720000,0.001055367949,-0.012550957611,0.011613896167,0.017132510693,3
5.730000,-0.013996196460,0.002418402591,0.010832473889,0.017862941443,3
5.740000,-0.002220039834,0.017636565321,-0.010656116585,0.020725101541,3
5.750000,0.015806381417,-0.001886499915,-0.008086005233,0.017854524806,3
5.760000,0.010471533458,-0.011286140329,0.007797986391,0.017258000123,3
5.770000,-0.005206698625,-0.001947046124,0.008249413096,0.009947538169,3
5.780000,-0.000994648332,0.012922758222,-0.006336119904,0.014426829894,3
5.790000,0.017140207798,0.003302258475,-0.008487060670,0.019409323358,3
5.800000,0.003165946156,-0.019313368122,0.016867568435,0.025836878066,3
5.810000,-0.018264585403,0.001598818314,0.009795904387,0.020787280792,3
5.820000,-0.006675742669,0.019122104241,-0.012376501526,0.023736010634,3
5.830000,0.007678433878,-0.005884492026,-0.012339992168,0.015679955355,3
5.840000,0.006630716561,-0.017937716145,0.008980069588,0.021127463463,3
5.850000,-0.013491373187,0.001288207892,0.007054693832,0.015278917995,3
5.860000,-0.006297347675,0.018315508106,-0.012469800734,0.023034981122,3
5.870000,0.022079023206,-0.007831115274,-0.010624381912,0.025723279790,3
5.880000,0.008580984580,-0.017172023024,0.020373647803,0.027992806145,3
5.890000,-0.020181828108,0.000209332499,0.013295045610,0.024168331420,3
5.900000,0.005685296886,0.020689924408,-0.010307198959,0.023804073666,3
5.910000,0.025604293385,-0.002230227335,-0.007290843133,0.026715354149,3
5.920000,0.005395228440,-0.021048394396,0.034281238424,0.040587519073,3
5.930000,-0.041599616507,0.009112216904,0.018540847053,0.046446997749,3
5.940000,-0.009300028478,0.041212011552,-0.030948394793,0.052371018380,3
5.950000,0.037123988259,-0.002204656054,-0.037831799022,0.053049939018,3
5.960000,-0.009070581100,-0.063531464411,0.038942140977,0.075066722025,3
5.970000,-0.058064089819,0.028485164108,0.036818159116,0.074420561282,3
5.980000,-0.001138273769,0.059011346661,-0.060208866017,0.084313357476,3
5.990000,0.057716098417,-0.042815494782,-0.004731648034,0.072018769102,3
6.000000,0.017882643445,-0.015120931851,0.058567602049,0.063076108998,3
6.010000,-0.036686380227,0.015018320685,0.016662583816,0.043000955219,3
6.020000,0.004594433865,0.034359022902,-0.026483917887,0.043623951953,3
6.030000,0.021366315888,-0.010014111364,-0.006234557763,0.024406384237,3
6.040000,-0.000461180741,-0.018762884963,0.015798093694,0.024532392957,3
6.050000,-0.018984129998,0.006629535908,0.009081413535,0.022063998050,3
6.060000,-0.001746307796,0.013516233258,-0.017878243943,0.022480430576,3
6.070000,0.012641403901,-0.004960122964,-0.005648192256,0.014707480687,3
6.080000,-0.003279494017,-0.008922769641,0.006841695027,0.011712373369,3
6.090000,-0.010228902703,0.005022336699,0.001480324164,0.011491112916,3
6.100000,0.001130812230,0.007286877130,-0.009977135027,0.012406471616,3
6.110000,0.017961964970,-0.004629406135,-0.005006687183,0.019212769277,3
6.120000,0.001445241421,-0.007523551601,0.006658517569,0.010150291014,3
6.130000,-0.006104889211,0.005164766948,0.000856260198,0.008042242935,3
6.140000,0.004570938160,0.009298048925,-0.011482819975,0.015466167724,3
6.150000,0.008641833613,-0.003684991168,0.000525218106,0.009409373101,3
6.160000,-0.000049138488,-0.012007896810,0.011968238659,0.016953782380,3
6.170000,-0.011805812204,0.005969744606,0.000409073100,0.013235648577,3
6.180000,0.000245989430,0.008681212923,-0.009286015594,0.012714324765,3
6.190000,0.010910831925,-0.004900567570,-0.000387406975,0.011967117446,3
6.200000,-0.009691612169,-0.015375063521,0.015027725334,0.023582884757,3
6.210000,-0.022297629609,0.009531673163,0.006686993587,0.025154581346,3
6.220000,0.006525795396,0.010848040470,-0.010265913275,0.016298925209,3
6.230000,0.015975039656,-0.007550531448,-0.000456848787,0.017675438551,3
6.240000,-0.004478896490,-0.006470440925,0.011118580869,0.013621672440,3
6.250000,-0.006130564114,0.010293233041,-0.000993882010,0.012021741315,3
6.260000,0.006590266020,0.008322433956,-0.012456318299,0.016366257322,3
6.270000,0.025377573560,-0.007602424435,-0.001278262312,0.026522670522,3
6.280000,-0.008689244697,-0.010430479432,0.013394242346,0.019071014725,3
6.290000,-0.014915513483,0.017111501002,-0.001149688428,0.022728787748,3
6.300000,0.004087773924,0.008004143646,-0.021027053365,0.022867295082,3
6.310000,0.007603370677,-0.007442268276,0.001901530743,0.010808072071,3
6.320000,-0.011247371006,-0.007610217237,0.018236212619,0.022737154871,3
6.330000,-0.020224036021,0.011059657870,-0.008227203299,0.024474773529,3
6.340000,0.010368429955,0.011788066807,-0.018304754506,0.024114868781,3
6.350000,0.013516839645,-0.012153835548,0.004508100648,0.018728151109,3
6.360000,-0.005715517395,-0.003917434309,0.016721190460,0.018100045333,3
6.370000,-0.010852019271,0.011661854890,-0.003299393289,0.016268103080,3
6.380000,0.016116785458,0.013653906015,-0.024822626537,0.032593599236,3
6.390000,0.020317732557,-0.011047145059,0.005456993262,0.023761911659,3
6.400000,-0.018936052435,-0.005163064320,0.020283060584,0.028224703039,3
6.410000,-0.011194424867,0.022052659368,-0.003532395125,0.024982248670,3
6.420000,0.009027830203,0.007885282506,-0.019660635424,0.023026506111,3
6.430000,0.010948692581,-0.025473639167,0.004214429784,0.028045348635,3
6.440000,-0.033194567627,-0.014146533701,0.032878873316,0.048816227284,3
6.450000,-0.027657222048,0.037780368713,-0.012230964411,0.048392919750,3
6.460000,0.015838255656,0.005269470235,-0.033345162668,0.037289643766,3
6.470000,0.040197542967,-0.025800865447,0.003409006326,0.047886829531,3
6.480000,-0.016395172168,-0.023548501381,0.061842581823,0.068175057860,3
6.490000,-0.024401746285,0.054088167927,0.002513253145,0.059391005825,3
6.500000,0.047497691942,0.020059996258,-0.044857802985,0.068342202762,3
6.510000,0.039420520926,-0.061075481414,0.013894070932,0.074008358360,3
6.520000,-0.059765773069,-0.027200442850,0.056982136314,0.086941219112,3
6.530000,-0.029535125539,0.043313587765,-0.030727999632,0.060766771241,3
6.540000,0.028764565918,0.021906834231,-0.079159458425,0.087026027696,3
6.550000,0.019757516754,-0.035130716662,0.019586434261,0.044812443903,3
6.560000,-0.071455678748,-0.017217069054,0.054385887568,0.091433944784,3
6.570000,-0.049525939252,0.050065794074,-0.033425065728,0.077952789649,3
6.580000,0.069102656476,0.029105418551,-0.078104348911,0.108270918717,3
6.590000,0.048166428542,-0.084243239702,0.048013277586,0.108269123477,3
6.600000,-0.051713555075,0.004506594388,0.085996517642,0.100449003071,3
6.610000,-0.029321960954,0.096570869200,-0.063463573227,0.119219693419,3
6.620000,0.108123443074,-0.012468050146,-0.067854479443,0.128258963029,3
6.630000,0.087317536698,-0.096518127694,0.077450401200,0.151455161136,3
6.640000,-0.096703826335,-0.020821441564,0.091954605979,0.135058550330,3
6.650000,-0.055649351696,0.075975804995,-0.047190304952,0.105338018637,3
6.660000,0.045403612041,0.009383618944,-0.082633286290,0.094751254841,3
6.670000,0.039413676700,-0.062003983612,0.035856086131,0.081753231174,3
6.680000,-0.100537965105,0.014402998138,0.040085641569,0.109188769765,3
6.690000,-0.054168697531,0.077822568057,-0.054598041527,0.109414560410,3
6.700000,0.055170049096,0.000510919338,-0.065187821811,0.085401683053,3
6.710000,0.034994949319,-0.071868752511,0.040224947947,0.089486370485,3
6.720000,-0.051745420458,-0.005576049756,0.042151951173,0.066973635537,3
6.730000,-0.008111228499,0.043449396977,-0.022573760501,0.049630804835,3
6.740000,0.055954521894,-0.011038575720,-0.050143308450,0.075941491009,3
6.750000,0.023211869847,-0.033942021032,0.021359599529,0.046336639775,3
6.760000,-0.038404434011,-0.003971469220,0.042142674709,0.057154861133,3
6.770000,-0.011368528559,0.047042442546,-0.032414885505,0.058249117115,3
6.780000,0.027680666938,-0.009608176209,-0.022247569341,0.036789818072,3
6.790000,0.003958968187,-0.030809098093,0.027463216986,0.041462057856,3
6.800000,-0.026864960053,-0.001351210743,0.019371913999,0.033148497720,3
6.810000,-0.009285676332,0.023312028023,-0.013800597801,0.028637928263,3
6.820000,0.017357448568,-0.003969673146,-0.015358909448,0.023514578991,3
6.830000,0.001111502995,-0.022953948583,0.019597824032,0.030202547927,3
6.840000,-0.016621433301,0.004833021148,0.010319293363,0.020152368444,3
6.850000,0.004204126262,0.019300615574,-0.013590194181,0.023976693205,3
6.860000,0.021031212426,-0.000704191854,-0.008160579598,0.022569954400,3
6.870000,0.013253392870,-0.016814689276,0.025820920867,0.033542602052,3
6.880000,-0.011438606291,-0.000900047182,0.007371745620,0.013637977573,3
6.890000,-0.000327554013,0.011979994275,-0.013257959941,0.017871794993,3
6.900000,0.009113628429,-0.002512884035,-0.006416491538,0.011425592894,3
6.910000,-0.002853572651,-0.014450324297,0.013984885908,0.020310878441,3
6.920000,-0.020509539793,0.002554761786,0.005853144174,0.021480859550,3
6.930000,-0.002472363404,0.010542126488,-0.011405104888,0.015726583520,3
6.940000,0.008201150786,-0.001522253247,-0.005847179589,0.010186542019,3
6.950000,-0.003535865688,-0.007149444219,0.009027376466,0.012046178841,3
6.960000,-0.012110788695,0.004402034966,0.002329336731,0.013094843423,3
6.970000,0.003541321542,0.009873525873,-0.006850082268,0.012528012553,3
6.980000,0.012606168551,-0.002757166090,-0.005837666672,0.014163184760,3
6.990000,0.001269549513,-0.012503929304,0.015785943574,0.020178107407,3
7.000000,-0.004704192668,0.003620341197,0.002265935787,0.006353799181,3
7.010000,0.002790917324,0.014237902518,-0.011755839027,0.018673693765,3
7.020000,0.016039296618,-0.010023636417,-0.009920888360,0.021357817043,3
7.030000,-0.006569239437,-0.015954437406,0.011898309963,0.020958739459,3
7.040000,-0.022370571779,0.009213578310,0.005759858432,0.024869830642,3
7.050000,-0.003842343621,0.010949572418,-0.015474607217,0.019342187290,3
7.060000,0.012702249076,-0.004109045588,-0.006113455933,0.014683519016,3
7.070000,-0.003438333476,-0.016849644158,0.019237116559,0.025803087003,3
7.080000,-0.019426784735,0.004918498198,0.007483963993,0.021391617674,3
7.090000,0.003726369988,0.017860500824,-0.024361699128,0.030436420739,3
7.100000,0.022706734661,-0.005537152714,-0.002518157573,0.023507381324,3
7.110000,0.002362758651,-0.019741678946,0.025324314565,0.032196854260,3
7.120000,-0.016149116627,0.008625038857,0.006266709516,0.019350889160,3
7.130000,0.003289059273,0.009311557366,-0.010260063789,0.014240502815,3
7.140000,0.006456985915,-0.007157233232,-0.001700495419,0.009788275605,3
7.150000,-0.004168349336,-0.006104880438,0.008979845017,0.011631092721,3
7.160000,-0.018596399263,0.009991352972,0.001478115095,0.021162183819,3
7.170000,0.000261771704,0.003807203274,-0.008463751538,0.009284309953,3
7.180000,0.009819447725,-0.007191882608,0.001518133058,0.012265783997,3
7.190000,-0.005846996269,-0.009304133437,0.007501178563,0.013304959384,3
7.200000,-0.007709157682,0.003835223231,0.000757538180,0.008643721044,3
7.210000,0.007887860390,0.009454821365,-0.011233017401,0.016667113383,3
7.220000,0.019597144804,-0.011498758774,0.004898216445,0.023243538073,3
7.230000,-0.004586611196,-0.010929217849,0.014757782350,0.018928205012,3
7.240000,-0.006460565474,0.007391333142,0.001731602006,0.009968407966,3
7.250000,0.006785115137,0.012399672522,-0.017247155498,0.022299193682,3
7.260000,0.008612960149,-0.008839307589,-0.001908355946,0.012488325092,3
7.270000,-0.013286423098,-0.008872626834,0.011640936220,0.019767750043,3
7.280000,-0.013810873273,0.007862694591,0.000782604904,0.015911463076,3
7.290000,0.003974453306,0.008084982783,-0.013516302359,0.016243572733,3
7.300000,0.009372470195,-0.006291508404,-0.000273754268,0.011291643678,3
7.310000,-0.012689152254,-0.007240740281,0.014024692108,0.020251787414,3
7.320000,-0.006627601000,0.008526852772,-0.000863941967,0.010834145510,3
7.330000,0.015684210573,0.008176989538,-0.017116554391,0.024613696460,3
7.340000,0.015434135209,-0.011605105733,0.001325954959,0.019355856097,3
7.350000,-0.000145254877,-0.005617370839,0.013530477572,0.014650930942,3
7.360000,-0.004485807360,0.008244339364,-0.000760369627,0.009416462244,3
7.370000,0.005431405897,0.006374979739,-0.008601921901,0.012005565254,3
7.380000,0.012749588317,-0.010978351381,-0.001225118084,0.016869413613,3
7.390000,-0.010760439920,-0.010694359157,0.011076888296,0.018784404153,3
7.400000,-0.007722612178,0.008891920007,-0.002731502491,0.012089916712,3
7.410000,0.007828406674,0.007738856484,-0.019952910969,0.022787990409,3
7.420000,0.005788584499,-0.013487789819,0.002394944078,0.014871581686,3
7.430000,-0.017414399056,-0.009805000594,0.019863314524,0.028177128934,3
7.440000,-0.010224388561,0.017805170344,-0.000452873368,0.020536974137,3
7.450000,0.012497561564,0.006531257669,-0.016317647188,0.021566455006,3
7.460000,0.014846727134,-0.016033784226,0.006261910157,0.022731455343,3
7.470000,-0.009401796608,-0.005506784691,0.012662079466,0.016704691362,3
7.480000,-0.010515937734,0.011024179975,-0.005698335496,0.016266177116,3
7.490000,0.011096387752,0.008158273764,-0.016057597124,0.021154991784,3
7.500000,0.014645357072,-0.021962097716,0.007263181114,0.027378349471,3
7.510000,-0.015513928613,-0.010171013698,0.017556272242,0.025541225414,3
7.520000,-0.007784605708,0.017339236144,-0.005740618551,0.019854568679,3
7.530000,0.012425327576,0.008069052233,-0.020555102438,0.025337928202,3
7.540000,0.004131126592,-0.009454076045,0.005794281717,0.011832981932,3
7.550000,-0.019441915655,-0.007199830751,0.015289495364,0.025760324448,3
7.560000,-0.009351281185,0.009763633093,-0.003101254035,0.013870571998,3
7.570000,0.012469370938,0.004904657691,-0.011487024499,0.017649153252,3
7.580000,0.008709700887,-0.013542999934,0.003537651871,0.016485955159,3
7.590000,-0.006744269316,-0.008291692715,0.017582808845,0.020576503677,3
7.600000,-0.006000049019,0.014708966470,-0.002729358846,0.016118426801,3
7.610000,0.006876311409,0.001483261103,-0.006628495858,0.009665437364,3
7.620000,0.006124430407,-0.009734152501,0.003310927118,0.011967648520,3
7.630000,-0.013431111036,-0.002409148608,0.008864079213,0.016271774364,3
7.640000,-0.008855658304,0.009716466953,-0.003635823836,0.013640074377,3
7.650000,0.006784597825,0.000758201138,-0.013394778503,0.015034152047,3
7.660000,0.003915605235,-0.009130060393,0.008017752946,0.012766139958,3
7.670000,-0.014858980103,-0.005132289322,0.016738659174,0.022963283614,3
7.680000,-0.003910769840,0.015719597792,-0.006621660959,0.017499893409,3
7.690000,0.012874869803,0.000401606108,-0.015110928636,0.019856075246,3
7.700000,0.006181423041,-0.013867178684,0.008637343279,0.017467465025,3
7.710000,-0.006180729046,0.002227437707,0.010045366806,0.012003011478,3
7.720000,-0.003738301329,0.016491478198,-0.010538325410,0.019924860161,3
7.730000,0.014007486932,0.000897584074,-0.007021026745,0.015694271690,3
7.740000,-0.000785535262,-0.021950790908,0.012112655165,0.025083275350,3
7.750000,-0.019717382667,0.003778777399,0.011416071531,0.023095043344,3
7.760000,-0.011146440713,0.016572562286,-0.013301217723,0.023996152904,3
7.770000,0.014611795861,0.004547854318,-0.011754221681,0.019296354177,3
7.780000,-0.001176627338,-0.018153711722,0.014057503632,0.022990326434,3
7.790000,-0.029490697408,0.006584023209,0.013092927857,0.032931373417,3
7.800000,-0.003171188956,0.021842452447,-0.011917497609,0.025083379309,3
7.810000,0.020646899002,-0.003403745209,-0.018305995145,0.027802686526,3
7.820000,0.010437150836,-0.027973491442,0.020773607150,0.036372972040,3
7.830000,-0.012797088049,-0.000386733321,0.015325030296,0.019969265854,3
7.840000,-0.001626656956,0.029785259687,-0.032338102632,0.043995006413,3
7.850000,0.039129268159,-0.008251487777,-0.020705231405,0.045032136133,3
7.860000,0.013718557540,-0.048077598924,0.033240151694,0.060038004830,3
7.870000,-0.028526247748,0.008328150775,0.020487375009,0.036094839530,3
7.880000,-0.020442607122,0.055237213302,-0.038500482829,0.070365738093,3
7.890000,0.036454962853,-0.004348258487,-0.030897568742,0.047984699881,3
7.900000,0.003247302770,-0.061095641280,0.042644089525,0.074577079121,3
7.910000,-0.056592411254,0.020426267739,0.021890467563,0.064024417181,3
7.920000,-0.002290110814,0.040020835058,-0.053428172134,0.066794321794,3
7.930000,0.057799366417,-0.020424312348,-0.033833729813,0.070018858646,3
7.940000,0.029921013838,-0.074924912431,0.056008649439,0.098213941902,3
7.950000,-0.047377723428,0.009062129447,0.030520629294,0.057081342659,3
7.960000,0.014880988650,0.056437456738,-0.057948188020,0.082247327258,3
7.970000,0.085455701649,-0.016363924612,-0.041273327159,0.096301311039,3
7.980000,-0.006720561789,-0.059920380464,0.052250565918,0.079785585067,3
7.990000,-0.062312963050,0.007483953645,0.029818913026,0.069484404727,3
8.000000,-0.008182429927,0.057847529577,-0.070161475044,0.091301267341,3
8.010000,0.062195778600,-0.020522946078,-0.029595438579,0.071870690660,3
8.020000,-0.018257034303,-0.068812106634,0.066442822405,0.097381076037,3
8.030000,-0.071046323775,0.032863639226,0.022581551990,0.081471009539,3
8.040000,-0.014510849893,0.037453080680,-0.051988935616,0.065697392973,3
8.050000,0.053270691050,-0.039593697591,-0.017666427987,0.068684278344,3
8.060000,-0.007129409744,-0.054148896509,0.059699834969,0.080913545046,3
8.070000,-0.050232453273,0.040892671116,0.020918161274,0.068066727436,3
8.080000,0.029665385656,0.030933079949,-0.039100071049,0.058014705871,3
8.090000,0.049119802524,-0.017889321194,-0.005773479507,0.052593876815,3
8.100000,-0.000972133878,-0.036084124068,0.040186237047,0.054017984987,3
8.110000,-0.032027557423,0.014688635238,0.005648693381,0.035685125424,3
8.120000,0.008222029592,0.025898055225,-0.032832659978,0.042618007887,3
8.130000,0.029392623093,-0.024838652426,-0.016500937182,0.041870823667,3
8.140000,-0.019155113578,-0.024870817038,0.032385226162,0.045102979834,3
8.150000,-0.040325749390,0.016902194799,-0.000466078765,0.043727193854,3
8.160000,0.007691386635,0.024294380852,-0.023020437372,0.034341154700,3
8.170000,0.017547268091,-0.011758597080,-0.003518995292,0.021413886864,3
8.180000,-0.006310334791,-0.013321849718,0.016963589550,0.022473437109,3
8.190000,-0.019645841856,0.011587314796,0.002824094553,0.022982612482,3
8.200000,0.004884073789,0.011812014412,-0.020506296528,0.024163734367,3
8.210000,0.024419050937,-0.007360940873,-0.008294287120,0.026819185260,3
8.220000,-0.000335023100,-0.009678232903,0.013032353124,0.016236460838,3
8.230000,-0.016109053629,0.009986860814,-0.000457026655,0.018959110504,3
8.240000,0.007595618312,0.007929340684,-0.016339488829,0.019686207264,3
8.250000,0.011080614833,-0.011781611884,-0.000880307439,0.016197572190,3
8.260000,-0.010369363552,-0.011640387250,0.017352881446,0.023326911718,3
8.270000,-0.023577707820,0.009756925972,-0.004886789789,0.025980504708,3
8.280000,0.007117631367,0.017947668547,-0.017657435054,0.026164183443,3
8.290000,0.014431452620,-0.012141476891,-0.000052950847,0.018859615309,3
8.300000,-0.008406414729,-0.008411835884,0.014577719449,0.018813205358,3
8.310000,-0.024260598032,0.021516766968,0.007490098189,0.033281367888,3
8.320000,0.016291804764,0.009746547993,-0.019071185314,0.026909630423,3
8.330000,0.017428234090,-0.012082852492,0.002829410479,0.021394958086,3
8.340000,-0.003169018990,-0.009775728001,0.020419826861,0.022859940253,3
8.350000,-0.017485045932,0.012189947618,0.000181771888,0.021315597463,3
8.360000,0.009582484478,0.004044599266,-0.012762597633,0.016464103083,3
8.370000,0.007337296484,-0.010461507555,0.006662689915,0.014410777110,3
8.380000,-0.005105962754,-0.005856418525,0.012733894646,0.014917123263,3
8.390000,-0.009955350455,0.010683798744,-0.003303170602,0.014972090512,3
8.400000,0.007929677706,0.004492833119,-0.011010533466,0.014293256632,3
8.410000,0.009729822003,-0.010899233879,0.001130695209,0.014654050874,3
8.420000,-0.007251172975,-0.006338599094,0.011352121090,0.014887175731,3
8.430000,-0.007581093552,0.009010881960,-0.001600305667,0.011884020841,3
8.440000,0.011944571555,0.007035792218,-0.010011498410,0.017099861467,3
8.450000,0.009184222509,-0.006515462874,0.002203671332,0.011474204412,3
8.460000,-0.007932820145,-0.006162642324,0.012485912770,0.016025161889,3
8.470000,-0.006205735730,0.007967297954,-0.004138405123,0.010913999707,3
8.480000,0.014234493448,0.006391977655,-0.009111987321,0.018069490724,3
8.490000,0.006328945610,-0.013728297610,0.005465213176,0.016074522166,3
8.500000,-0.010044117012,-0.001942002427,0.007528612657,0.012701797846,3
8.510000,-0.007007198215,0.012065397976,-0.004902353431,0.014788770210,3
8.520000,0.008477526590,0.007571087835,-0.014617404105,0.018516434076,3
8.530000,0.003367487037,-0.012845835785,0.000956029290,0.013314257694,3
8.540000,-0.007440994658,-0.004406703203,0.008230059709,0.011938229243,3
8.550000,-0.001865503316,0.016588631303,-0.002754736688,0.016918964665,3
8.560000,0.008649208433,0.001241079217,-0.007967879806,0.011825235420,3
8.570000,0.005224540210,-0.007603325843,0.004220451598,0.010144880284,3
8.580000,-0.007829941921,0.000714622966,0.013329544155,0.015475639692,3
8.590000,-0.004579642699,0.008984947656,-0.004663372902,0.011110781182,3
8.600000,0.011651261606,0.002469559432,-0.012656262006,0.017379056038,3
8.610000,0.003990367431,-0.009337722301,0.003011241640,0.010591679103,3
8.620000,-0.014648742531,-0.002034298629,0.009907326031,0.017801099340,3
8.630000,-0.005511655420,0.006823647416,-0.006074236409,0.010669435668,3
8.640000,0.010388270986,0.002671486869,-0.010925142287,0.015310511100,3
8.650000,0.004772435817,-0.013390404225,0.004108099122,0.014797146594,3
8.660000,-0.010493324462,-0.002822763493,0.014983003452,0.018508599203,3
8.670000,-0.001533891189,0.022395207172,-0.007155519465,0.023560551463,3
8.680000,0.023760096805,-0.000147473102,-0.010981305867,0.026175427925,3
8.690000,0.013292418511,-0.014977106306,0.014539638479,0.024746781412,3
8.700000,-0.018658771601,0.004299874767,0.018952123292,0.026941077520,3
8.710000,-0.002437236461,0.017615131008,-0.009064568922,0.019959944182,3
8.720000,0.013851227049,-0.001499167862,-0.019143719438,0.023676697172,3
8.730000,0.002493589722,-0.019231854461,0.011509280295,0.022550958929,3
8.740000,-0.028118966362,-0.010498348400,0.010750076671,0.031881902967,3
8.750000,-0.006963186714,0.012855198769,-0.013689120492,0.020028333042,3
8.760000,0.009049216736,0.003751406581,-0.010371690461,0.014266511062,3
8.770000,-0.000836221042,-0.020335599683,0.012922043220,0.024108402707,3
8.780000,-0.014781423036,0.001794009544,0.009494210001,0.017659245759,3
8.790000,-0.001621596912,0.016241130098,-0.009051674537,0.018663780306,3
8.800000,0.011941145906,-0.005776401482,-0.011407215926,0.017495209482,3
8.810000,0.005049801816,-0.013343503356,0.013272214695,0.019485924743,3
8.820000,-0.007475767585,0.004765882438,0.006200210777,0.010818657499,3
8.830000,-0.001234875597,0.008194743591,-0.009674180663,0.012738465832,3
8.840000,0.011194226207,-0.002507430673,-0.006782852672,0.013326852566,3
8.850000,0.002691032022,-0.014783837925,0.011953204529,0.019201109751,3
8.860000,-0.019446099116,0.004301164452,0.008836865278,0.021788551453,3
8.870000,-0.004248607684,0.012469723917,-0.012093038976,0.017882568984,3
8.880000,0.007620075110,-0.004789614587,-0.006232451878,0.010947575485,3
8.890000,0.004035224985,-0.020132478830,0.008936044560,0.022393138166,3
8.900000,-0.011084519893,0.002680978094,0.002301035687,0.011633958485,3
8.910000,0.000280216372,0.008718445014,-0.007647434498,0.011600562878,3
8.920000,0.018847482010,-0.002311474408,-0.005449435976,0.019755172602,3
8.930000,0.002526361314,-0.009332789110,0.010051028016,0.013946562955,3
8.940000,-0.011044172682,0.005703931617,0.007500161460,0.014517610273,3
8.950000,0.003331430682,0.016122968410,-0.012875701557,0.020900531843,3
8.960000,0.014166798873,-0.005271994856,-0.005270161531,0.016008332913,3
8.970000,0.000753905131,-0.012311303680,0.012494548964,0.017557059124,3
8.980000,-0.014431497245,-0.000296065948,0.003727048329,0.014907939396,3
8.990000,-0.002364399462,0.009111053280,-0.017771845675,0.020110698033,3
9.000000,0.006850545385,-0.003799466707,-0.006940300821,0.010465834645,3
9.010000,-0.002828347834,-0.011831963961,0.008828356036,0.015031127468,3
9.020000,-0.013377992913,0.004814753725,0.008976222720,0.016814431960,3
9.030000,0.000824681729,0.011403938375,-0.011008718573,0.015872044451,3
9.040000,0.010960143761,-0.006460118791,-0.004640652660,0.013542287221,3
9.050000,0.001939764630,-0.003534345497,0.010464773775,0.011214534100,3
9.060000,-0.007845618781,0.001588121309,0.001972751466,0.008244247188,3
9.070000,0.010349988420,0.012002915827,-0.004475976901,0.016468959222,3
9.080000,0.012003734307,-0.006909302212,-0.002764464030,0.014123397457,3
9.090000,-0.009924443908,-0.011978392084,0.016081369215,0.022373799401,3
9.100000,-0.013814448179,0.001766993354,0.003788684268,0.014433134535,3
9.110000,0.001345010053,0.013231449999,-0.012809123554,0.018464938867,3
9.120000,0.014119410019,-0.008361003208,-0.001389484289,0.016467992608,3
9.130000,-0.007897616472,-0.017025351988,0.018747207009,0.026527207296,3
9.140000,-0.017969714398,0.011781932157,0.004397027382,0.021933043808,3
9.150000,0.006033719595,0.011988227250,-0.017283049374,0.021882119651,3
9.160000,0.021038171401,-0.011544738001,-0.002671916751,0.024145905875,3
9.170000,0.005154363475,-0.012874634265,0.016482343478,0.021540457674,3
9.180000,-0.009251600562,0.009033202203,0.001991257865,0.013082658862,3
9.190000,0.003290538887,0.007245677427,-0.006113625392,0.010035133431,3
9.200000,0.013778901377,-0.006850679500,-0.001435625429,0.015454803562,3
9.210000,-0.006754801075,-0.007066666031,0.008594502592,0.013016550278,3
9.220000,-0.012356071342,0.007746705435,0.001532813046,0.014664019228,3
9.230000,0.001407775805,0.007250696901,-0.014414730705,0.016196879316,3
9.240000,0.011133612277,-0.015120350473,-0.004251006684,0.019252360338,3
9.250000,-0.006269546694,-0.013248342973,0.014227109413,0.020426366528,3
9.260000,-0.009334094528,0.011417342308,0.000700171952,0.014763849999,3
9.270000,0.008017649306,0.003376251121,-0.012311257732,0.015074774923,3
9.280000,0.014268982978,-0.008774544431,0.004751568999,0.017411889993,3
9.290000,-0.002371634785,-0.007308834096,0.011652063439,0.013957588967,3
9.300000,-0.012111384130,0.008412651807,-0.002579857407,0.014970437543,3
9.310000,0.005594520729,0.007565965798,-0.009662180437,0.013487039388,3
9.320000,0.007715238757,-0.006850229654,0.001520530591,0.010428929411,3
9.330000,-0.006705359305,-0.004843706566,0.007973749215,0.011489299946,3
9.340000,-0.011492033350,0.007965961328,-0.004800716157,0.014784121415,3
9.350000,0.008367544933,0.004852441358,-0.011385053483,0.014939258286,3
9.360000,0.003614169821,-0.014450548889,0.004491140609,0.015557986073,3
9.370000,-0.010995561996,-0.008389632150,0.009867246278,0.016989728082,3
9.380000,-0.015299617183,0.009586863154,-0.003181679851,0.018333284423,3
9.390000,0.012916152699,0.009986999143,-0.012970920652,0.020852144614,3
9.400000,0.008865042976,-0.005602085794,0.003510711939,0.011058817773,3
9.410000,-0.005495285137,-0.005495505442,0.012342914974,0.014585824929,3
9.420000,-0.005613559339,0.007663236928,-0.000199964255,0.009501433280,3
9.430000,0.012281586187,0.003067286051,-0.013614288791,0.018590171120,3
9.440000,0.009502184293,-0.012753173091,0.005319669073,0.016770027110,3
9.450000,-0.006307141885,-0.006764255165,0.011222671690,0.014542473880,3
9.460000,-0.010652486545,0.010379068256,-0.001219403680,0.014922716669,3
9.470000,0.007370726913,0.002442808809,-0.013692301106,0.015740839866,3
9.480000,0.010270044362,-0.018597614046,0.005112071930,0.021851277739,3
9.490000,-0.020786742941,-0.013246648019,0.021643738828,0.032802649226,3
9.500000,-0.013258329606,0.013388535341,-0.008265902452,0.020575746058,3
9.510000,0.006580154600,0.003056557690,-0.013940895036,0.015715900670,3
9.520000,0.013839205167,-0.014282872544,0.009144875424,0.021889559024,3
9.530000,-0.015876745609,-0.005164789612,0.017704752009,0.024335249055,3
9.540000,-0.009348652945,0.024694830642,-0.007541155319,0.027460899400,3
9.550000,0.012967360154,0.003995483050,-0.019815242295,0.024015831057,3
9.560000,0.005009677934,-0.011431489897,0.008661912235,0.015192253218,3
9.570000,-0.011911502496,-0.006053188344,0.014375969956,0.019626346909,3
9.580000,-0.003239904998,0.009619448640,-0.007171784018,0.012428405471,3
9.590000,0.004339781358,0.004050010819,-0.011438154586,0.012886724572,3
9.600000,0.007699701975,-0.014501696292,0.010374811307,0.019422186167,3
9.610000,-0.015867984626,-0.004741588523,0.011176577920,0.019979777071,3
9.620000,-0.006829971587,0.008732726686,-0.006436587474,0.012819465104,3
9.630000,0.007432395861,0.002761357870,-0.011291683251,0.013797380772,3
9.640000,0.003614767446,-0.013024704204,0.005229369803,0.014493300929,3
9.650000,-0.005867154541,-0.001915081034,0.009549107432,0.011369981993,3
9.660000,-0.002591767295,0.007669748912,-0.003497934182,0.008819175110,3
9.670000,0.010534364489,0.002928250295,-0.006333773682,0.012635828981,3
9.680000,0.004263669946,-0.012662772155,0.004703955521,0.014165164228,3
9.690000,-0.010778406980,-0.001199425271,0.006319497134,0.012551841380,3
9.700000,-0.007558086338,0.011986442385,-0.011867005069,0.018483107949,3
9.710000,0.009503796247,-0.001193588690,-0.011928493291,0.015298226998,3
9.720000,0.002252924874,-0.012278953844,0.006801428510,0.014216462561,3
9.730000,-0.017381573533,-0.002379445431,0.008604921063,0.019540356331,3
9.740000,-0.008953868263,0.011312987560,-0.006734787377,0.015922085460,3
9.750000,0.013696952695,-0.002881291533,-0.009439876337,0.016882524079,3
9.760000,0.001913819107,-0.014541863876,0.012722840749,0.019416466859,3
9.770000,-0.011036299887,0.007321280424,0.006674212614,0.014830582466,3
9.780000,0.003550646994,0.012473434032,-0.010503515715,0.016688843370,3
9.790000,0.012981191055,-0.000485958712,-0.008190733329,0.015356939459,3
9.800000,0.005966519130,-0.011546699026,0.011828695152,0.017573947704,3
9.810000,-0.011289076359,0.002028988835,0.008680049218,0.014384133452,3
9.820000,0.000351451395,0.010707644510,-0.016102108312,0.019340503125,3
9.830000,0.009518490978,-0.004658997968,-0.009297262860,0.014097766818,3
9.840000,-0.002232441078,-0.018625156788,0.012478890540,0.022530045887,3
9.850000,-0.013692487119,-0.000807380015,0.009258137687,0.016548389028,3
9.860000,-0.005063655171,0.015213893873,-0.012598514982,0.020391805958,3
9.870000,0.010361455571,-0.002445248042,-0.007568731386,0.013062338777,3
9.880000,0.000115328998,-0.008375790995,0.009282429352,0.012503226393,3
9.890000,-0.015408608977,0.006209796287,0.008677331729,0.018742542156,3
9.900000,0.004296972295,0.018146670056,-0.013831633928,0.023218089977,3
9.910000,0.023283525248,-0.005771925146,-0.013601052644,0.027575828200,3
9.920000,0.000745621315,-0.013134550646,0.011410962485,0.017415006077,3
9.930000,-0.020269040533,0.002173943636,0.005708018408,0.021169353066,3
9.940000,-0.004194525490,0.016078080415,-0.017239118571,0.023943389965,3
9.950000,0.019376525762,-0.007028385474,-0.003726466085,0.020945990128,3
9.960000,-0.010774254059,-0.016335735992,0.012212791397,0.023067143183,3
9.970000,-0.012156338674,0.004008576712,0.002382086767,0.013019969070,3
9.980000,-0.000343800688,0.011798105578,-0.020264446940,0.023451253782,3
9.990000,0.021137216266,-0.003143708980,-0.010131616106,0.023649830074,3
10.000000,-0.001332828505,-0.013479418706,0.011677542976,0.017883964059,3
10.010000,-0.011190472168,0.005851149668,0.000113615358,0.012628362056,3
10.020000,0.005770937873,0.013821230946,-0.011649303581,0.018974625760,3
10.030000,0.021356312373,-0.003975886246,-0.003406494461,0.021988723340,3
10.040000,0.002758494809,-0.009905104918,0.012403815583,0.016111332598,3
10.050000,-0.008308546626,0.003873675681,0.006715911098,0.011364012152,3
10.060000,0.002001679820,0.027433511851,-0.016895731568,0.032281109644,3
10.070000,0.019962402114,-0.013042861077,-0.003765914079,0.024141164680,3
10.080000,-0.009669321931,-0.016850293070,0.012483850015,0.023092740729,3
10.090000,-0.030001742221,0.006720203427,0.002142454200,0.030819730375,3
10.100000,0.000644024376,0.017428292540,-0.025548806636,0.030933827257,3
10.110000,0.021212849999,-0.005928308055,0.010766303374,0.024516180979,3
10.120000,-0.010194782154,-0.039076355687,0.047459693505,0.062316271266,3
10.130000,-0.029216809030,0.032037753765,0.011575940382,0.044878079191,3
10.140000,0.019697576263,0.038888844156,-0.049871841910,0.066238488252,3
10.150000,0.049645909649,-0.020691948004,-0.016077492836,0.056136964942,3
10.160000,-0.016851486043,-0.030978066396,0.046018963413,0.057977221158,3
10.170000,-0.054609754388,0.041667925818,0.021183165651,0.071883014846,3
10.180000,0.011949164608,0.056107556114,-0.034600255206,0.066992671601,3
10.190000,0.034211132415,-0.030687217769,-0.017001560561,0.049001632391,3
10.200000,-0.016898382940,-0.027305871721,0.042737692508,0.053457238400,3
10.210000,-0.029105158588,0.028777867358,0.018624413161,0.044968262939,3
10.220000,0.009539124529,0.015664041305,-0.038416857495,0.042570083704,3
10.230000,0.033409631692,-0.026494009271,-0.010463142795,0.043904593998,3
10.240000,-0.022753183956,-0.018654223511,0.028125647999,0.040703065121,3
10.250000,-0.021943113373,0.023455324575,0.005672014116,0.032616318301,3
10.260000,0.013149983336,0.007958884031,-0.017024032048,0.022936511590,3
10.270000,0.023170698998,-0.020505940929,-0.002636910344,0.031053634273,3
10.280000,-0.005441331310,-0.007556204263,0.024188389410,0.025918767169,3
10.290000,-0.011670971175,0.011249035915,0.004221361620,0.016750291672,3
10.300000,0.010888664273,0.019924139688,-0.020611989112,0.030665753653,3
10.310000,0.008929025502,-0.010224398323,-0.001075959145,0.013617029983,3
10.320000,-0.010554008404,-0.013325723143,0.014885656195,0.022595237352,3
10.330000,-0.017807867628,0.010934395935,-0.002211532819,0.021013615618,3
10.340000,0.013871798366,0.015992601643,-0.013428290728,0.025070083548,3
10.350000,0.008873612348,-0.008875186278,0.004755699560,0.013421125358,3
10.360000,-0.009571861455,-0.008581544043,0.017458785874,0.021681158504,3
10.370000,-0.012884556049,0.016791677090,-0.004454000105,0.021628923251,3
10.380000,0.009696965702,0.011859174820,-0.017140179167,0.022988190732,3
10.390000,0.015361512330,-0.011478242450,0.003459914161,0.019485818351,3
10.400000,-0.005378763157,-0.003178907490,0.014689991098,0.015963470311,3
10.410000,-0.006802884838,0.008524495408,-0.002906791178,0.011286970321,3
10.420000,0.009781058651,0.009585645577,-0.012664568790,0.018653284218,3
10.430000,0.010077161114,-0.013137119428,0.001554965568,0.016629822636,3
10.440000,-0.012436399864,-0.004837632807,0.009612222074,0.016445715124,3
10.450000,-0.013108776402,0.008486487179,-0.004803237351,0.016338040655,3
10.460000,0.008540232687,0.007407692992,-0.011839481919,0.016370180876,3
10.470000,0.005110712595,-0.011922661104,0.003898471067,0.013545010435,3
10.480000,-0.010262331072,-0.008459704448,0.012879682105,0.018514001445,3
10.490000,-0.007997231150,0.009089319384,-0.004220561909,0.012821254843,3
10.500000,0.008708911296,0.005127795257,-0.009576684475,0.013923085351,3
10.510000,0.009614940336,-0.013757225625,0.006336049780,0.017940285989,3
10.520000,-0.002049572583,-0.002135280033,0.011629415686,0.012000144907,3
10.530000,-0.004417406553,0.020771510859,-0.007990426753,0.022689558473,3
10.540000,0.009889956839,0.003311597192,-0.012416916652,0.016215971799,3
10.550000,0.011357271398,-0.016519950545,0.008541459657,0.021791120042,3
10.560000,-0.014349859905,-0.002739624248,0.011823696764,0.018794249798,3
10.570000,-0.009375424234,0.016729425704,-0.007436782473,0.020568859898,3
10.580000,0.007194649997,-0.000083614878,-0.012840803674,0.014719246551,3
10.590000,0.003333093077,-0.015552627676,0.004738072284,0.016596477519,3
10.600000,-0.013633299998,-0.005614304455,0.009982006015,0.017805272462,3
10.610000,-0.005529142111,0.010714222504,-0.007486057476,0.014191794562,3
10.620000,0.012375039100,0.004268998771,-0.011565036276,0.017467570160,3
10.630000,0.012035197688,-0.013720747014,0.007877629084,0.019878680087,3
10.640000,-0.008220109169,-0.000841497123,0.006663312531,0.010614991571,3
10.650000,-0.003249377272,0.014298343694,-0.004075899807,0.015218871321,3
10.660000,0.013953174513,0.000640604047,-0.006506049545,0.015408768063,3
10.670000,0.006373573938,-0.011260961865,0.007724494714,0.015069821680,3
10.680000,-0.012944274871,0.000484504788,0.013194575096,0.018490154374,3
10.690000,-0.001872604539,0.007055318555,-0.006235884868,0.009600543097,3
10.700000,0.006685992047,0.000449587397,-0.012211171562,0.013929010352,3
10.710000,0.001997957856,-0.022441554696,0.014228817601,0.026647222427,3
10.720000,-0.013823865610,0.000354532157,0.012729799674,0.018795551421,3
10.730000,-0.001121926167,0.011925776731,-0.002366029642,0.012209871630,3
10.740000,0.024365314148,-0.003303816394,-0.015535110661,0.029084762326,3
10.750000,0.010385158781,-0.016452770082,0.009890755469,0.021825952671,3
10.760000,-0.012103797325,0.001344218268,0.012231605291,0.017260388189,3
10.770000,-0.000802987476,0.022901072176,-0.008301740129,0.024372582647,3
10.780000,0.021312151412,-0.006805714194,-0.006942357266,0.023424813081,3
10.790000,0.000734159129,-0.016819176827,0.019349264651,0.025647957839,3
10.800000,-0.019049959136,0.000691243042,0.007686842113,0.020553985057,3
10.810000,-0.006783246341,0.026394371014,-0.014228083008,0.030742699918,3
10.820000,0.012540680182,-0.004936182064,-0.010336800170,0.016984816471,3
10.830000,-0.002941528399,-0.013175769314,0.007100724613,0.015253647969,3
10.840000,-0.012082615412,0.001121240926,0.006924376488,0.013971176263,3
10.850000,0.002390577146,0.016172351966,-0.012466530641,0.020559042133,3
10.860000,0.013479516919,-0.006631739333,-0.007169227829,0.016645575106,3
10.870000,0.005079436910,-0.011777561118,0.009543320149,0.015987075551,3
10.880000,-0.009079174541,0.005217688603,0.008097896878,0.013237508019,3
10.890000,0.000591532238,0.012863763023,-0.007385866978,0.014845111671,3
10.900000,0.018013948148,-0.005025810384,-0.007416145942,0.020118655982,3
10.910000,-0.001555772318,-0.012159395898,0.007840661141,0.014551539549,3
10.920000,-0.009198409080,0.000511078444,0.006270514656,0.011144114358,3
10.930000,-0.002098437566,0.011428507797,-0.007976147496,0.014093727667,3
10.940000,0.009894761122,-0.003933998155,-0.000166404951,0.010649428612,3
10.950000,-0.006078024828,-0.010638327546,0.008488616059,0.014905468842,3
10.960000,-0.015832968566,0.004064088770,0.004281167470,0.016897576929,3
10.970000,-0.001964790827,0.010068231926,-0.009005235938,0.013650053898,3
10.980000,0.005924620688,-0.003568939105,-0.003071280904,0.007567775302,3
10.990000,0.013157423205,-0.012809118671,0.017784364050,0.025563155345,3
11.000000,-0.009886478805,0.005965010711,0.004616142831,0.012435135326,3
11.010000,0.001883476199,0.008990091319,-0.010660353386,0.014071686425,3
11.020000,0.019279167568,-0.006560796294,-0.005299315187,0.021043124568,3
11.030000,-0.004971828626,-0.008974393849,0.013054144366,0.016603298166,3
11.040000,-0.010984710071,0.003376505208,0.004038518510,0.012180897936,3
11.050000,0.005147057277,0.009045415148,-0.014579111997,0.017912627960,3
11.060000,0.012983853109,-0.003457563023,-0.006944156493,0.015124698113,3
11.070000,-0.005534784036,-0.010535263860,0.012387868301,0.017178035393,3
11.080000,-0.012783321914,0.008080336788,0.005154931293,0.015977436541,3
11.090000,0.001625146065,0.011712764047,-0.008721677155,0.014693454112,3
11.100000,0.014254371376,-0.002599233952,-0.007900468452,0.016503348818,3
11.110000,-0.000289626809,-0.007646758753,0.010252168592,0.012793113927,3
11.120000,-0.016084802370,0.010553969896,0.005606116832,0.020038355566,3
11.130000,0.011587467241,0.015218474902,-0.017002116316,0.025591860710,3
11.140000,0.012497174155,-0.009349087018,0.002501644472,0.015806423219,3
11.150000,-0.000978656742,-0.007693443297,0.022152449187,0.023470787029,3
11.160000,-0.018137333289,0.006078017348,0.006035970503,0.020058367173,3
11.170000,0.003260349953,0.015506058605,-0.019606748882,0.025208973342,3
11.180000,0.013864162151,-0.005512339698,-0.006205692555,0.016158944927,3
11.190000,-0.010888751859,-0.013645545775,0.016009510778,0.023686921959,3
11.200000,-0.021597910969,0.016852105376,0.006293199883,0.028108140788,3
11.210000,0.008346570092,0.010411780222,-0.016808345965,0.021461381450,3
11.220000,0.019025266837,-0.009998422225,0.001353241194,0.021535098953,3
11.230000,0.000696760409,-0.012387597448,0.011762994428,0.017096961237,3
11.240000,-0.010395574576,0.005622562513,0.003072469414,0.012211521129,3
11.250000,0.011995148768,0.012617483778,-0.014673415136,0.022768258664,3
11.260000,0.019027971490,-0.012319286156,0.001809885958,0.022739925189,3
11.270000,-0.004852207170,-0.008108689175,0.010285893556,0.013967618293,3
11.280000,-0.009988170886,0.006726934798,-0.003358675393,0.012501836257,3
11.290000,0.006777274375,0.007333212080,-0.011140435384,0.014960506272,3
11.300000,0.004874113186,-0.009249405096,0.002593637234,0.010771974196,3
11.310000,-0.009188439865,-0.006899279947,0.011593511621,0.016322898108,3
11.320000,-0.011422417403,0.009500646780,-0.004140468819,0.015423274316,3
11.330000,0.005752119197,0.009360151676,-0.011475357468,0.015886571174,3
11.340000,0.010285939813,-0.010915953856,0.001415012766,0.015065220461,3
11.350000,-0.001111387646,-0.007013488506,0.008686196257,0.011219367582,3
11.360000,-0.006968267359,0.011609365561,-0.004202498543,0.014177274517,3
11.370000,0.011089886341,0.006440118862,-0.012872265860,0.018170193681,3
11.380000,0.008061160894,-0.010636322498,0.002653630675,0.013607182920,3
11.390000,-0.008234197085,-0.010757180116,0.017160712675,0.021863416595,3
11.400000,-0.009394574486,0.012798727753,-0.003365156093,0.016229286411,3
11.410000,0.008335027794,0.010176084945,-0.013210621613,0.018642583419,3
11.420000,0.005887422743,-0.008117877984,-0.000648223705,0.010048974251,3
11.430000,-0.009868107932,-0.005201727504,0.009691774215,0.014777280217,3
11.440000,-0.007082431229,0.009716614550,0.000300194994,0.012027616034,3
11.450000,0.008648146657,0.007576580888,-0.013716258451,0.017897786579,3
11.460000,0.010009022517,-0.008212704181,0.009683387817,0.016167777872,3
11.470000,-0.007390486651,-0.002371360223,0.010474744898,0.013036982892,3
11.480000,-0.002396573790,0.008389548918,-0.005470373575,0.010298207806,3
11.490000,0.013001662450,0.001526777145,-0.008856090400,0.015805208384,3
11.500000,0.009112528522,-0.014115844044,0.005727249277,0.017750960916,3
11.510000,-0.010605758554,-0.001933465743,0.012909514521,0.016818917012,3
11.520000,-0.008111110559,0.015977883194,-0.007751743356,0.019523636723,3
11.530000,0.011566818784,0.005670047415,-0.011518480491,0.017280512935,3
11.540000,0.007396165100,-0.019742065060,0.012711685002,0.024617866004,3
11.550000,-0.010047341771,-0.007045211085,0.012423593145,0.017462237615,3
11.560000,-0.011775287630,0.018123203117,-0.000548387364,0.021619635027,3
11.570000,0.009912189128,0.001057717246,-0.015920762657,0.018784060867,3
11.580000,0.002872241410,-0.013126453180,0.002911933068,0.013748923521,3
11.590000,-0.015441753650,-0.002818966961,0.013466541240,0.020681926010,3
11.600000,-0.007328304478,0.011803648489,-0.006573071495,0.015369952279,3
11.610000,0.026833120693,0.001124814460,-0.018754360280,0.032756794764,3
11.620000,0.007577522805,-0.014806113722,0.009681523906,0.019245045091,3
11.630000,-0.011183618146,-0.003030737088,0.016557694323,0.020209302893,3
11.640000,-0.002090165578,0.015328436425,-0.007453092430,0.017172022075,3
11.650000,0.005171118717,0.002477937719,-0.008173290775,0.009984153755,3
11.660000,0.005632624014,-0.015675026888,0.004924768256,0.017369118101,3
11.670000,-0.023292806848,-0.002271264159,0.011323254482,0.025998645807,3
11.680000,-0.009005097945,0.011819062730,-0.010103049825,0.017968128689,3
11.690000,0.012313970072,-0.004531312882,-0.011406847528,0.017386282693,3
11.700000,0.004894914902,-0.009794720301,0.004692570788,0.011912890425,3
11.710000,-0.010849330626,-0.002543725228,0.007117481324,0.013222596321,3
11.720000,-0.003157706233,0.017108189267,-0.012757040360,0.021573208556,3
11.730000,0.014153875721,-0.000700342749,-0.008994101692,0.016784413697,3
11.740000,0.007187847842,-0.013974754501,0.011995013680,0.019769655362,3
11.750000,-0.011411430126,-0.004673303934,0.011408072340,0.016798947041,3
11.760000,-0.010136223146,0.015074206050,-0.010141071385,0.020804231217,3
11.770000,0.010296697007,0.000739922157,-0.007873695899,0.012983240781,3
11.780000,0.000602821700,-0.016316677084,0.008702062400,0.018501979221,3
11.790000,-0.013210846685,0.000594806950,0.007598213309,0.015251659285,3
11.800000,-0.006336850262,0.008715927167,-0.008303607343,0.013604152033,3
11.810000,0.004875273422,-0.004456821076,-0.005844059765,0.008819556654,3
11.820000,-0.000443165572,-0.013324770795,0.013035443555,0.018645876250,3
11.830000,-0.013266062072,0.002337019728,0.010904344125,0.017330746808,3
11.840000,0.000729904847,0.007801322205,-0.007913473792,0.011136267628,3
11.850000,0.012192931483,-0.000364850469,-0.010750912962,0.016259853121,3
11.860000,0.007495278928,-0.010963312480,0.007818871652,0.015411300421,3
11.870000,-0.008391457664,0.003698717645,0.005472446620,0.010679173468,3
11.880000,-0.001439786092,0.010707440692,-0.011871422758,0.016051571526,3
11.890000,0.010577615925,-0.004237210502,-0.006349288765,0.013044285312,3
11.900000,-0.000073661288,-0.006397091191,0.008702256193,0.010800808513,3
11.910000,-0.019692994445,0.000674378531,0.007357306549,0.021033277830,3
11.920000,-0.001260383352,0.015735441517,-0.011748660899,0.019678000886,3
11.930000,0.010512344491,-0.002588916714,-0.008730910746,0.013908295328,3
11.940000,0.000221044604,-0.018481115128,0.018299471625,0.026009058784,3
11.950000,-0.019656653732,0.006350041446,0.004629087937,0.021169211545,3
11.960000,0.009418603609,0.024078016990,-0.023022305546,0.034619178916,3
11.970000,0.026797492313,-0.008968093565,-0.014814092470,0.031905949793,3
11.980000,0.018746450581,-0.021691434181,0.021134537750,0.035617641866,3
11.990000,-0.033974136333,0.013871940668,0.017270726389,0.040557991413,3
12.000000,0.014403654065,0.048429431565,-0.034217725406,0.061022355117,3
12.010000,0.045677297319,-0.023106148399,-0.026799310854,0.057779863676,3
12.020000,-0.006266157833,-0.033489253672,0.055484483503,0.065110081823,3
12.030000,-0.070211020657,0.020879486744,0.017686979156,0.075354957501,3
12.040000,-0.005575068566,0.046771780361,-0.074407961947,0.088063758884,3
12.050000,0.016269201510,-0.027279933975,-0.015542258609,0.035361610796,3
12.060000,-0.013105755789,-0.065031792626,0.060110424631,0.089521829942,3
12.070000,-0.053666770637,0.030675727995,-0.000356498077,0.061816257162,3
12.080000,0.012004871644,0.040923936334,-0.041198152710,0.059297329577,3
12.090000,0.048458928954,-0.028664636524,-0.012542843856,0.057682337976,3
12.100000,-0.003045110928,-0.024456659571,0.043898506869,0.050343617304,3
12.110000,-0.021775182651,0.015355004869,0.011872999094,0.029170239311,3
12.120000,0.006639039601,0.021660162329,-0.024964590149,0.033711574278,3
12.130000,0.025899073869,-0.011697429914,-0.005610297037,0.028966658881,3
12.140000,-0.005110231750,-0.019808568810,0.011855650891,0.023644245069,3
12.150000,-0.022188966443,0.011876019211,0.001747480066,0.025227836822,3
12.160000,0.001066389877,0.010861546749,-0.012225661214,0.016388324419,3
12.170000,0.006347453293,-0.008229472508,-0.000614844334,0.010411167783,3
12.180000,-0.004302248399,-0.010219768933,0.007439537718,0.013352892563,3
12.190000,-0.007544633320,0.007091964503,-0.000206471035,0.010356644376,3
12.200000,0.005338853537,0.008455551488,-0.013989063719,0.017195744002,3
12.210000,0.015106010020,-0.008802961521,-0.002009491760,0.017598912676,3
12.220000,-0.002678900212,-0.006710983872,0.012012269609,0.014018146527,3
12.230000,-0.009875281490,0.009482274549,-0.000658488359,0.013706506559,3
12.240000,0.006872373544,0.006809862125,-0.009448540733,0.013523263743,3
12.250000,0.012115196886,-0.009512387430,-0.000944712279,0.015432303506,3
12.260000,-0.003983697444,-0.004606102554,0.009818261656,0.011553540064,3
12.270000,-0.003721552654,0.002325155527,0.000693809434,0.004442710199,3
12.280000,0.001586710221,0.004213742548,-0.014466719631,0.015151212904,3
12.290000,0.005191848421,-0.008633604596,0.005173798858,0.011325308516,3
12.300000,-0.011584835699,-0.009856741690,0.011355379538,0.018981791785,3
12.310000,-0.012053067507,0.013503021565,0.002652286926,0.018293240655,3
12.320000,0.007285070143,0.002357782483,-0.013782830684,0.015766984711,3
12.330000,0.012113300714,-0.008398115863,-0.000189396929,0.014740972676,3
12.340000,0.000416991714,-0.003853873749,0.010142450676,0.010857970836,3
12.350000,-0.011987230585,0.022220220457,-0.003545078356,0.025495087268,3
12.360000,0.010593385201,0.003362603077,-0.016979119927,0.020293285170,3
12.370000,0.009755687837,-0.015227544390,0.004614828200,0.018664088315,3
12.380000,-0.008754495646,-0.002119968505,0.020683158432,0.022559443770,3
12.390000,-0.013733800743,0.010297237047,-0.002888191158,0.017406666017,3
12.400000,0.005694877351,0.006324987487,-0.016465531754,0.018535124243,3
12.410000,0.007211043007,-0.017117462736,0.003950684438,0.018989854641,3
12.420000,-0.019105248470,-0.015150625601,0.011032163097,0.026763045376,3
12.430000,-0.011705142683,0.015523498746,-0.009403413856,0.021596610166,3
12.440000,0.007761737188,0.015994400772,-0.018973061617,0.026000817052,3
12.450000,0.020502649061,-0.014668193407,0.009108730949,0.026804542448,3
12.460000,-0.004502460573,-0.006754431971,0.014809965385,0.016888741137,3
12.470000,-0.007301789275,0.013457676625,-0.002029198422,0.015444831918,3
12.480000,0.015092491812,0.003330389936,-0.007936890079,0.017374378560,3
12.490000,0.008348328597,-0.008759417901,0.004662625772,0.012967731930,3
12.500000,-0.006912151446,-0.004927099673,0.011558678448,0.014340752988,3
12.510000,-0.009453967709,0.011057751005,-0.004538469459,0.015239720068,3
12.520000,0.008925420479,0.001911397131,-0.013887295092,0.016618469685,3
12.530000,0.003298073400,-0.007344020921,0.002578526211,0.008453444793,3
12.540000,-0.009477825867,-0.006786519598,0.010427251723,0.015640128194,3
12.550000,-0.006828600384,0.010093728081,-0.002902572359,0.012527492011,3
12.560000,0.010976704404,0.002681705313,-0.009276853584,0.014619835683,3
12.570000,0.010997045029,-0.015015091354,0.006772978199,0.019805585107,3
12.580000,-0.007583868625,0.000316190307,0.007067512389,0.010371343741,3
12.590000,0.000417948781,0.013169246954,-0.007614641465,0.015217966722,3
12.600000,0.012224917429,0.002421616498,-0.008816944008,0.015266018939,3
12.610000,0.003313651349,-0.013917156329,0.007023371001,0.015937228924,3
12.620000,-0.009027482848,-0.000959047477,0.005631206003,0.010682963057,3
12.630000,-0.005298351605,0.010409933042,-0.005907605403,0.013089653825,3
12.640000,0.005189105863,0.003963025125,-0.011915435568,0.013587125986,3
12.650000,0.000843972413,-0.014811553592,0.009297403854,0.017508173168,3
12.660000,-0.015649321928,-0.000199996083,0.012074226497,0.019766846505,3
12.670000,-0.008865119485,0.010672874749,-0.010221833893,0.017233295884,3
12.680000,0.015367368485,-0.001284374805,-0.009233480622,0.017973947735,3
12.690000,0.004715812646,-0.006399347143,0.005714916514,0.009790342360,3
12.700000,-0.007967544326,0.000626371249,0.009509048145,0.012421598132,3
12.710000,0.001367014452,0.012037294582,-0.006425378980,0.013713157347,3
12.720000,0.016487761237,-0.000406869869,-0.011488556410,0.020099719951,3
12.730000,0.001927983262,-0.010832413307,0.007726647742,0.013444678607,3
12.740000,-0.014606206438,0.002131920198,0.008521095941,0.017043926375,3
12.750000,-0.004676106209,0.013116216144,-0.010286105281,0.017311991713,3
12.760000,0.013132459663,-0.000623525496,-0.015885605087,0.020620444463,3
12.770000,0.003251364145,-0.018693580643,0.008085847349,0.020625281898,3
12.780000,-0.017292814378,0.002233952102,0.011278906724,0.020766456318,3
12.790000,-0.005364496159,0.022511338065,-0.013128034573,0.026606079235,3
12.800000,0.019801972504,-0.000814916053,-0.012072508201,0.023206198687,3
12.810000,0.003617789238,-0.015152407297,0.014450064660,0.021248252035,3
12.820000,-0.014033375933,0.005175546332,0.007391234714,0.016683892547,3
12.830000,-0.002413181588,0.024786841958,-0.013822123895,0.028482662948,3
12.840000,0.025362042218,-0.009141916461,-0.009840511204,0.028699189584,3
12.850000,0.002604727072,-0.014613890856,0.018298003958,0.023561989684,3
12.860000,-0.022251963261,0.000488413468,0.016877448890,0.027932717335,3
12.870000,-0.002864569765,0.014617781473,-0.011512378637,0.018826049957,3
12.880000,0.012512594659,-0.002236610834,-0.008350823519,0.015208672084,3
12.890000,-0.002964217374,-0.009528422209,0.009167661586,0.013550772428,3
12.900000,-0.013789969822,0.000578449564,0.003613581928,0.014267299883,3
12.910000,-0.001541419952,0.011764818910,-0.008043437205,0.014334706887,3
12.920000,0.008206484002,-0.000321008299,-0.004340781024,0.009289338292,3
12.930000,0.002350753455,-0.009665464873,0.009797417845,0.013961971545,3
12.940000,-0.005313360671,0.002260426668,0.002888615950,0.006456425671,3
12.950000,-0.002830229579,0.016710010529,-0.016223807634,0.023461598102,3
12.960000,0.009369091681,-0.003596049878,-0.008663724265,0.013257887155,3
12.970000,0.001405949029,-0.012615609384,0.009221286500,0.015689563968,3
12.980000,-0.012642497474,0.006494774286,0.007549428622,0.016093747479,3
12.990000,-0.000376732504,0.011742520674,-0.011580197851,0.016496354186,3
13.000000,0.012597577465,-0.003313045692,-0.006994482531,0.014785060555,3
13.010000,-0.006590402308,-0.014068951293,0.009291056954,0.018102279756,3
13.020000,-0.012366101570,0.000447548446,0.004826546391,0.013282180458,3
13.030000,-0.001934047370,0.007607363353,-0.010241530418,0.012903544541,3
13.040000,0.015231338569,-0.004750222999,-0.010281526847,0.018980729371,3
13.050000,-0.001342962492,-0.006737798417,0.008729181632,0.011108559210,3
13.060000,-0.013140658815,0.009406921281,0.002816874218,0.016404324504,3
13.070000,0.006614062585,0.010202582634,-0.015735772595,0.019886001494,3
13.080000,0.015922524378,-0.007616362910,-0.002216661359,0.017789023416,3
13.090000,-0.002335400659,-0.007860194094,0.010053609330,0.012973504075,3
13.100000,-0.013691777385,0.008392225273,0.004486581769,0.016674040571,3
13.110000,0.004232860930,0.011350833227,-0.016190290089,0.020220880786,3
13.120000,0.008762183107,-0.009557699382,-0.005219697062,0.013977507206,3
13.130000,-0.003789155120,-0.011819849903,0.010074403183,0.015986248708,3
13.140000,-0.014116858169,0.011878998638,0.000324657939,0.018452688042,3
13.150000,0.004433917751,0.008894984747,-0.010251289001,0.014278280935,3
13.160000,0.013072378589,-0.009793162223,-0.002349631632,0.016501935556,3
13.170000,-0.003824395356,-0.009938120882,0.016130006905,0.019327942706,3
13.180000,-0.015103439115,0.019483734952,0.004507461994,0.025060866195,3
13.190000,0.015834111665,0.013463911816,-0.016892419527,0.026783387595,3
13.200000,0.020696075685,-0.015334757841,0.001595995455,0.025807548281,3
13.210000,-0.002824927903,-0.013089027446,0.019490067082,0.023646682051,3
13.220000,-0.014313316635,0.014028004975,0.003709071935,0.020381687156,3
13.230000,0.008555292717,0.017903302647,-0.024734129048,0.031709595061,3
13.240000,0.012021149775,-0.013179377268,0.004103782742,0.018304236119,3
13.250000,-0.019004272706,-0.014783575821,0.023222197563,0.033451262380,3
13.260000,-0.023045088547,0.013160327671,-0.001543088680,0.026582916567,3
13.270000,0.003716974712,0.013939298996,-0.021767170333,0.026113782985,3
13.280000,0.010274353509,-0.009945457261,-0.001685877148,0.014398494432,3
13.290000,-0.000553780396,-0.005688973566,0.010146187062,0.011645437083,3
13.300000,-0.008340235642,0.009174932381,0.000236045332,0.012401396380,3
13.310000,0.008109561773,0.007658249962,-0.016035976000,0.019533722403,3
13.320000,0.013627883887,-0.013495614085,0.001656862343,0.019250870411,3
13.330000,-0.006068059678,-0.008381449236,0.014436835848,0.017762102040,3
13.340000,-0.010291173170,0.016036013816,-0.009795149013,0.021424446982,3
13.350000,0.009760573301,0.007696090519,-0.011005396728,0.016601727548,3
13.360000,0.007012754877,-0.012814188785,0.000495083310,0.014615993728,3
13.370000,-0.019512349088,-0.010185439715,0.015387249580,0.026855956485,3
13.380000,-0.015318450169,0.011812133094,-0.006509542301,0.020409692423,3
13.390000,0.010476435840,0.005949133836,-0.020615193400,0.023877481028,3
13.400000,0.009485836324,-0.022002006897,0.003920870864,0.024278439542,3
13.410000,-0.016275797726,-0.013112333781,0.013017819047,0.024623129402,3
13.420000,-0.012456587311,0.021421456246,-0.001794366158,0.024844820487,3
13.430000,0.024294244420,0.010695835873,-0.025663393292,0.036921822439,3
13.440000,0.023389501164,-0.020860377424,0.008730241510,0.032533693731,3
13.450000,-0.016531843423,-0.013017988707,0.024129504771,0.032015666125,3
13.460000,-0.018193748713,0.033771792050,-0.013753148417,0.040751632137,3
13.470000,0.026355390839,0.018410053725,-0.038107376422,0.049856883599,3
13.480000,0.015956409417,-0.038239970087,0.005881261580,0.041850824980,3
13.490000,-0.046553749861,-0.025053849524,0.049775152191,0.072612070469,3
13.500000,-0.071550272738,0.025952104865,-0.033538161433,0.083173081872,3
13.510000,0.014164992377,0.022815693128,-0.054705485102,0.060941717749,3
13.520000,0.032496069486,-0.076436426197,0.016246752388,0.084631428825,3
13.530000,-0.052213942688,-0.016855459745,0.048360295604,0.073137681978,3
13.540000,-0.052841851597,0.075296909388,-0.026841524435,0.095824596413,3
13.550000,0.092135536502,0.031863131787,-0.045986612888,0.107791394920,3
13.560000,0.059032014396,-0.071395149140,0.054797305629,0.107632665806,3
13.570000,-0.037334796516,-0.024225751202,0.072219564917,0.084831831342,3
13.580000,-0.034954287829,0.068726642994,-0.031906591395,0.083445696530,3
13.590000,0.079193036015,0.050958404743,-0.037052076117,0.101198578606,3
13.600000,0.031939836233,-0.118242650668,0.011089223936,0.122981496426,3
13.610000,-0.100966788184,-0.020896570605,0.067768295517,0.123383551807,3
13.620000,-0.055318101549,0.096087417686,-0.054206724906,0.123414963523,3
13.630000,0.068398404728,0.032130471462,-0.051971641753,0.091715650313,3
13.640000,0.041840438281,-0.068353091218,0.060016202480,0.100123483333,3
13.650000,-0.071793398503,0.018816646963,0.056981422673,0.093569443737,3
13.660000,-0.021830629450,0.069944230694,-0.027794556657,0.078366505405,3
13.670000,0.079963420110,0.006447698391,-0.054424647253,0.096942063104,3
13.680000,0.037873490093,-0.058597477899,0.033610722032,0.077445118009,3
13.690000,-0.037685814914,0.009133462526,0.052585745966,0.065336830825,3
13.700000,-0.020134634204,0.060831581917,-0.033504722126,0.072308030383,3
13.710000,0.034196124115,0.003044343471,-0.030388148038,0.045848472961,3
13.720000,-0.000658261680,-0.055011846084,0.035516242398,0.065483891089,3
13.730000,-0.039872644027,-0.005255478636,0.020866212076,0.045308350266,3
13.740000,-0.018857917591,0.026828116314,-0.029370964265,0.044022976077,3
13.750000,0.023802240972,-0.000974029077,-0.024643900898,0.034275607353,3
13.760000,-0.003117176523,-0.031998056478,0.002780220396,0.032269521739,3
13.770000,-0.026824226446,0.008204872802,0.029222798429,0.040507172330,3
13.780000,-0.008837114819,0.031590009464,-0.019637145183,0.038231410741,3
13.790000,0.026629230584,-0.001353636090,-0.015303159023,0.030743046828,3
13.800000,0.009195773122,-0.022822104465,0.015546672833,0.029105149574,3
13.810000,-0.011915677375,0.001499483371,0.018344238898,0.021925850461,3
13.820000,0.007014586888,0.018655648305,-0.016460220475,0.025849110255,3
13.830000,0.026184664850,-0.009750057771,-0.007561120531,0.028945998748,3
13.840000,0.007619706861,-0.020178105895,0.015050240243,0.026300677207,3
13.850000,-0.021175244023,0.002287362283,0.005767926404,0.022065628489,3
13.860000,-0.009576909227,0.024015943545,-0.024373157760,0.035532148175,3
13.870000,0.016918927543,-0.002388548860,-0.013863728599,0.022003596195,3
13.880000,-0.000079894955,-0.026906964744,0.027685973558,0.038607049444,3
13.890000,-0.038347312075,0.010612649977,0.012277681734,0.041639958593,3
13.900000,0.011827269486,0.037661970678,-0.026446547465,0.047515557575,3
13.910000,0.042954270764,-0.006878034700,-0.016157437939,0.046405167158,3
13.920000,0.017990838998,-0.039139818860,0.039326455030,0.058328087346,3
13.930000,-0.023818815783,0.031502089449,0.020861858912,0.044664692793,3
13.940000,0.026677184944,0.060162011177,-0.034992826822,0.074536150386,3
13.950000,0.067928880835,-0.027440713828,-0.011414839029,0.074145965345,3
13.960000,0.005015295081,-0.073025450066,0.076837547738,0.106121997176,3
13.970000,-0.065186116360,0.050641460636,0.027634382538,0.087048528992,3
13.980000,-0.003336394068,0.057374109999,-0.047378678380,0.074482609974,3
13.990000,0.039989926639,-0.008096810776,-0.042347556580,0.058805340962,3
14.000000,-0.024988407089,-0.088290327256,0.079838494700,0.121629715168,3
14.010000,-0.126743578649,0.064292364997,0.030518455230,0.145357555825,3
14.020000,0.014278141050,0.081520979132,-0.081699574687,0.116294264065,3
14.030000,0.111244103613,-0.030014252472,-0.055286211664,0.127799339358,3
14.040000,-0.006397209049,-0.049279661765,0.085275362115,0.098698007737,3
14.050000,-0.059392425989,0.042477556933,0.025360935753,0.077297995900,3
14.060000,0.028254616873,0.072565805049,-0.072966935023,0.106715945593,3
14.070000,0.080672591656,-0.044565652163,-0.002220867717,0.092190545343,3
14.080000,-0.056540000328,-0.077314705305,0.101081199390,0.139254242892,3
14.090000,-0.079771501708,0.031421345894,-0.027671250574,0.090091573251,3
14.100000,-0.011446075810,0.074112508205,-0.081254009082,0.110570748915,3
14.110000,0.038517967066,-0.034244658693,-0.012517231604,0.053037831054,3
14.120000,-0.029830472228,-0.046959590008,0.055385659658,0.078502429661,3
14.130000,-0.058859622864,0.018558310793,0.006773459728,0.062086599680,3
14.140000,0.013553006713,0.033175766357,-0.041875291788,0.055116744522,3
14.150000,0.039809545452,-0.014695512323,0.005058860047,0.042735817022,3
14.160000,-0.013221263116,-0.028202249647,0.031858122501,0.044554558160,3
14.170000,-0.026263229739,0.024785439550,-0.008168681022,0.037024351441,3
14.180000,0.009858021808,0.026201354899,-0.024562296686,0.037242422196,3
14.190000,0.025057364048,-0.022449699731,-0.003434328010,0.033817970370,3
14.200000,-0.007302940266,-0.017941184939,0.020606347939,0.028281453798,3
14.210000,-0.015145592323,0.012546897153,0.003368781743,0.019954004245,3
14.220000,0.004675339723,0.007373899196,-0.019833233069,0.021670032876,3
14.230000,0.010064274142,-0.013623941506,0.000009160306,0.016938166373,3
14.240000,-0.006446201213,-0.009091642071,0.010895567446,0.015586046823,3
14.250000,-0.017279888642,0.009731028865,-0.001584668165,0.019894688926,3
14.260000,0.003312294086,0.012545819243,-0.013745743752,0.018902760219,3
14.270000,0.008739629551,-0.012104038366,-0.001884042779,0.015047873160,3
14.280000,-0.001489628713,-0.008665875733,0.012183495583,0.015025110999,3
14.290000,-0.007887320514,0.012687387940,0.003735682111,0.015399186942,3
14.300000,0.010270410195,0.006243739739,-0.014142350274,0.018559948351,3
14.310000,0.009783274783,-0.010242761925,-0.000481023420,0.014172438776,3
14.320000,-0.006481898319,-0.005903742921,0.009682459292,0.013062128626,3
14.330000,-0.014845535131,0.010732152949,-0.008371266065,0.020140683101,3
14.340000,0.006439817797,0.008004068375,-0.009988712468,0.014328668486,3
14.350000,0.005733977059,-0.005789444528,0.001734449578,0.008330934894,3
14.360000,-0.011053375235,-0.004155533487,0.012576831805,0.017251732114,3
14.370000,-0.014705541372,0.010396645831,-0.002209889175,0.018144608063,3
14.380000,0.008433846649,0.007096555874,-0.010067879861,0.014928264450,3
14.390000,0.010470662971,-0.014510055171,0.003139943654,0.018166885541,3
14.400000,-0.004119395891,-0.007858188569,0.017221877751,0.019373012758,3
14.410000,-0.009528771493,0.020844168355,0.000299472319,0.022920875294,3
14.420000,0.014499528753,0.008240995993,-0.015891000956,0.023036368212,3
14.430000,0.014796077531,-0.020164233400,0.008776892927,0.026505736518,3
14.440000,-0.005705931838,-0.008195612558,0.018007822053,0.020591439445,3
14.450000,-0.010152259015,0.017282792006,-0.008710982551,0.021855079035,3
14.460000,0.002123675446,0.002980160133,-0.016534525554,0.016934635724,3
14.470000,0.010960617080,-0.026278109920,0.008802897487,0.029802100462,3
14.480000,-0.021648539508,-0.007870758998,0.014204036448,0.027062201711,3
14.490000,-0.010801696027,0.010507854952,-0.006828989501,0.016544689491,3
14.500000,0.011062422110,0.006923144840,-0.012860011612,0.018321763454,3
14.510000,0.015469885360,-0.014542124188,0.009501515120,0.023260901068,3
14.520000,-0.005109356257,-0.004129421369,0.013182036903,0.014728331172,3
14.530000,-0.004182243272,0.012492426311,-0.001482917278,0.013257108190,3
14.540000,0.020264601120,0.009171811414,-0.015683932326,0.027216941716,3
14.550000,0.021399694373,-0.021019327353,0.010021242409,0.031625691155,3
14.560000,-0.019034935479,-0.000056163398,0.014075049560,0.023673591682,3
14.570000,-0.014537558147,0.020367713032,-0.009732533058,0.026849702619,3
14.580000,0.020509021270,0.000290695663,-0.023911566020,0.031503451350,3
14.590000,0.003074906315,-0.033092185234,0.011639441565,0.035213979786,3
14.600000,-0.043785658858,-0.004256632887,0.047515773657,0.064753776657,3
14.610000,-0.026965182646,0.035051660775,-0.035852043797,0.056930738996,3
14.620000,0.014054378298,0.011144880891,-0.032632455586,0.037237227032,3
14.630000,0.032547787660,-0.046943362685,0.040679145207,0.070127246035,3
14.640000,-0.053576782920,-0.000163097920,0.043665195953,0.069116912595,3
14.650000,-0.016334287433,0.061206863208,-0.046149702416,0.078376553144,3
14.660000,0.042710839005,0.006581479407,-0.038196971622,0.057676167355,3
14.670000,0.036727780860,-0.062136702342,0.047186326580,0.086234848414,3
14.680000,-0.067067995848,0.024529541016,0.056506838179,0.091065016393,3
14.690000,-0.053819322086,0.058393023058,-0.079601962879,0.112439926475,3
14.700000,0.063654577831,-0.017945975250,-0.055128948858,0.086099734661,3
14.710000,0.028283961047,-0.058989668402,0.033793229865,0.073632505156,3
14.720000,-0.096747425577,0.006079390570,0.031944242327,0.102065949089,3
14.730000,-0.035160371066,0.090371639498,-0.052367268913,0.110207149371,3
14.740000,0.052483810102,0.010628178021,-0.067228965659,0.085949068142,3
14.750000,0.031970583907,-0.057220435935,0.051404772349,0.083299142518,3
14.760000,-0.047344677295,-0.004816210609,0.045791314779,0.066042099164,3
14.770000,-0.019696609782,0.059269407788,-0.045493051904,0.077268602342,3
14.780000,0.074093535832,0.007276699961,-0.038386852921,0.083763672864,3
14.790000,0.025650208435,-0.052459327831,0.036053824675,0.068627928301,3
14.800000,-0.059818598721,0.011207556970,0.028979517010,0.067406872738,3
14.810000,-0.013454688139,0.047521261429,-0.037158362999,0.061806495302,3
14.820000,0.043006690198,-0.013196370552,-0.016126188993,0.047788843562,3
14.830000,-0.007695574944,-0.043797365636,0.032135789997,0.054864743772,3
14.840000,-0.046832079936,0.014061197082,0.022023372301,0.053628256563,3
14.850000,-0.002562980283,0.028962642029,-0.029686370020,0.041553388144,3
14.860000,0.032130821145,-0.007934349944,-0.035351719386,0.048426104944,3
14.870000,0.001656819711,-0.018865850760,0.019044021041,0.026857775669,3
14.880000,-0.024358077591,0.006562366435,0.000095111770,0.025226764426,3
14.890000,-0.001462680096,0.022939408465,-0.010929120403,0.025451946223,3
14.900000,0.022300249297,-0.008106353895,-0.007919317496,0.025014589379,3
14.910000,0.010523461279,-0.017141475943,0.016454804116,0.025987189407,3
14.920000,-0.010953430423,0.003414082931,0.009940454185,0.015180455516,3
14.930000,-0.003588489850,0.018469121758,-0.013399992407,0.023098604167,3
14.940000,0.007503710720,-0.005556389224,-0.007718889832,0.012114470522,3
14.950000,-0.003191902862,-0.011084545168,0.008100920723,0.014095400031,3
14.960000,-0.012812538457,0.004281249007,0.002363997560,0.013714179496,3
14.970000,-0.002583732076,0.012311124728,-0.011330246243,0.016929676413,3
14.980000,0.011214838880,-0.008335487944,-0.003302753789,0.014358313026,3
14.990000,-0.001760321533,-0.008438435646,0.008095487850,0.011825516969,3
15.000000,-0.018572297223,0.010181949070,0.005744455535,0.021945411374,3
15.010000,0.005432639678,0.012239341656,-0.012477801382,0.018303294386,3
15.020000,0.019272439038,-0.006761620867,-0.004127373090,0.020837025504,3
15.030000,0.000449084798,-0.009504323516,0.008826601309,0.012978548968,3
15.040000,-0.008627134564,0.003797928041,0.004787862109,0.010572385339,3
15.050000,-0.000592816985,0.010229716253,-0.018358119314,0.021024249602,3
15.060000,0.014280370894,-0.015741297221,-0.003430135520,0.021528661379,3
15.070000,-0.015026176988,-0.021268447551,0.021117867781,0.033527558750,3
15.080000,-0.042460158247,0.020705872704,0.011749870575,0.048679129628,3
15.090000,0.000357430242,0.037188215052,-0.051868791888,0.063823684217,3
15.100000,0.055178852271,-0.016998341854,-0.008406703092,0.058346568199,3
15.110000,-0.024053895960,-0.048754575622,0.045194157105,0.070697315305,3
15.120000,-0.081698255858,0.031880486484,0.005645816909,0.087879722788,3
15.130000,0.012047212268,0.057572054226,-0.053184003698,0.079298266063,3
15.140000,0.107809099980,-0.043383028982,-0.027205994181,0.119352651255,3
15.150000,-0.022422094040,-0.077595105381,0.085695997792,0.117760582190,3
15.160000,-0.056834511104,0.026231634632,0.009979807449,0.063386566910,3
15.170000,0.026556335433,0.049278812436,-0.047769429761,0.073590479863,3
15.180000,0.044613552192,-0.029048090348,-0.003907042276,0.053380010973,3
15.190000,-0.015991233027,-0.021712528104,0.021968568306,0.034781768268,3
15.200000,-0.026560226221,0.014333649268,-0.006672218189,0.030909830375,3
15.210000,-0.001437682424,0.012602969619,-0.013401192154,0.018452472060,3
15.220000,0.013639834541,-0.016544881056,0.001739186828,0.021512855373,3
15.230000,-0.012902042034,-0.015668860289,0.018807179913,0.027671029755,3
15.240000,-0.014393787115,0.010804460575,-0.001422231580,0.018053814514,3
15.250000,0.008979176650,0.011601660266,-0.013473144719,0.019918578335,3
15.260000,0.023773709462,-0.015679046604,0.001708435147,0.028529642736,3
15.270000,-0.004805049114,-0.012733404597,0.018354857195,0.022850139436,3
15.280000,-0.012014645013,0.011537425738,-0.004223939873,0.017184456800,3
15.290000,0.014318926117,0.008608523656,-0.014587408994,0.022179513652,3
15.300000,0.017808543656,-0.013245536030,0.003233593761,0.022428655343,3
15.310000,-0.009965061707,-0.012003056897,0.014337182939,0.021187983489,3
15.320000,-0.021104832708,0.005057981566,-0.006516383027,0.022659664360,3
15.330000,0.002342794169,0.010927193342,-0.015683671504,0.019257979923,3
15.340000,0.006142353994,-0.010455183527,0.001241100671,0.012189327547,3
15.350000,-0.010553579530,-0.004059994280,0.012397114231,0.016779452783,3
15.360000,-0.010343617078,0.010846621916,-0.006744146324,0.016435423052,3
15.370000,0.014980155511,0.012235868996,-0.013992353944,0.023872735874,3
15.380000,0.007915408192,-0.004062126961,0.001920561496,0.009101819530,3
15.390000,0.001028646498,-0.005910940511,0.012006128905,0.013421790590,3
15.400000,-0.004841049922,0.012400858953,-0.004514266066,0.014056872526,3
15.410000,0.009212968313,0.006240485435,-0.011081201724,0.015703995518,3
15.420000,0.005767792847,-0.015090895408,0.005073966604,0.016933626181,3
15.430000,-0.011371257238,-0.004931675499,0.011321515148,0.016787007466,3
15.440000,-0.012128090725,0.012982372894,-0.003344096790,0.018078041208,3
15.450000,0.003679046910,0.003293922476,-0.011513114741,0.012527454748,3
15.460000,0.003814029661,-0.010666337634,0.005602248423,0.012637356059,3
15.470000,-0.010937535050,-0.002913556497,0.008510918436,0.014161716599,3
15.480000,-0.006721206732,0.010968612492,-0.008752605729,0.015559344041,3
15.490000,0.008125152051,0.006413868876,-0.007144786596,0.012577908623,3
15.500000,0.007495245672,-0.007717861031,0.004389114576,0.011619312085,3
15.510000,-0.008302949714,-0.004329500130,0.012668154921,0.015753275673,3
15.520000,-0.007284312308,0.009991923186,-0.005113843659,0.013380998906,3
15.530000,0.014380564911,0.002736858842,-0.008792952805,0.017076506157,3
15.540000,0.005084379309,-0.014928506579,0.008667521339,0.017995475759,3
15.550000,-0.010479899063,-0.002386910394,0.011068288216,0.015428306117,3
15.560000,-0.009035605696,0.010796044917,-0.004979154408,0.014932807330,3
15.570000,0.010925275412,0.000768703209,-0.007967255537,0.013543622420,3
15.580000,0.009746821385,-0.017871218916,0.004762625150,0.020906065889,3
15.590000,-0.014676544499,-0.005554751729,0.012777090163,0.020236359807,3
15.600000,-0.002930915402,0.015354502158,-0.010948333159,0.019084470141,3
15.610000,0.010751687200,0.001396438258,-0.003412170282,0.011366253714,3
15.620000,0.004664979937,-0.005431341287,0.006231269334,0.009491586986,3
15.630000,-0.009136804031,-0.005464272677,0.010077192694,0.014659102169,3
15.640000,-0.002958631709,0.016031203495,-0.011335497109,0.019855641057,3
15.650000,0.015576073781,0.005204363317,-0.011114352127,0.019829984750,3
15.660000,0.009623385117,-0.016736191787,0.007234135722,0.020616555878,3
15.670000,-0.018183798425,-0.000415660036,0.010408510879,0.020956154159,3
15.680000,-0.006516972863,0.016139055004,-0.008926320040,0.019560654927,3
15.690000,0.013815300116,-0.000028842188,-0.010643964795,0.017440107102,3
15.700000,-0.001306131596,-0.013916392560,0.012953593048,0.019056955016,3
15.710000,-0.023717833740,-0.001840008295,0.006765219306,0.024732356542,3
15.720000,-0.008166265218,0.022251595506,-0.009395414443,0.025496964579,3
15.730000,0.018960694731,-0.002916545653,-0.010848816232,0.022038851986,3
15.740000,0.008809179218,-0.013154763797,0.009317515456,0.018370235254,3
15.750000,-0.011351726454,0.000950170688,0.010134207097,0.015246857751,3
15.760000,-0.002532009695,0.007246238577,-0.006383241439,0.009983226827,3
15.770000,0.009704249208,0.001373320040,-0.003652037441,0.010459246536,3
15.780000,0.002931012499,-0.014204718864,0.008848052072,0.016989788043,3
15.790000,-0.012128596067,0.001297964694,0.005772911955,0.013494964518,3
15.800000,-0.002468550703,0.010641358442,-0.011452825625,0.015827174949,3
15.810000,0.007566785695,-0.000184197691,-0.006834376135,0.010197983708,3
15.820000,-0.001081944009,-0.009968213326,0.011965826477,0.015611434368,3
15.830000,-0.014177825852,-0.001950155360,0.008962127722,0.016885899003,3
15.840000,-0.006891303322,0.010022249821,-0.009903599312,0.015684923726,3
15.850000,0.016300044513,-0.000997990731,-0.006458606585,0.017561350621,3
15.860000,0.000962003820,-0.011871079819,0.010124278392,0.015631666590,3
15.870000,-0.010461225953,0.003794890865,0.007969226689,0.013687476726,3
15.880000,-0.000891271007,0.022490532203,-0.010661303092,0.024905456961,3
15.890000,0.013772114622,-0.001481434816,-0.003040564336,0.014181354722,3
15.900000,0.001286555935,-0.009167228616,0.016235186156,0.018688889110,3
15.910000,-0.015721864535,0.004388395061,0.006907872738,0.017724382681,3
15.920000,-0.005196846514,0.011529112178,-0.014650535689,0.019353703452,3
15.930000,0.006118293779,-0.002407755862,-0.006893638167,0.009526439746,3
15.940000,-0.004230867993,-0.009168642363,0.012797670316,0.016301675137,3
15.950000,-0.011409555523,0.005477358081,0.004424551302,0.013407313788,3
15.960000,-0.001744979805,0.010063692808,-0.013051576708,0.016573066162,3
15.970000,0.013242884212,-0.002498172782,-0.001447203167,0.013553938413,3
15.980000,-0.001678996006,-0.014217351169,0.014523989780,0.020393586761,3
15.990000,-0.009975152681,0.007487575951,0.004871443043,0.013390236068,3
16.000000,0.005372631824,0.016208608697,-0.012759516402,0.021316412161,3
16.010000,0.012180902692,-0.002198813972,-0.002637503443,0.012655654771,3
16.020000,0.000532926099,-0.009045324030,0.007873776260,0.012004093036,3
16.030000,-0.005266652252,0.004941011803,0.002411629623,0.007613618130,3
16.040000,0.001863738316,0.012310415804,-0.022178967526,0.025434749032,3
16.050000,0.021436173318,-0.010926603109,-0.002623946719,0.024203001434,3
16.060000,-0.006089863354,-0.009479080109,0.016252945870,0.019776188835,3
16.070000,-0.019408714823,0.013821641098,0.004033438051,0.024166187044,3
16.080000,0.009147799196,0.011951404611,-0.012801037598,0.019758159477,3
16.090000,0.015208429562,-0.009907628914,-0.008731310343,0.020141827642,3
16.100000,-0.000005245324,-0.011392092891,0.021524263069,0.024353104702,3
16.110000,-0.013258958671,0.005771537397,0.006093855247,0.015692217840,3
16.120000,0.008472555448,0.018740682027,-0.021676140757,0.029880636486,3
16.130000,0.023031478055,-0.011746841602,-0.000711334479,0.025863937553,3
16.140000,-0.007776360413,-0.018162534238,0.015306997770,0.024993071279,3
16.150000,-0.013724183262,0.008891942824,0.004022128189,0.016840349419,3
16.160000,0.000226325973,0.007864390086,-0.011007847789,0.013530431176,3
16.170000,0.006128366422,-0.009067794551,-0.001798495300,0.011091273974,3
16.180000,-0.005750856989,-0.005165132358,0.007598383287,0.010839113292,3
16.190000,-0.013287446143,0.009107330937,0.002062083645,0.016240439980,3
16.200000,0.002126088285,0.004962674298,-0.011308792986,0.012531447897,3
16.210000,0.011138964380,-0.006543964035,-0.002985670977,0.013259495614,3
16.220000,-0.001938789797,-0.005255540084,0.013224109927,0.014361639558,3
16.230000,-0.013405284762,0.011659984058,0.001420945419,0.017823466937,3
16.240000,0.009041240929,0.008684818623,-0.011725730832,0.017165747161,3
16.250000,0.017687637253,-0.013632171797,0.001544344240,0.022384673745,3
16.260000,-0.001565680251,-0.008295371837,0.016220279692,0.018285568677,3
16.270000,-0.009843667854,0.008429810923,-0.003540444748,0.013434815147,3
16.280000,0.003954493371,0.008685603684,-0.008707397875,0.012918843096,3
16.290000,0.009890149409,-0.012899683537,0.004084872363,0.016760163273,3
16.300000,-0.011449316825,-0.010254751344,0.010731790013,0.018746148878,3
16.310000,-0.011569167861,0.010833118534,-0.001005928892,0.015881246649,3
16.320000,0.004685610843,0.004097520035,-0.011573475411,0.013141154915,3
16.330000,0.011031104377,-0.015390397354,0.000914844519,0.018957492846,3
16.340000,-0.013299825646,-0.007700737028,0.015819805551,0.022055678648,3
16.350000,-0.005521058544,0.014194335231,-0.001770227070,0.015332806135,3
16.360000,0.008380231232,0.005526847678,-0.012769494565,0.016242977320,3
16.370000,0.014547834797,-0.015347278798,0.003591098611,0.021449346214,3
16.380000,-0.005947016014,-0.005558379508,0.017387272483,0.019198432921,3
16.390000,-0.008613347015,0.013841003877,-0.008165079077,0.018232708287,3
16.400000,0.014596932775,0.005257648234,-0.016763524231,0.022841389100,3
16.410000,0.011458724584,-0.012226947882,0.003532616423,0.017125419772,3
16.420000,-0.014263826409,-0.009123052764,0.013576200909,0.021702535951,3
16.430000,-0.009411425321,0.007232905685,-0.006059362814,0.013326879940,3
16.440000,0.005910073476,0.007304261842,-0.007442081746,0.011986066506,3
16.450000,0.012520992087,-0.017705683266,0.007437715660,0.022925664155,3
16.460000,-0.004380713080,-0.006666728836,0.012019140234,0.014425520872,3
16.470000,-0.011670681705,0.015252379107,-0.009977314237,0.021642242935,3
16.480000,0.012821171641,0.006368897473,-0.013046128035,0.019368705532,3
16.490000,0.013529443724,-0.015716630797,0.008205175072,0.022302090240,3
16.500000,-0.016222088610,-0.012644187880,0.012380133917,0.024006235895,3
16.510000,-0.006190977574,0.016921229084,-0.006690610611,0.019220313925,3
16.520000,0.015219813620,0.007917630949,-0.021962224069,0.027868815772,3
16.530000,0.012595876026,-0.019906931517,0.003006004130,0.023748222588,3
16.540000,-0.019023123538,0.001129465731,0.015718856945,0.024702983335,3
16.550000,-0.013675819816,0.015709081688,-0.010930203936,0.023521748515,3
16.560000,0.013075335621,0.005271747173,-0.009464875681,0.016980565112,3
16.570000,0.004891566563,-0.008841619821,0.007697505406,0.012702490070,3
16.580000,-0.013502748022,-0.001821131698,0.010864518751,0.017426373475,3
16.590000,-0.001817825987,0.013505047822,-0.008110103109,0.015857634768,3
16.600000,0.012762212788,0.008347962427,-0.010562194756,0.018550539345,3
16.610000,0.005147298444,-0.008297390697,0.005742264702,0.011327620119,3
16.620000,-0.012061346872,-0.003409610598,0.013449935078,0.018384838493,3
16.630000,-0.004399047975,0.012433489367,-0.001260788813,0.013248881816,3
16.640000,0.012567308423,-0.002754980405,-0.007882657713,0.015088520492,3
16.650000,0.007093959216,-0.017965644244,0.011602114314,0.022532147856,3
16.660000,-0.008779180833,-0.002058313120,0.010173430515,0.013594460542,3
16.670000,-0.003531518307,0.013438311232,-0.008222460205,0.016145237135,3
16.680000,0.009313459336,0.000100231617,-0.005561522307,0.010848092070,3
16.690000,0.004075164970,-0.015295511399,0.010123864890,0.018789685437,3
16.700000,-0.009283120850,-0.001033156746,0.009723104754,0.013482674499,3
16.710000,-0.003850818568,0.010669592137,-0.009039825538,0.014504738735,3
16.720000,0.011711362812,-0.003363079788,-0.007063965036,0.014084243913,3
16.730000,0.012544947224,-0.019979247327,0.010764828034,0.025931207978,3
16.740000,-0.007985151810,-0.002454270029,0.006084533612,0.010334778182,3
16.750000,-0.001857100515,0.016429846256,-0.010613045895,0.019647529450,3
16.760000,0.011091262353,-0.004957045312,-0.007385134591,0.014217194229,3
16.770000,0.001345676938,-0.012029795427,0.003698280158,0.012657175853,3
16.780000,-0.011853580291,0.000924653739,0.004564798896,0.012735766141,3
16.790000,-0.007624986536,0.017042756943,-0.007610554198,0.020162254812,3
16.800000,0.012048959401,0.000249201092,-0.007595496819,0.014245388579,3
16.810000,0.003659037274,-0.009609663438,0.006094435652,0.011953088768,3
16.820000,-0.022176609583,0.002767731958,0.012982108434,0.025845647451,3
16.830000,-0.001595050736,0.009993592893,-0.007858258771,0.012812818452,3
16.840000,0.011741221048,-0.002002757285,-0.005583837550,0.013154715892,3
16.850000,0.001495507152,-0.016349331869,0.014596782123,0.021968232577,3
16.860000,-0.013919184604,0.006066120033,0.012301374796,0.019541374930,3
16.870000,-0.005218329385,0.016460260139,-0.010352858036,0.020133375150,3
16.880000,0.014506021843,-0.003386712158,-0.005012448257,0.015716842128,3
16.890000,-0.000933252590,-0.012275062540,0.013995854406,0.018639529536,3
16.900000,-0.021942731100,0.004080027935,0.010996624192,0.024880832376,3
16.910000,-0.005787163795,0.019356692846,-0.017373606828,0.026646107351,3
16.920000,0.013127043434,-0.006785000522,-0.005317765401,0.015704589465,3
16.930000,-0.002435557997,-0.019891442855,0.014817408940,0.024923022476,3
16.940000,-0.019718389984,0.003925431963,0.007153031232,0.021339863530,3
16.950000,0.002894408293,0.013521446732,-0.009442741249,0.016744326902,3
16.960000,0.015921219487,-0.003217731736,-0.010876491643,0.019548327241,3
16.970000,0.001922526130,-0.009747476305,0.009367664986,0.013655129012,3
16.980000,-0.009583853252,0.009128315509,0.004082264934,0.013850677752,3
16.990000,0.006470180917,0.008440361322,-0.008030711768,0.013326487603,3
17.000000,0.012629060538,-0.001514416418,-0.007768755377,0.014904368060,3
17.010000,-0.003708675210,-0.009308157718,0.007847649258,0.012727202001,3
17.020000,-0.009767270032,0.005522468807,0.004449436822,0.012070406523,3
17.030000,-0.000271591524,0.009018696133,-0.012321471998,0.015271847108,3
17.040000,0.006739286212,-0.006716731222,-0.004538187121,0.010541707608,3
17.050000,0.000615384790,-0.010728643092,0.010916338359,0.015318254607,3
17.060000,-0.010841299797,0.006879509590,-0.003578143609,0.013329086434,3
17.070000,0.007315571484,0.011865638275,-0.013258905562,0.019238231065,3
17.080000,0.013575826012,-0.008568443385,-0.001600193276,0.016133254242,3
17.090000,-0.000297704435,-0.011151627587,0.013815517862,0.017757138271,3
17.100000,-0.009989288886,0.005821793659,0.002483967490,0.011825788276,3
17.110000,0.007626532723,0.014387263028,-0.013686538244,0.021271545969,3
17.120000,0.026939527633,-0.009566661569,-0.004640434308,0.028961919709,3
17.130000,-0.012125586680,-0.021929389171,0.018651684666,0.031238010542,3
17.140000,-0.041999575715,0.015174437895,0.005924451332,0.045048052669,3
17.150000,0.011495704042,0.027692082348,-0.038634221664,0.048904046047,3
17.160000,0.023937996671,-0.025116924294,-0.004301338560,0.034962681305,3
17.170000,-0.018193568161,-0.037851788601,0.053633976656,0.068120241299,3
17.180000,-0.068643413778,0.037981461217,-0.006014956445,0.078680933855,3
17.190000,0.055624570127,0.050136270930,-0.073500922249,0.104929138165,3
17.200000,0.061940965782,-0.053367552424,-0.010600016326,0.082444764782,3
17.210000,0.004147119035,-0.034830631482,0.066336700337,0.075039518238,3
17.220000,-0.052009435583,0.059064225145,-0.013372467578,0.079827232012,3
17.230000,0.029982808265,0.037981023992,-0.023625025548,0.053848572934,3
17.240000,0.040829001269,-0.031553429565,0.003914997956,0.051748946568,3
17.250000,-0.018108614348,-0.031997665578,0.033403595087,0.049674668401,3
17.260000,-0.025708821195,0.021063195620,-0.004576258637,0.033549125772,3
17.270000,0.007474083838,0.019804796010,-0.030897918593,0.037453614613,3
17.280000,0.018676605009,-0.019585199918,0.004787637364,0.027483032984,3
17.290000,-0.015451327085,-0.007946303558,0.027658548769,0.032663168384,3
17.300000,-0.017469019010,0.022450631248,0.000690643642,0.028454779163,3
17.310000,0.011260802071,0.015090784502,-0.020727399981,0.028002902531,3
17.320000,0.020570892153,-0.020636616019,-0.000656169310,0.029145532811,3
17.330000,-0.009800752745,-0.007221084997,0.013197644139,0.017954849866,3
17.340000,-0.014669732123,0.017337068828,-0.001907480069,0.022790644491,3
17.350000,0.010828191826,0.013794912711,-0.021477232677,0.027727619414,3
17.360000,0.014549403865,-0.017011669620,0.005794629043,0.023122711386,3
17.370000,-0.014084866819,-0.011756889478,0.015739680645,0.024173238723,3
17.380000,-0.009751871453,0.013071551187,-0.002526893802,0.016503019104,3
17.390000,0.004626693312,0.006527193418,-0.014148414695,0.016253866719,3
17.400000,0.006880477560,-0.011199446430,-0.000767989763,0.013166562956,3
17.410000,-0.004416627658,-0.003532518744,0.005910166680,0.008180180850,3
17.420000,-0.009157984437,0.009058378494,-0.001113404137,0.012929136424,3
17.430000,0.010035973817,0.002243017489,-0.012784747154,0.016407365958,3
17.440000,0.003773859064,-0.005546980413,0.001687943188,0.006918103507,3
17.450000,-0.013065042025,0.000576325225,0.013690449984,0.018932931486,3
17.460000,-0.001830448303,0.014414154128,-0.005461336259,0.015522389440,3
17.470000,0.012387702760,0.007630829301,-0.016628295736,0.022094907888,3
17.480000,0.014668099771,-0.016751066382,0.006158437862,0.023101466030,3
17.490000,-0.010170142561,0.001813524526,0.010059359388,0.014419132506,3
17.500000,-0.010294653574,0.012412106020,-0.006927669346,0.017550865239,3
17.510000,0.004722566898,0.002356707164,-0.007342635862,0.009042732339,3
17.520000,0.007013146567,-0.013065070132,0.007040457893,0.016414881348,3
17.530000,-0.009929272123,-0.002734539316,0.008539200488,0.013378568501,3
17.540000,-0.012005177202,0.016566354953,-0.010548229538,0.023018113356,3
17.550000,0.008963643339,0.004379479771,-0.008959498868,0.013408928553,3
17.560000,0.005716215125,-0.011111781910,0.006770970609,0.014212419061,3
17.570000,-0.006429811524,-0.001134610120,0.010108248710,0.012033557593,3
17.580000,-0.001516763010,0.017864303041,-0.007060095220,0.019268597191,3
17.590000,0.011944721562,0.003221494478,-0.007717964597,0.014581542353,3
17.600000,0.006548831095,-0.013213484150,0.003287775438,0.015109361979,3
17.610000,-0.009232968013,-0.002849401443,0.011132905106,0.014741382669,3
17.620000,-0.008007013567,0.008859007808,-0.008294774406,0.014539517462,3
17.630000,0.007427130319,0.000609028919,-0.011029377390,0.013310910810,3
17.640000,0.006140548820,-0.007215406023,0.007353242621,0.011993273154,3
17.650000,-0.009785283795,-0.003464677882,0.008197591553,0.013227103955,3
17.660000,-0.005413679282,0.009571255670,-0.011445842102,0.015872118948,3
17.670000,0.010076034775,0.002489545761,-0.009783223630,0.014263091512,3
17.680000,0.013565533819,-0.014273717657,0.012195558575,0.023162348164,3
17.690000,-0.010006337751,-0.002942617721,0.010199565363,0.014588246222,3
17.700000,-0.003853915532,0.013695958709,-0.009514277270,0.017115882152,3
17.710000,0.024691130053,-0.002377589342,-0.013661960937,0.028318792541,3
17.720000,0.002364856543,-0.015534278137,0.009979085369,0.018614201259,3
17.730000,-0.022008367958,0.003462432133,0.015254547824,0.027001072678,3
17.740000,-0.003525040300,0.015832156646,-0.012748599432,0.020630314604,3
17.750000,0.009809133542,-0.007806612780,-0.010980378782,0.016665263938,3
17.760000,0.003996349337,-0.015088171346,0.010567195714,0.018849120612,3
17.770000,-0.021813894623,0.003562680165,0.011232785454,0.024793429728,3
17.780000,-0.003137091496,0.013769952555,-0.008411915482,0.016438164694,3
17.790000,0.010520757956,-0.000149983455,-0.006491900899,0.012363398412,3
17.800000,0.005300638903,-0.016518757564,0.007378927888,0.018852445492,3
17.810000,-0.009438766717,0.004723099754,0.010266182957,0.014723875201,3
17.820000,-0.001498679025,0.015084902400,-0.011514077192,0.019036131246,3
17.830000,0.014519089299,-0.002244142646,-0.007343549672,0.016424611169,3
17.840000,0.001452229260,-0.014930102730,0.013152861444,0.019950305800,3
17.850000,-0.013864738705,0.001971778742,0.004595861333,0.014739091972,3
17.860000,-0.002711382441,0.014802134946,-0.013645835343,0.020314123558,3
17.870000,0.011246584326,-0.004613627330,-0.006803843550,0.013930667722,3
17.880000,-0.000849691799,-0.011571331159,0.006947529690,0.013523529485,3
17.890000,-0.016392301362,0.004853925588,0.003705468975,0.017492816751,3
17.900000,-0.001198352153,0.009872346894,-0.009203170318,0.013549820109,3
17.910000,0.007892459133,-0.005249529385,-0.008890923175,0.012996037274,3
17.920000,-0.003026000078,-0.013429104082,0.014938481465,0.020313929738,3
17.930000,-0.009759827074,0.005878312080,0.005537882628,0.012667948588,3
17.940000,0.001378277877,0.012213007260,-0.009400893779,0.015473655033,3
17.950000,0.016210462433,-0.005576597688,-0.004999693775,0.017857056641,3
17.960000,-0.000922399453,-0.013398029083,0.012878648503,0.018606923210,3
17.970000,-0.009890102374,0.006648097028,0.007421026520,0.014038623639,3
17.980000,0.000182613514,0.012857544765,-0.011620368080,0.017331553865,3
17.990000,0.009781878405,-0.006828517305,-0.008115858189,0.014428476977,3
18.000000,-0.002893932824,-0.011636844964,0.013056878245,0.017727748797,3
18.010000,-0.015915890977,0.007484529308,0.006593133248,0.018783055411,3
18.020000,0.004745905774,0.009805062227,-0.014703517982,0.018299079429,3
18.030000,0.015539816776,-0.003465750606,-0.007402267214,0.017558214391,3
18.040000,-0.004104723160,-0.008845798406,0.010079232370,0.014024543730,3
18.050000,-0.012289234309,0.005537223560,0.002580564979,0.013723900330,3
18.060000,0.007479541067,0.010261963270,-0.011860569400,0.017375975691,3
18.070000,0.013592338541,-0.008418301918,-0.006519455313,0.017266232124,3
18.080000,0.001131753076,-0.009041340957,0.009136232974,0.012903389642,3
18.090000,-0.011415912829,0.011973527445,0.010053206594,0.019358599846,3
18.100000,0.005356796533,0.017616065093,-0.013483762553,0.022821763101,3
18.110000,0.020815879217,-0.018762192976,-0.000626496887,0.028030576362,3
18.120000,-0.012859040344,-0.008941668268,0.015929357934,0.022339489568,3
18.130000,-0.019392649684,0.012462032215,-0.000043289335,0.023051659000,3
18.140000,0.000919006406,0.011985522332,-0.019225865233,0.022674461676,3
18.150000,0.011218578717,-0.008788826068,-0.005001582139,0.015103502771,3
18.160000,-0.004326777490,-0.014074250738,0.019037207012,0.024067006214,3
18.170000,-0.011317422695,0.009724392205,0.000303360893,0.014924472790,3
18.180000,0.009073542213,0.008997176067,-0.017247352919,0.021465076944,3
18.190000,0.018468971985,-0.010026870112,-0.003401505459,0.021288759705,3
18.200000,-0.003143344442,-0.006256341146,0.009956181362,0.012171604912,3
18.210000,-0.008997418616,0.005344090017,0.000505880241,0.010477058494,3
18.220000,0.007413721535,0.011372225963,-0.014246229469,0.019678563068,3
18.230000,0.009430101143,-0.009760843470,0.000455875633,0.013579716323,3
18.240000,-0.014506328581,-0.014365411483,0.014168711720,0.024850573590,3
18.250000,-0.012214534679,0.008090398813,-0.001846878367,0.014766867308,3
18.260000,0.004651668893,0.010956412585,-0.012855455989,0.017519810184,3
18.270000,0.008092622701,-0.016879643406,-0.002502072912,0.018885795523,3
18.280000,-0.005078221170,-0.011007182701,0.010030777418,0.015734131590,3
18.290000,-0.007084077258,0.009605571209,-0.000352551404,0.011940495858,3
18.300000,0.005569667778,0.007411931872,-0.010693395558,0.014152972896,3
18.310000,0.014593385256,-0.016912501913,0.007158762953,0.023457354949,3
18.320000,-0.006034158010,-0.005665228785,0.013498105677,0.015833658356,3
18.330000,-0.005267336046,0.008673475925,-0.000532523637,0.010161574438,3
18.340000,0.006044551069,0.005230036535,-0.010471302484,0.013173384360,3
18.350000,0.011311964745,-0.011883827262,0.006300634163,0.017575092820,3
18.360000,-0.006488040409,-0.004925785450,0.009412421854,0.012447960307,3
18.370000,-0.012468222225,0.010700406028,-0.003554401702,0.016810384471,3
18.380000,0.008214590596,0.005356207796,-0.011935083445,0.015447157585,3
18.390000,0.009661153668,-0.016011440703,0.000886172541,0.018721362807,3
18.400000,-0.006069704416,-0.005386349788,0.016818354788,0.018673808758,3
18.410000,-0.012050877701,0.011004178328,-0.005740442801,0.017299372173,3
18.420000,0.011619221285,0.008372637157,-0.011451768902,0.018337130834,3
18.430000,0.012406287360,-0.011742245793,0.006827897394,0.018396099727,3
18.440000,-0.003997723232,-0.004243596422,0.008210519183,0.010069882168,3
18.450000,-0.010161190719,0.007356487549,-0.002063093250,0.012713145152,3
18.460000,0.008148689409,0.001476908876,-0.009896182892,0.012904140218,3
18.470000,0.005863897064,-0.010270310249,0.002529320718,0.012093883771,3
18.480000,-0.012912483355,-0.006828736351,0.012204627137,0.019034620829,3
18.490000,-0.011656244633,0.009689498983,-0.004316097829,0.015760175442,3
18.500000,0.014585201821,0.002569436250,-0.022132503934,0.026630393260,3
18.510000,0.005769192403,-0.018109327367,0.006288803696,0.020019499759,3
18.520000,-0.013855759045,-0.004553736290,0.011824422248,0.018775929655,3
18.530000,-0.007028471872,0.014798255803,-0.008090741353,0.018271504790,3
18.540000,0.014362739606,0.010468729327,-0.015806719335,0.023785183599,3
18.550000,0.010128085408,-0.011373930861,0.009084089871,0.017733164017,3
18.560000,-0.009677246469,-0.005048044474,0.018924297060,0.021846301093,3
18.570000,-0.010792251493,0.021201453411,-0.005165491402,0.024344539849,3
18.580000,0.014794765714,0.007857392160,-0.016360461732,0.023415559190,3
18.590000,0.011502135978,-0.018661064124,0.013881029824,0.025946433960,3
18.600000,-0.018515839550,-0.004191867102,0.014802274211,0.024073125801,3
18.610000,-0.010447903525,0.018631490571,-0.012637217163,0.024819153623,3
18.620000,0.006320745933,-0.000572925919,-0.007484665502,0.009813271164,3
18.630000,0.002511605925,-0.015725135327,0.009177658790,0.018379811377,3
18.640000,-0.011358844656,-0.003923958032,0.006225613685,0.013534366048,3
18.650000,-0.001149996057,0.006210116627,-0.002617347729,0.006836559704,3
18.660000,0.012115911296,0.002492855688,-0.011009806106,0.016559754422,3
18.670000,0.004149322161,-0.014105301977,0.007571708983,0.016538052944,3
18.680000,-0.008680866901,0.003304894696,0.008331131281,0.012477480817,3
18.690000,-0.000779243217,0.015726064447,-0.007833686842,0.017586442861,3
18.700000,0.008123202632,0.001809201380,-0.004673907589,0.009544896164,3
18.710000,0.004010041033,-0.015987793982,0.007021482121,0.017916227188,3
18.720000,-0.008972539854,-0.001658736589,0.006079244676,0.010964264423,3
18.730000,-0.004924247527,0.012781329617,-0.006490352963,0.015157020884,3
18.740000,0.008813859344,-0.001862296981,-0.009547957319,0.013126909596,3
18.750000,0.000847780000,-0.015638166188,0.009538865570,0.018337418821,3
18.760000,-0.012841536695,0.002478050901,0.012737145702,0.018255976599,3
18.770000,-0.000159250712,0.009072844544,-0.007244725965,0.011611542672,3
18.780000,0.013847957736,-0.000955949359,-0.009283826238,0.016699377301,3
18.790000,0.010410596647,-0.011444827577,0.009060594773,0.017929277131,3
18.800000,-0.008714727869,0.000173795927,0.009004084184,0.012531967876,3
18.810000,0.000171017330,0.015002253514,-0.005280148015,0.015905245062,3
18.820000,0.011796275085,-0.003566814092,-0.003903377956,0.012927127605,3
18.830000,-0.000034182558,-0.013336178351,0.010322577365,0.016864472269,3
18.840000,-0.019673301845,0.004596325872,0.005721397639,0.020997604815,3
18.850000,-0.004312193869,0.004763387460,-0.006366831543,0.009045519330,3
18.860000,0.010456499849,-0.006613800645,-0.007471573844,0.014453551944,3
18.870000,0.002006115266,-0.011020232921,0.009465332977,0.014665011437,3
18.880000,-0.012887724108,0.003004842641,0.004396501542,0.013944595290,3
18.890000,-0.000987895059,0.010598385736,-0.008206103753,0.013440307127,3
18.900000,0.012795209749,-0.004522932533,-0.007316532477,0.015417715742,3
18.910000,0.002480079391,-0.012273517684,0.010410189597,0.016283798008,3
18.920000,-0.021515432847,0.009290821172,0.011202053841,0.025975357917,3
18.930000,0.007550487554,0.017628060545,-0.013185500941,0.023272640932,3
18.940000,0.021582840416,-0.002921791908,-0.002932384406,0.021976231403,3
18.950000,-0.001578641939,-0.012348288256,0.014551127135,0.019149611853,3
18.960000,-0.014827350533,0.006007743702,0.009572060988,0.018643166570,3
18.970000,-0.002412657008,0.009952903498,-0.009322833544,0.013849058711,3
18.980000,0.018538673175,-0.010040815504,-0.011752900891,0.024137751727,3
18.990000,-0.004582331510,-0.011530818396,0.013282583458,0.018176483661,3
19.000000,-0.024322219713,0.002229493986,0.006845839342,0.025365459418,3
19.010000,0.005370957061,0.020537069448,-0.018216016248,0.027972158466,3
19.020000,0.018181584630,-0.008581291477,-0.002789129599,0.020297483268,3
19.030000,0.001295437280,-0.011794601345,0.015536152042,0.019548984600,3
19.040000,-0.011641799612,0.007980808966,0.007677498751,0.016067631968,3
19.050000,0.012239527932,0.028979453306,-0.036969090366,0.048542027156,3
19.060000,0.034275997554,-0.008506750819,-0.010068847622,0.036723160406,3
19.070000,-0.008833493199,-0.033034205834,0.037459018176,0.050719497236,3
19.080000,-0.065862769464,0.017757966698,0.010121609159,0.068961559978,3
19.090000,0.013414436906,0.038599174767,-0.071869801289,0.082674734638,3
19.100000,0.058313087271,-0.052656730545,0.000190705068,0.078569611092,3
19.110000,-0.013203682552,-0.039416287884,0.039030229579,0.057020520907,3
19.120000,-0.041881461108,0.026020458752,0.010128815788,0.050336010643,3
19.130000,0.013071215634,0.014093689337,-0.031970670917,0.037304323559,3
19.140000,0.020728893625,-0.007980321611,0.001828236899,0.022287104210,3
19.150000,-0.002282851256,-0.009016462047,0.016375844489,0.018832851097,3
19.160000,-0.011902490585,0.008066080112,0.003243061445,0.014739347952,3
19.170000,0.012701889392,0.016080639836,-0.015095059781,0.025451636518,3
19.180000,0.011536068627,-0.010064363499,-0.001274128315,0.015362151379,3
19.190000,-0.004532342684,-0.005760447744,0.013367635299,0.015245279988,3
19.200000,-0.008897549569,0.008241758578,0.001825399852,0.012264789334,3
19.210000,0.002716257929,0.008496318512,-0.011553591590,0.014596265413,3
19.220000,0.009376401042,-0.009428343241,0.001486506935,0.013379845128,3
19.230000,-0.007980147728,-0.011547183104,0.011937290416,0.018426044011,3
19.240000,-0.009304060590,0.009955270875,0.002362278570,0.013829436782,3
19.250000,0.001958755517,0.007188209415,-0.013396748073,0.015329055310,3
19.260000,0.010449054071,-0.008729237067,0.001940988143,0.013753172205,3
19.270000,-0.009107385056,-0.011490178400,0.013212519876,0.019736751093,3
19.280000,-0.007552696061,0.004520401169,0.000347080321,0.008808956196,3
19.290000,0.013698180603,0.007041230412,-0.008425692931,0.017555949957,3
19.300000,0.012820209754,-0.010835419787,0.002197973210,0.016929122433,3
19.310000,-0.008010723079,-0.007078134865,0.011572599660,0.015754261020,3
19.320000,-0.014464496182,0.014319341582,0.000112489587,0.020353816523,3
19.330000,0.005222525452,0.012597933582,-0.021477845673,0.025441709011,3
19.340000,0.008843738371,-0.014712269941,0.000609579008,0.017176559078,3
19.350000,-0.005331896203,-0.007137244081,0.012774312734,0.015574095030,3
19.360000,-0.012623255735,0.013148545516,-0.006929776943,0.019500067769,3
19.370000,0.015068047447,0.007692816188,-0.016441444307,0.023591239171,3
19.380000,0.009988730617,-0.019476409922,0.001919564432,0.021972483027,3
19.390000,-0.010379183643,-0.007747822497,0.017047692195,0.021409811202,3
19.400000,-0.006750721927,0.020639505403,-0.006483080640,0.022662563059,3
19.410000,0.015234198880,0.013123879101,-0.016417261155,0.025958495373,3
19.420000,0.014690011790,-0.012951391785,0.001630544147,0.019651810852,3
19.430000,-0.008681902521,-0.005944588565,0.013980821763,0.017497912497,3
19.440000,-0.008528346077,0.013096215417,-0.005698998798,0.016634967158,3
19.450000,0.011431085832,0.009608099720,-0.017717390876,0.023170913727,3
19.460000,0.006233162719,-0.011977432038,0.004900633175,0.014364101128,3
19.470000,-0.009295980328,-0.004530109185,0.007242896794,0.012625240333,3
19.480000,-0.014533021520,0.015598600384,-0.006448908060,0.022273604639,3
19.490000,0.002766560692,0.000372256857,-0.007024138377,0.007558502045,3
19.500000,0.007348602170,-0.012753783342,0.002717723850,0.014968198499,3
19.510000,-0.008117345005,-0.003265314656,0.013172543192,0.015813584789,3
19.520000,-0.004554222238,0.015197782809,-0.006176790244,0.017025459765,3
19.530000,0.008637723464,0.002332933152,-0.008331315477,0.012225533171,3
19.540000,0.006203552271,-0.008823293811,0.006090005784,0.012386393539,3
19.550000,-0.008369743340,0.000194091182,0.012111330913,0.014723267689,3
19.560000,-0.003274803432,0.008580867757,-0.003928251970,0.009989333938,3
19.570000,0.010948686971,0.005503980423,-0.018529995486,0.022215496384,3
19.580000,0.004234906764,-0.006760882328,0.006030519974,0.010000556800,3
19.590000,-0.011335599478,-0.002593315813,0.004822318317,0.012588719410,3
19.600000,-0.008367542500,0.018003063831,-0.009265349209,0.021908280872,3
19.610000,0.008550012016,0.002131652827,-0.012758578623,0.015505740154,3
19.620000,0.002423491267,-0.011993427779,0.005408607443,0.013377916664,3
19.630000,-0.010591115438,-0.003035936150,0.012715472307,0.016824739835,3
19.640000,0.002322705985,0.015888612807,-0.003907768118,0.016526149936,3
19.650000,0.014971906555,0.001526147798,-0.010080012236,0.018113358597,3
19.660000,0.008476688718,-0.010753678190,0.008178555072,0.015949439154,3
19.670000,-0.009790684003,-0.003376480472,0.005586612147,0.011767257493,3
19.680000,-0.001304593182,0.011206228854,-0.006978224382,0.013265637716,3
19.690000,0.006908340871,-0.000120885580,-0.009993086911,0.012149138773,3
19.700000,-0.000114008453,-0.014969237819,0.004457335320,0.015619184260,3
19.710000,-0.019847628267,0.000098473169,0.012509676031,0.023461245474,3
19.720000,-0.005777126107,0.011597370043,-0.008844425588,0.015687512294,3
19.730000,0.013071710337,-0.003332115826,-0.014490287679,0.019797500954,3
19.740000,0.004537924354,-0.019402309497,0.011498561590,0.023005636046,3
19.750000,-0.021214322312,-0.003550624312,0.016070011467,0.026849574908,3
19.760000,0.001744464567,0.018762604929,-0.008927305465,0.020851265746,3
19.770000,0.023960416373,-0.006150249533,-0.010887672439,0.027027181378,3
19.780000,0.005764658934,-0.015640102793,0.019046400842,0.025310264578,3
19.790000,-0.019286826472,-0.002733372240,0.016213362043,0.025344153328,3
19.800000,0.001987985907,0.018395687640,-0.011814170868,0.021952859609,3
19.810000,0.014177498225,-0.002443323273,-0.006027369234,0.015598091692,3
19.820000,0.000252889747,-0.015106144227,0.011438928475,0.018950161774,3
19.830000,-0.019481580245,0.002568602810,0.011642434531,0.022840227036,3
19.840000,-0.002414586168,0.010805357570,-0.006378954013,0.012777990174,3
19.850000,0.008177084470,-0.001951723002,-0.006294295223,0.010502003879,3
19.860000,-0.002410642299,-0.009874737127,0.016592316880,0.019458330068,3
19.870000,-0.011056519042,0.003788263498,0.004683121692,0.012590837241,3
19.880000,-0.001501840494,0.008586605311,-0.009920145688,0.013205854993,3
19.890000,0.021303743018,-0.003990891013,-0.007165845190,0.022828184661,3
19.900000,0.001240750359,-0.009281510804,0.005974723726,0.011107800316,3
19.910000,-0.009613647160,0.003528754709,0.004629478164,0.011238611551,3
19.920000,0.003094429739,0.014175392995,-0.018060246658,0.023166565808,3
19.930000,0.009607532613,-0.004200333452,-0.005976202742,0.012069071349,3
19.940000,-0.003593692632,-0.009667170715,0.011008528507,0.015084976508,3
19.950000,-0.018165805488,0.004753732421,0.003662968177,0.019131434782,3
19.960000,-0.000534095023,0.013892896965,-0.009679120236,0.016940578861,3
19.970000,0.008176675156,-0.005186358093,-0.005030747835,0.010911679552,3
19.980000,-0.000965974186,-0.006559662240,0.011822847236,0.013555146314,3
19.990000,-0.010724635063,0.003021504242,0.002742178481,0.011474616679,3
20.000000,0.004624307569,0.012635286610,-0.011624819358,0.017781201121,3
20.010000,0.008711470557,0.000265815270,-0.003154197349,0.009268729035,3
20.020000,0.001827738651,-0.011132622167,0.010940034813,0.015714969507,3
20.030000,-0.005497505833,0.005688366569,0.003032344198,0.008472024312,3
20.040000,0.001330603525,0.012415687182,-0.010269650776,0.016167421594,3
20.050000,0.014723277916,-0.004091527684,-0.003487437611,0.015674110261,3
20.060000,-0.004816892956,-0.004942114192,0.010824315524,0.012837163121,3
20.070000,-0.011497428703,0.004180611081,0.004877233934,0.013170261449,3
20.080000,-0.001646529264,0.008707181232,-0.008453319005,0.012246822682,3
20.090000,0.006823367283,-0.003401035899,-0.000544465427,0.007643417355,3
20.100000,-0.006320421980,-0.008691753435,0.009687293721,0.014468516559,3
20.110000,-0.010594859058,0.005885380138,0.002375646185,0.012350402124,3
20.120000,0.003477129836,0.010059534634,-0.013350749899,0.017074167383,3
20.130000,0.017284919970,-0.006933857147,-0.002685366774,0.018816429736,3
20.140000,-0.004221929961,-0.018711766268,0.019518381152,0.027366440986,3
20.150000,-0.014622155746,0.016698369452,-0.000867700926,0.022212516425,3
20.160000,0.011197406792,0.012316975797,-0.024779460379,0.029851490219,3
20.170000,0.018877052903,-0.019387689037,-0.003569522557,0.027294085509,3
20.180000,-0.006318868533,-0.010987813922,0.016743109040,0.020999806062,3
20.190000,-0.020774664312,0.014965244619,0.002748208444,0.025750686854,3
20.200000,0.004290845318,0.015682455632,-0.022316306311,0.027611017648,3
20.210000,0.010866210394,-0.012114980587,-0.002054346670,0.016403280866,3
20.220000,-0.012333239827,-0.011560171225,0.013293192304,0.021504774470,3
20.230000,-0.013968067046,0.011982143765,-0.001890425186,0.018500064151,3
20.240000,0.006266295972,0.006032391439,-0.010722336289,0.013806690667,3
20.250000,0.019709038885,-0.011168814243,-0.002502196790,0.022791437298,3
20.260000,-0.004331185765,-0.007100642209,0.008442793246,0.011851541997,3
20.270000,-0.008812829872,0.009655196162,-0.000561698626,0.013084505670,3
20.280000,0.003554830946,0.007182841842,-0.010746888841,0.013406179908,3
20.290000,0.014032722814,-0.012016834474,0.003706170836,0.018842964804,3
20.300000,-0.006021558186,-0.008774915670,0.019281365933,0.022023382580,3
20.310000,-0.011746173935,0.010868761535,-0.002952409736,0.016273269575,3
20.320000,0.008262144140,0.006119287875,-0.013430317091,0.016913962488,3
20.330000,0.010129786693,-0.010915912948,0.001479210820,0.014965219630,3
20.340000,-0.010940536034,-0.009330692063,0.016391274177,0.021804380575,3
20.350000,-0.012695726359,0.007102279735,0.002458269558,0.014753539726,3
20.360000,0.021228621858,0.012151632008,-0.019968202454,0.031576029764,3
20.370000,0.016210640922,-0.014894753014,0.000109166830,0.022014778306,3
20.380000,-0.009825924598,-0.014002682767,0.021045319355,0.027120645008,3
20.390000,-0.013371028553,0.028851098724,-0.009700733960,0.033245669515,3
20.400000,0.020295071142,0.011109054610,-0.030302403566,0.038125275984,3
20.410000,0.022690326601,-0.030798707886,0.003114939951,0.038381169597,3
20.420000,-0.039906780228,-0.024108519625,0.056023866759,0.072886524634,3
20.430000,-0.045514085968,0.030583905718,-0.024404601157,0.060020761975,3
20.440000,0.021489003602,0.022428813968,-0.062745730770,0.070013253757,3
20.450000,0.026915782054,-0.058639947671,0.006438336901,0.064842539806,3
20.460000,-0.050461596204,-0.014457802230,0.048090527170,0.071190586037,3
20.470000,-0.033957724820,0.053160395000,-0.047248964017,0.078813826656,3
20.480000,0.039837596484,0.021648312938,-0.057999116161,0.073617803704,3
20.490000,0.042648694630,-0.046820855746,0.023911062026,0.067696695441,3
20.500000,-0.041362940935,-0.017221724897,0.059674318505,0.074622416071,3
20.510000,-0.012018383470,0.046890053306,-0.007647334386,0.049006125775,3
20.520000,0.026275816923,0.021284024955,-0.026135066735,0.042737220154,3
20.530000,0.020241592620,-0.026823474219,0.029479181061,0.044701710896,3
20.540000,-0.024620693963,-0.011981087711,0.015346862711,0.031388711809,3
20.550000,-0.025496088973,0.035893310725,-0.017734367847,0.047464598499,3
20.560000,0.020932936660,0.009981212932,-0.022083718977,0.032023477211,3
20.570000,0.009035917895,-0.015931831170,0.008043353525,0.020004164381,3
20.580000,-0.024464337885,0.000040455887,0.013200151105,0.027798371428,3
20.590000,-0.011963621067,0.020558334689,-0.011659348491,0.026489880360,3
20.600000,0.014702357930,0.007440424956,-0.021176592897,0.026832207120,3
20.610000,0.012142480601,-0.019416969134,0.016963566046,0.028499492952,3
20.620000,-0.008234669879,-0.002543017610,0.014845024598,0.017165415285,3
20.630000,-0.002945536481,0.019915263258,-0.013118520503,0.024028929980,3
20.640000,0.018243069633,0.007222940855,-0.010297981479,0.022159171617,3
20.650000,0.007046483727,-0.016327025773,0.014028621152,0.022650097460,3
20.660000,-0.011670624062,0.002273811619,0.013275189266,0.017821457161,3
20.670000,-0.008404081229,0.007945793221,-0.008436517715,0.014315692172,3
20.680000,0.011276787285,-0.004274227884,-0.007342701215,0.014119143622,3
20.690000,0.000790670366,-0.007571251514,0.005895801547,0.009628576478,3
20.700000,-0.014596647544,-0.001395042967,0.008760784644,0.017080972220,3
20.710000,-0.004253349236,0.006243255743,-0.012372179698,0.014496208210,3
20.720000,0.014648117098,-0.002481067119,-0.007058097996,0.016448093382,3
20.730000,0.005866818067,-0.006667519007,0.006927578312,0.011263512117,3
20.740000,-0.004471713932,-0.001629781861,0.007089676368,0.008539082234,3
20.750000,-0.000809707596,0.007792085495,-0.010847420828,0.013380536662,3
20.760000,0.015575758155,-0.001201138226,-0.005287580650,0.016492588768,3
20.770000,0.005700849822,-0.010038712188,0.011679796032,0.016422334379,3
20.780000,-0.008676372705,0.003053445571,0.004077460433,0.010061245288,3
20.790000,-0.003035296916,0.008604486288,-0.009056813083,0.012855974287,3
20.800000,0.002939900921,-0.001384760671,-0.005872998457,0.006712130096,3
20.810000,-0.000195173066,-0.009708050453,0.007311393256,0.012154867645,3
20.820000,-0.015282307183,0.003009602819,0.008689755573,0.017835876034,3
20.830000,-0.000384689824,0.015922700652,-0.011977392049,0.019928329148,3
20.840000,0.014558650510,0.002125464583,-0.008205804023,0.016846576033,3
20.850000,0.000946000906,-0.015095847616,0.012641279201,0.019712469982,3
20.860000,-0.008488232545,0.005060782305,0.009903567139,0.013990791663,3
20.870000,0.000732269313,0.027786667184,-0.021960394831,0.035424483520,3
20.880000,0.023551064612,-0.005226653134,-0.014201750875,0.027993932829,3
20.890000,0.004477894606,-0.021202006142,0.017390068992,0.027784727893,3
20.900000,-0.028500600081,0.011386591864,0.012233490843,0.033039324712,3
20.910000,-0.001073909983,0.024456898978,-0.035079854908,0.042777206672,3
20.920000,0.029150816244,-0.014919699616,-0.014577257654,0.035844999164,3
20.930000,-0.023482951278,-0.020930622078,0.026987120936,0.041446889362,3
20.940000,-0.053430069385,0.020839062678,0.010465081028,0.058297142028,3
20.950000,0.009926578029,0.032080285509,-0.038233840745,0.050887211043,3
20.960000,0.063845433040,-0.037143054167,-0.031714121449,0.080384272667,3
20.970000,0.006304739795,-0.063197427508,0.090701115262,0.110726495913,3
20.980000,-0.066197779929,0.048804983918,0.033727951469,0.088891210100,3
20.990000,0.037540950015,0.069755792434,-0.073478034608,0.108047281669,3
21.000000,0.104051939329,-0.029365265187,-0.023557026389,0.110652873302,3
21.010000,-0.014593749925,-0.072417040787,0.058006493285,0.093925281988,3
21.020000,-0.088000747882,0.081556331640,0.037426466829,0.125683361180,3
21.030000,0.039731457765,0.078543325806,-0.067847862444,0.111134941414,3
21.040000,0.043453519791,-0.062835947630,-0.014151273598,0.077696996346,3
21.050000,-0.018115668679,-0.075252985119,0.074267216081,0.107269793537,3
21.060000,-0.091679536637,0.025460867580,0.011861577206,0.095885818710,3
21.070000,0.002021825909,0.059717795606,-0.062322615113,0.086338932391,3
21.080000,0.057062229919,-0.032894913932,-0.011574647909,0.066874105005,3
21.090000,-0.004545030201,-0.023977946767,0.037010808592,0.044332822866,3
21.100000,-0.024330573644,0.024908807449,0.009954918107,0.036214995471,3
21.110000,0.014351738539,0.022680944527,-0.037452482122,0.046076958024,3
21.120000,0.030517308218,-0.015966389290,-0.003185307525,0.034588695724,3
21.130000,-0.008399737985,-0.013443485762,0.012657289417,0.020285213409,3
21.140000,-0.016273293151,0.010303688176,0.002346584326,0.019403415112,3
21.150000,0.007807987320,0.010734490632,-0.011208219680,0.017372914076,3
21.160000,0.015057881688,-0.011919594271,0.002045213052,0.019313193028,3
21.170000,-0.010450994050,-0.010941598842,0.014760054619,0.021137669555,3
21.180000,-0.017608082689,0.013569917128,0.000605748640,0.022238573657,3
21.190000,0.004596925775,0.009492913058,-0.015436445398,0.018695747416,3
21.200000,0.015455273239,-0.012575562846,0.000389969316,0.019928931929,3
21.210000,-0.010826061262,-0.012673940845,0.013632901488,0.021533424762,3
21.220000,-0.008559439133,0.009111827629,0.003607384167,0.013011634084,3
21.230000,0.011945895151,0.011126094477,-0.007994404575,0.018177043043,3
21.240000,0.010628737881,-0.009050465795,0.002505801576,0.014183089987,3
21.250000,-0.004559115848,-0.009479174489,0.009420962842,0.014120723324,3
21.260000,-0.009980083859,0.011146746082,-0.004646458745,0.015666575915,3
21.270000,0.005369927535,0.012431358185,-0.012513191958,0.018437862160,3
21.280000,0.008212276883,-0.011346456820,-0.002521750741,0.014231753257,3
21.290000,-0.007236732780,-0.005142329201,0.006226853063,0.010843779324,3
21.300000,-0.010167242109,0.008591387195,-0.001155823929,0.013361162936,3
21.310000,0.004920243585,0.003482734429,-0.018187331958,0.019160304794,3
21.320000,0.011386002322,-0.016725429313,0.005664643089,0.021011168837,3
21.330000,-0.002238930879,-0.005507680610,0.011636307044,0.013067172563,3
21.340000,-0.010504986846,0.013468979546,0.001562099063,0.017152501629,3
21.350000,0.017003402196,0.009039862364,-0.020607225723,0.028204477478,3
21.360000,0.021642808211,-0.022529757000,0.003281461614,0.031412880926,3
21.370000,-0.015601641381,-0.012469446122,0.024356123530,0.031497921420,3
21.380000,-0.013558954138,0.021938329848,-0.012197230683,0.028529072718,3
21.390000,0.029449972880,0.014414837075,-0.023208935908,0.040171421888,3
21.400000,0.016038521376,-0.038753021050,0.011955741604,0.043611587516,3
21.410000,-0.040851365502,-0.026622555996,0.048293258474,0.068628225718,3
21.420000,-0.043389120257,0.033381565185,-0.008593307805,0.055414705538,3
21.430000,0.019309367577,0.019961829410,-0.045032820002,0.052908233641,3
21.440000,0.025537107836,-0.066083810388,0.026745363723,0.075726668702,3
21.450000,-0.042361526001,-0.026362479666,0.038840147268,0.063230026562,3
21.460000,-0.055930409826,0.078409526061,-0.004957417394,0.096440865341,3
21.470000,0.070065433364,0.037198752572,-0.079707516421,0.112455325883,3
21.480000,0.047811885989,-0.073602262191,0.031615693625,0.093288914266,3
21.490000,-0.051802544582,-0.035101910921,0.108373895197,0.125142114956,3
21.500000,-0.029779196462,0.058817646158,-0.060795986914,0.089679808577,3
21.510000,0.078803821565,0.029017053718,-0.053540420616,0.099592210235,3
21.520000,0.025615378827,-0.075767110660,0.037636491877,0.088392919462,3
21.530000,-0.078576242737,-0.035908848273,0.067627431346,0.109713904212,3
21.540000,-0.066743279330,0.069665313102,-0.064076642019,0.115817689658,3
21.550000,0.022195290214,0.013111557900,-0.063772309898,0.068785546214,3
21.560000,0.014267091578,-0.065031901402,0.022745090980,0.070356501233,3
21.570000,-0.030161510975,-0.003387560135,0.037419726064,0.048181201798,3
21.580000,-0.019124026618,0.037678530917,-0.023136715856,0.048173724236,3
21.590000,0.023534489313,0.005867489744,-0.011280022271,0.026749551876,3
21.600000,0.014191997813,-0.035548445354,0.014282266676,0.040854472343,3
21.610000,-0.021755488057,-0.009999740018,0.023473521491,0.033530616938,3
21.620000,-0.005733644975,0.017338351752,-0.006448530794,0.019366896384,3
21.630000,0.013468474282,0.006263276958,-0.011766895755,0.018949624626,3
21.640000,0.006608158204,-0.011470683860,0.010338117601,0.016796458513,3
21.650000,-0.013208573198,0.001819785508,0.016178427308,0.020964721209,3
21.660000,-0.009611395847,0.014079933800,-0.012213485164,0.020971234722,3
21.670000,0.004935845298,0.001267629796,-0.006478337174,0.008242469693,3
21.680000,-0.000885439851,-0.009495165637,0.009232914789,0.013273616300,3
21.690000,-0.011659557390,-0.000655835790,0.008437187036,0.014406995668,3
21.700000,-0.000699664048,0.015045177278,-0.010131613592,0.018152037987,3
21.710000,0.014493056854,-0.002273216325,-0.008443740625,0.016926693864,3
21.720000,0.005426523400,-0.009678836840,0.009391499329,0.014537100758,3
21.730000,-0.009725476155,-0.001028614702,0.011722037136,0.015265945410,3
21.740000,-0.002526350416,0.018374541016,-0.010899909468,0.021513117635,3
21.750000,0.012231704557,-0.003796274265,-0.013448485031,0.018571161630,3
21.760000,0.001009836300,-0.006836288232,0.007878650880,0.010479873369,3
21.770000,-0.014205385437,0.000108173578,0.006267146431,0.015526809116,3
21.780000,-0.008759100554,0.019575463963,-0.013851869247,0.025530274451,3
21.790000,0.013788944757,-0.004536819899,-0.009025001220,0.017092933608,3
21.800000,-0.002152284266,-0.014172629389,0.009863293269,0.017400583480,3
21.810000,-0.018635425855,0.006200724529,0.009983973810,0.022031972552,3
21.820000,-0.006446448726,0.017369676579,-0.014389736260,0.023459046768,3
21.830000,0.016950028065,-0.000989600789,-0.007417024282,0.018528221995,3
21.840000,0.006840711344,-0.014808407276,0.013264945830,0.021024819752,3
21.850000,-0.009702567884,0.003374418736,0.014325074408,0.017627656740,3
21.860000,0.006698108365,0.021021128195,-0.019896079581,0.029708693491,3
21.870000,0.021098363898,-0.001860047091,-0.007920339224,0.022612662554,3
21.880000,-0.006512390444,-0.018841153809,0.017567171746,0.026570770205,3
21.890000,-0.020004099055,0.001502331986,0.006204267476,0.020997950264,3
21.900000,-0.002576116346,0.008048598332,-0.010461517394,0.013448407219,3
21.910000,0.004795377882,-0.005241058698,-0.004014181976,0.008159534438,3
21.920000,-0.002923789992,-0.007101913418,0.009741325678,0.012404803428,3
21.930000,-0.014650260838,0.004437458967,0.006154578210,0.016498485314,3
21.940000,0.004039316933,0.011345955120,-0.013227440057,0.017888877811,3
21.950000,0.010456867371,-0.003477541880,-0.002505884387,0.011301275561,3
21.960000,-0.000125942632,-0.007441488483,0.010636918344,0.012982127878,3
21.970000,-0.010372916077,0.008168657536,0.005891506906,0.014458015338,3
21.980000,0.002399562070,0.009931033216,-0.010533540298,0.014674426397,3
21.990000,0.014877119292,-0.004036483082,-0.002540553431,0.015622941011,3
22.000000,-0.004593197152,-0.007719070177,0.008633982956,0.012459019470,3
22.010000,-0.010244563521,0.005038781729,0.002630642240,0.011715830387,3
22.020000,0.003393248922,0.008150119636,-0.012214347228,0.015070795152,3
22.030000,0.011630780380,-0.009724639467,-0.006862442375,0.016641417618,3
22.040000,-0.005439675482,-0.010533727536,0.011184923192,0.016298834068,3
22.050000,-0.012710948805,0.008107996812,0.005422258259,0.016022132082,3
22.060000,-0.000637573712,0.005162288742,-0.007868829774,0.009432614022,3
22.070000,0.016880347160,-0.008506458337,-0.006169426834,0.019883857301,3
22.080000,-0.001810221946,-0.011632875134,0.018692627896,0.022091062107,3
22.090000,-0.009538326788,0.009566542821,0.000033011024,0.013509237920,3
22.100000,0.009026150705,0.008909580084,-0.013787142384,0.018733320820,3
22.110000,0.028813738870,-0.004236284107,-0.005524054168,0.029642753333,3
22.120000,-0.004424134777,-0.012314601634,0.018223622981,0.022434857176,3
22.130000,-0.021847402261,0.008539482302,0.004411404132,0.023868226368,3
22.140000,-0.000098262190,0.014699472798,-0.012977743124,0.019608823846,3
22.150000,0.011391098105,-0.012494335711,-0.000597882823,0.016918126515,3
22.160000,-0.012466505105,-0.017614323532,0.018012745300,0.028109378083,3
22.170000,-0.018174421816,0.025696709459,0.003552702367,0.031674156334,3
22.180000,0.012179313528,0.019491664484,-0.023317893737,0.032741179433,3
22.190000,0.034694833237,-0.046981847710,-0.008660269681,0.059042575643,3
22.200000,-0.009974773719,-0.028100675037,0.037147269655,0.047634689997,3
22.210000,-0.022285761564,0.036466615265,-0.002200544579,0.042793826585,3
22.220000,0.006540992443,0.025379301529,-0.044386271488,0.051546431738,3
22.230000,0.049187917618,-0.026095021826,0.001249183616,0.055695258895,3
22.240000,-0.038839495450,-0.042586583936,0.064578416336,0.086559201675,3
22.250000,-0.052199049581,0.033919890751,-0.003069110789,0.062327515647,3
22.260000,0.023417622152,0.037824062080,-0.076768690301,0.088726977351,3
22.270000,0.032824406096,-0.056968423177,-0.005349957533,0.065965634390,3
22.280000,-0.035024397073,-0.030665084222,0.065213416260,0.080123938002,3
22.290000,-0.093791775361,0.065258188155,-0.009526746559,0.114657259459,3
22.300000,0.055667649453,0.035198396305,-0.078985534307,0.102842252639,3
22.310000,0.072360323962,-0.057949175754,0.006257579318,0.092915449487,3
22.320000,-0.023592352748,-0.046409689581,0.059059299441,0.078730294333,3
22.330000,-0.061967928180,0.061480118072,0.004928428947,0.087430649391,3
22.340000,0.082009385965,0.032185197379,-0.073904312812,0.114992494402,3
22.350000,0.071283744275,-0.065701264680,0.023712383262,0.099801330144,3
22.360000,-0.042084504095,-0.048844430624,0.056182738219,0.085518325297,3
22.370000,-0.047900469251,0.060556854220,-0.004514052586,0.077343158833,3
22.380000,0.029477885569,0.020968978543,-0.085026623977,0.092402221747,3
22.390000,0.036268336758,-0.061534716863,0.006148238962,0.071691801993,3
22.400000,-0.052707054301,-0.047536362461,0.062889463208,0.094830500956,3
22.410000,-0.040615630784,0.046100899081,-0.013795434088,0.062970122771,3
22.420000,0.033587068456,0.021452527891,-0.047535289667,0.062031491068,3
22.430000,0.025672477480,-0.037740072603,0.021110082827,0.050289410187,3
22.440000,-0.035272941041,-0.018354128761,0.041743991108,0.057650804035,3
22.450000,-0.018251388774,0.042180910204,-0.016644948528,0.048881455474,3
22.460000,0.029224729723,0.012173496362,-0.031657813728,0.044771598264,3
22.470000,0.028463657495,-0.026192417112,0.020524899535,0.043789199731,3
22.480000,-0.016664559752,-0.017390519039,0.034780531730,0.042306300849,3
22.490000,-0.017896085136,0.023640863946,-0.005800795348,0.030212738008,3
22.500000,0.013833789462,0.004775318826,-0.019727040755,0.024562848730,3
22.510000,0.006541137446,-0.015598831238,0.010578446573,0.019950276865,3
22.520000,-0.013112759555,-0.005754675399,0.015050416617,0.020774402336,3
22.530000,-0.011639329002,0.018432589623,-0.003927811726,0.022150892641,3
22.540000,0.012168230996,0.004949527005,-0.008807679679,0.015815779604,3
22.550000,0.013084505610,-0.012094300892,0.004277852152,0.018324203125,3
22.560000,-0.012058298995,0.001312928882,0.014016068710,0.018535817732,3
22.570000,-0.000792235825,0.010863254527,-0.005319688943,0.012121758411,3
22.580000,0.016818418427,-0.000100795423,-0.012388059675,0.020888594510,3
22.590000,0.002610306205,-0.012575776993,0.010671629624,0.016698728823,3
22.600000,-0.016610547055,-0.000654604548,0.016359184674,0.023322986596,3
22.610000,-0.009148408171,0.011305996317,-0.008372524646,0.016781480677,3
22.620000,0.019521243812,-0.000875147007,-0.015703706058,0.025068929499,3
22.630000,0.006146663697,-0.018941368772,0.008949070238,0.021832150231,3
22.640000,-0.019947760313,-0.001370597158,0.018591641965,0.027302762296,3
22.650000,-0.011462341838,0.011105116991,-0.010377685387,0.019036944550,3
22.660000,0.018564792211,0.006772224887,-0.011922075812,0.023079220772,3
22.670000,0.007445000546,-0.023128449677,0.015195334808,0.028657484493,3
22.680000,-0.021065920739,0.001082054461,0.012791771025,0.024669277744,3
22.690000,-0.004055951786,0.026478870120,-0.013663161901,0.030070971066,3
22.700000,0.016522390466,-0.002680118873,-0.009157020464,0.019079398514,3
22.710000,0.002716647859,-0.007400293224,0.007053541035,0.010578135778,3
22.720000,-0.009246003390,0.000365559447,0.007091637223,0.011658195868,3
22.730000,-0.003294230570,0.008214227759,-0.002900766483,0.009313427883,3
22.740000,0.012055873456,0.001524460370,-0.009969382250,0.015718035712,3
22.750000,0.002829789288,-0.013211833610,0.008585189689,0.016008302119,3
22.760000,-0.017521117995,-0.000193365785,0.006036499674,0.018532843668,3
22.770000,-0.003858416274,0.011480325652,-0.007522444073,0.014257363643,3
22.780000,0.013096074458,0.000658270397,-0.007744455616,0.015228823951,3
22.790000,0.002238691515,-0.013848409417,0.012512864406,0.018797924320,3
22.800000,-0.006937691303,-0.000266069103,0.005045874712,0.008582727130,3
22.810000,-0.000440180002,0.014193101871,-0.012123901135,0.018671552638,3
22.820000,0.009358234405,-0.002271916127,-0.006465571580,0.011599214195,3
22.830000,0.004612233610,-0.010048910870,0.019007210919,0.021989255910,3
22.840000,-0.010592533938,0.001323169949,0.008286010256,0.013513345992,3
22.850000,0.004013795840,0.012153411762,-0.009754767751,0.016092590480,3
22.860000,0.008408899411,-0.005423501056,0.000116399816,0.010006872735,3
22.870000,-0.002600633370,-0.009211826076,0.005616247480,0.011097894816,3
22.880000,-0.010875970106,0.000463192961,0.005235347309,0.012079326757,3
22.890000,-0.005129291799,0.013149929399,-0.007485313028,0.015976864169,3
22.900000,0.011213490247,-0.000953394136,-0.005747309368,0.012636569506,3
22.910000,0.001866606958,-0.008999765779,0.007344074131,0.011765008732,3
22.920000,-0.015442530983,0.002265360899,0.006890994848,0.017061343240,3
22.930000,0.005401315721,0.012610087015,-0.012878649090,0.018816166146,3
22.940000,0.012377223325,-0.002782254922,-0.005414706377,0.013793318848,3
22.950000,0.000861100254,-0.008127790009,0.009138343726,0.012260170885,3
22.960000,-0.014136622532,0.005230083954,0.002834960411,0.015337368592,3
22.970000,0.002480732910,0.010895654842,-0.007365914686,0.013383797270,3
22.980000,0.012360881422,-0.004857762255,-0.007332317532,0.015170765440,3
22.990000,-0.000532590182,-0.011999549550,0.012241660483,0.017150250525,3
23.000000,-0.012302019421,0.003973125469,0.000372488942,0.012933064442,3
23.010000,-0.001847134892,0.010073407806,-0.015074424196,0.018224261768,3
23.020000,0.011693962177,-0.009040647451,-0.004004570313,0.015314001473,3
23.030000,-0.003910752741,-0.016977530898,0.013491628952,0.022035303360,3
23.040000,-0.012066270738,0.005095301940,0.004482221519,0.013843673686,3
23.050000,0.009299590901,0.018612548432,-0.009417513988,0.022838540229,3
23.060000,0.020111548831,-0.006648107617,-0.000801492961,0.021197030977,3
23.070000,-0.001326815455,-0.013157713560,0.015389872336,0.020291230517,3
23.080000,-0.013920721385,0.010752343338,0.004223049368,0.018089596930,3
23.090000,0.009209556706,0.014574804460,-0.022843080404,0.028619000369,3
23.100000,0.011524400393,-0.013512028649,0.000344958328,0.017762480651,3
23.110000,-0.009728761709,-0.010792856484,0.014482157952,0.020515054336,3
23.120000,-0.022437515743,0.015479049699,0.006295655741,0.027976389572,3
23.130000,0.003170247024,0.007659936049,-0.013020043769,0.015435239753,3
23.140000,0.010024963391,-0.009028598398,0.001141562303,0.013539521576,3
23.150000,-0.005001286126,-0.008664351831,0.010699617860,0.014648060551,3
23.160000,-0.008935260707,0.005863502743,0.004598175657,0.011634550601,3
23.170000,0.007843086698,0.012167752920,-0.014731462515,0.020653915075,3
23.180000,0.014682143617,-0.004889347665,-0.002795283482,0.015725287645,3
23.190000,-0.001238882879,-0.008686892315,0.009821605498,0.013170454185,3
23.200000,-0.007287390202,0.013567782684,0.001047605932,0.015436588390,3
23.210000,0.007026962691,0.002982172283,-0.010942923714,0.013342381182,3
23.220000,0.010695905685,-0.009220716067,0.000064240426,0.014121902494,3
23.230000,-0.008609222748,-0.011374460059,0.008295032210,0.016501654987,3
23.240000,-0.014067841551,0.007249205455,-0.005548415668,0.016770213536,3
23.250000,0.003053941116,0.005133681326,-0.006315241514,0.008692727747,3
23.260000,0.009108439555,-0.012786304053,-0.000592571148,0.015710009008,3
23.270000,-0.010031480591,-0.007841992634,0.008350284297,0.015226775731,3
23.280000,-0.009234657305,0.007122243623,-0.002150395628,0.011858728900,3
23.290000,0.010065811559,0.008301417008,-0.014213423766,0.019293923962,3
23.300000,0.012384793280,-0.016665314154,0.003108369860,0.020994707991,3
23.310000,-0.004901201922,-0.004190863724,0.009573374645,0.011542730229,3
23.320000,-0.010147125968,0.011874967921,-0.002908198576,0.015888255017,3
23.330000,0.007264437859,0.006484729277,-0.020223036581,0.022445377693,3
23.340000,0.014200782163,-0.012233181499,0.001807207477,0.018830266660,3
23.350000,-0.011594242254,-0.001302645519,0.008365822293,0.014356542810,3
23.360000,-0.015453406704,0.016542881033,-0.000037706579,0.022637935272,3
23.370000,0.007017694407,0.007515028335,-0.012323019129,0.016049314195,3
23.380000,0.008595910322,-0.010031498195,0.003872484224,0.013766508794,3
23.390000,-0.012782312023,-0.008493609654,0.017323685698,0.023143875902,3
23.400000,-0.002163507014,0.013619114993,-0.003843512205,0.014315503549,3
23.410000,0.009583424619,0.002624241359,-0.008340919368,0.012973033802,3
23.420000,0.016568405634,-0.017186553341,-0.001033769779,0.023894735005,3
23.430000,-0.012727116465,-0.016040726991,0.019512135518,0.028284409989,3
23.440000,-0.013135506621,0.012196940873,-0.005276941680,0.018685636579,3
23.450000,0.020717063119,0.013746925732,-0.023911402848,0.034495359941,3
23.460000,0.015227554603,-0.031571063824,0.003051016699,0.035184075845,3
23.470000,-0.019550208307,-0.014981119967,0.018254186610,0.030657135044,3
23.480000,-0.027636192785,0.022005698433,-0.013853474892,0.037946392210,3
23.490000,0.021081054337,0.011919357534,-0.025906371960,0.035462967221,3
23.500000,0.006788065371,-0.031329457898,0.005545432845,0.032532515875,3
23.510000,-0.029058810579,-0.016507222203,0.026328995946,0.042545491943,3
23.520000,-0.025496566133,0.028990629489,-0.012621333240,0.040618093696,3
23.530000,0.037809187676,0.009465037750,-0.029204489163,0.048703426980,3
23.540000,0.036138366094,-0.049714864790,0.028355130270,0.067687241764,3
23.550000,-0.018858642280,-0.008173117916,0.036930343071,0.042264624504,3
23.560000,-0.020688351752,0.061192186266,-0.036843587879,0.074363576609,3
23.570000,0.051286514089,0.001696440377,-0.044105252418,0.067664301727,3
23.580000,0.040098898437,-0.052129562015,0.025134828165,0.070407190532,3
23.590000,-0.065205487985,-0.015020589664,0.065191538387,0.093420075222,3
23.600000,-0.030558712086,0.058047373765,-0.052238668842,0.083858279303,3
23.610000,0.032197146882,-0.002325561203,-0.040650959548,0.051909199709,3
23.620000,0.014788597995,-0.072576046202,0.032944105060,0.081063550201,3
23.630000,-0.051232656755,-0.020293651868,0.037889990839,0.066875023963,3
23.640000,-0.024486903827,0.049335815687,-0.028726081539,0.062119392536,3
23.650000,0.050065822772,0.001033156870,-0.030520235738,0.058644171172,3
23.660000,0.026326619504,-0.057020815569,0.027293137585,0.068479045422,3
23.670000,-0.027226683390,0.016689254679,0.047092589610,0.056899345395,3
23.680000,-0.021084782115,0.055747506585,-0.020373018343,0.062987398768,3
23.690000,0.033573948697,-0.005720039576,-0.031850129736,0.046630029467,3
23.700000,0.011649075214,-0.034867689802,0.021154977872,0.042414500282,3
23.710000,-0.025279765308,0.009988354797,0.020275039541,0.033910337568,3
23.720000,-0.018689047234,0.037499987385,-0.026901461900,0.049791748239,3
23.730000,0.012988941962,-0.003136725179,-0.018399753110,0.022739889459,3
23.740000,0.001012383173,-0.018322020720,0.019502777262,0.026778343561,3
23.750000,-0.022076278089,0.004963910913,0.009854794631,0.024680345278,3
23.760000,-0.007349220954,0.020825039590,-0.017677016938,0.028287280717,3
23.770000,0.014349751444,-0.001275793214,-0.007587854993,0.016282461676,3
23.780000,0.011161163298,-0.017216309678,0.010718199338,0.023148492006,3
23.790000,-0.014270911498,0.007183538385,0.011537524296,0.019707272911,3
23.800000,-0.000190677985,0.010804582609,-0.005464902212,0.012109521858,3
23.810000,0.015045111433,-0.004126989884,-0.006723084219,0.016987856985,3
23.820000,0.003552025675,-0.010518644141,0.008801165594,0.014167543074,3
23.830000,-0.014872528370,0.005577111654,0.006876806317,0.017308574166,3
23.840000,-0.003133474644,0.020388841246,-0.015675442352,0.025908357795,3
23.850000,0.009637410710,-0.005001081066,-0.008146370407,0.013574013696,3
23.860000,-0.003658318007,-0.022735421310,0.012571214405,0.026235817205,3
23.870000,-0.021447968015,-0.000760597889,0.011419625732,0.024310526382,3
23.880000,-0.005457515794,0.012978997978,-0.011975289260,0.018483679829,3
23.890000,0.018610694570,-0.003712151385,-0.006732517016,0.020136156675,3
23.900000,0.004372235971,-0.010275409575,0.013570620568,0.017574476718,3
23.910000,-0.009527933443,0.012694954687,0.013176475248,0.020629175702,3
23.920000,-0.001215478477,0.021679395293,-0.016218493831,0.027101902339,3
23.930000,0.026728329493,-0.011224844862,-0.012618983060,0.031617075658,3
23.940000,-0.003106021330,-0.010948989562,0.008478994942,0.014192290025,3
23.950000,-0.018069477052,0.003273730789,0.002337137566,0.018511767236,3
23.960000,-0.002915560187,0.012407129038,-0.013702555060,0.018713560787,3
23.970000,0.014445400362,-0.005448669997,-0.007903550931,0.017344270341,3
23.980000,-0.006158476584,-0.013750733450,0.011755795746,0.019110422231,3
23.990000,-0.012245720720,0.000256953743,0.007033795710,0.014124375500,3
24.000000,-0.000962806302,0.009392261456,-0.011521485563,0.014895845085,3
24.010000,0.012660051455,-0.007253620989,-0.004903307624,0.015392671826,3
24.020000,-0.001584760807,-0.007443666494,0.013278260515,0.015304634592,3
24.030000,-0.005230650802,0.004505475164,0.004886602381,0.008458007868,3
24.040000,0.003241838744,0.010796101655,-0.009333495943,0.014634871913,3
24.050000,0.017109324727,-0.006406619956,-0.002352658330,0.018420335857,3
24.060000,-0.003227812044,-0.007495749227,0.008627570285,0.011876026107,3
24.070000,-0.011557374925,0.007099093914,0.003243634429,0.013946010679,3
24.080000,0.004844891277,0.009314193891,-0.009122426021,0.013908480716,3
24.090000,0.007646568828,-0.009005113490,-0.003868306379,0.012430843819,3
24.100000,-0.004530404938,-0.005541120207,0.008660731525,0.011235517460,3
24.110000,-0.012599048652,0.007233201812,0.003554069938,0.014956157545,3
24.120000,0.000137565336,0.008194652019,-0.014280522809,0.016465253647,3
24.130000,0.014273985426,-0.008411345142,0.000974707920,0.016596609370,3
24.140000,-0.005646866330,-0.007360615971,0.010330630179,0.013884800565,3
24.150000,-0.007394532022,0.008443022088,0.002255162832,0.011447684709,3
24.160000,0.005304233096,0.005706514475,-0.013519420471,0.015603651049,3
24.170000,0.015394141255,-0.011287916082,0.001973904989,0.019190959730,3
24.180000,-0.000598678498,-0.004485361454,0.009569855052,0.010585792792,3
24.190000,-0.007707312171,0.008542879828,0.000035191747,0.011505854819,3
24.200000,0.002077139136,0.006883831803,-0.005735098660,0.009197445511,3
24.210000,0.007962918864,-0.010160260972,-0.001069107591,0.012953068011,3
24.220000,-0.004659324553,-0.008071733984,0.011783685844,0.015023895861,3
24.230000,-0.009164966149,0.004775947062,-0.000820723332,0.010367249473,3
24.240000,0.008160689181,0.010004467613,-0.015329707905,0.020042109784,3
24.250000,0.010130641647,-0.013216825036,-0.002763174721,0.016880447232,3
24.260000,-0.003035399800,-0.015784348239,0.019079268413,0.024947500565,3
24.270000,-0.014980410168,0.008877394215,0.001044837996,0.017444555119,3
24.280000,0.018146780924,0.007089632671,-0.018931852736,0.027165853517,3
24.290000,0.015964734937,-0.012055518277,0.000088646725,0.020005402790,3
24.300000,-0.008205452754,-0.010958437074,0.012790786472,0.018735554878,3
24.310000,-0.006935238332,0.011674887364,-0.003388595372,0.013995824530,3
24.320000,0.008585779108,0.008650524690,-0.021271820789,0.024516066977,3
24.330000,0.004355241669,-0.013291366065,0.002337436565,0.014180696442,3
24.340000,-0.015455954641,-0.009682646660,0.021795749199,0.028419972965,3
24.350000,-0.011180064435,0.011037909111,0.000549090557,0.015720393722,3
24.360000,0.004399416062,0.007436960015,-0.009254361331,0.012661217935,3
24.370000,0.005795605041,-0.013886116297,0.006561113280,0.016415281633,3
24.380000,-0.008221250822,-0.002067976651,0.008938004383,0.012318823599,3
24.390000,-0.005812415956,0.011474166129,-0.001731541689,0.012978401451,3
24.400000,0.008966978680,0.007281500500,-0.012295132188,0.016870009831,3
24.410000,0.010956085029,-0.011358838593,0.004332126517,0.016365400500,3
24.420000,-0.009539297240,-0.008117293652,0.015023623847,0.019560110469,3
24.430000,-0.011054025594,0.017466535387,-0.003120865554,0.020904811458,3
24.440000,0.010067244071,0.005296920342,-0.012823345936,0.017141906816,3
24.450000,0.002466144113,-0.019873877615,0.005785979938,0.020845393786,3
24.460000,-0.009310057898,-0.006087102059,0.007604572544,0.013474402144,3
24.470000,-0.012318475602,0.012745301949,-0.009626583445,0.020170738007,3
24.480000,0.003599786691,0.004090551389,-0.009904993386,0.011304864832,3
24.490000,0.007128670659,-0.014261349888,0.007048242703,0.017432205001,3
24.500000,-0.009143069193,-0.003280150767,0.009244716850,0.013409693992,3
24.510000,-0.005338055844,0.011368593220,-0.004293566782,0.013273073032,3
24.520000,0.010620823603,0.000785815962,-0.003574941011,0.011233859709,3
24.530000,0.014679191582,-0.015371385663,0.006485616510,0.022222092256,3
24.540000,-0.005195926532,-0.002787158587,0.006953410678,0.009116788117,3
24.550000,-0.003652978460,0.009130326920,-0.002871555861,0.010244654917,3
24.560000,0.013637173465,-0.001203455361,-0.008295282722,0.016007264612,3
24.570000,0.000394225882,-0.010244754161,0.004951078827,0.011385235326,3
24.580000,-0.013064485892,-0.000130285457,0.007026310595,0.014834648850,3
24.590000,-0.005631723558,0.012100908563,-0.008358779766,0.015748571284,3
24.600000,0.006195313976,-0.001250788018,-0.009600463862,0.011494141651,3
24.610000,0.000688789929,-0.010606991087,0.005884607349,0.012149538885,3
24.620000,-0.008910480537,-0.000403545152,0.009348306686,0.012920926824,3
24.630000,-0.007379733389,0.016578138737,-0.005883286107,0.019076378175,3
24.640000,0.020467115903,-0.000542786448,-0.009619068770,0.022621315932,3
24.650000,0.008880078460,-0.016360618030,0.014335747380,0.023495515928,3
24.660000,-0.017228080077,0.001825617048,0.016127352679,0.023669202039,3
24.670000,-0.002242360925,0.018587455526,-0.008116897714,0.020406021512,3
24.680000,0.014392820893,-0.004008120951,-0.011929597508,0.019118933640,3
24.690000,0.000964771343,-0.012573970085,0.001949373102,0.012760703857,3
24.700000,-0.022390092447,-0.003177866858,0.014524606240,0.026877114131,3
24.710000,-0.008698843419,0.010397062439,-0.009177619907,0.016370628924,3
24.720000,0.019518472743,-0.004181182995,-0.015945290795,0.025548099107,3
24.730000,0.001052000299,-0.022727792151,0.012479926025,0.025950102009,3
24.740000,-0.012895320254,0.006148000871,0.007621454392,0.016191780823,3
24.750000,-0.005677296178,0.017313476554,-0.010812550044,0.021187246181,3
24.760000,0.009259672372,-0.005281065681,-0.006666603508,0.012572779705,3
24.770000,0.003887067032,-0.013360777967,0.005806096725,0.015077481128,3
24.780000,-0.007918933587,0.003844565077,0.008984089859,0.012577919557,3
24.790000,-0.001103385230,0.011456164759,-0.012115526538,0.016710689790,3
24.800000,0.014068415299,-0.000273880170,-0.009439013841,0.016943739306,3
24.810000,-0.003803165677,-0.015246487622,0.010233289869,0.018752057901,3
24.820000,-0.012385761291,0.000707852918,0.005081269886,0.013406246386,3
24.830000,-0.005232218700,0.008242076681,-0.013160129583,0.016385876577,3
24.840000,0.011523676548,-0.001098557772,-0.008080501324,0.014117239533,3
24.850000,0.000588996593,-0.010513724202,0.007700040661,0.013045150047,3
24.860000,-0.017411022781,0.003745435912,0.006642396952,0.019007720582,3
24.870000,-0.003397568981,0.015875124568,-0.011154068115,0.019697113762,3
24.880000,0.011079542431,-0.001577203266,-0.003142686440,0.011624126147,3
24.890000,0.002676205493,-0.005629806867,0.011640739099,0.013204681291,3
24.900000,-0.012140831034,0.001309711356,0.005418590677,0.013359500251,3
24.910000,0.000838581245,0.010407633911,-0.009199350770,0.013915822531,3
24.920000,0.016790975927,-0.006033383399,-0.012034440300,0.021521299709,3
24.930000,-0.001501284583,-0.012251984849,0.012723646272,0.017727271718,3
24.940000,-0.011582415067,0.003064762884,0.004573299338,0.012824202788,3
24.950000,0.000637588059,0.010085021559,-0.008633462068,0.013291006194,3
24.960000,0.013892048964,-0.004496800131,-0.007360122779,0.016351808560,3
24.970000,-0.003722249334,-0.012521469399,0.014950351665,0.019853346089,3
24.980000,-0.013071848590,0.005254332170,0.005804958850,0.015237413802,3
24.990000,0.001901289357,0.008194762111,-0.010334703925,0.013325731969,3
25.000000,0.015792712870,-0.006393250150,-0.003180807919,0.017332079110,3
25.010000,-0.000990017094,-0.012206131794,0.019611259025,0.023120797300,3
25.020000,-0.008303137845,0.002952505220,0.003647768804,0.009537588919,3
25.030000,0.005977157115,0.009744933437,-0.010961950250,0.015838386539,3
25.040000,0.013128351049,-0.009358847449,0.001323560741,0.016176941610,3
25.050000,-0.004650268556,-0.009490942127,0.010924842853,0.015200499053,3
25.060000,-0.022681959160,0.010582623134,0.009631900358,0.026818588483,3
25.070000,0.005380689113,0.014611836960,-0.021775287636,0.026769772997,3
25.080000,0.013576248061,-0.013030402940,-0.003039717898,0.019061631543,3
25.090000,-0.009827671623,-0.012240577233,0.018073747058,0.023938988977,3
25.100000,-0.021018310916,0.018346582597,0.004372768697,0.028239822819,3
25.110000,0.006032667346,0.018947576638,-0.022210118077,0.029810955717,3
25.120000,0.021468109451,-0.010733551904,0.002728144431,0.024156399399,3
25.130000,0.001102055336,-0.015590169766,0.014519134813,0.021332444656,3
25.140000,-0.007890897103,0.008867807529,0.000768164904,0.011895139545,3
25.150000,0.012921596645,0.006654547626,-0.010325824615,0.017829002158,3
25.160000,0.015497210629,-0.013035740968,-0.004228469341,0.020687533270,3
25.170000,-0.004002473256,-0.010420201054,0.010154640142,0.015090298161,3
25.180000,-0.010977404401,0.008644142258,-0.004584192186,0.014705081461,3
25.190000,0.001939130400,0.006923374720,-0.012527433514,0.014444027647,3
25.200000,0.011269778313,-0.010274312521,-0.001193706158,0.015296873386,3
25.210000,-0.008121531993,-0.008459769654,0.010429372336,0.015693909387,3
25.220000,-0.015428767927,0.011457753970,-0.000159602519,0.019218545178,3
25.230000,0.004789437263,0.002970933703,-0.008465420133,0.010169980059,3
25.240000,0.016730727486,-0.009375673255,-0.000655598350,0.019189848889,3
25.250000,-0.004903497432,-0.005828216137,0.008266780935,0.011240643106,3
25.260000,-0.006477338625,0.009103604685,0.000942719891,0.011212504391,3
25.270000,0.008805650340,0.004415480083,-0.006098207402,0.011585511460,3
25.280000,0.010391812389,-0.012155076237,0.000407424791,0.015996925893,3
25.290000,-0.007181856638,-0.004288740953,0.006908404522,0.010848890117,3
25.300000,-0.014062300760,0.007469701174,-0.003095994225,0.016221279806,3
25.310000,0.001268242753,0.005856443899,-0.009408942568,0.011155024656,3
25.320000,0.004981476324,-0.010972079168,-0.000901172543,0.012083614508,3
25.330000,-0.009722472435,-0.005110754577,0.008202955594,0.013708930048,3
25.340000,-0.006011052167,0.007495548565,-0.002728888164,0.009988134313,3
25.350000,0.007033558092,0.005220982457,-0.009381012815,0.012834835359,3
25.360000,0.009805200779,-0.008616577675,0.000790742306,0.013077180374,3
25.370000,-0.008103333320,-0.007283300030,0.015064413321,0.018591584627,3
25.380000,-0.007834372685,0.011781784300,-0.003888457863,0.014673375250,3
25.390000,0.011208108283,0.008555985737,-0.006373434699,0.015474083271,3
25.400000,0.011535907088,-0.010472440090,0.002691672299,0.015811206581,3
25.410000,-0.014323078383,-0.009142719430,0.010562763453,0.020007795099,3
25.420000,-0.007651300903,0.008958705781,-0.006480871180,0.013446282238,3
25.430000,0.010240831566,0.005844802945,-0.014394367075,0.018607368329,3
25.440000,0.005438231867,-0.014524537085,0.004773191533,0.016227134706,3
25.450000,-0.007614014656,-0.000983388942,0.007983722735,0.011076104988,3
25.460000,-0.008287421473,0.010436458644,-0.007994323909,0.015540599682,3
25.470000,0.016354318035,0.006199676883,-0.014711939475,0.022854777946,3
25.480000,0.012539467578,-0.017145537565,0.006775796241,0.022296168286,3
25.490000,-0.007875434488,-0.004891740931,0.016114526730,0.018591115336,3
25.500000,-0.005943970374,0.014889504944,-0.008284551124,0.018046105635,3
25.510000,0.022775913901,0.001131453210,-0.016570916151,0.028188964197,3
25.520000,0.010397299199,-0.017125125992,0.008988056388,0.021958117599,3
25.530000,-0.021952700439,-0.000952325336,0.020539631145,0.030078304934,3
25.540000,-0.001952700996,0.017694488464,-0.008599230120,0.019770046076,3
25.550000,0.006463115637,0.003201078935,-0.020301586482,0.021544678781,3
25.560000,0.009566624283,-0.016781785996,0.008433052951,0.021077595296,3
25.570000,-0.013928485245,-0.006005218646,0.017591547372,0.023227739690,3
25.580000,-0.004409907854,0.012992115057,-0.006917492996,0.015365352267,3
25.590000,0.011529544224,0.003493203133,-0.009130822771,0.015116374652,3
25.600000,0.006615414552,-0.010449774598,0.006129776581,0.013803465499,3
25.610000,-0.006628277799,0.002675008237,0.010716829850,0.012881776961,3
25.620000,0.001181564025,0.007140914881,-0.006609573756,0.009801796984,3
25.630000,0.017331787116,0.001916600114,-0.009056981184,0.019649252118,3
25.640000,0.008103635314,-0.020180984765,0.011250364079,0.024484928901,3
25.650000,-0.011115940273,0.003128288170,0.012742411595,0.017196492907,3
25.660000,-0.006926971758,0.022706096652,-0.005687303883,0.024410964511,3
25.670000,0.016104981071,0.001425388184,-0.013130358755,0.020828069229,3
25.680000,-0.006232748959,-0.015718547163,0.005978435947,0.017934926286,3
25.690000,-0.014881796292,-0.000141096255,0.010470329535,0.018196581261,3
25.700000,-0.011931373000,0.019956773971,-0.013116655332,0.026696013487,3
25.710000,0.025290584977,-0.007469279826,-0.015004805449,0.030340534210,3
25.720000,0.009831806700,-0.024170307937,0.018395754028,0.031926039137,3
25.730000,-0.021806566666,0.005333952512,0.024243347514,0.033041145529,3
25.740000,-0.011334814087,0.032443037589,-0.021762155255,0.040677021765,3
25.750000,0.028971170672,0.000178678722,-0.017276915443,0.033732068768,3
25.760000,0.011960397892,-0.033038599471,0.031460720646,0.047163302644,3
25.770000,-0.028489083110,0.009922855960,0.022269177426,0.037496762394,3
25.780000,-0.013833069322,0.041723208024,-0.032170216978,0.054471118541,3
25.790000,0.023287405648,-0.009298609553,-0.010163289139,0.027056604509,3
25.800000,-0.013269182763,-0.042086835923,0.038597059665,0.058626836722,3
25.810000,-0.058010368053,0.009972814828,0.023293944498,0.063302983244,3
25.820000,-0.001352527521,0.036108935355,-0.040091669182,0.053972460394,3
25.830000,0.051249490760,-0.005153641220,-0.030104954092,0.059660527837,3
25.840000,0.007752677456,-0.050820370480,0.041608104069,0.066136588872,3
25.850000,-0.030030357240,0.012203516483,0.016191894981,0.036234315691,3
25.860000,0.005171307597,0.039522986983,-0.039936872409,0.056424841162,3
25.870000,0.057409947377,0.002318355745,-0.022962573365,0.061875331164,3
25.880000,0.007788777872,-0.050858917945,0.056514254168,0.076427452655,3
25.890000,-0.072272697392,0.013609800179,0.031646746365,0.080063012713,3
25.900000,0.004483532586,0.066460524908,-0.066845034307,0.094368225833,3
25.910000,0.047419614673,-0.020985308815,-0.012766250947,0.053403934359,3
25.920000,-0.026407581131,-0.045071307358,0.052110940965,0.073785725289,3
25.930000,-0.058636652891,0.014094821709,0.012014732573,0.061492071522,3
25.940000,-0.003789143699,0.029106030706,-0.055551974949,0.062829456103,3
25.950000,0.049427818637,-0.022732870156,-0.016375565826,0.056815946677,3
25.960000,0.003860968641,-0.053990957446,0.044861644195,0.070302899547,3
25.970000,-0.041740145453,0.019225608079,0.010268038715,0.047088176514,3
25.980000,0.003958030205,0.033438075739,-0.039891765032,0.052202718604,3
25.990000,0.037985861840,-0.008188922923,-0.004865366638,0.039161919653,3
26.000000,0.002060983309,-0.022750968946,0.034502390864,0.041379574859,3
26.010000,-0.025884710659,0.004646799711,0.007647984978,0.027388002258,3
26.020000,0.009138820134,0.022203394933,-0.016236383718,0.028984977768,3
26.030000,0.024830438846,-0.007959600053,-0.006829180705,0.026954473384,3
26.040000,-0.004670418878,-0.017884773983,0.022928099392,0.029451242667,3
26.050000,-0.020429721525,0.007147824825,-0.001368003011,0.021687239418,3
26.060000,0.002318119459,0.010568718826,-0.015265036458,0.018710767849,3
26.070000,0.016165559663,-0.010947054684,-0.003103114500,0.019768476043,3
26.080000,-0.008053572608,-0.012932204141,0.020814158291,0.025794013280,3
26.090000,-0.013830678659,0.009584193947,0.005654361329,0.017751513958,3
26.100000,0.008660064250,0.011131901434,-0.015687897460,0.021095640996,3
26.110000,0.011994841184,-0.007356104364,-0.003272256127,0.014446319483,3
26.120000,-0.001149822390,-0.010640279285,0.012178325178,0.016212625911,3
26.130000,-0.014116090820,0.013599637234,0.005133411384,0.020262429898,3
26.140000,0.005354254181,0.005948340171,-0.010135609128,0.012914385816,3
26.150000,0.007776626093,-0.005081961551,0.000205906417,0.009292181878,3
26.160000,-0.006384032832,-0.008350904460,0.008866902435,0.013751924931,3
26.170000,-0.021603804624,0.012800014879,-0.002591956166,0.025244464579,3
26.180000,-0.002983672172,0.007876569038,-0.017378271437,0.019311834651,3
26.190000,0.007146722849,-0.009514301390,-0.002070910472,0.012078337990,3
26.200000,-0.004483238471,-0.006583011607,0.012837141851,0.015107206225,3
26.210000,-0.012948669776,0.014720111258,-0.002761487983,0.019798372163,3
26.220000,0.004770392577,0.009080537981,-0.014510089283,0.017769510583,3
26.230000,0.017481448056,-0.005634813507,-0.000668511319,0.018379310563,3
26.240000,-0.005236550679,-0.010100038101,0.012420534080,0.016843452719,3
26.250000,-0.007228360366,0.007270776198,0.001249803560,0.010328377851,3
26.260000,0.004042272774,0.009224647057,-0.010476674231,0.014532542292,3
26.270000,0.018130453550,-0.009711129264,-0.001083921183,0.020595976856,3
26.280000,-0.013624375300,-0.016786798500,0.016746883550,0.027347363947,3
26.290000,-0.017772428423,0.016048593164,-0.005084715366,0.024480009904,3
26.300000,0.007327670562,0.009084996601,-0.011822480786,0.016613337144,3
26.310000,0.013091761732,-0.011144368039,0.001497472273,0.017257855818,3
26.320000,-0.015102459736,-0.008104949553,0.009692724521,0.019690693385,3
26.330000,-0.013173595436,0.013670727008,0.000561849423,0.018993369064,3
26.340000,0.016223603604,0.013628431782,-0.015659390659,0.026346840087,3
26.350000,0.013637073950,-0.012370722597,0.007365316730,0.019830593890,3
26.360000,-0.011653827280,-0.006025182828,0.026647339519,0.029701771359,3
26.370000,-0.008842002324,0.012119102423,-0.002403449314,0.015193097684,3
26.380000,0.011054472717,0.009918632178,-0.014788550443,0.020959051876,3
26.390000,0.007353152821,-0.014558437540,0.006029375958,0.017388799109,3
26.400000,-0.011546321303,-0.002287542197,0.013501609977,0.017912114808,3
26.410000,-0.010846637414,0.013712331591,-0.001479782659,0.017546148796,3
26.420000,0.007750646777,0.002463402582,-0.010277447628,0.013105983652,3
26.430000,0.005533458756,-0.012699927537,0.008919740331,0.016476319153,3
26.440000,-0.005581323015,0.001091723483,0.007434095399,0.009359957328,3
26.450000,-0.007296332612,0.011082286545,-0.004601701775,0.014043831524,3
26.460000,0.011114903297,0.003466930058,-0.011480032766,0.016350896967,3
26.470000,0.014053907945,-0.018544511783,0.008284680997,0.024699133285,3
26.480000,-0.006636997291,-0.003734292512,0.009806902988,0.012416522050,3
26.490000,-0.008987032550,0.013382402685,-0.007901387272,0.017952364092,3
26.500000,0.009383541840,0.003317675465,-0.009423353915,0.013706109111,3
26.510000,0.006402637299,-0.011394816050,0.005861283608,0.014324463087,3
26.520000,-0.015501856304,-0.001989552787,0.009533355701,0.018307122660,3
26.530000,-0.009164115900,0.011252486722,-0.005928245975,0.015676210575,3
26.540000,0.005849432964,0.004023356908,-0.009159944066,0.011589126028,3
26.550000,0.001555202840,-0.011361867817,0.005664143728,0.012790356537,3
26.560000,-0.015456491880,-0.003164545093,0.018558250818,0.024358287302,3
26.570000,-0.006194046910,0.012006076817,-0.008220516719,0.015814202250,3
26.580000,0.013740234281,-0.004019444565,-0.009835810803,0.017369316247,3
26.590000,0.012011902090,-0.013279745310,0.003473006058,0.018240043815,3
26.600000,-0.007708062256,0.002519476627,0.004880394987,0.009464683907,3
26.610000,-0.003046701119,0.008009158201,-0.002249428629,0.008859397945,3
26.620000,0.009936008538,0.002889210232,-0.009018779227,0.013726258782,3
26.630000,0.006792475290,-0.018717019775,0.012458806528,0.023488005661,3
26.640000,-0.009933781567,-0.002580266050,0.007131297915,0.012497727756,3
26.650000,-0.004534357527,0.007335659948,-0.005059478083,0.009998531069,3
26.660000,0.010713334255,-0.001190389027,-0.009839138244,0.014594560571,3
26.670000,0.005640139821,-0.007193297060,0.006524971858,0.011230759438,3
26.680000,-0.011012648742,0.002402918862,0.007155195713,0.013351002848,3
26.690000,-0.005065740764,0.014032428433,-0.015007026346,0.021160851045,3
26.700000,0.015834275718,-0.004077985306,-0.011709183640,0.020111171850,3
26.710000,0.011018605722,-0.014822085190,0.013433118287,0.022837525005,3
26.720000,-0.010646386134,0.006643343386,0.010903143227,0.016624021213,3
26.730000,-0.003188872624,0.017445129126,-0.007703816291,0.019335206859,3
26.740000,0.016483835079,-0.006160735925,-0.011987742433,0.021292661992,3
26.750000,0.002869169946,-0.022969978449,0.013047990909,0.026572581977,3
26.760000,-0.021238194853,0.008620969551,0.008609046664,0.024484642556,3
26.770000,-0.006461690826,0.023503870189,-0.015112142556,0.028680345445,3
26.780000,0.015663934515,-0.002339860313,-0.007544543999,0.017542916944,3
26.790000,-0.001533328802,-0.013009128187,0.012987204083,0.018446028930,3
26.800000,-0.015072422746,0.002593164398,0.005693451289,0.016319246815,3
26.810000,-0.002443569238,0.012208808278,-0.008217499681,0.014918221449,3
26.820000,0.006806213604,-0.002778112982,-0.005099545563,0.008946944748,3
26.830000,0.007145179341,-0.010786793840,0.006642794761,0.014544250802,3
26.840000,-0.006284762438,0.004349074336,0.006744264791,0.010193026737,3
26.850000,0.003379924306,0.006934549854,-0.004672085555,0.009018883158,3
26.860000,0.009486682183,-0.004673304968,-0.002822846163,0.010945564336,3
26.870000,-0.002070371642,-0.015174924100,0.010809247243,0.018745788491,3
26.880000,-0.011611566690,0.004231672729,0.004301705246,0.013085878003,3
26.890000,-0.002577173998,0.009644520545,-0.010708216938,0.014639826240,3
26.900000,0.012008068426,-0.002603656548,-0.007499876817,0.014395168878,3
26.910000,-0.002093430126,-0.009901393776,0.011038308852,0.014975456945,3
26.920000,-0.017322997035,0.012263077060,0.006996965359,0.022347859170,3
26.930000,0.000836708135,0.010432857440,-0.009870411833,0.014386438914,3
26.940000,0.012589085875,-0.000779662449,-0.003825392553,0.013180538111,3
26.950000,-0.000659804652,-0.006575568293,0.009814611574,0.011832161294,3
26.960000,-0.006186986701,0.004576218308,0.003040470536,0.008274360369,3
26.970000,0.005898548620,0.008315161321,-0.005666407841,0.011663745601,3
26.980000,0.010936364209,-0.003809719974,0.002702912865,0.011892172482,3
26.990000,-0.006303960435,-0.015300711931,0.011755709417,0.020298975508,3
27.000000,-0.013069366896,0.005436420597,0.000712022719,0.014172861261,3
27.010000,-0.001487725761,0.014167436885,-0.013816123483,0.019844769183,3
27.020000,0.012556053272,-0.006059260199,-0.003251904360,0.014315864973,3
27.030000,-0.005595575112,-0.012209329090,0.015144583292,0.020241951011,3
27.040000,-0.010971757968,0.006491115279,0.004319138855,0.013459903823,3
27.050000,0.002838908575,0.010572026615,-0.010297897631,0.015029099915,3
27.060000,0.014625712578,-0.008405228018,-0.003431864125,0.017214442129,3
27.070000,-0.000417469958,-0.009505946818,0.008780470010,0.012947353385,3
27.080000,-0.009035730075,0.008042206064,0.000859170694,0.012126816180,3
27.090000,0.005275686448,0.004974572757,-0.007246197634,0.010251176604,3
27.100000,0.015717286597,-0.008433490550,-0.002366752783,0.017993287069,3
27.110000,-0.006229631095,-0.017761354030,0.018068402346,0.026091016919,3
27.120000,-0.016027019071,0.010967151052,0.002140792961,0.019537828359,3
27.130000,0.003051584046,0.011212451837,-0.014480110513,0.018566228530,3
27.140000,0.009081251322,-0.014743339056,-0.008434524928,0.019260747204,3
27.150000,-0.007349561021,-0.017611681462,0.025293565214,0.031685198632,3
27.160000,-0.016631830478,0.005792854066,-0.004023107648,0.018065445979,3
27.170000,0.003385266424,0.006715317039,-0.016064191859,0.017737355265,3
27.180000,0.012331276752,-0.010862552856,0.004161500565,0.016952095087,3
27.190000,-0.002588130985,-0.010874298811,0.012474965375,0.016750330078,3
27.200000,-0.013056361453,0.006614321123,0.000544862345,0.014646320128,3
27.210000,0.008508019958,0.008979441287,-0.013632304021,0.018408054823,3
27.220000,0.011971547823,-0.007880832630,0.000794855150,0.014354695222,3
27.230000,-0.002629564910,-0.007391026227,0.010661674960,0.013236812050,3
27.240000,-0.008066879558,0.007569826999,-0.000152535474,0.011063457582,3
27.250000,0.006471627833,0.013209531108,-0.011378283751,0.018596747566,3
27.260000,0.009677028797,-0.015455933621,0.004856364022,0.018871010624,3
27.270000,-0.013832309717,-0.011572385473,0.013046747634,0.022259167133,3
27.280000,-0.009169383207,0.009699566019,0.000534590650,0.013358329107,3
27.290000,0.003087869897,0.003899994074,-0.008176208942,0.009570542667,3
27.300000,0.005176367897,-0.008888514407,0.003817267618,0.010971417640,3
27.310000,-0.005506359389,-0.006724575998,0.014168295425,0.016621687981,3
27.320000,-0.005157855492,0.012827413303,-0.004511040092,0.014542884447,3
27.330000,0.005309208409,0.005372379792,-0.010898302455,0.013259832389,3
27.340000,0.009727875079,-0.011326061052,0.003749117561,0.015393735576,3
27.350000,-0.008821500468,-0.011204384201,0.016213227634,0.021592263572,3
27.360000,-0.009838309547,0.008462588202,-0.003610637816,0.013470131375,3
27.370000,0.006336263225,0.011656643786,-0.019258275010,0.023386037124,3
27.380000,0.007385046148,-0.015102355280,0.002366760898,0.016977090409,3
27.390000,-0.016922907467,-0.006328274568,0.017967780941,0.025480836095,3
27.400000,-0.012539198911,0.019484472392,-0.009326244602,0.024977089744,3
27.410000,0.019526006385,0.010958918253,-0.013700246895,0.026249944373,3
27.420000,0.025198788493,-0.025098080212,0.011854196459,0.037488858952,3
27.430000,-0.025607905898,-0.014015335240,0.034546760889,0.045229118434,3
27.440000,-0.010440207173,0.029501135651,-0.012186626010,0.033583162210,3
27.450000,0.034157709477,0.011084090188,-0.033238590503,0.048932709618,3
27.460000,0.044160631057,-0.033471741408,0.021738542737,0.059523802370,3
27.470000,-0.032092037520,-0.009715021717,0.043784333628,0.055148421467,3
27.480000,-0.034817563357,0.035392677700,-0.020176443456,0.053590980803,3
27.490000,0.026535947491,0.010596925704,-0.047447898436,0.055387312713,3
27.500000,0.007932224138,-0.051231948418,0.018513746870,0.055048992194,3
27.510000,-0.063674983797,0.005737433383,0.063519333736,0.090122846502,3
27.520000,-0.043028358590,0.054213830609,-0.025260520809,0.073679528933,3
27.530000,0.020462600870,0.037233985534,-0.070391896174,0.082219868402,3
27.540000,0.046972640284,-0.048497948239,0.036566773810,0.076782868308,3
27.550000,-0.062204605325,0.000114982307,0.045563674340,0.077106903478,3
27.560000,-0.016542321748,0.074040291657,-0.026696510627,0.080425847071,3
27.570000,0.054190999625,0.015747844028,-0.037599170311,0.067811183738,3
27.580000,0.041734319662,-0.052207064685,0.028947548477,0.072837432708,3
27.590000,-0.040818822265,0.003444651319,0.023339491985,0.047146301657,3
27.600000,-0.026401234889,0.046431183334,-0.024992678702,0.058970450042,3
27.610000,0.051481153654,0.004014389704,-0.033292850967,0.061439713799,3
27.620000,-0.004909154482,-0.036608651701,0.010569525324,0.038418850096,3
27.630000,-0.018374970254,-0.003141098598,0.014660745302,0.023715890982,3
27.640000,-0.020595266089,0.020726262325,-0.015967472047,0.033297193558,3
27.650000,0.022779359528,-0.000440667736,-0.012548318431,0.026010645975,3
27.660000,0.007169021702,-0.021195082672,0.014475903749,0.026649168673,3
27.670000,-0.018521389832,0.005009865078,0.013429577896,0.023419952858,3
27.680000,-0.004795918966,0.025185598644,-0.014150887250,0.029284173674,3
27.690000,0.015385662664,0.000806220627,-0.012184522229,0.019642586114,3
27.700000,0.009281335989,-0.016923856555,0.015196525743,0.024566125317,3
27.710000,-0.012024415408,0.003473955784,0.009526966604,0.015729527245,3
27.720000,-0.007411692640,0.012520020865,-0.012933809361,0.019467088504,3
27.730000,0.013385480466,-0.004228200339,-0.008347009433,0.016331605307,3
27.740000,0.002558608273,-0.020279795013,0.014326969631,0.024961542839,3
27.750000,-0.017534765678,0.001567173319,0.003668562257,0.017982835945,3
27.760000,-0.009210475754,0.015042844473,-0.008644741432,0.019643105352,3
27.770000,0.008997131911,-0.003930898342,-0.009702944666,0.013803893639,3
27.780000,0.000028171456,-0.011264846111,0.010996995152,0.015742663494,3
27.790000,-0.007539700829,0.002136139322,0.004118569970,0.008852841261,3
27.800000,0.000238492073,0.012924271727,-0.012800572990,0.018191985791,3
27.810000,0.012000008836,0.000508127030,-0.006173358662,0.013504397888,3
27.820000,0.003362928531,-0.009065031533,0.011879085189,0.015316551502,3
27.830000,-0.009954083789,0.003907518991,0.009499393067,0.014303529543,3
27.840000,-0.002568678893,0.013321762915,-0.010149577597,0.016943476734,3
27.850000,0.009214499887,-0.005350217093,-0.006552408391,0.012508632493,3
27.860000,0.000679730435,-0.012037886281,0.010412624448,0.015930960030,3
27.870000,-0.013368919897,0.002986453091,0.004255902926,0.014344323999,3
27.880000,-0.001751975709,0.008862040652,-0.010278922144,0.013684349596,3
27.890000,0.008876292847,-0.005232186103,-0.005107154706,0.011499885883,3
27.900000,-0.001524874471,-0.012332229489,0.009106185871,0.015405575206,3
27.910000,-0.014868948599,0.005244628130,0.003135513133,0.016075546624,3
27.920000,0.003016035978,0.019673236266,-0.018968366492,0.027494210765,3
27.930000,0.019906277819,-0.005908021361,-0.010292446808,0.023175398040,3
27.940000,0.003498296829,-0.025110799972,0.017733430062,0.030939697763,3
27.950000,-0.010939190232,0.008979624800,0.007183853304,0.015871587595,3
27.960000,0.002310913723,0.020786881827,-0.021112458230,0.029718187543,3
27.970000,0.012596195095,-0.002778107568,-0.006104394789,0.014270446674,3
27.980000,-0.004150241959,-0.014828457593,0.008673370560,0.017673002568,3
27.990000,-0.025367217225,0.009890746659,0.001632928984,0.027276162418,3
28.000000,0.002767463813,0.015107294353,-0.020390613690,0.025527755978,3
28.010000,0.017007895381,-0.006207547729,-0.005878424851,0.019035704159,3
28.020000,0.001654132787,-0.018322795186,0.018173851833,0.025860198552,3
28.030000,-0.017852256753,0.011664426596,0.006040268086,0.022164087112,3
28.040000,0.003935809360,0.006766039917,-0.009925597047,0.012640702838,3
28.050000,0.012891959182,-0.004024185489,-0.003713284374,0.014006611341,3
28.060000,-0.000395165724,-0.006723304990,0.008988550918,0.011231786748,3
28.070000,-0.007199146882,0.002691503510,0.000313566600,0.007692218860,3
28.080000,0.005951684612,0.008717751747,-0.010130086514,0.014630119549,3
28.090000,0.012048248293,-0.008385892902,-0.003702216617,0.015139018943,3
28.100000,-0.003690579424,-0.009602845205,0.013780697913,0.017197169753,3
28.110000,-0.014662004608,0.002627830270,0.000849937123,0.014919861399,3
28.120000,0.001438654322,0.007189178664,-0.010486871231,0.012795643178,3
28.130000,0.006323424610,-0.007219990880,-0.000997124765,0.009649260329,3
28.140000,-0.004957073054,-0.007995431416,0.011444599122,0.014814801580,3
28.150000,-0.008189396989,0.007083779150,0.000722424613,0.010852098756,3
28.160000,0.005932108018,0.011449512585,-0.014581703793,0.019465542106,3
28.170000,0.010290670680,-0.004895208662,-0.000311047901,0.011399900073,3
28.180000,-0.001289512263,-0.007826703981,0.009445439065,0.012334360795,3
28.190000,-0.009408990328,0.007051299518,-0.003228867421,0.012193256690,3
28.200000,0.005040090786,0.003850059847,-0.009296475973,0.011253885617,3
28.210000,0.015554353755,-0.016092167577,-0.000424483009,0.022384726129,3
28.220000,-0.007123424785,-0.006766966947,0.008535034120,0.013014677474,3
28.230000,-0.018148550409,0.009783987861,-0.001566426687,0.020677282050,3
28.240000,0.008017335313,0.004617117815,-0.014447592473,0.017156001011,3
28.250000,0.007339765336,-0.011354825534,0.001944184287,0.013659577982,3
28.260000,-0.006037174284,-0.007181703319,0.006336472749,0.011321449677,3
28.270000,-0.013488824825,0.014219639789,-0.002835862204,0.019803753819,3
28.280000,0.004724115358,0.006641719146,-0.009067305894,0.012192035732,3
28.290000,0.015897148368,-0.010828892033,0.005662188347,0.020051049992,3
28.300000,-0.007416665291,-0.011164764866,0.015030479153,0.020138872911,3
28.310000,-0.007738051285,0.010331146749,-0.002972540125,0.013245604012,3
28.320000,0.012126037227,0.004343677684,-0.013826262715,0.018896397945,3
28.330000,0.017674937007,-0.008453092836,0.003889620443,0.019974667053,3
28.340000,-0.010714256986,-0.006623215685,0.017752272468,0.021767072989,3
28.350000,-0.019941207568,0.018226651046,-0.006121353142,0.027700785763,3
28.360000,0.006693610014,0.008221421151,-0.018594451910,0.021404434648,3
28.370000,0.012727336771,-0.015448123701,0.006232016055,0.020963483758,3
28.380000,-0.014205203510,-0.009357633092,0.011997871454,0.020815907938,3
28.390000,-0.008823933260,0.015323480070,-0.008348696151,0.019554323487,3
28.400000,0.009095720041,0.006921289348,-0.015770920751,0.019477122750,3
28.410000,0.012018395776,-0.013774452793,0.008410906176,0.020122642209,3
28.420000,-0.005596411463,-0.000171650490,0.022515846667,0.023201565384,3
28.430000,-0.008472332509,0.017014796814,-0.007564600167,0.020457441297,3
28.440000,0.013373104926,0.002690021458,-0.018379162888,0.022888201748,3
28.450000,0.008084432992,-0.015215672244,0.004735261008,0.017868895753,3
28.460000,-0.008131412663,-0.002000867378,0.007304019086,0.011111797198,3
28.470000,-0.006189507735,0.014792004836,-0.007952742199,0.017898589932,3
28.480000,0.006303318572,0.004669626008,-0.008612323108,0.011649435239,3
28.490000,0.001909827594,-0.014541712264,0.009182449435,0.017303936392,3
28.500000,-0.013450177564,-0.003871920551,0.013483718575,0.019434755256,3
28.510000,-0.010683029937,0.017695093244,-0.011099319059,0.023461422317,3
28.520000,0.005285514012,-0.000129276824,-0.006761793213,0.008583426957,3
28.530000,0.009970283696,-0.016209212528,0.009447455976,0.021246165588,3
28.540000,-0.004687197308,-0.003818704676,0.010019535660,0.011702282634,3
28.550000,-0.003507675859,0.009458452367,-0.002394666082,0.010368246562,3
28.560000,0.014756705759,-0.001109631754,-0.011997697241,0.019050889391,3
28.570000,0.012705597407,-0.014830373942,0.006080063669,0.020453346204,3
28.580000,-0.009190867526,-0.004233021845,0.008062451415,0.012938069510,3
28.590000,-0.005437264034,0.012066538075,-0.007552281814,0.015238180400,3
28.600000,0.010948165732,-0.002443794513,-0.007456698126,0.013469848234,3
28.610000,0.004563339105,-0.012787368547,0.007025840974,0.015287357506,3
28.620000,-0.015302810980,-0.001314043075,0.010279774459,0.018481788226,3
28.630000,-0.007560372818,0.014482483813,-0.010121852248,0.019218570901,3
28.640000,0.014855086304,0.001104977555,-0.008182741443,0.016995641265,3
28.650000,0.006979783836,-0.012483443605,0.006693878725,0.015791192451,3
28.660000,-0.007932805847,-0.001731583750,0.009178907231,0.012254800237,3
28.670000,-0.000173711087,0.015611779002,-0.009574901080,0.018314926968,3
28.680000,0.019512950992,-0.004779373923,-0.009818241475,0.022360579983,3
28.690000,0.008763217537,-0.016728933405,0.011627514503,0.022177697987,3
28.700000,-0.010589918003,-0.001120497124,0.003854878822,0.011325280035,3
28.710000,-0.006988481873,0.012872142195,-0.007806870934,0.016597534677,3
28.720000,0.007418998002,-0.000332846510,-0.003133044332,0.008060290624,3
28.730000,0.002049543153,-0.007728044731,0.006062360768,0.010033719180,3
28.740000,-0.013593391603,0.003795036927,0.011901679722,0.018461651626,3
28.750000,-0.009658767335,0.016110458692,-0.014603681725,0.023792986060,3
28.760000,0.020423759052,0.000011637075,-0.009464577405,0.022510182022,3
28.770000,0.007649888572,-0.012679530420,0.010209174386,0.017986620819,3
28.780000,-0.010613230737,-0.001025325078,0.007418810725,0.012989638593,3
28.790000,0.000298752028,0.016535025761,-0.011619950561,0.020211867325,3
28.800000,0.021477616776,-0.000734207349,-0.010239194178,0.023804793219,3
28.810000,0.000822033837,-0.012503531070,0.013560638556,0.018463611426,3
28.820000,-0.020978994231,-0.000746344403,0.013431001818,0.024921216638,3
28.830000,-0.006391287667,0.011130958519,-0.014720815148,0.019530724365,3
28.840000,0.017447106282,-0.005736388345,-0.006476514950,0.019474416930,3
28.850000,-0.005339952881,-0.016245142719,0.013434249138,0.021746236654,3
28.860000,-0.011129209880,0.001152074089,0.006817677254,0.013102187237,3
28.870000,-0.004698321645,0.012028583968,-0.014577537701,0.019474744260,3
28.880000,0.006669439630,-0.003492441428,-0.001020917325,0.007597423530,3
28.890000,0.001056605966,-0.012001437222,0.011740301118,0.016822175302,3
28.900000,-0.007113524781,0.004917158164,0.008906200581,0.012413745930,3
28.910000,0.000725283695,0.007638346855,-0.010043564271,0.012638969989,3
28.920000,0.011147779207,-0.003934920714,-0.005196136643,0.012913420085,3
28.930000,-0.001218540808,-0.010370144248,0.011815948162,0.015768365939,3
28.940000,-0.012017879905,0.003487767075,0.005447954169,0.013648229233,3
28.950000,-0.002399190267,0.010989350192,-0.008597184257,0.014157454175,3
28.960000,0.009303163984,-0.006296162970,-0.005778499177,0.012632560350,3
28.970000,-0.001406535300,-0.005087562725,0.010409472631,0.011671279128,3
28.980000,-0.018342691649,0.005634824518,0.002376967178,0.019335344767,3
28.990000,-0.001572405191,0.008648119369,-0.015797245692,0.018078036346,3
29.000000,0.018067646162,-0.007755691049,-0.001510583541,0.019719848989,3
29.010000,-0.002358065790,-0.014730588443,0.017282127001,0.022830300564,3
29.020000,-0.011010168497,0.004211859657,0.000306923200,0.011792276029,3
29.030000,0.007442940384,0.012583007819,-0.008101114262,0.016713991134,3
29.040000,0.013905924145,-0.005873473104,-0.002007754350,0.015228377791,3
29.050000,-0.001065198407,-0.007012085085,0.011504430619,0.013515025296,3
29.060000,-0.007869170426,0.005977185399,0.001803343686,0.010045030460,3
29.070000,0.003568654200,0.014786731201,-0.012484198520,0.019678361850,3
29.080000,0.006648996998,-0.005918989010,0.001552369002,0.009036229385,3
29.090000,-0.010459802203,-0.014298563943,0.010359784315,0.020522707521,3
29.100000,-0.014014248061,0.006342670078,-0.000549416533,0.015392545955,3
29.110000,0.001035223894,0.014031938071,-0.013406410339,0.019434474851,3
29.120000,0.018128124262,-0.015627222967,-0.002230318873,0.024037747590,3
29.130000,-0.005594880110,-0.013318785503,0.014531573484,0.020490469947,3
29.140000,-0.006449498359,0.013362238888,-0.003127232428,0.015163279323,3
29.150000,0.006324462764,0.008992825227,-0.011310008986,0.015772952738,3
29.160000,0.018512672378,-0.022345908601,0.000153492005,0.029018653131,3
29.170000,-0.003644000528,-0.010042066328,0.017305191946,0.020336949237,3
29.180000,-0.018592671993,0.008637623870,0.002750726943,0.020684837362,3
29.190000,0.008179512179,0.010534610408,-0.016926141593,0.021549401504,3
29.200000,0.010813026209,-0.011756976410,0.001039551794,0.016007145219,3
29.210000,-0.019969622865,-0.012417359405,0.022292172519,0.032402432125,3
29.220000,-0.021562467680,0.013372634623,-0.001222872548,0.025402023275,3
29.230000,0.004648170115,0.007527712063,-0.021151728554,0.022927441094,3
29.240000,0.010242497910,-0.011845725040,-0.002074469053,0.015796625811,3
29.250000,-0.005320636469,-0.008716502392,0.019242223138,0.021784162542,3
29.260000,-0.018904314326,0.012691334611,-0.002639008790,0.022921767858,3
29.270000,0.008391657657,0.008403340622,-0.008505812430,0.014607699919,3
29.280000,0.013555503609,-0.012623708794,-0.001193562709,0.018561634996,3
29.290000,-0.002233431742,-0.006600903193,0.011779582703,0.013686442524,3
29.300000,-0.009512318828,0.013633195167,0.001817342860,0.016722767565,3
29.310000,0.008071280139,0.002808845779,-0.014283307148,0.016644760159,3
29.320000,0.009675838951,-0.007698301392,0.001030853263,0.012407592925,3
29.330000,-0.008428861177,-0.005089051919,0.010638902471,0.014495875136,3
29.340000,-0.016216766950,0.011223227013,0.000545145654,0.019729205222,3
29.350000,0.006421684953,0.003346998419,-0.011124534382,0.013273872881,3
29.360000,0.007487986385,-0.011905355361,0.001403068225,0.014134214758,3
29.370000,-0.006355516432,-0.005948687449,0.016992032273,0.019092109162,3
29.380000,-0.005259648036,0.009965076693,0.000078247965,0.011268219634,3
29.390000,0.010303084656,0.004313083888,-0.008549989961,0.014066221041,3
29.400000,0.009629453539,-0.009881118348,0.004995432213,0.014673691365,3
29.410000,-0.009715277008,-0.006053688151,0.015165086495,0.019000357785,3
29.420000,-0.007623673039,0.008702533058,-0.006140530507,0.013098113877,3
29.430000,0.009446597974,0.004354454189,-0.011190370036,0.015278215410,3
29.440000,0.007603047311,-0.010473341270,0.003113776995,0.013311379077,3
29.450000,-0.013940516394,-0.001997705367,0.007934692623,0.016164410632,3
29.460000,-0.008284249051,0.016315114255,-0.007852454918,0.019911624337,3
29.470000,0.005511490815,0.000525944613,-0.010467521857,0.011841543927,3
29.480000,0.006706452826,-0.016269835465,0.003199256692,0.017886288014,3
29.490000,-0.012508204187,-0.005322340187,0.010945040125,0.017452116788,3
29.500000,-0.005493622001,0.010180719963,-0.008070400369,0.014105258019,3
29.510000,0.014469591375,0.001755348821,-0.008871376918,0.017063166542,3
29.520000,0.014376512950,-0.015743743870,0.010521072974,0.023774830644,3
29.530000,-0.008286465922,-0.002015878070,0.015404759183,0.017607835965,3
29.540000,-0.005782471333,0.015132757621,-0.006092435216,0.017307660003,3
29.550000,0.010486919704,0.001416987440,-0.009625692908,0.014305149501,3
29.560000,0.008824323129,-0.017162635082,0.006974806967,0.020520054919,3
29.570000,-0.017374670071,0.000475268051,0.013390000270,0.021940764504,3
29.580000,-0.007964995630,0.024032366124,-0.011178884163,0.027676040686,3
29.590000,0.008433591585,-0.000948796341,-0.015338502917,0.017529841792,3
29.600000,0.004131739423,-0.013519304546,0.007783512611,0.016137717764,3
29.610000,-0.022886046145,-0.005290746484,0.018835776414,0.030108961782,3
29.620000,-0.006604695125,0.013680453063,-0.006326580388,0.016456075265,3
29.630000,0.017609232196,0.004597284187,-0.008981639161,0.020295071383,3
29.640000,0.006171512782,-0.016995996217,0.008906226116,0.020156198080,3
29.650000,-0.018201113859,-0.000209895497,0.013444784630,0.022629335730,3
29.660000,-0.004754113101,0.019182796044,-0.009126819091,0.021768786878,3
29.670000,0.014643762744,-0.001286100560,-0.016356878878,0.021991846866,3
29.680000,0.001442007395,-0.009113197796,0.002980102483,0.009695915130,3
29.690000,-0.014793105916,-0.000661950949,0.008182151590,0.016918089914,3
29.700000,-0.008079788603,0.014198760683,-0.014953677897,0.022147240718,3
29.710000,0.016451722377,-0.002645894179,-0.006241657955,0.017793769111,3
29.720000,0.001930445233,-0.009391217271,0.012420325583,0.015690317658,3
29.730000,-0.011424687236,0.003393719635,0.007197316043,0.013922721343,3
29.740000,-0.002234168942,0.008869431907,-0.008821521738,0.012707382854,3
29.750000,0.021892304971,-0.002546639993,-0.004830406931,0.022563049956,3
29.760000,0.005042400797,-0.010717476536,0.010789470647,0.016021947008,3
29.770000,-0.007770184964,0.002563887588,0.006569814210,0.010493414730,3
29.780000,0.001368421177,0.013450493648,-0.008860252732,0.016164542504,3
29.790000,0.011166341940,-0.003045704326,-0.011477104384,0.016299921233,3
29.800000,0.000625659703,-0.009548228450,0.003541360083,0.010203006804,3
29.810000,-0.011821246902,0.002071502918,0.005114239748,0.013045629569,3
29.820000,-0.000418318708,0.012584871326,-0.013556455950,0.018502201890,3
29.830000,0.012142923280,0.001242148855,-0.010239555845,0.015932420515,3
29.840000,-0.001502764951,-0.012187801790,0.009611058700,0.015594013733,3
29.850000,-0.011128844642,0.000737933211,0.003368877021,0.011650968237,3
29.860000,-0.001421824088,0.009772389171,-0.014120406399,0.017230990997,3
29.870000,0.007535913347,-0.002500819522,-0.003518843161,0.008684834221,3
29.880000,0.001729112401,-0.008848651762,0.012086383705,0.015078764497,3
29.890000,-0.010548301827,0.004583537309,0.003692129811,0.012079209752,3
29.900000,-0.000999235999,0.009976182809,-0.010842430948,0.014767565977,3
29.910000,0.016873728960,-0.006270581230,-0.006080434947,0.019000384394,3
29.920000,-0.005299252403,-0.010507167902,0.008342168546,0.014424785247,3
29.930000,-0.012906494518,0.001819086164,0.005416237900,0.014114613286,3
29.940000,-0.003480330195,0.010434048275,-0.009261334735,0.014378956247,3
29.950000,0.008312220491,-0.003643793913,-0.009535109158,0.013163910902,3
29.960000,-0.000254211495,-0.017482361520,0.007975648396,0.019217402404,3
29.970000,-0.016545189451,0.007646710752,0.009125590559,0.020383617989,3
29.980000,0.003975539776,0.020065499694,-0.022434919367,0.030360415042,3
29.990000,0.023954762233,-0.006714409619,-0.009417791668,0.026600915963,3
