time_s,acc_x_m_s2,acc_y_m_s2,acc_z_m_s2,acc_abs_m_s2,acc_accuracy
0.000000,0.004256976947,0.011132425002,-0.010617346392,0.015961854014,3
0.010000,0.012142403448,-0.004441514113,-0.009646058914,0.016131071312,3
0.020000,0.004990129374,-0.005274552007,-0.001426505446,0.007399811338,3
0.030000,-0.008711587999,-0.003683276156,0.011633682302,0.014993360284,3
0.040000,-0.006112006484,0.010448524134,0.001830152022,0.012242456300,3
0.050000,0.002837824680,0.012372703779,-0.012198887313,0.017605394042,3
0.060000,0.017148743510,-0.009849986245,-0.015428316036,0.025082555067,3
0.070000,0.003200954463,-0.012574627014,0.002586557770,0.013230934779,3
0.080000,-0.018963472646,0.001598714207,0.019725098854,0.027408916555,3
0.090000,-0.016696184479,0.014522265053,0.000554419340,0.022135178771,3
0.100000,0.007143488642,0.005934807069,-0.014373998220,0.017113246032,3
0.110000,0.016260118768,-0.006657717854,-0.014047257259,0.022495379656,3
0.120000,0.003580803972,-0.015288873740,0.009350326509,0.018275678459,3
0.130000,-0.018798383587,0.002741868659,0.017066205721,0.025537275637,3
0.140000,-0.008010779127,0.028071566075,-0.001673696536,0.029240154997,3
0.150000,0.010698128677,0.010489246699,-0.017436500977,0.022989254443,3
0.160000,0.020130822789,-0.011537279871,-0.010072440624,0.025294523382,3
0.170000,0.004079844384,-0.015584597367,0.007387335688,0.017722797010,3
0.180000,-0.010745214879,0.009876344532,0.016049216291,0.021692836783,3
0.190000,-0.005562488542,0.008665630983,-0.000340770182,0.010302939553,3
0.200000,0.010531212058,0.007594045955,-0.012689746256,0.018155043967,3
0.210000,0.009195517718,-0.009501180146,-0.004279179103,0.013897530142,3
0.220000,-0.005813622766,-0.008331703338,0.007188322828,0.012445379675,3
0.230000,-0.019194958689,0.003277018117,0.010931653340,0.022331285936,3
0.240000,-0.006138177828,0.013671226354,-0.003950175369,0.015497856062,3
0.250000,0.004441166962,-0.001569229366,-0.014927209060,0.015652731874,3
0.260000,0.006700431240,-0.013219068186,-0.002855974411,0.015092916628,3
0.270000,-0.005774348921,-0.008866961420,0.010141035636,0.014656285821,3
0.280000,-0.012999382639,0.007501761790,0.010247736183,0.018173510278,3
0.290000,-0.002017091280,0.011854999324,-0.009343444558,0.015228579133,3
0.300000,0.011730338778,-0.001463873834,-0.010488289573,0.015803417118,3
0.310000,0.012760931550,-0.013263419075,0.003107810679,0.018665962252,3
0.320000,-0.004854633930,-0.007690523304,0.009767325825,0.013345871011,3
0.330000,-0.005841143722,0.006444444527,0.007749788892,0.011649422866,3
0.340000,0.001486132004,0.011844807158,-0.002285090976,0.012154410135,3
0.350000,0.012708470977,-0.003205647380,-0.015739434888,0.020481973057,3
0.360000,0.008131433459,-0.014195075625,0.000680897772,0.016373271019,3
0.370000,-0.009828552951,-0.003322875597,0.015380614137,0.018552769243,3
0.380000,-0.011842779846,0.011723174971,0.001154578368,0.016703811454,3
0.390000,-0.001154147815,0.008964514265,-0.003616450431,0.009735157262,3
0.400000,0.012156931662,-0.006755232600,-0.017053322182,0.022005452787,3
0.410000,-0.000544725055,-0.008092284527,0.001149383233,0.008191634517,3
0.420000,-0.008841566100,-0.000361922833,0.008812780771,0.012488770322,3
0.430000,-0.010722082596,0.009060446828,-0.001058546877,0.014077473971,3
0.440000,0.005423071900,0.005179128380,-0.009661025206,0.012229819608,3
0.450000,0.016589174675,-0.011461350821,-0.007336777625,0.021456737518,3
0.460000,0.003290510165,-0.013790922235,0.009043408753,0.016816665398,3
0.470000,-0.005870441086,0.000324856044,0.013514173560,0.014737723603,3
0.480000,-0.003107606917,0.011606654593,-0.000284172253,0.012018835446,3
0.490000,0.009443342498,0.005279740452,-0.008784884655,0.013936519478,3
0.500000,0.009494183787,-0.006853357344,-0.006836150971,0.013558797615,3
0.510000,-0.000566027216,-0.007748246780,0.008869361672,0.011790729046,3
0.520000,-0.011848981858,0.004456988328,0.014612978224,0.019333966189,3
0.530000,-0.008746305780,0.018118715902,-0.004559956261,0.020629564509,3
0.540000,0.007517212467,0.003343043325,-0.021679147491,0.023187709199,3
0.550000,0.009708364813,-0.014349906948,-0.006054783251,0.018352999127,3
0.560000,-0.009387281280,-0.014205815838,0.008012043818,0.018818052492,3
0.570000,-0.022808121854,0.004512471981,0.008484621932,0.024749982530,3
0.580000,-0.009580453918,0.010478080168,-0.002483669600,0.014413322863,3
0.590000,0.011003513616,0.002029513941,-0.015950667890,0.019483840609,3
0.600000,0.017523751716,-0.019428981171,-0.001626060998,0.026214714530,3
0.610000,-0.000983824849,-0.007438847966,0.014432103864,0.016266222436,3
0.620000,-0.011787964468,0.013489758065,0.010501360770,0.020765554579,3
0.630000,-0.000197685191,0.018032969162,-0.010996530667,0.021122280723,3
0.640000,0.018326858257,-0.002984194097,-0.019115980065,0.026649574890,3
0.650000,0.014679361003,-0.021971580833,0.005184711424,0.026927963835,3
0.660000,0.001547645448,-0.005034218997,0.011036688277,0.012228943351,3
0.670000,-0.009175118168,0.006032421927,0.006012297843,0.012518811168,3
0.680000,-0.001826043060,0.013644455425,-0.008882714987,0.016383168883,3
0.690000,0.008959223860,0.000040202883,-0.013486891219,0.016191526895,3
0.700000,0.007285165459,-0.016944373647,0.000605270699,0.018454045266,3
0.710000,-0.009827284188,-0.000762269065,0.012323991119,0.015780916505,3
0.720000,-0.010807938794,0.008932317356,0.001150653688,0.014068469648,3
0.730000,0.000970329029,0.008101934585,-0.008428395452,0.011731186314,3
0.740000,0.013211483871,-0.006232118745,-0.016960025815,0.022383589653,3
0.750000,0.003657578544,-0.010711759615,0.007137797002,0.013381622506,3
0.760000,-0.010768852038,-0.000926865272,0.013176245363,0.017042320714,3
0.770000,-0.009556489952,0.012729021029,0.007119939128,0.017436972494,3
0.780000,0.003745102465,0.006603278038,-0.012240156916,0.014403142527,3
0.790000,0.016782434153,-0.003516178992,-0.009853070451,0.019776162624,3
0.800000,0.005800090343,-0.010356521774,0.004755873260,0.012787373527,3
0.810000,-0.009589090828,0.002584675079,0.012537344732,0.015994255878,3
0.820000,-0.006868478673,0.008741413184,-0.000593517161,0.011132859756,3
0.830000,0.007533640613,0.007122422368,-0.011050454250,0.015152464500,3
0.840000,0.011427870797,-0.008218318839,-0.007881627221,0.016132484097,3
0.850000,0.003952800477,-0.010368279717,0.006499748408,0.012859727263,3
0.860000,-0.017608866330,0.006120025894,0.016017450581,0.024578153175,3
0.870000,-0.012212848493,0.016766045937,-0.003531596709,0.021041058433,3
0.880000,0.008870353753,0.002782263262,-0.009063762905,0.012983680624,3
0.890000,0.008919026113,-0.013433511191,-0.005630884825,0.017079669600,3
0.900000,-0.002807060020,-0.007148839164,0.010631139031,0.013115128838,3
0.910000,-0.008762148881,0.004952685930,0.002951554882,0.010488852519,3
0.920000,-0.005477359393,0.010614422397,-0.004080256179,0.012622041009,3
0.930000,0.012317363385,0.003219339464,-0.013708317839,0.018708275316,3
0.940000,0.010022621462,-0.013360466697,-0.005222994013,0.017499562217,3
0.950000,-0.003466948987,-0.008731939203,0.008660666729,0.012777857634,3
0.960000,-0.006494565535,0.007540786016,0.011087287257,0.014898683632,3
0.970000,-0.004066739417,0.011671467231,-0.001133459098,0.012411536824,3
0.980000,0.018372733862,-0.004514101326,-0.015069593174,0.024187333437,3
0.990000,0.010309771369,-0.016909372127,-0.001776326483,0.019884003299,3
1.000000,-0.003058250919,-0.005620074363,0.014775699279,0.016101534825,3
1.010000,-0.019362744473,0.010395688007,0.005250795806,0.022595509715,3
1.020000,-0.000015735848,0.011156285566,-0.010439490527,0.015278937061,3
1.030000,0.009169812858,-0.003702927430,-0.014450753029,0.017510608285,3
1.040000,0.002612348128,-0.019010622167,0.003931752550,0.019587924751,3
1.050000,-0.017232263133,-0.005544063261,0.015189953321,0.023630958762,3
1.060000,-0.017200363428,0.015091682963,0.003292637034,0.023118236424,3
1.070000,0.000677612953,0.018570242785,-0.021171555311,0.028169981021,3
1.080000,0.017636116760,-0.011434769097,-0.015149904342,0.025909576612,3
1.090000,0.004518586132,-0.021531028773,0.010119989923,0.024216048742,3
1.100000,-0.019008061658,0.005895906674,0.024432890789,0.031512446364,3
1.110000,-0.030541269235,0.044703289233,0.018757744839,0.057297523386,3
1.120000,0.022501096288,0.026862863849,-0.036129797896,0.050331650920,3
1.130000,0.078486236539,-0.028542917376,-0.037311487346,0.091470949193,3
1.140000,0.030330525084,-0.051459139300,0.029648243866,0.066685846577,3
1.150000,-0.051824306965,0.003238640165,0.060070361337,0.079402115171,3
1.160000,-0.035016632002,0.096155192156,-0.003581573175,0.102395376662,3
1.170000,0.023540743664,0.058273534038,-0.078184373495,0.100313347269,3
1.180000,0.049987996987,-0.074051818232,-0.024809989842,0.092725439994,3
1.190000,-0.015397049627,-0.067559353423,0.061283611846,0.092504142897,3
1.200000,-0.064770753296,0.030503410216,0.055167287985,0.090383284854,3
1.210000,-0.026390186232,0.074565177956,-0.018815436091,0.081304540637,3
1.220000,0.017227417842,0.003242451561,-0.034915351405,0.039068902996,3
1.230000,0.010623874710,-0.029326342939,-0.006909449742,0.031947481901,3
1.240000,-0.009637857348,-0.018598300299,0.015556058921,0.026091685216,3
1.250000,-0.013138512971,0.011296520708,0.010480863145,0.020250441858,3
1.260000,-0.008557226649,0.021884994467,-0.007632864441,0.024707078547,3
1.270000,0.018288304074,0.003646721505,-0.012674758490,0.022547952156,3
1.280000,0.017343708563,-0.013159247855,-0.006337506076,0.022674523459,3
1.290000,-0.000966703208,-0.009150327348,0.010306462318,0.013816156165,3
1.300000,-0.007235773748,0.006336932308,0.006662409506,0.011700462950,3
1.310000,-0.001801265339,0.012653449931,-0.005750206613,0.014014964434,3
1.320000,0.010356644222,-0.002289093192,-0.011238347982,0.015453170954,3
1.330000,0.005579560137,-0.007737413066,-0.005078996576,0.010807185503,3
1.340000,-0.010932774462,-0.008406271542,0.017223843485,0.022064717154,3
1.350000,-0.009275905532,0.006656582506,0.003942864969,0.012078853351,3
1.360000,-0.000291283161,0.011436071547,-0.007271083228,0.013554970661,3
1.370000,0.010685923951,-0.009599636122,-0.012115947646,0.018791970938,3
1.380000,0.002279968579,-0.012291659966,0.005422136439,0.013626544867,3
1.390000,-0.007481829933,-0.003950207042,0.013954411108,0.016318930853,3
1.400000,-0.009175250785,0.010082757602,0.005159318098,0.014576206334,3
1.410000,0.001135261299,0.004442627260,-0.004404440637,0.006358054145,3
1.420000,0.010117900944,-0.006181188580,-0.008074554396,0.014344944771,3
1.430000,0.001077576330,-0.008936421659,0.003730697505,0.009743659820,3
1.440000,-0.008306528413,0.002925890252,0.014043483935,0.016576449833,3
1.450000,-0.005298409052,0.005844659650,-0.000455744448,0.007901954689,3
1.460000,0.005578005217,0.007189722180,-0.007121775578,0.011555342254,3
1.470000,0.011670767759,-0.005690102322,-0.011130287979,0.017101678135,3
1.480000,0.009941060521,-0.019867261990,0.008085576072,0.023641263157,3
1.490000,-0.020263701747,0.000154354426,0.014959773810,0.025188018307,3
1.500000,-0.013698486055,0.020349060619,0.003460099380,0.024773071590,3
1.510000,0.009569587496,0.007507710539,-0.013599142425,0.018244982792,3
1.520000,0.015434311961,-0.009245846440,-0.017674054885,0.025220544764,3
1.530000,-0.006135927888,-0.015845747599,0.012987257140,0.021387056274,3
1.540000,-0.021751477499,0.002735538405,0.018680120936,0.028802028781,3
1.550000,-0.011264098709,0.013718850212,-0.002475956254,0.017922531357,3
1.560000,0.008653098654,0.002435592380,-0.010362109937,0.013717928010,3
1.570000,0.016000443897,-0.012971261766,-0.009333340450,0.022613692328,3
1.580000,0.001257642976,-0.013141544191,0.014505796038,0.019613769864,3
1.590000,-0.010410088729,0.009509109025,0.012008268829,0.018520032993,3
1.600000,-0.002025576164,0.011776733684,-0.001203432108,0.012010106740,3
1.610000,0.014357086735,0.001433875462,-0.011228616127,0.018282881570,3
1.620000,0.011417993218,-0.005707843943,-0.003297592547,0.013184239387,3
1.630000,-0.003408901189,-0.004831258680,0.013843664715,0.015053528506,3
1.640000,-0.014523812595,0.008908410579,0.006989263469,0.018416045047,3
1.650000,-0.001398281275,0.009873898686,-0.007351359261,0.012389170625,3
1.660000,0.010222519763,-0.000115142833,-0.010432405652,0.014606445696,3
1.670000,0.005933865446,-0.008254118759,0.000257479440,0.010168949369,3
1.680000,-0.010728895526,-0.003790690663,0.008146330509,0.013994328697,3
1.690000,-0.011656935072,0.009844582693,0.006130708487,0.016443403851,3
1.700000,0.000731167852,0.009269255867,-0.006357913609,0.011263959172,3
1.710000,0.004437168800,-0.000587016845,-0.006628267842,0.007997936629,3
1.720000,0.005078735981,-0.008708196214,0.000994513885,0.010129920944,3
1.730000,-0.011857400540,-0.001688756339,0.014531710519,0.018831368940,3
1.740000,-0.012645738741,0.008469127488,0.007578773835,0.017002312830,3
1.750000,0.004024388454,0.015625316928,-0.011845012102,0.020016256973,3
1.760000,0.018621423745,-0.001740924245,-0.003941289909,0.019113398590,3
1.770000,0.008152173494,-0.008939833294,0.000200387243,0.012100359790,3
1.780000,-0.007211702995,-0.001370093803,0.009465239899,0.011978171123,3
1.790000,-0.006838840548,0.012659293351,0.002108106148,0.014542061742,3
1.800000,0.004372004415,0.008651191790,-0.011455856011,0.015006471235,3
1.810000,0.014816732049,-0.004050808124,-0.010129018218,0.018399500133,3
1.820000,-0.001219148516,-0.012231737338,0.006010024756,0.013682913395,3
1.830000,-0.011136614670,0.001351002419,0.009431619555,0.014656221931,3
1.840000,-0.008304129715,0.011891268894,0.001108162655,0.014546094689,3
1.850000,0.001031809802,0.002316358295,-0.010700666984,0.010997018738,3
1.860000,0.006548167403,-0.006817104320,-0.007461819924,0.012042847016,3
1.870000,-0.004585764499,-0.008510911347,0.009993926846,0.013904798517,3
1.880000,-0.006200341192,0.000247121748,0.008245596599,0.010319649380,3
1.890000,-0.002974985204,0.014413076595,0.002187719889,0.014878623331,3
1.900000,0.007975759687,0.002684312764,-0.012761171511,0.015286130182,3
1.910000,0.012877692107,-0.009247619171,-0.008397253667,0.017940660063,3
1.920000,0.001393458978,-0.011107161444,0.013809881297,0.017777052194,3
1.930000,-0.008235663179,0.004275333346,0.009989629773,0.013634416974,3
1.940000,0.003734444417,0.008542736410,-0.001636633330,0.009465885544,3
1.950000,0.016362065486,0.000812040649,-0.013898167590,0.021483381004,3
1.960000,0.020592095980,-0.015899787292,-0.000303071223,0.026017868955,3
1.970000,-0.010743321912,-0.010091559673,0.012098031155,0.019068846325,3
1.980000,-0.017302817388,0.011646542937,0.018780033570,0.028066334153,3
1.990000,-0.001299043835,0.018289788785,-0.018723026636,0.026206022497,3
2.000000,0.010451129762,0.001009565009,-0.025559877908,0.027632457247,3
2.010000,0.007031090326,-0.024651653315,-0.000854155631,0.025648973160,3
2.020000,-0.025141724433,-0.009437730386,0.024247344367,0.036181635827,3
2.030000,-0.029846193880,0.014696077857,0.012079974546,0.035393442592,3
2.040000,-0.001587664573,0.018126782251,-0.020148275613,0.027148737056,3
2.050000,0.028381257528,-0.010585045458,-0.032445993113,0.044387852339,3
2.060000,0.020303116264,-0.045379958453,0.013666982897,0.051559127036,3
2.070000,-0.016549904549,-0.014711463007,0.045476103424,0.050580653090,3
2.080000,-0.023231081332,0.046292906178,0.009726131563,0.052700227110,3
2.090000,0.023781680206,0.033149387209,-0.037960921473,0.055726849407,3
2.100000,0.041689413957,-0.013063598725,-0.047371786444,0.064441841987,3
2.110000,0.049405414607,-0.032966902440,0.012612755252,0.060718969392,3
2.120000,-0.039588097567,-0.005547526221,0.045094858643,0.060262250142,3
2.130000,-0.028893443047,0.042558294784,0.020859458070,0.055508166039,3
2.140000,0.035657819887,0.029041346839,-0.064798250032,0.079458751265,3
2.150000,0.063534811057,-0.051996142201,-0.055220326629,0.098942182576,3
2.160000,-0.019292228161,-0.060575112720,0.017110338326,0.065835385820,3
2.170000,-0.072475958053,0.006248998337,0.042901008701,0.084453010742,3
2.180000,-0.065464946771,0.068320221408,-0.001474923558,0.094633436525,3
2.190000,0.011099517756,0.033951245797,-0.051073223010,0.062324637939,3
2.200000,0.046534589765,-0.049532806738,-0.046920744546,0.082586459282,3
2.210000,-0.008968754218,-0.042374472655,0.031160515595,0.053357400772,3
2.220000,-0.053023784209,0.019361754527,0.052283025186,0.076940977072,3
2.230000,-0.040979130071,0.052267664532,-0.030832489601,0.073224587893,3
2.240000,0.058864505696,0.008650218854,-0.056057347242,0.081745229200,3
2.250000,0.052890111553,-0.058172334298,-0.009906020678,0.079243382205,3
2.260000,0.015085125552,-0.056718618068,0.047878922764,0.075742682112,3
2.270000,-0.048371277185,0.043389851098,0.044801010443,0.078927752860,3
2.280000,-0.005694929650,0.080525224494,-0.030853200453,0.086421432421,3
2.290000,0.058862924976,0.001973826432,-0.074578858509,0.095030237631,3
2.300000,0.081486021099,-0.095490347848,-0.019620338667,0.127056427843,3
2.310000,-0.027928832991,-0.043928529527,0.044390402892,0.068412303627,3
2.320000,-0.097801588960,0.068501229769,0.039012505500,0.125616658403,3
2.330000,0.001787860473,0.081698812669,-0.045518847635,0.093540675252,3
2.340000,0.061534045675,-0.031827211184,-0.118183183648,0.136991514504,3
2.350000,0.052765443095,-0.124055463251,-0.014476354073,0.135585820699,3
2.360000,-0.031652904419,-0.073007931675,0.104994904147,0.131742150971,3
2.370000,-0.091171871641,0.081862491230,0.033904187166,0.127134855788,3
2.380000,0.012948946241,0.056092676243,-0.072664392145,0.092704786406,3
2.390000,0.085133690964,-0.025017293545,-0.062751007331,0.108679801410,3
2.400000,0.052948136901,-0.081003783374,0.011009063981,0.097397728987,3
2.410000,-0.048854685904,-0.003608900199,0.077882549026,0.092008129740,3
2.420000,-0.079772519291,0.042831866325,0.035910959665,0.097405444565,3
2.430000,0.032078535603,0.067044437150,-0.043611455714,0.086173940775,3
2.440000,0.074784596662,-0.038600687903,-0.042699458196,0.094371567406,3
2.450000,0.029153247553,-0.061947553318,0.011597488349,0.069439995254,3
2.460000,-0.054838980326,-0.007062035043,0.047046103028,0.072598360259,3
2.470000,-0.050476669920,0.051901279498,-0.003992440503,0.072509148395,3
2.480000,-0.006938049050,0.031744373042,-0.034947856535,0.047719958307,3
2.490000,0.019949545301,-0.026492732432,-0.030467505280,0.045034632311,3
2.500000,-0.000548048432,-0.035077193911,0.005604738648,0.035526370277,3
2.510000,-0.033590171727,0.005620601419,0.040152740443,0.052651052810,3
2.520000,-0.028630031176,0.033140862013,0.001466676270,0.043819476941,3
2.530000,0.012065667679,0.007102938392,-0.024971473298,0.028628771350,3
2.540000,0.015362863187,-0.013765092493,-0.010235604189,0.023027438628,3
2.550000,-0.000125497188,-0.015692868847,0.013843468449,0.020926621822,3
2.560000,-0.006595313513,0.000437123004,0.010084549056,0.012057668370,3
2.570000,-0.007201898827,0.016071782177,-0.002071619667,0.017733052109,3
2.580000,0.014713561035,0.007513848984,-0.014207465667,0.021789880348,3
2.590000,0.015283393000,-0.012093251958,-0.005159064084,0.020160475856,3
2.600000,0.000865045715,-0.010211212263,0.006384572092,0.012073935596,3
2.610000,-0.015495066236,0.009799911556,0.012755731218,0.022334816387,3
2.620000,-0.004070619212,0.010480860322,-0.001963430055,0.011413738715,3
2.630000,0.007473940153,-0.000118803242,-0.011679264258,0.013866474290,3
2.640000,0.009838224054,-0.015567804496,-0.004353822999,0.018923608643,3
2.650000,-0.010041028019,-0.009377505957,0.011248443210,0.017756332287,3
2.660000,-0.011078390681,0.009383810380,0.005660770197,0.015583034254,3
2.670000,-0.001606053880,0.006053216776,-0.004424567672,0.007667962016,3
2.680000,0.010763865655,0.001034530994,-0.013462200019,0.017267364813,3
2.690000,0.009468963237,-0.010917603515,-0.001409661603,0.014520415873,3
2.700000,-0.005466323846,-0.006243734315,0.012743961500,0.015207677972,3
2.710000,-0.013046308973,0.012034166709,0.007279890070,0.019183955422,3
2.720000,0.004493412565,0.008455670815,-0.006546014873,0.011599113592,3
2.730000,0.008298640511,-0.003852219223,-0.006795136687,0.011396530606,3
2.740000,0.005412190594,-0.016359582180,0.006196898218,0.018311998352,3
2.750000,-0.003496664144,-0.003024203319,0.010701937563,0.011657784243,3
2.760000,-0.013395102649,0.011775653172,0.006025932481,0.018825691086,3
2.770000,0.005984978033,0.012468803380,-0.009730160945,0.016910560364,3
2.780000,0.008068187680,-0.003624895863,-0.009281970963,0.012821486163,3
2.790000,0.004473189954,-0.017295768046,0.007694574440,0.019451465150,3
2.800000,-0.010417342681,0.002514453964,0.011531644330,0.015742373653,3
2.810000,-0.009266943581,0.010670703889,0.003623935291,0.014590170383,3
2.820000,0.001739315791,0.005995751845,-0.015402343462,0.016619459790,3
2.830000,0.007546063936,-0.011294454017,-0.009308298535,0.016466699551,3
2.840000,-0.000984740261,-0.010550362155,0.006873932387,0.012630550322,3
2.850000,-0.011558601984,0.002518040856,0.010126803259,0.015572217370,3
2.860000,-0.009767788210,0.009585516613,0.002465865866,0.013905837254,3
2.870000,0.007314271335,0.007645852614,-0.015640850469,0.018883692191,3
2.880000,0.009046601370,-0.010966243483,-0.009423738177,0.017055976481,3
2.890000,0.001285172687,-0.003606214735,0.003605356379,0.005258806725,3
2.900000,-0.006427022625,0.000358426155,0.009075650710,0.011126658301,3
2.910000,-0.007354763137,0.021964149895,0.000406624053,0.023166392998,3
2.920000,0.010526806792,0.000262351060,-0.014926707247,0.018267158470,3
2.930000,0.015876485620,-0.013552080974,-0.005104341219,0.021488973769,3
2.940000,-0.001946674047,-0.010346325045,0.018200776544,0.021026275196,3
2.950000,-0.020445534509,0.008473324596,0.010584137682,0.024532449563,3
2.960000,-0.004158415223,0.019199375079,-0.006100970025,0.020570130185,3
2.970000,0.013869300454,-0.001332565530,-0.025686744739,0.029222287407,3
2.980000,0.008231215809,-0.022790149778,-0.005372155035,0.024819425665,3
2.990000,-0.011225207919,-0.017436260928,0.013919501708,0.024975608417,3
3.000000,-0.027581570361,0.012696247897,0.016978684292,0.034788122319,3
3.010000,-0.008825785020,0.028042542287,-0.014568120761,0.032810193563,3
3.020000,0.031800014190,-0.008331627619,-0.023036672767,0.040141564661,3
3.030000,0.028939878982,-0.048097387403,-0.010807585546,0.057163617589,3
3.040000,-0.011854772493,-0.012867786442,0.036318699935,0.040313316953,3
3.050000,-0.025785872706,0.027944657343,0.017609671379,0.041903646993,3
3.060000,0.009970874492,0.038298231810,-0.011128824971,0.041109897143,3
3.070000,0.061312113043,-0.018707762260,-0.042409146715,0.076861507269,3
3.080000,0.020687837374,-0.033375651347,-0.001696741785,0.039303939380,3
3.090000,-0.013458135784,-0.025238133342,0.057036036953,0.063805911205,3
3.100000,-0.076266576637,0.048561044844,0.019534767035,0.092500664383,3
3.110000,-0.002105447016,0.028187005019,-0.047693143941,0.055439842515,3
3.120000,0.062384909000,-0.042511926400,-0.051023547168,0.091118291922,3
3.130000,0.026203926941,-0.107273227387,0.033763280659,0.115473591016,3
3.140000,-0.066604764318,0.008891682575,0.087219935715,0.110102560529,3
3.150000,-0.074140366785,0.058239024623,0.013196919617,0.095198406832,3
3.160000,0.012965468131,0.075198044631,-0.076330682270,0.107931563206,3
3.170000,0.097456448824,-0.049930878198,-0.058507613126,0.124153102292,3
3.180000,0.011445042931,-0.066847523819,0.030654161553,0.074426192090,3
3.190000,-0.095156506511,-0.023889232935,0.093650315210,0.135631256429,3
3.200000,-0.052837646558,0.101325381767,-0.002307314512,0.114297740941,3
3.210000,0.070756737251,0.039195383627,-0.053631760908,0.097052355676,3
3.220000,0.092231161878,-0.069037415207,-0.045144229238,0.123736628988,3
3.230000,0.025696552267,-0.030326792802,0.033949148634,0.052274007432,3
3.240000,-0.044730150930,0.030563965271,0.052410775077,0.075377925943,3
3.250000,-0.023848214878,0.065041579609,-0.003940022807,0.069387810245,3
3.260000,0.063376261658,0.019827462080,-0.058826805218,0.088714552394,3
3.270000,0.043991581572,-0.030944657603,-0.027119209004,0.060235227072,3
3.280000,-0.014521792022,-0.030404050521,0.028610627164,0.044202451497,3
3.290000,-0.046909023843,0.014498877748,0.022643490388,0.054068490184,3
3.300000,-0.023110611191,0.040735868177,-0.015986191529,0.049488075588,3
3.310000,0.018462555772,-0.006226699291,-0.032035332636,0.037495336868,3
3.320000,0.012295087094,-0.012428309089,-0.004507779650,0.018054143868,3
3.330000,-0.012637211360,-0.012460624401,0.022828154059,0.028915236280,3
3.340000,-0.019204539589,0.011887091895,0.013401203960,0.026262322101,3
3.350000,-0.001203440212,0.018996392976,-0.011583958580,0.022282264490,3
3.360000,0.013772155598,0.000011624050,-0.016516761177,0.021505250631,3
3.370000,0.015550568510,-0.019022416433,0.001408816813,0.024610105094,3
3.380000,-0.000584488978,-0.009204826696,0.016325603873,0.018750888077,3
3.390000,-0.014068460482,0.018474377599,0.018660665126,0.029790008912,3
3.400000,0.005812704546,0.017933047583,-0.011679741009,0.022176520913,3
3.410000,0.014831155598,-0.006843214897,-0.011991120966,0.020262767544,3
3.420000,0.012595351736,-0.019296541472,0.007542135620,0.024246302972,3
3.430000,-0.010663950865,-0.003629934192,0.013974675107,0.017949590932,3
3.440000,-0.015041019995,0.013521853846,0.006664512120,0.021295270266,3
3.450000,0.000433268425,0.013396343829,-0.012727391580,0.018483404609,3
3.460000,0.012756992501,-0.008633576730,-0.017225840944,0.023108636936,3
3.470000,0.002723319808,-0.021396532275,0.007034238386,0.022687189642,3
3.480000,-0.014874982533,-0.000766493089,0.010518977101,0.018234623556,3
3.490000,-0.008786847851,0.013303041204,0.004778057908,0.016643600506,3
3.500000,0.008052142218,0.008632239893,-0.017343146822,0.020979449506,3
3.510000,0.011940387618,-0.005577947915,-0.011200674065,0.017295706373,3
3.520000,0.005686485410,-0.010593303329,0.002910783445,0.012370402257,3
3.530000,-0.010642788882,0.004866623326,0.012432281346,0.017073798559,3
3.540000,-0.004698496235,0.016351189219,0.000734308382,0.017028695327,3
3.550000,0.010067006665,0.005394851824,-0.014374186314,0.018359364956,3
3.560000,0.013763453749,-0.009348349209,0.001155682660,0.016678126227,3
3.570000,-0.000905300878,-0.008044113492,0.011705462795,0.014231837225,3
3.580000,-0.008657193015,0.002668214697,0.007985752018,0.012076365176,3
3.590000,-0.002223781742,0.014928165777,-0.005289228429,0.015992850780,3
3.600000,0.009398204337,0.004050987647,-0.014773676338,0.017972152298,3
3.610000,0.010406231030,-0.012989301373,-0.004907305760,0.017352038619,3
3.620000,-0.003439670361,-0.010227402609,0.012987318572,0.016884950104,3
3.630000,-0.010607080618,0.008869756913,0.009131331229,0.016569971544,3
3.640000,-0.011433763187,0.012241827288,-0.006508769008,0.017971014161,3
3.650000,0.010233951916,-0.000053244736,-0.012921942797,0.016483725685,3
3.660000,0.008549993080,-0.010902819200,-0.001292789987,0.013915644223,3
3.670000,-0.004029005030,-0.010958449908,0.011792894152,0.016594964851,3
3.680000,-0.014590114509,0.012167788392,0.007792290684,0.020534028096,3
3.690000,0.000016216371,0.010121368518,-0.005301566817,0.011425803008,3
3.700000,0.013776378979,-0.001455970026,-0.015703031740,0.020940240503,3
3.710000,0.009689474957,-0.014525480087,-0.000076003547,0.017460849729,3
3.720000,-0.009111269282,-0.002954608339,0.012746015565,0.015943834268,3
3.730000,-0.014790630362,0.010371295712,0.007479179017,0.019551589194,3
3.740000,0.004021700190,0.008934527632,-0.006415483009,0.011711459288,3
3.750000,0.007319399459,-0.001749763810,-0.004950798517,0.009008090130,3
3.760000,0.004325776407,-0.018093131869,0.003127353013,0.018864095505,3
3.770000,-0.011614949345,-0.001579710959,0.012520832754,0.017151495208,3
3.780000,-0.015990109968,0.013555491218,0.008215561917,0.022515115291,3
3.790000,0.002440699259,0.010589271737,-0.014308909301,0.017967597897,3
3.800000,0.010893926891,-0.004704216213,-0.009110640401,0.014960316233,3
3.810000,0.003564525029,-0.010896385998,0.001889329418,0.011619235437,3
3.820000,-0.008297209480,0.000117278732,0.012556115876,0.015050364958,3
3.830000,-0.007123372710,0.010409422742,0.006349936156,0.014121622066,3
3.840000,0.006484671510,0.005012233720,-0.017201085011,0.019053891388,3
3.850000,0.019563971804,-0.008064628440,-0.005853287207,0.021955596001,3
3.860000,0.003477210272,-0.015546675417,0.008814449944,0.018206719518,3
3.870000,-0.011564218193,0.004500615253,0.016636037793,0.020754383478,3
3.880000,-0.006085873944,0.023523257213,0.000258546360,0.024299142738,3
3.890000,0.008463055491,0.009528644417,-0.016734595855,0.021034853722,3
3.900000,0.018052382006,-0.004664940549,-0.007706456690,0.020175223447,3
3.910000,0.000931259728,-0.009554624503,0.012846771543,0.016037382366,3
3.920000,-0.016730478499,0.008276867296,0.010469316544,0.021401449295,3
3.930000,-0.016974781737,0.018334057979,0.000020116803,0.024985621899,3
3.940000,0.019998462255,0.000200259141,-0.018426874066,0.027194269326,3
3.950000,0.014517858073,-0.014768341139,-0.015583823067,0.025917709089,3
3.960000,-0.008152456280,-0.015113902038,0.015929186966,0.023422885723,3
3.970000,-0.016347254111,0.011113159619,0.016242891819,0.025584498594,3
3.980000,-0.012486605762,0.016038860936,-0.011856817168,0.023531776323,3
3.990000,0.021678524790,-0.004065166271,-0.014734027797,0.026524999322,3
4.000000,0.027957209927,-0.036460510044,-0.006652084843,0.046424396737,3
4.010000,-0.002549678268,-0.032389960913,0.015911316765,0.036177070478,3
4.020000,-0.052447905753,0.035777147710,0.050639059136,0.081210229813,3
4.030000,-0.000751739505,0.040000285948,-0.026432131943,0.047950449292,3
4.040000,0.082639556699,-0.018360317802,-0.091488031086,0.124645326560,3
4.050000,0.062208886175,-0.083533681151,0.022241488881,0.106501198272,3
4.060000,-0.003466877950,-0.026784704205,0.073320135759,0.078136303533,3
4.070000,-0.092469039233,0.060499842634,0.060523116236,0.125991276581,3
4.080000,-0.005995310659,0.093833562499,-0.044496233881,0.104022093955,3
4.090000,0.086825157525,-0.033279669183,-0.051887634584,0.106482256658,3
4.100000,0.023569200383,-0.088466043286,0.006925409538,0.091813448463,3
4.110000,-0.080437366762,-0.004690052111,0.082464253589,0.115293190087,3
4.120000,-0.047673026098,0.048831027494,-0.011448446583,0.069197207983,3
4.130000,-0.013292284147,0.035430548119,-0.031310469006,0.049115720775,3
4.140000,0.032934071278,-0.017541609692,-0.030675160066,0.048304519112,3
4.150000,0.004892377098,-0.026952799334,0.009819218377,0.029099927751,3
4.160000,-0.013879604464,0.004625223491,0.027006952899,0.030715006387,3
4.170000,-0.013197388135,0.024213816992,0.011082050831,0.029720226068,3
4.180000,0.005140932345,0.009689474792,-0.016775893687,0.020043595389,3
4.190000,0.018484013207,-0.006080726392,-0.004739031659,0.020027291348,3
4.200000,0.003271014868,-0.015783214709,0.010375345873,0.019169173346,3
4.210000,-0.015322568291,0.004811594724,0.015195694469,0.022109764206,3
4.220000,-0.010264546220,0.009299409923,0.004780731868,0.014652485496,3
4.230000,0.004651223748,0.003934103095,-0.010076659531,0.011774978421,3
4.240000,0.010509629374,-0.008512693321,-0.003181988194,0.013894002520,3
4.250000,-0.009072437455,-0.012163906713,0.008653684381,0.017468714929,3
4.260000,-0.012208668503,0.003798165452,0.007962615635,0.015062566022,3
4.270000,-0.010771823886,0.012849034882,-0.002595486993,0.016966627242,3
4.280000,0.002083473164,0.003588461427,-0.009370755723,0.010248364683,3
4.290000,0.007598213363,-0.013308457959,-0.001850289847,0.015436044573,3
4.300000,-0.004114625428,-0.012372912420,0.008372848243,0.015495925009,3
4.310000,-0.008271969229,0.004795913947,0.010865042096,0.014473265190,3
4.320000,-0.002358571025,0.014213274564,-0.005261057084,0.015338146979,3
4.330000,0.019796401691,0.002903135483,-0.016009046169,0.025624505357,3
4.340000,0.012311441884,-0.010882556220,-0.002536576858,0.016626360194,3
4.350000,0.002872015191,-0.009781557453,0.011544031750,0.015401039137,3
4.360000,-0.010565280170,0.017380262803,0.013245368486,0.024272174738,3
4.370000,-0.001354594832,0.011837286374,-0.009314845366,0.015123578282,3
4.380000,0.023205054669,-0.001652011099,-0.031657478317,0.039286125239,3
4.390000,0.018386881011,-0.022534651587,0.000690184247,0.029092340397,3
4.400000,-0.014745750576,-0.002912125755,0.015394185222,0.021515077856,3
4.410000,-0.018554513501,0.015827920352,0.017772275589,0.030176925183,3
4.420000,-0.012779338784,0.033941944606,-0.019267369510,0.041068219236,3
4.430000,0.036529091764,-0.004743091643,-0.020047234937,0.041937609518,3
4.440000,0.016219779362,-0.037300577461,0.004909139179,0.040969671331,3
4.450000,-0.044777261411,-0.017159356385,0.054460999276,0.072563400507,3
4.460000,-0.047116157443,0.043449398074,0.006121568236,0.064383663167,3
4.470000,0.003800994419,0.055045980342,-0.046870903495,0.072397438524,3
4.480000,0.072141430250,-0.017376815947,-0.054356816870,0.091983711771,3
4.490000,0.032201208183,-0.070182286974,0.030951543985,0.083189358024,3
4.500000,-0.043140025291,-0.021643574631,0.086286118171,0.098867589704,3
4.510000,-0.022362988871,0.089653128383,0.025324061894,0.095807592658,3
4.520000,0.066927520410,0.038482305284,-0.087797137999,0.116912438385,3
4.530000,0.103417360242,-0.065894591551,-0.048039296400,0.131700499596,3
4.540000,0.007321570553,-0.063033590743,0.046788405148,0.078841574145,3
4.550000,-0.064995595955,0.014286846869,0.060094421065,0.089665383121,3
4.560000,-0.047597303301,0.065096460529,0.009376994430,0.081184853756,3
4.570000,0.040696771512,0.020859526934,-0.047559532514,0.065979210426,3
4.580000,0.045267189954,-0.052748965963,-0.040101963820,0.080247986883,3
4.590000,-0.015160034784,-0.028531576585,0.010882569958,0.034092636243,3
4.600000,-0.051509423350,0.016002621224,0.027007726939,0.060321819389,3
4.610000,-0.022725705046,0.032012826166,-0.005944352072,0.039706599332,3
4.620000,0.015764794943,0.008544646075,-0.028187697837,0.033407874005,3
4.630000,0.018365360945,-0.020713942298,-0.005429850843,0.028210586104,3
4.640000,-0.002881940758,-0.020190540304,0.024622972790,0.031972711636,3
4.650000,-0.015068927712,0.005714659769,0.010220061009,0.019083489348,3
4.660000,-0.002570709251,0.017620738045,-0.001059606142,0.017838770151,3
4.670000,0.022452933915,-0.002868373459,-0.014333956258,0.026792239729,3
4.680000,0.016249981435,-0.011957920939,-0.003068247894,0.020407545540,3
4.690000,-0.003638661262,-0.012413776037,0.020727341801,0.024432854713,3
4.700000,-0.018755372934,0.012496608506,0.021394751200,0.031075144681,3
4.710000,0.005387518698,0.029831171186,-0.027123582520,0.040676932785,3
4.720000,0.034164406655,0.011546584380,-0.042269203796,0.055562720258,3
4.730000,0.018334011392,-0.061255629110,-0.008053219271,0.064445654718,3
4.740000,-0.040623711068,-0.023259294964,0.045560319485,0.065322457201,3
4.750000,-0.060920718343,0.028298802521,0.055021126922,0.086830182283,3
4.760000,-0.010074590810,0.023306857578,-0.031163968615,0.040198257798,3
4.770000,0.016715864663,-0.014224602160,-0.028056048192,0.035621640588,3
4.780000,0.012993174934,-0.018326223500,0.008516468394,0.024025055599,3
4.790000,-0.006589662480,0.000706364482,0.015663242033,0.017007638089,3
4.800000,-0.012058090202,0.014588267321,0.008452509201,0.020728241472,3
4.810000,0.005455794377,0.018345498155,-0.010234137318,0.021703929632,3
4.820000,0.022950999418,-0.012259733576,-0.007430749878,0.027060404383,3
4.830000,0.008066005266,-0.019573923118,-0.001292149388,0.021210105074,3
4.840000,-0.004146685673,-0.003442439586,0.013586854711,0.014616703230,3
4.850000,-0.009688168966,0.010277375946,0.002561333105,0.014354285128,3
4.860000,0.006402603576,0.009703343922,-0.011031601881,0.016026367519,3
4.870000,0.016171210140,-0.010353096196,-0.009487366535,0.021417393912,3
4.880000,-0.000756468729,-0.019454341772,0.011535382905,0.022629819210,3
4.890000,-0.014597965917,0.005649390404,0.014485114110,0.021326855174,3
4.900000,-0.014281694748,0.016394637230,0.006082905016,0.022577702900,3
4.910000,0.003429075710,0.005850791673,-0.014781168939,0.016262634431,3
4.920000,0.009493343055,-0.007126074999,-0.008515636426,0.014608920938,3
4.930000,-0.003433055311,-0.013366508122,0.011936821551,0.018246564523,3
4.940000,-0.010144498083,0.002054037333,0.009092938989,0.013777207634,3
4.950000,-0.006117234994,0.012988507084,-0.005289387484,0.015300310461,3
4.960000,0.007568455893,0.003036138703,-0.008229201407,0.011585310468,3
4.970000,0.011409871901,-0.010533261637,-0.002162717535,0.015678396750,3
4.980000,0.002225317403,-0.010365228531,0.012848390271,0.016657464771,3
4.990000,-0.011524536653,0.004363458646,0.010826718729,0.016403431192,3
5.000000,0.000593354953,0.013924899843,-0.002191889420,0.014108837124,3
5.010000,0.011424723512,0.004040556718,-0.011088769395,0.016425931104,3
5.020000,0.011356316445,-0.011170545774,-0.001917507306,0.016044433625,3
5.030000,-0.001806075102,-0.004054657016,0.011191167167,0.012039284587,3
5.040000,-0.014159424563,0.007565379673,0.007375154324,0.017666838281,3
5.050000,-0.005082473039,0.013155426960,-0.008771410553,0.016608264021,3
5.060000,0.012658561800,-0.003936940908,-0.016426605931,0.021108578184,3
5.070000,0.005803277311,-0.015604453176,-0.001353509913,0.016703561762,3
5.080000,-0.011262015583,-0.012759574686,0.016804839157,0.023917407055,3
5.090000,-0.022648214325,0.013094472005,0.009391859901,0.027795932106,3
5.100000,-0.003777271801,0.022829796899,-0.017517964531,0.029023206061,3
5.110000,0.018608597958,-0.014851152424,-0.019103505920,0.030525081240,3
5.120000,0.015200593547,-0.024650529179,0.001144791221,0.028983049873,3
5.130000,-0.030534681939,-0.005987901057,0.028282894087,0.042049302706,3
5.140000,-0.022294973293,0.015317141812,0.000132246968,0.027049919717,3
5.150000,0.006883933921,0.028286919137,-0.015374281147,0.032922740792,3
5.160000,0.037493418456,-0.020752068776,-0.022656339473,0.048473853822,3
5.170000,0.015642902694,-0.041088455645,0.027004168102,0.051596382498,3
5.180000,-0.029078748360,-0.003652867913,0.047123256107,0.055493407863,3
5.190000,-0.035377404722,0.040361658554,0.002003396972,0.053708824652,3
5.200000,0.023066273926,0.040302506742,-0.039186273199,0.060761081703,3
5.210000,0.032778501775,-0.039656569306,-0.036741825447,0.063222111677,3
5.220000,0.007700151222,-0.042716525781,0.056106100817,0.070935805152,3
5.230000,-0.074215440179,0.003990490931,0.054201424178,0.091987227167,3
5.240000,-0.071548666981,0.064730528767,-0.003009194463,0.096531385324,3
5.250000,0.004633649891,0.027726585860,-0.080767098543,0.085519345658,3
5.260000,0.062174327265,-0.040116185369,-0.043173036006,0.085667183550,3
5.270000,-0.008490357314,-0.071437635173,0.057358057603,0.092007438060,3
5.280000,-0.074162640529,0.021408384672,0.087307904893,0.116537918470,3
5.290000,-0.019540778586,0.073726141699,-0.000868725924,0.076276737492,3
5.300000,0.056246724190,-0.006478908522,-0.091087713354,0.107250369519,3
5.310000,0.092857806754,-0.057082791898,-0.030569308096,0.113205565249,3
5.320000,-0.000490718378,-0.048842638308,0.056901253397,0.074990644480,3
5.330000,-0.071592750573,0.078109228400,0.060704542867,0.122113123867,3
5.340000,-0.018569571276,0.085843395431,-0.023357769909,0.090881807484,3
5.350000,0.055375391166,0.028334054271,-0.077445476872,0.099333048207,3
5.360000,0.056674626639,-0.064193126107,-0.010496226640,0.086272484129,3
5.370000,-0.032739627896,-0.051548591688,0.073372000384,0.095459891997,3
5.380000,-0.078217483346,0.038370449577,0.049151597728,0.100030723585,3
5.390000,-0.015693743487,0.050857564344,-0.052120426739,0.074493787117,3
5.400000,0.040999999582,-0.019386686450,-0.048111206970,0.066117560552,3
5.410000,0.017502143062,-0.050469945832,0.010124774753,0.054369582561,3
5.420000,-0.033121563253,-0.013072916955,0.045020007510,0.057399827406,3
5.430000,-0.024101905363,0.029602536783,0.020238971296,0.043206804849,3
5.440000,-0.000781090717,0.038039296589,-0.036876204981,0.052985400645,3
5.450000,0.035251873076,-0.005389549603,-0.035413700820,0.050258054141,3
5.460000,0.019693601265,-0.036548273746,0.008875278329,0.042454502824,3
5.470000,-0.011313260684,-0.008626140992,0.032543493815,0.035517307969,3
5.480000,-0.020968407490,0.027839081011,0.011186110750,0.036603519201,3
5.490000,0.009718707692,0.024263381091,-0.022429957571,0.034442240604,3
5.500000,0.032747072821,-0.018361832281,-0.024794970481,0.044992424076,3
5.510000,0.008076251173,-0.021404041047,0.011082631917,0.025420140369,3
5.520000,-0.021264001110,-0.002253902809,0.022536183106,0.031066338215,3
5.530000,-0.010670314102,0.014059513305,0.002631319497,0.017845149472,3
5.540000,0.001239852817,0.009962768653,-0.017870813718,0.020497804205,3
5.550000,0.012399848988,-0.016230727162,-0.012758489190,0.024082603795,3
5.560000,0.003424965357,-0.017247693473,0.009988247667,0.020223214613,3
5.570000,-0.011392264531,-0.000633214302,0.008277224429,0.014095995734,3
5.580000,-0.009412493367,0.011262703245,0.000961658729,0.014709463052,3
5.590000,0.002065148631,0.008928707742,-0.007657802060,0.011942721348,3
5.600000,0.012709305483,-0.007883403574,-0.007554706399,0.016755538981,3
5.610000,0.000670335069,-0.011000107599,0.008032464452,0.013637162516,3
5.620000,-0.012365844567,0.007534183715,0.009706920561,0.017432795040,3
5.630000,-0.004439478222,0.014940591753,-0.003956348532,0.016080514374,3
5.640000,0.008585095145,0.003600679296,-0.008383006305,0.012527711074,3
5.650000,0.014088615251,-0.006265235277,-0.006820820734,0.016860185297,3
5.660000,-0.001064506071,-0.009594117903,0.013623652602,0.016696831488,3
5.670000,-0.010350780763,0.003171520493,0.009741291322,0.014563308733,3
5.680000,-0.004251384508,0.008700494620,-0.002763997301,0.010070380229,3
5.690000,0.010909584016,0.000319307789,-0.012445056629,0.016552957903,3
5.700000,0.009464377327,-0.011076372470,-0.002190355909,0.014732892597,3
5.710000,-0.007694075540,-0.014477465999,0.013228628619,0.021066381637,3
5.720000,-0.014474881955,0.007046955428,0.006376053531,0.017315768740,3
5.730000,-0.000906311047,0.011732069835,-0.010119691982,0.015520020236,3
5.740000,0.011679436957,-0.002641499563,-0.016791142202,0.020623511437,3
5.750000,0.009164050458,-0.018879996971,-0.003000919446,0.021199991131,3
5.760000,0.003020095384,-0.010522613644,0.016694936663,0.019964149975,3
5.770000,-0.010688171061,0.011778012155,0.012336785045,0.020128458366,3
5.780000,0.003812795293,0.016448146264,-0.013784868899,0.021796823944,3
5.790000,0.018264960421,-0.006046334401,-0.009680951383,0.021538053732,3
5.800000,0.013176744681,-0.018010653317,-0.000768694385,0.022329378056,3
5.810000,-0.007196272919,-0.005636177289,0.023278901788,0.025009200443,3
5.820000,-0.010581577613,0.015446348284,0.003093238858,0.018977027868,3
5.830000,0.003943504906,0.009488838475,-0.009204602679,0.013795433919,3
5.840000,0.016374934901,-0.004969805208,-0.010513816082,0.020084267112,3
5.850000,0.000012494090,-0.016528265413,0.006645538772,0.017814233052,3
5.860000,-0.018516008146,0.002135710276,0.015639614730,0.024331078171,3
5.870000,-0.012390964381,0.008654610234,0.005426325882,0.016058744944,3
5.880000,0.000030352391,0.008440189372,-0.010055927926,0.013128572061,3
5.890000,0.010698903660,-0.010696813625,-0.008486275480,0.017346620212,3
5.900000,0.002390101303,-0.016158664625,0.008149732651,0.018254675264,3
5.910000,-0.013738821330,0.001995811190,0.010493023175,0.017402356426,3
5.920000,-0.012159632286,0.012057771049,0.001491713257,0.017189290516,3
5.930000,0.007263169500,0.010432935637,-0.012961922686,0.018155198069,3
5.940000,0.017683070371,-0.012904936726,-0.002684561336,0.022055276902,3
5.950000,0.000739691114,-0.009020479437,0.007253316510,0.011598568559,3
5.960000,-0.012444278901,0.003561544902,0.021083903067,0.024740162651,3
5.970000,-0.007922400703,0.016691988174,0.005292113240,0.019219608858,3
5.980000,0.007121424532,0.002552102845,-0.011974336125,0.014163779225,3
5.990000,0.006552421656,-0.007570470218,-0.007333782592,0.012410907138,3
6.000000,0.000486235004,-0.006813409666,0.006492757230,0.009424164271,3
6.010000,-0.011397059032,0.005366264755,0.011213104984,0.016864859186,3
6.020000,-0.005210361815,0.012808571579,-0.006193766296,0.015151571438,3
6.030000,0.004449210852,0.001193651141,-0.013569760883,0.014330341611,3
6.040000,0.005181647142,-0.011932950360,-0.004522648908,0.013773130528,3
6.050000,-0.009576672103,-0.009487828518,0.019920110192,0.024052906864,3
6.060000,-0.013326491539,0.005068931922,0.006439082412,0.015644527154,3
6.070000,-0.000258889109,0.009649735775,-0.005525649976,0.011122824811,3
6.080000,0.015953537979,-0.002318737484,-0.015774755134,0.022555150567,3
6.090000,0.012056452437,-0.013510672488,-0.000509708777,0.018115079892,3
6.100000,-0.005333141424,-0.001956456299,0.015102937047,0.016135948256,3
6.110000,-0.007393294143,0.006139060875,0.004733343193,0.010712301550,3
6.120000,0.002073654426,0.005482670348,-0.005874617534,0.008298846184,3
6.130000,0.011593063871,-0.000734990454,-0.007097413192,0.013612957610,3
6.140000,0.008407168822,-0.010404274616,0.003842820709,0.013917495784,3
6.150000,-0.006458716290,-0.002331747690,0.012721362748,0.014456318120,3
6.160000,-0.008704103796,0.009038421959,0.001561090096,0.012644820943,3
6.170000,0.003644346475,0.009892431614,-0.006970445100,0.012638376848,3
6.180000,0.013697403523,-0.002207803458,-0.010777664618,0.017568475005,3
6.190000,0.007095840840,-0.011113400490,0.004259150614,0.013856370074,3
6.200000,-0.012957534359,0.002358077125,0.013700069279,0.019003950185,3
6.210000,-0.010050082232,0.011733182467,0.000715031445,0.015465542139,3
6.220000,-0.000218555030,0.004676842020,-0.009795789057,0.010857168177,3
6.230000,0.017686903936,-0.013674211611,-0.011702329933,0.025234008002,3
6.240000,0.002817099967,-0.018342464796,0.012971708351,0.022641715583,3
6.250000,-0.012508521189,0.009866258943,0.024016912653,0.028820448665,3
6.260000,-0.005578697623,0.021801256736,0.002007579509,0.022593074999,3
6.270000,0.013036589640,0.009047447061,-0.025520723785,0.030051893622,3
6.280000,0.019594642665,-0.021095620782,-0.008522319583,0.030026740889,3
6.290000,-0.001113245950,-0.012703841350,0.012009517912,0.017517289233,3
6.300000,-0.015649666222,0.009753854566,0.020125093703,0.027295954431,3
6.310000,-0.008203676920,0.014453500641,0.002501541227,0.016806597047,3
6.320000,0.014085866108,0.011192295084,-0.017361969102,0.025002341177,3
6.330000,0.021667166378,-0.021928918526,-0.007375460315,0.031697649462,3
6.340000,-0.012623305218,-0.011711936865,0.023251713043,0.028933708010,3
6.350000,-0.036836456298,0.015707496679,0.017786186783,0.043817786397,3
6.360000,-0.009068915567,0.015388090809,-0.007002580448,0.019185273030,3
6.370000,0.008661198557,-0.003075664670,-0.023555130906,0.025284783282,3
6.380000,0.020098750058,-0.026963647150,-0.014053451085,0.036448559764,3
6.390000,-0.011087662607,-0.022409903770,0.019531432183,0.031727226355,3
6.400000,-0.028027593198,0.018647748005,0.023992531576,0.041339158888,3
6.410000,0.003680859962,0.020917268037,-0.022112865973,0.030660392589,3
6.420000,0.034437250758,0.003082352781,-0.044481358738,0.056338409753,3
6.430000,0.029565233801,-0.041056369886,-0.001773236938,0.050624825207,3
6.440000,-0.022171797471,-0.015229956279,0.042865717813,0.050606421875,3
6.450000,-0.016937704161,0.043085804942,0.034732599333,0.057875952400,3
6.460000,0.003084190356,0.045778466022,-0.035311777125,0.057897338326,3
6.470000,0.042646035446,-0.022340447231,-0.041149456890,0.063332911856,3
6.480000,0.033741655734,-0.058189744552,0.007495284673,0.067681053443,3
6.490000,-0.028637538601,-0.016197536185,0.039678036597,0.051544305056,3
6.500000,-0.060728184833,0.042778422719,0.010039448977,0.074957964348,3
6.510000,-0.013365381017,0.043353714497,-0.042868437397,0.062416992040,3
6.520000,0.037588838833,-0.041550432655,-0.042773164520,0.070490445180,3
6.530000,0.005338897517,-0.064789845727,0.008133765533,0.065516303908,3
6.540000,-0.055172382998,-0.011443675772,0.066747923225,0.087351215308,3
6.550000,-0.021204244170,0.057016954675,-0.002789752018,0.060896106670,3
6.560000,0.008651410534,0.025343980082,-0.059997928440,0.065703239249,3
6.570000,0.062265093965,-0.038845611334,-0.042278813477,0.084696053718,3
6.580000,0.018516176354,-0.061162913214,0.033964344904,0.072369382091,3
6.590000,-0.030247002211,0.008741038468,0.045770231224,0.055553586406,3
6.600000,-0.009586829478,0.025657530892,0.011369402970,0.029656019875,3
6.610000,0.036900966106,0.027880396530,-0.056936423563,0.073353623894,3
6.620000,0.075444291022,-0.033104646153,-0.005182338614,0.082550683088,3
6.630000,-0.004449426331,-0.045548373771,0.027520075991,0.053402306414,3
6.640000,-0.037488074142,0.014740991313,0.039736908493,0.056583340519,3
6.650000,-0.027612289574,0.041380012900,-0.008449344814,0.050459245247,3
6.660000,0.017291449721,0.014591250582,-0.038096101958,0.044308146106,3
6.670000,0.024217093697,-0.025463323870,-0.018167953770,0.039559108102,3
6.680000,-0.024775097068,-0.035142538253,0.019889567156,0.047375081122,3
6.690000,-0.039109087917,0.011595867843,0.021775858145,0.046240381775,3
6.700000,-0.023531435925,0.024831306124,-0.026044545322,0.042995820512,3
6.710000,0.030217879545,-0.012275527441,-0.038610571182,0.050542902817,3
6.720000,0.016201738221,-0.026939721227,0.004999742915,0.031831467613,3
6.730000,-0.003426747878,-0.010755077094,0.017930083673,0.021187311884,3
6.740000,-0.028205065943,0.030266519345,0.018534629594,0.045333436140,3
6.750000,0.008262530275,0.022055464117,-0.017805838116,0.029525595252,3
6.760000,0.016902872855,-0.008486523971,-0.017984870880,0.026099497705,3
6.770000,0.017548705481,-0.018192126040,-0.002944433794,0.025447597221,3
6.780000,-0.011052210881,-0.010838919966,0.032183781180,0.035713153353,3
6.790000,-0.013536143307,0.015353575140,0.008020202816,0.021983700745,3
6.800000,-0.004055338465,0.021989866406,-0.012377878263,0.025558009800,3
6.810000,0.016425049080,-0.003347538082,-0.021688295049,0.027411136252,3
6.820000,0.002139385147,-0.016231340878,0.000877573766,0.016395228916,3
6.830000,-0.010308173505,-0.003309060720,0.015348222448,0.018782338943,3
6.840000,-0.008365183192,0.006463557086,0.003244318834,0.011058004555,3
6.850000,0.001708354915,0.006747400105,-0.008090936650,0.010672822521,3
6.860000,0.009319612634,-0.004145049119,-0.006691288849,0.012198768721,3
6.870000,0.001019079435,-0.014844545078,0.003314014276,0.015244072031,3
6.880000,-0.017821417284,-0.001250213378,0.014484396043,0.022999210340,3
6.890000,-0.015459894991,0.012080478149,0.001536043227,0.019680084711,3
6.900000,0.009633512120,0.011388250418,-0.011713010885,0.018965532614,3
6.910000,0.014802731978,-0.009735003405,-0.007861523261,0.019382845851,3
6.920000,0.001843254514,-0.014222500847,0.009207957306,0.017042992558,3
6.930000,-0.012132075323,0.005455907076,0.012371447241,0.018166091503,3
6.940000,-0.005225300741,0.012476828052,-0.003838440600,0.014060890168,3
6.950000,0.009409023458,0.004107166965,-0.015671758312,0.018735062090,3
6.960000,0.014105381771,-0.011755304734,-0.006750876927,0.019563315761,3
6.970000,0.000618469294,-0.005643533551,0.003697626265,0.006775279714,3
6.980000,-0.006370572892,0.000632888383,0.009442680221,0.011408284553,3
6.990000,-0.009875655826,0.017512742444,-0.004033342121,0.020505915599,3
7.000000,0.006311045046,0.001110991767,-0.010668270100,0.012444901735,3
7.010000,0.005499390790,-0.011242439186,-0.004305351056,0.013235247849,3
7.020000,0.001371500074,-0.007275418249,0.009942284025,0.012396037060,3
7.030000,-0.018710263702,0.011154320776,0.010500963789,0.024181875036,3
7.040000,0.000442361154,0.013638946812,-0.003555627461,0.014101738906,3
7.050000,0.011421277353,0.004634589151,-0.013020869183,0.017929529476,3
7.060000,0.009615183622,-0.010467403066,-0.000682289018,0.014229680296,3
7.070000,-0.001512860219,-0.008745896844,0.012192823242,0.015081259770,3
7.080000,-0.016312617078,0.005504935529,0.008365171090,0.019141104421,3
7.090000,0.001558387201,0.009816446309,-0.004609221189,0.010956099159,3
7.100000,0.013872635082,-0.001562608968,-0.006454753621,0.015380363950,3
7.110000,0.008592135893,-0.011116792090,0.001379671875,0.014117767532,3
7.120000,-0.007735988754,-0.000116850392,0.009408701950,0.012181249870,3
7.130000,-0.013186260628,0.006898848009,0.008177692815,0.016980760671,3
7.140000,-0.005000764214,0.008270761468,-0.005603222865,0.011171805783,3
7.150000,0.010010002925,-0.005157270934,-0.008576552522,0.014154676090,3
7.160000,0.007073477924,-0.017946025169,0.002080407418,0.019401597984,3
7.170000,-0.009944960724,-0.004127392571,0.011747726488,0.015935704906,3
7.180000,-0.013671779191,0.011989398728,0.005527482868,0.019005691120,3
7.190000,-0.000975441932,0.013557086794,-0.016190269977,0.021139321920,3
7.200000,0.018790664149,-0.005847348402,-0.015651528798,0.025144599742,3
7.210000,0.008032553381,-0.013929931392,0.011290171316,0.019647719225,3
7.220000,-0.011756335522,0.003500186930,0.021490556370,0.024744832724,3
7.230000,-0.009590515150,0.014619798673,0.003403364157,0.017812899305,3
7.240000,0.009934603119,0.010555914033,-0.008806343966,0.016960995084,3
7.250000,0.020977533643,-0.008788915055,-0.008958707614,0.024445048326,3
7.260000,0.003284317940,-0.010167635533,0.005474689748,0.012005822941,3
7.270000,-0.016551736341,-0.000100457647,0.014914560613,0.022280354259,3
7.280000,-0.006670693981,0.024170383266,-0.003353419470,0.025297252964,3
7.290000,0.009558055772,0.008526695624,-0.010758965319,0.016727710636,3
7.300000,0.011601641808,-0.015755459014,-0.012050423031,0.022979235771,3
7.310000,-0.003593167713,-0.007107851050,0.008951272473,0.011981555811,3
7.320000,-0.008607614157,0.001796735050,0.005713255858,0.010486208601,3
7.330000,-0.006874329435,0.008785117287,-0.002961614113,0.011541483834,3
7.340000,0.004752887608,0.003205580284,-0.012590484193,0.013834232100,3
7.350000,0.010769295701,-0.012495905639,-0.009588101575,0.019080279858,3
7.360000,-0.004237163513,-0.007702012047,0.008415621166,0.012169520279,3
7.370000,-0.009369545305,0.004357217406,0.007724208003,0.012901050810,3
7.380000,-0.006387030014,0.013558330839,-0.006317269764,0.016264390085,3
7.390000,0.010749065885,0.001575518505,-0.012229387886,0.016357952318,3
7.400000,0.012165874622,-0.011797460167,-0.003268062900,0.017258876175,3
7.410000,-0.001055032663,-0.010058823618,0.012379054919,0.015985431717,3
7.420000,-0.008504560248,0.008451960165,0.008112289041,0.014476615942,3
7.430000,-0.001675435557,0.011793192359,-0.008841525222,0.014834387030,3
7.440000,0.009696965867,-0.003642949423,-0.010561169150,0.014793259321,3
7.450000,0.008155023372,-0.011725458132,-0.000443199336,0.014289408674,3
7.460000,-0.009595987170,-0.006554066889,0.010811926341,0.015872508112,3
7.470000,-0.014916300076,0.007644041986,0.004406200782,0.017330377699,3
7.480000,-0.006176381762,0.015948963992,-0.008724105053,0.019199665441,3
7.490000,0.008786674957,-0.003952741198,-0.007677814194,0.012319847831,3
7.500000,0.006725995449,-0.011545272089,0.001792121447,0.013481247037,3
7.510000,-0.012718245107,-0.004496644085,0.014328627659,0.019679510594,3
7.520000,-0.023627187730,0.014418353111,0.002684877413,0.027809017840,3
7.530000,-0.003901812759,0.008790952679,-0.009637485307,0.013615656975,3
7.540000,0.017817845917,-0.007465783373,-0.015016456276,0.024468500436,3
7.550000,0.005984992217,-0.015444580171,0.005464407358,0.017441758405,3
7.560000,-0.011001159307,-0.002181577797,0.009762860746,0.014869372473,3
7.570000,-0.005744041440,0.012532494032,-0.000461744996,0.013793861938,3
7.580000,0.006100533337,0.006177789801,-0.013406642925,0.015972465945,3
7.590000,0.011900985615,-0.004384659030,-0.007092930309,0.014531632867,3
7.600000,0.002591580319,-0.011349027869,0.007270719846,0.013725162630,3
7.610000,-0.016451035676,0.000878101338,0.012711826403,0.020808608009,3
7.620000,-0.012463572371,0.010702983765,-0.002305234378,0.016589412384,3
7.630000,0.004140220119,0.009303345234,-0.015016279152,0.018143381568,3
7.640000,0.010488840082,-0.006448011276,-0.015269216874,0.019614831114,3
7.650000,-0.000389815324,-0.012381550592,0.009673442259,0.015717195558,3
7.660000,-0.013479985224,0.003046917132,0.011578069170,0.018029015263,3
7.670000,-0.011847684837,0.018095022013,-0.003515866785,0.021912525571,3
7.680000,0.013687521659,0.003497387793,-0.013682154392,0.019666756706,3
7.690000,0.017509147871,-0.016214214566,-0.006407757680,0.024708912797,3
7.700000,0.005551712612,-0.008789063517,0.010821797024,0.015006013503,3
7.710000,-0.011996367341,0.001373448998,0.012858836867,0.017639412607,3
7.720000,-0.002574612566,0.014196557448,-0.007462404860,0.016243717540,3
7.730000,0.018474127592,-0.003968229298,-0.020887880196,0.028166358890,3
7.740000,0.013499924924,-0.015332562424,-0.004954039869,0.021020893284,3
7.750000,-0.003855863021,-0.002937790706,0.011797548461,0.012754624399,3
7.760000,-0.014032167512,0.015591307997,0.010159733866,0.023306883155,3
7.770000,-0.000388526543,0.014086717496,-0.008387655435,0.016399369694,3
7.780000,0.007380157186,-0.002878390972,-0.007272164412,0.010753428751,3
7.790000,0.008277999650,-0.016253343998,-0.000432269361,0.018245090466,3
7.800000,-0.009168308469,-0.007859652187,0.015247363425,0.019450298304,3
7.810000,-0.008306366405,0.009713702293,0.006875488893,0.014512893668,3
7.820000,-0.008774883643,0.011911008721,-0.007001466848,0.016367383717,3
7.830000,0.009684573875,-0.002080353916,-0.008590038071,0.013111353768,3
7.840000,0.005117333872,-0.007746510345,0.004230268639,0.010202485052,3
7.850000,-0.010332037055,-0.005192512214,0.011596997182,0.016376920237,3
7.860000,-0.006758410342,0.011412060305,0.005546794188,0.014376305385,3
7.870000,0.003530788649,0.003226867055,-0.012931577472,0.013787851007,3
7.880000,0.017687667945,-0.007729124449,-0.009618062998,0.021566179493,3
7.890000,0.003595364630,-0.008398160056,0.004022547860,0.009981814987,3
7.900000,-0.008803059022,-0.004298226901,0.009351034270,0.013542911229,3
7.910000,-0.008231854318,0.012377763918,0.000837701546,0.014888727582,3
7.920000,0.004516673129,0.004511318726,-0.013410538693,0.014852436865,3
7.930000,0.010641627432,-0.005660539944,-0.007857000192,0.014388133961,3
7.940000,-0.001549959247,-0.011341121944,0.005187475571,0.012567152558,3
7.950000,-0.008639653973,0.002980582285,0.008077433917,0.012197230432,3
7.960000,-0.012999310805,0.014353613250,-0.003114508196,0.019613986236,3
7.970000,0.000645519873,0.006886592546,-0.012801849686,0.014550917778,3
7.980000,0.011950343008,-0.012138369713,-0.008055555136,0.018842576412,3
7.990000,-0.004019444011,-0.007860840016,0.008487778875,0.012247086434,3
8.000000,-0.011236138522,0.006057921404,0.008853048481,0.015534660860,3
8.010000,-0.005134315516,0.014791706796,-0.004935300616,0.016416850426,3
8.020000,0.007749627900,0.000592276136,-0.011013179327,0.013479526791,3
8.030000,0.014915089161,-0.009901992020,-0.005805460359,0.018820539328,3
8.040000,0.000191778125,-0.010550166236,0.017139470806,0.020127201643,3
8.050000,-0.011069046128,0.011261005553,0.012651836537,0.020233709398,3
8.060000,0.002554723670,0.020383132825,0.001187099433,0.020576878331,3
8.070000,0.010052873628,0.001587593682,-0.011477397523,0.015339862313,3
8.080000,0.012890057695,-0.012139810510,-0.002637846860,0.017902145755,3
8.090000,-0.004870043826,-0.004240603343,0.009677081229,0.011633827603,3
8.100000,-0.010883592501,0.006956172444,0.009258796928,0.015892332786,3
8.110000,-0.004143889284,0.011406278581,-0.007145124917,0.014082891023,3
8.120000,0.006963620268,-0.000942337298,-0.008359620324,0.010920771895,3
8.130000,0.007233896131,-0.016027800312,0.000476498536,0.017591096808,3
8.140000,-0.010069346503,-0.007791661957,0.014920110210,0.019614061888,3
8.150000,-0.023327701362,0.007191250537,0.012333533542,0.027349804108,3
8.160000,0.001701779410,0.016184576299,-0.013303755426,0.021019668684,3
8.170000,0.013387939333,-0.000321706506,-0.021197058738,0.025073007674,3
8.180000,0.009183573711,-0.012682868260,0.008152454310,0.017653772534,3
8.190000,-0.006087782817,-0.005428522165,0.023428539740,0.024807789641,3
8.200000,-0.011452862413,0.012602387732,0.006204530741,0.018124139586,3
8.210000,0.011131012910,0.009423449495,-0.012568952674,0.019253036647,3
8.220000,0.027044486760,-0.009933175796,-0.019254975384,0.034652941037,3
8.230000,0.007148774410,-0.014683808122,0.004633608064,0.016976145623,3
8.240000,-0.014457649219,-0.001260345203,0.018905568818,0.023833434988,3
8.250000,-0.011676147653,0.012683123662,-0.001112913175,0.017275202620,3
8.260000,0.001658285900,0.003058741449,-0.007266732369,0.008056749388,3
8.270000,0.008944917059,-0.004870201784,-0.006082074229,0.011862631813,3
8.280000,0.001866919726,-0.011660372611,0.005960261775,0.013227788897,3
8.290000,-0.008844337188,0.002394833656,0.011019691092,0.014331473068,3
8.300000,-0.009464002049,0.010594261292,-0.000852064801,0.014231364008,3
8.310000,0.005465190024,0.006873647980,-0.015681391019,0.017972795076,3
8.320000,0.008656559567,-0.008540740452,-0.006682691069,0.013875829017,3
8.330000,-0.000069763582,-0.016475136553,0.005003027370,0.017218166983,3
8.340000,-0.011618108410,0.006490790986,0.014222772613,0.019478143430,3
8.350000,-0.002798154094,0.010571372612,-0.000240124679,0.010938064047,3
8.360000,0.011352169329,0.003171201285,-0.017058120528,0.020734216696,3
8.370000,0.010297896549,-0.011938852348,-0.005387427408,0.016661549832,3
8.380000,-0.002908986825,-0.012474797065,0.011600953283,0.017281923598,3
8.390000,-0.008068357712,0.004878523709,0.010487940910,0.014103024295,3
8.400000,-0.004046297836,0.004929769196,-0.002342237366,0.006794205354,3
8.410000,0.015598567213,0.005404398646,-0.014189251198,0.021768272173,3
8.420000,0.009602808954,-0.012831995366,-0.003274879222,0.016358449768,3
8.430000,-0.010744767579,-0.010258675838,0.013677693650,0.020193309879,3
8.440000,-0.013287532145,0.005133411673,0.007996943919,0.016335897219,3
8.450000,-0.007106751500,0.011903263765,-0.011104881331,0.017762657305,3
8.460000,0.003956128606,-0.000382251468,-0.013493203000,0.014066399572,3
8.470000,0.006174358061,-0.010881255474,-0.003421074483,0.012970280212,3
8.480000,-0.000962620823,-0.003806681999,0.005574682170,0.006818691076,3
8.490000,-0.015239036076,0.012453470831,0.012244315463,0.023178447261,3
8.500000,-0.001435901905,0.011830102160,-0.013922696028,0.018326336134,3
8.510000,0.024520206540,-0.002218049845,-0.013393071539,0.028027390873,3
8.520000,0.008753737175,-0.012444435497,0.004231096885,0.015792215494,3
8.530000,-0.001887133088,-0.003613350944,0.017217688492,0.017693681736,3
8.540000,-0.013211106251,0.012419389589,0.002570359689,0.018313418989,3
8.550000,0.011087123490,0.015134835656,-0.012196990023,0.022377536130,3
8.560000,0.012489029431,-0.004594572056,-0.010438557134,0.016912995700,3
8.570000,0.006522861155,-0.012701694764,0.005310496220,0.015234242272,3
8.580000,-0.017067964740,-0.000930589012,0.027081918739,0.032025173519,3
8.590000,-0.018931675821,0.014390593199,0.005612724697,0.024433587549,3
8.600000,0.008713693920,0.014391219084,-0.018278997922,0.024842653109,3
8.610000,0.028065267823,-0.024195091569,-0.030049665107,0.047707903822,3
8.620000,-0.006590172141,-0.023374247042,0.012310917813,0.027227642039,3
8.630000,-0.045442290343,-0.004069915553,0.040953277220,0.061308538388,3
8.640000,-0.045033795237,0.025151069011,-0.003357935931,0.051690373568,3
8.650000,0.020931467587,0.013338705619,-0.040240491704,0.047279430786,3
8.660000,0.042075805498,-0.044365033417,-0.024595564799,0.065905776729,3
8.670000,-0.003381229968,-0.025948473933,0.035787447095,0.044333930405,3
8.680000,-0.026050759452,0.010073926559,0.050872103637,0.058035308157,3
8.690000,-0.011805324136,0.046985208232,-0.016107231751,0.051053093787,3
8.700000,0.047365413238,0.015302697086,-0.046417758022,0.068060731476,3
8.710000,0.049422103527,-0.047715373991,-0.020994419889,0.071833605635,3
8.720000,-0.012173043219,-0.045118829409,0.044576142773,0.064582693138,3
8.730000,-0.051274968328,0.033634461948,0.035697117195,0.070955504252,3
8.740000,-0.027880263360,0.061935160362,-0.013598846946,0.069269053786,3
8.750000,0.035543374152,0.011080377220,-0.064309253213,0.074308722599,3
8.760000,0.036498859207,-0.070719944389,-0.032824995771,0.086086918897,3
8.770000,-0.037954961465,-0.047667509248,0.066649541019,0.090304661318,3
8.780000,-0.112395044760,0.036256210788,0.046132301894,0.126788596432,3
8.790000,-0.025732451268,0.052691259616,-0.049311062450,0.076616635061,3
8.800000,0.049041407937,-0.023301017143,-0.094701310706,0.109161968386,3
8.810000,0.064100944742,-0.130488361405,0.010177430591,0.145738545596,3
8.820000,-0.038918755300,-0.049980738664,0.072533684041,0.096300981677,3
8.830000,-0.113296532793,0.061015124947,0.077886421798,0.150416902361,3
8.840000,0.032641315525,0.055975159820,-0.070646540125,0.095862441173,3
8.850000,0.118229700440,0.002972084515,-0.106257160474,0.158989557848,3
8.860000,0.083318217074,-0.098426110965,0.011881425562,0.129502096081,3
8.870000,-0.065932625761,-0.015678787213,0.085417436291,0.109037030090,3
8.880000,-0.078369736355,0.084250074427,0.025835667420,0.117929522717,3
8.890000,0.012715496393,0.067863299792,-0.078075113163,0.104224923136,3
8.900000,0.045251937450,-0.037572890477,-0.063319635420,0.086422428637,3
8.910000,0.013182849762,-0.052585742346,0.030945073551,0.062423115934,3
8.920000,-0.044548912228,0.008105217785,0.046986653496,0.065253702905,3
8.930000,-0.052383948570,0.043787443253,0.007679528141,0.068705119219,3
8.940000,0.001074033261,0.007822353265,-0.026278480869,0.027439047266,3
8.950000,0.025923600024,-0.025546030349,-0.014664809308,0.039238875326,3
8.960000,-0.002836236740,-0.024881085210,0.010635000368,0.027206908551,3
8.970000,-0.027346292889,0.004011377818,0.023602857394,0.036345642985,3
8.980000,-0.014503184383,0.019395241263,-0.005677828380,0.024874795999,3
8.990000,0.010051111794,0.008831015344,-0.016841360082,0.021509139679,3
9.000000,0.026699692656,-0.014075096222,-0.012196298218,0.032553519192,3
9.010000,0.003719830345,-0.012747861111,0.014476375107,0.019644605797,3
9.020000,-0.008427310753,0.006877238025,0.015641495924,0.019051833616,3
9.030000,-0.003581278734,0.010147365169,-0.002894469620,0.011143272932,3
9.040000,0.012309984127,0.006526951575,-0.016030806652,0.021239669677,3
9.050000,0.012821439191,-0.007892502654,-0.004207448284,0.015632770776,3
9.060000,0.000528198335,-0.009934287049,0.009116017076,0.013493362071,3
9.070000,-0.011277444629,0.003798354465,0.010425693717,0.015820977956,3
9.080000,-0.005449628758,0.021563106665,-0.006249408049,0.023102405148,3
9.090000,0.018829466961,0.000080191545,-0.021332985324,0.028454376105,3
9.100000,0.006618044869,-0.015133054945,-0.002452601919,0.016697997665,3
9.110000,-0.011992452773,-0.010878849615,0.010078562555,0.019072118803,3
9.120000,-0.012036116663,0.012150436027,0.010530859606,0.020084825217,3
9.130000,-0.002406325080,0.012556901926,-0.009770823316,0.016091462787,3
9.140000,0.016411843782,-0.000394632370,-0.018954063790,0.025075104889,3
9.150000,0.013028688323,-0.009385340024,0.001934820490,0.016173276017,3
9.160000,-0.008034286242,-0.009841783318,0.018882743643,0.022758920488,3
9.170000,-0.014995755894,0.011116365789,0.011980573974,0.022180632001,3
9.180000,0.012668586678,0.018212091547,-0.014704203031,0.026615539704,3
9.190000,0.017395488030,-0.003680924675,-0.012831884109,0.021927367833,3
9.200000,0.008679519489,-0.018553615830,0.011111489268,0.023303130963,3
9.210000,-0.013304018852,-0.003922702096,0.017790910424,0.022558834258,3
9.220000,-0.005809358382,0.007722446831,0.006188142750,0.011475100895,3
9.230000,0.003015222705,0.006052372946,-0.008910862211,0.011185984605,3
9.240000,0.008890906871,-0.010321337936,-0.010468585508,0.017180498373,3
9.250000,0.002432964669,-0.016564895285,0.003008667369,0.017010795167,3
9.260000,-0.010535546133,-0.002580415525,0.011007383251,0.015453762087,3
9.270000,-0.014816523033,0.010034377299,-0.001213899863,0.017935764144,3
9.280000,0.002143813718,0.007953901031,-0.007466383543,0.011117884784,3
9.290000,0.011312562743,-0.008311953973,-0.009884002547,0.017168464142,3
9.300000,0.002974811035,-0.010982130663,0.010898751355,0.015755617274,3
9.310000,-0.009238136787,0.002596354882,0.012307707430,0.015606533637,3
9.320000,-0.007205833577,0.017682626999,0.002378404333,0.019242041012,3
9.330000,0.011164014777,0.006526916600,-0.013631096372,0.018789429330,3
9.340000,0.013906309242,-0.010734465956,-0.005685402578,0.018464506454,3
9.350000,0.000006710605,-0.004636253439,0.006475867240,0.007964405031,3
9.360000,-0.007587274331,0.004901456757,0.009428488399,0.013057082508,3
9.370000,-0.008776464164,0.016736659895,-0.002799389245,0.019104415400,3
9.380000,0.004738594020,0.002314761219,-0.006717375522,0.008540229897,3
9.390000,0.012219750737,-0.015077924566,-0.007403860681,0.020772175386,3
9.400000,-0.007059568681,-0.008344083783,0.006422523220,0.012677146708,3
9.410000,-0.014413788280,0.011165617556,0.007426226669,0.019686979213,3
9.420000,-0.004146983906,0.009024682197,-0.001547331340,0.010051696302,3
9.430000,0.006181706942,-0.001361591017,-0.012709804903,0.014198822891,3
9.440000,0.008822844800,-0.011803494058,-0.005551110810,0.015747377355,3
9.450000,-0.008596394395,-0.012893100505,0.011583929649,0.019347285684,3
9.460000,-0.020237447142,0.009495763047,0.011724965585,0.025242793043,3
9.470000,0.000836023735,0.010247977798,-0.008601481817,0.013405427039,3
9.480000,0.012527318444,-0.002755535823,-0.012114122685,0.017643090815,3
9.490000,0.009749453741,-0.010064861901,-0.002573376661,0.014246949174,3
9.500000,-0.006437131264,-0.006708977269,0.017834169193,0.020112300359,3
9.510000,-0.009046971008,0.010984711506,0.005150984579,0.015134206733,3
9.520000,0.001386758568,0.007784201581,-0.004117787154,0.008914766661,3
9.530000,0.011160787219,-0.001839588993,-0.005508466951,0.012581353948,3
9.540000,0.008788190838,-0.015375512969,-0.001737521310,0.017794877847,3
9.550000,-0.010973271826,-0.003431196691,0.016225298205,0.019885826791,3
9.560000,-0.018765480548,0.009447143930,0.003045139717,0.021228863948,3
9.570000,-0.004578799684,0.017298851251,-0.008640448654,0.019871411980,3
9.580000,0.016898489279,-0.006431413047,-0.007958167690,0.019754858812,3
9.590000,0.005385523382,-0.017043805038,0.006198650807,0.018918732095,3
9.600000,-0.013531170420,-0.002074715960,0.013057707596,0.018918264902,3
9.610000,-0.020448952626,0.025532833534,0.009514563518,0.034067758522,3
9.620000,0.011113740288,0.007072341303,-0.010374931227,0.016768197061,3
9.630000,0.024027811727,-0.012117411448,-0.007714533752,0.027994310629,3
9.640000,0.002988486310,-0.017669542638,0.011884188200,0.021502969950,3
9.650000,-0.017061044510,0.004652721145,0.022873414029,0.028912283258,3
9.660000,-0.005605456981,0.013857336944,-0.000149974391,0.014948893854,3
9.670000,0.008890881189,0.010558983622,-0.019741638244,0.024088839408,3
9.680000,0.013457992965,-0.011479644458,-0.006514060418,0.018850273066,3
9.690000,-0.000612937685,-0.015702330165,0.009946079610,0.018597402099,3
9.700000,-0.014150081535,0.006589167356,0.013983623105,0.020956708926,3
9.710000,-0.004427076817,0.010497229028,-0.003768995860,0.011999839840,3
9.720000,0.010211950186,0.003488373047,-0.011438335267,0.015725399416,3
9.730000,0.012636767261,-0.011148192783,-0.002668443598,0.017061379791,3
9.740000,-0.002895211056,-0.005492657811,0.007079751175,0.009416709276,3
9.750000,-0.010953706491,0.007154453336,0.010517351973,0.016786440390,3
9.760000,-0.003732981912,0.010444340550,-0.006498077132,0.012854742700,3
9.770000,0.014063110257,0.001863741210,-0.017996454440,0.022915430911,3
9.780000,0.007447802772,-0.006944287652,-0.001806001388,0.010341882717,3
9.790000,-0.003024490767,-0.004892843110,0.011057395702,0.012464086722,3
9.800000,-0.008406120209,0.007549902414,0.012264917692,0.016676093350,3
9.810000,-0.003261552016,0.014605548962,-0.007958050986,0.016949641812,3
9.820000,0.013249924920,-0.001322130617,-0.014233980418,0.019491401651,3
9.830000,0.009426176483,-0.011898247695,-0.001452308865,0.015248944302,3
9.840000,-0.005940539895,-0.003577049611,0.014486427340,0.016060568957,3
9.850000,-0.008004279095,0.008949641265,0.004837119572,0.012944585291,3
9.860000,0.001639141034,0.010450047838,-0.009344872368,0.014114422508,3
9.870000,0.009221603086,-0.002967620093,-0.010847347655,0.014543372499,3
9.880000,0.002937318759,-0.016971376513,-0.000663952511,0.017236481519,3
9.890000,-0.010318972768,-0.001971015121,0.011065658742,0.015258273264,3
9.900000,-0.016989166791,0.013621792632,0.001197264278,0.021808678651,3
9.910000,0.001864718503,0.006431490987,-0.013602679525,0.015161600895,3
9.920000,0.010206726343,-0.005228543055,-0.007830497937,0.013886382649,3
9.930000,0.003232688390,-0.011848774968,0.000880908350,0.012313396850,3
9.940000,-0.011968071934,-0.003080754684,0.016538817012,0.020646022944,3
9.950000,-0.008963974051,0.007668533835,0.005402871165,0.012974985888,3
9.960000,0.004067782932,0.004774134628,-0.009701929009,0.011552776546,3
9.970000,0.009783187246,-0.002900880387,-0.006299213405,0.011991911826,3
9.980000,0.005795250411,-0.010264769093,0.009395030336,0.015073719079,3
9.990000,-0.008383980616,0.002838049496,0.010341413845,0.013612145173,3
10.000000,-0.003911507841,0.011749988165,-0.001607097049,0.012487789091,3
10.010000,0.006633618928,0.003499348202,-0.015262839886,0.017006017150,3
10.020000,0.012262301880,-0.006526975927,-0.008720201113,0.016401444132,3
10.030000,-0.004488934362,-0.011994631063,0.008687232023,0.015475454961,3
10.040000,-0.016225711500,0.004904535841,0.015246085500,0.022798493560,3
10.050000,-0.015316441130,0.020480515087,-0.006065663820,0.026283781020,3
10.060000,0.009487908521,0.005720812521,-0.016266597606,0.019681216977,3
10.070000,0.008025728349,-0.008894680022,-0.006328518328,0.013549088252,3
10.080000,-0.004912002626,-0.013192558683,0.003341276259,0.014468431202,3
10.090000,-0.015722253394,0.007945475266,0.014129946658,0.022582630970,3
10.100000,-0.008226554468,0.019555442889,-0.010776499622,0.023795472029,3
10.110000,0.017943686779,0.006789083371,-0.021234916978,0.028617988177,3
10.120000,0.014179361544,-0.015035251337,0.000538275987,0.020673722877,3
10.130000,0.000560605489,-0.004248924345,0.014115637583,0.014751910418,3
10.140000,-0.010378321593,0.005235586166,0.011745118195,0.016524791164,3
10.150000,0.001410251493,0.017817494821,-0.010805661319,0.020885742685,3
10.160000,0.012246140471,0.000855049136,-0.013627049565,0.018341088989,3
10.170000,0.008215071369,-0.011468322009,-0.000220979453,0.014108814238,3
10.180000,-0.007394779371,-0.004025489773,0.008277182647,0.011806738856,3
10.190000,-0.015144811583,0.009726833916,0.006533946723,0.019148605059,3
10.200000,-0.000835804147,0.009690334920,-0.011527012770,0.015082214123,3
10.210000,0.008471400245,-0.006558103979,-0.006310357243,0.012433581883,3
10.220000,0.004776060592,-0.015231055618,0.005052998735,0.016743016641,3
10.230000,-0.011432884576,-0.005410296068,0.012632003729,0.017875952323,3
10.240000,-0.008808339754,0.006872549195,0.000868406286,0.011205931963,3
10.250000,-0.000747108532,0.014217230915,-0.010403525865,0.017632957111,3
10.260000,0.010522435549,-0.002819210007,-0.006525167653,0.012698323033,3
10.270000,0.005622114701,-0.010516525658,0.001958788268,0.012084797769,3
10.280000,-0.006828331577,-0.001973958077,0.015780405451,0.017307334249,3
10.290000,-0.004590538709,0.012510829675,0.000236330362,0.013328531683,3
10.300000,0.007600187173,0.009030468391,-0.014357543811,0.018586319396,3
10.310000,0.015580565794,-0.007931595714,-0.008087270401,0.019263130160,3
10.320000,0.004596798143,-0.011393790688,0.006991834275,0.014136292511,3
10.330000,-0.009614962073,0.002303209720,0.011602022256,0.015243332677,3
10.340000,-0.005558845792,0.012891127685,-0.001069688803,0.014079281717,3
10.350000,0.009272223568,0.010642903551,-0.012126809720,0.018609272954,3
10.360000,0.008777207180,-0.012945978306,-0.005806073462,0.016683770834,3
10.370000,-0.001535623433,-0.018630950742,0.013215686624,0.022893772905,3
10.380000,-0.011288280441,0.002053886357,0.007108393385,0.013497147143,3
10.390000,-0.010314518784,0.012618124728,0.005113423713,0.017080792472,3
10.400000,0.005386549155,0.002838884629,-0.010228577438,0.011903695818,3
10.410000,0.007064741040,-0.012489090186,-0.001777458598,0.014458468062,3
10.420000,-0.002163202270,-0.008124710180,0.009458323374,0.012655048030,3
10.430000,-0.014442213407,0.006887278091,0.010310305348,0.019034561302,3
10.440000,-0.004952709298,0.012119819473,-0.007308138914,0.014994273835,3
10.450000,0.010936920261,0.000586853897,-0.008128135941,0.013639179454,3
10.460000,0.009171146342,-0.007897892403,0.000161870876,0.012104248503,3
10.470000,0.000683658481,-0.009163625406,0.011280961101,0.014549897005,3
10.480000,-0.008713092246,0.009140058965,0.008974271046,0.015491810584,3
10.490000,-0.000287607560,0.009154018938,-0.004071855381,0.010022913103,3
10.500000,0.019520952884,-0.003168000634,-0.019457602825,0.027743506217,3
10.510000,0.011275413848,-0.014800469342,-0.000082292824,0.018606332854,3
10.520000,-0.005676715059,-0.006238161709,0.012816402780,0.015342748632,3
10.530000,-0.017003006568,0.006532766693,0.003964760644,0.018641314331,3
10.540000,-0.008717447249,0.021051987789,-0.015638784349,0.027636057105,3
10.550000,0.009485104549,-0.004829824755,-0.014194450916,0.017741951761,3
10.560000,0.002512194672,-0.015024147856,-0.004842486048,0.015983923549,3
10.570000,-0.016574680548,-0.003660809549,0.012241113667,0.020927647398,3
10.580000,-0.011528127760,0.015188726813,0.007419444841,0.020460775000,3
10.590000,0.005210256446,0.007021421388,-0.013903315312,0.016424046615,3
10.600000,0.018782498584,-0.003693300256,-0.008275583737,0.020854448111,3
10.610000,0.008537053598,-0.017215568764,0.001741112415,0.019294780756,3
10.620000,-0.013889001124,-0.001862640350,0.014661207913,0.020281143922,3
10.630000,-0.009172623140,0.013066085212,0.006548679398,0.017255283246,3
10.640000,0.007376176017,0.008690277861,-0.013867514001,0.017950956702,3
10.650000,0.016045809002,-0.008933826280,-0.013508345219,0.022798171617,3
10.660000,0.002911818264,-0.008964894512,0.006403932635,0.011395541778,3
10.670000,-0.009007579081,0.004865298236,0.010523065633,0.014681366359,3
10.680000,-0.007480823109,0.012907936585,0.000339937056,0.014922905162,3
10.690000,0.003771050661,0.003555675806,-0.009201408753,0.010560756439,3
10.700000,0.009256982082,-0.007689962923,-0.006239695050,0.013555848971,3
10.710000,-0.002999299976,-0.007528327645,0.004661798363,0.009349004303,3
10.720000,-0.014353550640,0.001985182783,0.012442624316,0.019099326337,3
10.730000,-0.007279717860,0.014245354831,-0.001994113486,0.016121442707,3
10.740000,0.007666906513,0.009147847231,-0.018956380601,0.022401092159,3
10.750000,0.015757729054,-0.018224722367,-0.002130607377,0.024186484203,3
10.760000,-0.001809941307,-0.010084719853,0.011888049389,0.015694049201,3
10.770000,-0.016222013199,0.010374538001,0.012312670380,0.022855778325,3
10.780000,0.003619659371,0.011951067041,-0.005594706256,0.013683226062,3
10.790000,0.019814926564,0.000338493110,-0.014019002750,0.024275055725,3
10.800000,0.008177856688,-0.010113720810,-0.000763802410,0.013028740644,3
10.810000,-0.003670061491,-0.008308148610,0.014964056717,0.017504790148,3
10.820000,-0.013625150418,0.011903172801,0.007773084185,0.019691396202,3
10.830000,-0.004557147657,0.010255445150,-0.004712906736,0.012171821552,3
10.840000,0.011987071342,0.001864073488,-0.013412952303,0.018085130324,3
10.850000,0.009219626872,-0.015721685674,-0.003600259769,0.018577803704,3
10.860000,-0.011568120377,-0.006483203140,0.014135024634,0.019381750525,3
10.870000,-0.011578777765,0.010033122698,0.005083863989,0.016142407462,3
10.880000,-0.004174446697,0.009275009011,-0.010997506191,0.014979884506,3
10.890000,0.009456935187,0.000157792658,-0.009752035088,0.013585312290,3
10.900000,0.008735179134,-0.018526665027,0.004275112545,0.020924083224,3
10.910000,-0.006253495755,-0.003578865438,0.012934858795,0.014806250674,3
10.920000,-0.006279035598,0.012367948513,0.004582339977,0.014607884108,3
10.930000,0.003907521746,0.009902727914,-0.006806384671,0.012635648721,3
10.940000,0.018427369588,-0.010675585774,-0.004757124478,0.021821235411,3
10.950000,0.007221722362,-0.012796332926,0.001650340959,0.014785906651,3
10.960000,-0.006813852007,-0.003717575774,0.011241126600,0.013660595743,3
10.970000,-0.007738947585,0.010839454512,0.003993934124,0.013904552982,3
10.980000,0.004523525742,0.013536297279,-0.015098638356,0.020776489342,3
10.990000,0.015097097054,-0.010260297083,-0.011810262784,0.021741167004,3
11.000000,0.005063926651,-0.013664555290,0.003863241574,0.015076075745,3
11.010000,-0.014518342713,-0.002553201000,0.012035780174,0.019030531124,3
11.020000,-0.016851193705,0.007366728309,0.000608446351,0.018401131003,3
11.030000,0.010641934137,-0.000466637457,-0.023111940702,0.025448581801,3
11.040000,0.012487861520,-0.018065041021,-0.012504365503,0.025271556127,3
11.050000,-0.002985285790,-0.008938823841,0.014792989107,0.017539869715,3
11.060000,-0.017246950774,0.005819076931,0.012391722971,0.022019849353,3
11.070000,-0.004727685135,0.013333500088,-0.002108498965,0.014303111522,3
11.080000,0.018278973839,0.001777334246,-0.020755783555,0.027714298703,3
11.090000,0.016948373680,-0.013493139433,-0.007678245774,0.022984073623,3
11.100000,-0.000663696159,-0.012822569609,0.012104146816,0.017645655389,3
11.110000,-0.006777129431,0.007320178396,0.013322029936,0.016643045896,3
11.120000,-0.003208931523,0.018479248764,-0.006273967950,0.019777324143,3
11.130000,0.014525279914,0.001855399322,-0.014684461062,0.020737879832,3
11.140000,0.010641409676,-0.007950292468,0.000380436251,0.013288772778,3
11.150000,-0.008254938311,-0.011171551440,0.012992934597,0.019020092469,3
11.160000,-0.009993281526,0.004129271782,0.011483217763,0.015772788317,3
11.170000,-0.002883745927,0.010572925919,-0.001877971203,0.011118881639,3
11.180000,0.007414593028,-0.002942755052,-0.007961399843,0.011270309868,3
11.190000,0.002466488376,-0.007726405263,-0.000412549098,0.008121028258,3
11.200000,-0.007259615471,-0.007038149618,0.011143179118,0.015046860393,3
11.210000,-0.020261214764,0.010343649982,0.009976297670,0.024840177815,3
11.220000,0.001055185938,0.009382780461,-0.006173870253,0.011281252609,3
11.230000,0.012252482724,-0.001358636394,-0.015527734521,0.019826239308,3
11.240000,0.002240012981,-0.015164631225,0.002059580430,0.015466918565,3
11.250000,-0.004308251673,-0.001289746135,0.010486933674,0.011410532654,3
11.260000,-0.007215277564,0.010589062718,0.008530375071,0.015393368001,3
11.270000,0.006780917033,0.011348751002,-0.016061231931,0.020802359392,3
11.280000,0.010417728617,-0.005691279320,-0.007787078981,0.014197123966,3
11.290000,0.009351166424,-0.015271919654,0.008556854468,0.019846803314,3
11.300000,-0.009484774736,0.000070196918,0.013315439648,0.016348296927,3
11.310000,-0.008002572193,0.009129052572,0.002205052997,0.012338679884,3
11.320000,0.003638191170,0.003166952384,-0.013232818347,0.014084512906,3
11.330000,0.010002294617,-0.006846755112,-0.011348599545,0.016604657925,3
11.340000,0.000819994514,-0.012304948405,0.005853095483,0.013650746243,3
11.350000,-0.011798089136,0.000821244694,0.012548858368,0.017243642204,3
11.360000,-0.008451299697,0.016035836482,0.005168637283,0.018849067076,3
11.370000,0.003420861103,0.007471269343,-0.012034378675,0.014572179877,3
11.380000,0.013856986996,-0.009258723896,-0.009804660515,0.019335755083,3
11.390000,0.001434062308,-0.011042411135,0.004770978659,0.012114190676,3
11.400000,-0.020923123442,0.002001019741,0.017671587940,0.027460265747,3
11.410000,-0.003696791905,0.015179310407,0.003190455343,0.015945430070,3
11.420000,0.011332470630,0.000525212541,-0.007892953346,0.013820255110,3
11.430000,0.007524593787,-0.007241475900,-0.002835732091,0.010821268935,3
11.440000,-0.000500415365,-0.006194219733,0.014327585799,0.015617249708,3
11.450000,-0.020256464466,0.006869216476,0.013147895862,0.025107322702,3
11.460000,-0.009450433413,0.012413726549,-0.008722435828,0.017874344332,3
11.470000,0.017210842385,0.002038002416,-0.020692005542,0.026991214178,3
11.480000,0.013016228170,-0.010043903322,-0.003747598809,0.016862582439,3
11.490000,-0.009905639828,-0.008248806099,0.022442977087,0.025881493833,3
11.500000,-0.012162882938,0.009875520117,0.004738421897,0.016368086663,3
11.510000,-0.008028826739,0.011858947025,-0.004846668195,0.015119089785,3
11.520000,0.010711689508,-0.004775400378,-0.017205936496,0.020822799802,3
11.530000,0.001706031633,-0.017971879834,-0.000509897037,0.018059872748,3
11.540000,-0.013558823492,-0.009105298938,0.021559758651,0.027047575794,3
11.550000,-0.021600166754,0.014036724087,0.008440874230,0.027108028048,3
11.560000,0.001409008261,0.020877820308,-0.021962256881,0.030334953641,3
11.570000,0.020314483839,-0.006018415861,-0.014874323151,0.025887160376,3
11.580000,0.006851013022,-0.011744908971,0.001838008757,0.013720697590,3
11.590000,-0.006499682455,-0.003222529437,0.016558550349,0.018078057352,3
11.600000,-0.005324831255,0.006345547885,0.000786404256,0.008320951719,3
11.610000,0.008857092366,0.012815237748,-0.002853722784,0.015837365231,3
11.620000,0.017199670135,-0.007059884876,-0.012665775755,0.022496499788,3
11.630000,0.002039679365,-0.016840317075,0.012448399317,0.021040893913,3
11.640000,-0.010092149803,-0.002360425869,0.009374531715,0.013975154482,3
11.650000,-0.012988330499,0.013221766820,-0.000276907487,0.018536141043,3
11.660000,0.007659090119,0.007636299261,-0.010721029448,0.015228762270,3
11.670000,0.013091820418,-0.006162387010,-0.012298416332,0.018990045281,3
11.680000,-0.002441118954,-0.022521077282,0.008975297422,0.024366246070,3
11.690000,-0.024109402865,-0.000884376722,0.015493590933,0.028672230270,3
11.700000,-0.019886074617,0.024661063678,0.002817532992,0.031805070627,3
11.710000,0.012050546907,0.020025394419,-0.022976180858,0.032774029188,3
11.720000,0.053573645403,-0.032528191269,-0.013331076719,0.064077580443,3
11.730000,-0.006925315735,-0.038485558183,0.026164022840,0.047049487540,3
11.740000,-0.040370782418,0.019393426730,0.044582097715,0.063193896145,3
11.750000,-0.011162073891,0.070396926430,-0.004176665070,0.071398625165,3
11.760000,0.045920120532,0.039787100809,-0.069159779404,0.092058383364,3
11.770000,0.074552024481,-0.055390351274,-0.038090615778,0.100384213793,3
11.780000,-0.020077478921,-0.060845803421,0.038960586294,0.074988294007,3
11.790000,-0.038440499468,0.034885913433,0.045672028624,0.069142122863,3
11.800000,-0.023953243257,0.062899406279,-0.015834920881,0.069143603407,3
11.810000,0.020606898760,-0.000923371011,-0.039369614911,0.044446186211,3
11.820000,0.015685433087,-0.038544994891,-0.012112092364,0.043341114703,3
11.830000,-0.008272817886,-0.013999179507,0.029210329110,0.033431420390,3
11.840000,-0.036386611762,0.015746427805,0.017985709662,0.043536435961,3
11.850000,-0.016512215903,0.024429277309,-0.009218002765,0.030893598671,3
11.860000,0.013727216063,0.006058407129,-0.023651387555,0.028009442891,3
11.870000,0.013294066666,-0.030459156343,-0.010512751607,0.034856998723,3
11.880000,-0.019933722397,-0.012800223853,0.028712594020,0.037223810588,3
11.890000,-0.022630499578,0.020124959878,0.016246430140,0.034367135661,3
11.900000,0.010452656336,0.022791957273,-0.014407843569,0.028919151045,3
11.910000,0.036565466462,-0.014601143287,-0.034027550595,0.052039417006,3
11.920000,0.021932885732,-0.027837356908,0.006032115512,0.035949357904,3
11.930000,-0.026120837726,-0.000712739355,0.043392068802,0.050652520133,3
11.940000,-0.048173911427,0.041660449043,0.014340077198,0.065283662356,3
11.950000,0.017063737715,0.051054492311,-0.035964948434,0.064739553951,3
11.960000,0.045976701169,-0.018277191196,-0.053277107561,0.072707378982,3
11.970000,0.003157812042,-0.086762412076,0.042082464392,0.096481198870,3
11.980000,-0.071952082462,-0.011268499184,0.068629727345,0.100070578693,3
11.990000,-0.048328287410,0.062810209747,0.012576308170,0.080242814878,3
12.000000,0.029434329943,0.010834732970,-0.087908206952,0.093336081272,3
12.010000,0.077809985028,-0.039777421413,-0.047804089846,0.099608574081,3
12.020000,0.001807611332,-0.074717864026,0.032990412847,0.081696964467,3
12.030000,-0.083894215431,-0.026353353370,0.079886838199,0.118805073688,3
12.040000,-0.074643955941,0.099965230414,-0.010587697018,0.125207295228,3
12.050000,0.087524940541,0.054806765735,-0.091776481019,0.138156864669,3
12.060000,0.091446887780,-0.102426542080,-0.037104741428,0.142233932813,3
12.070000,-0.008647595273,-0.037746176982,0.068155843904,0.078388607839,3
12.080000,-0.065793149265,0.036035745914,0.089169346379,0.116526760049,3
12.090000,-0.041191162651,0.088113203043,-0.016235888645,0.098611624624,3
12.100000,0.072191540631,0.012082724203,-0.087969128098,0.114438534861,3
12.110000,0.058408066143,-0.073566554184,-0.037553415504,0.101162241479,3
12.120000,-0.003987671324,-0.075481679940,0.055146834300,0.093565799641,3
12.130000,-0.095449213744,0.032898984323,0.083553438196,0.131049885953,3
12.140000,-0.078028032746,0.094121922349,-0.037492455072,0.127878826818,3
12.150000,0.031896671794,0.014503141899,-0.088076091858,0.094789961249,3
12.160000,0.052883262295,-0.079655871511,-0.012961297533,0.096486747955,3
12.170000,-0.046863200371,-0.033945785399,0.052894451004,0.078398334436,3
12.180000,-0.065370753145,0.020733664055,0.040862483223,0.079830838196,3
12.190000,-0.002816228467,0.035247819107,-0.052768419139,0.063520437286,3
12.200000,0.046158637346,-0.009304684686,-0.059820529875,0.076129447346,3
12.210000,0.044358310365,-0.035698578841,0.002867837498,0.057011163132,3
12.220000,-0.023773694392,-0.016690199450,0.065607479727,0.071750210445,3
12.230000,-0.030602219060,0.035237041055,0.012195752834,0.048237757627,3
12.240000,0.011285596671,0.037582536524,-0.015684759040,0.042259003892,3
12.250000,0.038474568085,-0.005130672496,-0.038062876931,0.054363579627,3
12.260000,0.023802215335,-0.027772398746,0.003956715783,0.036790041951,3
12.270000,-0.011289076938,-0.008204121014,0.037923587914,0.040409768374,3
12.280000,-0.020229972779,0.024529822800,0.005012120780,0.032188279854,3
12.290000,0.000878381076,0.014848041998,-0.029831562432,0.033334036984,3
12.300000,0.019197578735,-0.011968474797,-0.014849431645,0.027060987388,3
12.310000,-0.003705958352,-0.024478003553,0.002227895654,0.024856997089,3
12.320000,-0.020817739207,0.002376216550,0.018719705276,0.028097189119,3
12.330000,-0.026344436747,0.023441327585,0.008461668401,0.036264652467,3
12.340000,0.008604346061,0.010355036033,-0.024515257382,0.027968900352,3
12.350000,0.026361601106,-0.017053622653,-0.020001837911,0.037226785764,3
12.360000,0.002991059760,-0.023076344041,0.011446470864,0.025932330941,3
12.370000,-0.014298758740,0.006156033479,0.023717807198,0.028370506305,3
12.380000,-0.013754107129,0.030081609411,-0.005912285804,0.033601098361,3
12.390000,0.023758423223,0.003947597101,-0.027893661434,0.036852442865,3
12.400000,0.057872317234,-0.041848975153,-0.012315018432,0.072472073948,3
12.410000,0.022312341299,-0.037433050907,0.037540768743,0.057518546507,3
12.420000,-0.041020315730,0.009496779846,0.046912461496,0.063036768426,3
12.430000,-0.039519532183,0.067589880272,-0.003964904581,0.078395827743,3
12.440000,0.038069559640,0.041712992937,-0.089594312172,0.105907534786,3
12.450000,0.063974722337,-0.069577261555,-0.025505751192,0.097899457443,3
12.460000,-0.029627798239,-0.071931612428,0.053316232446,0.094311101876,3
12.470000,-0.097710218189,0.027174079020,0.053889284083,0.114846733728,3
12.480000,-0.042456934942,0.050825552683,-0.037848075677,0.076277814354,3
12.490000,0.062317604647,0.010763658691,-0.087486034044,0.107949739926,3
12.500000,0.067578878706,-0.072405508376,0.000571653332,0.099044380345,3
12.510000,-0.065229588246,-0.049985782179,0.105149606675,0.133453802444,3
12.520000,-0.117412628935,0.047877611143,0.047347498708,0.135350569692,3
12.530000,0.017996956133,0.058038360618,-0.033497310754,0.069385960835,3
12.540000,0.098989852894,0.013460309681,-0.084622748518,0.130924331121,3
12.550000,0.073248513677,-0.070397419203,0.003445258814,0.101651420032,3
12.560000,-0.008657998218,-0.022369334186,0.088385243706,0.091582199963,3
12.570000,-0.026721420665,0.099167888535,0.034015717400,0.108191374283,3
12.580000,0.032665308255,0.053098507310,-0.052024701602,0.081197557960,3
12.590000,0.085682257038,-0.037015240257,-0.052626602811,0.107150065356,3
12.600000,0.038278778790,-0.056153084498,0.017842047369,0.070262169470,3
12.610000,-0.054014624544,-0.019566921516,0.085514102469,0.103019929156,3
12.620000,-0.061602536156,0.062211714121,0.023840274622,0.090738792855,3
12.630000,0.006000138845,0.043668040774,-0.062380193663,0.076381856568,3
12.640000,0.029142235894,-0.021335384118,-0.044892331871,0.057617618739,3
12.650000,0.012729089194,-0.029007750747,0.016782497824,0.035848731475,3
12.660000,-0.034678765229,-0.012035450506,0.043965662313,0.057275197855,3
12.670000,-0.044366629256,0.037642995424,0.029499204753,0.065234929119,3
12.680000,0.019425764298,0.016833992869,-0.031943863794,0.041001878842,3
12.690000,0.041208867732,-0.029426412847,-0.029328430647,0.058517018012,3
12.700000,0.006035653595,-0.018869408389,0.009787067111,0.022096840722,3
12.710000,-0.012665063609,0.008162247254,0.019025089025,0.024268912807,3
12.720000,-0.010554997781,0.014995300620,-0.005564008141,0.019163120974,3
12.730000,0.011411688899,0.015982727792,-0.023981146354,0.030996283836,3
12.740000,0.023649424222,-0.015041410086,-0.010927672767,0.030082441980,3
12.750000,-0.000725424602,-0.012114597362,0.016453892941,0.020445544820,3
12.760000,-0.013164395038,-0.001081783714,0.013362604911,0.018789112878,3
12.770000,-0.007168391962,0.016591808963,-0.004657701046,0.018664622874,3
12.780000,0.003878989072,0.002229085138,-0.009391695435,0.010402851528,3
12.790000,0.012880321340,-0.010248226215,-0.002488042927,0.016646896887,3
12.800000,-0.008054485987,-0.011122235595,0.013174276561,0.019029987705,3
12.810000,-0.017184908325,0.009028225287,0.015141756240,0.024619153276,3
12.820000,-0.001826669377,0.013380351019,-0.003824362415,0.014035535697,3
12.830000,0.006264013790,0.001592022777,-0.010398818682,0.012243685526,3
12.840000,0.009565308624,-0.013546515813,-0.000181117206,0.016584210056,3
12.850000,-0.004170937134,-0.003654318176,0.010140808043,0.011557973251,3
12.860000,-0.007118704554,0.006494442689,0.010770177094,0.014451659247,3
12.870000,-0.005346816393,0.020316252836,-0.013606701089,0.025029600264,3
12.880000,0.020295676762,-0.000514084749,-0.012058932735,0.023613484221,3
12.890000,0.011030903881,-0.018282125306,0.002202452836,0.021465501267,3
12.900000,-0.005618296358,-0.005508807903,0.013918164649,0.015988355940,3
12.910000,-0.018932604928,0.015813849337,0.012505253370,0.027656874770,3
12.920000,-0.001256223207,0.003088127214,-0.010130090446,0.010664584327,3
12.930000,0.017421649929,-0.005182137175,-0.013352479741,0.022553428723,3
12.940000,0.009632268291,-0.017619822482,0.004077572875,0.020490615835,3
12.950000,-0.011810421790,-0.002401596081,0.013715926008,0.018258706221,3
12.960000,-0.016954919557,0.012708860149,0.003272859032,0.021440523075,3
12.970000,0.003464778971,0.012105344503,-0.013581686143,0.018520428109,3
12.980000,0.009331989625,-0.006927471842,-0.014322912010,0.018445099754,3
12.990000,0.002406857554,-0.020314986270,0.008076441045,0.021993647501,3
13.000000,-0.016993435734,0.004850320625,0.022667341564,0.028742144002,3
13.010000,-0.010994230348,0.012531815888,-0.000047470496,0.016670985689,3
13.020000,0.006433377014,0.007057380026,-0.015034955261,0.017811368065,3
13.030000,0.019191525202,-0.005687447281,-0.013849881476,0.024340930817,3
13.040000,0.002866299411,-0.008289226097,0.007507378970,0.011545028393,3
13.050000,-0.010428000050,0.003940738669,0.010591824793,0.015377235081,3
13.060000,-0.000716350822,0.009867982624,0.000515735367,0.009907382224,3
13.070000,0.006399241274,0.004566297213,-0.009104754729,0.012029044758,3
13.080000,0.011953684809,-0.007816844138,-0.008342017337,0.016540341171,3
13.090000,-0.004655262208,-0.015908963159,0.010775364762,0.019770560456,3
13.100000,-0.010438545598,0.001921169457,0.005517627853,0.011962371980,3
13.110000,-0.010255283339,0.014398711027,-0.000718730889,0.017692096814,3
13.120000,0.006918267812,0.003346569892,-0.012845872267,0.014969248273,3
13.130000,0.005293803939,-0.010205163549,-0.006803554399,0.013358820145,3
13.140000,-0.002845363627,-0.005722361800,0.009591683443,0.011525706487,3
13.150000,-0.010925469437,0.006684098604,0.007754640707,0.014972558534,3
13.160000,-0.002662852377,0.008492360582,-0.003945915611,0.009735564752,3
13.170000,0.008690483510,0.003154970343,-0.008446599333,0.012522914270,3
13.180000,0.012409318478,-0.007028435679,-0.001207091754,0.014312482793,3
13.190000,-0.002885883479,-0.008087746917,0.009108141896,0.012517916058,3
13.200000,-0.015587854982,0.006712859594,0.008959373211,0.019191510498,3
13.210000,0.005682397952,0.012382821071,-0.003746324732,0.014130069114,3
13.220000,0.012864524694,-0.004007200393,-0.013472978065,0.019054521472,3
13.230000,0.006478982162,-0.012363585105,-0.003055114376,0.014288777777,3
13.240000,-0.006950286768,-0.005009965462,0.013830819728,0.016269536393,3
13.250000,-0.012555798924,0.008194608404,0.007906669649,0.016950372221,3
13.260000,-0.004032214544,0.007914360129,-0.010588719396,0.013820883793,3
13.270000,0.007927177820,-0.004625784199,-0.009418686650,0.013151033642,3
13.280000,-0.000010421673,-0.014705230608,-0.000610186411,0.014717888547,3
13.290000,-0.009673383735,-0.002566764721,0.010206906649,0.014294879411,3
13.300000,-0.008055635660,0.009031871391,0.005018661429,0.013101714744,3
13.310000,0.002711206673,0.009521129586,-0.009246312597,0.013546100799,3
13.320000,0.012261937170,-0.008049878120,-0.010581883571,0.018086788018,3
13.330000,0.007586293310,-0.019789210815,0.004247393691,0.021614926880,3
13.340000,-0.007203889472,-0.004153391546,0.011598354753,0.014271247942,3
13.350000,-0.006608396122,0.013983115743,0.001307251864,0.015521189794,3
13.360000,0.007692844104,0.005840595463,-0.013145089361,0.016312135975,3
13.370000,0.012313605180,-0.009102851560,-0.010254406251,0.018429314328,3
13.380000,0.006378653465,-0.015429936227,0.011169793421,0.020088166593,3
13.390000,-0.011533158236,-0.002943512190,0.012596792073,0.017330815718,3
13.400000,-0.008022934533,0.015108042667,0.000085361012,0.017106364847,3
13.410000,0.007771587905,0.009217338346,-0.013007916885,0.017735918539,3
13.420000,0.012372542590,-0.015794469559,-0.007571827602,0.021444758148,3
13.430000,-0.003975653371,-0.014140181635,0.011020916277,0.018363309940,3
13.440000,-0.024719322619,0.001868792912,0.012802907425,0.027900747951,3
13.450000,-0.005769873719,0.013640317859,0.000660401583,0.014825176029,3
13.460000,0.011484308250,-0.002123700434,-0.020531088111,0.023620436459,3
13.470000,0.006420863205,-0.014183250158,-0.003812189379,0.016028875731,3
13.480000,-0.002635986580,-0.012313559570,0.013345991713,0.018349050911,3
13.490000,-0.013725109061,0.010497804431,0.011365302850,0.020682181352,3
13.500000,0.001273330658,0.012338902406,-0.001012934241,0.012445718916,3
13.510000,0.013217966390,0.002738123405,-0.015011395965,0.020187965824,3
13.520000,0.014594720831,-0.009236948979,0.000537926597,0.017280522782,3
13.530000,-0.002404176988,-0.008123458458,0.010903465115,0.013807830960,3
13.540000,-0.011011307018,0.008048710062,0.005342968125,0.014648478566,3
13.550000,0.001414012284,0.007434498360,-0.005854534803,0.009568007857,3
13.560000,0.010170411498,0.000206725198,-0.010613905717,0.014701530530,3
13.570000,0.008137137796,-0.011900060969,0.000587722151,0.014428093426,3
13.580000,-0.009616496514,-0.004265739959,0.011455872381,0.015553474037,3
13.590000,-0.014767143627,0.010599892070,0.000439072969,0.018182932323,3
13.600000,0.001401652048,0.010379642770,-0.009313863356,0.014016050197,3
13.610000,0.009708799792,0.000913759043,-0.012144831009,0.015575386648,3
13.620000,0.003197170072,-0.011713617349,0.000811751911,0.012169209877,3
13.630000,-0.011135003513,-0.002603502409,0.011213642400,0.016016001496,3
13.640000,-0.009906949392,0.010255260224,0.004409746693,0.014925276360,3
13.650000,0.005007682376,0.003714012589,-0.008276049490,0.010361648877,3
13.660000,0.018236988519,-0.004822661375,-0.007051035993,0.020138592840,3
13.670000,0.006694811663,-0.011068201464,0.007287342726,0.014846917218,3
13.680000,-0.006210617648,0.001723504710,0.009556684860,0.011527031950,3
13.690000,-0.008681637121,0.008198812647,-0.000675877321,0.011960274331,3
13.700000,0.007873013091,0.007686699074,-0.013912866886,0.017738025335,3
13.710000,0.012033476783,-0.006993473428,-0.004254688570,0.014553886385,3
13.720000,0.003067102181,-0.012540594471,0.013507400368,0.018684846539,3
13.730000,-0.013815415731,0.000180790864,0.014706320662,0.020178559527,3
13.740000,-0.009422590097,0.012722516743,-0.001231964043,0.015879715735,3
13.750000,0.002664106030,0.004582082653,-0.014501027360,0.015439324366,3
13.760000,0.009854052195,-0.009481119316,-0.008249728132,0.015970346971,3
13.770000,-0.002368193040,-0.006062554112,0.007879564812,0.010220099915,3
13.780000,-0.014577417264,0.003379527842,0.013241341948,0.019981377308,3
13.790000,-0.003103331224,0.016010830556,-0.007375258245,0.017898932760,3
13.800000,0.011165491853,0.002455951836,-0.012821935281,0.017178531139,3
13.810000,0.009907398378,-0.009623415378,-0.002450815197,0.014027585726,3
13.820000,-0.002264651717,-0.015485400299,0.021541027664,0.026625967450,3
13.830000,-0.012167603263,0.012995937136,0.006199750980,0.018851574561,3
13.840000,-0.004454123082,0.015006689488,-0.004024924027,0.016162919143,3
13.850000,0.012784945077,0.002404142964,-0.016109117412,0.020705998836,3
13.860000,0.015387884219,-0.013949215936,-0.004873171385,0.021333433979,3
13.870000,-0.008040352663,-0.007499645947,0.010176492559,0.014981754273,3
13.880000,-0.013695521034,0.008360603533,0.010475737651,0.019162673800,3
13.890000,-0.005900410180,0.013022852219,-0.012488052530,0.018983176136,3
13.900000,0.011929992911,-0.000820575082,-0.011007019061,0.016252770315,3
13.910000,0.010052589780,-0.013880809489,0.003685119601,0.017530303473,3
13.920000,-0.015659116263,-0.011271184059,0.015509482037,0.024754626745,3
13.930000,-0.018894384309,0.005097078080,0.012633953742,0.023293663313,3
13.940000,-0.000182646028,0.009841560564,-0.011392146839,0.015055586455,3
13.950000,0.012259022524,-0.004318395375,-0.012660390328,0.018144356012,3
13.960000,0.009865252347,-0.011948617000,0.002980042273,0.015778887921,3
13.970000,-0.008004834270,-0.005695009074,0.008903978746,0.013258632567,3
13.980000,-0.005688994705,0.012422731308,0.002326275439,0.013860031433,3
13.990000,0.006459168601,0.009433590374,-0.010285445604,0.015378682572,3
14.000000,0.014955002320,-0.006514912862,-0.006628494298,0.017607757400,3
14.010000,0.006982883530,-0.013873347901,0.002688726211,0.015762604259,3
14.020000,-0.008376084217,0.004868395191,0.016093034582,0.018784190709,3
14.030000,-0.005803924379,0.015325621746,0.006555658879,0.017650407458,3
14.040000,0.005389307578,0.007954218425,-0.011030513159,0.014628275615,3
14.050000,0.011971496150,-0.005374231357,-0.011476165705,0.017432769775,3
14.060000,0.000253484502,-0.009318639589,0.001849021917,0.009503692979,3
14.070000,-0.011463053476,0.002590975885,0.012951672472,0.017488869914,3
14.080000,-0.006339420008,0.008532713253,0.000841263583,0.010663168662,3
14.090000,0.003736059496,0.003740307185,-0.013370733918,0.014377919318,3
14.100000,0.007085648747,-0.010344249049,-0.007418012665,0.014568349888,3
14.110000,-0.001577949898,-0.011074262496,0.006239974680,0.012808844589,3
14.120000,-0.013338446284,0.003290664230,0.010777494048,0.017461300017,3
14.130000,-0.004153723063,0.009710910365,-0.003619829379,0.011165050834,3
14.140000,0.007166130404,0.004111377338,-0.007697338701,0.011291849789,3
14.150000,0.014190683115,-0.014197256081,0.001852344580,0.020158589929,3
14.160000,-0.002706300727,-0.011055068490,0.012314984376,0.016768942814,3
14.170000,-0.009310809088,0.007508417484,0.007593157990,0.014167693787,3
14.180000,-0.002466987826,0.013459109408,-0.000788523012,0.013706036025,3
14.190000,0.015544100073,0.000647132467,-0.015188844070,0.021742557616,3
14.200000,0.012219190658,-0.010376319260,-0.000335518604,0.016034001199,3
14.210000,-0.004503728066,-0.006839901818,0.008603310036,0.011877910883,3
14.220000,-0.015694150945,0.007850742780,0.004780563822,0.018187752103,3
14.230000,-0.002824605520,0.012234301361,-0.006735896616,0.014248818525,3
14.240000,0.006647722746,-0.002956182726,-0.014026157539,0.015800769897,3
14.250000,0.005253039619,-0.017556406077,0.000838491827,0.018344614690,3
14.260000,-0.005471087971,-0.007007304815,0.010559139835,0.013803280712,3
14.270000,-0.010518202330,0.004931414436,0.002457221596,0.011873894331,3
14.280000,-0.001599999288,0.009290677268,-0.007977891816,0.012350038042,3
14.290000,0.011004460273,-0.002378423394,-0.014098242047,0.018042047350,3
14.300000,0.010935681240,-0.013834655693,0.005491719999,0.018470132941,3
14.310000,-0.012268242299,-0.007792201944,0.020150013849,0.024844541419,3
14.320000,-0.015093132247,0.015002111672,0.007447590945,0.022546232646,3
14.330000,0.004725540250,0.009217189029,-0.006478078670,0.012216906626,3
14.340000,0.026818703312,-0.004800824560,-0.016141636300,0.031667699415,3
14.350000,0.011098906535,-0.010299340152,0.009860590690,0.018069127887,3
14.360000,-0.006329894709,0.000177163298,0.015907724359,0.017121759493,3
14.370000,-0.014996401934,0.018128520113,0.009018952578,0.025196762055,3
14.380000,0.004403964560,0.012742869137,-0.015709093022,0.020701478722,3
14.390000,0.012236319970,-0.009974173680,-0.009591040057,0.018471592145,3
14.400000,0.004625516226,-0.014829362822,0.011279194824,0.019197021590,3
14.410000,-0.022526112757,0.002204907984,0.014763718475,0.027023226276,3
14.420000,-0.009147548684,0.013145690868,0.001551281288,0.016090161869,3
14.430000,0.007603777257,0.004786632142,-0.009244236400,0.012891283197,3
14.440000,0.015127990535,-0.005916303378,-0.011262273223,0.019766070460,3
14.450000,0.001412563484,-0.002181276766,0.004697802005,0.005368672798,3
14.460000,-0.010314459562,0.005111840941,0.007859838630,0.013939012058,3
14.470000,-0.012130143548,0.013996933452,-0.003226451909,0.018800652129,3
14.480000,0.014609204796,0.003372227297,-0.014824184725,0.021084525949,3
14.490000,0.013064140068,-0.011595118027,-0.002182077222,0.017603408158,3
14.500000,-0.006013117991,-0.010839388813,0.011681466170,0.017032515660,3
14.510000,-0.009066398966,0.007157557807,0.008254239945,0.014197277945,3
14.520000,-0.002321409823,0.014285671886,-0.001934095029,0.014601715255,3
14.530000,0.008420084125,-0.005571420528,-0.011075954825,0.014987171803,3
14.540000,0.007942746049,-0.008335933461,-0.005582512620,0.012796071609,3
14.550000,-0.008114697421,-0.007674550970,0.008915091484,0.014290762855,3
14.560000,-0.011617236747,0.005481489613,0.003745823366,0.013380512348,3
14.570000,-0.005231103814,0.002295297488,-0.003660090935,0.006784475170,3
14.580000,0.011198202532,-0.001634967138,-0.012479216963,0.016846474809,3
14.590000,0.002116009966,-0.010799710354,-0.003893401396,0.011673466337,3
14.600000,-0.010067324864,-0.001561106272,0.008927346172,0.013545685379,3
14.610000,-0.010103649047,0.010508909285,0.007412417590,0.016354352111,3
14.620000,0.000102640859,0.006255553035,-0.006225348716,0.008825952955,3
14.630000,0.019668093465,-0.003674654909,-0.014496455215,0.024707978530,3
14.640000,0.009220649136,-0.008044104276,0.002126707841,0.012419777387,3
14.650000,-0.004671735394,-0.001302503187,0.010609288890,0.011665274831,3
14.660000,-0.005586479437,0.010318209928,0.005062440666,0.012778987210,3
14.670000,0.003809431517,0.006388091173,-0.007354450715,0.010459800316,3
14.680000,0.012323683710,-0.001139069283,-0.008048873189,0.014763299721,3
14.690000,0.003099552198,-0.010237874128,0.001375766202,0.010784897919,3
14.700000,-0.006333820848,0.000877250564,0.012871916559,0.014372650799,3
14.710000,-0.009278246733,0.007854045250,-0.001510660682,0.012249652441,3
14.720000,-0.002387720016,0.003632520352,-0.012528206275,0.013260933733,3
14.730000,0.006297269808,-0.007906347204,-0.005060267477,0.011303638356,3
14.740000,0.001189741996,-0.010430616058,0.006164541963,0.012174350701,3
14.750000,-0.010403321756,0.003618888533,0.012320205883,0.016526128729,3
14.760000,-0.009236831752,0.016175877238,0.001661415164,0.018701293153,3
14.770000,0.014705189579,0.009944304403,-0.012261057135,0.021574645135,3
14.780000,0.021667888871,-0.010897658485,-0.010161772037,0.026296729445,3
14.790000,-0.001250407120,-0.014188583369,0.013913873396,0.019911687243,3
14.800000,-0.012086303986,0.007379829454,0.015916193019,0.021304126996,3
14.810000,-0.006566468751,0.015923366037,0.001744594099,0.017312299280,3
14.820000,0.018200274791,0.008374209226,-0.021022140471,0.029039761924,3
14.830000,0.011645559340,-0.008137890439,-0.000914347805,0.014236584739,3
14.840000,-0.004102079722,-0.010622358011,0.018208133450,0.021475513299,3
14.850000,-0.013326892845,0.010898223335,0.016947659523,0.024157824986,3
14.860000,-0.008882606673,0.020447407629,-0.006170696197,0.023131681123,3
14.870000,0.009565672373,-0.001094114584,-0.018178541763,0.020570818051,3
14.880000,0.008905458151,-0.015992776989,-0.005822744208,0.019208863861,3
14.890000,-0.015253415275,-0.005108550013,0.015880436244,0.022604252168,3
14.900000,-0.008096299930,0.001604413568,0.005405726642,0.009866412518,3
14.910000,-0.005612184422,0.010358842844,-0.008274035710,0.014396593555,3
14.920000,0.016347421647,-0.003636189244,-0.014793130720,0.022344949837,3
14.930000,0.008092380222,-0.010525253202,-0.001265089696,0.013336717158,3
14.940000,-0.002480975256,-0.005747054485,0.012723012549,0.014179524738,3
14.950000,-0.012455920340,0.009387137298,0.005791568705,0.016637625018,3
14.960000,0.003851064646,0.011802353846,-0.008253012488,0.014907664818,3
14.970000,0.014100204688,-0.002503620465,-0.010266739296,0.017620721423,3
14.980000,0.005190410851,-0.007215537336,-0.000147875112,0.008889668773,3
14.990000,-0.007141540088,-0.001768397431,0.012219465298,0.014263385169,3
15.000000,-0.011991442019,0.010357845935,0.007642660326,0.017592325343,3
15.010000,0.000899159812,0.007594532077,-0.012763510719,0.014879267849,3
15.020000,0.008155319999,-0.010163698135,-0.010792257554,0.016919894420,3
15.030000,0.002962115381,-0.006859034490,0.004189136187,0.008565590678,3
15.040000,-0.008184467676,-0.001428625756,0.013258886922,0.015646870777,3
15.050000,-0.011661459035,0.005707363557,-0.001602311762,0.013081705874,3
15.060000,0.004901736940,0.006114986740,-0.020189344859,0.021657094305,3
15.070000,0.011289827920,-0.011514803429,-0.012282636345,0.020271015467,3
15.080000,0.001569977222,-0.010794508354,0.006753923628,0.012829720318,3
15.090000,-0.011463183785,0.002099387117,0.008898307633,0.014662601662,3
15.100000,-0.006093165276,0.011889568189,-0.002162921842,0.013533910215,3
15.110000,0.004712266197,0.006114483554,-0.008084640961,0.011178272734,3
15.120000,0.013703389734,-0.008159132905,-0.004052066754,0.016455199329,3
15.130000,0.000977277551,-0.008113161281,0.006229091484,0.010275214747,3
15.140000,-0.011608801468,0.002240436107,0.012422643573,0.017149515994,3
15.150000,-0.004738148098,0.006835473540,0.000539131167,0.008334531081,3
15.160000,0.012535529301,0.001430088027,-0.011907967126,0.017348899898,3
15.170000,0.009335021200,-0.006726556372,-0.001553523497,0.011610452906,3
15.180000,-0.007914526663,-0.015186086249,0.017026208081,0.024148472198,3
15.190000,-0.010747867257,0.003792859765,0.006900321447,0.013323545769,3
15.200000,-0.010350816188,0.019780903571,-0.004933226385,0.022863951198,3
15.210000,0.011834641966,-0.002405626489,-0.012766332887,0.017573418696,3
15.220000,0.009033626152,-0.013478030852,0.000507186798,0.016233328542,3
15.230000,-0.010749038142,-0.014074353953,0.023973614961,0.029805426930,3
15.240000,-0.020874827316,0.011909183051,0.013570838428,0.027599904204,3
15.250000,-0.004645195747,0.028947360609,-0.026199230709,0.039318280984,3
15.260000,0.029627700033,0.002824605407,-0.033840750886,0.045066344709,3
15.270000,0.017222399525,-0.045050461800,0.005304414774,0.048521046669,3
15.280000,-0.021369019878,-0.014416067339,0.035450599608,0.043831529983,3
15.290000,-0.041768770131,0.036912355200,0.023511589949,0.060497495705,3
15.300000,0.001010185560,0.047914589175,-0.035888238041,0.059873148910,3
15.310000,0.055402336453,-0.004802468686,-0.042131998784,0.069768100960,3
15.320000,0.055892777898,-0.065778954112,0.020613047281,0.088745541541,3
15.330000,-0.039721639740,-0.021442903940,0.048089386832,0.065956015032,3
15.340000,-0.051698555358,0.068985091509,0.034720174963,0.092936397746,3
15.350000,-0.005573401873,0.049785726978,-0.060388284216,0.078462897536,3
15.360000,0.066628122126,-0.048753625997,-0.077033576715,0.112917645421,3
15.370000,0.025738138013,-0.103377063926,0.018963679136,0.108207625520,3
15.380000,-0.101328182754,-0.009503922521,0.082105391513,0.130763222960,3
15.390000,-0.089302409223,0.062375948534,0.026995834623,0.112225016532,3
15.400000,0.027512388612,0.043099781060,-0.089668323352,0.103222724568,3
15.410000,0.083355694328,-0.044735735143,-0.059848724821,0.111943412662,3
15.420000,0.012500440959,-0.083908782772,0.057515721300,0.102493917122,3
15.430000,-0.054255456895,0.007209235647,0.059897208263,0.081137557513,3
15.440000,-0.053498017642,0.081731723140,-0.006764144352,0.097917649624,3
15.450000,0.077225435574,0.005152894240,-0.082388687396,0.113040771536,3
15.460000,0.088734552727,-0.047233686841,-0.040818758534,0.108494299705,3
15.470000,0.022908235000,-0.040825011772,0.058740846459,0.075112954008,3
15.480000,-0.059537521250,0.028284089060,0.074772432136,0.099677593962,3
15.490000,-0.033181245980,0.093407495472,-0.023903655438,0.101967347904,3
15.500000,0.071414113036,0.018659073276,-0.106214798318,0.129343418611,3
15.510000,0.058746973759,-0.087515829809,-0.017280394747,0.106812168949,3
15.520000,-0.082396673606,-0.055636295288,0.072958197568,0.123318724316,3
15.530000,-0.098439185467,0.041347861647,0.080022220968,0.133429662171,3
15.540000,-0.043824074899,0.090016454490,-0.047277570480,0.110718924716,3
15.550000,0.055805344394,-0.029167962843,-0.082889263828,0.104094363811,3
15.560000,0.053546801426,-0.064024603034,-0.013588428668,0.084563911512,3
15.570000,-0.026480471857,-0.027499417220,0.098909191106,0.106021042357,3
15.580000,-0.040501555010,0.023020122627,0.039787668070,0.061264676074,3
15.590000,-0.000531544024,0.067105518719,-0.031524269404,0.074143190807,3
15.600000,0.030922295260,-0.002698470618,-0.030853235604,0.043765194334,3
15.610000,0.020545512142,-0.022287804475,0.012368903849,0.032739182640,3
15.620000,-0.008501949946,-0.015836586279,0.025863187913,0.031495795067,3
15.630000,-0.013238376589,0.012407757462,0.004825271272,0.018774725106,3
15.640000,0.002772941521,0.014748768314,-0.010116039377,0.018098332081,3
15.650000,0.011679764869,-0.007444808515,-0.010711120630,0.017509145792,3
15.660000,0.007852020671,-0.011376393069,-0.003245667264,0.014198975452,3
15.670000,-0.013648835670,-0.002705422022,0.012209813208,0.018511876243,3
15.680000,-0.014347904810,0.011322685359,0.008942533719,0.020347837366,3
15.690000,0.000331419659,0.010198943769,-0.010014472132,0.014297480375,3
15.700000,0.014376277409,-0.006566518428,-0.013081231237,0.020516216198,3
15.710000,0.003739125025,-0.014960985528,0.006913818022,0.016900089454,3
15.720000,-0.018521097895,-0.002068070937,0.021886679397,0.028746038330,3
15.730000,-0.012147147639,0.012361496741,-0.000715828234,0.017345668263,3
15.740000,0.006696867480,0.005854862787,-0.015070718829,0.017500114809,3
15.750000,0.018685603790,-0.007703642582,-0.014305889672,0.024761994616,3
15.760000,0.004498611210,-0.014278334844,0.008110705399,0.017026211875,3
15.770000,-0.007338834875,-0.001917978221,0.012510121901,0.014630115780,3
15.780000,-0.006120501143,0.018516837462,0.001637112574,0.019570741975,3
15.790000,0.009069856472,0.012336073545,-0.018290233025,0.023853168155,3
15.800000,0.018288268068,-0.015787450696,-0.010588835340,0.026378547767,3
15.810000,-0.002385806012,-0.009700518849,0.007058873366,0.012231918471,3
15.820000,-0.016352210416,0.003875684056,0.013414836605,0.021502873146,3
15.830000,-0.008370227320,0.016109935869,-0.008898373793,0.020218105630,3
15.840000,0.007745918370,0.007296491573,-0.015111883728,0.018482615358,3
15.850000,0.004605388085,-0.009769484579,-0.004928661827,0.011871989545,3
15.860000,-0.007903752690,-0.007459955259,0.008834543520,0.014006048631,3
15.870000,-0.009495938787,0.003883843350,0.006573321393,0.012184647995,3
15.880000,-0.006105304494,0.011380963189,-0.006460255094,0.014440774285,3
15.890000,0.010003777764,-0.001548024348,-0.010180903220,0.014356975284,3
15.900000,0.010647813037,-0.009209917465,-0.003922586251,0.014614553880,3
15.910000,-0.001746946325,-0.007358806839,0.012451580306,0.014568655108,3
15.920000,-0.009561423066,0.005987145435,0.007396042890,0.013489557885,3
15.930000,0.003206139204,0.012289010348,-0.005326411213,0.013772064491,3
15.940000,0.019206484961,0.002319644688,-0.018473720791,0.026749732258,3
15.950000,0.013895722221,-0.013594945694,-0.000617168797,0.019449795418,3
15.960000,-0.006562061520,-0.002769472028,0.008188762591,0.010852947041,3
15.970000,-0.007146526539,0.005837117275,0.003628931094,0.009915337641,3
15.980000,0.003992020016,0.011420638457,-0.011582428614,0.016748727091,3
15.990000,0.004519290719,-0.002003990209,-0.008001958970,0.009405919026,3
16.000000,0.007460522562,-0.010382341930,0.001090261896,0.012831254493,3
16.010000,-0.011197820234,-0.001173805775,0.013699476047,0.017732587007,3
16.020000,-0.014750766051,0.009114751706,0.004087148775,0.017814841645,3
16.030000,-0.000370804743,0.009167529704,-0.011098896031,0.014400228822,3
16.040000,0.010294146106,-0.003631814355,-0.006080866227,0.012495457320,3
16.050000,0.000817699112,-0.012045156353,0.005648581475,0.013328949549,3
16.060000,-0.008365742550,-0.004194984518,0.009612994520,0.013416154708,3
16.070000,-0.009626365268,0.009717316841,0.001509572560,0.013761248641,3
16.080000,0.008158192176,0.009010262295,-0.008289790150,0.014712632223,3
16.090000,0.015115302222,-0.009569216208,-0.009373752919,0.020196769640,3
16.100000,0.005202531316,-0.013386649152,0.008872254978,0.016881516994,3
16.110000,-0.009220655189,0.003790591359,0.012825794033,0.016244693211,3
16.120000,-0.005735539087,0.011912346687,-0.003377618683,0.013645831604,3
16.130000,0.005639742235,0.004330010026,-0.009300376536,0.011706950201,3
16.140000,0.011983089702,-0.012045692671,-0.006003367793,0.018020365579,3
16.150000,-0.006060407033,-0.012034093611,0.009646928207,0.016571396027,3
16.160000,-0.010442566535,0.005720083113,0.009289284696,0.015101568025,3
16.170000,-0.008635290645,0.014977110488,-0.000349137848,0.017291731559,3
16.180000,0.004262832256,-0.000340264175,-0.009151646121,0.010101492230,3
16.190000,0.010640546536,-0.011191521892,-0.005745923591,0.016476863499,3
16.200000,-0.011839492915,-0.009731371876,0.014311507762,0.020968844639,3
16.210000,-0.019318670286,0.011712476988,0.009662525790,0.024571478251,3
16.220000,-0.005826367254,0.023103035701,-0.006375196852,0.024664548422,3
16.230000,0.017878321887,-0.000788073670,-0.015258014951,0.023517280325,3
16.240000,0.012723946325,-0.016938286633,0.000276557019,0.021186808346,3
16.250000,-0.005383424744,-0.004978003029,0.014679984697,0.016409257351,3
16.260000,-0.014169902122,0.014776056458,0.014736120089,0.025224416859,3
16.270000,0.003965743617,0.020786306865,-0.006064559993,0.022013099815,3
16.280000,0.016259678386,-0.009627590384,-0.016868820780,0.025330312914,3
16.290000,0.011281244342,-0.014425701899,0.005573657720,0.019142440011,3
16.300000,-0.007799794773,-0.004993028015,0.015920829098,0.018418466995,3
16.310000,-0.016055410028,0.012518431819,0.008747116087,0.022158505505,3
16.320000,-0.005905272322,0.021176045836,-0.011027929033,0.024594966501,3
16.330000,0.010758147100,-0.007782973120,-0.014567355489,0.019710916913,3
16.340000,0.004483870572,-0.012242497023,0.002175972776,0.013218119616,3
16.350000,-0.014086409325,-0.006893764356,0.016192342941,0.022542024855,3
16.360000,-0.017890440793,0.009369582663,0.010230946771,0.022639108262,3
16.370000,-0.000711748379,0.008988781831,-0.006243685001,0.010967606255,3
16.380000,0.013800897153,-0.006852754575,-0.006268601158,0.016634914126,3
16.390000,0.000638271292,-0.009832815463,0.004069434735,0.010660766822,3
16.400000,-0.007394113228,-0.002797754330,0.012106154031,0.014458883260,3
16.410000,-0.006841689298,0.015283692728,-0.001580339471,0.016819555544,3
16.420000,0.013502452697,0.008755750000,-0.012608385789,0.020443844528,3
16.430000,0.019250655389,-0.017673741380,-0.008310805487,0.027422953071,3
16.440000,0.007375992523,-0.016033607165,0.010907562261,0.020747451383,3
16.450000,-0.017507679250,-0.001315757259,0.020568369030,0.027042704273,3
16.460000,-0.016622331945,0.028638738285,-0.004775919507,0.033455771654,3
16.470000,0.020665133792,0.008015246938,-0.030934996826,0.038056089746,3
16.480000,0.030698442238,-0.033326852117,-0.013393525291,0.047248914776,3
16.490000,-0.004664197390,-0.045318874757,0.034805200907,0.057331990691,3
16.500000,-0.048295895565,0.007529874184,0.039061336954,0.062569805644,3
16.510000,-0.043355197880,0.060367667730,-0.037283108553,0.083150217521,3
16.520000,0.047884956371,0.026690327577,-0.043791775108,0.070164536626,3
16.530000,0.097661247910,-0.075354446870,-0.032703429895,0.127614757506,3
16.540000,-0.022774841077,-0.043350026102,0.068489088311,0.084194259702,3
16.550000,-0.132479032862,0.068546917861,0.086404599492,0.172380767227,3
16.560000,-0.032202872401,0.086876879492,-0.024588709150,0.095860428743,3
16.570000,0.115104436977,0.017598457762,-0.104420335942,0.156404423485,3
16.580000,0.113484907164,-0.069592077895,-0.035215256899,0.137702562715,3
16.590000,-0.010799107169,-0.046449049643,0.110220480554,0.120094501381,3
16.600000,-0.069680093034,0.054176914425,0.042771696245,0.098080943213,3
16.610000,-0.026462844490,0.064788530195,-0.012413019341,0.071076851594,3
16.620000,0.050169585654,-0.026987826159,-0.045647491501,0.073000161410,3
16.630000,0.035167908848,-0.058800510205,-0.003686454749,0.068613932708,3
16.640000,-0.028563933884,-0.015750954980,0.029769558213,0.044161266942,3
16.650000,-0.049924178638,0.047153472709,0.022202445194,0.072172170355,3
16.660000,-0.001560840403,0.036429694379,-0.023665755110,0.043469838051,3
16.670000,0.035403329802,-0.032379228974,-0.044864205143,0.065685669161,3
16.680000,-0.000315154704,-0.051508641388,0.010721305234,0.052613551924,3
16.690000,-0.033275180652,-0.008662444818,0.045076394289,0.056693535079,3
16.700000,-0.055347776648,0.048704191729,0.026700410890,0.078411648456,3
16.710000,0.026332753641,0.028167755997,-0.024242931389,0.045547295359,3
16.720000,0.083401658010,-0.034700099987,-0.039491750581,0.098587686158,3
16.730000,0.028550034067,-0.049353960506,0.026320221444,0.062798661767,3
16.740000,-0.069425827290,-0.013299532712,0.062929620744,0.094641218464,3
16.750000,-0.062706472527,0.085520640732,0.035215492893,0.111740827935,3
16.760000,0.002677916997,0.035945106897,-0.054002359397,0.064926703056,3
16.770000,0.102983254999,-0.042882072575,-0.053385282813,0.123670576046,3
16.780000,0.012029905492,-0.062114068015,0.030062173218,0.070047200730,3
16.790000,-0.075058779840,0.024639829589,0.076002564239,0.109623589634,3
16.800000,-0.039172022019,0.049817263995,0.001184847402,0.063384627193,3
16.810000,0.012655240174,0.030150403453,-0.060942852791,0.069160922770,3
16.820000,0.035841215985,-0.033661285808,-0.039373525431,0.062991661594,3
16.830000,-0.007921103366,-0.034162480336,0.016441397570,0.038731621387,3
16.840000,-0.064652310118,0.007612822229,0.030899270780,0.072059983352,3
16.850000,-0.026744057017,0.049736828383,-0.007649389851,0.056986926996,3
16.860000,0.039982631596,0.006011479069,-0.058330496007,0.070973202509,3
16.870000,0.069620253525,-0.075765798100,0.012380255509,0.103637380269,3
16.880000,-0.005771641291,-0.031423925672,0.062964539415,0.070606714777,3
16.890000,-0.079639516447,0.043921304028,0.078292095221,0.120004940321,3
16.900000,-0.016264645813,0.071004441525,-0.030307257790,0.078896763523,3
16.910000,0.077013694885,0.030619239811,-0.053404365734,0.098593475067,3
16.920000,0.091315352820,-0.072509461326,-0.001793844173,0.116616180350,3
16.930000,-0.019640071529,-0.060655719324,0.075050263479,0.098475330641,3
16.940000,-0.042873101611,0.040497213459,0.040196636108,0.071371539804,3
16.950000,-0.001522118602,0.061697505570,-0.029015751482,0.068196868497,3
16.960000,0.044652078631,0.002009154874,-0.033838777333,0.056061641796,3
16.970000,0.020165071119,-0.046200409720,-0.007775769735,0.051005593287,3
16.980000,-0.022857637139,-0.021283448572,0.041850437698,0.052219880259,3
16.990000,-0.064347222362,0.045910675402,0.010158783356,0.079696649998,3
17.000000,-0.017340222289,0.046617861049,-0.052333027699,0.072198712357,3
17.010000,0.042634875775,-0.024788575402,-0.042624976867,0.065185080776,3
17.020000,0.009297767365,-0.079896808427,0.016982047226,0.082209113867,3
17.030000,-0.042890860782,0.005404189743,0.078312464076,0.089452072279,3
17.040000,-0.039309687248,0.104016253578,0.031574433203,0.115592289328,3
17.050000,0.052526751028,0.069838547402,-0.049877714719,0.100619425075,3
17.060000,0.126470502197,-0.009503207767,-0.037298745596,0.132197939874,3
17.070000,0.025803347398,-0.071348477258,0.041008134920,0.086244333574,3
17.080000,-0.065411998607,0.009438659721,0.106769532380,0.125568908985,3
17.090000,-0.092674682578,0.069069633649,0.018434073738,0.117042838986,3
17.100000,0.027721844334,0.039764603863,-0.069653027902,0.084860289120,3
17.110000,0.037020040130,-0.041111311725,-0.035427306938,0.065694119979,3
17.120000,0.000563047622,-0.037556744422,0.032168124845,0.049453152885,3
17.130000,-0.030138200823,-0.002703912122,0.043029489611,0.052603795166,3
17.140000,-0.024206114212,0.036343637574,-0.005789612322,0.044049013249,3
17.150000,0.001933146847,0.013062631544,-0.043057932082,0.045037261403,3
17.160000,0.014775834604,-0.024987671331,-0.013639735100,0.032074154399,3
17.170000,-0.008918792548,-0.025458578929,0.015593470607,0.031158312328,3
17.180000,-0.022915591377,0.011852782415,0.017325044026,0.031076839119,3
17.190000,-0.004974811573,0.015528816689,-0.006296643862,0.017479720303,3
17.200000,0.017397909588,0.007763854671,-0.024138420071,0.030751065362,3
17.210000,0.016752168173,-0.014340167511,-0.006893516136,0.023104027949,3
17.220000,-0.002274164909,-0.010483423868,0.018747982118,0.021600019341,3
17.230000,-0.006692443567,0.013375189832,0.012963044412,0.019792044472,3
17.240000,-0.003207018521,0.015295754211,-0.010782819460,0.018987213070,3
17.250000,0.014312394198,0.006685237583,-0.015207038351,0.021926947910,3
17.260000,0.017991509388,-0.024794248026,-0.003950348502,0.030887771019,3
17.270000,-0.012332585960,-0.009462479615,0.014755093682,0.021432311739,3
17.280000,-0.025274441440,0.017213053401,0.003624130013,0.030793195934,3
17.290000,-0.005014587628,0.009044344856,-0.007014184572,0.012495801221,3
17.300000,0.015925957130,-0.000939378903,-0.013223943918,0.020721757550,3
17.310000,0.009036599470,-0.020636026987,0.000642938659,0.022537060809,3
17.320000,-0.013033588268,-0.006430511202,0.012482254388,0.019158094166,3
17.330000,-0.012528688465,0.019496225610,0.003373304955,0.023419010099,3
17.340000,0.000779194581,0.010717763934,-0.012237848156,0.016286268309,3
17.350000,0.014670480427,-0.009138704106,-0.011499768581,0.020760144174,3
17.360000,0.008911232876,-0.010109564156,0.003027213812,0.013812218586,3
17.370000,-0.010898937439,-0.003064205478,0.014233962981,0.018187410334,3
17.380000,-0.013976124437,0.009291958228,0.002487362672,0.016966423166,3
17.390000,0.002708929063,0.005072616024,-0.011105072712,0.012505693501,3
17.400000,0.014096034661,-0.005372539237,-0.009973467955,0.018084038102,3
17.410000,0.005705625428,-0.010199887212,0.008061972247,0.014198142737,3
17.420000,-0.013770541998,0.002141218651,0.011938770939,0.018350664723,3
17.430000,-0.008189573813,0.014419869506,0.002196953261,0.016728071002,3
17.440000,0.001149233865,0.010648850055,-0.012892075325,0.016760798076,3
17.450000,0.016865023528,-0.013223750875,-0.010006321090,0.023652126068,3
17.460000,0.003747080531,-0.024180403097,0.008819729753,0.026010000756,3
17.470000,-0.020285502493,-0.001819951641,0.015263282892,0.025451554765,3
17.480000,-0.014187880421,0.018771759253,0.009435561697,0.025351621661,3
17.490000,0.009980733986,0.015077859929,-0.035807391412,0.040113915176,3
17.500000,0.013528163349,-0.023539505341,-0.019636711963,0.033507013773,3
17.510000,-0.008193916615,-0.026533012396,0.016973109082,0.032545774659,3
17.520000,-0.020645436083,0.015474673021,0.034731584776,0.043266413270,3
17.530000,0.000393872862,0.031237257603,-0.000527609455,0.031244195783,3
17.540000,0.040355706789,0.000167374535,-0.030776877748,0.050752608688,3
17.550000,0.051103875635,-0.025208063393,-0.019040259169,0.060079813866,3
17.560000,0.005353017434,-0.044412742494,0.046020798763,0.064179906593,3
17.570000,-0.051592370228,0.030473814415,0.078927432900,0.099095740044,3
17.580000,-0.008764907643,0.077892137083,-0.032315565733,0.084783868831,3
17.590000,0.035226241338,0.036606014662,-0.084587991523,0.098671255683,3
17.600000,0.025338627606,-0.062464252931,-0.024205914417,0.071622309624,3
17.610000,-0.038823655940,-0.055545008965,0.071397123314,0.098438170945,3
17.620000,-0.127498682240,0.044842990932,0.059274463241,0.147581400593,3
17.630000,-0.026609082647,0.072904736006,-0.051417890394,0.093096419179,3
17.640000,0.067818578015,-0.007048123446,-0.084125618897,0.108287373792,3
17.650000,0.040394863259,-0.082422488432,0.011434476754,0.092498426126,3
17.660000,-0.055788240214,-0.033770886197,0.091755639894,0.112569524974,3
17.670000,-0.088049949638,0.078387301063,0.072557507768,0.138426711774,3
17.680000,0.008923439818,0.079030820564,-0.057975479764,0.098420803853,3
17.690000,0.119619180074,-0.050180560554,-0.102276206727,0.165188556993,3
17.700000,0.082361114194,-0.081984288109,0.026295007709,0.119147824397,3
17.710000,-0.027687823981,-0.039290242431,0.080266315333,0.093557576519,3
17.720000,-0.110805659339,0.095169527859,0.025566073339,0.148286065699,3
17.730000,0.037735630704,0.072272198277,-0.097768645461,0.127302617819,3
17.740000,0.078975981450,-0.052299636304,-0.083453028916,0.126241299259,3
17.750000,0.059132250685,-0.091382991807,0.041318615747,0.116424663495,3
17.760000,-0.116549628652,0.008729775829,0.124260090247,0.170588964922,3
17.770000,-0.086464367439,0.149216636307,0.011728379620,0.172856143298,3
17.780000,0.020040019264,0.042322277747,-0.094629827283,0.105582109173,3
17.790000,0.078225977925,-0.057552888689,-0.055935028743,0.112073038949,3
17.800000,-0.042335697132,-0.116901779109,0.040732003947,0.130833609428,3
17.810000,-0.083982471422,0.023575636165,0.060518676140,0.106166738146,3
17.820000,-0.074503940245,0.080812231137,0.016061226797,0.111082927669,3
17.830000,0.034848791596,0.015562724360,-0.038567981650,0.054259799795,3
17.840000,0.039454753739,-0.023332284505,-0.007746263515,0.046487392821,3
17.850000,-0.001534243082,-0.026968628214,0.030535761675,0.040768781569,3
17.860000,-0.014911656427,0.004394583312,0.027761347411,0.031817640861,3
17.870000,-0.012218849792,0.023601755788,0.002783238314,0.026722454641,3
17.880000,0.020126056201,0.005903673031,-0.012725310652,0.024532529928,3
17.890000,0.017014715291,-0.009944743670,-0.000456141417,0.019713105490,3
17.900000,0.000005232037,-0.008209367444,0.007908054649,0.011398731049,3
17.910000,-0.013051440299,0.010253821512,0.007330287309,0.018144256984,3
17.920000,-0.006897555753,0.021915383412,-0.010295930306,0.025176705232,3
17.930000,0.007899856879,0.000176411041,-0.012886402581,0.015116157946,3
17.940000,0.009417745109,-0.012542174318,-0.000602592844,0.015695960553,3
17.950000,-0.005245789154,-0.009670822698,0.010544409078,0.015239018285,3
17.960000,-0.012193449546,0.004058470379,0.006494279588,0.014398856240,3
17.970000,-0.006610689255,0.011165135097,-0.002460417849,0.013206631295,3
17.980000,0.010934197538,0.003026396176,-0.007939801520,0.013847606212,3
17.990000,0.006195515654,-0.012599204032,0.000086225343,0.014040362932,3
18.000000,-0.003738341329,-0.006765681828,0.008492265739,0.011483389041,3
18.010000,-0.008388457487,0.009372932179,0.002341629352,0.012794581067,3
18.020000,0.007145065280,0.012233633490,-0.006276653176,0.015495487127,3
18.030000,0.008690354493,-0.002463381001,-0.009849211058,0.013364036278,3
18.040000,0.006215760172,-0.008177284483,0.002643022960,0.010606093834,3
18.050000,-0.004219944949,-0.004246901700,0.016662582705,0.017705529414,3
18.060000,-0.009339286560,0.011005251521,0.000063633132,0.014434052919,3
18.070000,0.001993565416,0.011591443996,-0.015924995718,0.019797509076,3
18.080000,0.006879829070,-0.002862989374,-0.007776889289,0.010770736428,3
18.090000,0.001700660272,-0.009793311681,0.000042269319,0.009939969101,3
18.100000,-0.019993031042,-0.003055750257,0.013970749367,0.024581308707,3
18.110000,-0.014968164281,0.016112972865,0.001606643622,0.022051193623,3
18.120000,0.004362357236,0.004495900300,-0.013103594941,0.014524031139,3
18.130000,0.019140847667,-0.011276050541,-0.015299032619,0.026973723590,3
18.140000,0.002790144387,-0.011132300121,0.011760570206,0.016432407714,3
18.150000,-0.012519357332,0.004669370099,0.010287655925,0.016863368274,3
18.160000,-0.012590023948,0.027681421632,-0.001212873136,0.030434205557,3
18.170000,0.012129187454,0.001131377323,-0.018198845012,0.021899661247,3
18.180000,0.012049328730,-0.014495560495,-0.006702275053,0.020005701383,3
18.190000,0.004902711136,-0.014111659531,0.014331856926,0.020702116659,3
18.200000,-0.007687089985,0.005930362804,0.008484599104,0.012893757303,3
18.210000,-0.005149183382,0.018965097665,-0.005657423703,0.020449827919,3
18.220000,0.013538574385,0.003719194175,-0.021602518801,0.025764204242,3
18.230000,0.011222170115,-0.012446443304,-0.004006443739,0.017230863137,3
18.240000,-0.001489804815,-0.006309123143,0.011415302440,0.013127592430,3
18.250000,-0.017392382323,0.009417986947,0.007550949497,0.021170977288,3
18.260000,-0.004306843614,0.007593715954,-0.004140312550,0.009662070788,3
18.270000,0.005611901718,0.002952884553,-0.009167604268,0.011147104381,3
18.280000,0.012000734742,-0.013778065606,-0.000754697740,0.018287216706,3
18.290000,-0.011546918598,-0.015818618316,0.016580884407,0.025660977032,3
18.300000,-0.010459629932,0.006788814615,0.008010223528,0.014820780788,3
18.310000,-0.005985158292,0.015049457083,-0.011033688406,0.019597207916,3
18.320000,0.012259437772,-0.002206629936,-0.008689140325,0.015187632790,3
18.330000,0.011781893101,-0.012699742446,0.001415218079,0.017381004155,3
18.340000,-0.002977728352,-0.001873796870,0.009095244370,0.009751997283,3
18.350000,-0.012862908821,0.013500170094,0.001953719195,0.018749027564,3
18.360000,0.005085249829,0.013939020337,-0.009995833595,0.017890576934,3
18.370000,0.013920155023,-0.005462433373,-0.011451181832,0.018834501840,3
18.380000,0.003143293597,-0.009338578403,0.001379603251,0.009949504829,3
18.390000,-0.004323455832,-0.002408831354,0.004539578863,0.006715840608,3
18.400000,-0.015686351036,0.014286547255,0.000532287649,0.021223816138,3
18.410000,0.000989347561,0.014676347708,-0.011458526776,0.018645960059,3
18.420000,0.012937924348,-0.002636524576,-0.008577044849,0.015745057848,3
18.430000,0.000518066419,-0.018769944161,0.009448483037,0.021020300386,3
18.440000,-0.012752739012,-0.000143692233,0.008611076906,0.015388425691,3
18.450000,-0.008523708253,0.006158329661,0.001006341317,0.010563680677,3
18.460000,-0.002106813617,0.007989889913,-0.011150646338,0.013878541645,3
18.470000,0.012432667024,-0.010840800578,-0.005960710451,0.017539219925,3
18.480000,0.004778948805,-0.008740215625,0.006640516401,0.011971891201,3
18.490000,-0.015211076465,0.005377195895,0.011316328045,0.019706607098,3
18.500000,-0.008867476034,0.019614322051,0.000788043463,0.021540073659,3
18.510000,0.014144483739,0.004664333914,-0.011674046773,0.018923683552,3
18.520000,0.010221078877,-0.006284881397,-0.005390339204,0.013153932656,3
18.530000,0.000859212303,-0.008021322962,0.005737018131,0.009899153746,3
18.540000,-0.011396637533,0.009082475301,0.010912734173,0.018206110836,3
18.550000,-0.002324592231,0.011934485544,0.000402176718,0.012165419037,3
18.560000,0.004785086233,0.002307397765,-0.010919208184,0.012142909127,3
18.570000,0.011879391056,-0.019152043929,-0.004838705383,0.023050678695,3
18.580000,0.001132112348,-0.015503232838,0.010121287956,0.018549188033,3
18.590000,-0.015065501039,0.009942433257,0.006805120063,0.019290696195,3
18.600000,-0.007392800848,0.011961691865,-0.004946561799,0.014906510332,3
18.610000,0.010269047635,0.005869750322,-0.016064184414,0.019949068376,3
18.620000,0.014920538469,-0.007001753183,-0.008599830715,0.018590430446,3
18.630000,-0.012739780814,-0.012412248314,0.013773929336,0.022496378659,3
18.640000,-0.010665692656,0.009718282393,0.009813853535,0.017450321880,3
18.650000,-0.004545936164,0.004061779244,-0.010229569559,0.011908302968,3
18.660000,0.016165035201,0.002155931647,-0.015330850711,0.022382836903,3
18.670000,0.019061956390,-0.025206797943,0.005406655349,0.032062014379,3
18.680000,-0.000163389834,-0.011708699098,0.019543969295,0.022783482320,3
18.690000,-0.020863971545,0.019975104154,0.006883831853,0.029693387068,3
18.700000,0.003285036457,0.016612406851,-0.008426259341,0.018914686685,3
18.710000,0.010472899592,-0.003081775896,-0.012567767788,0.016647154583,3
18.720000,-0.000366920673,-0.015951369970,0.001042378871,0.015989602510,3
18.730000,-0.006201922792,-0.001284869336,0.008703930626,0.010764438855,3
18.740000,-0.011751847994,0.011734251444,0.002552166611,0.016802146965,3
18.750000,-0.001340535926,0.008807835698,-0.009423212164,0.012968112189,3
18.760000,0.006234558983,-0.004932409902,-0.008739711161,0.011814437961,3
18.770000,0.001040372503,-0.009986637336,0.002494961417,0.010346020138,3
18.780000,-0.014999701341,0.000499655105,0.017299770489,0.022902461757,3
18.790000,-0.006223257092,0.007444404345,0.000793474949,0.009735383268,3
18.800000,0.009540140581,0.008919018597,-0.017173891154,0.021575581392,3
18.810000,0.009608990730,-0.007340878348,-0.002719305440,0.012394184921,3
18.820000,0.001669220744,-0.013912380464,0.006949960127,0.015641054115,3
18.830000,-0.007881167034,0.004921185064,0.013883662355,0.016705895266,3
18.840000,-0.007599022304,0.016643781323,-0.002440019602,0.018458447723,3
18.850000,0.011544687916,0.007701991632,-0.012124300204,0.018428216127,3
18.860000,0.013936773029,-0.007880383868,-0.006643358275,0.017334021505,3
18.870000,-0.001063187265,-0.007727663631,0.007172326425,0.010596670170,3
18.880000,-0.017197401626,0.004824939872,0.015655174853,0.023751108756,3
18.890000,-0.008505174651,0.012623374928,-0.006730517152,0.016642939991,3
18.900000,0.005668573296,-0.000262545058,-0.010593939458,0.012018036709,3
18.910000,0.008473602400,-0.009564926808,-0.005297886028,0.013833197708,3
18.920000,-0.007024009429,-0.006014799473,0.008867993185,0.012812330947,3
18.930000,-0.018981780888,0.005364057848,0.012809395816,0.023519390797,3
18.940000,-0.003517968655,0.012398599387,-0.000773110223,0.012911199388,3
18.950000,0.008287736549,0.000398889341,-0.014049941623,0.016317063137,3
18.960000,0.006678077128,-0.007544362841,-0.002891088643,0.010482009271,3
18.970000,-0.006962685271,-0.008417204040,0.009805021340,0.014678785833,3
18.980000,-0.008164991248,0.008895052163,0.011853530070,0.016920260346,3
18.990000,-0.002074284903,0.022106054531,-0.007689783023,0.023497086367,3
19.000000,0.010296201237,-0.001946760689,-0.015507934801,0.018716241046,3
19.010000,0.013602843388,-0.008248385058,0.001393994701,0.015969233718,3
19.020000,-0.005103051446,-0.004961825017,0.014853082779,0.016470425301,3
19.030000,-0.011521958377,0.010829506890,-0.000086847953,0.015812693853,3
19.040000,-0.000763538584,0.009428933585,-0.008622069802,0.012799526061,3
19.050000,0.015142118996,-0.009328043829,-0.011609573203,0.021238605400,3
19.060000,0.003061009199,-0.027256553411,0.000412420123,0.027430996546,3
19.070000,-0.019277122727,-0.007086760310,0.026319137936,0.033384527164,3
19.080000,-0.023762212428,0.021841153297,0.008404707379,0.033351429099,3
19.090000,-0.000837588488,0.017329317066,-0.016962397952,0.024263753393,3
19.100000,0.017534493485,-0.005628790045,-0.012941547316,0.022508340367,3
19.110000,0.002208800589,-0.015773893462,0.003039147625,0.016215145183,3
19.120000,-0.014616757875,-0.003390547678,0.018565065301,0.023870632040,3
19.130000,-0.010157778004,0.013256608423,-0.001068128883,0.016734964003,3
19.140000,0.007399758152,0.012533230506,-0.010788995221,0.018117414427,3
19.150000,0.014845508072,-0.008375188696,-0.007934713639,0.018801398249,3
19.160000,0.006339849777,-0.014559475776,0.011761300549,0.019761078428,3
19.170000,-0.011362798677,0.003675303394,0.018887575436,0.022346399144,3
19.180000,-0.010732547308,0.010964552367,-0.003245491185,0.015682544224,3
19.190000,0.007726570093,0.006655359771,-0.015752131864,0.018764950235,3
19.200000,0.017220191795,-0.012232040167,-0.006912410093,0.022224743539,3
19.210000,-0.003574709369,-0.012810851761,0.014881418559,0.019958784738,3
19.220000,-0.015840378512,0.006553472504,0.010164288083,0.019929333794,3
19.230000,-0.007196852377,0.012601098676,0.001590416297,0.014598349084,3
19.240000,0.005940388863,0.000051391685,-0.012037324868,0.013423414280,3
19.250000,0.009730702619,-0.011359042424,-0.003522432400,0.015366260061,3
19.260000,-0.000432239338,-0.012113553559,0.013955363661,0.018484512046,3
19.270000,-0.013738286518,0.005906222536,0.006997919690,0.016510447029,3
19.280000,-0.002353512804,0.017174627026,-0.000473491475,0.017341598259,3
19.290000,0.017734788579,-0.001193757837,-0.013588696532,0.022374102376,3
19.300000,0.015108272332,-0.013060545697,-0.001799162434,0.020051801221,3
19.310000,-0.004801409995,-0.007419930482,0.015232061754,0.017610355237,3
19.320000,-0.005558171355,0.007766056655,0.009798822089,0.013682902438,3
19.330000,-0.000037842291,0.006950003438,-0.007324401248,0.010097070539,3
19.340000,0.012007103463,0.000006517352,-0.006365045993,0.013589863374,3
19.350000,0.005811218622,-0.013080221275,-0.004329334499,0.014953447351,3
19.360000,-0.010258080089,-0.007751168519,0.012766828329,0.018119070785,3
19.370000,-0.013011523154,0.011487953716,0.008918892845,0.019514596202,3
19.380000,0.002641574158,0.003125002888,-0.008112006655,0.009085604496,3
19.390000,0.011156209407,-0.003832989763,-0.013766514747,0.018129251146,3
19.400000,0.002907121741,-0.010192480162,0.002631336672,0.010920711577,3
19.410000,-0.011314212500,-0.005511260937,0.012923883144,0.018039183938,3
19.420000,-0.007785966185,0.009692008206,0.000984006460,0.012470948689,3
19.430000,0.002915576157,0.009027103463,-0.012547747805,0.015730071718,3
19.440000,0.011738480375,-0.004363480624,-0.009485771924,0.015710243590,3
19.450000,0.008450454419,-0.013645039191,0.004930152611,0.016789987468,3
19.460000,-0.009111795800,-0.000292474274,0.011414113578,0.014607955116,3
19.470000,-0.006820036501,0.004506690345,0.001660856124,0.008341558536,3
19.480000,0.008969462195,0.005576168667,-0.009137101787,0.013965369244,3
19.490000,0.010908176316,-0.007339004652,-0.008024768628,0.015402798816,3
19.500000,0.002087955366,-0.009220001669,0.006214520236,0.011313189212,3
19.510000,-0.009870549178,0.002136633042,0.012882591453,0.016369303723,3
19.520000,-0.007529645946,0.020729962626,0.001083216413,0.022081672861,3
19.530000,0.012823006002,0.007630735693,-0.019818623102,0.024807971135,3
19.540000,0.014947872359,-0.014066148634,-0.007312796598,0.021789273038,3
19.550000,0.002289343697,-0.012987935881,0.005060885672,0.014125867648,3
19.560000,-0.015537245184,0.007102524291,0.014343237404,0.022306507984,3
19.570000,-0.005192996981,0.022290618870,-0.000969555163,0.022908054139,3
19.580000,0.006681487776,0.006076370154,-0.015271638137,0.017742251395,3
19.590000,0.016878845158,-0.023869564575,-0.002230907837,0.029319421492,3
19.600000,-0.011781081779,-0.010990339603,0.013973121863,0.021326734093,3
19.610000,-0.009693776415,0.010220712324,0.014396891400,0.020142064034,3
19.620000,-0.003788609661,0.016637281054,-0.004235028188,0.017580902929,3
19.630000,0.015546773100,0.001258829788,-0.014525807689,0.021313983562,3
19.640000,0.020111569180,-0.017588048062,-0.001190928670,0.026743839676,3
19.650000,-0.003950437102,-0.014164522386,0.009756682541,0.017647450295,3
19.660000,-0.011590515346,0.010065933931,0.006021107666,0.016489900225,3
19.670000,0.000349677032,0.011085018846,-0.005801062737,0.012516079487,3
19.680000,0.013629685328,-0.001275066458,-0.008753823040,0.016248801015,3
19.690000,0.004368511067,-0.013209419452,0.001524770490,0.013996341531,3
19.700000,-0.013066303311,-0.008112156898,0.019094497654,0.024518058904,3
19.710000,-0.014061457405,0.006443017299,0.007068492265,0.017005900128,3
19.720000,-0.001021468930,0.005826276178,-0.006454760167,0.008755159718,3
19.730000,0.008286847185,-0.003185427300,-0.008952501421,0.012608174532,3
19.740000,0.005147928507,-0.015927295711,0.002233728167,0.016886961186,3
19.750000,-0.010642743170,-0.001622219392,0.007533127804,0.013139543084,3
19.760000,-0.008535159692,0.014015003348,0.004388629192,0.016986151301,3
19.770000,0.004991612539,0.007369213385,-0.013067207945,0.015810547907,3
19.780000,0.015922290881,-0.004298992064,-0.009191269319,0.018880680903,3
19.790000,0.009327381839,-0.013980156049,0.005089970964,0.017559972083,3
19.800000,-0.010934364648,0.000505636389,0.014888271661,0.018479086327,3
19.810000,-0.009741185194,0.013979892003,0.000348139028,0.017042572288,3
19.820000,0.009302757365,0.007184975942,-0.013894325229,0.018199380414,3
19.830000,0.016038561706,-0.006004620548,-0.008671713923,0.019196081681,3
19.840000,-0.004378681865,-0.012488052217,0.004149129278,0.013868654470,3
19.850000,-0.011541039927,0.004100352473,0.013067628633,0.017910092437,3
19.860000,-0.006589568327,0.009479618126,0.000203218999,0.011546725445,3
19.870000,0.007668576505,0.004027396938,-0.013375283113,0.015935030282,3
19.880000,0.011502973261,-0.011428159075,-0.009319326313,0.018702167163,3
19.890000,-0.005636933999,-0.012485643731,0.010538394157,0.017283636067,3
19.900000,-0.015581000403,0.006929786772,0.007501799676,0.018629721325,3
19.910000,-0.004797326198,0.011653906535,-0.001667854754,0.012712577066,3
19.920000,0.011511924483,0.000547796209,-0.013402511868,0.017676306468,3
19.930000,0.011799771824,-0.013131268195,-0.004643409642,0.018254480891,3
19.940000,-0.004037596459,-0.009255098754,0.016830186004,0.019626874408,3
19.950000,-0.006775624300,0.007621512360,0.004714430800,0.011234873968,3
19.960000,-0.002824052360,0.008043463155,-0.004072247414,0.009447527204,3
19.970000,0.014930519379,0.001721261139,-0.013704050891,0.020339227115,3
19.980000,0.012160534222,-0.010867211308,-0.001996563504,0.016430494210,3
19.990000,-0.006626553351,-0.007637093906,0.010850621640,0.014831466637,3
20.000000,-0.010909843711,0.013784158050,0.015169305215,0.023219292058,3
20.010000,-0.002535871667,0.013477867115,-0.007568508160,0.015664158543,3
20.020000,0.015537151310,-0.003645607195,-0.017196499854,0.023460885104,3
20.030000,0.004268750736,-0.015081928076,-0.001511927955,0.015747149376,3
20.040000,-0.013371912975,-0.005970435343,0.014358342123,0.020508928381,3
20.050000,-0.011433035079,0.015769593984,0.002898273921,0.019692495455,3
20.060000,0.001723999882,0.008649466032,-0.010255574310,0.013526353635,3
20.070000,0.016944025684,-0.005011131734,-0.015203661157,0.023310142861,3
20.080000,0.015975431960,-0.022784473278,0.005677791016,0.028400421823,3
20.090000,-0.011739773144,-0.000706141691,0.017178160724,0.020818504159,3
20.100000,-0.012514181495,0.016467945663,0.003403892924,0.020961499467,3
20.110000,0.006953053739,0.010482094294,-0.011493633738,0.017038863624,3
20.120000,0.018821873727,-0.006670731575,-0.010819757264,0.022711863367,3
20.130000,0.006521895867,-0.013578492982,0.004708253082,0.015782212914,3
20.140000,-0.005478052017,0.001347688522,0.008659215268,0.010334763050,3
20.150000,-0.009107169641,0.011928723498,-0.000178970186,0.015008897811,3
20.160000,0.002584940948,0.006012218171,-0.006156379244,0.008984970364,3
20.170000,0.015668032614,-0.013209515366,-0.008019889381,0.022006752779,3
20.180000,-0.001584057488,-0.010966090811,0.004298656496,0.011884562822,3
20.190000,-0.015078502524,0.005822306525,0.014819493555,0.021928927946,3
20.200000,-0.007809420514,0.007362092445,-0.001573839160,0.010847323339,3
20.210000,0.002275039932,0.009971344053,-0.013133335051,0.016645960425,3
20.220000,0.013699983007,-0.012756891796,-0.005797583742,0.019596933432,3
20.230000,0.001814040535,-0.012725155134,0.008064277009,0.015174085802,3
20.240000,-0.018489699691,0.005463665665,0.009670203027,0.021569271285,3
20.250000,-0.008247817338,0.009453112027,-0.005796428025,0.013819782766,3
20.260000,0.011258266218,0.002867330250,-0.010281178964,0.015513632131,3
20.270000,0.015677979390,-0.010363107894,-0.000328982992,0.018796310084,3
20.280000,-0.000716278681,-0.011361990832,0.010332765152,0.015374456950,3
20.290000,-0.015111010796,0.008779772422,0.013698000731,0.022205005632,3
20.300000,-0.005211767857,0.016706848142,-0.004798535757,0.018146824638,3
20.310000,0.009086206333,-0.003288982317,-0.013761493284,0.016815327758,3
20.320000,0.014425232879,-0.017702683000,0.004340362047,0.023244592311,3
20.330000,-0.010755933199,-0.010046250374,0.008991445840,0.017247125669,3
20.340000,-0.024646319777,0.016512169736,0.019124121012,0.035296243885,3
20.350000,-0.008795089177,0.017694993770,-0.013265153617,0.023799804592,3
20.360000,0.013385013909,-0.007844855868,-0.019167856385,0.024659827237,3
20.370000,0.024909016625,-0.018904445601,-0.006095259058,0.031858897590,3
20.380000,-0.023569145308,-0.005957194251,0.031207453785,0.039558791003,3
20.390000,-0.046232109607,0.035069515287,0.023712660754,0.062686275541,3
20.400000,0.003805715208,0.037956918658,-0.034934952471,0.051726802013,3
20.410000,0.033464618042,-0.025498800228,-0.051913910801,0.066821580409,3
20.420000,0.029188425179,-0.048567570022,0.016449865071,0.059003144689,3
20.430000,-0.018489322574,-0.021265536999,0.082495999905,0.087176075350,3
20.440000,-0.028396598600,0.053426568857,0.018273701125,0.063203585537,3
20.450000,0.012027943582,0.047616125340,-0.049339552657,0.069615790418,3
20.460000,0.083121534398,-0.017130422912,-0.056935919951,0.102197553056,3
20.470000,0.048928118914,-0.049684932982,0.032032897584,0.076737604299,3
20.480000,-0.061438607172,0.003790983471,0.078753519847,0.099955944772,3
20.490000,-0.044641921744,0.071618929386,-0.001929710355,0.084415022392,3
20.500000,-0.003956517528,0.034716086867,-0.058819400473,0.068414783420,3
20.510000,0.048130077124,-0.043715424385,-0.041944298913,0.077374846458,3
20.520000,-0.006411576960,-0.055557844517,0.038800305716,0.068067952299,3
20.530000,-0.057845509660,0.004872069822,0.017355357199,0.060589177876,3
20.540000,-0.029821948598,0.045365032415,-0.007218317960,0.054767133377,3
20.550000,0.027973301751,0.010088220790,-0.038005719835,0.048256735797,3
20.560000,0.030648803550,-0.027287179186,-0.014599691132,0.043555599963,3
20.570000,0.012578497482,-0.018822355660,0.016104637868,0.027782351095,3
20.580000,-0.017850417481,0.009695563222,0.022593282685,0.030382524137,3
20.590000,-0.008085963880,0.022859705079,-0.003870903533,0.024554690434,3
20.600000,0.017320626486,0.000399266357,-0.018295710900,0.025197153666,3
20.610000,0.014662016747,-0.009776427848,-0.004867119400,0.018282290004,3
20.620000,0.000090043741,-0.007594422308,0.013627070993,0.015600654535,3
20.630000,-0.009189336030,0.008367164625,0.009137950726,0.015425805781,3
20.640000,-0.001851826944,0.017410185634,-0.006023674078,0.018515627892,3
20.650000,0.009230214732,0.000178341576,-0.011295604734,0.014588329445,3
20.660000,0.006084805347,-0.009081167173,-0.003161509883,0.011379261754,3
20.670000,-0.009514784330,-0.006496850288,0.012044492271,0.016667632663,3
20.680000,-0.017281433495,0.009629266137,0.010874343875,0.022574810402,3
20.690000,-0.001838178534,0.007642548719,-0.002439562739,0.008230365581,3
20.700000,0.009587278523,-0.000377426885,-0.007944738292,0.012457015175,3
20.710000,0.007596435731,-0.015939632938,-0.000865450267,0.017678425783,3
20.720000,-0.003630840647,-0.007289243461,0.009136421294,0.012238883450,3
20.730000,-0.012952269188,0.013783428223,0.004428298803,0.019425601689,3
20.740000,0.002198157174,0.011280633674,-0.008849425446,0.014505065383,3
20.750000,0.017628548398,-0.005186818384,-0.007973370773,0.020031062005,3
20.760000,0.008365579538,-0.009190652323,0.000686964016,0.012446804035,3
20.770000,-0.009186469857,-0.001175695970,0.011927591163,0.015101023820,3
20.780000,-0.007647371478,0.012233310305,0.004450870916,0.015097894670,3
20.790000,0.009721318245,0.011978895020,-0.008819177434,0.017770082862,3
20.800000,0.014400938137,-0.005579117925,-0.003502595994,0.015836090260,3
20.810000,0.005085321084,-0.010225413195,0.005941395582,0.012873218207,3
20.820000,-0.012600833580,-0.001442976202,0.008298674130,0.015156885549,3
20.830000,-0.013582109214,0.013341808334,0.001222778312,0.019078069272,3
20.840000,-0.000793809183,0.003652125071,-0.011081696418,0.011694962422,3
20.850000,0.011120906387,-0.006186215441,-0.008322465779,0.015205500879,3
20.860000,0.003174778351,-0.014958846661,0.008195939083,0.017349920129,3
20.870000,-0.009077197604,0.001931057002,0.006008230992,0.011055466392,3
20.880000,-0.009532294757,0.011945239768,0.000898213736,0.015308827008,3
20.890000,0.010064477753,0.000259170053,-0.012971392078,0.016420045493,3
20.900000,0.014069453677,-0.008445893441,-0.004163098698,0.016929679074,3
20.910000,-0.000410975040,-0.009567636351,0.008848048714,0.013038271813,3
20.920000,-0.011472551810,0.005874586354,0.007952949952,0.015145283847,3
20.930000,0.000521918333,0.014537041468,-0.000088152464,0.014546674680,3
20.940000,0.011018859852,0.001052060419,-0.014894238552,0.018556951409,3
20.950000,0.019711836546,-0.015443660763,-0.007967490494,0.026278205086,3
20.960000,-0.011444850102,-0.008129174447,0.016483423229,0.021651127278,3
20.970000,-0.013151069574,0.009908617104,0.009446422556,0.018983314331,3
20.980000,-0.005576308602,0.015745654109,-0.014114381968,0.021868621796,3
20.990000,0.016593049665,-0.002258365695,-0.022104704281,0.027731705035,3
21.000000,0.007099096075,-0.012579626766,-0.005444952376,0.015436699162,3
21.010000,-0.010195245817,-0.004944390545,0.012634933838,0.016971493400,3
21.020000,-0.021836345888,0.017230057373,0.012266557544,0.030400153170,3
21.030000,-0.000282977695,0.015218493917,-0.010959930240,0.018756404355,3
21.040000,0.011725545945,-0.000816061015,-0.010764308373,0.015938152906,3
21.050000,0.009754072626,-0.018457899753,-0.000489665688,0.020882427268,3
21.060000,-0.005936601352,0.002137419757,0.021789463313,0.022684631589,3
21.070000,-0.014473426749,0.007695101649,0.007377250088,0.017975496937,3
21.080000,0.001920280879,0.013257932582,-0.006876707653,0.015058199200,3
21.090000,0.015130023192,-0.003142199638,-0.013689009784,0.020644127718,3
21.100000,0.010288958239,-0.016706914822,-0.000398813159,0.019625053285,3
21.110000,-0.011144031326,-0.003302250311,0.015242879413,0.019168715766,3
21.120000,-0.014076294208,0.014293894325,0.004703299955,0.020605302814,3
21.130000,0.001915600756,0.008866748685,-0.008630463472,0.012520928809,3
21.140000,0.009792694776,-0.005216642097,-0.010043834798,0.014966256819,3
21.150000,-0.000664009622,-0.011104945324,0.006365275074,0.012817076351,3
21.160000,-0.015427294667,-0.004427376536,0.015729434233,0.022472609662,3
21.170000,-0.015459058515,0.015542149003,-0.001162608870,0.021952051047,3
21.180000,0.001111047814,0.005631773648,-0.012271149059,0.013547413070,3
21.190000,0.011294700011,-0.006869355184,-0.006869683686,0.014898014731,3
21.200000,0.003909202475,-0.017284118513,0.006489695942,0.018871639308,3
21.210000,-0.009336611787,0.002277123413,0.009090952914,0.013228871289,3
21.220000,-0.004211484770,0.010937425232,-0.001674206913,0.011839207890,3
21.230000,0.005694663492,0.003740706464,-0.008724209749,0.011069503732,3
21.240000,0.013140685528,-0.007849263407,-0.009013212694,0.017763067169,3
21.250000,-0.002259220931,-0.014123430897,0.007142558410,0.015987229908,3
21.260000,-0.009436961809,0.007549216112,0.008978879572,0.015055470450,3
21.270000,-0.003388794975,0.008266859556,-0.005194288856,0.010334676339,3
21.280000,0.008472376939,0.005776875492,-0.012029252113,0.015806845600,3
21.290000,0.010520133789,-0.013840834038,-0.003310338853,0.017697464370,3
21.300000,-0.006442827857,-0.007615595003,0.009611504550,0.013852376610,3
21.310000,-0.016567567227,0.002753774145,0.011900128453,0.020583503420,3
21.320000,-0.006017425088,0.007475988627,-0.005106965484,0.010871104226,3
21.330000,0.006547188303,-0.001347924122,-0.008100862622,0.010502692481,3
21.340000,0.005782060846,-0.009180042395,0.000654873593,0.010868958802,3
21.350000,-0.002987405943,-0.004365459026,0.007207800855,0.008940593937,3
21.360000,-0.012019386837,0.006337031202,0.008334098703,0.015939912973,3
21.370000,-0.002812109955,0.015886952848,-0.007721304883,0.017886357434,3
21.380000,0.011794763439,0.003477381957,-0.009124724250,0.015312387877,3
21.390000,0.014406361802,-0.011881532963,0.001131641683,0.018708145253,3
21.400000,-0.003259322088,-0.005553661552,0.013711621505,0.015148429008,3
21.410000,-0.012468829561,0.006692916027,0.005034421746,0.015020394066,3
21.420000,0.007548877767,0.016314631438,-0.009694093474,0.020423716674,3
21.430000,0.017450708982,0.000206519308,-0.012006969069,0.021183418053,3
21.440000,0.008592156353,-0.012896855672,0.008134671891,0.017502197685,3
21.450000,-0.011795051289,-0.004482343401,0.011031836477,0.016760550508,3
21.460000,-0.014427741117,0.017551362212,0.004088782388,0.023085237072,3
21.470000,0.004266264549,0.009532567865,-0.016889999814,0.019858070325,3
21.480000,0.008901684824,-0.014115672903,-0.009765715874,0.019335496392,3
21.490000,0.005113060507,-0.022715195704,0.005520680807,0.023929091504,3
21.500000,-0.019906304034,0.005055277573,0.018281005743,0.027495671343,3
21.510000,-0.015574122420,0.012790930664,-0.003618687182,0.020475744024,3
21.520000,0.007969706813,0.010803170200,-0.019997643225,0.024085897277,3
21.530000,0.014977233868,-0.006252462651,-0.004772922687,0.016917198779,3
21.540000,0.002683966117,-0.014887657680,0.010772898345,0.018571520241,3
21.550000,-0.007520863828,0.001569559749,0.012551556195,0.014716265608,3
21.560000,-0.010565593012,0.011929443820,0.002113232232,0.016075109207,3
21.570000,0.014307782715,0.006849022618,-0.008979287170,0.018227708444,3
21.580000,0.021628539204,-0.006653933093,-0.005330332214,0.023248246713,3
21.590000,0.007628149194,-0.011540929578,0.014425018302,0.019986567205,3
21.600000,-0.010916986278,0.002915766781,0.007889129171,0.013781169921,3
21.610000,-0.006409946855,0.008937359322,-0.000228213031,0.011000722318,3
21.620000,0.004291206668,0.002254992486,-0.005658291663,0.007450886547,3
21.630000,0.011846227660,-0.017581431094,-0.006129908582,0.022068430128,3
21.640000,-0.000452761576,-0.008014810941,0.004521196221,0.009213218912,3
21.650000,-0.013848845018,0.005010425636,0.010957146631,0.018356305066,3
21.660000,-0.003787434144,0.009835607987,-0.003893412100,0.011235768761,3
21.670000,0.004274143913,-0.001191658771,-0.005554561217,0.007109255033,3
21.680000,0.010027459458,-0.011082796460,-0.001989790089,0.015077718168,3
21.690000,-0.000126723145,-0.006013900528,0.012750165706,0.014097864514,3
21.700000,-0.013566954974,0.010056036719,0.006636332356,0.018144614873,3
21.710000,0.000575064969,0.007508011289,-0.004236000623,0.008639712640,3
21.720000,0.019904249115,-0.003306429683,-0.015868496374,0.025669452415,3
21.730000,0.009967719197,-0.007876103317,-0.000887387449,0.012734829639,3
21.740000,-0.002716014922,-0.006870579598,0.013600049437,0.015477174993,3
21.750000,-0.009768217333,0.007041589436,0.003023019405,0.012415341235,3
21.760000,0.005418720989,0.011908412269,-0.010966407989,0.017071465201,3
21.770000,0.012207943806,-0.005250043016,-0.009947215505,0.016599516256,3
21.780000,0.010091902901,-0.010202279346,0.004225713867,0.014959601121,3
21.790000,-0.008947372687,-0.004011382721,0.006727143034,0.011891220406,3
21.800000,-0.009386677833,0.009141838859,0.002160118865,0.013279648036,3
21.810000,0.002479057343,0.014432410871,-0.013467533539,0.019895091568,3
21.820000,0.008800678264,-0.004292692395,-0.007709959342,0.012462849552,3
21.830000,0.004683612448,-0.007953750417,0.000552556165,0.009246820512,3
21.840000,-0.013726338987,0.000390878165,0.010526296472,0.017302256649,3
21.850000,-0.007250125476,0.010732592643,0.000570555741,0.012964505317,3
21.860000,0.003122051237,0.005369421603,-0.010918114410,0.012561174887,3
21.870000,0.009656561050,-0.005638789412,-0.006111716488,0.012743555068,3
21.880000,-0.000404797834,-0.009560342415,0.004112458405,0.010415196711,3
21.890000,-0.014617028411,0.002822447981,0.018588593521,0.023815111615,3
21.900000,-0.007137810893,0.020152262657,0.002073124134,0.021479289518,3
21.910000,0.006865229896,0.007718945768,-0.010527732399,0.014749462863,3
21.920000,0.018276948714,-0.011869799027,-0.008983093919,0.023571910394,3
21.930000,-0.001054285831,-0.012138148644,0.013837850535,0.018437252467,3
21.940000,-0.022002977744,0.002779742796,0.013645137285,0.026039350437,3
21.950000,-0.012987097417,0.024262468047,-0.009646311675,0.029161333714,3
21.960000,0.005038651046,0.004863746676,-0.019787681633,0.020990387812,3
21.970000,0.008168826105,-0.020833391492,-0.003064309823,0.022586498527,3
21.980000,-0.011558551968,-0.009270546875,0.004178835608,0.015394993666,3
21.990000,-0.019422674021,0.009909425145,0.012176823387,0.024974226728,3
22.000000,-0.007574221752,0.017309092801,-0.004209915966,0.019357089688,3
22.010000,0.012883683285,0.005679913127,-0.013993220345,0.019850967829,3
22.020000,0.012857357461,-0.007776060748,-0.002984913824,0.015319545429,3
22.030000,-0.004273778514,-0.006659567575,0.010773215006,0.013367018540,3
22.040000,-0.007283060251,0.009394210941,0.010896614770,0.016125457490,3
22.050000,0.000338610443,0.009760161668,-0.006167880310,0.011550677917,3
22.060000,0.011648135729,-0.002851923401,-0.008361705813,0.014619529991,3
22.070000,0.009590185783,-0.014941791696,-0.001147213835,0.017791708800,3
22.080000,-0.008276930221,-0.005594576815,0.015007058000,0.018028273723,3
22.090000,-0.016947080408,0.009401359922,0.007828332080,0.020901480472,3
22.100000,0.000837057807,0.010608745500,-0.005330979648,0.011902331320,3
22.110000,0.012827403534,-0.006008628219,-0.015070819728,0.020682734389,3
22.120000,0.004145986494,-0.014068624807,0.001165368247,0.014713038133,3
22.130000,-0.007929044430,-0.002455813320,0.009967704250,0.012971348914,3
22.140000,-0.011539769265,0.008269329894,0.005805577809,0.015337953751,3
22.150000,0.000538967555,0.008632221581,-0.009158419706,0.012596919740,3
22.160000,0.009480105301,-0.007608405642,-0.008343515375,0.014743625122,3
22.170000,0.005044628027,-0.012213504246,0.001650506205,0.013316986469,3
22.180000,-0.009831983428,0.000565335678,0.014403768118,0.017448668676,3
22.190000,-0.003414729552,0.007462454302,0.001175494225,0.008290379291,3
22.200000,0.010919892248,0.005961142058,-0.010636362965,0.016368001664,3
22.210000,0.013454865246,-0.002445655248,-0.006770803299,0.015259698742,3
22.220000,0.005180989822,-0.012424034478,0.010062424121,0.016806298445,3
22.230000,-0.013351807580,0.002103109723,0.013666029355,0.019221191288,3
22.240000,-0.005442100001,0.013027436633,-0.000749964732,0.014138352264,3
22.250000,0.004354678879,0.002642999999,-0.007051976290,0.008699370479,3
22.260000,0.011995698750,-0.012867592146,-0.006498638480,0.018753773440,3
22.270000,-0.003557483682,-0.013450206873,0.010586188521,0.017482309415,3
22.280000,-0.013471612880,0.004337910951,0.008567717108,0.016544110778,3
22.290000,-0.005264456821,0.007323039629,-0.004012716068,0.009871337563,3
22.300000,0.005507989354,0.001541038007,-0.009857130366,0.011396304836,3
22.310000,0.007205474710,-0.008173074459,-0.000944195984,0.010936613642,3
22.320000,-0.004019267968,-0.009129894893,0.011699756429,0.015375103130,3
22.330000,-0.009030434124,0.005607907691,0.009843499507,0.014487644794,3
22.340000,-0.002001210424,0.009348354186,-0.001833662765,0.009734417717,3
22.350000,0.007758984193,0.000546120227,-0.010671682516,0.013205487145,3
22.360000,0.013569834470,-0.010602447589,-0.000908907738,0.017244663398,3
22.370000,-0.002577638095,-0.007016979930,0.011524636783,0.013736792875,3
22.380000,-0.014030208186,0.005952741603,0.010503589138,0.018509653133,3
22.390000,0.002290973939,0.016301061825,-0.013518691443,0.021300896613,3
22.400000,0.020106095406,-0.003993489255,-0.014807523401,0.025287660591,3
22.410000,0.004813161986,-0.014729910706,-0.008607211951,0.017726276972,3
22.420000,-0.010063951468,-0.007277222366,0.016247241481,0.020450279712,3
22.430000,-0.022326022794,0.015802030419,0.009779499821,0.029048133776,3
22.440000,-0.004574740038,0.020963468827,-0.023053568422,0.031493845251,3
22.450000,0.024217985866,-0.006807573045,-0.020676482768,0.032563335668,3
22.460000,0.006641961912,-0.024646878497,0.003818965380,0.025810245529,3
22.470000,-0.023575141604,-0.009447812119,0.031343448087,0.040341792145,3
22.480000,-0.020622253065,0.032745236969,0.010912657979,0.040207138294,3
22.490000,0.008812096441,0.024181166964,-0.023310689174,0.034724200627,3
22.500000,0.030339112111,-0.009920901619,-0.019260271117,0.037280612336,3
22.510000,0.011421690795,-0.038831419076,0.001560274791,0.040506401784,3
22.520000,-0.026447174716,-0.000587543102,0.033282395019,0.042514892397,3
22.530000,-0.022004443865,0.029435054144,0.000778630827,0.036759002003,3
22.540000,0.033538093509,0.021606681594,-0.051015145351,0.064762623950,3
22.550000,0.073439353443,-0.028975543803,-0.023808427909,0.082460669487,3
22.560000,0.009816368446,-0.045550542312,0.033405951574,0.057333852086,3
22.570000,-0.073596501036,0.036274539224,0.079600715539,0.114317807340,3
22.580000,-0.081497553843,0.090816868233,0.006687313611,0.122205871387,3
22.590000,0.059501225086,0.021433067469,-0.073582933122,0.097026904592,3
22.600000,0.071228495870,-0.043160583610,-0.051715325644,0.098034736231,3
22.610000,-0.029974530108,-0.066568080038,0.103564957932,0.126710229447,3
22.620000,-0.108186332780,0.019782304292,0.099282297831,0.148164087505,3
22.630000,-0.038999509682,0.094446105092,-0.017918431024,0.103740535437,3
22.640000,0.032055670707,0.004083282002,-0.054581846859,0.063430412445,3
22.650000,0.033512128160,-0.077662270143,-0.034257484038,0.091258238807,3
22.660000,-0.011602257242,-0.053536469254,0.053080974003,0.076278147030,3
22.670000,-0.058361829883,0.031940892095,0.032820777804,0.074185761645,3
22.680000,-0.006007763586,0.054312248754,-0.037131192673,0.066065414986,3
22.690000,0.062362729318,0.010192326561,-0.047824753113,0.079247716301,3
22.700000,0.070593001926,-0.053389654645,-0.017881007074,0.090297051769,3
22.710000,-0.013964035694,-0.039385294973,0.070193763403,0.081690637002,3
22.720000,-0.052005882815,0.040725347294,0.058971843082,0.088548540565,3
22.730000,-0.011761283073,0.082288958019,-0.024589171066,0.086685798867,3
22.740000,0.045968282866,-0.034447164462,-0.059792914546,0.082914913007,3
22.750000,0.033923487700,-0.093048632662,0.003308930054,0.099094904391,3
22.760000,-0.054926166251,-0.028386377082,0.107092452329,0.123658657153,3
22.770000,-0.058657818536,0.033490675333,0.036295427408,0.076679352243,3
22.780000,-0.012008914336,0.038062947451,-0.043883618480,0.059319254573,3
22.790000,0.046051518254,-0.026326718140,-0.055883626542,0.077050750398,3
22.800000,0.019328828511,-0.058432028098,-0.008141332452,0.062082097366,3
22.810000,-0.037260964964,-0.006442972556,0.051716708333,0.064066444620,3
22.820000,-0.035938960261,0.036329733955,0.014479736897,0.053114227986,3
22.830000,0.024878328214,0.023217653046,-0.021527759294,0.040267046675,3
22.840000,0.036183748454,-0.021563197408,-0.031769098616,0.052758987495,3
22.850000,0.019174364850,-0.031774531380,0.021726523117,0.043003708196,3
22.860000,-0.024205963973,-0.012317508935,0.037960455692,0.046675967206,3
22.870000,-0.017422865130,0.041059560641,-0.000672640950,0.044608252546,3
22.880000,0.020655602418,0.021094540450,-0.024765658014,0.038535326194,3
22.890000,0.032452681502,-0.015070284409,-0.019327235608,0.040667333882,3
22.900000,0.002087027587,-0.017433767738,0.015336333366,0.023312980564,3
22.910000,-0.020609096459,-0.004761801080,0.025583641762,0.033195366126,3
22.920000,-0.014215098262,0.023500521685,-0.002405434621,0.027570448923,3
22.930000,0.002902296737,0.013823715943,-0.025752870824,0.029372245479,3
22.940000,0.022048841180,-0.026368171754,-0.010707621631,0.036001181092,3
22.950000,-0.001883285269,-0.011597223636,0.012945175139,0.017481988413,3
22.960000,-0.014719015800,0.008436954078,0.012900568613,0.021313289066,3
22.970000,-0.005410257081,0.016207214872,-0.002062614910,0.017210435086,3
22.980000,0.006544334037,0.003159255609,-0.013488271763,0.015321314537,3
22.990000,0.012228286269,-0.008178532350,-0.006118429489,0.015932813810,3
23.000000,0.006656375325,-0.008674081476,0.012587683454,0.016673235938,3
23.010000,-0.011425889626,0.009870886683,0.012149728641,0.019380435075,3
23.020000,-0.002506081751,0.009734148246,-0.005476671610,0.011446747124,3
23.030000,0.012003619309,0.000642148749,-0.010735531877,0.016116788645,3
23.040000,0.015811386426,-0.017389168373,-0.006425527088,0.024365354825,3
23.050000,-0.004706541139,-0.005752007455,0.013084485508,0.015047952694,3
23.060000,-0.015470220120,0.007860857735,0.006354433734,0.018479708411,3
23.070000,-0.001685983808,0.011552954244,-0.001003690050,0.011718390968,3
23.080000,0.013543174453,-0.000733739683,-0.014081912852,0.019551373807,3
23.090000,0.002489313657,-0.009094184085,-0.002196550857,0.009681203557,3
23.100000,-0.014209298463,-0.006828799918,0.011313545750,0.019404457956,3
23.110000,-0.018809542417,0.007185325455,0.006693904609,0.021218768738,3
23.120000,0.000768299660,0.007986912382,-0.008978105316,0.012041072578,3
23.130000,0.006235883135,-0.003360312361,-0.007519010172,0.010330220308,3
23.140000,0.002272800671,-0.011554472417,0.003183366118,0.012198576784,3
23.150000,-0.005954718398,-0.000034345941,0.008108765618,0.010060414042,3
23.160000,-0.004853151197,0.010131548908,0.004307509055,0.012031458518,3
23.170000,0.004516991602,0.008323752081,-0.007040400588,0.011800648383,3
23.180000,0.016487855543,-0.005043481696,-0.007980920310,0.018999504652,3
23.190000,0.002745275111,-0.011631917520,0.007545074527,0.014133866783,3
23.200000,-0.006220095845,0.000948577405,0.023068579592,0.023911268386,3
23.210000,-0.005173223456,0.007423783356,0.002235338259,0.009320490190,3
23.220000,0.000674562486,0.002993703221,-0.010054986125,0.010512851159,3
23.230000,0.008844052511,-0.006203932415,-0.008523992024,0.013760976791,3
23.240000,-0.001142066852,-0.010086767799,0.009332578174,0.013789279049,3
23.250000,-0.011143073533,0.005007156358,0.011074762866,0.016489089578,3
23.260000,-0.007147159261,0.007512468299,0.000899430354,0.010408075730,3
23.270000,0.003827968988,0.004920134454,-0.014326024804,0.015623573737,3
23.280000,0.013352546234,-0.010549557255,-0.007723343082,0.018687794882,3
23.290000,-0.002373414980,-0.017380125748,0.012344877161,0.021449891883,3
23.300000,-0.007550201261,0.005041680136,0.014051053759,0.016728902816,3
23.310000,-0.003410527560,0.007192207405,-0.001494847261,0.008099019319,3
23.320000,0.017413047271,0.002734774533,-0.013796498984,0.022383846658,3
23.330000,0.015870914828,-0.013138245559,-0.003889691220,0.020967334872,3
23.340000,-0.004632625396,-0.012259004459,0.014774825967,0.019749427606,3
23.350000,-0.009627496100,0.008070938353,0.013034832447,0.018103468838,3
23.360000,-0.001505839474,0.015822652797,-0.005396361070,0.016785249681,3
23.370000,0.013908973483,-0.002183451192,-0.021566539100,0.025755438478,3
23.380000,0.013167745379,-0.018321961897,-0.000940913665,0.022582495979,3
23.390000,-0.002666091428,-0.011033957176,0.011586281204,0.016220301064,3
23.400000,-0.018330256006,0.006110763486,0.009826001931,0.021676946962,3
23.410000,-0.009328466153,0.016044002437,-0.008053390000,0.020230852317,3
23.420000,0.011947270738,0.000916853374,-0.017361573928,0.021095074009,3
23.430000,0.009446061219,-0.016894663854,-0.001517980958,0.019415509406,3
23.440000,-0.017003392160,-0.010808947632,0.019368511638,0.027947950496,3
23.450000,-0.013982102649,0.004748529751,0.006808372955,0.016260432699,3
23.460000,0.001246679252,0.005045493960,-0.006475693623,0.008303362353,3
23.470000,0.009872731808,-0.004838072303,-0.006912219607,0.012986783930,3
23.480000,0.005242346859,-0.008096253816,0.004707961595,0.010732959929,3
23.490000,-0.007175754737,-0.004125585254,0.017228814599,0.019113972957,3
23.500000,-0.007128964512,0.010034714555,0.003541385343,0.012808553445,3
23.510000,0.007753001324,0.010226709460,-0.012888440747,0.018188087332,3
23.520000,0.013493671323,-0.005100495291,-0.006863778195,0.015975157874,3
23.530000,0.002974757159,-0.013089025617,0.003308533772,0.013824549450,3
23.540000,-0.015281111455,-0.001087524237,0.009305142365,0.017924306142,3
23.550000,-0.012551042154,0.014327095944,0.001729894656,0.019125555491,3
23.560000,0.009432794206,0.003272529632,-0.015520690659,0.018454779741,3
23.570000,0.009416482000,-0.013057844421,-0.010548634581,0.019247106944,3
23.580000,-0.000334300608,-0.011407817230,0.005052564410,0.012481124067,3
23.590000,-0.012755999534,0.000991194528,0.010587928883,0.016607294444,3
23.600000,-0.008232411239,0.010336220117,-0.006947456079,0.014929071876,3
23.610000,0.003428919358,0.002620700209,-0.011119069851,0.011927249134,3
23.620000,0.017096923140,-0.011505442498,-0.007852591564,0.022053189842,3
23.630000,0.000741132503,-0.004586307679,0.005146015855,0.006932890789,3
23.640000,-0.005199333973,0.001303815042,0.007740371042,0.009415219131,3
23.650000,-0.000094172222,0.009114846189,0.002721257703,0.009512861449,3
23.660000,0.012230116506,0.006534039034,-0.012524588442,0.018685147350,3
23.670000,0.015571547111,-0.012297664604,-0.003321213610,0.020118053931,3
23.680000,-0.002740764719,-0.011651943220,0.006147552471,0.013456298652,3
23.690000,-0.011049671719,0.008168138954,0.014146401950,0.019721420517,3
23.700000,-0.006417554974,0.014454384294,-0.004085218184,0.016334112917,3
23.710000,0.005963032859,0.003622686150,-0.010266771705,0.012413227504,3
23.720000,0.008247769291,-0.015350626015,-0.002152099120,0.017558443779,3
23.730000,-0.009388176367,-0.013474034451,0.011729200886,0.020180723806,3
23.740000,-0.020081929730,0.016664100485,0.007006706156,0.027019808989,3
23.750000,-0.003969127439,0.015609257363,-0.018004464013,0.024157061337,3
23.760000,0.016564171987,0.001007443256,-0.025328625684,0.030280786228,3
23.770000,0.013701698487,-0.021972333466,0.002729333785,0.026037842504,3
23.780000,-0.011891196951,-0.021345953696,0.030527954135,0.039102509994,3
23.790000,-0.045264455594,0.033027180750,0.040289690899,0.069013946426,3
23.800000,0.001099536900,0.036372271359,-0.036667865287,0.051659301679,3
23.810000,0.068340275364,-0.025539320069,-0.050760438970,0.088877850283,3
23.820000,0.054102789167,-0.064737475027,0.022131199417,0.087222946844,3
23.830000,-0.013000574090,-0.008853080183,0.094483245501,0.095783483105,3
23.840000,-0.042121358269,0.107879398728,0.056822353560,0.128999819211,3
23.850000,0.043730495653,0.075361303585,-0.095106937354,0.128984541171,3
23.860000,0.149072822708,-0.038011177819,-0.116799509481,0.193157142049,3
23.870000,0.014492697949,-0.143850708496,0.042360464732,0.150656807350,3
23.880000,-0.132826573573,-0.049976284850,0.147268416030,0.204520204514,3
23.890000,-0.103206346454,0.087822361299,0.057549834422,0.147228735424,3
23.900000,-0.003715904401,0.091979044043,-0.096322972556,0.133236885023,3
23.910000,0.110607779693,-0.090324778146,-0.113982758679,0.182714848197,3
23.920000,0.019318682206,-0.088904049771,0.096166177748,0.132382307316,3
23.930000,-0.109188134054,0.002451207569,0.095584623532,0.145136064755,3
23.940000,-0.056185442340,0.088968763440,-0.006576442585,0.105430045035,3
23.950000,0.032745731823,0.031606313025,-0.081533220417,0.093375093077,3
23.960000,0.068324528182,-0.035440605037,-0.009055979957,0.077500247804,3
23.970000,0.000641249083,-0.035797492122,0.045945313294,0.058248119767,3
23.980000,-0.033041228127,0.021709175751,0.039014615925,0.055544138518,3
23.990000,-0.011501027984,0.036523332073,0.003372028914,0.038439537060,3
24.000000,0.029397949783,0.008837295482,-0.022723222225,0.038192696568,3
24.010000,0.013243602025,-0.026650477284,-0.014996134222,0.033324540142,3
24.020000,-0.008224990533,-0.009726907911,0.012178987534,0.017623590557,3
24.030000,-0.018121387456,0.008292888133,0.016308733326,0.025751338987,3
24.040000,-0.010797329973,0.016512010704,-0.006841204486,0.020881353185,3
24.050000,0.006550215502,0.004039432686,-0.014525876929,0.016438474385,3
24.060000,0.010780446825,-0.019797111131,-0.006159547269,0.023368433098,3
24.070000,-0.009896816738,-0.005101163029,0.015132631189,0.018787372687,3
24.080000,-0.014627394082,0.007876315477,0.013343521941,0.021308368800,3
24.090000,-0.007282672309,0.015671392894,-0.014027083258,0.022257334430,3
24.100000,0.007446684493,-0.001948802154,-0.009545820998,0.012262692946,3
24.110000,0.008070127249,-0.013263559786,0.002229146137,0.015684963006,3
24.120000,-0.006555173565,-0.005257394502,0.016675257778,0.018672833726,3
24.130000,-0.008689594649,0.009923200059,0.007785191366,0.015316271060,3
24.140000,0.003876241581,0.012798420579,-0.009071614610,0.016159177261,3
24.150000,0.008852332706,-0.004717444826,-0.008188486632,0.012948721688,3
24.160000,0.007020276876,-0.015680328140,0.000770438465,0.017197399613,3
24.170000,-0.007033390062,0.001829472488,0.006550220918,0.009783707856,3
24.180000,-0.011956439770,0.012489207248,0.002935620181,0.017537235116,3
24.190000,0.000577015829,0.006199665145,-0.009325944995,0.011213476055,3
24.200000,0.008698967914,-0.003003361105,-0.006847656863,0.011470947005,3
24.210000,0.002812377564,-0.017216134979,0.002441982827,0.017614427362,3
24.220000,-0.018019972433,-0.001729802811,0.014666647383,0.023298544368,3
24.230000,-0.013112521132,0.007862620880,-0.000892602516,0.015315213246,3
24.240000,0.003472329483,0.007267394589,-0.017468629245,0.019236036594,3
24.250000,0.009052845920,-0.007998759901,-0.007404207747,0.014168855690,3
24.260000,-0.001928825844,-0.010847384538,0.004792026349,0.012014559375,3
24.270000,-0.014745321006,0.004912585667,0.013015460488,0.020272153345,3
24.280000,-0.009708964294,0.021483286093,-0.001116454821,0.023601738080,3
24.290000,0.009745371707,0.002123928960,-0.010232373184,0.014289324858,3
24.300000,0.022271050440,-0.013362598924,-0.010396587907,0.027975842754,3
24.310000,0.007454501882,-0.010732996398,0.012518743491,0.018096567315,3
24.320000,-0.009102685251,0.005994613817,0.012529817073,0.016606944014,3
24.330000,-0.002586397858,0.021384797465,-0.010707971498,0.024055345977,3
24.340000,0.010167205936,0.004152024563,-0.014406745539,0.018115344367,3
24.350000,0.015700259420,-0.016102476567,-0.003578759657,0.022772690182,3
24.360000,-0.009651099380,-0.009793029343,0.015362184224,0.020616591549,3
24.370000,-0.026639381342,0.006532115747,0.007898100551,0.028543040601,3
24.380000,-0.007539665656,0.009297781183,-0.000614064983,0.011986340932,3
24.390000,0.009346254747,-0.002544010218,-0.017442675811,0.019951726873,3
24.400000,0.009886920052,-0.014306514666,-0.006639920718,0.018614942845,3
24.410000,-0.010240815139,-0.006593432184,0.015988887119,0.020099556064,3
24.420000,-0.012571650032,0.008018316127,0.005174499963,0.015783384552,3
24.430000,0.001444543679,0.010636966093,-0.006270899443,0.012432052684,3
24.440000,0.009980912224,0.000150982112,-0.004795735873,0.011074316547,3
24.450000,0.009730964434,-0.010409270829,-0.002919562676,0.014545392199,3
24.460000,-0.001094033556,-0.006003051272,0.013690529904,0.014988800587,3
24.470000,-0.010764935833,0.007136458110,0.006020144718,0.014249737551,3
24.480000,0.006404843525,0.008696448289,-0.009207596099,0.014192605798,3
24.490000,0.012076880399,-0.002278361714,-0.007697091965,0.014501282598,3
24.500000,0.005809136531,-0.015632775518,0.007319915716,0.018212932321,3
24.510000,-0.012814439653,0.000736543435,0.011238966742,0.017060677984,3
24.520000,-0.007793493081,0.013752357804,0.003142797598,0.016116546042,3
24.530000,-0.001227440637,0.005202272207,-0.008070634912,0.009680154674,3
24.540000,0.014192176058,-0.007394590098,-0.011529211274,0.019723603539,3
24.550000,0.001719983946,-0.008979705722,0.002910550709,0.009595038564,3
24.560000,-0.009205169838,-0.001496131999,0.011734513632,0.014989075117,3
24.570000,-0.010368345335,0.009328878204,0.003203707141,0.014310635660,3
24.580000,0.002434274627,0.004745393930,-0.010158288663,0.011473242134,3
24.590000,0.009590837793,-0.008457613010,-0.006436111131,0.014315687685,3
24.600000,-0.000587893573,-0.011112613661,0.004785243669,0.012113395817,3
24.610000,-0.012160345054,0.006634388031,0.005992905952,0.015093177867,3
24.620000,-0.004850732316,0.014599519447,-0.002516476135,0.015588721058,3
24.630000,0.008462408383,-0.000183301168,-0.010503875234,0.013489898068,3
24.640000,0.014390422676,-0.009165585275,-0.005128290169,0.017815487035,3
24.650000,0.000740552973,-0.009926580361,0.010259542344,0.014294881094,3
24.660000,-0.012710932183,0.001881098807,0.014331176791,0.019248089721,3
24.670000,-0.003144353580,0.010757008282,-0.004137246831,0.011946421973,3
24.680000,0.009031303863,0.003767077287,-0.010588691123,0.014417895147,3
24.690000,0.007058564965,-0.016024446958,-0.007211867450,0.018937192817,3
24.700000,-0.006646698119,-0.009434207220,0.015926758395,0.019668362787,3
24.710000,-0.014534182679,0.008722428936,0.009552841267,0.019457132599,3
24.720000,-0.006094234752,0.009893193919,-0.007645419133,0.013909256517,3
24.730000,0.006054909703,-0.002065752144,-0.009023075749,0.011060974614,3
24.740000,0.007470943531,-0.014091408862,-0.001022712479,0.015982138211,3
24.750000,-0.008837633820,-0.013426837137,0.015353097842,0.022228390413,3
24.760000,-0.015867180831,0.009759128949,0.014547646290,0.023635609532,3
24.770000,0.003975320643,0.012962661524,-0.007256525347,0.015378261544,3
24.780000,0.019204005957,-0.000099016696,-0.015223342683,0.024506199451,3
24.790000,0.010398840838,-0.012452123384,0.003642535835,0.016627066334,3
24.800000,-0.006208323847,-0.005282449754,0.014315210822,0.016473397380,3
24.810000,-0.013485140218,0.020349379404,0.009604090277,0.026233276556,3
24.820000,0.001620675898,0.008348971887,-0.012496145629,0.015115739397,3
24.830000,0.011343627991,-0.003310606477,-0.016983241223,0.020689816183,3
24.840000,0.006651294555,-0.021333419677,0.005466767046,0.023005218024,3
24.850000,-0.015179786313,-0.003668726789,0.018134872490,0.023932385359,3
24.860000,-0.015755169018,0.013794931587,0.004856408575,0.021496748418,3
24.870000,0.003667438268,0.004235672598,-0.007514280903,0.009373123455,3
24.880000,0.009466816671,-0.008132445636,-0.008874954320,0.015314114538,3
24.890000,0.003573147849,-0.019307263590,0.004039407023,0.020046311930,3
24.900000,-0.007829478690,-0.001047118642,0.010671966363,0.013277351395,3
24.910000,-0.014609640421,0.010394312302,0.001601918347,0.018001373944,3
24.920000,0.005458927399,0.005764366016,-0.010571470615,0.013220582244,3
24.930000,0.014258310989,-0.008630831984,-0.007503304722,0.018278136523,3
24.940000,0.007385982368,-0.009671963311,0.004797526840,0.013081126619,3
24.950000,-0.004494983607,0.001001966108,0.007903701617,0.009147530429,3
24.960000,-0.004101661946,0.008951272514,0.002586686639,0.010180366305,3
24.970000,0.010360622774,0.003536080624,-0.011756661752,0.016064416143,3
24.980000,0.012048566416,-0.012853930869,-0.009722462842,0.020122568802,3
24.990000,-0.002471489417,-0.005356602392,0.005958764879,0.008385006142,3
25.000000,-0.007566409501,-0.000470096945,0.005936755215,0.009628946274,3
25.010000,-0.005735319150,0.006360451438,-0.001410331728,0.008679761738,3
25.020000,0.002656445082,0.003303500824,-0.013069844996,0.013740111585,3
25.030000,0.009791238332,-0.011736410387,-0.000879385574,0.015309637351,3
25.040000,-0.005533911026,-0.005846990652,0.002205495769,0.008347196086,3
25.050000,-0.014799106582,0.007881792049,0.002170038782,0.016906959214,3
25.060000,-0.003699583478,0.011287485798,-0.003505321686,0.012384729858,3
25.070000,0.018614753542,0.002384082284,-0.012736665532,0.022680730734,3
25.080000,0.011577631984,-0.012567352835,-0.000762004724,0.017104402090,3
25.090000,0.000626210608,-0.013350988857,0.020943528798,0.024844968136,3
25.100000,-0.011657581718,0.007851870849,0.005997253890,0.015281300388,3
25.110000,0.000407419669,0.009386257537,-0.009910539460,0.013656010168,3
25.120000,0.021209260463,0.001726921173,-0.016811150097,0.027118808118,3
25.130000,0.018283497981,-0.014463146685,0.000074024217,0.023312537186,3
25.140000,-0.011344319332,-0.011777159690,0.022819875341,0.028073862970,3
25.150000,-0.029769672228,0.013165560483,0.015772338900,0.036170872836,3
25.160000,-0.007990147747,0.027005219614,-0.020955483067,0.035103512900,3
25.170000,0.040095493305,-0.008443566831,-0.047994891109,0.063106671412,3
25.180000,0.018297836393,-0.049047138109,0.012261796613,0.053766013703,3
25.190000,-0.055374355380,-0.011266657942,0.047226360334,0.073644999323,3
25.200000,-0.067091599113,0.046119737095,0.019444182412,0.083704175827,3
25.210000,0.046974711690,0.056422794217,-0.083950026834,0.111524715875,3
25.220000,0.089713443231,-0.041561910756,-0.054269142832,0.112787562194,3
25.230000,0.042123759184,-0.086370577837,0.056797451261,0.111625437394,3
25.240000,-0.058798841542,-0.004487641184,0.090586133452,0.108089269883,3
25.250000,-0.052003460452,0.081651487568,0.028165903051,0.100819856257,3
25.260000,0.072581605551,0.028310031431,-0.057274528083,0.096694978728,3
25.270000,0.083776875393,-0.032469692350,-0.033312581582,0.095825747394,3
25.280000,-0.008804348301,-0.057665652578,0.053793115137,0.079350761008,3
25.290000,-0.060169328970,0.001772672632,0.072547476459,0.094268907162,3
25.300000,-0.015568731739,0.040214457056,-0.000558601469,0.043126557941,3
25.310000,0.014777871005,0.028323223859,-0.045876864341,0.055904178404,3
25.320000,0.041885518194,-0.044437770248,-0.016417517188,0.063234855337,3
25.330000,0.000380688066,-0.033681530307,0.019948437642,0.039147548730,3
25.340000,-0.033216356504,-0.000191866574,0.021858979120,0.039764030485,3
25.350000,-0.003534586634,0.016890239951,-0.006380241206,0.018397852759,3
25.360000,0.008268864080,-0.000253367310,-0.015552712516,0.017616048784,3
25.370000,0.007403493083,-0.014660267837,-0.005068720447,0.017187992606,3
25.380000,0.001430506689,-0.011890087041,0.014710982301,0.018969278307,3
25.390000,-0.006406775718,0.006219557110,0.012438709708,0.015311798227,3
25.400000,-0.003902851737,0.011930363589,-0.000077087924,0.012552759442,3
25.410000,0.012110267641,-0.000558570965,-0.011249139814,0.016538250524,3
25.420000,0.011932172388,-0.016508953893,-0.002029954264,0.020470540072,3
25.430000,-0.000996086340,-0.011262213859,0.012994458118,0.017224563588,3
25.440000,-0.008845098120,0.008283025753,0.009272473810,0.015258540131,3
25.450000,0.003707936327,0.009585602646,-0.009362240870,0.013902666075,3
25.460000,0.020500309752,-0.000070815376,-0.015560807217,0.025737257740,3
25.470000,0.010573538565,-0.015336098898,0.002684389813,0.018820244309,3
25.480000,-0.007906669273,-0.006357751867,0.008995055398,0.013559035711,3
25.490000,-0.016597869626,0.006447797837,0.005475657202,0.018629175904,3
25.500000,-0.004209003515,0.007874230476,-0.007871408174,0.011902868681,3
25.510000,0.010641778609,-0.005370595583,-0.013464189430,0.017982634565,3
25.520000,0.004308214040,-0.011406295214,0.003940195178,0.012813641823,3
25.530000,-0.013023009435,-0.001078508686,0.014738386358,0.019697258393,3
25.540000,-0.020605886392,0.017323223299,0.005329618561,0.027442693991,3
25.550000,-0.000846761401,0.010308575448,-0.006081041767,0.011998449967,3
25.560000,0.011280025815,-0.003586421746,-0.007440915770,0.013981009649,3
25.570000,0.010635707764,-0.012456770484,0.005136507515,0.017166045555,3
25.580000,-0.004755130008,-0.000049485899,0.009980850821,0.011055817173,3
25.590000,-0.003799325354,0.011534913876,0.002518383538,0.012402877364,3
25.600000,0.007151495089,0.006323120905,-0.009012755667,0.013128423542,3
25.610000,0.015376230655,-0.008051534566,-0.005029008063,0.018070600436,3
25.620000,0.003486825424,-0.010147350435,0.008943096639,0.013968022404,3
25.630000,-0.010515067826,0.003151192300,0.010121052528,0.014930919884,3
25.640000,-0.006777811467,0.015865327684,0.001719225993,0.017337909010,3
25.650000,0.006761389931,0.005511653172,-0.013799455864,0.016325430979,3
25.660000,0.008340444115,-0.014943298942,-0.005903798449,0.018103039177,3
25.670000,-0.003088669860,-0.008600842765,0.010097231942,0.013618680944,3
25.680000,-0.020713532074,0.003665118293,0.014273159718,0.025420593844,3
25.690000,-0.010756061215,0.019294705295,0.000082596121,0.022090389933,3
25.700000,0.017073429331,0.002622544710,-0.018387932367,0.025228868120,3
25.710000,0.017335233303,-0.013587049074,-0.000879375243,0.022042947104,3
25.720000,-0.004692114909,-0.013270609633,0.008622806439,0.016506901988,3
25.730000,-0.010517780986,0.006993542125,0.014271379268,0.019057954101,3
25.740000,-0.002007224245,0.016309082797,-0.008631825786,0.018561345513,3
25.750000,0.012622923577,0.004900496731,-0.015625407936,0.020676228887,3
25.760000,0.012818032395,-0.015404818277,-0.002661507829,0.020216181750,3
25.770000,-0.002074154287,-0.004974905513,0.015404372160,0.016320125077,3
25.780000,-0.009472194782,0.013789257784,0.010719490976,0.019868910161,3
25.790000,-0.004808667031,0.013124537542,-0.009159035630,0.016711214736,3
25.800000,0.017398803993,-0.003353728792,-0.013640579238,0.022361379187,3
25.810000,0.013360494021,-0.017066732012,0.002933904793,0.021871989836,3
25.820000,-0.011807737379,-0.005871872817,0.011902376141,0.017764236831,3
25.830000,-0.013564862066,0.007756158933,0.004339098331,0.016217005229,3
25.840000,-0.003783604787,0.006516835663,-0.007149786698,0.010387697631,3
25.850000,0.005812150646,-0.000986940169,-0.003867612947,0.007050785484,3
25.860000,0.002466984783,-0.008827333122,0.000564003562,0.009182914787,3
25.870000,-0.012839440839,-0.001989742325,0.013019133843,0.018393155292,3
25.880000,-0.011097749347,0.011646220255,0.003423900857,0.016447418760,3
25.890000,0.005834647794,0.011493610351,-0.007663545052,0.014995869983,3
25.900000,0.010614439196,-0.006809813339,-0.013320927817,0.018343581849,3
25.910000,0.004299226754,-0.016305029419,0.009297299740,0.019255573673,3
25.920000,-0.007245394692,0.001820810875,0.010028756318,0.012505480789,3
25.930000,-0.005578864079,0.011779287981,0.002126259681,0.013205920262,3
25.940000,0.003770403866,0.008005199389,-0.009219593799,0.012778891673,3
25.950000,0.011783927814,-0.006536911820,-0.003486405571,0.013919310136,3
25.960000,-0.002010424924,-0.010213928680,0.008391916692,0.013371253240,3
25.970000,-0.011032919456,-0.001098486295,0.011336745347,0.015857294186,3
25.980000,-0.009949288983,0.008577888725,0.002241882081,0.013326460952,3
25.990000,0.009871285248,0.005671616534,-0.013508930845,0.017666372552,3
26.000000,0.008935477191,-0.011194146812,-0.007729402130,0.016275605450,3
26.010000,-0.004938263708,-0.011262465426,0.005383300017,0.013424213013,3
26.020000,-0.012054511991,0.003066731404,0.011974959135,0.017266028702,3
26.030000,-0.008049697717,0.009600978718,-0.000591430269,0.012542974744,3
26.040000,0.008042827642,0.002503872704,-0.008531612743,0.011989364912,3
26.050000,0.010602323390,-0.013345453956,-0.003038181524,0.017313028317,3
26.060000,-0.000783922404,-0.009909492167,0.010671402021,0.014583942898,3
26.070000,-0.008555579943,0.002263039485,0.008846077352,0.012512888571,3
26.080000,-0.004409537980,0.011854443730,-0.003845195692,0.013219583626,3
26.090000,0.008276235083,0.001797326307,-0.007997334032,0.011648338963,3
26.100000,0.013074149841,-0.008116464885,-0.002989178088,0.015676274491,3
26.110000,-0.003774416676,-0.004471052807,0.007377410341,0.009416088242,3
26.120000,-0.013631588784,0.009696758113,0.007712970356,0.018421108609,3
26.130000,-0.001551351187,0.012261408479,-0.008472681676,0.014984497428,3
26.140000,0.006013347273,-0.002531594605,-0.010506372318,0.012367423982,3
26.150000,-0.000281475353,-0.012329891028,-0.003031533663,0.012700221946,3
26.160000,-0.009247197239,-0.004563544969,0.011496968427,0.015443991791,3
26.170000,-0.014572810726,0.011941285250,0.007993507886,0.020466002888,3
26.180000,0.002810727435,0.012847412604,-0.011937860380,0.017761438843,3
26.190000,0.011999804681,-0.005669853812,-0.014289871603,0.019502384087,3
26.200000,0.008192676200,-0.015190013756,0.012630388585,0.021386518581,3
26.210000,-0.007849864002,-0.000247519854,0.016597044700,0.018361468452,3
26.220000,-0.018415158602,0.013023492381,0.006979737471,0.023610297653,3
26.230000,0.006194069503,0.012068805288,-0.014569765608,0.019907300871,3
26.240000,0.027067232490,-0.012264535328,-0.016178376587,0.033834801174,3
26.250000,0.007252376428,-0.019481154778,0.008952399246,0.022633113078,3
26.260000,-0.014396938664,-0.002896852549,0.013683139785,0.020072167595,3
26.270000,-0.011664708563,0.017064829988,0.001977856592,0.020765013004,3
26.280000,0.007636931286,0.007461166082,-0.016418462691,0.019584627541,3
26.290000,0.010465423861,-0.006332790943,-0.016134230563,0.020247042588,3
26.300000,0.001812831977,-0.016658444011,0.009276289137,0.019153058680,3
26.310000,-0.013438254608,0.000257408294,0.010497368489,0.017054257273,3
26.320000,-0.012171463963,0.012588806075,-0.000098127667,0.017510916664,3
26.330000,0.007627230625,0.005381238234,-0.014697802163,0.017411426144,3
26.340000,0.011028952588,-0.011419782820,-0.006500696885,0.017155415903,3
26.350000,0.001283478002,-0.008014106501,0.006078183388,0.010139898031,3
26.360000,-0.010236673111,0.005474438276,0.011399913695,0.016270125478,3
26.370000,-0.004332415005,0.011068299937,-0.002505011922,0.012147105334,3
26.380000,0.011866421591,0.004253260170,-0.010801452435,0.016600408373,3
26.390000,0.011652632328,-0.011534957469,-0.003741169042,0.016817711788,3
26.400000,0.004250940788,-0.009487914688,0.002609438969,0.010719150826,3
26.410000,-0.006953452499,0.007422287992,0.010702556104,0.014764334318,3
26.420000,-0.002962488562,0.012079213314,-0.007515364486,0.014531498069,3
26.430000,0.011712659331,0.000504631043,-0.015210332711,0.019204042863,3
26.440000,0.008423853688,-0.007969122681,-0.000693618108,0.011616769488,3
26.450000,-0.005136656521,-0.004721301179,0.013178274152,0.014911164765,3
26.460000,-0.014467724614,0.012421655322,0.004412178854,0.019572427001,3
26.470000,-0.004317134814,0.015281446464,-0.006415377235,0.017126509396,3
26.480000,0.008031775449,-0.001498749475,-0.011706157797,0.014275496392,3
26.490000,0.009534458288,-0.016020344051,0.003105294436,0.018899739995,3
26.500000,-0.009771187159,-0.005429323001,0.017054546601,0.020391449348,3
26.510000,-0.018992713672,0.010242844503,0.005869073501,0.022362581691,3
26.520000,0.001217037797,0.013052651146,-0.006023696143,0.014426981602,3
26.530000,0.018008825261,-0.005225073827,-0.014994381756,0.024009387081,3
26.540000,0.013554599782,-0.014274410160,0.010477599766,0.022299463166,3
26.550000,-0.007554791664,-0.009997645462,0.034173987399,0.036399027551,3
26.560000,-0.014198073756,0.029242051285,0.003920822897,0.032742261894,3
26.570000,0.010052801603,0.018352889960,-0.016749650694,0.026803697288,3
26.580000,0.038162712375,-0.004403002660,-0.018625094463,0.042692776812,3
26.590000,0.003829617229,-0.039791256061,0.007968366164,0.040761561382,3
26.600000,-0.031925598433,-0.004042368319,0.043622920991,0.054208337114,3
26.610000,-0.037025576783,0.037842401539,0.000957456391,0.052951462804,3
26.620000,0.003033192894,0.021873268655,-0.042700500050,0.048072578933,3
26.630000,0.043254658335,-0.053523848457,-0.034070897089,0.076789282128,3
26.640000,-0.012193429261,-0.054515246032,0.017411143485,0.058512730961,3
26.650000,-0.075361611440,-0.006669082463,0.051220416839,0.091363998604,3
26.660000,-0.059371176723,0.092684139395,-0.027085443418,0.113353021865,3
26.670000,0.028690084242,0.019682120141,-0.046787379390,0.058305794371,3
26.680000,0.054556262787,-0.054646339663,-0.038855885403,0.086442975876,3
26.690000,-0.001244853473,-0.056469393240,0.044113099874,0.071668037601,3
26.700000,-0.087422295038,0.033649027623,0.094244770202,0.132879612583,3
26.710000,-0.009334467654,0.077898696254,-0.022775411305,0.081694911253,3
26.720000,0.054749848631,0.045906421320,-0.091459136227,0.116059118741,3
26.730000,0.092486364237,-0.046053641230,-0.022550218075,0.105750545037,3
26.740000,0.004136930797,-0.047885160866,0.078265627752,0.091845584080,3
26.750000,-0.045806776340,0.055173326518,0.035692891648,0.080102055104,3
26.760000,-0.031557853081,0.067608344934,-0.038294142138,0.083864341158,3
26.770000,0.055093489406,0.020997192033,-0.063709775552,0.086805012234,3
26.780000,0.043735595884,-0.058429432597,-0.015413877934,0.074594829405,3
26.790000,-0.052354350653,-0.042833761819,0.054183287633,0.086669128544,3
26.800000,-0.057223434444,0.030189645020,0.041348555687,0.076783065668,3
26.810000,0.005798913666,0.035716716471,-0.023089767545,0.042923753336,3
26.820000,0.032866208788,0.000339684552,-0.030772076305,0.045024701508,3
26.830000,0.008907452170,-0.043864142097,0.002142044211,0.044810646274,3
26.840000,-0.012396493524,-0.013873396294,0.031036437806,0.036185696734,3
26.850000,-0.026901216241,0.019569823411,0.010865417375,0.034995867160,3
26.860000,0.009187820031,0.024911531924,-0.011268957655,0.028844234543,3
26.870000,0.028360307685,-0.013118344835,-0.022505457891,0.038508358289,3
26.880000,0.014484042992,-0.015198205864,0.008894037656,0.022800808510,3
26.890000,-0.010758454359,0.000176694507,0.023520035474,0.025864408554,3
26.900000,-0.009408490497,0.017601652814,0.010971620891,0.022775301100,3
26.910000,0.003458915771,0.008851427841,-0.010652076540,0.014275104474,3
26.920000,0.011956978381,-0.008366605619,-0.013467506230,0.019858075074,3
26.930000,0.002733377424,-0.017839827324,0.005588967803,0.018893579656,3
26.940000,-0.013690423598,-0.000793942683,0.014121020009,0.019684035393,3
26.950000,-0.014341150929,0.011553382430,-0.000738518097,0.018430807484,3
26.960000,0.003836299401,0.007589737709,-0.015625854436,0.017790127555,3
26.970000,0.008597307152,-0.008772713510,-0.008969988372,0.015209697038,3
26.980000,-0.001840333458,-0.010055248763,0.005906972014,0.011806234509,3
26.990000,-0.011903681480,0.003407622313,0.015017736616,0.019463862301,3
27.000000,-0.005673031104,0.013175476420,0.005146326709,0.015240116122,3
27.010000,0.005505283418,0.005170194816,-0.014750935417,0.016571938801,3
27.020000,0.017141021212,-0.007709950920,-0.000758028728,0.018810437499,3
27.030000,-0.003046993496,-0.011928725604,0.010273712549,0.016035206062,3
27.040000,-0.008444576190,0.003416243698,0.009553727923,0.013200579732,3
27.050000,-0.001461244378,0.010629433256,-0.003052559541,0.011155187413,3
27.060000,0.008294518139,0.001954271549,-0.011333815316,0.014180041539,3
27.070000,0.010480887993,-0.008149389974,-0.004284424260,0.013950550573,3
27.080000,-0.001836986394,-0.009822974138,0.007822632911,0.012690899321,3
27.090000,-0.015466537722,0.010557969890,0.011304966012,0.021874340536,3
27.100000,-0.004465203412,0.007761793479,-0.003292468286,0.009540640803,3
27.110000,0.009050862445,0.000035511961,-0.012856590300,0.015722954120,3
27.120000,0.008019252533,-0.017279885797,-0.003731638983,0.019412057950,3
27.130000,-0.008895648456,-0.007041707732,0.009878622627,0.015043450211,3
27.140000,-0.018985940971,0.013733943358,0.012591083955,0.026601175724,3
27.150000,-0.004468979472,0.017948083377,-0.001382032759,0.018547654541,3
27.160000,0.015004138228,0.000150148713,-0.015944323066,0.021894477538,3
27.170000,0.011423981410,-0.011325198905,-0.000734762625,0.016103023244,3
27.180000,-0.009511900988,-0.006105305811,0.013932741069,0.017940799680,3
27.190000,-0.015049754814,0.018465119859,0.012157692516,0.026744443510,3
27.200000,0.008316241353,0.015195152755,-0.010954709920,0.020495321585,3
27.210000,0.019670518435,-0.008077797672,-0.012382204579,0.024606891331,3
27.220000,0.009386444162,-0.014881768339,0.004653403318,0.018199629813,3
27.230000,-0.010783616366,-0.002597530261,0.012225162617,0.016507214981,3
27.240000,-0.013920732214,0.016279525655,0.002184811227,0.021530980958,3
27.250000,0.003269827184,0.008343306231,-0.012586509414,0.015450655258,3
27.260000,0.011486052285,-0.008437054957,-0.013694210443,0.019764733570,3
27.270000,-0.002028569662,-0.010953212525,0.002565066828,0.011430989778,3
27.280000,-0.013914105320,-0.003587124578,0.016182817009,0.021641473054,3
27.290000,-0.015434406675,0.017271523324,0.000529353133,0.023169088072,3
27.300000,0.008822639750,0.004158630378,-0.010857163385,0.014594902382,3
27.310000,0.006944762111,-0.004568877857,-0.006597465536,0.010612771417,3
27.320000,-0.001677739395,-0.018921459083,0.012620705792,0.022806109664,3
27.330000,-0.011403617534,0.004054581001,0.015008690319,0.019280635494,3
27.340000,-0.007187380308,0.013688986670,-0.001344549142,0.015519491105,3
27.350000,0.010528498577,0.004038548844,-0.010006003626,0.015075784146,3
27.360000,0.016735666442,-0.017002168634,-0.009802260846,0.025792258281,3
27.370000,0.003164724831,-0.009913356599,0.009432761757,0.014045181262,3
27.380000,-0.015473336966,0.004523227037,0.012513754553,0.020407787550,3
27.390000,-0.003987434366,0.018805761638,-0.003351356310,0.019513787247,3
27.400000,0.013588327910,0.000580888069,-0.010468954994,0.017163306936,3
27.410000,0.017434043550,-0.018712308849,-0.006838392513,0.026473760389,3
27.420000,-0.006141571388,-0.006522731748,0.009943049236,0.013383914102,3
27.430000,-0.015511875701,0.008909046682,0.010296205728,0.020639797793,3
27.440000,-0.011093587207,0.008697974864,-0.004456967112,0.014784688014,3
27.450000,0.012555667796,-0.000040136386,-0.014328987727,0.019051674310,3
27.460000,0.003450812342,-0.007880654546,-0.002852748988,0.009063718811,3
27.470000,-0.006813570160,-0.004220474421,0.010133451652,0.012919906542,3
27.480000,-0.008351267506,0.009051530997,0.007674557491,0.014511123838,3
27.490000,-0.003489407634,0.007515424873,-0.004693335238,0.009522865761,3
27.500000,0.016746086745,0.000367166517,-0.012011234397,0.020611549778,3
27.510000,0.010192424619,-0.015672557837,0.000562986227,0.018703784169,3
27.520000,-0.003087427161,-0.005686696451,0.012599990360,0.014164408920,3
27.530000,-0.010083855636,0.005630893798,0.009326603961,0.014845088444,3
27.540000,0.004524506236,0.008000282399,-0.005055050519,0.010489480964,3
27.550000,0.012835721092,-0.000984485001,-0.014693763336,0.019535394228,3
27.560000,0.007468329552,-0.014585274140,0.004219799043,0.016920782252,3
27.570000,-0.007828822790,-0.001411074498,0.009035127697,0.012038070029,3
27.580000,-0.010231593564,0.011034898263,0.004298638518,0.015650328420,3
27.590000,0.001074853627,0.009838917137,-0.013600851721,0.016820902720,3
27.600000,0.015655673241,-0.004399982022,-0.017866435548,0.024159252174,3
27.610000,0.002309829877,-0.017734553870,0.004163018929,0.018362473734,3
27.620000,-0.020643368192,-0.001534439881,0.015432828225,0.025820056992,3
27.630000,-0.014895201141,0.011006217291,0.004164788792,0.018982868639,3
27.640000,-0.001707405635,0.008983807193,-0.010462205799,0.013895386856,3
27.650000,0.015042731286,-0.020235732634,-0.008133487991,0.026493815631,3
27.660000,0.003096661140,-0.020005894064,0.008970019458,0.022142410813,3
27.670000,-0.013459482380,0.008154450894,0.024931013292,0.029482336391,3
27.680000,-0.007641930118,0.019842822396,0.001507693966,0.021316890900,3
27.690000,0.013995473395,0.011068742846,-0.014817769933,0.023193892505,3
27.700000,0.019767242457,-0.010162056996,-0.008490318260,0.023792788422,3
27.710000,-0.000966827684,-0.012609919464,0.014139671506,0.018970375193,3
27.720000,-0.008102058050,0.006364442587,0.006554882053,0.012211304305,3
27.730000,-0.004210505553,0.010650930474,0.001041391622,0.011500224932,3
27.740000,0.005670168816,0.006362652242,-0.012864122020,0.015431130656,3
27.750000,0.007144130611,-0.009895514848,-0.002208721202,0.012403155471,3
27.760000,-0.009274191077,-0.012046068501,0.017298884760,0.023029759018,3
27.770000,-0.012130948971,0.007146641782,0.008982296214,0.016700780131,3
27.780000,-0.009901844366,0.009518534947,-0.005730013138,0.014882274018,3
27.790000,0.009352280440,-0.000102601523,-0.010734793264,0.014237677582,3
27.800000,0.003693329300,-0.012364754734,-0.005366138121,0.013975810506,3
27.810000,-0.002835872032,-0.007860775513,0.010311033169,0.013272202789,3
27.820000,-0.007871198484,0.008136419809,0.006167584799,0.012891710326,3
27.830000,0.002901596043,0.012378270611,-0.008360964012,0.015216654104,3
27.840000,0.015667244051,0.000611607503,-0.011599358110,0.019503376848,3
27.850000,0.008408665733,-0.008390579747,-0.000514652016,0.011890010706,3
27.860000,-0.007570617397,-0.004355079666,0.014970481005,0.017331943578,3
27.870000,-0.014954436263,0.011664042966,0.007575972720,0.020422546974,3
27.880000,0.004525886809,0.007807705368,-0.005845633526,0.010752457665,3
27.890000,0.011110187660,-0.008923677053,-0.016274487613,0.021631625668,3
27.900000,0.007591777624,-0.014676959269,-0.000791799372,0.016543130511,3
27.910000,-0.011602674942,-0.002688519675,0.015942275894,0.019899908656,3
27.920000,-0.014409207461,0.007960134646,0.002547241444,0.016657654163,3
27.930000,-0.000780456712,0.004806655608,-0.010797608051,0.011844888790,3
27.940000,0.005190186392,-0.010607905439,-0.007711588008,0.014104406482,3
27.950000,0.005099744809,-0.015532332664,0.004334068072,0.016912862003,3
27.960000,-0.013803270653,0.000542957399,0.014278842536,0.019867320595,3
27.970000,-0.012721230181,0.012017567011,-0.000522130776,0.017507833525,3
27.980000,0.007730751416,0.007092258303,-0.012964837298,0.016677879105,3
27.990000,0.016306037417,-0.008611967247,-0.010873465858,0.021407594351,3
28.000000,0.002082798769,-0.008070334024,0.004938803639,0.009688143442,3
28.010000,-0.009644590582,-0.000568017988,0.013316111192,0.016451735143,3
28.020000,-0.005738896062,0.012966319865,-0.002358686119,0.014374414042,3
28.030000,0.010341315389,0.011232001370,-0.009413136892,0.017936214899,3
28.040000,0.012616116410,-0.007402779681,-0.002301240668,0.014807540271,3
28.050000,-0.001425291434,-0.008295445986,0.009375857293,0.012599705543,3
28.060000,-0.018119872847,0.005611258235,0.016288444402,0.025002588506,3
28.070000,-0.019293547646,0.019031127901,-0.007564720822,0.028136272160,3
28.080000,0.011831739674,0.005766684461,-0.021037716836,0.024815927205,3
28.090000,0.010919412770,-0.019818978809,-0.003752087776,0.022936949644,3
28.100000,-0.006078014904,-0.015236157461,0.018982624050,0.025088299567,3
28.110000,-0.020823505901,0.008300793657,0.014779601293,0.026850664568,3
28.120000,-0.004127368304,0.013220444225,-0.001935857198,0.013984379060,3
28.130000,0.010586434052,0.000238876665,-0.018969951930,0.021725301476,3
28.140000,0.008783480212,-0.012309982425,-0.001603248923,0.015207090420,3
28.150000,-0.001874957339,-0.006241771100,0.014098368047,0.015531875388,3
28.160000,-0.012177016350,0.007809726988,0.016315970828,0.021805560458,3
28.170000,0.000252398188,0.019140378191,-0.010515428594,0.021840146993,3
28.180000,0.021460090642,-0.000475034201,-0.014877097565,0.026116837094,3
28.190000,0.016349965253,-0.023325749488,0.011958813569,0.030893772429,3
28.200000,-0.010609280104,-0.008341237479,0.020357021585,0.024424196913,3
28.210000,-0.021836410591,0.022215229997,0.014687388249,0.034439289262,3
28.220000,0.000246105873,0.022278014592,-0.018274063851,0.028815133383,3
28.230000,0.029115500817,-0.003054274597,-0.020152884296,0.035541239801,3
28.240000,0.005710912599,-0.026671101678,0.012306835135,0.029923575630,3
28.250000,-0.026346716811,0.009485504323,0.031453240913,0.042112119905,3
28.260000,-0.040303082551,0.041868107521,0.004825987736,0.058314381143,3
28.270000,0.001169767218,0.030963952091,-0.035983974834,0.047486641588,3
28.280000,0.046942460132,-0.023930415223,-0.032800966414,0.062065793588,3
28.290000,0.007461868661,-0.043728022479,0.018693718777,0.048138078021,3
28.300000,-0.020372882725,0.010858803028,0.055748316625,0.060339396419,3
28.310000,-0.017548971908,0.066524779019,0.026047356614,0.073566143198,3
28.320000,0.050956179161,0.028443747796,-0.061851392999,0.085036308712,3
28.330000,0.058129619034,-0.024083794226,-0.037555095116,0.073276646502,3
28.340000,0.020025445356,-0.051065675023,0.043130432619,0.069777903703,3
28.350000,-0.034811388281,0.017006168220,0.055762436390,0.067900602528,3
28.360000,-0.019578797000,0.060760346121,0.013160269134,0.065179303743,3
28.370000,0.035934832334,0.022030763699,-0.053591593206,0.068181563390,3
28.380000,0.055747345446,-0.045169989430,-0.040177367983,0.082233298410,3
28.390000,-0.020249278159,-0.040950853344,0.039622034580,0.060472400976,3
28.400000,-0.055088615027,-0.000806682640,0.037228079941,0.066493128807,3
28.410000,-0.028890963037,0.038286713742,-0.011515249982,0.049327083600,3
28.420000,0.033431076443,-0.016658722902,-0.061827342502,0.072234134602,3
28.430000,0.032392143406,-0.035322955573,-0.014668582522,0.050121147813,3
28.440000,-0.014222385057,-0.014927958675,0.028068084268,0.034827252855,3
28.450000,-0.035470433922,0.015683017645,0.021906755200,0.044542279336,3
28.460000,-0.001937837430,0.029960818004,-0.015791124420,0.033922933833,3
28.470000,0.018923199052,0.001966102673,-0.022107019647,0.029166304870,3
28.480000,0.015742542835,-0.022767865898,-0.002184700980,0.027766459818,3
28.490000,0.001361686333,-0.012117809800,0.014643096980,0.019055597424,3
28.500000,-0.014291055814,0.010753684522,0.009694233035,0.020343405841,3
28.510000,0.002375776316,0.023320881448,-0.010205891451,0.025566932646,3
28.520000,0.022024819342,-0.000938456424,-0.016857425847,0.027751507593,3
28.530000,0.012002811925,-0.011937006980,0.005945368160,0.017941767814,3
28.540000,-0.013045520600,-0.009138275593,0.012897964716,0.020495150215,3
28.550000,-0.020294325173,0.017128904010,0.006681120679,0.027384235617,3
28.560000,-0.002133947908,0.019745707710,-0.015528188482,0.025210540339,3
28.570000,0.014195134279,-0.013510783421,-0.026160045494,0.032686252249,3
28.580000,0.002294099110,-0.017793360905,0.002827960247,0.018162156870,3
28.590000,-0.018963067343,-0.002044295970,0.015462009081,0.024553020056,3
28.600000,-0.013005907604,0.017401806653,-0.000823995145,0.021740641099,3
28.610000,0.009705499348,0.015900942239,-0.015858377028,0.024464766577,3
28.620000,0.018458296589,-0.008460861988,-0.014675667131,0.025053345171,3
28.630000,0.011556169059,-0.024730397436,0.016976491810,0.032145588731,3
28.640000,-0.018457030061,-0.000505528140,0.032529141732,0.037404044957,3
28.650000,-0.016563792203,0.030446397527,0.010457581390,0.036203637152,3
28.660000,0.018834791193,0.015400769114,-0.038002081825,0.045123068065,3
28.670000,0.052681012942,-0.008522013085,-0.022678738164,0.057984816947,3
28.680000,0.013498150816,-0.031676491258,0.028052586956,0.044413374211,3
28.690000,-0.043854440226,0.013516608803,0.034860401357,0.057629490921,3
28.700000,-0.003423709859,0.046753247315,-0.014746378290,0.049143093069,3
28.710000,0.042774029567,0.023504272901,-0.063349917128,0.079970497373,3
28.720000,0.052676422552,-0.048318411209,-0.039157700984,0.081503373556,3
28.730000,-0.033313743430,-0.058542634219,0.050585918348,0.084237643947,3
28.740000,-0.086369273310,0.013500237010,0.057331405115,0.104540890487,3
28.750000,-0.063463586574,0.080584292592,-0.028173535492,0.106372943626,3
28.760000,0.049672832132,0.037771459916,-0.090387247255,0.109835913537,3
28.770000,0.070622320299,-0.088173242762,-0.030279519661,0.116956753437,3
28.780000,0.008387380666,-0.058929688936,0.092194573343,0.109740128242,3
28.790000,-0.106378468617,0.049357217253,0.073673420572,0.138492910934,3
28.800000,-0.009405876460,0.095765119012,-0.014377524098,0.097294099156,3
28.810000,0.085977457020,-0.009786013765,-0.059625047218,0.105085847937,3
28.820000,0.108793479148,-0.116267070563,-0.001871403842,0.159240556878,3
28.830000,-0.070195538196,-0.046953536349,0.099945999524,0.130848198227,3
28.840000,-0.125418481212,0.028490069245,0.070614072628,0.146723640659,3
28.850000,-0.009152741036,0.116615751632,-0.065965392729,0.134292364769,3
28.860000,0.098184318146,-0.044215900367,-0.156393856544,0.189879552716,3
28.870000,0.073894541517,-0.130064036772,0.014114377183,0.150254026804,3
28.880000,-0.109148850892,-0.042012866583,0.099439031676,0.153514408543,3
28.890000,-0.187570898617,0.084871424707,0.048442188935,0.211500937134,3
28.900000,0.013406500284,0.092215930717,-0.100485150546,0.137042977230,3
28.910000,0.074402220912,-0.033130847216,-0.128243025857,0.151919772232,3
28.920000,0.050344759947,-0.099330564330,0.049673687542,0.121936996429,3
28.930000,-0.060073797203,-0.018846593994,0.094440572205,0.113503642646,3
28.940000,-0.071566620805,0.070975505832,0.012742050869,0.101595588004,3
28.950000,0.011183942450,0.044716454105,-0.069506967571,0.083401800804,3
28.960000,0.063756653138,-0.021330010440,-0.038732355688,0.077589145774,3
28.970000,0.025864011195,-0.033554744026,0.026260053121,0.049844340819,3
28.980000,-0.016136296544,0.006400666797,0.027708376767,0.032697136643,3
28.990000,-0.015944265793,0.023385099000,0.003717004429,0.028546428653,3
29.000000,0.012147981387,0.010185587545,-0.017527736210,0.023633475878,3
29.010000,0.016748210032,-0.009794726394,-0.013860598324,0.023844399559,3
29.020000,0.006561804548,-0.014543758348,0.009772869919,0.018710616565,3
29.030000,-0.016970371223,0.003251634284,0.017844034009,0.024839005106,3
29.040000,-0.010604988905,0.014559050394,-0.000503278309,0.018019018484,3
29.050000,0.003154837122,0.007784403261,-0.014045593098,0.016365470261,3
29.060000,0.015805397118,-0.017919239243,-0.009963724564,0.025887941601,3
29.070000,-0.006461882146,-0.012128126445,0.010879399573,0.017527370226,3
29.080000,-0.019239919538,0.009871174152,0.014460500406,0.026013855058,3
29.090000,-0.003968212509,0.010567895416,-0.005354120650,0.012493747715,3
29.100000,0.019168654853,0.004019195057,-0.021162289730,0.028834593189,3
29.110000,0.019578770859,-0.015933651112,-0.003471027573,0.025480532540,3
29.120000,0.006991783545,-0.005998261906,0.016269647574,0.018696673908,3
29.130000,-0.015465147197,0.010089034094,0.011744125857,0.021883415613,3
29.140000,-0.005676039559,0.013740167099,-0.004783483875,0.015617020682,3
29.150000,0.010714423237,0.002275843787,-0.010851000743,0.015418253707,3
29.160000,0.005667909928,-0.007738904797,-0.000940194314,0.009638455050,3
29.170000,-0.005892142646,-0.002499310499,0.013018635466,0.014506852426,3
29.180000,-0.019730059324,0.007139950408,0.012043743323,0.024193095833,3
29.190000,-0.002987972334,0.014025100879,-0.008516987489,0.016678444448,3
29.200000,0.012863124116,-0.003236210795,-0.012476122774,0.018209521185,3
29.210000,0.003309859051,-0.016430089129,-0.000743671354,0.016776651716,3
29.220000,-0.009810100322,-0.005123722823,0.011906748647,0.016256114764,3
29.230000,-0.015723205267,0.009051433468,0.006929914700,0.019420899810,3
29.240000,0.000363222389,0.006964134646,-0.007232327262,0.010046773586,3
29.250000,0.007856023525,-0.002863220260,-0.010962669766,0.013787503918,3
29.260000,0.012795104523,-0.013732410792,0.009397920167,0.020990824409,3
29.270000,-0.007090753764,-0.002340895910,0.013605872381,0.015520255985,3
29.280000,-0.006927408918,0.009411210297,0.005010981853,0.012714944463,3
29.290000,0.004277802666,0.009432493079,-0.010228789625,0.014556773631,3
29.300000,0.017544535638,-0.007408088080,-0.007556554458,0.020488826590,3
29.310000,0.003363716437,-0.013677670071,0.006498859139,0.015512202196,3
29.320000,-0.006797763904,-0.001061029910,0.009587878098,0.011800965426,3
29.330000,-0.008913315267,0.010196651630,-0.001298239653,0.013605304837,3
29.340000,0.001438577852,0.011312148398,-0.009729910821,0.014990175856,3
29.350000,0.008486561192,-0.009554512425,-0.009433859893,0.015884210431,3
29.360000,-0.001792970763,-0.012349327464,0.005757827470,0.013743115009,3
29.370000,-0.016780053061,0.004605531447,0.010779611166,0.020469028250,3
29.380000,-0.013714317183,0.011471243232,-0.000199255480,0.017880481533,3
29.390000,0.002110414678,0.007396033894,-0.011494463338,0.013830323745,3
29.400000,0.007463163328,-0.008252060985,-0.008705503019,0.014127317515,3
29.410000,0.001206490616,-0.011227778554,0.012227132189,0.016643959638,3
29.420000,-0.013613639822,0.004572344047,0.013205964266,0.019509869591,3
29.430000,-0.009110772898,0.009246650396,-0.001160588007,0.013032792904,3
29.440000,0.008965038248,0.002871311372,-0.006274252896,0.011312939016,3
29.450000,0.014896884321,-0.009317540921,-0.002381948577,0.017731537167,3
29.460000,0.003201197729,-0.006088042614,0.008850387247,0.011208982299,3
29.470000,-0.009617731801,0.009845039580,0.011327997579,0.017825518183,3
29.480000,0.000422315602,0.012135456496,-0.007108801266,0.014070632902,3
29.490000,0.016274102221,-0.002850838100,-0.021037872497,0.026750060937,3
29.500000,0.017599856546,-0.013035275058,-0.001284200535,0.021939063729,3
29.510000,-0.012171794740,-0.007529213061,0.011101545542,0.018113143016,3
29.520000,-0.019242013529,0.013231147364,0.010859747755,0.025753688406,3
29.530000,-0.007479398181,0.011522860876,-0.012880209594,0.018831290957,3
29.540000,0.010898081504,0.001968439922,-0.018408245474,0.021482700892,3
29.550000,-0.000126851480,-0.020255032436,-0.001588780665,0.020317643915,3
29.560000,-0.011709872624,-0.006023777431,0.016626240214,0.021209405344,3
29.570000,-0.020360673531,0.011401454047,0.003654588508,0.023620038065,3
29.580000,0.001999445336,0.016974018191,-0.005232261431,0.017874328935,3
29.590000,0.015888064333,-0.006956187132,-0.009916161171,0.019978723183,3
29.600000,0.012163967035,-0.014159669389,-0.003461528815,0.018985270948,3
29.610000,-0.014308953597,-0.002119246322,0.019932530340,0.024628096227,3
29.620000,-0.005244385164,0.007699822415,0.007704724367,0.012089401083,3
29.630000,0.002686876200,0.010424875335,-0.010545891561,0.015070273995,3
29.640000,0.009036653052,-0.005633861245,-0.008490598632,0.013619535823,3
29.650000,0.004688859820,-0.010212285566,0.006716537291,0.013091526117,3
29.660000,-0.008406101771,-0.003455206081,0.012831996069,0.015724538758,3
29.670000,-0.009718908679,0.009614573520,0.004710383954,0.014459769254,3
29.680000,0.003717387122,0.004388200156,-0.010649376511,0.012103077612,3
29.690000,0.004674925413,-0.008031492557,-0.004741590666,0.010432760055,3
29.700000,-0.003700376351,-0.011334970008,0.005162042504,0.012993114062,3
29.710000,-0.015558089892,0.002635114113,0.013079383172,0.020495566634,3
29.720000,-0.011134118445,0.013874874528,-0.001359196929,0.017841753081,3
29.730000,0.000429798986,0.002298263006,-0.008640072254,0.008950842897,3
29.740000,0.014026421780,-0.011357844630,-0.008421322136,0.019916320170,3
29.750000,-0.000844612456,-0.003589352613,0.006741493661,0.007684045755,3
29.760000,-0.007307701118,0.002419651538,0.013975466340,0.015955277140,3
29.770000,-0.000764780955,0.011306512696,-0.001364168364,0.011414161143,3
29.780000,0.015086886839,0.001936819381,-0.016166322301,0.022197193528,3
29.790000,0.015227875313,-0.010941204093,-0.005525518220,0.019548132523,3
29.800000,0.002497105984,-0.013715133267,0.012548793536,0.018756669162,3
29.810000,-0.014219408910,0.009265268987,0.012359716543,0.020995223079,3
29.820000,-0.003882486483,0.018198203332,-0.009691731011,0.020980418390,3
29.830000,0.008091981845,-0.002454687490,-0.012745353884,0.015295414557,3
29.840000,0.005894669434,-0.012056565200,-0.000573489019,0.013432675900,3
29.850000,-0.004794777704,-0.002248430772,0.008592402537,0.010093300527,3
29.860000,-0.012964165522,0.007317270001,0.006185269211,0.016120470935,3
29.870000,-0.004493605821,0.009461419161,-0.006048863635,0.012095441170,3
29.880000,0.012088129012,-0.005246814710,-0.015349824520,0.020230398919,3
29.890000,0.008633414213,-0.010575268287,0.000632760814,0.013666474548,3
29.900000,-0.005876032977,-0.004841209580,0.016898810745,0.018534693910,3
29.910000,-0.010453797546,0.008362818213,0.005522165620,0.014481468321,3
29.920000,-0.000953134038,0.009681708359,-0.006535562261,0.011719962258,3
29.930000,0.012452812538,-0.001649936952,-0.008392419796,0.015107201662,3
29.940000,0.006447518433,-0.008849464802,0.001519987316,0.011054134190,3
29.950000,-0.004438478434,0.000467802460,0.010905712895,0.011783611658,3
29.960000,-0.018204622798,0.014092493472,0.009654049381,0.024964120912,3
29.970000,0.006231733509,0.008756480961,-0.007592572468,0.013158936812,3
29.980000,0.013408607943,-0.008923587552,-0.006117472191,0.017229180125,3
29.990000,0.007619663922,-0.016652513785,0.005008091363,0.018985427905,3
