time_s,acc_x_m_s2,acc_y_m_s2,acc_z_m_s2,acc_abs_m_s2,acc_accuracy
0.000000,-0.000653177141,0.002089826844,-0.004220372258,0.004754530325,3
0.010000,0.006660743543,-0.007430830758,-0.006418598380,0.011865123491,3
0.020000,-0.000880372571,-0.005549064992,0.011078731668,0.012421975427,3
0.030000,-0.006505333880,0.011845156729,0.004130291247,0.014131044286,3
0.040000,0.004176746622,0.001053741827,-0.008501003481,0.009530091520,3
0.050000,0.014649945837,-0.015419591032,0.005742065131,0.022030796913,3
0.060000,-0.011457174831,0.002315682647,0.014986035442,0.019005538653,3
0.070000,-0.006043644955,0.021089004196,-0.003452847578,0.022207969262,3
0.080000,0.023329059948,-0.007774425017,-0.011897906817,0.027317520184,3
0.090000,0.003938016940,-0.014021045608,0.014512082840,0.020559626595,3
0.100000,-0.021569813859,0.015313090591,0.013171276724,0.029550467744,3
0.110000,0.000219622404,0.016027822273,-0.014095862284,0.021345553502,3
0.120000,0.017554942488,-0.019263995782,-0.006298453408,0.026813206720,3
0.130000,-0.010314477325,-0.007368995832,0.012129473707,0.017544648030,3
0.140000,-0.020236872149,0.008692088836,-0.005271961059,0.022646787324,3
0.150000,0.007615424813,-0.001080212508,-0.023574403207,0.024797460368,3
0.160000,0.004405251187,-0.008836046297,-0.002680772192,0.010230762030,3
0.170000,-0.008502716068,0.003982950115,0.009537070326,0.013383414458,3
0.180000,-0.005161216778,0.010728784661,-0.003147424429,0.012314676587,3
0.190000,0.004878203306,-0.003181469692,-0.006702413296,0.008879243261,3
0.200000,0.001680597193,-0.002698478940,0.004378453697,0.005410827321,3
0.210000,-0.006943050403,0.007140414329,0.005684214082,0.011467421480,3
0.220000,0.001901787432,0.003897740444,-0.006580136317,0.007880822924,3
0.230000,0.007953867121,-0.005900331855,-0.001761178081,0.010058810387,3
0.240000,-0.001898088178,-0.001293898634,0.006427107165,0.006825292589,3
0.250000,-0.009984223819,0.011544568107,0.002288128246,0.015433642115,3
0.260000,0.006523809913,-0.000049524584,-0.012690257770,0.014269029075,3
0.270000,0.002657967602,-0.005929654394,0.000180286390,0.006500622754,3
0.280000,-0.006010246977,0.002304785777,0.006925327423,0.009454906986,3
0.290000,-0.004849807957,0.006877850189,-0.003645227692,0.009171321899,3
0.300000,0.003942900248,-0.005233077494,-0.010293906347,0.012202297747,3
0.310000,0.004205486050,-0.010725162202,0.007439354971,0.013713468546,3
0.320000,-0.004504061335,0.007492174613,0.007904375733,0.011785516733,3
0.330000,0.000203738076,0.002676583985,-0.006642044885,0.007163963378,3
0.340000,0.005905660756,-0.002254387264,-0.002231138206,0.006703511661,3
0.350000,-0.003335835620,-0.001059342960,0.010305978703,0.010884080293,3
0.360000,-0.003451443168,0.006581885466,-0.000369858281,0.007441133742,3
0.370000,0.005301424284,0.000554099612,-0.006022531062,0.008042574601,3
0.380000,0.004949864570,-0.006554579256,0.003153698465,0.008798265880,3
0.390000,-0.006323994587,0.003817006544,0.007690099848,0.010663024063,3
0.400000,-0.007004508007,0.007476312330,-0.003369606954,0.010784833309,3
0.410000,0.005571612981,-0.004245386403,-0.005958488771,0.009196182107,3
0.420000,-0.001260422220,-0.010580121511,0.005132072824,0.011826487510,3
0.430000,-0.007767070611,0.007912560501,0.003811539567,0.011724497150,3
0.440000,0.001535178489,-0.001519215040,-0.011319244782,0.011523458239,3
0.450000,0.011885068793,-0.014707469263,-0.007049817447,0.020180793800,3
0.460000,-0.004462420047,-0.003345934645,0.019072829589,0.019871620464,3
0.470000,-0.009808481339,0.018608885284,-0.002177082566,0.021147969316,3
0.480000,0.012022017880,-0.002108872322,-0.017018941815,0.020943271876,3
0.490000,0.009726016153,-0.012348936011,0.002295926623,0.015885933711,3
0.500000,-0.011928008389,0.002248014782,0.014406388927,0.018838126141,3
0.510000,-0.001361300521,0.014486428695,-0.011036047665,0.018262094719,3
0.520000,0.019281709952,-0.009811375653,-0.014063502066,0.025803672631,3
0.530000,-0.002299931159,-0.017428903501,0.014336306094,0.022684488819,3
0.540000,-0.018999618369,0.014599006977,0.007417057965,0.025082449077,3
0.550000,0.000871995421,0.006257799169,-0.008484832580,0.010578885119,3
0.560000,0.002431496379,-0.003890570184,-0.000524589539,0.004617781413,3
0.570000,-0.004058159102,-0.001039573071,0.007390168983,0.008494937614,3
0.580000,-0.003074416992,0.006500473098,-0.000273184119,0.007196028064,3
0.590000,0.009307839097,-0.001297138711,-0.007866778305,0.012255800193,3
0.600000,0.004730461384,-0.008719692764,0.002563167342,0.010245981341,3
0.610000,-0.004144189466,0.004631706930,0.006089444741,0.008701054687,3
0.620000,0.000041781088,0.003812396913,-0.003213836536,0.004986467804,3
0.630000,0.013536590301,-0.007146500428,-0.005581855251,0.016293214949,3
0.640000,-0.000379495881,-0.003345429083,0.003098150054,0.004575417646,3
0.650000,-0.007475752225,0.005477073470,0.005119909152,0.010587666166,3
0.660000,0.005462764016,0.003172486165,-0.009315121087,0.011255129499,3
0.670000,0.004398212374,-0.006043865953,-0.002228807884,0.007800011047,3
0.680000,-0.006471372505,-0.000954703782,0.013189606879,0.014722630574,3
0.690000,-0.005811624727,0.009168672037,-0.000647485706,0.010874684667,3
0.700000,0.003276559249,-0.002172167462,-0.006615263449,0.007695184370,3
0.710000,0.001743719543,-0.007203655624,0.004683004240,0.008767196867,3
0.720000,-0.010258050269,0.003989411496,0.011895393329,0.016206276002,3
0.730000,-0.002132067419,0.005568639685,-0.003682553198,0.007008327723,3
0.740000,0.007572006729,-0.008143918462,-0.006155224853,0.012710054555,3
0.750000,0.000821510470,-0.004835965420,0.006028473598,0.007771996843,3
0.760000,-0.005459578715,0.010221916719,0.003090289274,0.011993517789,3
0.770000,0.007213796958,0.001551014386,-0.010237845000,0.012619745735,3
0.780000,0.005774442691,-0.005897934311,0.000031863091,0.008254140342,3
0.790000,-0.005254905480,0.003340444887,0.006899098140,0.009293554691,3
0.800000,-0.003181877324,0.007544986909,0.000111096993,0.008189231546,3
0.810000,0.006483765218,-0.002306043720,-0.004919758520,0.008459377810,3
0.820000,0.001031060452,-0.008776278923,0.003180454660,0.009391562662,3
0.830000,-0.009046388120,0.002459965512,0.005921579159,0.011088447505,3
0.840000,-0.008911831093,0.014848694632,-0.009439648137,0.019723372497,3
0.850000,0.019117149144,-0.018258430853,-0.019820451002,0.033040671399,3
0.860000,-0.007932554388,-0.008727813904,0.013832596171,0.018178032663,3
0.870000,-0.010279219291,0.011304338035,0.005226427746,0.016148249274,3
0.880000,0.010320294747,0.001802485718,-0.015767452811,0.018930663131,3
0.890000,0.011975240009,-0.018583887902,-0.001249390547,0.022143356556,3
0.900000,-0.008092726448,0.006219262748,0.017280334824,0.020069415092,3
0.910000,-0.002119146292,0.014450977825,-0.001666167478,0.014700260378,3
0.920000,0.017152469642,-0.003525588809,-0.022879584970,0.028811671240,3
0.930000,0.009800638312,-0.017157267403,0.013140431962,0.023729628910,3
0.940000,-0.006011936900,0.003172113027,0.004236323931,0.008009502281,3
0.950000,-0.001756126470,0.003568708139,-0.003234242908,0.005126400798,3
0.960000,0.007407165816,-0.008577543820,-0.008428378824,0.014123665707,3
0.970000,-0.002655644693,-0.003105990044,0.005298506426,0.006691322234,3
0.980000,-0.007626913596,0.007221299496,0.000359867187,0.010509352111,3
0.990000,0.004683173656,0.001911709727,-0.007389176321,0.008954701351,3
1.000000,0.006802400424,-0.007661091994,0.002669462551,0.010587304302,3
1.010000,-0.005658186859,0.000976138428,0.005692005346,0.008084976785,3
1.020000,0.000086735551,0.007115642419,-0.002044572176,0.007404064119,3
1.030000,0.006275718338,-0.001053305525,-0.004692905787,0.007906798208,3
1.040000,0.004499231768,-0.004016171250,0.004354606463,0.007438771099,3
1.050000,-0.005850934964,0.007777106698,0.006461299039,0.011681832640,3
1.060000,0.003043762893,0.003238858168,-0.004740783131,0.006498439773,3
1.070000,0.008823808075,-0.010966133084,-0.003710632717,0.014556251541,3
1.080000,-0.005824931722,-0.003652336128,0.008701636459,0.011089989442,3
1.090000,-0.007023335542,0.007211569957,0.001441507880,0.010169165568,3
1.100000,0.006817008657,0.000818679223,-0.009627644147,0.011825116258,3
1.110000,0.000004866233,-0.005597391329,0.000094602588,0.005598192835,3
1.120000,-0.009339824380,0.001620076993,0.009301043701,0.013280300555,3
1.130000,-0.004285329268,0.007068549760,-0.001175907303,0.008349323364,3
1.140000,0.005621446969,-0.003722757274,-0.005280094191,0.008563818215,3
1.150000,0.002545438621,-0.004664326011,0.004813555837,0.007169763923,3
1.160000,-0.006809629961,0.007821961648,0.006319572122,0.012144592872,3
1.170000,0.008457344567,0.008303050469,-0.013324982032,0.017833184527,3
1.180000,0.002434480847,-0.002326771798,-0.000556642443,0.003413270397,3
1.190000,-0.001640562186,-0.002933624555,0.009648044654,0.010216768714,3
1.200000,-0.004818730910,0.008492038833,0.001463848323,0.009873081740,3
1.210000,0.005737053666,0.002015542445,-0.006740039430,0.009077682944,3
1.220000,0.004634048498,-0.013028723146,-0.000620998415,0.013842242280,3
1.230000,-0.020469745376,0.003653158915,0.016845792070,0.026760731609,3
1.240000,-0.007927162289,0.010226395222,-0.008190357407,0.015313425993,3
1.250000,0.014008818571,-0.005346892768,-0.009577956366,0.017792512700,3
1.260000,0.003898927742,-0.012945181749,0.018149420674,0.022631412657,3
1.270000,-0.013129272828,0.017278265267,0.003554593767,0.021989802011,3
1.280000,0.001195889104,0.008622287487,-0.018466408097,0.020415244800,3
1.290000,0.017226177608,-0.021525400954,-0.002364807795,0.027670858265,3
1.300000,-0.004897885159,-0.003098661196,0.016822335926,0.017792750384,3
1.310000,-0.005169995237,0.022522387661,-0.000244131105,0.023109443886,3
1.320000,0.018365961333,-0.003969783097,-0.009277604548,0.020955707091,3
1.330000,0.014321367708,-0.011694970366,0.004203322197,0.018961588077,3
1.340000,-0.007771041035,0.003109551638,0.007589003446,0.011298290290,3
1.350000,-0.003806698733,0.009970312623,-0.002313255465,0.010920130031,3
1.360000,0.007491076488,-0.006423260163,-0.006899203755,0.012040494613,3
1.370000,-0.000628622612,-0.006901489940,0.009375201577,0.011658479077,3
1.380000,-0.011204299683,0.006894417478,0.003739747650,0.013676806507,3
1.390000,0.001068696792,0.002410040626,-0.007296807918,0.007758467274,3
1.400000,0.003938882769,-0.006553921724,-0.000161052343,0.007648177907,3
1.410000,-0.002931158422,0.000085612635,0.005454472077,0.006192760682,3
1.420000,-0.006120496873,0.008923686776,0.002118306316,0.011026327099,3
1.430000,0.008131161449,-0.000425324508,-0.009825892562,0.012761067827,3
1.440000,0.007560898756,-0.007666639215,0.005401134066,0.012046443295,3
1.450000,-0.004489701751,0.002454312780,0.008987366640,0.010341848585,3
1.460000,-0.001353354954,0.006351824552,-0.005390297838,0.008439938125,3
1.470000,0.009044966546,-0.005907963974,-0.005584126467,0.012161329144,3
1.480000,-0.002210581183,-0.005335603928,0.008524496891,0.010296717228,3
1.490000,-0.012303636371,0.006496334249,0.001491892893,0.013993125849,3
1.500000,0.001142977244,0.003837767244,-0.007510507667,0.008511320686,3
1.510000,0.005536591860,-0.011449041671,-0.001793692178,0.012843353777,3
1.520000,-0.006333192830,-0.000200201254,0.009644920554,0.011540099846,3
1.530000,-0.008628656990,0.007961537410,0.000535716447,0.011752735490,3
1.540000,0.003402172313,-0.001023398395,-0.003918608190,0.005289386625,3
1.550000,0.001955051881,-0.003907436028,0.002011129497,0.004809877964,3
1.560000,-0.005443999072,0.006982095152,0.011070742078,0.014175616698,3
1.570000,0.001301124985,0.008905526505,-0.004872133041,0.010234207782,3
1.580000,0.015338696844,-0.009521611913,-0.006386456087,0.019150027040,3
1.590000,-0.003131000056,-0.002996153306,0.008033492148,0.009127819678,3
1.600000,-0.014991814281,0.010322125193,0.004318047491,0.018706851634,3
1.610000,0.006036504180,0.005414282464,-0.008178089679,0.011516726450,3
1.620000,0.012182491309,-0.014370110628,-0.002890066492,0.019059529330,3
1.630000,-0.011224197828,-0.000230217271,0.023163823761,0.025740985764,3
1.640000,-0.012636595663,0.021162334434,-0.002950210036,0.024824014339,3
1.650000,0.011516040656,-0.006611765590,-0.017757854340,0.022173768903,3
1.660000,-0.002852060261,-0.017380603199,0.006015676209,0.018612038458,3
1.670000,-0.019718735593,0.014337537658,0.021127152774,0.032260658763,3
1.680000,-0.003072863044,0.008444722517,-0.008979379144,0.012703742578,3
1.690000,0.013531783786,-0.013683029508,-0.005869188995,0.020119191047,3
1.700000,-0.001475850658,-0.004944489693,0.017422566982,0.018170634379,3
1.710000,-0.015048543963,0.015021277492,0.007409259275,0.022516540051,3
1.720000,0.017872606470,0.004845882342,-0.023037033851,0.029557022285,3
1.730000,0.007422996321,-0.005307696846,-0.000630391528,0.009147125979,3
1.740000,-0.005652532783,0.000388682082,0.007523938512,0.009418696903,3
1.750000,-0.004273605615,0.011672397432,-0.003003681201,0.012787910991,3
1.760000,0.006835896358,-0.003478685704,-0.009437181627,0.012161049721,3
1.770000,0.001613968377,-0.005855502041,0.002201121818,0.006460397459,3
1.780000,-0.007802345402,0.006068326307,0.004757426058,0.010969698293,3
1.790000,-0.002797409047,0.005053423063,-0.005453461323,0.007943728497,3
1.800000,0.007713446158,-0.005430304954,-0.007358160762,0.011963611216,3
1.810000,-0.005655264031,-0.004139082578,0.010063895141,0.012263604741,3
1.820000,-0.005664281998,0.006761368093,0.003327930635,0.009427370331,3
1.830000,0.005666760135,-0.000282416940,-0.006505053963,0.008631781787,3
1.840000,0.004300688245,-0.006142609737,0.000218309161,0.007501681988,3
1.850000,-0.005823867993,0.000839619149,0.005466567324,0.008031547611,3
1.860000,-0.000370616820,0.006520190224,-0.002213784200,0.006895728959,3
1.870000,0.006596185810,-0.000806577683,-0.006717233142,0.009448886489,3
1.880000,0.001733026221,-0.010680935257,-0.000436386942,0.010829413253,3
1.890000,-0.002622260033,0.002254691293,0.001144798340,0.003642862027,3
1.900000,0.000634954744,0.005108616749,-0.005769022230,0.007731930554,3
1.910000,0.005621688123,-0.005961886021,-0.004499676248,0.009348505154,3
1.920000,-0.000596219469,-0.001019589729,0.002024263229,0.002343647263,3
1.930000,-0.010185933589,0.008945957616,0.000246563194,0.013558915670,3
1.940000,0.003473928851,0.001093066939,-0.008150154769,0.008926813528,3
1.950000,0.005686886475,-0.009514276820,0.002511440971,0.011365275049,3
1.960000,-0.008053311452,0.004660578841,0.009344953530,0.013187303627,3
1.970000,-0.001241976732,0.005237482374,-0.002145146651,0.005794426803,3
1.980000,0.012112910423,-0.004962968626,-0.010466982391,0.016760410999,3
1.990000,0.003313666999,-0.007024091837,0.003428395615,0.008489531884,3
2.000000,-0.005965987208,0.007267506087,0.005716068447,0.011003776015,3
2.010000,0.002996865011,0.005540922941,-0.006212652694,0.008847603089,3
2.020000,0.016076494300,-0.015878444355,-0.007418232378,0.023782532156,3
2.030000,-0.005925418740,-0.004475547359,0.018298790368,0.019748084473,3
2.040000,-0.020971240175,0.016755442849,0.001473106445,0.026883225665,3
2.050000,0.010524247132,-0.000215691428,-0.014328471848,0.017779522097,3
2.060000,0.005879001223,-0.016642600434,-0.003717717877,0.018037744615,3
2.070000,-0.022898617140,0.003744494340,0.015540682654,0.027926344590,3
2.080000,-0.007942900812,0.014003325599,-0.006820788056,0.017484448829,3
2.090000,0.013633514844,-0.007611504233,-0.016854947618,0.022976008855,3
2.100000,0.002451195594,-0.010585963924,0.011058112232,0.015503317006,3
2.110000,-0.015036250693,0.011724831329,0.008371942973,0.020824263102,3
2.120000,0.001117470645,0.002308789908,-0.003492545319,0.004333257930,3
2.130000,0.011778414281,-0.006461540618,-0.002433622666,0.013653024185,3
2.140000,-0.003358059808,-0.000330963168,0.007874433027,0.008566959658,3
2.150000,-0.005611943198,0.006684429562,-0.000327841788,0.008734013125,3
2.160000,0.010977760340,-0.000705603947,-0.013642807002,0.017525275516,3
2.170000,0.004696009739,-0.008933097862,0.000952635731,0.010137073528,3
2.180000,-0.009813548366,0.005347041023,0.006577505745,0.012967658272,3
2.190000,-0.001102889618,0.006634786315,-0.006181359853,0.009134876277,3
2.200000,0.007770866763,-0.010464728973,-0.009985340735,0.016419620956,3
2.210000,-0.000442603297,-0.006779176044,0.006526883019,0.009420898442,3
2.220000,-0.005756996557,0.004636891295,0.003795578782,0.008309644309,3
2.230000,0.001532111983,0.001457527496,-0.010136168103,0.010354402800,3
2.240000,0.004235719994,-0.003709470112,-0.002389302775,0.006116392738,3
2.250000,-0.002044762328,-0.001504698918,0.008059070897,0.008449484927,3
2.260000,-0.004512939989,0.009893722863,-0.000960887170,0.010916761589,3
2.270000,0.006316626752,-0.001537856608,-0.003203412592,0.007247525695,3
2.280000,0.007649090258,-0.007848611738,0.000308023801,0.010963766080,3
2.290000,-0.004864658998,0.002642692887,0.004203275097,0.006950989455,3
2.300000,-0.001670972969,0.003004121025,-0.002882705504,0.004486299680,3
2.310000,0.010255327824,-0.003430823214,-0.004589581054,0.011747618948,3
2.320000,0.000424116207,-0.003470858517,0.003995461415,0.005309467518,3
2.330000,-0.010144923616,0.007361917978,0.004725320971,0.013395744465,3
2.340000,0.000502074289,0.001482344845,-0.006268536796,0.006460958009,3
2.350000,0.006854266091,-0.006182926042,0.000052030364,0.009231047895,3
2.360000,-0.004828792759,-0.000039461785,0.006329738330,0.007961431031,3
2.370000,-0.006355564773,0.010495813877,-0.001143217240,0.012323240571,3
2.380000,0.004109516863,0.000975133412,-0.005707871166,0.007100620203,3
2.390000,0.002157181514,-0.003850468141,0.001011378349,0.004527960154,3
2.400000,-0.005534269889,0.003770170862,0.009261689687,0.011428964406,3
2.410000,0.001611096328,0.013369053943,-0.015085849464,0.020221525382,3
2.420000,0.013875020002,-0.015058606270,-0.005341717008,0.021161562878,3
2.430000,0.001082209618,-0.006956165760,0.011097143127,0.013141765685,3
2.440000,-0.017276534326,0.013831541436,0.006138407412,0.022966719887,3
2.450000,0.002794685295,0.005699327222,-0.015930061240,0.017148161645,3
2.460000,0.010508888812,-0.014146155981,-0.000375349786,0.017626439248,3
2.470000,-0.024173176300,0.000606091366,0.009206907030,0.025874252380,3
2.480000,-0.012863639158,0.013782142833,-0.000472679992,0.018858528570,3
2.490000,0.010620160076,-0.002680532520,-0.020398911270,0.023153587964,3
2.500000,0.004696276526,-0.015787348745,0.002868992621,0.016719046392,3
2.510000,-0.015868315503,0.008146276319,0.017904610207,0.025273312435,3
2.520000,-0.000718121182,0.010171091077,-0.004760644317,0.011253022973,3
2.530000,0.009457646896,-0.006201989926,-0.002983474179,0.011696703896,3
2.540000,0.001402143429,-0.003479782830,0.007752202441,0.008612289906,3
2.550000,-0.006438611119,0.007824104149,0.002900942701,0.010539819137,3
2.560000,0.002238322645,0.002588077482,-0.008386976869,0.009058124216,3
2.570000,0.007803318351,-0.009085921541,-0.001169911054,0.012033887128,3
2.580000,-0.000951489270,-0.000156529878,0.004774249619,0.004870656307,3
2.590000,-0.005545850099,0.009726122909,-0.001713690320,0.011326546458,3
2.600000,0.005381424931,-0.001781346126,-0.011198326469,0.012551312442,3
2.610000,0.003442136015,-0.007866707835,0.004365972947,0.009633021970,3
2.620000,-0.006302401781,0.005173844219,0.004036639295,0.009098537740,3
2.630000,-0.001614581774,0.002969779670,-0.002951714603,0.004487659155,3
2.640000,0.007478534519,-0.005742634990,-0.003770460169,0.010154935010,3
2.650000,-0.001642821343,-0.004569211245,0.005870281842,0.007618186285,3
2.660000,-0.006408671519,0.007767896263,0.000208331026,0.010072471634,3
2.670000,0.003730546154,0.002065753369,-0.005904653244,0.007283491025,3
2.680000,0.008319718137,-0.013189839378,-0.001490118857,0.015665568196,3
2.690000,-0.005168423633,0.003493037696,0.007627677096,0.009853698446,3
2.700000,-0.002162578816,0.009994289705,-0.002126336595,0.010444322916,3
2.710000,0.005956010662,-0.001858333836,-0.005593920936,0.008379702804,3
2.720000,0.001429539488,-0.007241055514,0.002983806363,0.007961128596,3
2.730000,-0.010911228873,0.004725534663,0.004125973763,0.012586073767,3
2.740000,-0.000488226665,0.004908024037,-0.007799710233,0.009228355484,3
2.750000,0.007388818390,-0.006978688022,-0.002680596802,0.010511057174,3
2.760000,-0.005817407115,-0.005844493008,0.012935131249,0.015340076417,3
2.770000,-0.011751160962,0.008698399156,0.002283286153,0.014797477065,3
2.780000,0.002860143898,0.002046664862,-0.006687620757,0.007556026175,3
2.790000,0.009614884803,-0.010281553666,-0.000040138017,0.014076859260,3
2.800000,-0.014452737897,0.008852584148,0.017395922907,0.024287198534,3
2.810000,-0.004023199011,0.014888522103,-0.001349803587,0.015481478948,3
2.820000,0.023064101185,-0.003600931530,-0.018903477080,0.030037658315,3
2.830000,0.007872524383,-0.010215633064,0.010639115400,0.016719048285,3
2.840000,-0.013068816917,0.011193529369,0.012129056155,0.021052388904,3
2.850000,0.005816000270,0.013404739292,-0.012652327868,0.019328587509,3
2.860000,0.016367275518,-0.015927242371,-0.006254505166,0.023678758251,3
2.870000,-0.004980422534,-0.005882049625,0.019651081120,0.021108484209,3
2.880000,-0.018099984661,0.014589935362,0.002405034093,0.023372202455,3
2.890000,0.004169807315,0.004743257374,-0.016303585578,0.017484069500,3
2.900000,0.005526331069,-0.018441700737,-0.000914277258,0.019273623532,3
2.910000,-0.005345981046,0.003007107016,0.006624367006,0.009027981180,3
2.920000,-0.001704407981,0.005528740496,-0.003183023324,0.006603303379,3
2.930000,0.006479099595,-0.002955686617,-0.007606980690,0.010420219295,3
2.940000,0.002970100376,-0.004694508073,0.004669907453,0.007257267938,3
2.950000,-0.001351690317,0.001891381826,0.000987049794,0.002525600764,3
2.960000,0.002999832567,0.002611387230,-0.003978873154,0.005625812854,3
2.970000,0.010071431554,-0.006286002018,-0.005366605334,0.013028737764,3
2.980000,-0.003644758857,0.000808552856,0.008101226036,0.008920083415,3
2.990000,-0.005132228073,0.004977043435,0.000736832121,0.007187047233,3
3.000000,0.005977661881,-0.001154875988,-0.004868242320,0.007795252620,3
3.010000,0.001590812318,-0.010807079738,0.000453757785,0.010932957167,3
3.020000,-0.009285452899,0.001577558731,0.007770205792,0.012210013315,3
3.030000,-0.006191059463,0.007346795005,-0.004712436478,0.010701012647,3
3.040000,0.002955101617,-0.004516667174,-0.003500995720,0.006433496635,3
3.050000,0.000405949884,-0.007080025657,0.004222577697,0.008253588373,3
3.060000,-0.009713395603,0.007625712894,0.004699139863,0.013213003698,3
3.070000,0.003645505101,0.004367638693,-0.005790323221,0.008117500736,3
3.080000,0.005249178686,-0.003334698478,-0.002780184686,0.006812012750,3
3.090000,-0.000642218754,-0.001426210245,0.007434724564,0.007597476551,3
3.100000,-0.002950497209,0.006708965507,0.001764127106,0.007538421347,3
3.110000,0.006095014018,0.000597792547,-0.006861155653,0.009196847759,3
3.120000,0.004005199497,-0.004889302239,0.002095401118,0.006658648905,3
3.130000,-0.009516821614,0.003777091664,0.009826983933,0.014191755645,3
3.140000,-0.001346348458,0.004921154705,-0.001790510364,0.005407064376,3
3.150000,0.008730037814,-0.009596104270,-0.003314206259,0.013389650500,3
3.160000,-0.002076961748,-0.003702730470,0.005800124851,0.007187866952,3
3.170000,-0.014545278662,0.009369285058,0.005997319241,0.018311648532,3
3.180000,0.000273341908,0.002442312950,-0.007446932399,0.007841964709,3
3.190000,0.007548698607,-0.008930132277,-0.001148243897,0.011749407525,3
3.200000,-0.009839665210,-0.002551380389,0.020499929462,0.022881775746,3
3.210000,-0.009566586389,0.015159730585,-0.000057455075,0.017925967411,3
3.220000,0.020254141793,-0.003019084930,-0.018512333154,0.027605282327,3
3.230000,0.009419455218,-0.013636685180,0.007792300327,0.018314072832,3
3.240000,-0.011753569036,0.005863396246,0.014612292026,0.019648024808,3
3.250000,-0.004435647524,0.012545358809,-0.009482848336,0.016339688160,3
3.260000,0.021456354451,-0.010714352541,-0.009963725370,0.025970142856,3
3.270000,-0.001162351834,-0.012735140772,0.014192793871,0.019104195092,3
3.280000,-0.019699134898,0.019680431506,0.009471214282,0.029412228749,3
3.290000,0.002869867674,0.002399539136,-0.011806374897,0.012384846254,3
3.300000,0.002626209186,-0.004506020690,-0.001470485790,0.005418812195,3
3.310000,-0.008133252281,-0.002571504833,0.008488091306,0.012033707816,3
3.320000,-0.009271397295,0.010645537753,-0.000523644719,0.014126587898,3
3.330000,0.005070469242,-0.000745909222,-0.009241845410,0.010567769182,3
3.340000,0.003031790198,-0.006553283715,0.002686121727,0.007704059267,3
3.350000,-0.012284587380,0.005665725159,0.010702587717,0.017249838043,3
3.360000,0.002059878658,0.005148628708,-0.002360996135,0.006027087224,3
3.370000,0.013756066927,-0.004568033543,-0.007794615443,0.016457592098,3
3.380000,-0.002160871835,-0.003132252410,0.005421988139,0.006624071831,3
3.390000,-0.007304240781,0.008093019200,0.005509001497,0.012214662937,3
3.400000,0.005525022264,0.003304207876,-0.012673694109,0.014214998525,3
3.410000,0.007596723285,-0.009111775722,-0.001607312025,0.011971554344,3
3.420000,-0.004116420849,-0.000977215856,0.009098790483,0.010034334043,3
3.430000,-0.018105708398,0.011567855126,-0.005208151602,0.022107844579,3
3.440000,0.006143298125,-0.004929573011,-0.012341148085,0.014640516999,3
3.450000,0.003140613140,-0.016761591498,0.007852590689,0.018774386301,3
3.460000,-0.010604246096,0.004138659116,0.008801017591,0.014388761071,3
3.470000,-0.005839683877,0.013341621413,-0.010896707312,0.018188980179,3
3.480000,0.017497526818,-0.018202354403,-0.012924954382,0.028364477720,3
3.490000,-0.002402095006,-0.013832835044,0.018660847664,0.023352614871,3
3.500000,-0.014956043708,0.019252595448,0.005131380790,0.024913384830,3
3.510000,0.022687493595,0.002747826242,-0.026687146393,0.035135120567,3
3.520000,0.030249679651,-0.033701715258,-0.004237348327,0.045484105479,3
3.530000,-0.001618601426,0.002331103645,0.032933071007,0.033055121853,3
3.540000,-0.031927140106,0.037795990494,-0.005283098819,0.049757314094,3
3.550000,0.032344639451,0.002868478649,-0.035175186826,0.047871678884,3
3.560000,-0.000281199341,-0.052219447031,0.013236758082,0.053871713225,3
3.570000,-0.050028062766,0.024718935154,0.031702603980,0.064178562764,3
3.580000,-0.012951171465,0.020927927385,-0.032569314585,0.040822435492,3
3.590000,0.058552867586,-0.061855190457,-0.037892808527,0.093222142364,3
3.600000,-0.017760293606,-0.030110172832,0.042042239779,0.054677238981,3
3.610000,-0.046114317588,0.089044676249,0.009108487833,0.100689866449,3
3.620000,0.036338381547,-0.002115877997,-0.066879032586,0.076143022745,3
3.630000,0.059735628991,-0.063931911810,0.013607904866,0.088548347209,3
3.640000,-0.023567161459,-0.000045453447,0.077113418521,0.080634313299,3
3.650000,-0.022275158386,0.044394953923,-0.023755696765,0.055058403026,3
3.660000,0.063200521587,-0.015173884020,-0.059267128378,0.087961043601,3
3.670000,0.028594819465,-0.060781752585,0.051836214506,0.084847382292,3
3.680000,-0.055881252361,0.029243788659,0.047208153255,0.078781490683,3
3.690000,0.008338623738,0.041145509383,-0.054397851939,0.068713986086,3
3.700000,0.048472915594,-0.045446132676,-0.019678391641,0.069298005880,3
3.710000,-0.035882368935,-0.017851107851,0.050467974597,0.064445503426,3
3.720000,-0.045666028263,0.051596025520,0.006017736036,0.069164652343,3
3.730000,0.021866253072,-0.005974194993,-0.054501946798,0.059027842871,3
3.740000,0.028378322018,-0.038154516694,-0.003075752858,0.047650357401,3
3.750000,-0.038779477473,0.020282738777,0.030269157232,0.053211457835,3
3.760000,-0.005523196350,0.040014673642,-0.017039289234,0.043840816395,3
3.770000,0.031855000762,-0.011858043155,-0.020853352401,0.039877519574,3
3.780000,0.020919763658,-0.023668474856,0.018832270763,0.036776182994,3
3.790000,-0.017417115737,0.023647577261,0.020281713840,0.035691900303,3
3.800000,0.017972882409,0.016200136886,-0.026692396062,0.036027114022,3
3.810000,0.022528346327,-0.031302434721,-0.006599500168,0.039127001037,3
3.820000,-0.030886761464,-0.014741348338,0.033310288315,0.047758503873,3
3.830000,-0.026018787743,0.037156461784,-0.006005293595,0.045756349495,3
3.840000,0.004122471762,-0.011357419806,-0.028884495568,0.031309740374,3
3.850000,0.014062733290,-0.025146715964,0.005850175095,0.029399699659,3
3.860000,-0.049342264539,0.013105458451,0.020511127456,0.055019255362,3
3.870000,-0.020332580034,0.041289818818,-0.012366875846,0.047657135531,3
3.880000,0.045525423583,-0.029506410108,-0.026715255661,0.060472285511,3
3.890000,0.005692460266,-0.025158924008,0.024808333402,0.035788670936,3
3.900000,-0.033536244650,0.038593868706,0.024950908084,0.056892127936,3
3.910000,0.022829793275,0.044002277224,-0.026814151118,0.056359547213,3
3.920000,0.065521069128,-0.061761304226,-0.029439434769,0.094731987834,3
3.930000,-0.027733551678,-0.027276050050,0.042750979547,0.057799472725,3
3.940000,-0.027075567506,0.054477198305,0.029113313567,0.067442097520,3
3.950000,0.055752783168,-0.017832752177,-0.073079289189,0.093632058556,3
3.960000,0.016065576861,-0.083843595156,0.003219630769,0.085429603949,3
3.970000,-0.121474244770,-0.014703124111,0.050749576002,0.132467707255,3
3.980000,-0.040352740607,0.106775337900,-0.038056171750,0.120322851805,3
3.990000,0.059058071320,-0.079590213550,-0.076661750328,0.125297573178,3
4.000000,-0.015574037259,-0.051709217885,0.059491375815,0.080346858353,3
4.010000,-0.128912882805,0.059552879066,0.056436174135,0.152807455673,3
4.020000,0.044975237408,0.017699326769,-0.098008465195,0.109278073729,3
4.030000,0.107338034622,-0.085035103235,-0.045936417281,0.144438834429,3
4.040000,-0.089872235394,0.034254905721,0.119789254394,0.153622533272,3
4.050000,-0.041693903492,0.091150107503,-0.005311089860,0.100373957587,3
4.060000,0.089991441372,0.009113504328,-0.105180993342,0.138724752088,3
4.070000,0.060304033144,-0.091064561134,-0.000059428420,0.109221491656,3
4.080000,-0.037661294804,-0.004247910409,0.059354559383,0.070422876884,3
4.090000,-0.013675248524,0.059001110743,-0.037264872321,0.071111280401,3
4.100000,0.064338199154,-0.025960702403,-0.064881444493,0.094989282443,3
4.110000,-0.008706747881,-0.060507644764,0.058213724616,0.084414573785,3
4.120000,-0.082341788755,0.046905829031,0.024473073126,0.097873685333,3
4.130000,0.008981782828,0.004456887562,-0.036861284832,0.038200662153,3
4.140000,0.023603585096,-0.043227408651,-0.005398384767,0.049546752126,3
4.150000,-0.024214168485,-0.007807774909,0.053323534592,0.059082033190,3
4.160000,-0.027419088326,0.039291267774,0.006922271929,0.048409998725,3
4.170000,0.032954786931,-0.009380390547,-0.041692209713,0.053965267156,3
4.180000,0.012304689986,-0.041962520506,0.012463987635,0.045470974375,3
4.190000,-0.017647382868,0.013421844060,0.024591350115,0.033110580190,3
4.200000,0.003396646707,0.016124665799,-0.015145146258,0.022381186544,3
4.210000,0.023023149421,-0.020478973495,-0.015622142487,0.034547143160,3
4.220000,-0.005054422751,-0.012996927661,0.013971112037,0.019739789500,3
4.230000,-0.013840616190,0.019037365692,0.008900209124,0.025163419312,3
4.240000,0.004666547268,0.003276929314,-0.012287725718,0.013546332804,3
4.250000,0.006106925947,-0.014486829372,-0.001650651689,0.015807827832,3
4.260000,-0.006502921395,-0.000887997355,0.014871232539,0.016255155589,3
4.270000,-0.008082744605,0.012538418131,-0.000014393769,0.014917871723,3
4.280000,0.011257093735,-0.002503128290,-0.009613101166,0.015013311580,3
4.290000,0.002663878589,-0.009713341076,0.001537983637,0.010188750545,3
4.300000,-0.015641451380,0.006946014814,0.007530319354,0.018697802883,3
4.310000,0.001694052279,0.005375505416,-0.006285579490,0.008442415597,3
4.320000,0.009327792985,-0.011359322655,-0.005711772714,0.015769155992,3
4.330000,0.004086176236,-0.002173944117,0.011451793246,0.012351778730,3
4.340000,-0.007312468630,0.006381543169,0.003041249392,0.010170815530,3
4.350000,0.005592278298,0.001362346678,-0.012797224617,0.014032053411,3
4.360000,0.009120956891,-0.012262221567,0.001838239107,0.015392629905,3
4.370000,-0.008539734041,0.001487244046,0.008478512460,0.012125350547,3
4.380000,-0.013806002375,0.015138710713,-0.002337260329,0.020621567580,3
4.390000,0.014176443318,-0.007877428987,-0.022945986834,0.028098821050,3
4.400000,0.001895126043,-0.014520065415,0.006691793174,0.016099810504,3
4.410000,-0.019055472093,0.008110668804,0.011332474295,0.023607603410,3
4.420000,-0.000743600602,0.009538795132,-0.013710999061,0.016719241899,3
4.430000,0.017740097359,-0.011094141507,-0.007768481503,0.022319057662,3
4.440000,-0.008127213397,-0.004315037439,0.016675309463,0.019045658072,3
4.450000,-0.017823843032,0.021456010607,0.010874933257,0.029938502717,3
4.460000,0.007536710115,0.005458254560,-0.019249764727,0.021381019251,3
4.470000,0.018180632899,-0.025194672117,-0.002187581855,0.031146306845,3
4.480000,-0.006001493812,0.002318087270,0.007067140763,0.009556983579,3
4.490000,-0.004750155592,0.005419627320,-0.002884510047,0.007762521282,3
4.500000,0.011486310785,-0.006800446125,-0.009109820638,0.016160762204,3
4.510000,0.000778490441,-0.007521031163,0.003876698079,0.008497102160,3
4.520000,-0.009887479088,0.003642687032,0.005057923140,0.011688199092,3
4.530000,-0.001842612024,0.005330606035,-0.005743335808,0.008049626450,3
4.540000,0.005409745078,-0.006522435638,-0.004702296394,0.009691186710,3
4.550000,-0.004986484495,-0.002664215373,0.006707507399,0.008772327324,3
4.560000,-0.009372722922,0.007505208190,0.002541326150,0.012273321619,3
4.570000,0.002015437875,0.001905505839,-0.010700229935,0.011053861904,3
4.580000,0.003784058201,-0.005738873398,-0.000997401022,0.006946119287,3
4.590000,-0.007979381242,0.004237099660,0.008734304851,0.012566289021,3
4.600000,-0.003276511451,0.011967450735,-0.001854827458,0.012545747856,3
4.610000,0.008505687488,-0.002092004253,-0.005065106512,0.010118226397,3
4.620000,0.000222968269,-0.002329894294,0.002983534615,0.003792044445,3
4.630000,-0.006245285818,0.003526792904,0.006103089939,0.009417514000,3
4.640000,-0.000224188723,0.008197466023,-0.007819215517,0.011330879978,3
4.650000,0.004237091751,-0.006450166089,-0.002240858921,0.008036108373,3
4.660000,-0.002714417036,-0.003609890198,0.003212733837,0.005542655121,3
4.670000,-0.010266038369,0.010346507428,0.003365308688,0.014958845621,3
4.680000,0.003724135044,0.000887595656,-0.008854290079,0.009646525834,3
4.690000,0.002477218803,-0.009501021441,0.000416290132,0.009827477749,3
4.700000,-0.008778913696,0.000360652894,0.008499420352,0.012224546720,3
4.710000,-0.004605679905,0.006805599908,-0.003960511656,0.009122177924,3
4.720000,0.007963146036,-0.003820639430,-0.007559467199,0.011625597825,3
4.730000,0.003411244290,-0.005395749185,0.005988508521,0.008752881307,3
4.740000,-0.003839402946,0.003944179142,0.004949982247,0.007402694667,3
4.750000,0.002861670542,0.007976298793,-0.007740662718,0.011477297593,3
4.760000,0.015384456148,-0.013158933899,-0.006808425186,0.021358691108,3
4.770000,-0.002015894091,-0.000090713344,0.012194060372,0.012359901547,3
4.780000,-0.018045195282,0.019404108463,-0.001029066095,0.026518059413,3
4.790000,0.012528702919,0.009908637130,-0.019429892825,0.025152936644,3
4.800000,0.004176422898,-0.014285993279,-0.001151487053,0.014928430414,3
4.810000,-0.020649255330,0.013537660575,0.019302834601,0.031341018221,3
4.820000,-0.005833186767,0.016655179017,-0.005371245172,0.018446444932,3
4.830000,0.016242330278,-0.016038950151,-0.014109481305,0.026835399708,3
4.840000,-0.004628796655,-0.017478458463,0.012535740328,0.022001523909,3
4.850000,-0.016191252167,0.015992578067,0.013722323840,0.026574825898,3
4.860000,0.006495094983,0.009003183760,-0.009750485935,0.014775505156,3
4.870000,0.016009796597,-0.016115003031,-0.006679939802,0.023677595011,3
4.880000,-0.002870271648,-0.002391281983,0.007850523087,0.008694101540,3
4.890000,-0.005855024884,0.005539297560,0.002112366063,0.008332300057,3
4.900000,0.009299203013,-0.001547928026,-0.014693610523,0.017457761829,3
4.910000,0.004811325378,-0.007811973662,0.000533399526,0.009190228476,3
4.920000,-0.006799905862,0.001446298900,0.008243112174,0.010783292566,3
4.930000,-0.003836491148,0.005595598865,-0.004992444617,0.008423413455,3
4.940000,0.005073060297,-0.005697943641,-0.004494376081,0.008854485805,3
4.950000,-0.002116478796,-0.005945422606,0.006578607952,0.009116228115,3
4.960000,-0.008604747989,0.007020096713,0.003543835309,0.011656852684,3
4.970000,0.000853446939,0.001598807546,-0.004908029623,0.005231951073,3
4.980000,0.006075961669,-0.013348891200,-0.004447543597,0.015326149240,3
4.990000,-0.004193023625,-0.000382496549,0.014172999932,0.014785184402,3
5.000000,-0.005849849707,0.011162004166,-0.001228618749,0.012661776441,3
5.010000,0.005775974496,-0.000859983395,-0.008679072245,0.010460771857,3
5.020000,0.005015446072,-0.006723961996,0.004226167610,0.009392915250,3
5.030000,-0.006378935539,0.003391152766,0.008613108173,0.011241724427,3
5.040000,-0.000818400661,0.010997635803,-0.004125230099,0.011774349080,3
5.050000,0.012621106626,-0.008842416429,-0.006536161378,0.016739237328,3
5.060000,0.000029668316,-0.005148369005,0.005193722403,0.007313093465,3
5.070000,-0.010347205024,0.004837897263,0.004221543812,0.012177492923,3
5.080000,-0.000763028088,0.001537122997,-0.010063499152,0.010208769473,3
5.090000,0.009381234879,-0.009984562807,-0.002826283078,0.013988814758,3
5.100000,-0.005635838243,-0.002820158130,0.009793966121,0.011646361533,3
5.110000,-0.004646988031,0.005714309384,-0.000964832929,0.007428238827,3
5.120000,0.004964983510,-0.002719760377,-0.011672127589,0.012972537154,3
5.130000,0.001677584865,-0.008882206847,0.003422868555,0.009665604927,3
5.140000,-0.004206061202,0.002177387345,0.004889373454,0.006807197606,3
5.150000,-0.000419827113,0.006034431885,-0.004994041838,0.007844174709,3
5.160000,0.024544393906,-0.015864888872,-0.014710818674,0.032718957153,3
5.170000,-0.007449680384,-0.011854716875,0.014232346935,0.019964762690,3
5.180000,-0.021876787714,0.015710668043,0.007570634662,0.027977373719,3
5.190000,0.007507397847,0.001289532226,-0.019386909718,0.020829694770,3
5.200000,0.015804175256,-0.024743231464,-0.003002276097,0.029512931413,3
5.210000,-0.018824794076,-0.001533729290,0.013969623896,0.023492032465,3
5.220000,-0.014436970199,0.014678953045,-0.002744893916,0.020770946383,3
5.230000,0.008563761083,-0.004631071557,-0.014830716826,0.017740771945,3
5.240000,0.001865934409,-0.020785809561,0.008022521202,0.022358274458,3
5.250000,-0.021232141224,0.003969126454,0.007645057926,0.022912980959,3
5.260000,0.000171435833,0.014016728908,-0.017714477737,0.022589838446,3
5.270000,0.006740997217,-0.005820664388,-0.002840223980,0.009348157554,3
5.280000,-0.001150632889,-0.001665700284,0.010242816233,0.010440967286,3
5.290000,-0.004451250569,0.004138666990,0.002139387756,0.006443537542,3
5.300000,0.005818908584,0.001570976555,-0.009544763448,0.011288497407,3
5.310000,0.007880163018,-0.008338560209,0.002141312411,0.011671065692,3
5.320000,-0.006297694563,0.001995615885,0.007324468197,0.009863633911,3
5.330000,-0.003301080069,0.006553869749,-0.001802801233,0.007556482687,3
5.340000,0.004649611644,-0.004730491193,-0.009019601980,0.011195966025,3
5.350000,-0.000936441512,-0.004559748061,0.001310624624,0.004835903430,3
5.360000,-0.010208016273,0.005897098445,0.004582443416,0.012648247070,3
5.370000,-0.001804752036,0.005946209664,-0.006716500565,0.009150186835,3
5.380000,0.006218124373,-0.007425440842,-0.003964518391,0.010465163568,3
5.390000,-0.002071470059,-0.003305409087,0.007521080223,0.008472506428,3
5.400000,-0.005758409333,0.007250907066,0.002460880278,0.009580754828,3
5.410000,0.005353468274,0.002412157692,-0.008756457111,0.010542944012,3
5.420000,0.006600177037,-0.006152309825,-0.001907138129,0.009222278945,3
5.430000,-0.006117584578,-0.001090925232,0.006828247263,0.009232546757,3
5.440000,-0.002755900873,0.005843771119,-0.001238847719,0.006578707638,3
5.450000,0.010245860329,-0.005047883726,-0.009111148895,0.014610674802,3
5.460000,0.002694668309,-0.009125421467,0.003256545828,0.010056820818,3
5.470000,-0.008530395776,0.004355665105,0.005187934262,0.010892847768,3
5.480000,0.000611885643,0.005638035191,-0.005364276134,0.007806234899,3
5.490000,0.006820163457,-0.006452997296,-0.004849432075,0.010567534960,3
5.500000,-0.014702023290,-0.004086768892,0.011227037979,0.018944591592,3
5.510000,-0.012453310888,0.016558103362,-0.000312911467,0.020720850673,3
5.520000,0.009605103899,0.006608312442,-0.017647925264,0.021151290277,3
5.530000,0.013696576258,-0.025693022578,0.007642613183,0.030102111997,3
5.540000,-0.017124405443,0.004268898805,0.028979532847,0.033930547930,3
5.550000,-0.006517332988,0.029795860187,-0.017027939322,0.034931642262,3
5.560000,0.062466967738,-0.021875923401,-0.045064938709,0.080072009991,3
5.570000,0.022998173555,-0.040602015313,0.036357146710,0.059154727210,3
5.580000,-0.022953476515,0.053443144203,0.040823757627,0.071060614501,3
5.590000,0.003096510852,0.045302919277,-0.047285762363,0.065558265662,3
5.600000,0.083016490006,-0.042045934721,-0.033957387664,0.099059085482,3
5.610000,-0.054350009877,-0.027725347013,0.079220075549,0.099992193749,3
5.620000,-0.090099933075,0.112531449528,0.013033016113,0.144745240274,3
5.630000,0.033684406905,0.005416660249,-0.110735111671,0.115871672265,3
5.640000,0.009996992368,-0.136616150555,-0.016677700720,0.137992964133,3
5.650000,-0.138899967369,0.076784529332,0.083537709489,0.179353321092,3
5.660000,-0.061234575897,0.115099905892,-0.065198557375,0.145768698648,3
5.670000,0.134169960648,-0.105894391940,-0.099490690517,0.197771580577,3
5.680000,0.016995447428,-0.086737641357,0.089710796478,0.125937645945,3
5.690000,-0.081489888098,0.078756264514,0.083268444719,0.140629957507,3
5.700000,0.021218845717,0.084193886160,-0.119835272844,0.147984264359,3
5.710000,0.126536714096,-0.080852283920,-0.024763943430,0.152190291161,3
5.720000,-0.016632246794,-0.003361166545,0.094713038352,0.096221040879,3
5.730000,-0.076604773757,0.086886447968,0.005226933448,0.115952003157,3
5.740000,0.044837091857,0.005458292634,-0.044233072646,0.063219636826,3
5.750000,0.016013789342,-0.034234644220,0.016118679173,0.041088491482,3
5.760000,-0.075503352509,0.011282071616,0.071762001510,0.104775122242,3
5.770000,-0.038629037019,0.028484969077,-0.020876150546,0.052339369752,3
5.780000,0.021729423603,-0.013506388486,-0.031933700099,0.040918841407,3
5.790000,-0.004527215479,-0.027295563197,0.022803969450,0.035854769179,3
5.800000,-0.036206129427,0.026499110308,0.022516394253,0.050200345271,3
5.810000,0.019309227355,0.011604967036,-0.017408392750,0.028470575320,3
5.820000,0.023101934399,-0.022065530381,-0.005663912542,0.032444828698,3
5.830000,-0.010535956178,-0.000576873135,0.019444612849,0.022123112892,3
5.840000,-0.008220721453,0.022745074403,-0.002393976568,0.024303287733,3
5.850000,0.013211114782,-0.002648924593,-0.015633616521,0.020638806186,3
5.860000,0.013826285019,-0.010223742512,0.002757957140,0.017415435567,3
5.870000,-0.011585012887,0.003019998397,0.007873878430,0.014329371076,3
5.880000,-0.004400877659,0.009415101055,-0.004778288235,0.011438701434,3
5.890000,0.007680876444,-0.006668366475,-0.008198734034,0.013064540335,3
5.900000,-0.001592543881,-0.012338829048,0.009231348969,0.015491956045,3
5.910000,-0.010875326595,0.004465340321,0.003624211796,0.012302312949,3
5.920000,0.002720887684,0.002146833892,-0.005300331693,0.006332901516,3
5.930000,0.004048797245,-0.006558249377,-0.003707487129,0.008552710380,3
5.940000,-0.005009872926,-0.001849389063,0.005467717870,0.007642970976,3
5.950000,-0.013800393281,0.011131015177,-0.002492411004,0.017904258326,3
5.960000,0.011613289644,-0.006948450933,-0.016869519376,0.021627069859,3
5.970000,0.012379682503,-0.009524439785,0.004558637011,0.016271221942,3
5.980000,-0.013503772719,0.007841969793,0.014920530552,0.021597930453,3
5.990000,0.004274697670,0.015552318403,-0.013086505407,0.020770273750,3
6.000000,0.023853189229,-0.016368852578,-0.013659943146,0.031992311855,3
6.010000,0.003626477277,-0.010592654964,0.017666294250,0.020915392159,3
6.020000,-0.013190758513,0.015245513873,0.007070840708,0.021363955432,3
6.030000,-0.000463113624,0.008379920764,-0.017767046548,0.019649567152,3
6.040000,0.010116769677,-0.020066963079,-0.003548693398,0.022751379315,3
6.050000,-0.010854924180,-0.006188839881,0.014659050005,0.019261849991,3
6.060000,-0.012733842655,0.011602640954,-0.003802450718,0.017641730565,3
6.070000,0.008130177435,-0.002068340692,-0.012617805327,0.015152122941,3
6.080000,0.000006338504,-0.011343001449,0.006602715550,0.013124769510,3
6.090000,-0.010505346733,0.007021056989,0.009746660839,0.015957911791,3
6.100000,0.001014533423,0.014683148142,-0.008542712372,0.017017698202,3
6.110000,0.024555161176,-0.016201444791,-0.018199934629,0.034593068297,3
6.120000,0.010715301951,-0.012037768998,0.021631698979,0.026975099241,3
6.130000,-0.023997908939,0.030223183865,0.010854466410,0.040089399066,3
6.140000,0.017256879490,0.002544496886,-0.029901840757,0.034617834057,3
6.150000,0.021075175567,-0.044787584755,-0.003281463732,0.049607043629,3
6.160000,-0.040854699891,-0.008735534417,0.030909378763,0.051969277080,3
6.170000,-0.039206110153,0.026085431445,-0.010322270078,0.048209107714,3
6.180000,0.037410877721,-0.025361100926,-0.029909692921,0.054197314903,3
6.190000,0.015878847617,-0.039777971148,0.026241588166,0.050229928725,3
6.200000,-0.058640883567,0.053004092303,0.051021131418,0.094081575654,3
6.210000,-0.001729555213,0.034460355285,-0.052458209932,0.062788304937,3
6.220000,0.083920379838,-0.040321810962,-0.025960644035,0.096656265343,3
6.230000,0.008238514250,-0.031810559667,0.074271167493,0.081215707496,3
6.240000,-0.032778335573,0.056354151482,0.030502628167,0.071976523932,3
6.250000,0.047904451353,0.001898623585,-0.085243054739,0.097799895768,3
6.260000,0.052658355648,-0.062154436290,-0.012011787807,0.082342937866,3
6.270000,-0.038671836137,0.005689130570,0.049822090755,0.063325491266,3
6.280000,-0.021402171652,0.059125791176,-0.016044379508,0.064894793684,3
6.290000,0.050714588450,-0.038946944996,-0.048586705618,0.080308791356,3
6.300000,0.005717483068,-0.035662262024,0.032559051886,0.048626930862,3
6.310000,-0.059616169472,0.042828358229,0.019187228074,0.075871639314,3
6.320000,-0.010317147539,0.031034176616,-0.025321599961,0.041361178370,3
6.330000,0.026786504969,-0.029713970422,-0.018897819736,0.044244372269,3
6.340000,-0.014017546006,-0.029559775371,0.022894585583,0.039930363948,3
6.350000,-0.027400356492,0.026458529559,0.005999061616,0.038559331718,3
6.360000,0.020909580008,-0.002139844469,-0.038288175614,0.043678070725,3
6.370000,0.017887552312,-0.026769079790,0.002400582457,0.032284840973,3
6.380000,-0.008512173140,0.006336962132,0.021325808498,0.023820249552,3
6.390000,-0.005409017574,0.019851976457,-0.006162017765,0.021478568465,3
6.400000,0.021134078533,-0.010630378848,-0.011312338859,0.026222571201,3
6.410000,0.001687276982,-0.020379398481,0.016448114542,0.026243232615,3
6.420000,-0.019315651197,0.007315941890,0.009792058688,0.022858298280,3
6.430000,-0.004865212711,0.018713383530,-0.013920660112,0.023825318378,3
6.440000,0.013596276895,-0.022378833862,-0.010395033915,0.028173173065,3
6.450000,-0.003165206865,-0.003808374653,0.009250416460,0.010492495255,3
6.460000,-0.008881851537,0.007029801669,0.002774461410,0.011662033885,3
6.470000,0.002686894709,-0.000042944655,-0.008147720981,0.008579429153,3
6.480000,0.007053590266,-0.010763613049,0.000665557575,0.012886095932,3
6.490000,-0.008386144981,0.000980259023,0.004478759450,0.009557594970,3
6.500000,-0.000859474083,0.004243445414,-0.002142969666,0.004830925757,3
6.510000,0.011411841977,-0.002835606681,-0.008475756222,0.014495145605,3
6.520000,0.004135633307,-0.007219452716,0.002808515661,0.008781327951,3
6.530000,-0.006167598491,0.003961085150,0.003363486687,0.008064893638,3
6.540000,0.001600390473,0.002907747164,-0.007505402383,0.008206540572,3
6.550000,0.008975399881,-0.007273541037,-0.008179582971,0.014155132632,3
6.560000,-0.002484125260,-0.002989052545,0.006937150033,0.007951689381,3
6.570000,-0.004659032055,0.005711561785,-0.000788225038,0.007412814339,3
6.580000,0.005683907120,-0.001791823478,-0.007023789997,0.009211463371,3
6.590000,0.002051397421,-0.004636393089,0.000998830887,0.005167401222,3
6.600000,-0.014565602672,-0.000865889184,0.012923723319,0.019491771846,3
6.610000,-0.004166420597,0.004301825848,-0.001052638528,0.006080527452,3
6.620000,0.006396671657,-0.004430324125,-0.003787719269,0.008654016258,3
6.630000,0.001735587265,-0.004786718304,0.006674802459,0.008395113052,3
6.640000,-0.007995044283,0.004567427402,0.002520635870,0.009546503619,3
6.650000,0.003158738800,0.005004422210,-0.003433134587,0.006841658100,3
6.660000,0.008116551470,-0.005631268214,0.000042172427,0.009878834342,3
6.670000,-0.002237277818,-0.004694666976,0.010732242384,0.011925868380,3
6.680000,-0.005034708944,0.010298201197,-0.001032287905,0.011509424849,3
6.690000,0.003806085764,-0.001281604149,-0.003947950793,0.005631617308,3
6.700000,0.005010775327,-0.010659254656,0.000204733329,0.011780046474,3
6.710000,-0.004520575908,0.003301973893,0.005155984490,0.007610703922,3
6.720000,-0.002376202008,0.005815568400,-0.003157484272,0.007031136375,3
6.730000,0.008612401555,-0.006634774677,-0.004194725699,0.011652871717,3
6.740000,0.002728060051,-0.014122317014,0.013652400609,0.019831041119,3
6.750000,-0.019000117247,0.017707566725,0.007891438397,0.027144744882,3
6.760000,0.005762139330,0.007576050178,-0.012479854431,0.015695399090,3
6.770000,0.012640661966,-0.013440033280,-0.003077500160,0.018705395926,3
6.780000,-0.000834268088,-0.005167249752,0.021772935165,0.022393239581,3
6.790000,-0.015237216558,0.019090020590,-0.002147379450,0.024519643005,3
6.800000,0.016832729336,-0.005841133677,-0.016805576354,0.024492591046,3
6.810000,0.013616647822,-0.018777329600,0.008509452554,0.024706517108,3
6.820000,-0.013756281968,0.007636898034,0.014349818851,0.021294947904,3
6.830000,0.000149093405,0.011420691319,-0.008109945534,0.014008056096,3
6.840000,0.005707950487,-0.005363317450,-0.006537932596,0.010202472027,3
6.850000,-0.001354735955,-0.006429967994,0.007225140780,0.009766394279,3
6.860000,-0.008585972076,0.005546510717,0.001917055733,0.010399894245,3
6.870000,0.000113176463,0.001153033650,-0.005314884723,0.005439696235,3
6.880000,0.008261659032,-0.007907684502,-0.005359789699,0.012629878454,3
6.890000,-0.006813257932,0.000665878134,0.009001298940,0.011308724948,3
6.900000,-0.007963473878,0.011195474176,-0.001862114845,0.013864452024,3
6.910000,0.004376299362,-0.002062085150,-0.005725842766,0.007495963357,3
6.920000,0.001454547330,-0.005196547585,0.001186696406,0.005525220638,3
6.930000,-0.011839770055,0.004409707949,0.012123802719,0.017510347556,3
6.940000,0.001078942576,0.008785684096,-0.005049362613,0.010190604737,3
6.950000,0.008071210208,-0.006003524591,-0.004491924330,0.011016538745,3
6.960000,-0.000772548813,-0.007716323314,0.006728649291,0.010267092988,3
6.970000,-0.008754383745,0.005059367874,0.002754286054,0.010479624502,3
6.980000,0.004009668202,0.002321387509,-0.010674362563,0.011636507001,3
6.990000,0.008311613329,-0.009370169516,-0.001857545618,0.012662285283,3
7.000000,-0.006869986698,-0.001609650006,0.007108650335,0.010016017170,3
7.010000,-0.003127288475,0.005013610379,-0.001124366902,0.006015016472,3
7.020000,0.005007692715,-0.001286832475,-0.004920730145,0.007137682349,3
7.030000,0.002350942383,-0.006948129127,0.004409604885,0.008558507095,3
7.040000,-0.007908258408,0.005042998669,0.003517570056,0.010017269374,3
7.050000,0.000871094358,0.008616596411,-0.007478459467,0.011442547579,3
7.060000,0.010286510276,-0.008093769202,-0.008235890808,0.015464517159,3
7.070000,0.000823024639,-0.001915624280,0.002069275500,0.002937496729,3
7.080000,-0.012753425046,0.011163620368,0.003381167855,0.017283187385,3
7.090000,0.006618750678,0.001971565234,-0.009521301272,0.011762232268,3
7.100000,0.006460541872,-0.008979451587,-0.000893248501,0.011098064920,3
7.110000,-0.005566212425,0.000286544996,0.010447970768,0.011841660440,3
7.120000,-0.008965145990,0.008808431023,-0.007144905946,0.014457246649,3
7.130000,0.007492724305,-0.008357275097,-0.015471507982,0.019114196918,3
7.140000,0.000952143927,-0.018952428867,0.008368663572,0.020739712341,3
7.150000,-0.020672914555,0.007199173040,0.014784389207,0.026415443454,3
7.160000,-0.003491412672,0.017452823769,-0.016399958163,0.024202265342,3
7.170000,0.015842216549,-0.013634427446,-0.008543850901,0.022580319421,3
7.180000,-0.007029507372,-0.007984327841,0.016731554303,0.019826960794,3
7.190000,-0.021266414697,0.012523174170,0.005446969108,0.025273696956,3
7.200000,0.008810420332,0.001024336132,-0.017244450565,0.019391849994,3
7.210000,0.011850474858,-0.014437935843,-0.000958417004,0.018703109606,3
7.220000,-0.007712014014,0.003462285260,0.015562963934,0.017710686768,3
7.230000,-0.005720015458,0.018697786189,-0.004999617902,0.020182219015,3
7.240000,0.008947724836,-0.006435165833,-0.007625567570,0.013402328895,3
7.250000,0.001035867666,-0.007726825786,0.002941365469,0.008332375974,3
7.260000,-0.011387452317,0.004681796198,0.006871808502,0.014100178651,3
7.270000,-0.002479887374,0.005084104691,-0.007772201428,0.009612755949,3
7.280000,0.004928044406,-0.005161264525,-0.003147810876,0.007799550403,3
7.290000,-0.004242993147,-0.000498420533,0.007236197388,0.008403211679,3
7.300000,-0.004187386411,0.002173417273,0.000771104344,0.004780434029,3
7.310000,0.004645140759,0.000335054046,-0.007232183807,0.008601980964,3
7.320000,0.003508965888,-0.005950206261,0.002614217857,0.007385927915,3
7.330000,-0.004813767196,0.001147258260,0.007880748624,0.009305630285,3
7.340000,-0.000595261364,0.010312412287,-0.004705583184,0.011350889674,3
7.350000,0.008035248021,-0.002723584825,-0.004418765609,0.009566013515,3
7.360000,0.004076130013,-0.006796948300,0.008962849775,0.011964364512,3
7.370000,-0.006451555658,0.006366488700,0.005084271679,0.010392524587,3
7.380000,0.001566576326,0.003813137252,-0.007056443405,0.008172366280,3
7.390000,0.010259414680,-0.012216237046,-0.002207504996,0.016104816529,3
7.400000,-0.004332266139,-0.001835828125,0.008704568799,0.009894862949,3
7.410000,-0.008484382268,0.005693377127,0.002003350997,0.010412141989,3
7.420000,0.004716555583,-0.002846682852,-0.008098868566,0.009794956451,3
7.430000,0.002711805580,-0.011467124777,0.002150205905,0.011977989213,3
7.440000,-0.004684642713,0.001940678395,0.004992591471,0.007116043815,3
7.450000,-0.006233789252,0.005089226489,-0.004162580953,0.009060211636,3
7.460000,0.005842732394,-0.003054945729,-0.007906472240,0.010294781130,3
7.470000,0.003252323336,-0.005261528514,0.007049889586,0.009378818292,3
7.480000,-0.006263222322,0.007896056291,0.005954500952,0.011706055714,3
7.490000,0.005432955721,0.008229493010,-0.007101017807,0.012151790689,3
7.500000,0.008509697704,-0.004061142170,-0.002663882520,0.009798168238,3
7.510000,-0.004925836358,-0.001905031637,0.008641803115,0.010127870973,3
7.520000,-0.016626049977,0.013048507075,-0.000910266140,0.021154613189,3
7.530000,0.007347144891,-0.002508439825,-0.023688215539,0.024927983549,3
7.540000,0.005764242198,-0.018741125271,0.004435086856,0.020102891831,3
7.550000,-0.018592107631,0.005782377477,0.013817246820,0.023875063668,3
7.560000,-0.010632445096,0.015790280728,-0.011151747376,0.022062260168,3
7.570000,0.005511329893,-0.012235879390,-0.007789373200,0.015516630964,3
7.580000,-0.000753606556,-0.009348275864,0.013786938758,0.016674467452,3
7.590000,-0.018337916924,0.012285266664,0.011722963221,0.024992695749,3
7.600000,0.005049706954,0.005341601256,-0.010616433303,0.012912819227,3
7.610000,0.016663184313,-0.010487975751,0.001466175882,0.019743581704,3
7.620000,-0.007347361692,-0.001899516428,0.014954574041,0.016769948457,3
7.630000,-0.005805639170,0.011782995606,0.002380099501,0.013349505806,3
7.640000,0.007180003544,-0.004093583072,-0.008242536440,0.011672586698,3
7.650000,0.003540692049,-0.004807761437,0.001923682924,0.006273087455,3
7.660000,-0.006778904528,0.004679024626,0.009930498783,0.012902000780,3
7.670000,-0.002125664657,0.003689427246,-0.002796812113,0.005094357823,3
7.680000,0.005736715239,-0.003897123553,-0.005954213126,0.009140575894,3
7.690000,0.000355871916,-0.005633395878,0.009400644259,0.010965122271,3
7.700000,-0.009632074818,0.008404811398,0.004665235257,0.013608164459,3
7.710000,0.003084644497,0.001726754345,-0.011764841877,0.012284470547,3
7.720000,0.006231920883,-0.009471821615,-0.002270748363,0.011563240927,3
7.730000,-0.008929523224,0.001581808853,0.013332144463,0.016124037343,3
7.740000,-0.004960273918,0.006751270613,-0.000678976681,0.008405056905,3
7.750000,0.009760466832,-0.003771041414,-0.009301197908,0.013999991024,3
7.760000,0.005460147423,-0.007191507743,0.002478217760,0.009363362471,3
7.770000,-0.004751935581,0.002484111931,0.005729845452,0.007847473018,3
7.780000,0.000322349451,0.007195320168,-0.008303627332,0.010992123014,3
7.790000,0.010137226042,-0.005200138270,-0.003220256701,0.011839545729,3
7.800000,-0.000316326466,-0.006343631811,0.008413794978,0.010541995680,3
7.810000,-0.005813133323,0.004035681518,0.001398345594,0.007213502252,3
7.820000,0.003047213695,0.001503658928,-0.004362005541,0.005529339365,3
7.830000,0.003593739007,-0.006105094485,-0.001724433852,0.007291146057,3
7.840000,-0.007727289214,-0.002279204630,0.005398018728,0.009697648092,3
7.850000,-0.006738466329,0.008230175494,-0.001781446475,0.010785002025,3
7.860000,0.006055417934,-0.002466645610,-0.005842120975,0.008768284006,3
7.870000,0.004839697669,-0.009270115385,0.005182970719,0.011671370881,3
7.880000,-0.007002069250,0.002973411868,0.011257332663,0.013586673272,3
7.890000,0.001042983770,0.006654608163,-0.008587933378,0.010914404457,3
7.900000,0.010978043414,-0.006327741318,-0.007380131447,0.014663699655,3
7.910000,0.000013496911,-0.003085016699,0.009309795135,0.009807639658,3
7.920000,-0.011653080688,0.012228920579,0.004360127637,0.017445672846,3
7.930000,0.005719984665,0.007581358245,-0.012636534647,0.015807505347,3
7.940000,0.014567558729,-0.015873076034,0.002870615604,0.021734965932,3
7.950000,-0.009472402220,-0.004792367864,0.018494371988,0.021324516144,3
7.960000,-0.011058849579,0.011151090534,-0.003780342113,0.016153512330,3
7.970000,0.013385730951,-0.014835574051,-0.021096597716,0.029057503088,3
7.980000,-0.001406854166,-0.011587232915,0.004965677865,0.012684682177,3
7.990000,-0.019093998272,0.012772281339,0.013591855229,0.026691767817,3
8.000000,-0.001688217059,0.010617327714,-0.010457410260,0.014997838310,3
8.010000,0.014770481119,-0.013217200206,-0.016668170913,0.025897672007,3
8.020000,-0.001065684265,-0.003172960918,0.006244555401,0.007085043126,3
8.030000,-0.005543187938,0.007498453349,0.005955708682,0.011064547033,3
8.040000,0.002389178222,0.000237557618,-0.003407418241,0.004168345627,3
8.050000,0.007474180627,-0.009604107593,0.002526672707,0.012429253142,3
8.060000,-0.007492649410,-0.001109377723,0.008202765950,0.011164939917,3
8.070000,-0.001672046177,0.009395865314,-0.005567069688,0.011048542362,3
8.080000,0.005468254562,-0.005643038539,-0.007179542979,0.010643849365,3
8.090000,-0.000175946735,-0.008362385236,0.003503593469,0.009068385263,3
8.100000,-0.011456631594,0.006154765154,0.005969103320,0.014309637872,3
8.110000,-0.000162362351,0.004710556819,-0.005724756998,0.007415426473,3
8.120000,0.005645463270,-0.006758603522,-0.005035015606,0.010144030720,3
8.130000,-0.006281845055,0.000532338444,0.004631197270,0.007822592260,3
8.140000,-0.010118246296,0.011472513018,0.002697069167,0.015532921334,3
8.150000,0.007606763145,0.000648087306,-0.011201178802,0.013555414758,3
8.160000,0.008392234810,-0.011362602050,0.001510306523,0.014206313957,3
8.170000,-0.011372082248,0.003289977737,0.019581580117,0.022882012325,3
8.180000,-0.001613191922,0.015303000913,-0.002857284749,0.015650824300,3
8.190000,0.019495163896,-0.010719793180,-0.011535779939,0.025060917780,3
8.200000,0.007369948359,-0.019620730470,0.010220178615,0.023318260096,3
8.210000,-0.022084429123,0.012236765156,0.021677226554,0.033277057897,3
8.220000,0.005768395284,0.015342380401,-0.020483898013,0.026234578295,3
8.230000,0.030476341793,-0.036075954857,-0.016122253903,0.049901993937,3
8.240000,-0.020700928705,-0.004339579812,0.027960552156,0.035059276648,3
8.250000,-0.035144810500,0.036370567542,0.015400374894,0.052869153912,3
8.260000,0.015839205785,0.002530792373,-0.044131880706,0.046956450511,3
8.270000,0.010304025301,-0.045042116008,-0.006244596445,0.046625745427,3
8.280000,-0.042024613194,0.006936560619,0.045604485964,0.062401547476,3
8.290000,-0.000480537179,0.039597205703,-0.015820956778,0.042643549206,3
8.300000,0.029947090186,-0.021311452780,-0.026678320939,0.045417386961,3
8.310000,0.021945085397,-0.030058358627,0.047943766915,0.060693463259,3
8.320000,-0.061433806409,0.054653605866,0.053306275303,0.097993306867,3
8.330000,0.020658460878,0.043972506356,-0.059475604245,0.076796489642,3
8.340000,0.056554640125,-0.054253104173,-0.026476230747,0.082721323893,3
8.350000,-0.028220946888,-0.016467290782,0.076974507273,0.083622175760,3
8.360000,-0.088161982589,0.080255725828,0.002414009647,0.119244891483,3
8.370000,0.061835812948,-0.003051461313,-0.066418541507,0.090798688509,3
8.380000,0.048488909453,-0.081340745594,0.006594403747,0.094926168123,3
8.390000,-0.112579080552,0.046840478075,0.058002064384,0.135027105564,3
8.400000,-0.053882179814,0.074382520056,-0.006886174793,0.092105743549,3
8.410000,0.074410224669,-0.052890581800,-0.060649221768,0.109602113481,3
8.420000,-0.009324813674,-0.046500903444,0.030545982302,0.056412261132,3
8.430000,-0.037630003664,0.027047312959,0.032330486361,0.056505173766,3
8.440000,0.025303903317,0.025684697962,-0.028077111809,0.045698090113,3
8.450000,0.026126369036,-0.014144236361,0.001463257081,0.029745381196,3
8.460000,-0.002029211319,-0.004823244775,0.015659683820,0.016510817245,3
8.470000,-0.008280640469,0.020316257729,0.002769766703,0.022113139584,3
8.480000,0.012227097857,-0.002768960070,-0.014081941468,0.018853915704,3
8.490000,0.006371147254,-0.010156904577,0.007495192167,0.014139735978,3
8.500000,-0.008986564802,0.001769052932,0.008126540949,0.012244531964,3
8.510000,-0.003330114402,0.008897217537,-0.007692930239,0.012224210301,3
8.520000,0.009228244365,-0.010988504046,-0.010607095647,0.017844276206,3
8.530000,-0.002599526827,-0.005358523088,0.005727107091,0.008262630637,3
8.540000,-0.010412159575,0.005649000227,0.005654633923,0.013126277286,3
8.550000,0.005722321556,0.004289477285,-0.010888055554,0.013026677747,3
8.560000,0.008443879311,-0.007411937638,-0.000222178454,0.011237672385,3
8.570000,-0.006469613261,0.000387903765,0.007914069224,0.010229313602,3
8.580000,-0.004624828782,0.007049030960,-0.000826452134,0.008471180665,3
8.590000,0.008391603784,-0.000523198158,-0.006638377868,0.010712647250,3
8.600000,0.001755746409,-0.004319516694,-0.000170042723,0.004665810160,3
8.610000,-0.004998133931,0.004456340424,0.008928664082,0.011160705850,3
8.620000,0.000401092597,0.006993499543,-0.005793607781,0.009090423656,3
8.630000,0.007909695583,-0.006331560898,-0.006059751132,0.011805614402,3
8.640000,-0.001975449881,-0.001683662511,0.004939235438,0.005579710422,3
8.650000,-0.010260946062,0.005487191366,0.001887556057,0.011788093613,3
8.660000,-0.000094282031,0.001763270937,-0.004984110491,0.005287662138,3
8.670000,0.003581766185,-0.003007888127,0.001153785066,0.004817432923,3
8.680000,-0.003984354641,0.002092711030,0.008330350345,0.009468329221,3
8.690000,-0.005779473735,0.006627125165,-0.000359285521,0.008800578998,3
8.700000,0.018449154719,-0.004968016561,-0.017516719632,0.025920801783,3
8.710000,0.020750135754,-0.014442993492,0.001875158892,0.025351221188,3
8.720000,-0.008912184143,0.005002209099,0.018032817219,0.020727556994,3
8.730000,-0.000356142387,0.014478039760,-0.008048703640,0.016568708549,3
8.740000,0.024699699363,-0.016189946326,-0.012961816908,0.032252103934,3
8.750000,-0.003391929327,-0.007172465229,0.012805695156,0.015064370894,3
8.760000,-0.018900708876,0.017395729213,0.006192404351,0.026423362059,3
8.770000,0.008281924018,0.003288120058,-0.018434457652,0.020475136822,3
8.780000,0.014188244997,-0.020644103400,-0.001233958517,0.025080030999,3
8.790000,-0.014562109120,-0.000437116778,0.015333973372,0.021151284417,3
8.800000,-0.013852894096,0.013474452836,-0.002756212739,0.019520764911,3
8.810000,0.004860622191,-0.004151904363,-0.006032667149,0.008789597878,3
8.820000,0.003562563307,-0.007062059827,0.003940681293,0.008837053546,3
8.830000,-0.006771973825,0.002228617841,0.005717482165,0.009138707199,3
8.840000,-0.000793997860,0.009346312112,-0.007257025330,0.011859527787,3
8.850000,0.008318031590,-0.004875894493,-0.003581086367,0.010285337924,3
8.860000,0.000006658634,-0.004758674401,0.008791688088,0.009996939823,3
8.870000,-0.004982658167,0.006804663176,0.003463680608,0.009117423249,3
8.880000,0.005143229943,0.003559896782,-0.008454033935,0.010516480833,3
8.890000,0.009237750874,-0.011328070397,-0.001651773600,0.014710186136,3
8.900000,-0.006338342897,0.000996687009,0.007004529342,0.009499021370,3
8.910000,-0.002700373265,0.008346416138,-0.001900219633,0.008975829364,3
8.920000,0.006633939318,-0.005880978917,-0.010440547005,0.013696718062,3
8.930000,0.000721548399,-0.009241472648,0.004233103805,0.010190417883,3
8.940000,-0.011157026330,0.006816101890,0.005846627780,0.014322064722,3
8.950000,-0.002318891556,0.005639494967,-0.008338791069,0.010330372599,3
8.960000,0.007242726620,-0.005500811243,-0.003753519905,0.009838949379,3
8.970000,-0.001467493960,0.000942306964,0.008307017259,0.008488110312,3
8.980000,-0.003063304450,0.003756393822,0.002044959863,0.005260816433,3
8.990000,0.002940923952,0.000873939206,-0.003235367197,0.004458744703,3
9.000000,0.009581261797,-0.007966518794,-0.000684305432,0.012479353879,3
9.010000,-0.003434334244,0.000287107383,0.006704948972,0.007538794536,3
9.020000,-0.002079088542,0.010013688123,-0.001814436735,0.010386950450,3
9.030000,0.008492355057,-0.001759708487,-0.006006709924,0.010549750351,3
9.040000,0.002115374455,-0.006779590631,0.001372957764,0.007233441175,3
9.050000,-0.010153363344,0.008240314531,0.007477830395,0.015063582515,3
9.060000,0.000475697441,0.003383690789,-0.004831458176,0.005917654900,3
9.070000,0.006697076314,-0.007725571076,-0.004570845428,0.011199460145,3
9.080000,-0.004694824661,-0.001372512812,0.006817089417,0.008390344339,3
9.090000,-0.002581143179,0.003774212138,0.000515740930,0.004601409141,3
9.100000,0.006472052719,-0.004178833358,-0.018597492618,0.020129998666,3
9.110000,0.015017393044,-0.010767293939,0.001244751149,0.018520424348,3
9.120000,-0.007804878743,0.004180965660,0.019914466478,0.021794095098,3
9.130000,-0.004677731864,0.014105829476,-0.003113604342,0.015183877390,3
9.140000,0.014479773838,-0.003804171388,-0.009171226460,0.017556963437,3
9.150000,0.006144069192,-0.010483346562,0.012536297377,0.017458776970,3
9.160000,-0.010647878859,0.012183302246,0.013025306122,0.020771826530,3
9.170000,0.005689452674,0.010773229681,-0.021409274649,0.024633095431,3
9.180000,0.017539169869,-0.018607380932,-0.004455948196,0.025955973863,3
9.190000,-0.009646194804,-0.012583082726,0.011927983052,0.019840862501,3
9.200000,-0.011132213950,0.009873502445,-0.002018529650,0.015016214566,3
9.210000,0.004721121473,-0.001346925433,-0.007262487230,0.008766237325,3
9.220000,0.002383740010,-0.013326802608,0.004639964545,0.014311364546,3
9.230000,-0.010060893122,0.003638193018,0.008389145245,0.013595432204,3
9.240000,-0.003570786634,0.007727891380,-0.003178346997,0.009086952845,3
9.250000,0.009927067266,-0.003495282893,-0.005744828555,0.011990276149,3
9.260000,0.003129234946,-0.006914017330,0.003935584476,0.008548951524,3
9.270000,-0.005030762777,0.006123058859,0.007375238795,0.010825644147,3
9.280000,0.000218323415,0.001776050721,-0.002138837874,0.002788664326,3
9.290000,0.015669927476,-0.011524914484,-0.002702594576,0.019638592068,3
9.300000,-0.004081594458,-0.002375597527,0.008992815816,0.010157441273,3
9.310000,-0.011166821676,0.005839507631,0.003546002351,0.013090908616,3
9.320000,0.004878287728,-0.000785566018,-0.009278215388,0.010511902107,3
9.330000,0.002476739762,-0.006728523536,0.004395503525,0.008409977411,3
9.340000,-0.012545531142,0.006672805021,0.011891652688,0.018529114446,3
9.350000,-0.005594933921,0.003399522501,-0.009362467274,0.011424352598,3
9.360000,0.003986212441,-0.005586580246,-0.003592507754,0.007746346263,3
9.370000,-0.000746182684,-0.003751997853,0.005954795709,0.007077702199,3
9.380000,-0.004573209539,0.002776275453,0.003560761419,0.006426583288,3
9.390000,0.003955955481,0.004436365099,-0.007885820423,0.009875073813,3
9.400000,0.010480873282,-0.008408689445,-0.003478181865,0.013879931989,3
9.410000,-0.000678595628,-0.001901588071,0.003995539342,0.004476702341,3
9.420000,-0.005196911654,0.009683696222,-0.000983467434,0.011033996169,3
9.430000,0.007970912968,-0.001550084296,-0.013552252033,0.015798789512,3
9.440000,0.008644570013,-0.011209562750,0.000199315366,0.014157069413,3
9.450000,-0.009789101380,0.003310013834,0.005943144543,0.011920724159,3
9.460000,-0.008588823667,0.021770032471,-0.011222118925,0.025954540238,3
9.470000,0.014511222822,-0.010657154424,-0.013934132712,0.022766435440,3
9.480000,-0.004255977050,-0.007681919618,0.010905128653,0.014001680635,3
9.490000,-0.038863679643,0.016923020608,0.014845832261,0.044912948660,3
9.500000,0.011893764336,0.012163697617,-0.029101044485,0.033708870641,3
9.510000,0.043901399456,-0.037172092531,-0.010826430298,0.058534681432,3
9.520000,-0.033340972772,0.005477136318,0.051272125176,0.061403992604,3
9.530000,-0.020432614612,0.065495806791,-0.003848401345,0.068716829379,3
9.540000,0.069739446397,-0.021546927677,-0.067098768159,0.099146886812,3
9.550000,0.056584730893,-0.042966271980,0.016508325034,0.072941463472,3
9.560000,-0.069308998547,0.026949501977,0.044265525843,0.086541606841,3
9.570000,0.003396163856,0.045052819508,-0.036332179275,0.057976872332,3
9.580000,0.083422143122,-0.067579816853,-0.052545477770,0.119529547992,3
9.590000,-0.028271899422,-0.046950477211,0.056178254275,0.078483398630,3
9.600000,-0.074671748912,0.052573746316,0.028575727215,0.095689294454,3
9.610000,0.019154577528,0.019267835045,-0.110735461836,0.114019690473,3
9.620000,0.045019162127,-0.085424222616,0.005980019873,0.096745973590,3
9.630000,-0.063438982574,-0.018956699076,0.118561197857,0.135796239223,3
9.640000,-0.052260875449,0.076689631638,0.006220584244,0.093011796950,3
9.650000,0.054434282724,-0.024013649752,-0.067041505979,0.089634312816,3
9.660000,0.024884708907,-0.073739139393,0.029305877112,0.083159748972,3
9.670000,-0.047319704517,0.058664400287,0.046084234243,0.088342645095,3
9.680000,0.002738502102,0.061273701543,-0.055710544950,0.082859101571,3
9.690000,0.059809499983,-0.044712821684,-0.017624521118,0.076727025590,3
9.700000,-0.004725845610,-0.017758389111,0.056864946201,0.059760489514,3
9.710000,-0.036485862334,0.030182741449,0.014966748345,0.049661046985,3
9.720000,0.011352588341,0.007788529109,-0.027838428968,0.031056731559,3
9.730000,0.023109545584,-0.033243924056,-0.006081881995,0.040941407796,3
9.740000,-0.020084272501,0.000479880839,0.019682690319,0.028125017079,3
9.750000,-0.019202051236,0.025984923927,-0.005676002005,0.032804756392,3
9.760000,0.008942402359,-0.007264256719,-0.024822649864,0.027366036101,3
9.770000,0.004434216317,-0.010467104804,0.011912541943,0.016466062458,3
9.780000,-0.015496455966,0.005922060668,0.008030912722,0.018431128810,3
9.790000,0.000659211498,0.010334936235,-0.011082681641,0.015168101369,3
9.800000,0.014640473746,-0.015432918279,-0.010836599428,0.023873632428,3
9.810000,-0.000587766592,-0.003866719549,0.009715553352,0.010473250048,3
9.820000,-0.005379985458,0.007086215401,0.002802399129,0.009328029433,3
9.830000,0.002910625793,0.004992956796,-0.008677478506,0.010425928894,3
9.840000,0.008428675608,-0.009344860484,0.000058325770,0.012584609325,3
9.850000,-0.005452691078,-0.000135641703,0.010477300321,0.011812030337,3
9.860000,-0.004057968419,0.005529832712,-0.000487926536,0.006876352945,3
9.870000,0.003447810731,-0.000822773569,-0.003060083182,0.004682783815,3
9.880000,-0.000980194247,-0.014000965589,0.009151278984,0.016755110421,3
9.890000,-0.020807050224,0.008964149427,0.011127317279,0.025240968757,3
9.900000,0.003934809927,0.003150252251,-0.010834101164,0.011949249618,3
9.910000,0.014479558468,-0.014379306585,-0.014925998561,0.025282553358,3
9.920000,-0.003824042904,-0.005189568679,0.021224675240,0.022182014477,3
9.930000,-0.011559478561,0.019703817114,0.007382218111,0.024007480037,3
9.940000,0.008230658186,0.002583730429,-0.011181084383,0.014122182731,3
9.950000,0.017635939417,-0.014747066451,0.000046065237,0.022989224651,3
9.960000,-0.007902399109,0.000967236326,0.015310877354,0.017257068787,3
9.970000,-0.013666587313,0.016726623409,-0.009649479146,0.023657303042,3
9.980000,0.019466964805,-0.008935441211,-0.019257210071,0.028803558254,3
9.990000,0.002946630547,-0.002386867348,0.005747363653,0.006885634050,3
10.000000,-0.006824837969,0.005457822643,0.003319232993,0.009347916825,3
10.010000,0.000119836743,0.002523606228,-0.005354623070,0.005920721025,3
10.020000,0.003995747856,-0.005264600287,-0.001851025088,0.006863549446,3
10.030000,-0.002768178146,-0.001713869087,0.003866947287,0.005055040931,3
10.040000,-0.008291288470,0.013846619062,-0.001436814486,0.016203047856,3
10.050000,0.002669083195,0.000630488766,-0.007554375742,0.008036797499,3
10.060000,0.007869664327,-0.009286678457,0.002326251700,0.012392960113,3
10.070000,-0.019772346545,0.006071789217,0.017799693629,0.027288118394,3
10.080000,-0.002607636236,0.013946560848,-0.005570711757,0.015242675477,3
10.090000,0.018132618944,-0.009969174680,-0.012081878737,0.023961387843,3
10.100000,0.003868827234,-0.012345551312,0.010710153116,0.016795470852,3
10.110000,-0.013031790334,0.011963963612,0.019493027553,0.026323793567,3
10.120000,0.008643623266,0.013392504161,-0.033147569244,0.036780874617,3
10.130000,0.018221837073,-0.029654534494,-0.001354896806,0.034831917945,3
10.140000,-0.022551729416,-0.011734677554,0.032006832408,0.040874447736,3
10.150000,-0.040466486644,0.043863211647,0.005991730143,0.059978485371,3
10.160000,0.028894002134,-0.006238364064,-0.047534719517,0.055976156576,3
10.170000,0.024970072324,-0.039071830749,0.025034447572,0.052695692758,3
10.180000,-0.054617745103,0.022944321091,0.056477405725,0.081848868702,3
10.190000,-0.022430202039,0.057004121652,-0.021574876984,0.064946587021,3
10.200000,0.061950146236,-0.041030637947,-0.053395178960,0.091500704943,3
10.210000,0.013248852071,-0.026085913146,0.040521897629,0.049980307456,3
10.220000,-0.036155335959,0.045802434819,0.009497533035,0.059120846471,3
10.230000,0.023251196218,0.033026759745,-0.035216902269,0.053587453665,3
10.240000,0.063712815575,-0.028949047727,-0.027538883005,0.075204789143,3
10.250000,-0.006113514896,-0.018007838821,0.061541836350,0.064413158164,3
10.260000,-0.027797985576,0.038394708802,0.006205196466,0.047805712308,3
10.270000,0.036379741273,-0.014980794753,-0.037735786885,0.054515129994,3
10.280000,0.018633334726,-0.029070088233,0.011260582315,0.036319029543,3
10.290000,-0.048862231075,0.011201075738,0.024855775845,0.055953474567,3
10.300000,-0.018087116859,0.033593296666,-0.008173520586,0.039018711100,3
10.310000,0.023728987186,-0.027857583824,-0.029523443064,0.047018544212,3
10.320000,-0.001552797179,-0.007837970619,0.025268704115,0.026501931442,3
10.330000,-0.028846162008,0.028225532559,0.023718333287,0.046811762248,3
10.340000,0.010128640610,0.013853229582,-0.022259582803,0.028106767104,3
10.350000,0.023792150626,-0.016288540146,-0.003196713911,0.029010376615,3
10.360000,-0.004611848203,-0.005079926112,0.022355483831,0.023384662719,3
10.370000,-0.009078699985,0.013384496044,-0.000717138334,0.016188941138,3
10.380000,0.010389851784,0.001707491117,-0.003648841368,0.011143544738,3
10.390000,0.005314878189,-0.007742161273,0.002301474885,0.009668804372,3
10.400000,-0.004035668251,0.002296351394,0.006510196503,0.007996405847,3
10.410000,-0.000892489522,0.004769424008,-0.003358660135,0.005901232144,3
10.420000,0.004401403212,-0.004127354973,-0.005318217653,0.008043062123,3
10.430000,0.000866671042,-0.003285789300,0.007721562801,0.008436235067,3
10.440000,-0.014305335901,0.011964996539,0.004776195865,0.019251384998,3
10.450000,0.000358340527,0.000226895786,-0.006165707246,0.006180277945,3
10.460000,0.002819932286,-0.003601339744,-0.001527650895,0.004822383571,3
10.470000,-0.005864788230,0.003465568711,0.013306329906,0.014948723124,3
10.480000,-0.005149199994,0.010752664669,-0.003084115710,0.012314456048,3
10.490000,0.009450446986,0.000453219212,-0.011570644807,0.014946443628,3
10.500000,0.005654111578,-0.005381553053,0.000883964260,0.007855665714,3
10.510000,-0.006021641717,0.004575762322,0.008248858255,0.011191131860,3
10.520000,0.000367942417,0.006119661270,-0.004938175686,0.007872179798,3
10.530000,0.005686289766,-0.002481231102,-0.004074115664,0.007422184148,3
10.540000,-0.000755620260,-0.002177941146,0.005784285531,0.006226744633,3
10.550000,-0.006484476634,0.007985520906,0.004597034369,0.011267196028,3
10.560000,0.001969817819,0.001264757567,-0.009914849868,0.010187445305,3
10.570000,0.002426022281,-0.008531273484,-0.000498335941,0.008883498752,3
10.580000,-0.001143407599,-0.000417067726,0.001720940268,0.002107833445,3
10.590000,-0.009536019337,0.010266563438,-0.000943517582,0.014043796318,3
10.600000,0.008681422269,-0.004064248493,-0.008552160716,0.012846192484,3
10.610000,0.002676507348,-0.010712168180,0.003698375515,0.011644407248,3
10.620000,-0.004667768202,0.003165917907,0.007100155050,0.009067706321,3
10.630000,0.002810481558,0.003997788437,-0.005097075470,0.007061253240,3
10.640000,0.007649639367,-0.004732218126,-0.004474023478,0.010046280750,3
10.650000,-0.001745607627,-0.001843878026,0.007590361380,0.008003787731,3
10.660000,-0.004495415334,0.004212300707,0.002453197226,0.006631018994,3
10.670000,0.012328132089,0.003853972566,-0.013006841737,0.018330681310,3
10.680000,0.010669902941,-0.014564718646,-0.004308624219,0.018561845293,3
10.690000,-0.015550405512,0.004106426418,0.014367814785,0.021566454303,3
10.700000,-0.014512273687,0.016315088105,-0.001506490777,0.021887386822,3
10.710000,0.012793680495,-0.017286304456,-0.017005571046,0.027416856657,3
10.720000,0.001067725528,-0.009419834624,0.004530398708,0.010507037385,3
10.730000,-0.016769436779,0.013144677160,0.012376581329,0.024640947890,3
10.740000,-0.003940487905,0.011066918357,-0.022660792774,0.025524804720,3
10.750000,0.018538644120,-0.016911391064,-0.006685562996,0.025968697043,3
10.760000,-0.004765124776,-0.009518480272,0.020860043447,0.023418994287,3
10.770000,-0.011635051114,0.024277118218,0.009121621538,0.028424582018,3
10.780000,0.008824795010,-0.000213493994,-0.008858188574,0.012505602403,3
10.790000,0.005896185485,-0.003883925269,0.001539998678,0.007226442742,3
10.800000,-0.004161923727,0.001431516534,0.006766413159,0.008071876841,3
10.810000,-0.001110682099,0.005512285834,-0.002239791171,0.006052732799,3
10.820000,0.005418150357,-0.002242491275,-0.009555542470,0.011211311801,3
10.830000,0.000924224405,-0.009551617455,0.005856201937,0.011242005510,3
10.840000,-0.010606692044,0.006065848822,0.004479548483,0.013013946083,3
10.850000,-0.001099413047,0.007497017061,-0.010473191133,0.012926782522,3
10.860000,0.010018218504,-0.010474450497,-0.007273481379,0.016216730453,3
10.870000,-0.005259344955,-0.004128725922,0.010119346292,0.012128819254,3
10.880000,-0.007871268658,0.007969984076,0.001445696818,0.011294580814,3
10.890000,0.007105019647,-0.002155909885,-0.009334488663,0.011927360572,3
10.900000,0.004345939890,-0.005265785479,0.000556552193,0.006850214637,3
10.910000,-0.004192097533,0.002605208060,0.009711256321,0.010893543505,3
10.920000,-0.000329490619,0.004085866778,0.000086789815,0.004100049252,3
10.930000,0.011403512625,-0.001625118439,-0.011106110850,0.016000837739,3
10.940000,0.004799675990,-0.005937923088,0.005810928190,0.009594931299,3
10.950000,-0.010824298538,0.009712450165,0.004803840951,0.015315809313,3
10.960000,0.001063281726,0.002793209624,-0.008441594897,0.008955060716,3
10.970000,0.011669490389,-0.013515920684,-0.006104870107,0.018871315717,3
10.980000,-0.002116469339,-0.001998195586,0.004134889564,0.005056633244,3
10.990000,-0.012891647358,0.010224246615,-0.000433880068,0.016459588160,3
11.000000,0.003039299229,-0.002188781754,-0.008376113991,0.009175368709,3
11.010000,0.000820446336,-0.008831981339,0.000947883747,0.008920510644,3
11.020000,-0.008061650481,0.005927872706,0.007506084046,0.012508844111,3
11.030000,-0.002929559796,0.007831151782,-0.003454730020,0.009046790500,3
11.040000,0.010241843435,-0.002161200558,-0.007676836626,0.012980753652,3
11.050000,0.001786107672,-0.003537865916,0.004541288508,0.006027435373,3
11.060000,-0.010835611508,0.012113071790,0.008580258033,0.018378188508,3
11.070000,0.012668966716,0.005026546622,-0.015751024191,0.020829393934,3
11.080000,0.019722177732,-0.014384821424,-0.005770978872,0.025083691495,3
11.090000,-0.012297509711,-0.007543063953,0.021232240308,0.025669721218,3
11.100000,-0.018015451001,0.018076650563,0.001820994219,0.025585890453,3
11.110000,0.008474330547,0.004788597174,-0.016067639136,0.018786004591,3
11.120000,0.003091898462,-0.014443702076,0.001203106512,0.014819845851,3
11.130000,-0.019123274500,0.011941664680,0.019707656849,0.029944861352,3
11.140000,-0.007885109602,0.010441719346,-0.005613620074,0.014237878588,3
11.150000,0.014396200438,-0.010158081044,-0.015627295897,0.023550999439,3
11.160000,0.010299079024,-0.016692276764,0.011977198579,0.022981653947,3
11.170000,-0.010840410730,0.009658116985,0.003083871111,0.014842640921,3
11.180000,0.005427133837,0.001108814177,-0.006673476931,0.008672862556,3
11.190000,0.008602633517,-0.007086525171,-0.002680755527,0.011463445932,3
11.200000,-0.002861771763,0.000521425631,0.009036879289,0.009493514080,3
11.210000,-0.002674351643,0.003807637176,0.000631358510,0.004695622551,3
11.220000,0.008919542657,-0.001761628614,-0.010680228877,0.014026006753,3
11.230000,0.005857950315,-0.008207599772,0.003947018092,0.010828630002,3
11.240000,-0.009737500651,0.005124435335,0.007626520022,0.013388150136,3
11.250000,-0.003184287437,0.005979426293,-0.004576899096,0.008175648635,3
11.260000,0.006577675434,-0.007835194994,-0.006840759059,0.012306586822,3
11.270000,-0.001812519978,-0.005232714563,0.006786330518,0.008759041744,3
11.280000,-0.011467399599,0.010023164869,0.006490678103,0.016555784179,3
11.290000,0.008394615494,0.007266935491,-0.011516620495,0.015997201891,3
11.300000,0.014503082846,-0.022511576043,-0.005665437479,0.027371657784,3
11.310000,-0.012344035534,0.003582819282,0.023507711780,0.026792243662,3
11.320000,-0.021063288407,0.051140819475,0.009543991468,0.056126048394,3
11.330000,0.053677103552,-0.007643499148,-0.034434453822,0.064229168880,3
11.340000,0.040860744894,-0.035487481145,0.010220911973,0.055076572450,3
11.350000,-0.057407305881,0.020336880657,0.030410517974,0.068073394854,3
11.360000,0.015984481695,0.064802021536,-0.093258490099,0.114681958589,3
11.370000,0.088830613828,-0.072674617931,-0.111821167904,0.160238733257,3
11.380000,-0.050490705008,-0.104792364425,0.082526802321,0.142623364268,3
11.390000,-0.123907460757,0.098384135719,0.055794399983,0.167766242320,3
11.400000,-0.015611361320,0.042344611896,-0.102070040900,0.111602302881,3
11.410000,0.097872831393,-0.110306955493,-0.003847244999,0.147517852646,3
11.420000,-0.095693454100,-0.003008867457,0.140998006104,0.170431007056,3
11.430000,-0.076525726632,0.090393843687,-0.010679574787,0.118917143973,3
11.440000,0.052432903739,-0.050562719021,-0.074309429636,0.104056183296,3
11.450000,0.041043563930,-0.050697710954,0.029384605333,0.071542204793,3
11.460000,-0.056245852257,0.059767093943,0.036996393055,0.090024632815,3
11.470000,0.012112233234,0.031528200023,-0.004374318531,0.034056838567,3
11.480000,0.041944343467,-0.014181282354,-0.019897223414,0.048542107676,3
11.490000,0.005522787121,-0.015801597526,0.032925871954,0.036936495582,3
11.500000,-0.023208435665,0.023723298859,0.010983653126,0.034958075329,3
11.510000,0.011445378921,0.002572840312,-0.019176280600,0.022479900880,3
11.520000,0.016262873868,-0.017200101364,-0.003952744196,0.023998932061,3
11.530000,-0.013241796999,-0.002559638874,0.014014881267,0.019450291408,3
11.540000,-0.014773408663,0.014027743453,-0.006287087399,0.021320381279,3
11.550000,0.012054160646,-0.010083390563,-0.012774196226,0.020252349082,3
11.560000,0.002676399465,-0.007390893028,0.002150891867,0.008149524506,3
11.570000,-0.010618083325,0.004012675460,0.008923387336,0.014438562927,3
11.580000,-0.000354697574,0.005420132427,-0.006352914280,0.008358418855,3
11.590000,0.007532684470,-0.004008905105,-0.002616788081,0.008925258278,3
11.600000,-0.001603963327,-0.000813552597,0.008157873683,0.008353769760,3
11.610000,-0.005903799211,0.009657870682,-0.000313533696,0.011323763270,3
11.620000,0.006570411296,0.000603462238,-0.009238761384,0.011352937205,3
11.630000,0.006541071262,-0.012236578291,0.000658621698,0.013890761105,3
11.640000,-0.001718153335,0.001195770620,0.006396220789,0.006730048932,3
11.650000,-0.004791234035,0.008976309375,-0.002933126297,0.010589300423,3
11.660000,0.004421683564,-0.004331608091,-0.005255771949,0.008120175674,3
11.670000,-0.003194110232,-0.008890735459,0.001952259897,0.009646700777,3
11.680000,-0.010693739204,0.005404964344,0.003029010984,0.012358988845,3
11.690000,0.000765825564,0.002463971871,-0.005915523883,0.006453763940,3
11.700000,0.008602507503,-0.010376292624,-0.004474314201,0.014201762972,3
11.710000,-0.004150237077,-0.002716677343,0.005896066549,0.007705089508,3
11.720000,-0.004654451136,0.006271365321,0.002038185241,0.008071439614,3
11.730000,0.004523171945,0.000413105788,-0.004680685802,0.006522159184,3
11.740000,0.005535828786,-0.007050655936,0.000835562669,0.009003072500,3
11.750000,-0.003296750251,-0.000221014474,0.008305777481,0.008938867332,3
11.760000,-0.005119201409,0.006566852644,0.000429900001,0.008337541048,3
11.770000,0.011209345397,-0.008707726654,-0.011085868489,0.018010286168,3
11.780000,0.001023054315,-0.008720443604,0.004307342595,0.009779876124,3
11.790000,-0.013044701285,0.009003833068,0.008396349247,0.017936887194,3
11.800000,-0.002698634216,0.002547671760,-0.004720490746,0.006004689077,3
11.810000,0.006368562022,-0.004705238037,-0.005273705261,0.009513664614,3
11.820000,-0.004493386422,-0.002266157320,0.004453797999,0.006720290705,3
11.830000,-0.005244004908,0.006033530042,0.000435830793,0.008005811685,3
11.840000,0.005977607631,-0.000443269338,-0.007335221149,0.009472789980,3
11.850000,0.012221072719,-0.009953089027,-0.001834263918,0.015867675435,3
11.860000,-0.015740146426,0.005817144521,0.027306123977,0.032050207277,3
11.870000,-0.003839187127,0.016453738737,-0.002239984256,0.017043544399,3
11.880000,0.019735518756,-0.007885343859,-0.008285520651,0.022810506369,3
11.890000,0.003874099036,-0.019147799737,0.015905401065,0.025191837192,3
11.900000,-0.016373387697,0.006527568786,0.014480773623,0.022812053473,3
11.910000,-0.001063057191,0.004373245786,-0.011869110238,0.012693744410,3
11.920000,0.015746745075,-0.019783980433,-0.009244823012,0.026922715590,3
11.930000,-0.015565090465,-0.008841073690,0.019176778531,0.026233289157,3
11.940000,-0.013806351003,0.012132633057,0.000603041727,0.018389664821,3
11.950000,0.005822999580,-0.005151303045,-0.015872646118,0.017674392266,3
11.960000,0.003221242426,-0.008282275068,0.000853184440,0.008927508429,3
11.970000,-0.009483887588,-0.000140096844,0.008119196241,0.012485395409,3
11.980000,0.000137938251,0.008760790849,-0.004340350279,0.009777991808,3
11.990000,0.004848718177,-0.002709388958,-0.002991827701,0.006308873868,3
12.000000,0.001182168623,-0.002391351089,0.003935796976,0.004754637791,3
12.010000,-0.007954631648,0.002916782812,0.004169121070,0.009442740975,3
12.020000,0.004276376167,0.002800501870,-0.008154639883,0.009624362600,3
12.030000,0.008498608117,-0.011579360500,-0.004553151098,0.015067817175,3
12.040000,-0.001180796866,0.000124488815,0.001856368809,0.002203607011,3
12.050000,-0.003574717254,0.009321321322,-0.000598349716,0.010001182781,3
12.060000,0.004630280184,-0.001670516855,-0.006251969252,0.007957213122,3
12.070000,0.002531710324,-0.008659383399,0.002473501538,0.009354821638,3
12.080000,-0.012786572302,0.005451566663,0.006551425500,0.015366755884,3
12.090000,-0.002584152894,0.006558536506,-0.003658568901,0.007942126522,3
12.100000,0.008497791206,-0.004808119672,-0.005197404355,0.011060898797,3
12.110000,-0.001687439887,-0.003996666193,0.003281156694,0.005439373427,3
12.120000,-0.008353635487,0.008560414122,0.002962568969,0.012322367089,3
12.130000,0.005643303298,0.004168996677,-0.008841238054,0.011286934736,3
12.140000,0.009092804995,-0.011191399599,-0.003198543853,0.014770145918,3
12.150000,-0.004796301982,-0.000162973278,0.007597194019,0.008986013017,3
12.160000,-0.005881793841,0.008809917085,-0.000860602146,0.010627830159,3
12.170000,0.005563022615,-0.003596045046,-0.007894030746,0.010305070694,3
12.180000,0.003969220336,-0.007002785247,0.006291533502,0.010216511395,3
12.190000,-0.007312991037,0.004131648556,0.007856346380,0.011500979790,3
12.200000,-0.002538489125,0.003557728193,-0.003405574356,0.005540694328,3
12.210000,0.006405974691,-0.007826643656,-0.004799261667,0.011194899518,3
12.220000,-0.006535721833,-0.007356134563,0.010962878137,0.014731363570,3
12.230000,-0.011140770511,0.005714907639,0.004282317910,0.013233109370,3
12.240000,0.002574392302,0.001649217373,-0.021605872426,0.021821116767,3
12.250000,0.016984007425,-0.019407873538,-0.001834739943,0.025855141348,3
12.260000,-0.016721787480,0.002654160889,0.019061703547,0.025495318955,3
12.270000,-0.009701203419,0.021560430904,0.001878091778,0.023716929760,3
12.280000,0.010272419223,-0.003423045187,-0.012545795558,0.016572170082,3
12.290000,0.014525273045,-0.018369429287,0.014263031362,0.027419948085,3
12.300000,-0.013000735160,0.014673427152,0.018869148947,0.027209802665,3
12.310000,0.002774027702,0.010017148656,-0.011100376812,0.015207131953,3
12.320000,0.022283271148,-0.017122459729,-0.007742782308,0.029149159132,3
12.330000,-0.005381304275,-0.005861455267,0.014139755207,0.016224912045,3
12.340000,-0.017404760014,0.018826107022,0.006255372855,0.026390863312,3
12.350000,0.006037828032,0.003831513038,-0.008716172519,0.011274197217,3
12.360000,0.002372947655,-0.005271374593,-0.000607358400,0.005812671924,3
12.370000,-0.010475100290,-0.000235656072,0.009022028636,0.013826795022,3
12.380000,-0.007078876690,0.006540780955,-0.001468617611,0.009749315278,3
12.390000,0.006839493682,-0.002230770421,-0.009262296634,0.011727964420,3
12.400000,0.002395042341,-0.008007552160,0.005466701666,0.009987088991,3
12.410000,-0.003967655444,0.001776693679,0.002683250822,0.005108695051,3
12.420000,0.002943700853,0.004168266492,-0.002803823969,0.005822477919,3
12.430000,0.009229089888,-0.005286664682,-0.006020913624,0.012221960747,3
12.440000,0.000444076555,-0.003401577092,0.006057985182,0.006961832744,3
12.450000,-0.007009186139,0.008328288725,0.003585965725,0.011460725701,3
12.460000,0.004373260510,0.000900500683,-0.006489384568,0.007877082012,3
12.470000,0.004246614326,-0.007770676281,0.002092618414,0.009099241448,3
12.480000,-0.007668133857,-0.000117508190,0.007192820802,0.010514311966,3
12.490000,-0.008726009698,0.010055655130,-0.002103519012,0.013479029549,3
12.500000,0.005000972263,-0.004655012371,-0.007101214518,0.009854243318,3
12.510000,0.001219658134,-0.009631975936,0.005059042150,0.010947896322,3
12.520000,-0.008866677680,0.005874766270,0.007655962423,0.013105136871,3
12.530000,-0.000750949265,0.002612235743,-0.006571688460,0.007111595432,3
12.540000,0.009115927081,-0.009029661865,-0.006791337277,0.014517478499,3
12.550000,-0.004836670556,-0.002156663477,0.007451861439,0.009141926401,3
12.560000,-0.005063202655,0.005743417873,0.003014432788,0.008228588884,3
12.570000,0.010191933132,-0.003137808443,-0.006988795566,0.012750082597,3
12.580000,0.005019471996,-0.006062172024,0.001560869681,0.008023798534,3
12.590000,-0.004815342743,0.001040904485,0.007880912286,0.009294072645,3
12.600000,-0.002533512795,0.005117952489,-0.001866055060,0.006007852050,3
12.610000,0.007995167575,-0.002874462425,-0.009923047525,0.013063388188,3
12.620000,0.001848576936,-0.010753679275,0.007140328614,0.013040059330,3
12.630000,-0.007638920300,0.004303975345,0.003452193189,0.009423106968,3
12.640000,-0.001413448644,0.007115994615,-0.008050229855,0.010837039132,3
12.650000,0.011196218506,-0.020993708995,-0.015308910639,0.028292293494,3
12.660000,-0.011455010094,-0.004792972996,0.018245214578,0.022069836913,3
12.670000,-0.011384594405,0.022845020306,0.005639236362,0.026140101938,3
12.680000,0.008834394816,-0.002261271885,-0.013730127132,0.016482605176,3
12.690000,0.014042628292,-0.017720977907,0.003142273519,0.022827666333,3
12.700000,-0.005971385746,0.005157619932,0.022799759179,0.024126489793,3
12.710000,-0.007099188649,0.016483353757,-0.007132096794,0.019312333759,3
12.720000,0.020376520456,-0.004960613309,-0.015681500881,0.026186250976,3
12.730000,0.009845969172,-0.012626714318,0.015908207796,0.022570956973,3
12.740000,-0.012741473006,0.012669909957,0.006833623699,0.019224207800,3
12.750000,-0.000519325290,0.013837324225,-0.018139621539,0.022820760505,3
12.760000,0.021439209220,-0.015140743422,-0.012109820690,0.028905528200,3
12.770000,-0.016560375192,-0.005486038567,0.016299836377,0.023875244744,3
12.780000,-0.023516237747,0.027380841488,0.007508507866,0.036865995290,3
12.790000,0.012969803315,0.001580459585,-0.019817094565,0.023736699171,3
12.800000,0.026680142762,-0.033318104605,0.009049975958,0.043632879542,3
12.810000,-0.034061272052,0.001628910930,0.032828618271,0.047334361538,3
12.820000,-0.002006280090,0.038289870471,-0.020392509765,0.043428030061,3
12.830000,0.049111312437,-0.039965968858,-0.033149575291,0.071470931280,3
12.840000,0.001472184010,-0.040169725633,0.029213657680,0.049691165998,3
12.850000,-0.041941867943,0.078280160213,0.036312004150,0.095945116681,3
12.860000,0.050069689021,0.037114804647,-0.061049225496,0.087243856038,3
12.870000,0.083331443958,-0.065240016240,-0.038148853659,0.112497663561,3
12.880000,-0.022671994198,-0.016670578435,0.092724237054,0.096900524475,3
12.890000,-0.082842464042,0.088115589839,0.015023207417,0.121872588313,3
12.900000,0.021205830710,-0.001954141640,-0.069500295778,0.072689731316,3
12.910000,0.043535024325,-0.106839812149,0.021065637603,0.117276616982,3
12.920000,-0.113509375544,0.039372371784,0.060842124889,0.134671177901,3
12.930000,-0.044064792205,0.093517512139,-0.058396450943,0.118732373308,3
12.940000,0.099208680667,-0.040208914751,-0.069774937738,0.127779736584,3
12.950000,0.013625481775,-0.047437829092,0.101120038735,0.112522280533,3
12.960000,-0.100762704301,0.104387283563,0.064992926559,0.158977696708,3
12.970000,0.046132189439,0.063087653371,-0.063311924593,0.100581463034,3
12.980000,0.099512024234,-0.094514902260,-0.031538464057,0.140820397782,3
12.990000,0.012785854412,-0.022394098492,0.114324365772,0.117196562789,3
13.000000,-0.084834331018,0.132873470694,-0.006313248656,0.157772241038,3
13.010000,0.114475851902,-0.014124110656,-0.080709926782,0.140777496254,3
13.020000,0.013435499306,-0.104031538981,0.037266258569,0.111318676654,3
13.030000,-0.111011522879,0.063163049176,0.105467318100,0.165639621408,3
13.040000,-0.044764438730,0.088820571211,-0.093003782168,0.136171407948,3
13.050000,0.045353579815,-0.073825700370,-0.061505338824,0.106254825495,3
13.060000,-0.026698310939,-0.031445414796,0.076383978303,0.086810863722,3
13.070000,-0.088006250467,0.051778005275,0.042519610062,0.110607319791,3
13.080000,0.014788045769,-0.001779555934,-0.036062867419,0.039017733449,3
13.090000,0.048867172746,-0.060610550255,-0.016537388936,0.079593496011,3
13.100000,-0.038767173380,0.008961133102,0.066746059294,0.077706061988,3
13.110000,-0.029906196260,0.068579132393,-0.009882406450,0.075466150900,3
13.120000,0.081881659974,-0.014078720795,-0.079249618036,0.114818633410,3
13.130000,0.062718294282,-0.066530297261,0.011945583652,0.092209337163,3
13.140000,-0.055660555557,0.054760868738,0.039471376181,0.087491940929,3
13.150000,0.003938424591,0.036781403977,-0.048243312691,0.060793092422,3
13.160000,0.039110254915,-0.043006481412,-0.017868010423,0.060814762019,3
13.170000,-0.025689359733,-0.036457628467,0.017949397384,0.048075802057,3
13.180000,-0.035262272535,0.021049800512,0.024138940414,0.047636230017,3
13.190000,0.006882912147,0.003680256746,-0.020560625214,0.021992227685,3
13.200000,0.007990066990,-0.014567889763,-0.002480508290,0.016799330464,3
13.210000,-0.007647244920,0.005202775296,0.007372479429,0.011828046271,3
13.220000,-0.003861774989,0.009424724679,-0.002906750810,0.010591880929,3
13.230000,0.009661126886,-0.001503843334,-0.006627365917,0.011811896396,3
13.240000,0.004197527098,-0.008019316797,0.004425693488,0.010075487010,3
13.250000,-0.008504658865,0.008396497067,0.007889388820,0.014320364568,3
13.260000,0.001837671761,0.004164635272,-0.004137296091,0.006151296075,3
13.270000,0.005671488540,-0.003365835459,-0.002256378692,0.006970356906,3
13.280000,-0.000392792898,-0.005347716326,0.006755666196,0.008625043879,3
13.290000,-0.010250794574,0.010074615661,0.005287662101,0.015314569553,3
13.300000,0.003086873348,-0.000485928586,-0.011147136713,0.011576854951,3
13.310000,0.003859465702,-0.009287023472,-0.001037850834,0.010110460663,3
13.320000,-0.004862875343,0.000378738730,0.006692703791,0.008281502501,3
13.330000,-0.004076665063,0.003403329432,-0.001847802290,0.005622830476,3
13.340000,0.004553856567,-0.001310741251,-0.007909697687,0.009220573180,3
13.350000,0.002387432352,-0.007894170226,0.000414129252,0.008257678840,3
13.360000,-0.005012944575,0.004220184132,0.002393041690,0.006976117541,3
13.370000,-0.001024783029,0.006981324078,-0.003025471117,0.007677404615,3
13.380000,0.005636910227,-0.004603991478,-0.002321490393,0.007639424853,3
13.390000,0.001019950929,-0.004801166755,0.007534825140,0.008992501987,3
13.400000,-0.006621594163,0.008340545153,0.003148257903,0.011105031767,3
13.410000,0.006187531721,-0.001429951865,-0.005919671378,0.008681752148,3
13.420000,0.010287122809,-0.020038646859,0.000948034045,0.022544867091,3
13.430000,-0.013998083879,0.002536354166,0.018561833134,0.023386344179,3
13.440000,-0.010186197531,0.010400975360,-0.006255401049,0.015845155439,3
13.450000,0.012808731635,-0.009313545067,-0.023983408264,0.028740382735,3
13.460000,0.006835687753,-0.009468079765,0.008284305729,0.014317851895,3
13.470000,-0.018627973028,0.004418501888,0.008651187979,0.021008750355,3
13.480000,0.004533912030,0.017426880160,-0.013340236259,0.022410140871,3
13.490000,0.012776178040,-0.016570971007,-0.015290383893,0.025915702673,3
13.500000,-0.002668604883,-0.003430383350,0.023018696714,0.023425400324,3
13.510000,-0.012946126402,0.018267120335,0.002568646205,0.022536366555,3
13.520000,0.010048060850,0.004647599489,-0.021402175687,0.024095992031,3
13.530000,0.007775668845,-0.005872675544,-0.000847609224,0.009780991025,3
13.540000,-0.003913487934,0.002309048016,0.006690352075,0.008087515159,3
13.550000,-0.005738147671,0.008792172820,-0.001236262514,0.010571517705,3
13.560000,0.006678766987,-0.003997801140,-0.005300867842,0.009417406346,3
13.570000,0.000029967731,-0.008786057896,0.005297373102,0.010259525974,3
13.580000,-0.009561026064,0.005962644803,0.007665747700,0.013628280898,3
13.590000,-0.000593263921,0.002309106912,-0.004206233458,0.004834908139,3
13.600000,0.008680323887,-0.008026296297,-0.000763108518,0.011847016065,3
13.610000,-0.006876056474,-0.001816967761,0.007871398065,0.010608507528,3
13.620000,-0.004984526703,0.006861939403,0.000921127918,0.008531130960,3
13.630000,0.004825876988,0.001490907680,-0.012626148500,0.013598952914,3
13.640000,0.005553687922,-0.005248760818,0.000178141564,0.007643603475,3
13.650000,-0.004906437395,0.004804454101,0.009701674614,0.011886058954,3
13.660000,-0.000069551999,0.010044427700,-0.001681263544,0.010184400444,3
13.670000,0.012178821722,-0.003729386910,-0.004694457782,0.013574607144,3
13.680000,0.001292134446,-0.005810058954,0.006686063462,0.008951527305,3
13.690000,-0.004552364943,0.004156247191,0.003285093221,0.006985002130,3
13.700000,0.002225520425,0.003818493609,-0.006088761293,0.007523752301,3
13.710000,0.005766523882,-0.007704660560,-0.003097723055,0.010109919888,3
13.720000,-0.006870732046,-0.002053963338,0.008068127895,0.010794462097,3
13.730000,-0.006006272221,0.005077406103,0.000804547245,0.007905862065,3
13.740000,0.001655226728,0.000370761858,-0.003934893734,0.004284930405,3
13.750000,0.003024636471,-0.007024319395,0.002115706021,0.007935092987,3
13.760000,-0.009816207999,0.002129213906,0.007197865364,0.012357214781,3
13.770000,-0.002748564674,0.005392345364,-0.003529158562,0.007006208422,3
13.780000,0.005931528221,-0.004502866617,-0.002076555441,0.007731165326,3
13.790000,0.000433783172,-0.004616889250,0.005299377478,0.007041820492,3
13.800000,-0.006411068182,0.006407038632,0.006581218164,0.011201087973,3
13.810000,0.006153828246,0.005221836704,-0.007296216185,0.010879887466,3
13.820000,0.019148796888,-0.019289827339,-0.004583242803,0.027564106653,3
13.830000,-0.007886575237,-0.006341577138,0.017357209722,0.020091948609,3
13.840000,-0.015759262457,0.012109828631,-0.000897533194,0.019894920671,3
13.850000,0.011786090048,-0.001672638841,-0.013424985532,0.017942683073,3
13.860000,0.004654167457,-0.022190011242,0.012360402777,0.025823195590,3
13.870000,-0.020203780299,0.006364538987,0.018280910869,0.027980203664,3
13.880000,-0.008873043047,0.011503848202,-0.011790412557,0.018710511608,3
13.890000,0.011866944149,-0.009953754016,-0.015536924959,0.021938496294,3
13.900000,-0.005539030792,-0.010148158956,0.012591218400,0.017093998161,3
13.910000,-0.009663563801,0.013792504979,0.008752379772,0.018979510284,3
13.920000,0.001691383221,0.000411345331,-0.004670651512,0.004984472664,3
13.930000,0.006867773703,-0.006704545873,-0.001998347522,0.009803603614,3
13.940000,-0.001683020376,-0.000002187654,0.005454637532,0.005708382693,3
13.950000,-0.002749015933,0.010470346540,0.001077231315,0.010878679726,3
13.960000,0.005753439345,-0.000460559049,-0.006573259662,0.008747680923,3
13.970000,0.007224787823,-0.010361098330,0.003914276262,0.013223897926,3
13.980000,-0.002914595697,0.002969003861,0.002865561762,0.005051860669,3
13.990000,-0.001077478035,0.004806608687,-0.004245096196,0.006502713872,3
14.000000,0.005300498407,-0.004383773930,-0.005131128183,0.008581447061,3
14.010000,-0.000499753486,-0.004399658972,0.005261491906,0.006876776112,3
14.020000,-0.011516955604,0.005871536363,0.004332188510,0.013633893903,3
14.030000,0.001816634722,0.002749859406,-0.005920846434,0.006776305112,3
14.040000,0.004356189416,-0.012991695836,-0.002042501849,0.013853965524,3
14.050000,-0.004561218369,-0.000086164337,0.008941125209,0.010037721719,3
14.060000,-0.003968410321,0.006688142821,-0.000822316487,0.007820213506,3
14.070000,0.005309418989,-0.003126745828,-0.009285671428,0.011144064041,3
14.080000,0.007405213901,-0.006312320088,0.001197803046,0.009803943592,3
14.090000,-0.008496459569,0.004607160633,0.007121112000,0.012005248453,3
14.100000,-0.000980823699,0.011521106305,-0.006105344702,0.013075669756,3
14.110000,0.008818169382,-0.005190059150,-0.003694815822,0.010878809181,3
14.120000,0.000101921601,-0.000897430017,0.003071014484,0.003201077726,3
14.130000,-0.008414313067,0.005434481631,0.002869544646,0.010419622904,3
14.140000,0.001373906378,-0.000356212668,-0.007407616419,0.007542366155,3
14.150000,0.005677321073,-0.006075842856,-0.000877399097,0.008361678669,3
14.160000,-0.014061159338,0.000633407002,0.012113642686,0.018570345863,3
14.170000,-0.008270095665,0.008265891678,-0.005958276981,0.013123281302,3
14.180000,0.006885970425,-0.003826221928,-0.008507036031,0.011594232401,3
14.190000,0.002487221287,-0.007748816666,0.002655099567,0.008560372841,3
14.200000,-0.005896429397,0.006972529456,0.010113725400,0.013626132544,3
14.210000,0.003673878724,0.007340570328,-0.008887800468,0.012098526967,3
14.220000,0.019853486317,-0.022380900934,-0.013393993883,0.032779028626,3
14.230000,-0.000321102650,-0.003158630768,0.017895863575,0.018175312606,3
14.240000,-0.010252621790,0.015942423053,0.004737957253,0.019537792744,3
14.250000,0.006723802494,0.008482023856,-0.016365142884,0.019620707181,3
14.260000,0.015519554544,-0.016227695821,0.001136829624,0.022483039530,3
14.270000,-0.016466328935,0.003545158993,0.016546614452,0.023611408063,3
14.280000,-0.010281992102,0.013420638183,-0.016268042923,0.023462355197,3
14.290000,0.012642603862,-0.012148536979,-0.018919615712,0.025794849134,3
14.300000,0.001611212547,-0.012026482856,0.008118306925,0.014599287759,3
14.310000,-0.016550358745,0.010099046129,0.015695729215,0.024945160310,3
14.320000,-0.000688786939,0.005201247576,-0.006401476769,0.008276853787,3
14.330000,0.003516376097,-0.002657800619,-0.002553498603,0.005094031812,3
14.340000,0.001631538066,-0.001693340834,0.005784457200,0.006244138430,3
14.350000,-0.004644702812,0.008401513413,0.000284694097,0.009604152361,3
14.360000,0.008312420494,-0.000162988400,-0.009588398176,0.012690952654,3
14.370000,0.009727932706,-0.009089505138,0.000058255228,0.013313721195,3
14.380000,-0.005503023548,0.002851209413,0.012247625467,0.013726506943,3
14.390000,-0.005444118299,0.012022329935,-0.003608169705,0.013681875958,3
14.400000,0.006287895155,-0.004020951878,-0.003423569869,0.008211364693,3
14.410000,-0.000606694130,-0.006431793779,0.002176947130,0.006817268352,3
14.420000,-0.007868968081,0.003302393959,0.006872674401,0.010957194803,3
14.430000,0.000867663589,0.001667003650,-0.004323464376,0.004714242833,3
14.440000,0.007520767909,-0.009342732637,-0.005375299379,0.013143152076,3
14.450000,-0.001778690606,0.000019863969,0.008673721218,0.008854240488,3
14.460000,-0.007157195866,0.008430234278,0.000808339167,0.011088179059,3
14.470000,0.004945927585,-0.000854670470,-0.006690153417,0.008363660325,3
14.480000,0.004673793278,-0.008040897146,0.002131336183,0.009541643697,3
14.490000,-0.003911694072,0.004532377124,0.010580433872,0.012156865296,3
14.500000,-0.000921588317,0.008421334016,-0.004658620711,0.009668036955,3
14.510000,0.006567454346,-0.005250960758,-0.004687703568,0.009626973055,3
14.520000,0.002500869775,-0.007017081387,0.006398183736,0.009819905089,3
14.530000,-0.005654708519,0.003794635017,0.003470096673,0.007643072306,3
14.540000,0.001758483404,0.003360013354,-0.005378662539,0.006581182593,3
14.550000,0.008381819995,-0.009743152715,-0.002054856339,0.013015620071,3
14.560000,-0.002674853976,-0.000579631022,0.003581961272,0.004507911098,3
14.570000,-0.005390798722,0.005293165707,-0.000012442035,0.007555029376,3
14.580000,0.007607545085,0.001345341666,-0.011615067904,0.013949712858,3
14.590000,0.001817244404,-0.008169483296,0.003966194098,0.009261400012,3
14.600000,-0.017871705500,0.007231436357,0.016776789131,0.025556842192,3
14.610000,-0.003206194658,0.016236761808,-0.009102113528,0.018888107075,3
14.620000,0.025098223926,-0.008115575887,-0.014890247756,0.030290310240,3
14.630000,0.006185865749,-0.013122639045,0.013695043598,0.019950509009,3
14.640000,-0.008468397499,0.011312242532,0.011234088149,0.018052294143,3
14.650000,0.010272352964,0.008912325273,-0.013834951367,0.019399913827,3
14.660000,0.014235772173,-0.016350592368,-0.005789191007,0.022439113455,3
14.670000,-0.013445504765,-0.005012378670,0.015239692440,0.020932122778,3
14.680000,-0.011871546470,0.023415596353,-0.000466424998,0.026257214636,3
14.690000,0.011783775401,0.003201784002,-0.018691103244,0.022326354919,3
14.700000,0.003741098661,-0.012656768435,-0.002231098572,0.013385343001,3
14.710000,-0.007137679409,0.001875146751,0.005309879797,0.009091615156,3
14.720000,-0.001823459946,0.009572039967,-0.003810414082,0.010462705710,3
14.730000,0.004688610428,-0.007632149683,-0.004902452426,0.010211112394,3
14.740000,-0.002510854902,-0.007721240530,0.009892782967,0.012798011662,3
14.750000,-0.003428682222,0.004830432103,0.003949805789,0.007119684111,3
14.760000,0.003795486013,0.004261845969,-0.009812288416,0.011351213552,3
14.770000,0.006586133524,-0.006563495765,-0.001327966751,0.009392557008,3
14.780000,-0.001066712359,-0.000920604989,0.008119266164,0.008240623268,3
14.790000,-0.004884596469,0.006786512475,0.001779432524,0.008548825320,3
14.800000,0.004892078666,-0.001139810146,-0.007920469752,0.009378989388,3
14.810000,0.001918620802,-0.005777603052,0.002840582102,0.006717939378,3
14.820000,-0.010960501486,0.001969858006,0.007610614779,0.013488305702,3
14.830000,-0.001011381778,0.002621800100,-0.003051581554,0.004148358572,3
14.840000,0.003132356210,-0.002424714429,-0.002744271437,0.004818912866,3
14.850000,-0.002421418955,-0.009224215578,0.013070359791,0.016179732008,3
14.860000,-0.010122906857,0.010065236696,0.004928364312,0.015102019990,3
14.870000,0.001285320842,0.001594426485,-0.003418804195,0.003985281371,3
14.880000,0.007303468665,-0.007408592740,-0.000233173505,0.010405876744,3
14.890000,-0.003523808709,-0.001153931776,0.006059895517,0.007104302925,3
14.900000,-0.005297165633,0.009127786595,0.001073590245,0.010607970960,3
14.910000,0.008000691587,-0.001480027884,-0.007449573858,0.011031668010,3
14.920000,0.007064544167,-0.007483023119,0.003586127121,0.010897877179,3
14.930000,-0.005786188891,0.003941878343,0.006486750244,0.009544438982,3
14.940000,-0.000868213958,0.002753136379,-0.002943045816,0.004122508226,3
14.950000,0.004605988064,-0.005131431888,-0.003198630069,0.007601181065,3
14.960000,-0.003734604517,-0.004605905296,0.000930511815,0.006002290124,3
14.970000,-0.011075462896,0.005022808742,0.003212860717,0.012578432336,3
14.980000,0.002550367390,0.001108953167,-0.007403372726,0.007908481439,3
14.990000,0.000955212791,-0.003642150337,-0.000834243729,0.003856637545,3
15.000000,-0.014314535559,0.001619456586,0.019738398057,0.024436303439,3
15.010000,-0.010888844998,0.015693394734,-0.007225295557,0.020421911751,3
15.020000,0.015961551602,-0.001014368432,-0.009260622207,0.018481320205,3
15.030000,0.015753944502,-0.016818566499,0.007299452323,0.024172979764,3
15.040000,-0.013831814189,0.015504223226,0.014448182707,0.025307113726,3
15.050000,0.000400732581,0.011378110651,-0.006631240806,0.013175558554,3
15.060000,0.019979641676,-0.011065407461,-0.007229177163,0.023956008145,3
15.070000,-0.008161018190,-0.008108818626,0.016821246343,0.020379143405,3
15.080000,-0.013744138086,0.019234791013,0.006847182998,0.024612241508,3
15.090000,0.006096756703,0.000817002116,-0.011949317569,0.013439647508,3
15.100000,0.002879237731,-0.005429615028,0.000451597271,0.006162359074,3
15.110000,-0.008487933642,-0.000166270570,0.007717285366,0.011472975065,3
15.120000,-0.008969578607,0.007169516839,-0.003473987637,0.011996828839,3
15.130000,0.005123826915,-0.001642226401,-0.005462028515,0.007667089755,3
15.140000,0.002978772140,-0.007026800947,0.004059340719,0.008644493165,3
15.150000,-0.010055301807,0.009174228220,0.008903977759,0.016265189141,3
15.160000,0.000008570245,0.003833219260,-0.005479633440,0.006687303341,3
15.170000,0.010284375899,-0.005689685900,-0.002799791436,0.012082207801,3
15.180000,-0.001881694803,-0.002310107193,0.008410981600,0.008923115042,3
15.190000,-0.005405614822,0.007363979373,0.001719457742,0.009295450432,3
15.200000,0.007634159497,0.001437579387,-0.008377560369,0.011424996432,3
15.210000,0.009234720875,-0.011604606715,0.002206960382,0.014993920127,3
15.220000,-0.007084300816,0.000451942162,0.008417193767,0.011010936413,3
15.230000,-0.004855423057,0.006763226675,-0.003419023326,0.009000338251,3
15.240000,0.005066278026,0.000905785963,-0.004755880150,0.007007568569,3
15.250000,0.003458636595,-0.009571575564,0.005691858602,0.011660809587,3
15.260000,-0.008417962983,0.004866970748,0.006367648802,0.011623100116,3
15.270000,0.000887239473,0.007222933063,-0.007484901092,0.010439430074,3
15.280000,0.007692699714,-0.008796642956,-0.005851598066,0.013069038071,3
15.290000,-0.005771115046,-0.005146435811,0.011482825506,0.013843657466,3
15.300000,-0.006019394149,0.008183077003,0.003333056520,0.010691357301,3
15.310000,0.008214462149,0.003057347078,-0.009326184376,0.012798534079,3
15.320000,0.009562719341,-0.009108700397,0.001917390777,0.013345051949,3
15.330000,-0.006524148063,0.001477347914,0.013380376313,0.014959329366,3
15.340000,-0.001661264179,0.006601927070,-0.005686839355,0.008870478091,3
15.350000,0.008785473726,-0.005161465258,-0.008038998188,0.012978858350,3
15.360000,-0.003064653741,-0.004070088527,0.005034183877,0.007162452825,3
15.370000,-0.008072225256,0.004005122211,0.005087509061,0.010348167614,3
15.380000,-0.001880568733,0.002198594950,-0.005998970562,0.006660180652,3
15.390000,0.019375124455,-0.023608537720,-0.008369195515,0.031667048086,3
15.400000,-0.004743265418,-0.003058726577,0.010798357389,0.012184371030,3
15.410000,-0.012099965587,0.013010985835,0.002507076568,0.017943810981,3
15.420000,0.011428168546,-0.002200532451,-0.018192842678,0.021596872554,3
15.430000,0.011327646397,-0.014205848976,-0.000857983744,0.018189498457,3
15.440000,-0.015281879959,0.002655427539,0.018563275455,0.024190542494,3
15.450000,0.000479057190,0.014811728469,-0.010502063678,0.018163428573,3
15.460000,0.019562160080,-0.009010580582,-0.012920579353,0.025115932000,3
15.470000,0.003504387816,-0.014375328447,0.015978186302,0.021776896919,3
15.480000,-0.016173970334,0.010853761391,0.017785987649,0.026376937073,3
15.490000,0.001489108781,0.003423659202,-0.014001443400,0.014490662668,3
15.500000,0.006563063295,-0.004915560592,-0.003024516506,0.008739807541,3
15.510000,-0.006530294604,-0.001670893025,0.006233576865,0.009181182475,3
15.520000,-0.007286957739,0.013516715568,0.001654400189,0.015444688174,3
15.530000,0.002249184030,0.000530248327,-0.008719634660,0.009020644139,3
15.540000,0.002572741742,-0.009332919247,0.001170965568,0.009751591773,3
15.550000,-0.015238709510,0.005774640493,0.009098257051,0.018663949789,3
15.560000,-0.000998270770,0.013242509620,-0.007226977295,0.015119186697,3
15.570000,0.018883602168,-0.009936214080,-0.010504370046,0.023783619807,3
15.580000,-0.000133296803,-0.014955622096,0.013838199975,0.020376068779,3
15.590000,-0.015607242032,0.014880417436,0.008894050993,0.023326314968,3
15.600000,0.005849623995,0.011584527638,-0.015729748142,0.020392262211,3
15.610000,0.025076777714,-0.010747180899,-0.006255035892,0.027990572552,3
15.620000,-0.019266074602,-0.005942190297,0.027741008037,0.034293655142,3
15.630000,-0.018950662443,0.019072975915,0.004130630936,0.027202355215,3
15.640000,0.021270273761,-0.013388540059,-0.034374459003,0.042582637101,3
15.650000,0.020724104015,-0.027754121158,-0.000590288651,0.034642866065,3
15.660000,-0.045384459675,0.008413784105,0.037983500102,0.059776979039,3
15.670000,-0.012533829628,0.021964579636,-0.030555732046,0.039663489567,3
15.680000,0.042093869235,-0.029618620543,-0.024232746726,0.056889212720,3
15.690000,0.001302207911,-0.034031006039,0.047882710308,0.058758480783,3
15.700000,-0.056382583805,0.043502315412,0.039571756370,0.081470062630,3
15.710000,0.036503689946,0.022518896939,-0.058954462415,0.072905752432,3
15.720000,0.074213502815,-0.093625979970,-0.023608391529,0.121781871705,3
15.730000,-0.063250586197,0.008369090678,0.055193065936,0.084362034473,3
15.740000,-0.037937136308,0.090527463138,0.014334833852,0.099196448299,3
15.750000,0.076086611305,-0.032336248691,-0.061401263028,0.102980194702,3
15.760000,0.020199811041,-0.071644810783,0.036427045635,0.082873041044,3
15.770000,-0.082869925063,0.024821970292,0.075702399193,0.114953938309,3
15.780000,-0.042888405917,0.044678252688,-0.039938775307,0.073693062078,3
15.790000,0.060856088913,-0.045621794071,-0.058584747128,0.096005126156,3
15.800000,-0.005332036268,-0.059913299943,0.036968078722,0.070602216432,3
15.810000,-0.073348492212,0.058429790326,0.021751728418,0.096266190308,3
15.820000,0.028807572671,0.015114913969,-0.083045485634,0.089190187531,3
15.830000,0.071348778076,-0.058954443846,0.000848094956,0.092558056631,3
15.840000,-0.045866770066,-0.022419618246,0.086025853652,0.100034231016,3
15.850000,-0.015758489374,0.081559244940,0.003695931349,0.083149866693,3
15.860000,0.044085200718,-0.023394364674,-0.036666120241,0.061929036763,3
15.870000,0.032117128835,-0.034790214222,0.018263002688,0.050748460444,3
15.880000,-0.049632269116,0.018356859562,0.037318727508,0.064753562477,3
15.890000,0.007732901451,0.017783998225,-0.012341685249,0.022986638565,3
15.900000,0.027731913136,-0.023268649866,-0.012958717387,0.038450194136,3
15.910000,-0.007775411022,-0.018855333200,0.014814924854,0.025208383627,3
15.920000,-0.016735675828,0.015109828767,0.000105767904,0.022547748393,3
15.930000,0.010327696371,0.004154398761,-0.012992356516,0.017109110708,3
15.940000,0.008947710959,-0.016539977891,-0.003564462020,0.019139952705,3
15.950000,-0.006196597816,0.001571418897,0.010844566450,0.012588558429,3
15.960000,-0.005437540928,0.010903560341,-0.001118261940,0.012235399022,3
15.970000,0.006064044291,-0.001582412944,-0.005221555703,0.008157285568,3
15.980000,0.005277605548,-0.004717386840,0.002260689490,0.007430852972,3
15.990000,-0.002448615894,0.004556182086,0.003646577948,0.006328668559,3
16.000000,0.003430062110,0.005068170334,-0.005333980486,0.008118067778,3
16.010000,0.008242700861,-0.004115004207,-0.004677910773,0.010332387251,3
16.020000,0.000814164395,-0.002192892583,0.007309135125,0.007674314160,3
16.030000,-0.006217411874,0.005456105850,0.000913448727,0.008322240686,3
16.040000,0.001621030948,-0.000485372107,-0.004566502768,0.004869935826,3
16.050000,0.006575980615,-0.008959770660,0.003094888037,0.011536868868,3
16.060000,-0.004888913082,0.001796984268,0.006958169800,0.008691763374,3
16.070000,-0.006965571216,0.008891724078,-0.002591943590,0.011588792475,3
16.080000,0.002838277877,-0.002845372001,-0.004186583482,0.005803399382,3
16.090000,0.001312332273,-0.007145258311,0.008992646258,0.011560476593,3
16.100000,-0.008233301173,0.004652938113,0.004782051020,0.010597409742,3
16.110000,0.000419140470,0.005634185294,-0.005496631430,0.007882428543,3
16.120000,0.006502892916,-0.006119203044,-0.005517254906,0.010496302390,3
16.130000,-0.002879286237,-0.004413985109,0.009783100337,0.011112272764,3
16.140000,-0.005855133539,0.008513629432,0.002753676554,0.010693325461,3
16.150000,0.008658487465,0.004134025371,-0.009158984375,0.013264485129,3
16.160000,0.010085137085,-0.010413831116,-0.000367894814,0.014501490101,3
16.170000,-0.005175490937,0.004048781528,0.006235578283,0.009058740245,3
16.180000,-0.013168412386,0.016643945926,-0.003158141053,0.021456977318,3
16.190000,0.011450219170,-0.013841191280,-0.019770318757,0.026712386618,3
16.200000,0.004676127653,-0.019913933043,0.017015987184,0.026607794327,3
16.210000,-0.024015311249,0.013869836746,0.013442550563,0.030818982972,3
16.220000,0.000660845092,0.011445291453,-0.013601493961,0.017788537058,3
16.230000,0.013599102094,-0.012811658954,-0.007453698128,0.020115461682,3
16.240000,-0.008572629343,-0.007281835122,0.015757229411,0.019359890891,3
16.250000,-0.005777148726,0.019266109993,0.000202679458,0.020114659347,3
16.260000,0.015749707632,0.001900136412,-0.016401812993,0.022818485452,3
16.270000,0.017604528945,-0.022992575315,0.001039660854,0.028976867561,3
16.280000,-0.005184873607,0.001788311648,0.008266192068,0.009920227023,3
16.290000,-0.002919479587,0.009170949689,-0.002876015484,0.010044956163,3
16.300000,0.007295735712,-0.005206652295,-0.007454122712,0.011657655558,3
16.310000,0.001941164056,-0.004947731677,0.005214847778,0.007445992478,3
16.320000,-0.008128026340,0.004685735343,0.003117101441,0.009886215114,3
16.330000,0.001708173931,0.004048451677,-0.007047010922,0.008304708429,3
16.340000,0.004155950628,-0.010749643301,-0.004698040565,0.012445816240,3
16.350000,-0.009891107066,-0.001018196291,0.008938897016,0.013370662008,3
16.360000,-0.006204297437,0.006359597917,0.000985375632,0.008939169844,3
16.370000,0.010127316276,-0.001461452769,-0.009825593794,0.014185932206,3
16.380000,0.004760487722,-0.006908439221,0.002595274929,0.008782040070,3
16.390000,-0.005984203554,0.002353179945,0.006401268487,0.009073278695,3
16.400000,-0.000180134867,0.005261107775,-0.003374736743,0.006253043393,3
16.410000,0.011085982073,-0.005986610020,-0.004072518433,0.013240993333,3
16.420000,0.001953649914,-0.007021371134,0.004016817591,0.008321732040,3
16.430000,-0.003706524083,0.004573328000,0.003615666786,0.006908451062,3
16.440000,0.003405709460,0.003061944751,-0.007762009914,0.009012389278,3
16.450000,0.007031416967,-0.006415551773,-0.002812842701,0.009925331893,3
16.460000,-0.006810150516,-0.002817683953,0.010693594346,0.012987318928,3
16.470000,-0.006583639938,0.008097559713,0.000781180170,0.010465420708,3
16.480000,0.006043105045,-0.000657832400,-0.008176308459,0.010188419018,3
16.490000,0.002095395295,-0.005822866189,-0.000918042196,0.006256137272,3
16.500000,-0.009370688651,0.006283927537,0.009622170206,0.014828476340,3
16.510000,-0.000530232871,0.007201156547,-0.007181406819,0.010183830636,3
16.520000,0.005859592987,-0.004753128030,-0.004579868846,0.008826225393,3
16.530000,0.000091850820,-0.010043368179,0.008484528292,0.013147809753,3
16.540000,-0.002850165689,0.003321673501,0.002441929032,0.005011983310,3
16.550000,0.003207798102,0.007003976716,-0.004086554629,0.008720412103,3
16.560000,0.006888167320,-0.004260263087,-0.002474933754,0.008468883497,3
16.570000,-0.012741074313,0.004553157580,0.012911947114,0.018702529157,3
16.580000,-0.011993485861,0.019133117144,-0.001935723787,0.022664220731,3
16.590000,0.011296621102,-0.008191851427,-0.016457825634,0.021577305270,3
16.600000,0.008733134555,-0.013942515669,0.001413079424,0.016512364331,3
16.610000,-0.015991729892,0.005587689361,0.011424895613,0.020432472614,3
16.620000,-0.005095585671,0.013292844353,-0.005981546741,0.015441619272,3
16.630000,0.011196963125,-0.009540905212,-0.010328049000,0.017974132848,3
16.640000,-0.001506969138,-0.007019279670,0.012288178311,0.014231674858,3
16.650000,-0.015651949568,0.010585672452,0.006352132752,0.019934632603,3
16.660000,0.009216815964,0.005243777203,-0.016454800493,0.019575682750,3
16.670000,0.026416045976,-0.019468077713,-0.008246326566,0.033835121348,3
16.680000,-0.003097527281,0.000637493404,0.006062082105,0.006837390770,3
16.690000,-0.002203256579,0.004025329613,-0.000243336941,0.004595305312,3
16.700000,0.007428678256,-0.002254258230,-0.010170485728,0.012794753642,3
16.710000,0.002638502409,-0.007584085622,0.003741262199,0.008858729736,3
16.720000,-0.006480306532,0.004535668420,0.006777760739,0.010416559000,3
16.730000,-0.001923127031,0.009484359096,-0.007051157461,0.011973734028,3
16.740000,0.010430360379,-0.010630900073,-0.009519094030,0.017675452050,3
16.750000,-0.002346438570,-0.002803363290,0.003798344641,0.005271815788,3
16.760000,-0.008215837839,0.006861806905,0.002908652341,0.011092549024,3
16.770000,0.003184193363,0.002914675394,-0.007788643439,0.008904908008,3
16.780000,0.009016037128,-0.010436920987,-0.002786313442,0.014070600121,3
16.790000,-0.006996463409,-0.001842858845,0.007524185826,0.010438390743,3
16.800000,-0.006604477080,0.011240163458,-0.001772278195,0.013156799081,3
16.810000,0.008474849158,-0.003429083489,-0.012396748269,0.015403280478,3
16.820000,0.003499719850,-0.007991018739,0.003142226561,0.009272432651,3
16.830000,-0.008859487209,0.008545394374,0.011746222832,0.017014347752,3
16.840000,0.001063347270,0.004470621203,-0.004358654040,0.006333642427,3
16.850000,0.008547804221,-0.006397582174,-0.002871081313,0.011056089841,3
16.860000,-0.003287369582,-0.002754220382,0.007625059796,0.008748375025,3
16.870000,-0.013094122508,0.007469979067,0.003087651096,0.015387989499,3
16.880000,0.003433292054,-0.002530817966,-0.008707281276,0.009695838341,3
16.890000,0.004665787594,-0.009010944320,-0.000870263744,0.010184500498,3
16.900000,-0.007236918954,0.002017234850,0.010174998238,0.012648036272,3
16.910000,-0.007468370600,0.008560241377,-0.000783205152,0.011387172703,3
16.920000,0.005800867457,-0.004286783150,-0.011599624500,0.013659350701,3
16.930000,0.005658347248,-0.008133730088,0.004499698293,0.010882175492,3
16.940000,-0.008581010193,0.005061590642,0.004447213171,0.010910139356,3
16.950000,0.002017213297,0.010142025568,-0.007277600989,0.012644892577,3
16.960000,0.017761692380,-0.020670368834,-0.009588954572,0.028891000566,3
16.970000,-0.002147922811,-0.003097431705,0.014635066795,0.015112671361,3
16.980000,-0.014796435401,0.015062627542,0.005243166195,0.021755643884,3
16.990000,0.016545827371,0.006984186787,-0.023276596417,0.029399714441,3
17.000000,0.012717340757,-0.015317130071,-0.000152235005,0.019909003115,3
17.010000,-0.018849772153,0.004253617887,0.023093958833,0.030112092421,3
17.020000,-0.016563063474,0.030886261853,-0.003664372155,0.035238102477,3
17.030000,0.019431967258,-0.006599746239,-0.021367360696,0.029626375159,3
17.040000,0.004418228873,-0.025701602245,0.008987281182,0.027583769274,3
17.050000,-0.023755302176,0.009190222073,0.010389800438,0.027508589865,3
17.060000,0.003966359182,0.021522545199,-0.027941850008,0.035492237727,3
17.070000,0.033133940026,-0.025051714606,-0.007060627478,0.042134295375,3
17.080000,-0.010396315365,-0.011966460245,0.027088515661,0.031385780613,3
17.090000,-0.019251558505,0.032857744756,-0.000295155755,0.038083342976,3
17.100000,0.033928598213,-0.004233990812,-0.036251131473,0.049831927395,3
17.110000,0.038443850980,-0.033127120410,0.002589998255,0.050813815797,3
17.120000,-0.030015812110,0.014446329280,0.035842045784,0.048931560901,3
17.130000,-0.019061471281,0.059095924855,-0.010047348583,0.062901647319,3
17.140000,0.066491902045,-0.037201582455,-0.041331237606,0.086679882191,3
17.150000,-0.026550124418,-0.036354091540,0.032367728067,0.055445458773,3
17.160000,-0.064769270753,0.043068220071,0.036346281644,0.085854424483,3
17.170000,-0.003488467113,0.029820237310,-0.041440880555,0.051173846222,3
17.180000,0.063673253947,-0.051392429064,-0.040969356372,0.091509306602,3
17.190000,-0.025742023374,-0.039107300442,0.057045295190,0.073798363251,3
17.200000,-0.063446503277,0.091359907551,0.017213819868,0.112554018499,3
17.210000,0.053299631310,-0.015517575680,-0.062084266441,0.083283263578,3
17.220000,0.055629461980,-0.084877927597,0.012054008393,0.102196862729,3
17.230000,-0.049754789951,0.034006081748,0.095503909042,0.112928957142,3
17.240000,-0.006947793090,0.085876018203,-0.030778701120,0.091489293220,3
17.250000,0.083215027046,-0.054725054937,-0.049121209345,0.111051634710,3
17.260000,0.013138223657,-0.065776793212,0.055235038898,0.086891363025,3
17.270000,-0.049063586534,0.060754379479,0.064904012291,0.101542409667,3
17.280000,0.007332762508,0.040833706090,-0.055219263628,0.069067561378,3
17.290000,0.047623379270,-0.062324168087,-0.035166003861,0.085958920470,3
17.300000,-0.039994825987,-0.019328632059,0.050790842036,0.067475119546,3
17.310000,-0.065632107418,0.051317652725,0.005404721678,0.083488238823,3
17.320000,0.025248360876,-0.010457860318,-0.033141102861,0.042955549912,3
17.330000,0.037521458361,-0.033808257568,0.022465266416,0.055276996232,3
17.340000,-0.034086917849,0.017705447941,0.025630412894,0.046177038887,3
17.350000,-0.011271265140,0.031588115865,-0.019939856099,0.039018564081,3
17.360000,0.052946651773,-0.017186235597,-0.025453151695,0.061209293079,3
17.370000,0.002990966681,-0.018317353793,0.032840831164,0.037722559871,3
17.380000,-0.031064381833,0.021692523547,0.024598147774,0.045173335834,3
17.390000,0.020218492913,0.008217302273,-0.015133217964,0.026557970522,3
17.400000,0.031313346620,-0.027077751148,-0.008570030217,0.042275000907,3
17.410000,-0.018839273091,-0.008528145083,0.021282840605,0.029675019349,3
17.420000,-0.021579470113,0.022879189819,0.000342837152,0.031452319381,3
17.430000,0.011271519863,-0.002744442229,-0.019458732319,0.022654390008,3
17.440000,0.007072797364,-0.024576505574,0.002032720841,0.025654649536,3
17.450000,-0.024227652549,-0.001715765682,0.012956441376,0.027528028863,3
17.460000,-0.005806284972,0.008702210062,-0.004660781841,0.011452698045,3
17.470000,0.011723315564,-0.007131073237,-0.006228983978,0.015069458342,3
17.480000,0.001020437304,-0.006122394403,0.003778595782,0.007266552938,3
17.490000,-0.006490627576,0.005914230429,0.003423217377,0.009424690187,3
17.500000,0.006589320345,0.003351667124,-0.009217429155,0.011815829016,3
17.510000,0.010851861877,-0.008548355449,-0.002814738321,0.014098228218,3
17.520000,-0.001914561278,-0.000587428919,0.006893296412,0.007178311295,3
17.530000,-0.003784938810,0.009400374826,0.000655826530,0.010154945451,3
17.540000,0.006613757854,-0.002479393720,-0.005685783648,0.009067376790,3
17.550000,0.004980265318,-0.011971730675,0.006741686814,0.014614230021,3
17.560000,-0.006174296009,0.002224704789,0.005233663959,0.008394193293,3
17.570000,-0.002283742399,0.011259696489,-0.010883597522,0.015825578643,3
17.580000,0.005284332620,-0.004952735091,-0.005040977627,0.008824126674,3
17.590000,-0.003447087303,-0.004518142544,0.006079959660,0.008322375406,3
17.600000,-0.005631461126,0.007359971226,0.001568633819,0.009399103304,3
17.610000,0.001124112798,0.000503935098,-0.004457258883,0.004624363407,3
17.620000,0.006511897399,-0.007179397823,-0.002490624747,0.010007585746,3
17.630000,-0.002666666502,0.001659808036,0.006655874388,0.007359805488,3
17.640000,-0.002183166406,0.007194464390,-0.000145331947,0.007519817471,3
17.650000,0.010707328283,-0.002541382069,-0.009311531974,0.014415621024,3
17.660000,0.004035126420,-0.005741520607,0.003651549930,0.007910823029,3
17.670000,-0.006463764326,0.004203736344,0.006146240666,0.009860422041,3
17.680000,-0.001643043713,0.004883973266,-0.005477795046,0.007520573521,3
17.690000,0.007743094530,-0.005308073865,-0.004349539990,0.010346480521,3
17.700000,-0.003173368515,-0.003542336266,0.004689319153,0.006678931656,3
17.710000,-0.012362541445,0.009908596332,0.002301128136,0.016009619075,3
17.720000,0.003516425861,0.003409446732,-0.009502336802,0.010690368682,3
17.730000,0.002349223384,-0.006018453688,0.000778437542,0.006507426551,3
17.740000,-0.007070768824,0.002142098382,0.006478615760,0.009826332958,3
17.750000,-0.001668382556,0.012714035611,0.003076088873,0.013186831486,3
17.760000,0.016230284673,-0.005392334389,-0.012896392602,0.021419998900,3
17.770000,0.006530964163,-0.011449422921,0.006883873878,0.014870457212,3
17.780000,-0.013157909832,0.013271734624,0.019269566945,0.026843728156,3
17.790000,0.003345582483,0.005863719150,-0.007811704628,0.010324672083,3
17.800000,0.020513283733,-0.014856968106,-0.011492893659,0.027813861930,3
17.810000,-0.003520830082,-0.010267410029,0.020423074744,0.023128292958,3
17.820000,-0.015201131755,0.014464830066,0.005386715840,0.021663850605,3
17.830000,0.009585233321,0.003650336155,-0.018572905425,0.021216843964,3
17.840000,0.005309165371,-0.012921419730,0.001200627086,0.014021120860,3
17.850000,-0.016351415826,0.002914681276,0.012457666387,0.020761927133,3
17.860000,-0.007548947344,0.007821724930,-0.001603060915,0.010987983945,3
17.870000,0.004393288198,-0.003406788519,-0.009204272623,0.010752944886,3
17.880000,0.001130353278,-0.007508086071,0.004101264095,0.008629566743,3
17.890000,-0.008815708440,0.004586244895,0.006484418689,0.011865835127,3
17.900000,0.002725690994,0.005947998677,-0.008099967524,0.010412375020,3
17.910000,0.012549295160,-0.006190183348,-0.006802836434,0.015558976909,3
17.920000,0.003723500200,-0.002939778035,0.006228885693,0.007829799845,3
17.930000,-0.005264077317,0.006796205147,0.002981714161,0.009098875410,3
17.940000,0.007490903960,0.000159886294,-0.010667954530,0.013036274760,3
17.950000,0.006129070410,-0.006889794440,-0.000485311761,0.009234191845,3
17.960000,-0.006385363639,0.000577436847,0.006867935228,0.009395468930,3
17.970000,-0.005730445387,0.005866607520,-0.002904077376,0.008699928364,3
17.980000,0.002379790901,-0.003204653423,-0.005651411554,0.006918934951,3
17.990000,-0.000886371281,-0.011336087277,0.006535566378,0.013115111768,3
18.000000,-0.010813304208,0.008601105667,0.007204925198,0.015582602918,3
18.010000,-0.002912491034,0.000648340791,-0.002668360059,0.004002885860,3
18.020000,0.011627854617,-0.012381780049,-0.005131639581,0.017743990672,3
18.030000,-0.003576345830,-0.002848567271,0.007390998407,0.008690882719,3
18.040000,-0.005001197377,0.009248453779,0.003538379421,0.011093511682,3
18.050000,0.004431410270,0.001460356294,-0.002700257729,0.005390865356,3
18.060000,0.005416010747,-0.009284138827,0.000031601629,0.010748460580,3
18.070000,-0.005573333205,0.000107706496,0.006716952447,0.008728750992,3
18.080000,-0.002991897282,0.009938197240,-0.003802186876,0.011053317999,3
18.090000,0.006977372437,-0.001054990663,-0.005421925067,0.008899101239,3
18.100000,0.003274668033,-0.007937809816,0.006479889335,0.010757380778,3
18.110000,-0.010208500099,0.005837455788,0.004916599904,0.012746070727,3
18.120000,0.003823510500,0.009220692908,-0.010009929394,0.014136445690,3
18.130000,0.007357382512,-0.006105259143,-0.003088075814,0.010046963664,3
18.140000,-0.010544566979,-0.002353415830,0.019762267562,0.022522736913,3
18.150000,-0.014163905445,0.027013034076,-0.004204562268,0.030789585436,3
18.160000,0.014810154041,0.006089335550,-0.016894567151,0.023277608755,3
18.170000,0.019481478158,-0.020125889765,0.001304003258,0.028040682134,3
18.180000,-0.008469733204,0.011952172859,0.017275705677,0.022650404483,3
18.190000,-0.003585182832,0.015829863464,-0.002892153720,0.016486438863,3
18.200000,0.018259486612,-0.014191637565,-0.019950987869,0.030542647971,3
18.210000,0.004311577742,-0.014922799413,0.011504604690,0.019329655300,3
18.220000,-0.030753998835,0.029358746025,0.014731294772,0.044997282787,3
18.230000,0.019803237677,0.008913637144,-0.034266316554,0.040568480374,3
18.240000,0.024889946248,-0.037404344749,-0.015104694870,0.047399854825,3
18.250000,-0.020339459288,-0.010517103070,0.018125847707,0.029203585674,3
18.260000,-0.051517190641,0.044740187894,-0.001129639729,0.068242079615,3
18.270000,0.046989317576,-0.025808785408,-0.080702451041,0.096886402424,3
18.280000,0.028425390691,-0.070833435913,0.002418286118,0.076362468444,3
18.290000,-0.068610563782,0.059543125221,0.092382741408,0.129566060886,3
18.300000,-0.024293504437,0.062603982587,-0.044564291836,0.080594100903,3
18.310000,0.123431842482,-0.039519666541,-0.070827051184,0.147694600312,3
18.320000,0.057149551290,-0.098395364259,0.114762789706,0.161611314027,3
18.330000,-0.100274888661,0.094638183701,0.062982198529,0.151585607634,3
18.340000,0.066396571489,0.046663650665,-0.153868096871,0.173958018595,3
18.350000,0.139994909192,-0.089935033620,-0.036792842841,0.170413022261,3
18.360000,-0.053474381333,-0.028239684979,0.122541315301,0.136650514900,3
18.370000,-0.076430357337,0.083263219200,0.033252152549,0.117813703971,3
18.380000,0.060614867842,-0.005941283223,-0.086574126648,0.105851501901,3
18.390000,-0.007389987641,-0.113171370968,0.036776627849,0.119226219768,3
18.400000,-0.105521103176,0.038127657844,0.074146911987,0.134484891588,3
18.410000,-0.023166584360,0.064764830643,-0.042629018928,0.080922229170,3
18.420000,0.066528614962,-0.045855147356,-0.052096028413,0.096139208048,3
18.430000,-0.014562433326,-0.036073749651,0.061052764427,0.072393507460,3
18.440000,-0.052535871660,0.056180362378,0.029392146452,0.082341661393,3
18.450000,0.040830240174,0.019832215978,-0.048536098350,0.066454331283,3
18.460000,0.042398497648,-0.039349318740,-0.002363606222,0.057892902177,3
18.470000,-0.019631289120,0.002470038349,0.047596147055,0.051544949476,3
18.480000,-0.038798556019,0.028487565545,0.009638423675,0.049089393465,3
18.490000,0.017112744608,-0.008668737123,-0.029852035212,0.035484321011,3
18.500000,0.005635890192,-0.024600023874,0.017006358538,0.030432559267,3
18.510000,-0.027858867928,0.009665473783,0.015924991410,0.033513329544,3
18.520000,-0.001485426184,0.011234422439,-0.008991492347,0.014466017873,3
18.530000,0.019110355653,-0.014522785789,-0.006905907171,0.024976159715,3
18.540000,-0.014570333208,-0.012850997742,0.009252811906,0.021518765785,3
18.550000,-0.035298356398,0.020662348783,0.005558713254,0.041277183948,3
18.560000,0.010807666182,0.002809551592,-0.023601888466,0.026110311519,3
18.570000,0.014294844742,-0.014020803814,-0.000494892196,0.020029239728,3
18.580000,-0.016580586235,-0.004051144235,0.020269411617,0.026498616130,3
18.590000,-0.010031489842,0.023472880708,0.002715880354,0.025670662696,3
18.600000,0.018210967278,-0.001743846036,-0.013576350630,0.022781519366,3
18.610000,0.008710337024,-0.016898152384,0.012726115562,0.022877315016,3
18.620000,-0.014520220492,0.010452005687,0.008803688105,0.019939562439,3
18.630000,-0.005260724332,0.011727590806,-0.010432489085,0.016554408329,3
18.640000,0.015166690814,-0.009707359123,-0.006150918770,0.019028797469,3
18.650000,-0.002890781730,-0.003890655707,0.006218711506,0.007884554118,3
18.660000,-0.010312905657,0.006626144497,0.001642846486,0.012367730534,3
18.670000,0.005159848420,0.001505525756,-0.010236602683,0.011561949577,3
18.680000,0.003366364611,-0.008390276280,0.000209538062,0.009042845402,3
18.690000,-0.005438401255,0.000268761182,0.005702384018,0.007884518012,3
18.700000,-0.001568369557,0.004611741664,-0.000586441377,0.004906307953,3
18.710000,0.007989888924,-0.003088375765,-0.009017384250,0.012437427732,3
18.720000,0.001108715319,-0.005092570131,0.001116548103,0.005330121937,3
18.730000,-0.006247992412,0.006451021819,0.005637161134,0.010603333313,3
18.740000,0.001065017184,0.004982664096,-0.004491783999,0.006792446290,3
18.750000,0.011796975383,-0.007871512030,-0.003215667361,0.014542002834,3
18.760000,-0.000701515737,-0.002411749805,0.005231563023,0.005803267451,3
18.770000,-0.005222702643,0.004558020709,0.001396891015,0.007071313894,3
18.780000,0.003730725885,-0.002645209767,-0.008110986713,0.009311474416,3
18.790000,0.008391031335,-0.011600560644,0.002099139563,0.014470273011,3
18.800000,-0.006672606401,0.000973219803,0.011281353304,0.013143050077,3
18.810000,-0.003346238378,0.005305157186,-0.001228440104,0.006391484111,3
18.820000,0.005179835591,-0.005270931014,-0.009022008736,0.011662334764,3
18.830000,-0.001980157901,-0.007040908377,0.005111390443,0.008923100826,3
18.840000,-0.006388184152,0.003878550734,0.005831979480,0.009479664404,3
18.850000,0.001580579284,0.003718778024,-0.007443937502,0.008469931901,3
18.860000,0.006745763345,-0.006918547930,-0.002743923024,0.010044936143,3
18.870000,-0.001448683694,-0.002665868989,0.005765082959,0.006514731263,3
18.880000,-0.003465627336,0.005294251228,0.002454354138,0.006787011355,3
18.890000,0.006931311602,0.003131713634,-0.011806799041,0.014044615139,3
18.900000,0.008806722536,-0.006487114490,0.000897417063,0.010974806314,3
18.910000,-0.004884983799,0.003787233551,0.006304365669,0.008828999444,3
18.920000,-0.001264405867,0.007420650781,-0.003657176025,0.008368973455,3
18.930000,0.016976676381,-0.004987669899,-0.017350190271,0.024781313412,3
18.940000,-0.000062631202,-0.015210374321,0.015738212514,0.021887227846,3
18.950000,-0.012760929868,0.012987049271,0.010289007676,0.020913355991,3
18.960000,-0.004257546791,0.007719208412,-0.011299564486,0.014331540069,3
18.970000,0.014041914423,-0.015277789663,-0.005773214864,0.021538714621,3
18.980000,-0.009295948041,-0.007005328067,0.016677815728,0.020338112222,3
18.990000,-0.013786046518,0.013387969179,0.004316754009,0.019695866635,3
19.000000,0.016812575272,-0.000275408162,-0.016957201210,0.023880645088,3
19.010000,0.012746809613,-0.015565061594,0.003560282722,0.020431052611,3
19.020000,-0.010909620335,0.007232267771,0.018069665817,0.022312291135,3
19.030000,-0.001610687336,0.016419536533,-0.013676589267,0.021429992712,3
19.040000,0.011625685037,-0.007277352123,-0.006455889918,0.015158988131,3
19.050000,0.001767569591,-0.006198688498,0.006447537031,0.009116949881,3
19.060000,-0.009057015702,0.009557741764,0.009636974905,0.016317207064,3
19.070000,0.005472982784,0.009459344392,-0.008945961390,0.014123135702,3
19.080000,0.004278940966,-0.007015342120,-0.002565806684,0.008608584366,3
19.090000,-0.006125672177,-0.003647621939,0.010016598764,0.012294765400,3
19.100000,-0.008666669686,0.011241721825,-0.000363596608,0.014199284332,3
19.110000,0.005771667420,-0.001399994255,-0.007676157364,0.009705437682,3
19.120000,0.007665348199,-0.010563572825,0.005590165407,0.014198471155,3
19.130000,-0.005329360979,0.002395085964,0.006583916496,0.008802640607,3
19.140000,-0.002334333274,0.010124455051,-0.006161939016,0.012079867315,3
19.150000,0.009906974423,-0.005386300881,-0.005836525739,0.012697456914,3
19.160000,-0.001829355619,-0.004311708154,0.003271486697,0.005713142252,3
19.170000,-0.009283366239,0.008662960342,0.007205681278,0.014599644286,3
19.180000,0.004170835512,0.004565339906,-0.006046729121,0.008648764674,3
19.190000,0.005311607550,-0.006685288817,-0.001961403370,0.008760899755,3
19.200000,-0.005459547899,-0.003356974008,0.008870777505,0.010943794191,3
19.210000,-0.005439363314,0.004813238967,-0.000651593736,0.007292360181,3
19.220000,0.007995356782,-0.001795684425,-0.010769062506,0.013532291746,3
19.230000,0.002425578997,-0.010205521465,0.002445416092,0.010771079877,3
19.240000,-0.006932563731,0.001774187798,0.004486775851,0.008446261881,3
19.250000,-0.001162575180,0.005415064830,-0.005629258432,0.007897028470,3
19.260000,0.007351244336,-0.002804742831,-0.004766173265,0.009199118611,3
19.270000,0.001425609892,-0.006154393549,0.007173660835,0.009558783045,3
19.280000,-0.006739141682,0.007425325736,0.000891846015,0.010067118863,3
19.290000,0.002662603947,0.002513856048,-0.007713561695,0.008538616166,3
19.300000,0.006783173030,-0.007532839044,-0.000805727090,0.010168790319,3
19.310000,-0.004546058979,-0.001293942149,0.007827752090,0.009144104183,3
19.320000,-0.008538098438,0.015515250503,-0.007026435720,0.019052373134,3
19.330000,0.016027780412,-0.000042001259,-0.016489012179,0.022995195839,3
19.340000,0.011743828105,-0.018931409362,0.010843894884,0.024777122820,3
19.350000,-0.014848572499,0.000903344478,0.008905464444,0.017337918948,3
19.360000,-0.012772548264,0.014044946036,-0.007761936215,0.020509659970,3
19.370000,0.011660038147,-0.015551121791,-0.010360513395,0.022025760290,3
19.380000,-0.007529433954,-0.012453248959,0.014270862194,0.020382180773,3
19.390000,-0.016900752229,0.014055210244,0.005360261483,0.022625577652,3
19.400000,0.006819831765,-0.001375262941,-0.011561554807,0.013493368853,3
19.410000,0.013806758740,-0.015533838143,-0.002997702869,0.020997926966,3
19.420000,-0.008123238603,0.000767798985,0.019403228595,0.021049033246,3
19.430000,-0.004552135296,0.008969081029,-0.002190547284,0.010293922851,3
19.440000,0.013187486178,-0.005466613631,-0.009119406969,0.016939812270,3
19.450000,0.005591383983,-0.009114690634,0.004941550362,0.011779646862,3
19.460000,-0.007087812664,0.003593160658,0.005135768749,0.009461712980,3
19.470000,-0.001181322967,0.002453375707,-0.005059857101,0.005746018638,3
19.480000,0.003584456378,-0.003069309498,-0.003421631403,0.005828940708,3
19.490000,-0.002774510034,-0.004467652597,0.008113960842,0.009669239174,3
19.500000,-0.008330155820,0.006934589625,0.001987860693,0.011019601598,3
19.510000,0.001664891987,0.003872310985,-0.010990989055,0.011771512141,3
19.520000,0.005855114515,-0.006428592293,-0.001164265888,0.008772951608,3
19.530000,-0.005426161795,0.002115228146,0.005903920646,0.008292991073,3
19.540000,-0.005295795922,0.007274944486,-0.001741398936,0.009165300976,3
19.550000,0.009413874911,-0.003781195020,-0.007145841886,0.012408929562,3
19.560000,0.006649661685,-0.005147881349,0.003410455325,0.009074683931,3
19.570000,-0.009216893937,0.008040347357,0.008317540901,0.014791207053,3
19.580000,0.000525074930,0.003033575417,-0.003653527411,0.004777713474,3
19.590000,0.005509779443,-0.003514947022,-0.003644609158,0.007483027328,3
19.600000,-0.003256100841,-0.005260583961,0.009434840025,0.011282381956,3
19.610000,-0.006316453889,0.007189933589,0.001093094569,0.009632631545,3
19.620000,0.003286217566,0.000872640042,-0.006607075766,0.007430624248,3
19.630000,0.001281598222,-0.008559318222,0.000543985096,0.008671813087,3
19.640000,-0.004987493371,-0.002207051831,0.005035575470,0.007423152176,3
19.650000,-0.004057588981,0.004845722370,-0.001983221108,0.006624063677,3
19.660000,0.007412371738,-0.003616530771,-0.010867766739,0.013642980008,3
19.670000,0.000798679194,-0.005032797575,0.003831572943,0.006375569865,3
19.680000,-0.007887997324,0.005257804451,0.007522507149,0.012101781821,3
19.690000,0.004359900361,0.007771029666,-0.011578658544,0.014610371895,3
19.700000,0.005956297442,-0.004162808267,-0.002752990006,0.007770804711,3
19.710000,-0.000548165193,-0.001608121994,0.010107623527,0.010249419241,3
19.720000,-0.018390651889,0.015944629426,0.004333067060,0.024722919621,3
19.730000,0.009018321770,0.005809923697,-0.013288619063,0.017078429012,3
19.740000,0.009000444444,-0.019300787748,0.005518306743,0.021999548113,3
19.750000,-0.017705227639,0.004914276011,0.018565797217,0.026121141261,3
19.760000,-0.016227435148,0.013493947244,-0.004451151275,0.021569168073,3
19.770000,0.012812572735,-0.011414201584,-0.015530621283,0.023144031959,3
19.780000,-0.000961961959,-0.016834443257,0.008533839728,0.018898419804,3
19.790000,-0.017242534944,0.012743516821,0.014027970845,0.025621986619,3
19.800000,0.006239441364,0.007309376529,-0.006420736073,0.011557831350,3
19.810000,0.015972735991,-0.016304996175,-0.008830681806,0.024473702958,3
19.820000,-0.005356498069,-0.003842822994,0.006791678565,0.009465001736,3
19.830000,-0.009822112537,0.013772211432,0.001066552168,0.016949490728,3
19.840000,0.008905761183,0.001716035081,-0.007866172061,0.012005582932,3
19.850000,0.004294574941,-0.005401392867,0.000124034247,0.006901724663,3
19.860000,-0.006089359986,0.003803419302,0.010474998522,0.012699287282,3
19.870000,-0.002337164266,0.009034159286,-0.002413575138,0.009638657363,3
19.880000,0.011371827123,-0.007581017744,-0.008080757788,0.015877308606,3
19.890000,0.000322539550,-0.006653997648,0.005291210611,0.008507445338,3
19.900000,-0.009942508713,0.004694898507,0.005330951132,0.012219434990,3
19.910000,-0.001139932389,0.005326634189,-0.008467935193,0.010068684327,3
19.920000,0.004986099338,-0.007087195571,-0.001851473236,0.008861009018,3
19.930000,-0.003854756441,-0.003692741277,0.012817208023,0.013884390763,3
19.940000,-0.013635919826,0.012661037678,-0.001209912292,0.018646824725,3
19.950000,0.006310148616,0.000151583744,-0.009751788901,0.011616296310,3
19.960000,0.005786245896,-0.010793200295,0.002172053256,0.012437508976,3
19.970000,-0.004946311827,0.004118233539,0.006359509131,0.009048160286,3
19.980000,-0.002165710429,0.012628891702,-0.005218718326,0.013835253097,3
19.990000,0.006971336969,-0.002458955273,-0.007267278706,0.010366259690,3
20.000000,0.002088610312,-0.003137251646,0.004223639830,0.005660722069,3
20.010000,-0.011373702858,0.010332618794,0.005509305739,0.016324110314,3
20.020000,0.002459024248,0.004121105397,-0.006918582507,0.008420041202,3
20.030000,0.005889668709,-0.008374434851,-0.000391927759,0.010245631457,3
20.040000,-0.004779181741,0.000812221947,0.003441469986,0.005945081856,3
20.050000,-0.005291433345,0.005663631803,0.001568221488,0.007907927079,3
20.060000,0.003402641596,-0.000551267194,-0.005873615885,0.006810376562,3
20.070000,0.003197573297,-0.008640764374,0.001895321888,0.009406355778,3
20.080000,-0.007219422735,0.004022847619,0.007176798958,0.010945766802,3
20.090000,-0.000533030241,0.007858853857,-0.004778625430,0.009213086681,3
20.100000,0.008036098648,-0.003706405154,-0.003283401036,0.009439123000,3
20.110000,0.004798879811,-0.010460500047,0.009463253721,0.014899814752,3
20.120000,-0.011648030924,0.016463172158,0.011860378092,0.023396179825,3
20.130000,0.011859435604,0.010518622699,-0.012176031435,0.019988581186,3
20.140000,0.023106114381,-0.012649721826,-0.003157611674,0.026530708538,3
20.150000,-0.003446260145,-0.001016108787,0.019291330297,0.019623063234,3
20.160000,-0.012563710803,0.024252183522,-0.001140877813,0.027337096351,3
20.170000,0.009070316155,-0.009115690914,-0.014607869767,0.019461662702,3
20.180000,0.005129170017,-0.012926417438,0.006901696831,0.015525272042,3
20.190000,-0.032153976415,0.011749810713,0.013892185906,0.036944946614,3
20.200000,-0.013147874492,0.016574996144,-0.010217597215,0.023494603501,3
20.210000,0.022923427274,-0.015344653773,-0.024456819143,0.036865674007,3
20.220000,0.000846208949,-0.010606617668,0.013638407840,0.017298051230,3
20.230000,-0.019982438725,0.023014897773,0.015203457471,0.034060659065,3
20.240000,0.024333004420,0.005540245130,-0.024077495178,0.034677300850,3
20.250000,0.025925629954,-0.020853203336,-0.000541110806,0.033275924913,3
20.260000,-0.013038716012,0.004059260573,0.051167822279,0.052958774046,3
20.270000,-0.016700024152,0.035853550354,-0.013556924220,0.041810980304,3
20.280000,0.062600698646,-0.014384592362,-0.025691550985,0.069179619545,3
20.290000,0.014652851478,-0.046456803371,0.010524304291,0.049836749660,3
20.300000,-0.054766879466,0.029814597018,0.048894294259,0.079239972822,3
20.310000,-0.016394445927,0.043476741013,-0.037398887590,0.059646304658,3
20.320000,0.049901298428,-0.059137597237,-0.017729748437,0.079383493067,3
20.330000,-0.038560057765,-0.024347144807,0.065813014603,0.080068810446,3
20.340000,-0.076733468337,0.079801188451,0.015975549525,0.111854696030,3
20.350000,0.032912254555,0.013592009401,-0.095133440205,0.101579184210,3
20.360000,0.078279264545,-0.058400959755,-0.012364334435,0.098443852647,3
20.370000,-0.041183950526,0.022611712920,0.085157799162,0.097258717348,3
20.380000,-0.057429266991,0.066004860172,-0.041181663706,0.096698974654,3
20.390000,0.073647336071,-0.032530680844,-0.061377751892,0.101239338865,3
20.400000,0.038049536549,-0.044151968464,0.058433973188,0.082532979914,3
20.410000,-0.075486780456,0.062647994975,0.067823393857,0.119260379222,3
20.420000,0.010138391917,0.051727087645,-0.045214822169,0.069446805042,3
20.430000,0.074400515088,-0.074323043999,-0.066740692147,0.124553889954,3
20.440000,-0.022096297129,-0.033282711471,0.051712616088,0.065346613473,3
20.450000,-0.085870366086,0.045539910846,0.021583425119,0.099566296966,3
20.460000,0.020424448780,-0.001697699601,-0.050582586637,0.054576903199,3
20.470000,0.025573940549,-0.067617382054,0.005783999196,0.072523040737,3
20.480000,-0.041061161858,-0.009846486374,0.055968639583,0.070110348193,3
20.490000,-0.037559101293,0.040645778410,-0.006558236059,0.055729488179,3
20.500000,0.048558012544,-0.030901403685,-0.028563695943,0.064254665651,3
20.510000,0.005937105842,-0.028342880864,0.019510062310,0.034917197092,3
20.520000,-0.031237375300,0.032736722324,0.035109610426,0.057272605567,3
20.530000,0.004086017020,0.030109370446,-0.032371789806,0.044398226305,3
20.540000,0.049590619629,-0.033898780952,-0.019133085568,0.063043095328,3
20.550000,-0.002117012022,-0.015352594249,0.034945794492,0.038228162952,3
20.560000,-0.024595605971,0.029941049998,0.012463657631,0.040703231685,3
20.570000,0.015261305252,0.011293926260,-0.022254130129,0.029252461711,3
20.580000,0.014773166240,-0.017294807510,-0.000046843483,0.022745527074,3
20.590000,-0.023810398082,0.003830896515,0.021811494459,0.032516951202,3
20.600000,-0.013458034076,0.008191236077,-0.006499749025,0.017042938921,3
20.610000,0.006078513709,-0.004577089906,-0.007814637366,0.010907182866,3
20.620000,0.001430271164,-0.005846803135,0.004225838485,0.007354487977,3
20.630000,-0.007536857250,0.004657153230,0.005126458552,0.010235910840,3
20.640000,0.001414297406,0.007240911697,-0.006359815728,0.009740549032,3
20.650000,0.014264455466,-0.015401068031,-0.002943470781,0.021197443394,3
20.660000,0.000947271878,-0.003726363887,0.006778511221,0.007793030618,3
20.670000,-0.006040734451,0.004855335529,0.001727845770,0.007940416035,3
20.680000,0.007892778991,-0.001344428388,-0.007676328694,0.011091865042,3
20.690000,0.005550142561,-0.009143109280,0.003163035486,0.011153713428,3
20.700000,-0.014240684224,0.006835520631,0.012328326339,0.020037690980,3
20.710000,-0.002365747643,0.007590481724,-0.002374105908,0.008297502852,3
20.720000,0.007552826564,-0.005039553332,-0.003136167986,0.009606135358,3
20.730000,-0.000074708343,-0.006198993121,0.009545832397,0.011382267490,3
20.740000,-0.006805193365,0.002965355189,0.002960812639,0.007991895871,3
20.750000,0.000926633334,0.003758045510,-0.005076837392,0.006384029550,3
20.760000,0.003370516653,-0.005398584677,-0.002742678240,0.006930179143,3
20.770000,-0.001423056273,-0.001306685984,0.003922569757,0.004372535982,3
20.780000,-0.003744277876,0.004580957349,0.000074086327,0.005916948185,3
20.790000,0.005146258867,-0.000347501212,-0.005408775029,0.007473926995,3
20.800000,0.005337354941,-0.008529078909,0.002250923302,0.010310150364,3
20.810000,-0.003154811901,0.003787261362,0.005448648678,0.007347377707,3
20.820000,-0.000742522662,0.010222962278,-0.002289294563,0.010502436252,3
20.830000,0.007003190559,-0.003926940483,-0.007444689237,0.010949380685,3
20.840000,0.000829472328,-0.004398734637,0.001339746524,0.004672452407,3
20.850000,-0.006801267330,0.005492163528,0.004471699114,0.009819225554,3
20.860000,0.001194185399,0.002379048520,-0.005902218419,0.006474730334,3
20.870000,0.003187782731,-0.008664031680,-0.004749428520,0.010381930213,3
20.880000,-0.007213840979,-0.001486472642,0.008086122128,0.010937754507,3
20.890000,-0.008775430986,0.008555312768,0.001478966878,0.012344590256,3
20.900000,0.010403664958,-0.003253454843,-0.023083313417,0.025527643278,3
20.910000,0.012025646528,-0.009606779759,0.003907001908,0.015879894699,3
20.920000,-0.009098672650,0.005404131267,0.014090572052,0.017621994765,3
20.930000,-0.003674428888,0.013017228171,-0.004036442777,0.014115329511,3
20.940000,0.024190534724,-0.012843272646,-0.015207365796,0.031327234110,3
20.950000,-0.000818057532,-0.012356218066,0.011065545967,0.016606975961,3
20.960000,-0.021052241883,0.025065256000,0.005195632762,0.033143001470,3
20.970000,0.007993749703,0.004586314042,-0.019208304801,0.021304771393,3
20.980000,0.018314140077,-0.018374214140,-0.010239282509,0.027890184264,3
20.990000,-0.011797207582,-0.002300099794,0.009724279745,0.015460471608,3
21.000000,-0.007173561568,0.007171452997,0.001381189256,0.010237060487,3
21.010000,0.007277168169,0.000151944324,-0.008131565689,0.010913414873,3
21.020000,0.002697009895,-0.005690068882,0.002309031292,0.006706889873,3
21.030000,-0.006678723956,0.001693197803,0.004901739367,0.008455727130,3
21.040000,-0.001425268960,0.007205351567,-0.004618189225,0.008676183178,3
21.050000,0.010678382473,-0.007513585462,-0.009538984801,0.016170159238,3
21.060000,0.004642208577,-0.006491580760,0.007386432216,0.010874286281,3
21.070000,-0.005723297123,0.006072376740,0.005699968657,0.010105420918,3
21.080000,0.002356528661,0.003530436624,-0.005159303883,0.006680989945,3
21.090000,0.010031530262,-0.011669020133,-0.002503383665,0.015590527895,3
21.100000,-0.005734034594,-0.000199420934,0.009599451323,0.011183397835,3
21.110000,-0.002939098198,0.006350281264,0.000030523789,0.006997521136,3
21.120000,0.005163671830,-0.000042428797,-0.009962747842,0.011221481699,3
21.130000,0.002130577069,-0.005612189255,0.000975715214,0.006081779926,3
21.140000,-0.009037196826,0.002368817727,0.006284734814,0.011259667650,3
21.150000,0.000083101031,0.007161951008,-0.007865890492,0.010638264955,3
21.160000,0.007233012527,-0.005771241028,-0.002182675480,0.009507248049,3
21.170000,-0.003778916404,-0.004336569054,0.009107775339,0.010772075564,3
21.180000,-0.004495895109,0.004874471446,0.001260886441,0.006750065135,3
21.190000,0.003504972455,0.001097063377,-0.007010670966,0.007914410108,3
21.200000,0.008829585760,-0.008211535356,-0.000535873997,0.012069716589,3
21.210000,-0.003802738024,0.001606698552,0.011494808722,0.012213636816,3
21.220000,-0.003995722731,0.007071806820,-0.001102907266,0.008197112680,3
21.230000,0.010300520667,0.001446770894,-0.009856060270,0.014329542773,3
21.240000,0.000139967766,-0.006441152090,0.001523168552,0.006620277461,3
21.250000,-0.010317664312,0.006171804645,0.013529370539,0.018099426417,3
21.260000,-0.001529188431,0.005712391492,-0.007541190423,0.009583286848,3
21.270000,0.005241519455,-0.006041732663,-0.003915905296,0.008905637207,3
21.280000,-0.001969747548,-0.002632625970,0.003409093137,0.004736300341,3
21.290000,-0.020436392230,0.016250773137,0.007224367475,0.027091054618,3
21.300000,0.009645550853,0.004622353344,-0.016687343826,0.019820954711,3
21.310000,0.012584911261,-0.007430854453,-0.004206917765,0.015208410385,3
21.320000,-0.015931859569,0.000411297008,0.014326225833,0.021429747110,3
21.330000,-0.007387178113,0.009492642731,-0.002462561838,0.012277820543,3
21.340000,0.016054116508,-0.008216780997,-0.017313191966,0.024999935257,3
21.350000,0.009089154415,-0.011997222689,0.012163982004,0.019352223088,3
21.360000,-0.012512493870,0.009823341422,0.012600714965,0.020293805882,3
21.370000,0.010750640544,0.009737516513,-0.008414282206,0.016768889200,3
21.380000,0.022822814845,-0.012735347015,-0.011415775709,0.028519990815,3
21.390000,0.002108127620,-0.002790340550,0.019414224023,0.019726689962,3
21.400000,-0.008957051210,0.008104521038,0.003189142281,0.012493304452,3
21.410000,0.004646522047,0.001983298412,-0.006360330451,0.008122650009,3
21.420000,0.003144939045,-0.008094705888,-0.002403496037,0.009010643607,3
21.430000,-0.006756566701,-0.001609555420,0.008919649510,0.011304955091,3
21.440000,-0.004184783090,0.005181641246,-0.002339976220,0.007059554109,3
21.450000,0.010326228757,-0.005714257232,-0.015317294421,0.019336577888,3
21.460000,0.002631504570,-0.012256986166,0.012545434103,0.017735457226,3
21.470000,-0.024794075005,0.015773164832,0.018914218684,0.034946910487,3
21.480000,0.004820577602,0.022206542720,-0.025161017530,0.033903470488,3
21.490000,0.037901566571,-0.042789464191,-0.025681556116,0.062665854489,3
21.500000,-0.004101513270,-0.019192764302,0.039122498801,0.043769333158,3
21.510000,-0.042870685000,0.058402660448,0.002127909808,0.072479613547,3
21.520000,0.049845332622,-0.002887144020,-0.062665496849,0.080124011882,3
21.530000,0.044279867781,-0.074185227166,0.004606604768,0.086518064170,3
21.540000,-0.057878218077,0.011925505257,0.092837948755,0.110049945627,3
21.550000,-0.030706869538,0.064575586107,-0.032128263714,0.078390965597,3
21.560000,0.041773301349,-0.030519196054,-0.039387534225,0.065021595533,3
21.570000,0.012362751619,-0.023992274296,0.027895954024,0.038815603878,3
21.580000,-0.031806457102,0.023037070703,0.018825672021,0.043551845735,3
21.590000,0.008339148705,0.012209717013,-0.031069622418,0.034408429604,3
21.600000,0.013541619618,-0.018437933246,-0.008857668789,0.024531431687,3
21.610000,-0.001028303255,-0.006045374594,0.017822548646,0.018848002595,3
21.620000,-0.006818530619,0.013710456189,0.002646761366,0.015539443827,3
21.630000,0.012182809089,0.001620995258,-0.011340576736,0.016722952599,3
21.640000,0.008067471162,-0.009489570987,0.003585677517,0.012961216445,3
21.650000,-0.007133425062,0.001280315324,0.006833355523,0.009960909002,3
21.660000,-0.004598112138,0.007350311365,-0.001811553222,0.008857281608,3
21.670000,0.012514319461,-0.004310737595,-0.008808327766,0.015898971294,3
21.680000,-0.003365458007,-0.010222337881,0.008222957802,0.013543985173,3
21.690000,-0.026279370629,0.010056983435,0.018359079509,0.033597679039,3
21.700000,-0.004096150822,0.007666332478,-0.009525586859,0.012895266970,3
21.710000,0.014191190040,-0.014992346134,-0.008708555253,0.022405339809,3
21.720000,-0.012240895446,-0.005889835666,0.014991692756,0.020230683063,3
21.730000,-0.007468326673,0.013799486692,0.000789667901,0.015710675086,3
21.740000,0.017399842643,0.002296392450,-0.022945544283,0.028888162710,3
21.750000,0.012225135739,-0.015651284566,0.002504806907,0.020017260303,3
21.760000,-0.008435783265,0.003560131363,0.022447339929,0.024242938033,3
21.770000,-0.003597202637,0.013259486698,-0.012630411267,0.018662292010,3
21.780000,0.016979862344,-0.008933886833,-0.005933757069,0.020083314769,3
21.790000,0.000610416829,-0.002589494707,0.001193130522,0.002915759247,3
21.800000,-0.006305203890,0.006068690659,0.004756504939,0.009960368550,3
21.810000,0.003986151667,0.002722308195,-0.005313840249,0.007178945968,3
21.820000,0.006084866199,-0.008044159591,-0.003865198542,0.010801567477,3
21.830000,-0.006142444613,-0.001938471593,0.007441784142,0.009842126252,3
21.840000,-0.009334694414,0.012937621270,0.001390289043,0.016014102146,3
21.850000,0.004157203742,-0.001974981888,-0.009964525333,0.010976095003,3
21.860000,0.002572783655,-0.006146461320,0.001972019782,0.006948889445,3
21.870000,-0.008238684774,0.002643375029,0.007805656667,0.011652966762,3
21.880000,-0.001185629926,0.007592736846,-0.002692662992,0.008142837658,3
21.890000,0.013007168831,-0.006946106784,-0.009731211360,0.017667238466,3
21.900000,0.001003358789,-0.004072688978,0.004079189825,0.005850924201,3
21.910000,-0.005701204855,0.007130076880,0.003507128237,0.009779656517,3
21.920000,0.002454749681,0.002278059822,-0.005152450502,0.006145168731,3
21.930000,0.006877809873,-0.008458015248,0.000840631240,0.010933844314,3
21.940000,-0.004136215663,-0.001739413271,0.007714082368,0.008924175330,3
21.950000,-0.005825531817,0.011083999173,-0.003988291318,0.013141473520,3
21.960000,0.005502254651,-0.002434517027,-0.007518018236,0.009629240759,3
21.970000,0.002580012106,-0.012943821416,0.005837802864,0.014431871590,3
21.980000,-0.012868429718,0.001751840492,0.008060658846,0.015285275580,3
21.990000,-0.004855281408,0.004606532014,-0.008236408779,0.010612837714,3
22.000000,0.012759069697,-0.008380955868,-0.007775670241,0.017131705359,3
22.010000,-0.005750743216,-0.010324059162,0.015810306509,0.019738871220,3
22.020000,-0.014519311872,0.013849045940,0.008135303615,0.021651550882,3
22.030000,0.006230514228,0.005648296699,-0.021538703231,0.023122246864,3
22.040000,0.030232948857,-0.026529562586,-0.003680030878,0.040390487925,3
22.050000,-0.007436216575,0.008691988158,0.022835448722,0.025540275907,3
22.060000,-0.012628140705,0.035421861396,-0.005718332172,0.038037843331,3
22.070000,0.024250933345,-0.015488694236,-0.033984517858,0.044530381441,3
22.080000,0.021812646083,-0.068802533503,0.007719674899,0.072589073049,3
22.090000,-0.047822759493,0.024466754859,0.023991550998,0.058832244034,3
22.100000,-0.003431834153,0.051045948273,-0.042659866208,0.066613290758,3
22.110000,0.059661349036,-0.057723072177,-0.031550729881,0.088808097527,3
22.120000,-0.032448606343,-0.029164288230,0.061481944849,0.075388973358,3
22.130000,-0.087700994492,0.068921783731,-0.005705025553,0.111688065719,3
22.140000,0.007495621470,0.012250397108,-0.077857303645,0.079170804603,3
22.150000,0.090670146408,-0.093299076253,-0.023026337641,0.132121176594,3
22.160000,-0.058513953962,0.036020472424,0.090120776326,0.113327452841,3
22.170000,-0.034230967563,0.107255339436,0.003076925943,0.112627414296,3
22.180000,0.098574781391,-0.022975433468,-0.050262944036,0.113009829716,3
22.190000,0.027724951514,-0.049391499640,0.065108508690,0.086297804590,3
22.200000,-0.076896121730,0.059118826296,0.067154734356,0.117973757702,3
22.210000,-0.004501540434,0.030329760228,-0.032427226352,0.044628278375,3
22.220000,0.070513344185,-0.059134639021,-0.037059770048,0.099209192096,3
22.230000,-0.037396949945,-0.030862886719,0.052327025082,0.071338399168,3
22.240000,-0.060793814195,0.052662762703,0.014991914279,0.081816941483,3
22.250000,0.012600646395,0.002613469798,-0.053132523521,0.054668743992,3
22.260000,0.020472344969,-0.046748883381,-0.003746900838,0.051172397558,3
22.270000,-0.028297635332,0.001097861596,0.041785077977,0.050477264258,3
22.280000,-0.013674294660,0.037978199155,-0.008327779141,0.041215068251,3
22.290000,0.025460384446,-0.016279714774,-0.042100061215,0.051823502811,3
22.300000,0.016764876744,-0.019076404724,0.022290365455,0.033790985507,3
22.310000,-0.022017629005,0.017582726887,0.015738287589,0.032274168743,3
22.320000,0.000657387494,0.016937607686,-0.018317128439,0.024956600464,3
22.330000,0.023601703480,-0.020291980974,-0.011386931703,0.033143130700,3
22.340000,-0.005620248270,-0.006404875627,0.012872335075,0.015437183445,3
22.350000,-0.005067594125,0.008792197943,0.004394924864,0.011058870622,3
22.360000,0.008631192699,0.003150861978,-0.012484629245,0.015501334975,3
22.370000,0.005600000488,-0.010998801469,0.001080413491,0.012389549327,3
22.380000,-0.010402593434,0.003603554464,0.008760136832,0.014069099198,3
22.390000,-0.008301925389,0.010104292409,-0.002264649823,0.013272050673,3
22.400000,0.005933527125,-0.004314951223,-0.008723535796,0.011398492224,3
22.410000,0.000037137286,-0.007289290523,0.002764442519,0.007795978319,3
22.420000,-0.009957058745,0.007850186042,0.008247042822,0.015125546438,3
22.430000,0.006963903311,0.003358497298,-0.008965288854,0.011838574985,3
22.440000,0.008206847459,-0.005616897410,-0.003292001777,0.010475645920,3
22.450000,0.002386643488,-0.003761070016,0.009872784300,0.010831139582,3
22.460000,-0.006289918456,0.008259289820,0.002384198709,0.010651917479,3
22.470000,0.010637078392,-0.000092846275,-0.013807222784,0.017429729147,3
22.480000,0.008293623831,-0.017864382686,-0.004572937909,0.020219597575,3
22.490000,-0.015362319564,0.006237244308,0.012879892902,0.020995135629,3
22.500000,-0.005932536585,0.011856062186,-0.003069068209,0.013608099815,3
22.510000,0.010060581941,-0.010840665125,-0.016987388800,0.022523470150,3
22.520000,-0.003171758931,-0.009473309808,0.014106374883,0.017285643343,3
22.530000,-0.021009697059,0.012619951540,0.010830669658,0.026795035969,3
22.540000,-0.000134864459,0.009227087830,-0.013777283699,0.016582246059,3
22.550000,0.015078682127,-0.009849164455,-0.006616542872,0.019187270122,3
22.560000,-0.007100318703,-0.002005436301,0.011423765873,0.013599217888,3
22.570000,-0.019560574803,0.022761725694,-0.001561872116,0.030052482222,3
22.580000,0.005327851743,0.002282676809,-0.005463105791,0.007965057595,3
22.590000,0.009566648598,-0.010525961152,-0.000222089509,0.014225538560,3
22.600000,-0.005734527266,0.001137038300,0.007291817650,0.009346029301,3
22.610000,-0.002226282291,0.010820355375,-0.006441106079,0.012787660881,3
22.620000,0.007835118130,-0.004152057185,-0.005871994713,0.010635270419,3
22.630000,0.001216618724,-0.009683753940,0.007866678708,0.012535544878,3
22.640000,-0.010084818229,0.008535016230,0.004024486006,0.013811102359,3
22.650000,-0.000179373414,0.002160582010,-0.007722112018,0.008020679738,3
22.660000,0.003324450027,-0.006943760138,-0.004160951680,0.008751073747,3
22.670000,-0.006229883881,-0.004005796386,0.007321269800,0.010414357846,3
22.680000,-0.011301262482,0.009927841567,-0.001175565882,0.015088489885,3
22.690000,0.009327562931,-0.001682496290,-0.012538146390,0.015717485133,3
22.700000,0.002161316741,-0.006401364546,0.002251984774,0.007121811113,3
22.710000,-0.008859750254,0.003962255478,0.008036905454,0.012601051239,3
22.720000,-0.000066888037,0.007444297088,-0.005356086424,0.009171133786,3
22.730000,0.013212240622,-0.005395162131,-0.004939325312,0.015101920778,3
22.740000,0.002117893964,-0.004788521032,0.004559339572,0.006942837017,3
22.750000,-0.008052491611,0.006775534221,0.004990662777,0.011647197090,3
22.760000,0.000993849224,0.003017183934,-0.005550092598,0.006394893511,3
22.770000,0.004933680352,-0.008711246984,-0.001252565440,0.010089397703,3
22.780000,-0.005500301560,0.001135498185,0.006894753692,0.008892710602,3
22.790000,-0.005686837317,0.006166704673,-0.000852585001,0.008431800898,3
22.800000,0.004621992061,-0.000899319070,-0.008388739723,0.009619903302,3
22.810000,0.002779406029,-0.008419033636,0.002674746748,0.009260642278,3
22.820000,-0.007698929549,0.000456253794,0.007268713724,0.010597918802,3
22.830000,-0.001756018034,0.009377628444,-0.006695360573,0.011655529494,3
22.840000,0.009792069232,-0.005627187994,-0.005621541611,0.012615529899,3
22.850000,0.001463506534,-0.003876224556,0.010062929776,0.010882532971,3
22.860000,-0.012760512079,0.019267176137,0.010149860693,0.025240333137,3
22.870000,0.009927891539,0.003548448935,-0.024805034739,0.026952630088,3
22.880000,0.024842816931,-0.026036754479,-0.005550038115,0.036412649725,3
22.890000,-0.008873903181,-0.000395957988,0.024397659035,0.025964373799,3
22.900000,-0.014355178494,0.019528096268,-0.008237866028,0.025598439994,3
22.910000,0.019435237728,-0.014041437562,-0.023071991960,0.033274723851,3
22.920000,0.005385915373,-0.026131405632,0.008867754399,0.028115752041,3
22.930000,-0.039635278957,0.023686238811,0.026173123638,0.053075659657,3
22.940000,-0.015332305404,0.025089859850,-0.037959972301,0.048016040584,3
22.950000,0.032006634787,-0.031397563425,-0.042592697481,0.061841487192,3
22.960000,-0.000657417762,-0.024223012374,0.033722912773,0.041526152874,3
22.970000,-0.044406179157,0.033021598754,0.021617761175,0.059410961360,3
22.980000,0.038076491650,0.018638812357,-0.048647309990,0.064527399698,3
22.990000,0.051283033449,-0.043174207059,0.008621095882,0.067589089127,3
23.000000,-0.035489879935,-0.003380785990,0.059982547306,0.069777269028,3
23.010000,-0.023372777292,0.066525640846,0.007332803982,0.070892295933,3
23.020000,0.067203964827,-0.001551577256,-0.049342640004,0.083387507476,3
23.030000,0.021298540732,-0.059455323635,0.037398841549,0.073397797617,3
23.040000,-0.072383516385,0.014216205890,0.088746612452,0.115401192263,3
23.050000,-0.010708925031,0.079813523641,-0.056483381491,0.098362858925,3
23.060000,0.075505265633,-0.076606113385,-0.076045369670,0.131728660490,3
23.070000,-0.034923571738,-0.067045944872,0.061518801857,0.097464750390,3
23.080000,-0.088800988588,0.076728871285,0.011549552131,0.117925092399,3
23.090000,0.050851715741,0.017157480635,-0.082196779303,0.098166117695,3
23.100000,0.038954903167,-0.089286115470,-0.026669546324,0.100998809882,3
23.110000,-0.091680007718,-0.005371636954,0.117442957850,0.149086976786,3
23.120000,-0.026739698496,0.117009477134,0.000142601091,0.120026036967,3
23.130000,0.119103086885,-0.027406461867,-0.056393183937,0.134598850857,3
23.140000,0.065280518658,-0.043698649676,0.040386181223,0.088329846221,3
23.150000,-0.074606672004,0.064416708713,0.039344610478,0.106130420910,3
23.160000,0.008184606083,0.040005105370,-0.061353825769,0.073699987577,3
23.170000,0.081525182557,-0.068472645864,-0.040639768639,0.113958103782,3
23.180000,-0.010241992427,-0.022294854867,0.063628639100,0.068195034102,3
23.190000,-0.053866250681,0.056903589249,0.008962243831,0.078866426611,3
23.200000,0.027411700251,0.006912148108,-0.046889025096,0.054751801582,3
23.210000,0.027576904282,-0.050727468850,-0.005264557219,0.057978248580,3
23.220000,-0.038335766985,0.021299488903,0.047354497302,0.064542603547,3
23.230000,-0.019562331677,0.037122300437,-0.017204535474,0.045351362176,3
23.240000,0.038285623304,-0.015785807018,-0.042371627838,0.059248084363,3
23.250000,0.012045885458,-0.029547835808,0.026463810354,0.041454929934,3
23.260000,-0.013440466849,0.022355715052,0.021417495959,0.033751048543,3
23.270000,0.008574794480,0.021530379201,-0.022577796038,0.032354925480,3
23.280000,0.033747967531,-0.035318889166,-0.013951403608,0.050803453692,3
23.290000,-0.002361532229,-0.012628314672,0.020574297095,0.024255986207,3
23.300000,-0.017209232331,0.022402776094,0.014583288507,0.031791734112,3
23.310000,0.014816051914,-0.005759034830,-0.026121754017,0.030578226067,3
23.320000,0.007239812908,-0.021740971245,0.001112337084,0.022941709078,3
23.330000,-0.028346287047,0.001340540089,0.016457370940,0.032804787689,3
23.340000,-0.014784385714,0.009942926474,-0.007456060393,0.019314054064,3
23.350000,0.010661874135,-0.008670403577,-0.015215945000,0.020503083682,3
23.360000,0.001800499420,-0.007482609890,0.008048935216,0.011136274379,3
23.370000,-0.008600723603,0.008379823339,0.004706553781,0.012897501082,3
23.380000,0.001068637649,0.003850746772,-0.004488577228,0.006009788903,3
23.390000,0.016427043964,-0.013382795935,-0.007429983385,0.022453321660,3
23.400000,-0.001294744467,-0.002296125254,0.005193309005,0.005824003162,3
23.410000,-0.005004546611,0.006523828576,0.001634715991,0.008383204783,3
23.420000,0.004902024747,0.000329617042,-0.006513856658,0.008158971907,3
23.430000,0.008826489366,-0.009818729598,0.004093988797,0.013822992068,3
23.440000,-0.003272152012,0.002487264952,0.005595202017,0.006942604075,3
23.450000,-0.001655355484,0.005614621074,-0.002008902912,0.006188688269,3
23.460000,0.009945887175,-0.005363804821,-0.011648076400,0.016228640044,3
23.470000,-0.001768507385,-0.005526950330,0.001677877606,0.006040701249,3
23.480000,-0.011762801445,0.008767540600,0.005042260878,0.015513144773,3
23.490000,-0.000698213472,0.005752443902,-0.010599646311,0.012080174453,3
23.500000,0.001781726326,-0.002058451421,-0.002355470800,0.003600001895,3
23.510000,-0.006619679454,-0.004175755595,0.008708381010,0.011708671602,3
23.520000,-0.009206754209,0.005219033940,-0.000533034089,0.010596544893,3
23.530000,0.004956692031,-0.002416883671,-0.005085013379,0.007501165485,3
23.540000,0.006732781747,-0.005198551936,0.003337336971,0.009137456448,3
23.550000,-0.001616671059,0.001634771595,0.009419310081,0.009695849931,3
23.560000,0.001785520389,0.011069290148,-0.007659078674,0.013578613831,3
23.570000,0.008352598663,-0.003942674741,-0.005315793297,0.010656840381,3
23.580000,-0.000486645701,-0.006388477788,0.005584964276,0.008499488128,3
23.590000,-0.006165161275,0.006220533251,0.004801166359,0.009987764809,3
23.600000,0.003075269493,0.001619192193,-0.004871799382,0.005984437737,3
23.610000,0.005433917752,-0.007005168269,-0.003635468101,0.009582091260,3
23.620000,-0.012105891285,-0.004273916690,0.009839642623,0.016175213588,3
23.630000,-0.004522885815,0.003832354720,0.000258616930,0.005933828572,3
23.640000,0.003754886177,-0.002256645965,-0.006323411460,0.007692668829,3
23.650000,0.006978202821,-0.022851404745,0.000382118888,0.023896192757,3
23.660000,-0.015807850121,0.008257602689,0.017293229575,0.024842139939,3
23.670000,-0.002584734038,0.017431225308,-0.009355906583,0.019951477484,3
23.680000,0.018572731058,-0.008093888872,-0.013099412329,0.024125753447,3
23.690000,0.001373045223,-0.005841411961,0.010411356587,0.012016808764,3
23.700000,-0.017893349043,0.013326990907,0.011218215442,0.024972564632,3
23.710000,0.006507144170,0.006017766346,-0.014745388190,0.017204153857,3
23.720000,0.016588900474,-0.015447355579,-0.003250784906,0.022899345315,3
23.730000,-0.004994109163,-0.007247888571,0.016370937791,0.018587108953,3
23.740000,-0.013791993699,0.012646617260,0.000994544170,0.018738866999,3
23.750000,0.010516262888,-0.004152447582,-0.023962508916,0.026495970253,3
23.760000,0.001346995076,-0.003477225541,0.001644874498,0.004075672376,3
23.770000,-0.005135000981,0.003964342678,0.005937348309,0.008794108988,3
23.780000,-0.000973806758,0.006630433096,-0.006333462455,0.009220829101,3
23.790000,0.009389425448,-0.005847230404,-0.007947873672,0.013620576697,3
23.800000,0.000655829837,-0.004676506665,0.006721921323,0.008214867840,3
23.810000,-0.006653825037,0.007005984563,0.004433539239,0.010630779722,3
23.820000,0.004262758454,0.003260747824,-0.005919412814,0.007990183607,3
23.830000,0.006436040598,-0.009437193361,-0.002095605382,0.011613560997,3
23.840000,-0.007004837897,0.002819872903,0.006633985522,0.010051328323,3
23.850000,-0.006657084506,0.016448589398,-0.003175541321,0.018026561791,3
23.860000,0.009722172005,-0.004173510834,-0.008974194853,0.013873535758,3
23.870000,0.002897877027,-0.006410038912,0.003076895771,0.007678123319,3
23.880000,-0.008930831354,0.004063377436,0.005519281353,0.011257586398,3
23.890000,-0.004674298130,0.006430395602,-0.004830945451,0.009302531083,3
23.900000,0.007960778964,-0.009002342594,-0.005176768065,0.013084918857,3
23.910000,-0.004248358024,-0.004994169116,0.008689614641,0.010885755540,3
23.920000,-0.008397086435,0.005384324941,0.003345337566,0.010521088304,3
23.930000,0.003540519433,0.000256972031,-0.006677476053,0.007562406952,3
23.940000,0.007131544015,-0.010758172067,0.002266434906,0.013104728667,3
23.950000,-0.001879313985,-0.000131844416,0.008562131178,0.008766943271,3
23.960000,-0.004506400143,0.007720867880,-0.005487446841,0.010489590836,3
23.970000,0.019984836063,0.000971395794,-0.013760258964,0.024283368980,3
23.980000,0.003337712321,-0.006706620454,0.004475617004,0.008726409858,3
23.990000,-0.014957850294,0.007108005479,0.010630520669,0.019679151328,3
24.000000,-0.004024831215,0.009437335557,-0.015633082134,0.018699086227,3
24.010000,0.027874208190,-0.020197471191,-0.022527722176,0.041138881744,3
24.020000,-0.015332552773,-0.009799750135,0.029242360077,0.034441804543,3
24.030000,-0.070507471377,0.039904694673,0.005133714561,0.081179081062,3
24.040000,0.028469376857,0.013026606267,-0.062403200383,0.069816597651,3
24.050000,0.058939761317,-0.082341256950,0.002877131304,0.101302793371,3
24.060000,-0.066002501515,0.006202072467,0.083212165019,0.106391072541,3
24.070000,-0.041046458037,0.074140696476,-0.025302233993,0.088441266593,3
24.080000,0.066607089648,-0.037806137280,-0.074420806508,0.106790752637,3
24.090000,0.045442523627,-0.076794013287,0.062417872519,0.108895978990,3
24.100000,-0.063964159255,0.063835131116,0.061322501065,0.109209829094,3
24.110000,0.024677424231,0.060371133910,-0.054262357973,0.084841337619,3
24.120000,0.079213771097,-0.045648914850,-0.012442378631,0.092268400573,3
24.130000,-0.010563510727,-0.012543934426,0.031711979296,0.035701368050,3
24.140000,-0.029867393696,0.028365396828,0.009379267222,0.042244852906,3
24.150000,0.009771156145,-0.000114754930,-0.021012819677,0.023173848448,3
24.160000,0.004594329162,-0.015209188910,-0.002868839125,0.016144891628,3
24.170000,-0.013967078561,0.005462093132,0.016405761342,0.022227522357,3
24.180000,-0.007167544855,0.011481742509,-0.002630759965,0.013788582533,3
24.190000,0.007450395834,-0.003451813900,-0.010223768847,0.013112927466,3
24.200000,0.003080826600,-0.010731889659,0.006125768529,0.012735383319,3
24.210000,-0.004613345686,0.003706563512,0.005723393559,0.008232788430,3
24.220000,0.002119962395,0.005637730583,-0.005566634928,0.008201565162,3
24.230000,0.006325389213,-0.005402710816,-0.002336984617,0.008640678790,3
24.240000,-0.003337479375,-0.002685273333,0.006762546015,0.008005091508,3
24.250000,-0.008986609872,0.008397420423,0.005230872211,0.013365547158,3
24.260000,0.006409414760,-0.000692407508,-0.009073501953,0.011130519458,3
24.270000,0.008459566767,-0.010070132875,-0.001150954583,0.013202141586,3
24.280000,-0.013096632261,0.004169006605,0.017144218946,0.021973316452,3
24.290000,-0.005211707511,0.008040761151,-0.007240525976,0.012010035448,3
24.300000,0.013546665549,-0.010957768717,-0.017401776768,0.024625325935,3
24.310000,-0.009753650013,-0.021802785668,0.012142500954,0.026794318070,3
24.320000,-0.030920997843,0.023289106033,0.027312928900,0.047376013473,3
24.330000,0.005568644055,0.015702104212,-0.025467815776,0.030433131841,3
24.340000,0.033789328060,-0.041126962321,-0.014693085983,0.055218045023,3
24.350000,-0.003573246729,-0.002390852891,0.034177678333,0.034447031309,3
24.360000,-0.033669790722,0.040316311894,0.013008860515,0.054113679083,3
24.370000,0.044888530479,0.005882985107,-0.048837365964,0.066593378024,3
24.380000,0.066097690662,-0.036702885400,0.030329005017,0.081460757748,3
24.390000,-0.043145364675,0.024269668337,0.040879270560,0.064200109468,3
24.400000,-0.007330437831,0.054089515146,-0.032488938455,0.063521194018,3
24.410000,0.067540607925,-0.039502210386,-0.041581327336,0.088606800683,3
24.420000,-0.004586225521,-0.054207793425,0.053496490467,0.076298052562,3
24.430000,-0.072065619531,0.058286163469,0.035343601480,0.099196272792,3
24.440000,0.006286219974,0.053890499151,-0.062931882549,0.083091060298,3
24.450000,0.058210213980,-0.063080221113,-0.020671033015,0.088288362275,3
24.460000,-0.047750363040,-0.024469527887,0.085122257383,0.100621338033,3
24.470000,-0.070612446410,0.084985323314,0.001609104446,0.110504352783,3
24.480000,0.032003972429,-0.004075631276,-0.039936618759,0.051340028627,3
24.490000,0.036016913876,-0.047269965208,0.013670435506,0.060979902450,3
24.500000,-0.050164346865,0.022083477524,0.053880491872,0.076858630487,3
24.510000,0.000628568665,0.039251222810,-0.000781625827,0.039264036083,3
24.520000,0.058792517644,-0.034001676637,-0.038248014084,0.077946037272,3
24.530000,0.007224115509,-0.019607320798,0.023074077505,0.031129534633,3
24.540000,-0.041008280971,0.028226734673,0.007019398183,0.050276233047,3
24.550000,0.004583655162,0.009671593248,-0.024873633767,0.027078538871,3
24.560000,0.012816836223,-0.020598559718,-0.005571438959,0.024892024532,3
24.570000,-0.012061213440,-0.002025092715,0.021757806622,0.024959487558,3
24.580000,-0.016354854268,0.016663824519,-0.000517717522,0.023354492869,3
24.590000,0.008291545711,-0.006139646556,-0.016695722342,0.019626312303,3
24.600000,0.003461444915,-0.009668568830,0.001469762444,0.010374151810,3
24.610000,-0.011123460759,0.003927575521,0.013599181161,0.018002637500,3
24.620000,-0.004067952914,0.007097853989,-0.003099536668,0.008748422698,3
24.630000,0.011240957590,-0.009730440226,-0.006361295274,0.016171167926,3
24.640000,-0.002182298083,-0.007622153101,0.009491139698,0.012366946898,3
24.650000,-0.005004580517,0.006322256533,0.006052671060,0.010082240861,3
24.660000,0.007747067315,0.004689003032,-0.008872840685,0.012677977096,3
24.670000,0.007060255516,-0.006925816713,-0.001704252157,0.010035866704,3
24.680000,-0.005701914515,0.001088326935,0.010044427549,0.011601155522,3
24.690000,-0.006182175145,0.010325228318,-0.002036677586,0.012205641521,3
24.700000,0.007103009046,-0.002316484312,-0.010495617029,0.012883198900,3
24.710000,0.001554092177,-0.012289879758,0.002398948701,0.012617896094,3
24.720000,-0.009206838583,0.004085468104,0.007959836563,0.012838065447,3
24.730000,-0.002344884749,0.010388428645,-0.007262174893,0.012890194660,3
24.740000,0.011590154426,-0.006818397103,-0.004413597722,0.014152811153,3
24.750000,-0.001417533449,-0.005290674276,0.005742818101,0.007936031446,3
24.760000,-0.005737069647,0.005916494987,0.002272073100,0.008548754134,3
24.770000,0.003649288090,0.004456660434,-0.007069693096,0.009119193289,3
24.780000,0.009021366001,-0.009088929183,-0.000708001237,0.012825558232,3
24.790000,-0.003125743916,0.003182600324,0.009506363209,0.010500960018,3
24.800000,-0.001827663391,0.008006629399,-0.004462493404,0.009346674017,3
24.810000,0.005109535929,-0.001735712794,-0.009273343348,0.010729163674,3
24.820000,0.004437083652,-0.008222906762,0.007041460005,0.011699831877,3
24.830000,-0.011788013848,0.006048605824,0.015858560070,0.020664869474,3
24.840000,-0.000235194494,0.012238437840,-0.009837908934,0.015704111863,3
24.850000,0.005972923303,-0.014704219357,-0.011704871021,0.019720392625,3
24.860000,-0.006033833438,-0.001794496679,0.017950534230,0.019022330126,3
24.870000,-0.017339955478,0.017931094123,0.004295438986,0.025311044793,3
24.880000,0.009990109331,0.000051323921,-0.019027697686,0.021490886390,3
24.890000,0.009138015282,-0.013890790492,0.000135948367,0.016627563434,3
24.900000,-0.007205170013,0.004897227482,0.016675988682,0.018814513293,3
24.910000,-0.011561222757,0.019393150649,-0.009668063181,0.024560692364,3
24.920000,0.027189551465,0.000937148334,-0.016415962869,0.031774735133,3
24.930000,0.014937918294,-0.019516520868,0.011468092972,0.027121083057,3
24.940000,-0.008600933671,0.014021312369,0.012060707132,0.020396909498,3
24.950000,0.002919003584,0.011434746074,-0.015410595552,0.019410318261,3
24.960000,0.021661156764,-0.015505929655,-0.013598252902,0.029909062988,3
24.970000,-0.004649153198,-0.009040469271,0.025011163335,0.026998203671,3
24.980000,-0.034723722066,0.032882566435,-0.000119659881,0.047822739026,3
24.990000,0.004491362817,-0.009698477751,-0.029607602780,0.031477657998,3
25.000000,0.018356636084,-0.034026233963,-0.002541446177,0.038745446632,3
25.010000,-0.048998822649,-0.009055734209,0.032414283777,0.059443895699,3
25.020000,-0.022210949721,0.028451813415,-0.004882547159,0.036423498471,3
25.030000,0.045030919413,-0.014428237945,-0.044332137390,0.064817406296,3
25.040000,0.017968220761,-0.037721750311,0.010805555309,0.043157240752,3
25.050000,-0.054762038632,0.053259142589,0.051562039546,0.092163230557,3
25.060000,0.024538837362,0.039690268219,-0.044529011695,0.064500424905,3
25.070000,0.078125176087,-0.047698654602,-0.019909816392,0.093675533509,3
25.080000,-0.012621395270,-0.009301664475,0.070665288918,0.072383724955,3
25.090000,-0.078891885317,0.048342361389,-0.013497320747,0.093504497971,3
25.100000,0.057789921758,-0.013714881504,-0.083200269738,0.102225524777,3
25.110000,0.040148525285,-0.067904221783,0.021425618304,0.081743162028,3
25.120000,-0.075458466767,0.019352961371,0.058855433262,0.097634416806,3
25.130000,-0.067391884395,0.085668649293,-0.044584558338,0.117764877601,3
25.140000,0.089351058278,-0.034436763197,-0.072577815959,0.120154241058,3
25.150000,0.024335716972,-0.086273160563,0.058013770279,0.106774916980,3
25.160000,-0.082904348706,0.057786446716,0.052426173004,0.113845984006,3
25.170000,-0.007933172812,0.056483397170,-0.074927565160,0.094167135496,3
25.180000,0.119758060607,-0.087397520165,-0.026902475262,0.150678673960,3
25.190000,-0.039937670644,-0.025654032589,0.097104111080,0.108084944896,3
25.200000,-0.041873670506,0.112517443546,0.011886918543,0.120643599981,3
25.210000,0.088214095556,-0.017419824415,-0.082719996473,0.122179273013,3
25.220000,0.065788208267,-0.082954379210,0.024448383468,0.108661128428,3
25.230000,-0.058366640634,-0.016564539402,0.069764220428,0.092455909256,3
25.240000,-0.041253292344,0.071246880222,-0.039725822862,0.091411668143,3
25.250000,0.058808931313,-0.037268497854,-0.052870717640,0.087422789468,3
25.260000,0.005274583701,-0.073709303352,0.024775011559,0.077940258093,3
25.270000,-0.092839820313,0.042895530359,0.052120183069,0.114785766730,3
25.280000,0.010378481380,0.026073842504,-0.053879008373,0.060749532360,3
25.290000,0.042320771731,-0.033077730408,-0.017252854173,0.056416708039,3
25.300000,-0.037613090695,-0.004657445292,0.071185586584,0.080646290216,3
25.310000,-0.051190334212,0.075317114293,0.002172248034,0.091092462277,3
25.320000,0.056952200601,0.003076257392,-0.050087948044,0.075906646956,3
25.330000,0.032730435386,-0.056862732234,-0.011114466575,0.066544594709,3
25.340000,-0.021513913981,0.020849248413,0.050313572444,0.058557623127,3
25.350000,-0.001074143102,0.053372471798,-0.015594607482,0.055614443373,3
25.360000,0.064413074474,-0.030810670342,-0.045686613945,0.084767967204,3
25.370000,0.012337025606,-0.045964488111,0.049277722578,0.068507155179,3
25.380000,-0.072184458299,0.025173974019,0.041701618273,0.087082431951,3
25.390000,0.011366853422,0.039591892322,-0.069311820431,0.080627859613,3
25.400000,0.043461062008,-0.054894394067,0.000023878302,0.070016133719,3
25.410000,-0.051919626191,-0.015465909367,0.044520724661,0.070120873217,3
25.420000,-0.037758700248,0.070276165433,0.002441409668,0.079814906838,3
25.430000,0.010904151451,-0.017932913029,-0.067496264984,0.070684055313,3
25.440000,0.020950619726,-0.041174438682,0.005636226647,0.046540626538,3
25.450000,-0.044879406126,0.020572120998,0.034804091903,0.060404454056,3
25.460000,-0.012522119103,0.028311176433,-0.023663518947,0.038965219193,3
25.470000,0.058310406158,-0.026340328507,-0.031062678278,0.071125286319,3
25.480000,-0.000544257030,-0.020925996387,0.033962912459,0.039895776258,3
25.490000,-0.035840341176,0.031368873727,0.022193650274,0.052546116955,3
25.500000,0.009248084821,0.013016836851,-0.026455483110,0.030900771852,3
25.510000,0.036952329582,-0.037234828285,-0.004388704148,0.052641882784,3
25.520000,-0.025386255252,0.003052042522,0.045482089487,0.052176598044,3
25.530000,-0.036228061195,0.032096168075,0.005462073453,0.048708014427,3
25.540000,0.016579785044,-0.005096603580,-0.038678188930,0.042389467313,3
25.550000,0.007867096684,-0.049608689789,0.016132310686,0.052755708325,3
25.560000,-0.042827137021,0.022987836151,0.035776154295,0.060353438117,3
25.570000,-0.016498500698,0.036620261765,-0.018194584587,0.044094069956,3
25.580000,0.040733602058,-0.027162862925,-0.038271888866,0.062143261390,3
25.590000,0.004960702760,-0.030171530466,0.037177546147,0.048136262423,3
25.600000,-0.032865181531,0.027487787732,0.034409249226,0.054951752144,3
25.610000,0.031132677300,0.022394665712,-0.054977346982,0.067031882932,3
25.620000,0.059186651368,-0.084190959203,-0.006846554384,0.103140935707,3
25.630000,-0.035003921721,0.010740014996,0.080691925846,0.088610435924,3
25.640000,-0.042584788095,0.079743837696,0.004469933010,0.090512563375,3
25.650000,0.054122126469,-0.032883803936,-0.065152537312,0.090859244180,3
25.660000,0.014098188151,-0.076346090535,0.048448917716,0.091513835440,3
25.670000,-0.063226284620,0.052839718721,0.053412024793,0.098195943572,3
25.680000,-0.040858332998,0.056069452567,-0.044253138133,0.082289289225,3
25.690000,0.067751934719,-0.064099234400,-0.044599373754,0.103383464094,3
25.700000,-0.034511318641,-0.036536910184,0.041966233452,0.065476267993,3
25.710000,-0.057456078580,0.048079488796,0.037418647056,0.083743616808,3
25.720000,0.023228490531,0.004380592888,-0.065443294219,0.069581442386,3
25.730000,0.046779479380,-0.037758327943,-0.001755210685,0.060142262883,3
25.740000,-0.015619244014,0.012162206499,0.058240535676,0.061512925848,3
25.750000,-0.020182770390,0.037838616645,-0.008700795679,0.043758530319,3
25.760000,0.045077404330,-0.014591792938,-0.038870644489,0.061284743658,3
25.770000,0.016211111985,-0.013579376262,0.012784341877,0.024711111037,3
25.780000,-0.021256013789,0.026159294946,0.021222675216,0.039831253779,3
25.790000,-0.008806364159,0.022876848520,-0.017791622040,0.030289339093,3
25.800000,0.034269208568,-0.023395806065,-0.020805403147,0.046417746578,3
25.810000,-0.016017462514,-0.003400702123,0.021344148674,0.026901608929,3
25.820000,-0.024134103273,0.018772555469,0.002849467195,0.030708032222,3
25.830000,0.009055187219,0.006580136449,-0.019456174325,0.022446321093,3
25.840000,0.012815564165,-0.014240939549,0.002124201279,0.019275769120,3
25.850000,-0.014830147140,0.000522327881,0.013813690679,0.020273730312,3
25.860000,-0.008530168183,0.012164213148,-0.006612290348,0.016262048899,3
25.870000,0.014868690096,-0.008830095920,-0.009263007789,0.019617641357,3
25.880000,0.004685902812,-0.008251911900,0.006805072235,0.011677360288,3
25.890000,-0.007755142712,0.007453056022,0.012604041818,0.016569615346,3
25.900000,0.003361868282,0.004753605495,-0.009025006028,0.010740095779,3
25.910000,0.007297390663,-0.006463721342,-0.002316367161,0.010019838367,3
25.920000,0.000685993294,-0.004522830377,0.008466493387,0.009623309809,3
25.930000,-0.005477451432,0.005863034565,0.002674777129,0.008457664051,3
25.940000,0.003584497271,0.002308777687,-0.005848348228,0.007237558435,3
25.950000,0.006694124851,-0.013035525022,0.000242569117,0.014655888233,3
25.960000,-0.007169058136,0.000765394384,0.006976519077,0.010032598943,3
25.970000,-0.005354766555,0.007152266782,-0.005315085046,0.010396084553,3
25.980000,0.004867359489,-0.004193058138,-0.007206266619,0.009654180625,3
25.990000,0.001225648651,-0.007750077811,0.003962503757,0.008790185249,3
26.000000,-0.007401761916,0.005881474306,0.006387509355,0.011409561571,3
26.010000,0.000531949498,0.008458770949,-0.015620587076,0.017771789916,3
26.020000,0.019500173409,-0.018505830281,-0.003750070163,0.027143793832,3
26.030000,-0.001513490475,-0.001927411154,0.017544410478,0.017714736978,3
26.040000,-0.019320744244,0.020871474292,0.013077197712,0.031303716988,3
26.050000,0.013880541873,0.000170654265,-0.019672210647,0.024076844422,3
26.060000,0.016252395036,-0.019907767249,-0.000792291103,0.025711617344,3
26.070000,-0.018203431477,0.009963109281,0.016229684873,0.026344470675,3
26.080000,-0.007005087362,0.011975564132,-0.002788453018,0.014151355252,3
26.090000,0.014725888372,-0.011648257795,-0.019111886130,0.026791750400,3
26.100000,-0.006498901324,-0.012644824858,0.009783387239,0.017258098968,3
26.110000,-0.020229470150,0.014562946905,0.008720124181,0.026407412801,3
26.120000,-0.002133789371,0.003282091908,-0.007656649120,0.008599387194,3
26.130000,0.003646769877,-0.005216901069,-0.001103055986,0.006460009273,3
26.140000,-0.002678656553,-0.003269552578,0.007855497980,0.008920427316,3
26.150000,-0.003303208257,0.006035410526,0.000653739753,0.006911203996,3
26.160000,0.010611844413,-0.000396186137,-0.004771837772,0.011642106383,3
26.170000,0.011394506850,-0.008028148713,-0.000520895911,0.013948379500,3
26.180000,-0.003881989437,0.001970635411,0.006404922595,0.007744435380,3
26.190000,0.000525305287,0.010886045625,-0.007065268760,0.012988454783,3
26.200000,0.008332475830,-0.004877966033,-0.008991306792,0.013193494757,3
26.210000,0.001114865587,-0.015641246155,0.006549059823,0.016993577938,3
26.220000,-0.032319005357,0.015018955056,0.013903466455,0.038254326523,3
26.230000,0.001185360556,0.014173267793,-0.011882337688,0.018533120312,3
26.240000,0.017716619902,-0.023316305548,-0.012476003124,0.031830478776,3
26.250000,-0.025567657227,-0.004692026235,0.017193360062,0.031166197017,3
26.260000,-0.030164915901,0.026344269712,0.010778093338,0.041474208780,3
26.270000,0.023938114132,-0.000957327599,-0.038024552246,0.044942367070,3
26.280000,0.022563944353,-0.035673271303,0.011720187141,0.043807267169,3
26.290000,-0.022633080541,0.009448198515,0.041167092331,0.047919247500,3
26.300000,0.000484706207,0.041355811184,-0.032508923467,0.052605780707,3
26.310000,0.060490931053,-0.038088739867,-0.048679547605,0.086484699222,3
26.320000,0.008675609681,-0.039388320685,0.049398806659,0.063772628212,3
26.330000,-0.052955357335,0.029737447683,0.037254244035,0.071249311322,3
26.340000,0.032134874378,0.023238711758,-0.057717735707,0.070028743317,3
26.350000,0.039869357878,-0.056147845395,-0.008375818327,0.069370747240,3
26.360000,-0.026012645142,-0.018019798982,0.051980774689,0.060855335016,3
26.370000,-0.046806764931,0.042082604026,-0.006279384895,0.063255430435,3
26.380000,0.030105672635,-0.011655846926,-0.046880749159,0.056921129065,3
26.390000,0.017371628275,-0.045678691490,0.013981083658,0.050830965222,3
26.400000,-0.048575068736,0.017989704218,0.053859378690,0.074726162978,3
26.410000,-0.004631761373,0.034257447064,-0.011073621957,0.036299462751,3
26.420000,0.050920495586,-0.039283093288,-0.036341901851,0.073870103014,3
26.430000,0.016289997453,-0.041198527478,0.048424787131,0.065632634353,3
26.440000,-0.031500804119,0.062549053216,0.022390509543,0.073525639310,3
26.450000,0.049710433820,0.017218242954,-0.043703564432,0.068392957715,3
26.460000,0.059996059709,-0.065374641917,-0.005799168389,0.088921321067,3
26.470000,-0.040571729995,-0.014385816378,0.065590529729,0.078454665749,3
26.480000,-0.039097709400,0.063479124779,-0.025208966880,0.078700204410,3
26.490000,0.059672333517,-0.028936683060,-0.070162961375,0.096545119829,3
26.500000,0.020694901383,-0.064541042809,0.036795244225,0.077121431183,3
26.510000,-0.054294834091,0.037129647309,0.030660968175,0.072571583197,3
26.520000,-0.030812321725,0.044215539829,-0.050058471823,0.073554494993,3
26.530000,0.027490937536,-0.027414039050,-0.033857384087,0.051513140467,3
26.540000,0.003311446923,-0.020570128206,0.041138798562,0.046113952360,3
26.550000,-0.030854264853,0.036996274556,0.013137203906,0.049932916168,3
26.560000,0.020425291536,0.006089200336,-0.031339287020,0.037900155752,3
26.570000,0.023996345651,-0.027423416867,-0.004611284069,0.036730536860,3
26.580000,-0.009289469562,0.000359366295,0.021800415193,0.023699820494,3
26.590000,-0.009401148112,0.016164850794,-0.003762606094,0.019074621664,3
26.600000,0.014617919092,-0.009448658545,-0.013724120709,0.022165563293,3
26.610000,0.000295643205,-0.018282851395,0.003731408846,0.018662086486,3
26.620000,-0.015760715902,0.009687402629,0.010379151766,0.021212560590,3
26.630000,0.000187698783,0.005650972019,-0.006616250993,0.008703073756,3
26.640000,0.010370223355,-0.010955831913,-0.010911813910,0.018618256313,3
26.650000,-0.005618299102,-0.004059984693,0.007713444602,0.010370438184,3
26.660000,-0.010999143305,0.009605515293,0.001021957559,0.014638697850,3
26.670000,0.003681622083,0.002350237681,-0.010095521878,0.010999887286,3
26.680000,0.007054633092,-0.008453701235,0.000640827296,0.011029214489,3
26.690000,-0.003960713852,0.000346378090,0.004022691002,0.005655906196,3
26.700000,-0.002785980743,0.005733923117,-0.000711052725,0.006414449235,3
26.710000,0.006593302906,-0.003110104828,-0.011719398266,0.013801764053,3
26.720000,0.005286086792,-0.009270545240,0.008328776947,0.013537143275,3
26.730000,-0.003706263660,0.002051000742,0.004678062767,0.006310884694,3
26.740000,0.000900215954,0.006013010594,-0.006064718540,0.008587636237,3
26.750000,0.004222140567,-0.007320796025,-0.001693252842,0.008619027241,3
26.760000,-0.004090412710,-0.004003527906,0.007431911459,0.009380459465,3
26.770000,-0.004144566098,0.004269481448,0.000515301528,0.005972556877,3
26.780000,0.001519163105,0.005018527870,-0.007169058064,0.008881940782,3
26.790000,0.005875463842,-0.012192188670,-0.000334968640,0.013538195740,3
26.800000,-0.023952153166,-0.005319252197,0.027423240130,0.036797203487,3
26.810000,-0.010396745310,0.030033933286,-0.011083612629,0.033659707821,3
26.820000,0.026448142368,-0.023995042150,-0.036472247519,0.051044011613,3
26.830000,0.025602993392,-0.043538607772,0.031636923255,0.059598813331,3
26.840000,-0.052276031431,0.045487390922,0.076253128895,0.103036041565,3
26.850000,0.041077198149,0.042546593851,-0.061918491821,0.085623878009,3
26.860000,0.088058403167,-0.078876007363,-0.069018772461,0.136891555101,3
26.870000,-0.024381440868,-0.008599045832,0.089508228404,0.093167168038,3
26.880000,-0.060964549343,0.077108562279,0.005394120592,0.098445432552,3
26.890000,0.032578868758,-0.005611178838,-0.043485013148,0.054624302156,3
26.900000,0.010821903403,-0.045999359864,-0.001036740303,0.047266579436,3
26.910000,-0.013647519149,0.005046547265,0.022959399300,0.027181913737,3
26.920000,-0.005939833853,0.010869070139,-0.002827281769,0.012704795712,3
26.930000,0.007915896674,-0.003601540080,-0.007218620601,0.011302256168,3
26.940000,0.002732739297,-0.007099003782,0.008498444382,0.011405580900,3
26.950000,-0.007272221233,0.005729065630,0.002245762801,0.009526323804,3
26.960000,0.004446351089,0.004833720665,-0.008225756573,0.010526061213,3
26.970000,0.010758596897,-0.006827131234,-0.002913428120,0.013070776239,3
26.980000,-0.000292927484,-0.004751085756,0.007525821717,0.008904864676,3
26.990000,-0.005844318473,0.008236583344,0.002321109912,0.010362669290,3
27.000000,0.006426215024,-0.001257722403,-0.006039849438,0.008908304351,3
27.010000,0.006197121191,-0.008636184473,0.000523602193,0.010642469289,3
27.020000,-0.007550104428,0.000056386308,0.005674469718,0.009444938479,3
27.030000,-0.001147042421,0.005337089318,-0.005981110633,0.008097772107,3
27.040000,0.004285086211,-0.003197887149,-0.003095474731,0.006178220607,3
27.050000,-0.000311525539,-0.003413340271,0.002989035777,0.004547776912,3
27.060000,-0.011028079546,0.007889505944,0.003841933184,0.014093377633,3
27.070000,0.002181471026,0.001394883315,-0.006274574609,0.006787842207,3
27.080000,0.009216646979,-0.009676027536,-0.005054894492,0.014287198772,3
27.090000,-0.002762202328,-0.002379587393,0.011159669230,0.011740119897,3
27.100000,-0.004596097263,0.009577190620,0.001847819841,0.010782445381,3
27.110000,0.004289677850,-0.001381129496,-0.004689327207,0.006503740801,3
27.120000,0.002825616161,-0.003958002138,0.000987920068,0.004962446339,3
27.130000,-0.003799754857,0.002146072503,0.007110423950,0.008342774892,3
27.140000,-0.000674019243,0.007458002081,-0.002621951076,0.007934149257,3
27.150000,0.007866063383,-0.006331051752,-0.005370291809,0.011436660506,3
27.160000,-0.000496700526,-0.006765114772,0.009109865836,0.011357955135,3
27.170000,-0.008995872302,0.004644163621,0.003274909692,0.010640442083,3
27.180000,0.000921457530,0.002886252008,-0.005225428561,0.006040251508,3
27.190000,0.009025815667,-0.016836199377,-0.007002427967,0.020345932157,3
27.200000,-0.009866188772,-0.002068428936,0.012437777274,0.016009946367,3
27.210000,-0.022369868894,0.015650137677,0.001822767295,0.027361657923,3
27.220000,0.016006004086,-0.001481206224,-0.019568039308,0.025323789232,3
27.230000,0.010644039476,-0.012259536594,0.001400164647,0.016295774756,3
27.240000,-0.019823452816,0.011067356324,0.024010375424,0.033044724020,3
27.250000,-0.002530413629,0.009502052456,-0.006333104797,0.011696162208,3
27.260000,0.019695527381,-0.012242808910,-0.009202034045,0.024949500985,3
27.270000,-0.000090941508,-0.017568737925,0.016532191461,0.024124306770,3
27.280000,-0.008608211985,0.018373566082,0.011292395339,0.023220840568,3
27.290000,0.005078927242,0.004670429756,-0.008639829031,0.011056901090,3
27.300000,0.005854618924,-0.006572515914,-0.001024197109,0.008861349101,3
27.310000,-0.007684039475,-0.000950199406,0.007645833620,0.010881457316,3
27.320000,-0.007560879098,0.006720192622,-0.000240391843,0.010118580427,3
27.330000,0.004329162473,-0.002620597989,-0.009763016063,0.010996620580,3
27.340000,0.001811054661,-0.007499113785,0.001628560440,0.007884721660,3
27.350000,-0.004651829393,0.002176632590,0.004630025822,0.006914794663,3
27.360000,-0.001467460491,0.009750896187,-0.005685341075,0.011382289747,3
27.370000,0.011307160229,-0.005157515319,-0.004560603116,0.013238237703,3
27.380000,0.000339899260,-0.006232943352,0.009205714590,0.011122513001,3
27.390000,-0.003405666929,0.004230317399,0.002813429801,0.006116333851,3
27.400000,0.008742760708,0.005399904149,-0.015108844672,0.018272165086,3
27.410000,0.013737162466,-0.014869019610,0.001504346926,0.020299271821,3
27.420000,-0.007372603000,0.000427292716,0.009896381827,0.012348126470,3
27.430000,-0.012337458685,0.020206542167,-0.007730114407,0.024905258519,3
27.440000,0.022297026966,-0.006394543321,-0.026891230519,0.035513178887,3
27.450000,-0.003160965000,-0.033007971384,0.005660911881,0.033638724678,3
27.460000,-0.041018522359,0.021058105108,0.037661004655,0.059534143471,3
27.470000,-0.020670525792,0.020129403380,-0.035865725342,0.046030574310,3
27.480000,0.055194538897,-0.041136265636,-0.047246097690,0.083491455979,3
27.490000,-0.019442179713,-0.024017412154,0.043524570669,0.053378110593,3
27.500000,-0.069133628638,0.065903919949,0.013968933350,0.096529354977,3
27.510000,0.006509909909,0.017893107216,-0.059394881581,0.062372222751,3
27.520000,0.081559946453,-0.053426557027,0.011242700653,0.098146931583,3
27.530000,-0.002390333865,0.013142634063,0.103320570811,0.104180530229,3
27.540000,-0.031633143131,0.076692314139,-0.010175374832,0.083581726742,3
27.550000,0.096973240073,-0.000696351026,-0.064041391153,0.116213570532,3
27.560000,0.009853004661,-0.078535176023,0.048463537218,0.092809320725,3
27.570000,-0.075107581118,0.045928364949,0.044056498502,0.098445611931,3
27.580000,-0.018334689248,0.032846214265,-0.058944613790,0.069924974911,3
27.590000,0.039613197971,-0.047321063901,-0.041548726105,0.074396136883,3
27.600000,-0.021610311747,-0.021408073213,0.036313574772,0.047370738702,3
27.610000,-0.046870560921,0.032480306944,0.018009981569,0.059801164339,3
27.620000,0.008331643662,-0.001741044765,-0.044705825119,0.045508881798,3
27.630000,0.022553171747,-0.029236052497,0.002171784197,0.036987957068,3
27.640000,-0.019956075102,-0.002996672224,0.031331292370,0.037267611400,3
27.650000,-0.013957981853,0.030130927177,-0.006068696796,0.033756882420,3
27.660000,0.020692648348,-0.007362731830,-0.019726560626,0.029521732839,3
27.670000,0.002791765684,-0.018357064775,0.014753135318,0.023715623216,3
27.680000,-0.012381693148,0.014679325044,0.014815004535,0.024254345349,3
27.690000,-0.000268331144,0.006405436277,-0.006315617652,0.008999368968,3
27.700000,0.013890021573,-0.002888877840,-0.006737835447,0.015705946039,3
27.710000,-0.002273773089,-0.001918441172,0.006113449204,0.006798876507,3
27.720000,-0.005634218983,0.010109562262,0.000582626905,0.011588232255,3
27.730000,0.002297331408,0.000538977951,-0.010523849882,0.010785158560,3
27.740000,0.004355913468,-0.009414919451,-0.000434688718,0.010382853398,3
27.750000,-0.003869685504,0.000873387533,0.003393984238,0.005220766293,3
27.760000,-0.004856162515,0.005879446272,-0.003360692991,0.008333334279,3
27.770000,0.007375752543,-0.005578206955,-0.006678019594,0.011406755196,3
27.780000,-0.000428237450,-0.003305610486,0.004126387011,0.005304480913,3
27.790000,-0.005062407810,0.003970291524,0.007175449552,0.009637336971,3
27.800000,0.005086368080,0.009406834419,-0.006382581476,0.012453795418,3
27.810000,0.012177355953,-0.010295647697,-0.001535229334,0.016020152578,3
27.820000,-0.002323794832,-0.001973395418,0.006575240362,0.007247627041,3
27.830000,-0.009686109231,0.009086217244,0.001465561706,0.013361434316,3
27.840000,0.008351973369,-0.000783329682,-0.007125277830,0.011006300410,3
27.850000,0.005008780411,-0.007262342896,0.002722710579,0.009232695080,3
27.860000,-0.009837274550,0.000616135834,0.011996769630,0.015526560324,3
27.870000,-0.006079789662,0.007188472902,-0.006156597877,0.011249074736,3
27.880000,0.003530755873,-0.004667648987,-0.004174578767,0.007188900610,3
27.890000,0.000807243284,-0.003929817478,0.003191545244,0.005126506430,3
27.900000,-0.007760843834,0.005881526607,0.006706128866,0.011823502722,3
27.910000,0.003193470992,0.006752109956,-0.007783033108,0.010787254062,3
27.920000,0.011184341561,-0.008608267351,-0.005147021301,0.015022769092,3
27.930000,-0.003257815834,-0.000627994410,0.006997026849,0.007743779808,3
27.940000,-0.004751834290,0.010668394396,0.001580882730,0.011785319610,3
27.950000,0.009983378758,-0.002068144670,-0.008168050330,0.013063771278,3
27.960000,0.002351479837,-0.004581417082,0.001883547393,0.005483301076,3
27.970000,-0.002243902067,0.001674524371,0.003874961108,0.004780633006,3
27.980000,-0.008242278677,0.016508788057,-0.007647863888,0.019974109817,3
27.990000,0.008796049762,-0.007337866638,-0.008693810394,0.014380442183,3
28.000000,-0.001368173834,-0.012745092636,0.008446991652,0.015351252519,3
28.010000,-0.022178409874,0.014523555476,0.017186092928,0.031593944330,3
28.020000,-0.002813068784,0.004546020964,-0.018657612758,0.019408404788,3
28.030000,0.008776308538,-0.016423140803,-0.004314047565,0.019114239503,3
28.040000,-0.010051715783,-0.002998082287,0.014835844934,0.018169418881,3
28.050000,-0.014235426090,0.020052894403,0.000963762684,0.024610866876,3
28.060000,0.008830075652,-0.003199092866,-0.021040211124,0.023041156988,3
28.070000,0.007265628991,-0.014842571567,0.002527497288,0.016717641517,3
28.080000,-0.011768415770,0.007606654233,0.019530158805,0.024037135880,3
28.090000,0.000221007082,0.003225229224,-0.001446631945,0.003541707450,3
28.100000,0.005818637427,-0.002629459930,-0.003221544743,0.007151849520,3
28.110000,0.001264562002,-0.002557041944,0.002899900835,0.004067801054,3
28.120000,-0.009632425592,0.008827027086,0.004817761700,0.013925187890,3
28.130000,0.004336526476,0.002655885053,-0.013686765403,0.014600915536,3
28.140000,0.004647056020,-0.008192304384,-0.003014879068,0.009889311228,3
28.150000,-0.005477350018,-0.000328536172,0.009269640444,0.010771979075,3
28.160000,-0.004264267310,0.004998302044,-0.001071728782,0.006656996440,3
28.170000,0.003426690003,-0.001226568610,-0.004890336670,0.006096069855,3
28.180000,0.000822406520,-0.007159683186,0.001369152259,0.007335665867,3
28.190000,-0.009067043729,0.004861980839,0.006753511302,0.012306910846,3
28.200000,-0.000052800801,0.006344182357,-0.002464816437,0.006806376259,3
28.210000,0.012260467310,-0.007194293637,-0.010742078049,0.017817664280,3
28.220000,0.002416190334,-0.007407129607,0.004777846728,0.009139549448,3
28.230000,-0.009857642490,0.007158196302,0.005541947390,0.013383798812,3
28.240000,0.002058347895,0.003264529654,-0.004438551966,0.005881725382,3
28.250000,0.011080780953,-0.008468530868,-0.003941520391,0.014492594818,3
28.260000,-0.005888285759,0.002563355659,0.005016779948,0.008149281101,3
28.270000,-0.004790889767,0.004203310912,-0.001558146901,0.006561117980,3
28.280000,0.006461148078,-0.004274330302,-0.011372427593,0.013760394013,3
28.290000,0.001526519490,-0.007896823272,0.002066904592,0.008304346701,3
28.300000,-0.009718565541,0.002595478070,0.007527093596,0.012563604602,3
28.310000,-0.002345478349,0.004636094979,-0.005170923968,0.007330286490,3
28.320000,0.008915871185,-0.006007704788,-0.004737044978,0.011748398654,3
28.330000,-0.002565992677,-0.005098829870,0.006982148540,0.009018468977,3
28.340000,-0.005455691494,0.007955788146,0.002096436490,0.009871888404,3
28.350000,0.006515084686,0.005832855395,-0.016301388976,0.018498751663,3
28.360000,0.009606384477,-0.012627900350,-0.000545914579,0.015875909822,3
28.370000,-0.010378204925,0.001014322869,0.021306442332,0.023721308420,3
28.380000,-0.013628932284,0.013817854468,-0.004444389392,0.019910637719,3
28.390000,0.010735998161,-0.005319304283,-0.012952304981,0.017644230187,3
28.400000,0.001332616508,-0.015994715075,0.013713044407,0.021110527326,3
28.410000,-0.020371477518,0.012091552232,0.017293200832,0.029330147062,3
28.420000,-0.009304316386,0.010855267360,-0.014318469122,0.020234270208,3
28.430000,0.014134673093,-0.018335017731,-0.009249873087,0.024930343174,3
28.440000,-0.009710788532,-0.008578541289,0.011993016428,0.017655685419,3
28.450000,-0.024202233964,0.015449111493,0.008923063436,0.030067328379,3
28.460000,0.007061929338,0.002383457941,-0.010566812007,0.012930940945,3
28.470000,0.021126599369,-0.022817277234,-0.005243206347,0.031534941796,3
28.480000,-0.006778708278,0.002437300254,0.007635373606,0.010497154307,3
28.490000,-0.002707049319,0.009397460554,0.000906902712,0.009821550459,3
28.500000,0.010029159861,-0.002990107148,-0.006727197166,0.012441059841,3
28.510000,0.003682187648,-0.009092621816,0.006022929825,0.011511297106,3
28.520000,-0.011767044766,0.007673587198,0.011242444714,0.017992772053,3
28.530000,0.002103860174,0.004949811548,-0.007788805069,0.009465323364,3
28.540000,0.007883337329,-0.008672104336,-0.007348739471,0.013833162070,3
28.550000,-0.004431720817,-0.001112280803,0.007044284354,0.008396383748,3
28.560000,-0.008222064597,0.007386912824,-0.000391800723,0.011059942816,3
28.570000,0.002723155245,0.001188936370,-0.008288026645,0.008804574370,3
28.580000,0.004335343516,-0.008093098171,-0.000713847702,0.009208855518,3
28.590000,-0.004569325513,0.000439970019,0.010263103662,0.011242935828,3
28.600000,-0.004372950750,0.007183286055,-0.000893925237,0.008457032526,3
28.610000,0.008539306131,-0.003793920256,-0.004881394432,0.010542371256,3
28.620000,0.001396025034,-0.005116030646,0.004524490962,0.006970916290,3
28.630000,-0.006109845906,0.006606702100,0.008654539355,0.012485182461,3
28.640000,0.002796656245,0.005329112105,-0.004244029165,0.007364272234,3
28.650000,0.010358900953,-0.005116905325,-0.002396702233,0.011799734347,3
28.660000,-0.004488783702,-0.003648475499,0.007419893459,0.009408260813,3
28.670000,-0.006988956265,0.006667944230,-0.000260962060,0.009663078760,3
28.680000,0.007189627624,0.000349360479,-0.012996468033,0.014856681307,3
28.690000,0.005327621491,-0.017643404337,0.000420421607,0.018435021607,3
28.700000,-0.007857066422,0.002609625004,0.004093923411,0.009236008029,3
28.710000,-0.000360073735,0.002097435567,-0.001047377015,0.002371895374,3
28.720000,0.011365399224,-0.009368573196,-0.009428435364,0.017488220512,3
28.730000,0.000680121785,-0.005028481991,0.003510574530,0.006170277976,3
28.740000,-0.005671444673,0.005759895854,0.002626012006,0.008499271968,3
28.750000,0.001264347140,0.004184127291,-0.006599353073,0.007915614686,3
28.760000,0.021105095830,-0.019767190557,-0.006386007291,0.029613307509,3
28.770000,-0.002684616332,-0.005947348142,0.011209270658,0.012970191342,3
28.780000,-0.007733552135,0.013621271991,0.004393379611,0.016268025808,3
28.790000,0.012243346858,-0.006782125109,-0.015894863753,0.021178844562,3
28.800000,0.007964223402,-0.021714512759,-0.002030700203,0.023217938368,3
28.810000,-0.015424356810,0.004701460957,0.016833578629,0.023310596037,3
28.820000,-0.009545863338,0.013388173287,-0.005909158339,0.017472402328,3
28.830000,0.010130217759,-0.012057745121,-0.011740340156,0.019642966075,3
28.840000,-0.001210648275,-0.012168791459,0.014274924409,0.018796771576,3
28.850000,-0.017447403454,0.016619393641,0.007422062948,0.025213154318,3
28.860000,-0.000876361396,0.008534800594,-0.009910144633,0.013108081367,3
28.870000,0.008061553199,-0.011740558883,-0.005666335587,0.015327645672,3
28.880000,-0.005744680467,-0.001139180841,0.009490756487,0.011152288794,3
28.890000,-0.006444039761,0.007498852928,-0.000029225540,0.009887330166,3
28.900000,0.008479602861,-0.000945883344,-0.004655735775,0.009719785780,3
28.910000,0.008865159140,-0.010779146227,0.005260899976,0.014915029619,3
28.920000,-0.006456685361,0.003007616166,0.008389715293,0.011005537859,3
28.930000,-0.002532767355,0.012870941155,-0.004950996933,0.014020998799,3
28.940000,0.008579381238,-0.005581548357,-0.006276150743,0.012006228910,3
28.950000,-0.001384791918,-0.004881606047,0.004295364208,0.006648148609,3
28.960000,-0.011608380893,0.005838658681,0.004848313222,0.013869051274,3
28.970000,-0.002081070638,0.000573941544,-0.005097266499,0.005535556852,3
28.980000,0.006382181800,-0.008402020157,-0.001990487752,0.010737235619,3
28.990000,-0.006746994961,-0.002879660973,0.007609952290,0.010570040784,3
29.000000,-0.004997341180,0.004916494284,0.000597099763,0.007035756039,3
29.010000,0.002801679825,-0.000640506999,-0.002720562102,0.003957412944,3
29.020000,0.002323533909,-0.005864042236,0.005318980725,0.008250900382,3
29.030000,-0.005330546919,0.002464707627,0.005185508062,0.007834475604,3
29.040000,0.002261563069,0.006752834356,-0.001264146285,0.007232807559,3
29.050000,0.011901957711,-0.006639556236,-0.006700459610,0.015186719967,3
29.060000,0.002764579024,-0.004245423952,0.008791821181,0.010147050871,3
29.070000,-0.018935197542,0.014793709741,0.008043443437,0.025339544908,3
29.080000,0.002633814035,0.003105809584,-0.009137141066,0.010003518201,3
29.090000,0.017627115014,-0.017103103123,-0.006969573904,0.025530497068,3
29.100000,-0.016317597000,0.000193861975,0.019734488604,0.025607647194,3
29.110000,-0.028244297242,0.033085111324,0.003485220857,0.043640711296,3
29.120000,0.016354614897,-0.011919261849,-0.036263645920,0.041528234334,3
29.130000,0.018024896012,-0.032913696947,0.019632485122,0.042351420224,3
29.140000,-0.042343704154,0.032581265720,0.041916747079,0.067908334121,3
29.150000,-0.016010488108,0.034713138690,-0.031228927194,0.049361762740,3
29.160000,0.090616363130,-0.057553608930,-0.066450148128,0.126251199416,3
29.170000,0.020246518104,-0.046022642381,0.053899009595,0.073709621776,3
29.180000,-0.070593339660,0.096543974490,0.022047463417,0.121615168699,3
29.190000,0.056406409115,0.051618090581,-0.060576677474,0.097548163070,3
29.200000,0.089283142982,-0.095053273376,-0.002169073954,0.130427410011,3
29.210000,-0.094736177523,0.007755014957,0.071391768113,0.118877534223,3
29.220000,-0.040464252035,0.097118531502,0.002591714458,0.105242965740,3
29.230000,0.074377421076,-0.065688578448,-0.094352623104,0.136928476188,3
29.240000,-0.030845478705,-0.127878808114,0.029022203095,0.134709767254,3
29.250000,-0.102953578478,0.040894541410,0.052445664350,0.122565698903,3
29.260000,-0.031769961057,0.051393277725,-0.053955447584,0.081004874822,3
29.270000,0.060808233404,-0.036419486565,-0.046726584075,0.084896371599,3
29.280000,-0.027632715665,-0.029046410938,0.057284823845,0.069920040091,3
29.290000,-0.048135020393,0.069752437598,0.034665765118,0.091564720337,3
29.300000,0.028040504271,0.024109096077,-0.046643583296,0.059524299711,3
29.310000,0.064632696799,-0.061659483985,0.005210723802,0.089478651662,3
29.320000,-0.022971972797,0.005011803924,0.061363472936,0.065713815317,3
29.330000,-0.021135167506,0.052425139987,-0.009217044844,0.057271672961,3
29.340000,0.059331966641,-0.023081953126,-0.064569029526,0.090676448980,3
29.350000,0.009503313381,-0.047433178970,0.033475165920,0.058828616895,3
29.360000,-0.059749234994,0.037958706704,0.038762018921,0.080705195668,3
29.370000,-0.004024930369,0.034344718101,-0.059646840969,0.068945669650,3
29.380000,0.040750999006,-0.051086519707,-0.019378558387,0.068161608996,3
29.390000,-0.033763283733,-0.033207147831,0.039204051327,0.061478708802,3
29.400000,-0.025503283414,0.037034480831,0.006527623800,0.045437650774,3
29.410000,0.019257415855,0.016285074876,-0.048762568049,0.054898449630,3
29.420000,0.034261248051,-0.035736377240,-0.001072222269,0.049518394934,3
29.430000,-0.011870147385,0.015120464026,0.035706711648,0.040552411618,3
29.440000,-0.012384715432,0.032947111356,-0.004846422614,0.035530003310,3
29.450000,0.029402473166,-0.005725366159,-0.022392381950,0.037399251534,3
29.460000,0.013698175870,-0.027565963968,0.014056019559,0.033839238725,3
29.470000,-0.014040554337,0.012154625634,0.012108889647,0.022169738358,3
29.480000,-0.000041399037,0.018745074768,-0.008687207687,0.020660278781,3
29.490000,0.014283106074,-0.008958808011,-0.007249588957,0.018352762739,3
29.500000,-0.006048889916,-0.003380803421,0.010303593599,0.012417042404,3
29.510000,-0.014834955769,0.012645403352,0.003571984376,0.019817699438,3
29.520000,0.005904822953,-0.001008485248,-0.014464904317,0.015656226668,3
29.530000,0.004134745980,-0.009031102815,-0.003003469185,0.010376789943,3
29.540000,-0.010528890579,0.002927730883,0.007397622776,0.013196740798,3
29.550000,-0.007112598006,0.016314228094,-0.003261203754,0.018093604910,3
29.560000,0.020897035676,-0.010971404233,-0.016429045081,0.028757109263,3
29.570000,0.009568750547,-0.012015475104,0.004956858620,0.016140107694,3
29.580000,-0.017612776001,0.016197975741,0.012605318891,0.027045856631,3
29.590000,0.008962605070,0.017447386274,-0.019822803295,0.027886970217,3
29.600000,0.017474221197,-0.010074348676,-0.009778467753,0.022415604817,3
29.610000,0.000768788694,-0.002902155563,0.015073590765,0.015369667580,3
29.620000,-0.014356181309,0.017693206031,0.004232243386,0.023174584474,3
29.630000,0.007358608637,0.002298483280,-0.013287732485,0.015362160689,3
29.640000,0.012377395692,-0.014369396436,0.000685134493,0.018977589081,3
29.650000,-0.017478944742,0.003303875328,0.020883521630,0.027432655307,3
29.660000,-0.005394317739,0.006179039602,-0.005144679532,0.009682299404,3
29.670000,0.005047420019,-0.002756946281,-0.003865413060,0.006929546866,3
29.680000,-0.001410241316,-0.007773926464,0.004039193145,0.008873431946,3
29.690000,-0.007226590232,0.007470934999,0.005265007388,0.011651556932,3
29.700000,0.001392983542,0.005036950312,-0.006649910874,0.008457693907,3
29.710000,0.010311713735,-0.007892332821,-0.002090120815,0.013152526849,3
29.720000,-0.001895205100,-0.001065381110,0.010816472974,0.011032811377,3
29.730000,-0.002384456944,0.003321060256,0.001545612627,0.004370811657,3
29.740000,0.010101462420,0.000850442467,-0.008733154673,0.013380238636,3
29.750000,0.007277621242,-0.012775492006,0.004371122721,0.015338959574,3
29.760000,-0.011340249954,0.005548090543,0.013684438385,0.018618443318,3
29.770000,-0.002811790925,0.005736470643,-0.005792112229,0.008623330431,3
29.780000,0.006437084579,-0.004207427599,-0.004240981162,0.008782051360,3
29.790000,-0.004709783980,-0.009535408451,0.003911432972,0.011331610095,3
29.800000,-0.012655007135,0.010005246228,0.005371588740,0.017003179798,3
29.810000,-0.000094958911,0.002042883838,-0.003933347075,0.004433239310,3
29.820000,0.004716544741,-0.003947279619,-0.000639924742,0.006183551921,3
29.830000,-0.007110204594,-0.000878634916,0.007814537516,0.010601603901,3
29.840000,-0.005213977119,0.014276521177,0.002300306128,0.015371923192,3
29.850000,0.006482494608,0.000435656375,-0.005444737084,0.008476891808,3
29.860000,0.006418754987,-0.008816224472,0.003371752154,0.011414680990,3
29.870000,-0.004085403557,0.002994245601,0.004493711081,0.006771223539,3
29.880000,-0.000082021423,0.005866385770,-0.006200612550,0.008536322716,3
29.890000,0.007266868523,-0.002991120181,-0.006286536106,0.010063533886,3
29.900000,-0.001741442287,-0.007508389787,0.007516302374,0.010765841343,3
29.910000,-0.004080895995,0.002622778509,0.001580685006,0.005102082352,3
29.920000,0.004914300865,0.003722320438,-0.011708414953,0.013232271277,3
29.930000,0.004937415295,-0.008863042376,-0.003241307522,0.010650711920,3
29.940000,-0.012539903983,0.001400474769,0.015432535734,0.019934233887,3
29.950000,-0.011269710081,0.016115848625,-0.000494835888,0.019671598938,3
29.960000,0.010174775888,-0.000744099991,-0.014032883354,0.017349396658,3
29.970000,0.011934828282,-0.020406766617,0.002681520775,0.023792158447,3
29.980000,-0.012862505364,0.005454578187,0.010963234020,0.017759193889,3
29.990000,-0.003257735094,0.018504661711,-0.003683294486,0.019146853561,3
