time_s,acc_x_m_s2,acc_y_m_s2,acc_z_m_s2,acc_abs_m_s2,acc_accuracy
0.000000,-0.004997058516,0.021358549029,-0.036882297615,0.042912260343,3
0.010000,0.016773174315,0.002945510245,-0.017959129180,0.024749661172,3
0.020000,0.030077084650,-0.027906973367,0.006363854122,0.041520221855,3
0.030000,-0.005405916247,-0.028581950444,0.047949511530,0.056083040909,3
0.040000,-0.022073837109,0.001433422962,0.004139216992,0.022504268560,3
0.050000,-0.016014518614,0.025432806891,-0.012056112016,0.032382747099,3
0.060000,0.022078828021,0.027628996771,-0.035293846663,0.049964904899,3
0.070000,0.042900105363,0.002343350136,-0.008598245475,0.043815980592,3
0.080000,0.016459355568,-0.044163110454,0.018351266160,0.050577264461,3
0.090000,-0.004092813294,-0.019433249533,0.029406460820,0.035484394402,3
0.100000,-0.029852133527,0.000215126741,0.000500552079,0.029857104817,3
0.110000,-0.012339039562,0.030396318496,-0.015793387868,0.036409053487,3
0.120000,0.024636866656,0.024345617651,-0.024226201104,0.042268109934,3
0.130000,0.045754195438,-0.018447514602,-0.007715921842,0.049932881401,3
0.140000,0.027752262217,-0.032522933593,0.027856144751,0.051028365328,3
0.150000,-0.025032906536,-0.016157235112,0.041899134469,0.051412451073,3
0.160000,-0.034198599418,0.017762710895,0.007210652214,0.039205249723,3
0.170000,-0.002550034331,0.037029306738,-0.022514776857,0.043411834901,3
0.180000,0.030475108010,0.012297123767,-0.026321668374,0.042104414105,3
0.190000,0.036523934712,-0.026359742267,0.010337114931,0.046213523608,3
0.200000,0.002161192981,-0.020829702980,0.024866699957,0.032509999201,3
0.210000,-0.021870040964,-0.004773049462,0.029073217745,0.036692406340,3
0.220000,-0.034247407320,0.021952179560,-0.006258501727,0.041157647399,3
0.230000,-0.000155511713,0.038443038712,-0.034801325951,0.051855797142,3
0.240000,0.039452783646,0.000594826257,-0.037896617036,0.054708587429,3
0.250000,0.022600287137,-0.034072100529,0.012645822124,0.042797170821,3
0.260000,-0.008137081979,-0.041026758079,0.049368339803,0.064704249911,3
0.270000,-0.028426808676,-0.004926599229,0.019943199613,0.035072582487,3
0.280000,-0.041536221511,0.038224699676,-0.020580724939,0.060082872782,3
0.290000,0.000720111245,0.033285950509,-0.047816116012,0.058265375756,3
0.300000,0.030967016382,-0.012296868343,-0.015812092485,0.036880772001,3
0.310000,0.014249126658,-0.043220717802,0.013682732351,0.047521418565,3
0.320000,-0.014688496525,-0.013167032279,0.037614282579,0.042473014057,3
0.330000,-0.066232555214,0.028022034612,0.001655596930,0.071935573920,3
0.340000,-0.027681896480,0.034362472230,-0.024072719350,0.050264925220,3
0.350000,0.005562542970,0.034000576181,-0.059290506459,0.068573648154,3
0.360000,0.035316209009,-0.020614478719,-0.010580967021,0.042239178670,3
0.370000,0.017435998578,-0.049122568218,0.034759858504,0.062652123013,3
0.380000,-0.034547680779,-0.026347570912,0.040845783247,0.059633168197,3
0.390000,-0.048521852148,0.020620103877,-0.018547323635,0.055888836397,3
0.400000,-0.019027959055,0.033198314132,-0.030624408187,0.049010668877,3
0.410000,0.029241554033,-0.001149232053,-0.038811943670,0.048608190545,3
0.420000,0.062027073427,-0.022548167660,0.006806645332,0.066348384482,3
0.430000,-0.008088351285,-0.050606031593,0.058580053827,0.077833248464,3
0.440000,-0.031848565539,-0.015861883560,0.048604856022,0.060235890513,3
0.450000,-0.041077124653,0.028421975037,-0.018413536025,0.053237178210,3
0.460000,0.008138514488,0.047805508999,-0.042013195408,0.064161598305,3
0.470000,0.049873010340,0.001997943553,-0.016148329731,0.052460246778,3
0.480000,0.036174938625,-0.056000061012,0.008401173544,0.067195332686,3
0.490000,-0.017458427812,-0.040039247844,0.053605212806,0.069148079580,3
0.500000,-0.036278452615,0.014263745433,0.022354050884,0.044936445663,3
0.510000,-0.022948405289,0.041058201235,-0.037673030536,0.060263275913,3
0.520000,0.034000830165,0.041178241773,-0.034592847199,0.063626795651,3
0.530000,0.059060590410,-0.006397973197,-0.014435760295,0.061134921084,3
0.540000,0.055408283996,-0.052027051658,0.052317212193,0.092271245419,3
0.550000,-0.014326017755,-0.031264355311,0.054664800970,0.064582777603,3
0.560000,-0.027896108042,0.028207107713,0.006934647787,0.040273106528,3
0.570000,-0.009545816513,0.097816963385,-0.038734131795,0.105639073759,3
0.580000,0.059672420343,0.023289408820,-0.038007306165,0.074483217134,3
0.590000,0.067329902864,-0.032340341706,-0.011237812753,0.075534773163,3
0.600000,0.021165165307,-0.050488747914,0.060047448273,0.081257454628,3
0.610000,-0.047470060813,-0.018066482505,0.044954891377,0.067828804519,3
0.620000,-0.069716296905,0.044702511314,-0.002609605564,0.082858232018,3
0.630000,-0.006938093179,0.065698627839,-0.058804253770,0.088444259838,3
0.640000,0.043621381510,0.018157193510,-0.047550437667,0.067033966937,3
0.650000,0.047742516283,-0.046430393233,0.017586200786,0.068879632221,3
0.660000,0.004568949325,-0.074568420561,0.060642015716,0.096222547840,3
0.670000,-0.075210840192,0.022210638393,0.045567496814,0.090699391983,3
0.680000,-0.028988842928,0.050596542028,-0.026868940796,0.064205163803,3
0.690000,0.020849543525,0.049740263710,-0.090026517162,0.104945562514,3
0.700000,0.061665114182,-0.027512125457,-0.035228300339,0.076161253266,3
0.710000,0.021976441209,-0.075324586910,0.028902970640,0.083619011434,3
0.720000,-0.026887493786,-0.050168397682,0.085343115795,0.102582907258,3
0.730000,-0.094049046748,0.012956011220,0.023653574036,0.097839526703,3
0.740000,-0.044665228652,0.047368778283,-0.060062656741,0.088579379888,3
0.750000,0.018487096450,0.033261540481,-0.056652774613,0.068246902360,3
0.760000,0.052836469373,-0.029611270948,-0.013107327828,0.061970330851,3
0.770000,0.003465153332,-0.094944880100,0.044778335377,0.105031599359,3
0.780000,-0.044748808767,-0.024366378449,0.048063110947,0.070044549529,3
0.790000,-0.089036815206,0.025926632437,0.007982402550,0.093077728174,3
0.800000,-0.027864971515,0.068993675408,-0.061429723501,0.096489350776,3
0.810000,0.041521523534,0.047513652046,-0.076709698783,0.099327548720,3
0.820000,0.065368108977,-0.029373985726,-0.019883660407,0.074371907733,3
0.830000,-0.006177611499,-0.071390420995,0.110833119273,0.131980056908,3
0.840000,-0.048090375352,-0.009794367431,0.045690221365,0.067053785599,3
0.850000,-0.056098147194,0.063232560859,-0.013315184806,0.085572501528,3
0.860000,-0.002387505410,0.041650772701,-0.065576872005,0.077722668448,3
0.870000,0.066442636300,0.014692341973,-0.073623535711,0.100254246003,3
0.880000,0.066785462898,-0.034138246870,0.041430522222,0.085686674141,3
0.890000,-0.004064623857,-0.059460196014,0.074772322220,0.095618702393,3
0.900000,-0.062124510401,-0.001520189892,0.045317132143,0.076911691150,3
0.910000,-0.034734233314,0.065691326085,-0.015333725345,0.075874504411,3
0.920000,0.026217421787,0.060137296206,-0.063127951876,0.091043868043,3
0.930000,0.057532553850,-0.000357854095,-0.037147038957,0.068483759501,3
0.940000,0.048174924518,-0.060473361904,0.056511068545,0.095767174545,3
0.950000,-0.009732718033,-0.042450640458,0.071185367159,0.083451418042,3
0.960000,-0.060875828746,0.027834995132,0.042083752582,0.079067665394,3
0.970000,-0.007153565006,0.070746352672,-0.036420809554,0.079891772275,3
0.980000,0.061463095327,0.031164717454,-0.075797050992,0.102440932445,3
0.990000,0.070996129302,-0.034593157250,-0.004616529088,0.079110361175,3
1.000000,0.031661604312,-0.058201525742,0.050566005758,0.083347439820,3
1.010000,-0.042843807616,-0.016875751920,0.039373801397,0.060586129521,3
1.020000,-0.068969330777,0.057317114632,0.018237383938,0.091512962964,3
1.030000,-0.004963191708,0.083933347818,-0.062629658752,0.104842330684,3
1.040000,0.058994570548,0.016659419223,-0.030772856970,0.068592013596,3
1.050000,0.034838383205,-0.052820954764,0.002083461594,0.063309612372,3
1.060000,-0.017500741325,-0.052987065726,0.068941947253,0.088695530734,3
1.070000,-0.068704202723,-0.026444483752,0.045538234599,0.086563901270,3
1.080000,-0.078602443739,0.052180939618,-0.000353210090,0.094346803754,3
1.090000,-0.000147606253,0.057774255983,-0.070702626286,0.091305792838,3
1.100000,0.073816459303,0.023619299410,-0.046415354229,0.090338951050,3
1.110000,0.038509006093,-0.058698139236,0.029369455778,0.076098489031,3
1.120000,-0.017501378730,-0.053583767424,0.078942144285,0.097001961491,3
1.130000,-0.087576586548,0.038544922196,0.033400679999,0.101345818675,3
1.140000,-0.083318577608,0.065836353707,-0.061456150448,0.122691765298,3
1.150000,0.014934483617,0.040963859411,-0.061517778491,0.075402345117,3
1.160000,0.070635728827,-0.006756581171,-0.015210359001,0.072570053031,3
1.170000,-0.000055252570,-0.061147621103,0.047273250278,0.077290328058,3
1.180000,-0.041344619507,-0.055954526768,0.047237230736,0.084093059141,3
1.190000,-0.083492081372,0.042658336122,0.026171390747,0.097342708952,3
1.200000,-0.041665583900,0.081381265858,-0.055290143593,0.106845361588,3
1.210000,0.032430943377,0.016080699762,-0.043660915388,0.056715346474,3
1.220000,0.067613585865,-0.029608252140,0.001985249956,0.073838924732,3
1.230000,0.012155555377,-0.034899448106,0.045997535384,0.059004256338,3
1.240000,-0.039105050137,-0.025991659201,0.051439714695,0.069647796391,3
1.250000,-0.075018566214,0.044335437812,-0.023227034362,0.090182656026,3
1.260000,-0.011825539857,0.041474285862,-0.040641931815,0.059259821147,3
1.270000,0.066390072973,0.010414810900,-0.036524085349,0.076486069882,3
1.280000,0.042833992577,-0.044347368947,0.004261675727,0.061802928188,3
1.290000,-0.010507722637,-0.060492640747,0.068189127771,0.091757991291,3
1.300000,-0.038642521210,-0.018965470933,0.008167682875,0.043813748718,3
1.310000,-0.042328127802,0.065419690395,-0.018640662853,0.080117916886,3
1.320000,0.029594047241,0.054125848974,-0.062702052552,0.087960005420,3
1.330000,0.063665405022,0.011272416303,-0.026669451893,0.069940051688,3
1.340000,0.040544155191,-0.040044786191,0.033432367466,0.066069180528,3
1.350000,-0.005096839613,-0.040221077366,0.062743894380,0.074702805306,3
1.360000,-0.045114643847,0.022980788735,0.019920306583,0.054408329828,3
1.370000,-0.015494656517,0.056621048347,-0.018266695673,0.061479262091,3
1.380000,0.039329395622,0.033439309142,-0.034255672760,0.061955144033,3
1.390000,0.055295878759,0.008076606244,-0.000558561976,0.055885398519,3
1.400000,0.049621119692,-0.063903918481,0.024047392287,0.084405233206,3
1.410000,-0.016086480813,-0.026186287678,0.044391980801,0.053992078000,3
1.420000,-0.054280822559,0.029594525660,0.017021638220,0.064124720775,3
1.430000,-0.004240494615,0.063348393208,-0.053345647429,0.082926225142,3
1.440000,0.024691168817,0.015399428073,-0.039646889839,0.049179996710,3
1.450000,0.050315741782,-0.037142857317,0.001807554274,0.062566228696,3
1.460000,-0.006994768837,-0.042048186188,0.037508797228,0.056779279868,3
1.470000,-0.043562509899,-0.002928781951,0.035058471334,0.055994342970,3
1.480000,-0.038005972048,0.039606973981,-0.008173145379,0.055497446830,3
1.490000,0.001485928506,0.044426009627,-0.055294014148,0.070945798434,3
1.500000,0.049819892360,0.010345241544,-0.032336889849,0.060288640244,3
1.510000,0.035242356677,-0.042779070991,0.014387085217,0.057263084445,3
1.520000,-0.019581061222,-0.035484584930,0.043536135471,0.059480827314,3
1.530000,-0.060108531844,0.007694251516,0.031053700405,0.068092359452,3
1.540000,-0.039801357880,0.056163924473,-0.027050132678,0.073961099094,3
1.550000,0.009140954087,0.027905080213,-0.047416175598,0.055772253421,3
1.560000,0.031151516664,-0.017508978857,-0.006628892013,0.036344511834,3
1.570000,0.020009206665,-0.053162103069,0.020393152730,0.060352781480,3
1.580000,-0.034984562795,-0.033217150143,0.033065279965,0.058485993509,3
1.590000,-0.052995092331,0.012790184784,0.003650256177,0.054638750061,3
1.600000,-0.030645608124,0.058552840030,-0.036792126018,0.075638937788,3
1.610000,0.011266562192,0.022701272639,-0.043009330322,0.049920794243,3
1.620000,0.034000847490,-0.024386661892,-0.000120857095,0.041842341172,3
1.630000,0.017015246448,-0.031748082799,0.034965158222,0.050199817356,3
1.640000,-0.032522975727,-0.012204621616,0.038901398255,0.052153768082,3
1.650000,-0.042612725279,0.030024636643,-0.005846548484,0.052454792826,3
1.660000,-0.011915939164,0.029684079565,-0.022295381343,0.038989975827,3
1.670000,0.039677812489,0.005624987347,-0.036451104959,0.054172431543,3
1.680000,0.047484787086,-0.044498619529,0.014775311447,0.066732615511,3
1.690000,0.008311447039,-0.035124678692,0.036326491555,0.051209737295,3
1.700000,-0.035102318881,-0.003339109973,0.022816162582,0.041998806188,3
1.710000,-0.022086483091,0.031878762054,-0.005985443481,0.039241479828,3
1.720000,0.010046161065,0.040503625279,-0.040882279586,0.058419429962,3
1.730000,0.039730972879,0.009048069861,-0.024042639918,0.047312432915,3
1.740000,0.042463141466,-0.028687166860,0.014567607736,0.053275577151,3
1.750000,-0.006334818337,-0.026889622883,0.033059094520,0.043082310437,3
1.760000,-0.028460628951,0.000450431376,0.027244549249,0.039401468912,3
1.770000,-0.020318760714,0.043591770258,-0.038012802008,0.061303079756,3
1.780000,0.024822853117,0.033311614110,-0.033628989670,0.053448541774,3
1.790000,0.038611793507,-0.003453275407,-0.004606185037,0.039038604605,3
1.800000,0.026514470149,-0.018992254641,0.032973916823,0.046378896648,3
1.810000,-0.012473351908,-0.026217806107,0.038084163342,0.047889052636,3
1.820000,-0.031491757038,0.019031381131,0.011164682797,0.038452234929,3
1.830000,-0.007526684166,0.046501933577,-0.028300092546,0.054954308649,3
1.840000,0.032501033412,0.017709427379,-0.031008517554,0.048285289186,3
1.850000,0.049382837206,-0.027460082433,0.004156401798,0.056656830247,3
1.860000,0.013513109369,-0.045708213277,0.039716523481,0.062042301079,3
1.870000,-0.026163740703,-0.018428397101,0.029636995320,0.043617641372,3
1.880000,-0.037616294690,0.022114830893,-0.002109511171,0.043686398444,3
1.890000,-0.002033901223,0.038524441477,-0.040849688133,0.056186887847,3
1.900000,0.052381854452,0.005967685196,-0.019570524882,0.056235908338,3
1.910000,0.036118504543,-0.034376487999,0.004196142580,0.050038953927,3
1.920000,-0.013374543880,-0.030582978633,0.036264807555,0.049288267094,3
1.930000,-0.037473876075,-0.007216464594,0.018258619759,0.042305389075,3
1.940000,-0.049148867659,0.030184080185,-0.017491351793,0.060271363651,3
1.950000,-0.002253655550,0.024714888653,-0.045297575133,0.051650508201,3
1.960000,0.032618101132,-0.000788236997,-0.016172459722,0.036415797293,3
1.970000,0.038158966064,-0.039241979709,0.020864541120,0.058577886089,3
1.980000,-0.030963859251,-0.033359466436,0.044539407021,0.063681813404,3
1.990000,-0.062538290133,0.007838396695,0.004402906888,0.063181198030,3
2.000000,-0.028828886435,0.042747664438,-0.026166139529,0.057819844048,3
2.010000,0.035034889314,0.024880961871,-0.041081382446,0.059449017793,3
2.020000,0.030156028130,-0.024533947832,-0.003794451858,0.039060190651,3
2.030000,0.020925771758,-0.051329136005,0.021501097336,0.059454733313,3
2.040000,-0.031415101500,-0.030791504056,0.041042181944,0.060162164381,3
2.050000,-0.045952771221,0.004855639705,0.008686858723,0.047018038393,3
2.060000,-0.005581104804,0.038028343830,-0.045337738186,0.059437481181,3
2.070000,0.041680992538,0.014182278836,-0.035034431866,0.056265918531,3
2.080000,0.041975384416,-0.040062803400,0.008507204225,0.058645832221,3
2.090000,-0.003322111900,-0.037753092122,0.048981958562,0.061931935678,3
2.100000,-0.036209089205,-0.020176428827,0.039729384690,0.057416116458,3
2.110000,-0.046158563008,0.015909245175,0.007690247576,0.049425266097,3
2.120000,0.013020765325,0.065937533566,-0.069032737017,0.096347379012,3
2.130000,0.070851357592,0.014346619626,-0.025171853717,0.076546473379,3
2.140000,0.041635252318,-0.045328973137,0.043817119786,0.075552299948,3
2.150000,-0.020444162175,-0.047040204801,0.047044102448,0.069598076194,3
2.160000,-0.043578114463,0.011811976777,0.024301133414,0.051274944571,3
2.170000,-0.048164828039,0.041130465578,-0.027475883949,0.069039771563,3
2.180000,0.010417411367,0.043993197899,-0.055467303649,0.071557988338,3
2.190000,0.055683319644,-0.009206578668,-0.036378495172,0.067147509919,3
2.200000,0.052166692749,-0.049687291520,0.027078486740,0.076963856551,3
2.210000,-0.013497237945,-0.032595975375,0.061996274141,0.071331697374,3
2.220000,-0.064650788169,0.036195727485,0.017259648274,0.076077267022,3
2.230000,-0.011868971953,0.065653624406,-0.056096442481,0.087166976270,3
2.240000,0.032944975259,0.034342579417,-0.057721596166,0.074810205318,3
2.250000,0.062367939550,-0.042724778559,0.004384818629,0.075725776464,3
2.260000,0.009818842253,-0.060455623030,0.057397913877,0.083939338433,3
2.270000,-0.042910215515,-0.037593083943,0.053191910871,0.077999397036,3
2.280000,-0.053652557517,0.034794583800,0.003928100029,0.064067854340,3
2.290000,-0.022434565699,0.065645133448,-0.057102481872,0.089851470324,3
2.300000,0.053744414968,0.031772080936,-0.071458180096,0.094890456686,3
2.310000,0.052811161294,-0.053223819993,0.002163461942,0.075009828286,3
2.320000,-0.005427951613,-0.061968196783,0.064650595157,0.089717442704,3
2.330000,-0.071286470927,-0.008127966233,0.045722163290,0.085078440207,3
2.340000,-0.082212373976,0.037943194568,-0.014588980466,0.091713678368,3
2.350000,-0.034480645365,0.076234607891,-0.068652081058,0.108230026235,3
2.360000,0.054905256491,-0.010627090240,-0.033047976744,0.064959148733,3
2.370000,0.039925741709,-0.069055487021,0.035334840866,0.087242627870,3
2.380000,-0.039891516357,-0.065818383508,0.068240428184,0.102859849910,3
2.390000,-0.115566832738,-0.013792237890,0.029681488864,0.120112070319,3
2.400000,-0.071365226760,0.060677681783,-0.055439267023,0.108849846050,3
2.410000,0.028351645511,0.032859524395,-0.067132618996,0.079939681510,3
2.420000,0.058753033354,-0.041158973439,-0.031369202540,0.078294360531,3
2.430000,0.037207697116,-0.064883297713,0.050913930446,0.090479187442,3
2.440000,-0.037150710851,-0.059826637343,0.040541377877,0.081258877501,3
2.450000,-0.074486732045,0.014914871288,0.028892090345,0.081274101169,3
2.460000,-0.021738880829,0.046700993384,-0.056961700397,0.076799720278,3
2.470000,0.036750164140,0.042479741446,-0.088119735725,0.104499716851,3
2.480000,0.066724728177,-0.063692601265,0.003377275430,0.092305702941,3
2.490000,0.014497657168,-0.063205585358,0.064303831856,0.091324207498,3
2.500000,-0.066007673373,-0.017940293579,0.073859706373,0.100668382838,3
2.510000,-0.071845983994,0.052337696856,0.001990019035,0.088910292452,3
2.520000,0.019822858281,0.074355163539,-0.062072645874,0.098866826697,3
2.530000,0.077513573763,0.018612978037,-0.036479228447,0.087667161338,3
2.540000,0.079344100838,-0.032869617808,-0.006173220134,0.086104626817,3
2.550000,0.007850034659,-0.082048456768,0.090605723238,0.122486609005,3
2.560000,-0.063748732512,-0.037628013711,0.042375629273,0.085296320372,3
2.570000,-0.031149410689,0.063202329539,-0.026210706484,0.075178596554,3
2.580000,0.031308410997,0.048329225332,-0.076197543959,0.095509142629,3
2.590000,0.083738056672,-0.009961614826,-0.025863969411,0.088205673394,3
2.600000,0.038887117863,-0.055425083057,0.035437672898,0.076419738471,3
2.610000,-0.035608343848,-0.071990065431,0.041027982362,0.090187687679,3
2.620000,-0.065573961899,0.018484837513,0.036835926416,0.077450107630,3
2.630000,-0.041142957075,0.068534938078,-0.060443930954,0.100216013907,3
2.640000,0.036960657171,0.047728362414,-0.061284186970,0.086022312976,3
2.650000,0.079932390589,-0.025306112847,-0.021317998037,0.086510366159,3
2.660000,0.070623752467,-0.069286752901,0.061137326718,0.116301940045,3
2.670000,-0.035215397835,-0.035541451479,0.076607623827,0.091498890957,3
2.680000,-0.069117841269,0.020783108490,0.004029883427,0.072287298612,3
2.690000,-0.018846501596,0.075443153228,-0.083113030817,0.113818433845,3
2.700000,0.033812073938,0.020703915198,-0.066275362472,0.077229088557,3
2.710000,0.076445573894,-0.070786485158,0.017775463431,0.105691150761,3
2.720000,0.011916993832,-0.082245834425,0.059459636655,0.102185323865,3
2.730000,-0.049772522794,-0.005624373020,0.049427307025,0.070370421889,3
2.740000,-0.075390704329,0.042938253013,-0.004166683787,0.086860883745,3
2.750000,-0.024231312142,0.040965266423,-0.063863452010,0.079648289648,3
2.760000,0.023465632541,0.000693481703,-0.055838886431,0.060573080368,3
2.770000,0.045833436826,-0.061839031423,0.026389062267,0.081370463597,3
2.780000,-0.013572315243,-0.051113802099,0.050796131154,0.073328544553,3
2.790000,-0.077015283684,-0.017845578878,0.016492243733,0.080757740866,3
2.800000,-0.064488937600,0.053573644275,-0.043929539226,0.094650741415,3
2.810000,0.010248130304,0.074529203138,-0.062903730181,0.098063783151,3
2.820000,0.046305204428,-0.007662980502,-0.026570393936,0.053934025079,3
2.830000,0.013002877605,-0.064286583288,0.034117295378,0.073931248203,3
2.840000,-0.040517003947,-0.060335119510,0.072101265149,0.102374541226,3
2.850000,-0.076742909404,0.019697834712,0.024335224078,0.082883544610,3
2.860000,-0.028885007600,0.063163551523,-0.058629240549,0.090892055497,3
2.870000,0.041740534184,0.024621893190,-0.057287782104,0.075035990009,3
2.880000,0.069968780624,-0.035604285907,-0.017255638868,0.080380672489,3
2.890000,0.005851187139,-0.068219578056,0.060544601386,0.091399102720,3
2.900000,-0.036133651416,-0.028163546915,0.046364813559,0.065180687906,3
2.910000,-0.067761043369,0.029167270317,-0.012062767075,0.074751581962,3
2.920000,-0.016021509088,0.056419438060,-0.056859812334,0.081687697991,3
2.930000,0.047961024109,0.028127910204,-0.052334617793,0.076356737656,3
2.940000,0.063661627749,-0.051397278888,0.000535309301,0.081821572222,3
2.950000,0.012833356397,-0.053474842314,0.050292836522,0.074522635503,3
2.960000,-0.013840068570,-0.006823884836,0.059818385749,0.061776631309,3
2.970000,-0.026776140170,0.065496706947,-0.005303089673,0.070957050836,3
2.980000,0.018966324166,0.058796075909,-0.047227003385,0.077763036485,3
2.990000,0.064182372737,-0.000583017146,-0.041544607731,0.076456989940,3
3.000000,0.049172245351,-0.056270510830,0.027663438785,0.079684038221,3
3.010000,-0.018376546528,-0.056151916402,0.059842996187,0.084094704771,3
3.020000,-0.044674392589,0.008050431993,0.022985103235,0.050881487588,3
3.030000,-0.014437550965,0.054389332295,-0.019229021177,0.059467618086,3
3.040000,0.031186718685,0.049363599194,-0.052884813061,0.078779310737,3
3.050000,0.062532760109,0.003642998258,-0.013489940071,0.064074924941,3
3.060000,0.050310399583,-0.061677474688,0.049851083746,0.093916866114,3
3.070000,-0.021890927190,-0.055185108968,0.046941138964,0.075684076742,3
3.080000,-0.051090931939,0.036596892360,0.010799392528,0.063767097596,3
3.090000,-0.014558638317,0.053960678614,-0.031183979236,0.064001166763,3
3.100000,0.024660869828,0.028581252072,-0.047575921417,0.060733143912,3
3.110000,0.049402669799,-0.006653575896,-0.008101618692,0.050502773002,3
3.120000,0.011996115344,-0.027629952886,0.041782272712,0.051508051728,3
3.130000,-0.026893035453,-0.014440863984,0.031941993237,0.044182177859,3
3.140000,-0.064359755458,0.043554403246,-0.010694985694,0.078444546552,3
3.150000,-0.008977105764,0.054073770910,-0.039639384565,0.067644969784,3
3.160000,0.050963815040,0.025364209736,-0.036219852270,0.067472448283,3
3.170000,0.042745825996,-0.033152930402,-0.009532030340,0.054928881626,3
3.180000,-0.020608661647,-0.049018951295,0.026815165219,0.059553569218,3
3.190000,-0.059154530029,0.001845340535,0.029966631978,0.066337491186,3
3.200000,-0.041807755919,0.032891881229,-0.014747249416,0.055201862932,3
3.210000,-0.017114417813,0.037969151038,-0.049522488992,0.064707315225,3
3.220000,0.030118135125,-0.015948978966,-0.039168064504,0.051919257222,3
3.230000,0.021022871391,-0.030795071728,0.018953015575,0.041827196460,3
3.240000,-0.030811145429,-0.033993787416,0.029938011437,0.054783106834,3
3.250000,-0.054520338042,0.002882791240,0.008548760349,0.055261732230,3
3.260000,-0.018962282681,0.050499464378,-0.028705303858,0.061104488677,3
3.270000,0.017334126664,0.028379665699,-0.049221891952,0.059402626370,3
3.280000,0.047136763050,-0.027328325749,-0.022428509685,0.058921556885,3
3.290000,0.020408810001,-0.043168730633,0.032176029805,0.057579125767,3
3.300000,-0.025811575566,-0.038199488878,0.033865791902,0.057204285197,3
3.310000,-0.044750342086,0.015129936935,0.005155360561,0.047519320818,3
3.320000,-0.016072647352,0.036218385647,-0.038992060726,0.055592106017,3
3.330000,0.025119062589,0.022693383195,-0.032610080805,0.047003981920,3
3.340000,0.052318754505,-0.024229167293,-0.003852725901,0.057785362485,3
3.350000,0.015945202887,-0.034444956781,0.037249849587,0.053181348582,3
3.360000,-0.019118563074,-0.009237965381,0.049194149495,0.053581002257,3
3.370000,-0.027429892411,0.031582838883,-0.002136819453,0.041886044298,3
3.380000,0.003036453782,0.035900804376,-0.040096099018,0.053905333343,3
3.390000,0.041734830775,0.007644391899,-0.034679479266,0.054798714488,3
3.400000,0.041151221340,-0.032095355158,0.026943278955,0.058732232388,3
3.410000,-0.002822508157,-0.033632738447,0.064661142477,0.072939639389,3
3.420000,-0.027325734391,-0.010269388884,0.034536770304,0.045221063799,3
3.430000,-0.027450244558,0.037912571448,-0.005127955990,0.047086887058,3
3.440000,0.022049289992,0.040403180324,-0.044939811047,0.064328646701,3
3.450000,0.054897534847,-0.020209535848,-0.018829156987,0.061454876326,3
3.460000,0.045998964270,-0.036479658499,0.026325882050,0.064340673479,3
3.470000,-0.018559405120,-0.030719017408,0.032997172832,0.048753696925,3
3.480000,-0.023906983146,0.016011342537,0.017224811562,0.033535072183,3
3.490000,-0.015913905343,0.039754687816,-0.031927972114,0.053414258302,3
3.500000,0.021274018822,0.022769429713,-0.044598619124,0.054406503601,3
3.510000,0.027202587912,-0.016859561754,-0.004368667555,0.032300323030,3
3.520000,0.022214541783,-0.041185311708,0.025972350364,0.053518956926,3
3.530000,-0.028987378024,-0.020526408669,0.039736371736,0.053297099136,3
3.540000,-0.046941291914,0.024531744810,0.013098551422,0.054560640020,3
3.550000,-0.003849099353,0.042878333905,-0.039851177096,0.058664157714,3
3.560000,0.022125510258,0.012081962207,-0.033536152534,0.041954565207,3
3.570000,0.031018508238,-0.027247622558,-0.001501214709,0.041313852809,3
3.580000,0.003892113254,-0.042666583990,0.042925789707,0.060648242818,3
3.590000,-0.045952230062,-0.008636467890,0.043306956970,0.063731378043,3
3.600000,-0.038878003929,0.033936499313,-0.007961757798,0.052216613854,3
3.610000,-0.010541627855,0.045495231201,-0.045705353644,0.065344635064,3
3.620000,0.040089054716,0.007859064044,-0.036509790912,0.054789251028,3
3.630000,0.027586780460,-0.043256384698,0.018238686623,0.054449930790,3
3.640000,-0.004108322803,-0.037595406303,0.029378990180,0.047889643508,3
3.650000,-0.072052806446,-0.000031858585,0.040234555346,0.082525313545,3
3.660000,-0.030872683105,0.047535956737,-0.022755600148,0.061078695820,3
3.670000,0.005206879092,0.026288263767,-0.038541062978,0.046942496069,3
3.680000,0.042866569074,0.002990155086,-0.022236698623,0.048383411798,3
3.690000,0.022195225181,-0.019838274700,0.022664426184,0.037414721410,3
3.700000,-0.014212572247,-0.021908886894,0.051575269503,0.057810076622,3
3.710000,-0.047684329580,0.006865474498,0.017129361554,0.051130666481,3
3.720000,-0.026419144099,0.054907732436,-0.038766345687,0.072219525159,3
3.730000,0.040845294227,0.040908483677,-0.049134676964,0.075868693001,3
3.740000,0.055583737363,-0.012131272033,-0.005338109342,0.057142060093,3
3.750000,0.033197289987,-0.054402511423,0.031450045119,0.071068971075,3
3.760000,-0.034889689188,-0.023309935512,0.069376048558,0.081078231473,3
3.770000,-0.051383088216,0.030126873853,0.003982274357,0.059696807216,3
3.780000,0.007467201048,0.044274788685,-0.059132781006,0.074247570964,3
3.790000,0.060527757860,0.014689426895,-0.034267505329,0.071089033300,3
3.800000,0.058650826309,-0.029189626055,0.013147599010,0.066819256623,3
3.810000,0.020965721806,-0.041790923477,0.041732787122,0.062671112140,3
3.820000,-0.062210610155,0.001782237996,0.050502220838,0.080148678702,3
3.830000,-0.038673478874,0.053256819544,-0.031538823882,0.072983725638,3
3.840000,0.024381265472,0.053844003791,-0.045279084952,0.074456822282,3
3.850000,0.071371778702,-0.019026121892,-0.026492868342,0.078471626606,3
3.860000,0.048055673584,-0.060405575577,0.027216951068,0.081847075389,3
3.870000,-0.026642605907,-0.045480129259,0.088141261716,0.102699331175,3
3.880000,-0.066314930137,0.018768924575,0.026541561407,0.073853889340,3
3.890000,-0.042894792808,0.065039188443,-0.034523105848,0.085216806563,3
3.900000,0.026709415159,0.025746623478,-0.044270372352,0.057759391849,3
3.910000,0.052670766374,-0.020777272136,-0.022640465627,0.060979466640,3
3.920000,0.044199149540,-0.075517912603,0.039552042999,0.096025434388,3
3.930000,-0.049781194421,-0.040016158583,0.034045635244,0.072377935484,3
3.940000,-0.067764827719,0.028131089581,-0.003723132075,0.073466262932,3
3.950000,-0.031849665409,0.047556598340,-0.039743984043,0.069682246663,3
3.960000,0.030177273082,0.043018269048,-0.041236038697,0.066795584959,3
3.970000,0.049504241434,-0.010291161064,0.025904541420,0.056812174594,3
3.980000,0.001869794025,-0.089342146908,0.031295060069,0.094683135396,3
3.990000,-0.043590904512,-0.017795644705,0.056176127315,0.073298084605,3
4.000000,-0.066039589989,0.036886965519,-0.015510543941,0.077216919419,3
4.010000,-0.011755759811,0.056867993232,-0.046646157559,0.074485102926,3
4.020000,0.043333847583,0.008773830918,-0.050471344980,0.067098130521,3
4.030000,0.060360437424,-0.039844974908,0.021201847064,0.075369242735,3
4.040000,-0.021379506743,-0.041912591083,0.068200969851,0.082856025058,3
4.050000,-0.067455293345,-0.005830689717,0.044732784706,0.081149464388,3
4.060000,-0.073415552374,0.039239030891,-0.023155441063,0.086404394139,3
4.070000,0.008940435087,0.059806969156,-0.064040286710,0.088079300980,3
4.080000,0.057251297688,-0.010546547052,-0.073039315786,0.093400655202,3
4.090000,0.027982431646,-0.048844230891,0.007654783027,0.056809955777,3
4.100000,-0.034001749974,-0.044567636144,0.065111314343,0.085917847088,3
4.110000,-0.054047653149,0.007686590454,0.021611310077,0.058713552157,3
4.120000,-0.039792441157,0.065035657277,-0.069742225114,0.103329826549,3
4.130000,0.033363547346,0.027282220599,-0.067057194580,0.079712691569,3
4.140000,0.078581494292,-0.021981666144,0.000595263804,0.081600240383,3
4.150000,0.031242659092,-0.074032792741,0.047269536538,0.093227502555,3
4.160000,-0.050253608711,-0.027337327711,0.074167817135,0.093667602582,3
4.170000,-0.050166038194,0.026267962938,0.013399340015,0.058190889131,3
4.180000,-0.027907703936,0.081403132263,-0.037041757657,0.093687788380,3
4.190000,0.071156607570,0.035348113476,-0.049758260089,0.093747727302,3
4.200000,0.064297596868,-0.037351539874,0.013895528061,0.075646574239,3
4.210000,0.007286897959,-0.078405136179,0.076062607661,0.109480521305,3
4.220000,-0.061031484138,-0.019755668386,0.084383353790,0.105998485302,3
4.230000,-0.043195865203,0.039647690686,-0.007191188945,0.059072289153,3
4.240000,0.025031182957,0.071566844879,-0.049119267165,0.090338672854,3
4.250000,0.061913679240,0.009257148492,-0.060052563600,0.086748538144,3
4.260000,0.080564205052,-0.038209444757,0.026645026924,0.093061862566,3
4.270000,-0.037000367940,-0.040703034729,0.059743908459,0.081210214023,3
4.280000,-0.060651196621,0.020972954117,0.026472540988,0.069420658902,3
4.290000,-0.031244964444,0.081620953027,-0.034386367773,0.093918315918,3
4.300000,0.026852170881,0.056010481577,-0.049791301451,0.079607705831,3
4.310000,0.080990200094,-0.014359172172,-0.020094391721,0.084672208636,3
4.320000,0.047572397222,-0.081195541554,0.047312975415,0.105329799147,3
4.330000,-0.020417617336,-0.061901433262,0.082787412617,0.105368032274,3
4.340000,-0.081200008709,0.012019622437,0.028142630750,0.086775113963,3
4.350000,-0.015931979745,0.055511382596,-0.054565004690,0.079452383936,3
4.360000,0.030305038409,0.043669081838,-0.081927469759,0.097660096061,3
4.370000,0.046320091459,-0.022401514394,-0.002028712864,0.051492663514,3
4.380000,0.003674157634,-0.045086889315,0.044841376908,0.063695181178,3
4.390000,-0.042136004470,-0.049093273121,0.047568610180,0.080301712391,3
4.400000,-0.084259927602,0.029717030996,-0.016694531520,0.090893039961,3
4.410000,-0.016953527859,0.063120208906,-0.077013465133,0.101008201108,3
4.420000,0.058433928080,0.030660514633,-0.062069237538,0.090593495114,3
4.430000,0.041737691838,-0.036882451845,-0.009127927848,0.056441733149,3
4.440000,-0.005349821095,-0.065684997183,0.057296542621,0.087327162080,3
4.450000,-0.085752985061,-0.025685218267,0.048953354823,0.102028112953,3
4.460000,-0.061233616275,0.069563847815,-0.045870925268,0.103406123948,3
4.470000,-0.002375519945,0.053818090391,-0.054557047015,0.076671385324,3
4.480000,0.042305186383,0.001235927685,-0.040768469376,0.058764993043,3
4.490000,0.035784881419,-0.076490148404,0.035803852594,0.091723586942,3
4.500000,-0.014356150161,-0.072389878671,0.104960328774,0.128308472821,3
4.510000,-0.061813180570,0.003695782703,0.030184416090,0.068888511935,3
4.520000,-0.034288581233,0.052636310916,-0.042271652445,0.075717769580,3
4.530000,0.029669775681,0.041037757632,-0.065607469966,0.082877821254,3
4.540000,0.062505814939,-0.011674403663,-0.012705043637,0.064843555855,3
4.550000,0.042838491329,-0.031941165956,0.043475650521,0.068887637571,3
4.560000,-0.040304732045,-0.036691163499,0.050240307640,0.074126927738,3
4.570000,-0.041003779883,0.035700044411,0.006544860770,0.054759824124,3
4.580000,-0.009875266349,0.058172897712,-0.026398361291,0.064641166392,3
4.590000,0.042613847574,0.036827797775,-0.051179086245,0.076102073315,3
4.600000,0.047218820786,-0.040162716729,-0.011954039328,0.063131291035,3
4.610000,0.015047924958,-0.060460737668,0.058638814339,0.085559636465,3
4.620000,-0.028665506890,-0.010818711200,0.042525275064,0.052413307629,3
4.630000,-0.035689553024,0.060588848577,0.009132043096,0.070909427991,3
4.640000,0.028640687383,0.058263330009,-0.056250430363,0.085901196229,3
4.650000,0.057145377744,0.021848284876,-0.050926127958,0.079601584521,3
4.660000,0.063699120530,-0.033529215579,0.021365923358,0.075088540634,3
4.670000,0.014849891638,-0.057625282758,0.060120238886,0.084590990172,3
4.680000,-0.045169177394,0.001119871605,0.034942920617,0.057118441856,3
4.690000,-0.028871050512,0.057121138649,-0.024741006684,0.068618360880,3
4.700000,0.005261973016,0.049515795018,-0.047943876665,0.069123929474,3
4.710000,0.057570139997,0.005205030832,-0.033300640727,0.066710913935,3
4.720000,0.035774098114,-0.036606589242,0.017641334533,0.054139127772,3
4.730000,-0.019909375969,-0.023843879173,0.039490771332,0.050243754298,3
4.740000,-0.052609818224,0.025314697027,0.018192730038,0.061152287655,3
4.750000,-0.029948461441,0.056555460555,-0.041780658673,0.076426787846,3
4.760000,0.031262107430,0.034859877708,-0.076478587543,0.089674437759,3
4.770000,0.046907679515,-0.030889017102,-0.012977466481,0.057644396182,3
4.780000,0.014134362301,-0.048855569018,0.037095766204,0.062950319237,3
4.790000,-0.035402105749,-0.036599743974,0.045692658463,0.068415417764,3
4.800000,-0.045089671451,0.028497162523,0.012690473068,0.054828959958,3
4.810000,-0.025842963613,0.049846571227,-0.026466545738,0.062072678971,3
4.820000,0.029449937329,0.011798372707,-0.031041295711,0.044385385507,3
4.830000,0.035894518562,-0.035837538548,-0.007582152798,0.051285813565,3
4.840000,-0.002994852721,-0.034924930147,0.032898809847,0.048073397820,3
4.850000,-0.035411873318,-0.025511085897,0.022419764282,0.049065895549,3
4.860000,-0.034996604460,0.018330101043,-0.003666323840,0.039676149743,3
4.870000,-0.008217866087,0.027670176981,-0.044413611013,0.052969244476,3
4.880000,0.047147024163,0.004415435081,-0.036054877450,0.059517158386,3
4.890000,0.013563477767,-0.026734058148,0.018596560719,0.035277611382,3
4.900000,-0.028893942040,-0.035027481317,0.044911160973,0.063865457909,3
4.910000,-0.048657302596,0.006100431630,0.018022833826,0.052245295493,3
4.920000,-0.028845523696,0.032042436183,-0.032672549358,0.054095077737,3
4.930000,0.011201025713,0.028586791319,-0.038719876197,0.049415548440,3
4.940000,0.037372852929,-0.008986445097,-0.012409842051,0.040391713398,3
4.950000,0.025216415152,-0.029288479930,0.019344950175,0.043219321455,3
4.960000,-0.004877848515,-0.014874266090,0.045680990686,0.048288612611,3
4.970000,-0.036835998948,0.008939670456,0.021330195383,0.043494663597,3
4.980000,-0.014218694915,0.046123096965,-0.017759158019,0.051428582056,3
4.990000,0.022150570368,0.030754876536,-0.035109747975,0.051664345552,3
5.000000,0.041499877641,-0.019738368481,-0.007343957669,0.046537906579,3
5.010000,0.019507287739,-0.042620912767,0.051045929325,0.069301972416,3
5.020000,-0.023225424087,-0.018660321336,0.025183209290,0.039010536353,3
5.030000,-0.014702395457,0.015627072271,-0.004503728890,0.021923717610,3
5.040000,-0.003957062414,0.031165944507,-0.022171753832,0.038452062466,3
5.050000,0.038161943586,0.014418256592,-0.026340007033,0.048559407244,3
5.060000,0.033466906512,-0.030725300121,-0.001326013475,0.045451470941,3
5.070000,0.010462154525,-0.029664907200,0.043622124835,0.053780602187,3
5.080000,-0.032363386841,-0.009472251713,0.020017075000,0.039214737687,3
5.090000,-0.019025301961,0.023706463128,-0.002759599042,0.030521695491,3
5.100000,0.004228294869,0.045184329563,-0.041390415489,0.061422053123,3
5.110000,0.034732627858,0.004471333811,-0.022075601920,0.041396623825,3
5.120000,0.023097972143,-0.037524395689,0.016392300664,0.047013871463,3
5.130000,0.000591539985,-0.031268607568,0.043821479416,0.053836769934,3
5.140000,-0.031504517834,-0.005436030930,0.008520272492,0.033085950486,3
5.150000,-0.037174008304,0.030326733887,-0.006731481258,0.048445128977,3
5.160000,0.011666795694,0.029359928895,-0.044083505116,0.054235366411,3
5.170000,0.031003713999,-0.006236397844,-0.018014581670,0.036395715304,3
5.180000,0.023895658270,-0.035259227855,0.024015486114,0.048897435581,3
5.190000,-0.022745454708,-0.022652553846,0.036664894366,0.048732005751,3
5.200000,-0.038467357936,0.002266677942,0.010554716614,0.039953441633,3
5.210000,-0.021728195830,0.028460720453,-0.015501691967,0.039018323345,3
5.220000,0.021338931818,0.015787550401,-0.026663573551,0.037623701483,3
5.230000,0.019286835573,-0.017103724433,-0.003401746288,0.026001755589,3
5.240000,-0.004002881353,-0.037434520826,0.028263255007,0.047076299687,3
5.250000,-0.023810835233,-0.029166904296,0.024288485476,0.044806190503,3
5.260000,-0.044604182262,0.020481956191,0.002691217253,0.049155734711,3
5.270000,-0.018388230244,0.024750942088,-0.030018877486,0.043033349292,3
5.280000,0.018554186380,0.005499285380,-0.027091574966,0.033293443890,3
5.290000,0.026002204810,-0.032430314593,0.007782861249,0.042289630985,3
5.300000,-0.003828634750,-0.040684766739,0.050054846476,0.064617306849,3
5.310000,-0.043152441780,-0.009410891426,0.025482702999,0.050990844875,3
5.320000,-0.040272986388,0.036210945175,-0.017062801088,0.056782789330,3
5.330000,0.009428058692,0.029506920954,-0.043520428766,0.053418858045,3
5.340000,0.032504136379,-0.007326199932,-0.015333717623,0.036678535730,3
5.350000,0.025080867896,-0.050055329701,0.020580037939,0.059650011966,3
5.360000,-0.019145762020,-0.032415555963,0.042139874313,0.056507499315,3
5.370000,-0.035457933609,-0.001473483913,0.009161809831,0.036652080024,3
5.380000,-0.028443406786,0.037662027693,-0.034094804065,0.058222945510,3
5.390000,0.035421568579,0.041053238481,-0.043558374152,0.069551332619,3
5.400000,0.051713991846,-0.005412925144,-0.019576207823,0.055559559250,3
5.410000,0.029912589703,-0.031323805216,0.036439349826,0.056601855197,3
5.420000,-0.013830828118,-0.028868943509,0.043076864930,0.053668650048,3
5.430000,-0.044090005361,0.019269923374,0.008334026677,0.048833538887,3
5.440000,-0.007784934193,0.053809200840,-0.034832020324,0.064570155144,3
5.450000,0.048888628825,0.027142033470,-0.030717327454,0.063799233657,3
5.460000,0.063107093640,-0.023578053439,0.010182434780,0.068133045210,3
5.470000,0.029799579960,-0.034939081874,0.038592498361,0.059984459135,3
5.480000,-0.033692548613,-0.027897036374,0.054464126213,0.069855375703,3
5.490000,-0.032230404199,0.033779859720,-0.004011414833,0.046861170776,3
5.500000,0.013573371717,0.027653603782,-0.029064840654,0.042352369286,3
5.510000,0.068775635872,0.001689360178,-0.065022596763,0.094661925383,3
5.520000,0.032338315595,-0.044140835109,0.005569484428,0.055001810301,3
5.530000,-0.018465733583,-0.048887436787,0.051382611923,0.073288045412,3
5.540000,-0.043102676641,0.017443014294,0.034282073110,0.057769888506,3
5.550000,-0.038748725324,0.057307972575,-0.021282081964,0.072378135149,3
5.560000,0.017500763388,0.040550663294,-0.042756156893,0.061471310097,3
5.570000,0.037568482490,-0.006029369227,-0.034553649286,0.051397459556,3
5.580000,0.025837148426,-0.061006236780,0.037287727263,0.076024297230,3
5.590000,-0.036056571125,-0.047759201469,0.078656292198,0.098832332506,3
5.600000,-0.048990408290,0.005835185393,0.015276039391,0.051647525327,3
5.610000,-0.034754055884,0.066409609295,-0.033129124176,0.081948883310,3
5.620000,0.037122926251,0.042865479910,-0.073080884574,0.092500684925,3
5.630000,0.049285209484,-0.009867687811,0.017157635600,0.053111087317,3
5.640000,0.001029430288,-0.037323436967,0.049836045963,0.062271423229,3
5.650000,-0.037189613508,-0.033374127463,0.054493226648,0.073935184366,3
5.660000,-0.073159867134,0.016826013015,-0.017328929787,0.077043965894,3
5.670000,-0.023298847345,0.050753630872,-0.045235828469,0.071868264983,3
5.680000,0.040674970289,0.039235971099,-0.053720940531,0.077973419109,3
5.690000,0.030169770299,-0.045436547376,-0.002250042602,0.054587155715,3
5.700000,-0.013309783792,-0.062140408193,0.056181721563,0.084823148449,3
5.710000,-0.060692267644,-0.012285621031,0.056830472793,0.084048738680,3
5.720000,-0.059466852093,0.043441648060,-0.012326105900,0.074668709448,3
5.730000,-0.006650032136,0.052324167508,-0.063119886123,0.082256680318,3
5.740000,0.060715980185,0.028451589999,-0.038062492772,0.077101728770,3
5.750000,0.042176394708,-0.037546199919,0.002090382650,0.056506062494,3
5.760000,-0.015061948780,-0.039011114653,0.047526143763,0.063304531500,3
5.770000,-0.066552788754,0.000450735297,0.036883488072,0.076091185728,3
5.780000,-0.043573094102,0.071574519047,-0.053179300678,0.099244971294,3
5.790000,0.025340528926,0.048424560166,-0.044173162510,0.070273385571,3
5.800000,0.072371739125,-0.028088297821,-0.032741218650,0.084253240277,3
5.810000,0.049034507098,-0.045976126568,0.029432558055,0.073378897335,3
5.820000,-0.001270236903,-0.032673828640,0.069329486198,0.076653572886,3
5.830000,-0.048300924716,0.048466401409,0.030824931954,0.075047637031,3
5.840000,-0.035116638108,0.066650785657,-0.050804915842,0.090866082640,3
5.850000,0.072297539986,0.053128183647,-0.059549381605,0.107683178980,3
5.860000,0.082019028193,-0.039490492000,0.023681179295,0.094060715482,3
5.870000,0.042830790296,-0.068743143408,0.064269686404,0.103395787891,3
5.880000,-0.031164823857,-0.020691783323,0.060539608537,0.071164881402,3
5.890000,-0.055228027584,0.033641566839,0.012057558763,0.065782024699,3
5.900000,0.012734815350,0.069609616804,-0.049187052902,0.086180278757,3
5.910000,0.076126550383,0.007433651349,-0.060857816775,0.097745509913,3
5.920000,0.069523635830,-0.037469502931,0.010771545782,0.079709006941,3
5.930000,0.009307742493,-0.088759448005,0.068724479678,0.112640702180,3
5.940000,-0.048407325626,-0.010692908069,0.034204447966,0.060229160030,3
5.950000,-0.043709281974,0.060136207474,0.014354768265,0.075716075915,3
5.960000,0.012831409107,0.046077814285,-0.061746721294,0.078105490329,3
5.970000,0.062758762963,0.014052816697,-0.046373115282,0.079288144175,3
5.980000,0.046138859767,-0.053457214394,0.061458120400,0.093613934403,3
5.990000,-0.021308928889,-0.040089777540,0.071147994736,0.084399631922,3
6.000000,-0.071871998274,0.027824186278,0.011181354351,0.077876775505,3
6.010000,-0.053608688683,0.075275879452,-0.061005041845,0.110733755739,3
6.020000,0.015894661693,0.054794359884,-0.064238489448,0.085916504072,3
6.030000,0.044622945062,-0.031631840236,-0.009781793487,0.055564953222,3
6.040000,-0.002815776374,-0.048419237971,0.047286758758,0.067737646521,3
6.050000,-0.047821475435,-0.029235208087,0.080464643016,0.098061968573,3
6.060000,-0.087813520216,0.019383532559,0.007148670970,0.090211081159,3
6.070000,-0.005637177857,0.063559939310,-0.052900488476,0.082886098594,3
6.080000,0.013251712125,0.007216237573,-0.048767328505,0.051048352456,3
6.090000,0.036046482196,-0.024573981086,0.004773924719,0.043886441897,3
6.100000,0.012449827058,-0.068689763122,0.058006891143,0.090763875918,3
6.110000,-0.062375178280,-0.017261432657,0.022094743724,0.068387115914,3
6.120000,-0.060863268309,0.039052136647,-0.015766317259,0.074013401258,3
6.130000,-0.018606210493,0.071727668409,-0.046991072636,0.087745144548,3
6.140000,0.037595751770,0.025306416003,-0.031123374049,0.054977446778,3
6.150000,0.044092178003,-0.043808856791,0.007050790833,0.062554374314,3
6.160000,-0.006980767437,-0.049741017050,0.051783742592,0.072141914917,3
6.170000,-0.057060650313,0.007676262657,0.043266799268,0.072019849635,3
6.180000,-0.044016727695,0.040388688237,-0.005422988700,0.059984391811,3
6.190000,0.035790433854,0.052253903386,-0.055467727624,0.084190821247,3
6.200000,0.078729820323,-0.009974485232,-0.026736988339,0.083742113116,3
6.210000,0.046654993773,-0.064355639833,0.021193856306,0.082264915774,3
6.220000,-0.009191516222,-0.038356863099,0.047673711422,0.061875000428,3
6.230000,-0.037151212033,0.015053293739,0.015378081154,0.042933664972,3
6.240000,-0.014554680983,0.042058569923,-0.031768130408,0.054680674393,3
6.250000,0.048199455962,0.037930226658,-0.040231901097,0.073351861020,3
6.260000,0.053341548804,-0.004771149108,-0.004395299281,0.053734563815,3
6.270000,0.010829400526,-0.050998828197,0.045321486324,0.069081064814,3
6.280000,-0.031611049376,-0.022892194816,0.065035836468,0.075848342442,3
6.290000,-0.030940671837,0.029536281441,-0.004161400596,0.042977137526,3
6.300000,-0.010122503329,0.055860783377,-0.044304311028,0.072012250130,3
6.310000,0.054397860134,0.014798804238,-0.036893468447,0.067374029181,3
6.320000,0.041643265682,-0.027603268861,-0.011238657837,0.051209466493,3
6.330000,0.009485840008,-0.031746191802,0.043846772287,0.054957631814,3
6.340000,-0.027290396844,-0.004180180303,0.030319630746,0.041006337021,3
6.350000,-0.043624039907,0.035217602628,-0.017760418202,0.058811298637,3
6.360000,0.000398468153,0.035167205645,-0.036968581093,0.051025161615,3
6.370000,0.031634444355,-0.000143568447,-0.029285675250,0.043109273439,3
6.380000,0.045162195233,-0.029901081845,0.021744359972,0.058365364424,3
6.390000,0.003156097861,-0.026112757545,0.042986412313,0.050395125795,3
6.400000,-0.040047458790,0.007378276978,0.019454302572,0.045129899349,3
6.410000,-0.032477813814,0.034653275145,-0.014888900725,0.049772856390,3
6.420000,0.011124649269,0.015928061268,-0.054201789680,0.057578598122,3
6.430000,0.026662089858,-0.013438244260,-0.029488795950,0.041964777266,3
6.440000,0.014696701828,-0.044157605623,0.026243169589,0.053428373820,3
6.450000,-0.021332791190,-0.010382893870,0.025118370184,0.034551772542,3
6.460000,-0.043903931781,0.009066393933,0.005566675386,0.045174579131,3
6.470000,-0.028735243632,0.042130119004,-0.020766218886,0.055062664308,3
6.480000,0.019612083577,0.027816674263,-0.037905642763,0.050943487735,3
6.490000,0.019325347746,-0.027410415104,-0.009204644277,0.034778231668,3
6.500000,0.003925920347,-0.039780378765,0.021086284824,0.045194278320,3
6.510000,-0.042437452547,-0.009107197304,0.036769916811,0.056885017392,3
6.520000,-0.036412517482,0.019693475467,0.002751671493,0.041488264622,3
6.530000,-0.010642866080,0.030557196576,-0.034820286554,0.047533832337,3
6.540000,0.015537178828,0.024905062197,-0.039534949539,0.049241022370,3
6.550000,0.026011573682,-0.016433484792,-0.001970169856,0.030830876684,3
6.560000,0.004908366140,-0.039004082822,0.024640154544,0.046395557448,3
6.570000,-0.034568162036,-0.005147729379,0.018217316940,0.039412277031,3
6.580000,-0.028936546336,0.037182245943,-0.012467632402,0.048736895520,3
6.590000,0.002635764214,0.017666896664,-0.027400635165,0.032708734280,3
6.600000,0.029442872102,-0.010758867275,-0.015355484480,0.034905971499,3
6.610000,0.025220012203,-0.030805888277,0.014220593736,0.042276199619,3
6.620000,-0.011710527575,-0.021055985833,0.041410405004,0.047909421183,3
6.630000,-0.025191879854,0.008252975003,0.020594695925,0.033569091547,3
6.640000,-0.013009584054,0.028517054002,-0.017401843142,0.035851022175,3
6.650000,0.014042134830,0.008808093255,-0.021989378498,0.027537189837,3
6.660000,0.034759528538,-0.011756089359,-0.016059035355,0.040054002019,3
6.670000,0.015968246754,-0.021147269756,0.022277811637,0.034619254958,3
6.680000,-0.008999340824,-0.014518825375,0.030729011246,0.035157596017,3
6.690000,-0.021078514284,0.017855006235,0.005549448141,0.028176255727,3
6.700000,-0.002579587914,0.024964800980,-0.021593001645,0.033108205657,3
6.710000,0.028443101575,0.010871312255,-0.015223896388,0.034043537986,3
6.720000,0.038207164781,-0.014876630777,0.004008682036,0.041196736710,3
6.730000,0.008686402192,-0.024218215075,0.029564350166,0.039192171733,3
6.740000,-0.015750230785,-0.006102666674,0.024358232815,0.029641791717,3
6.750000,-0.024147445883,0.017599876404,-0.004454337622,0.030210857581,3
6.760000,0.011147017909,0.027109912904,-0.025665838860,0.038960732415,3
6.770000,0.030676895700,0.005840297063,-0.025962805249,0.040610937640,3
6.780000,0.031539553360,-0.018104168968,0.007587246047,0.037149302318,3
6.790000,-0.008914702393,-0.035668623626,0.033462295078,0.049713658305,3
6.800000,-0.031136227894,0.005672086172,0.017053170131,0.035950630878,3
6.810000,-0.014583198645,0.017983241241,-0.007053102674,0.024203572166,3
6.820000,0.006345830873,0.020147879811,-0.028465813245,0.035447272871,3
6.830000,0.038185093266,-0.009200878150,-0.015975282753,0.042402442919,3
6.840000,0.010455530566,-0.038582087056,0.016023138150,0.043065491024,3
6.850000,-0.010547353434,-0.016186029804,0.024785745905,0.031425585521,3
6.860000,-0.027059877095,0.003607788585,0.006384895546,0.028036047832,3
6.870000,-0.018236882549,0.019661539269,-0.016377107396,0.031422438769,3
6.880000,0.007693674311,0.013255676401,-0.036548740181,0.039632259462,3
6.890000,0.016130238802,-0.013040067808,-0.008230549169,0.022315239453,3
6.900000,0.007200985219,-0.029262913714,0.031343937177,0.043481199442,3
6.910000,-0.026862708280,-0.007938139991,0.023193316393,0.036366867998,3
6.920000,-0.028663180552,0.011635690306,0.003062110404,0.031086069683,3
6.930000,-0.007892957560,0.031813796530,-0.021688467894,0.039304021019,3
6.940000,0.018134148715,0.020938470302,-0.028924195644,0.040048420466,3
6.950000,0.024906150752,-0.025334582949,0.004414643489,0.035800091000,3
6.960000,0.007786912420,-0.030702851674,0.040191805548,0.051173062633,3
6.970000,-0.022350324889,-0.006086753180,0.025305233048,0.034306565064,3
6.980000,-0.030589475387,0.015682765954,-0.006063108153,0.034905965578,3
6.990000,0.004597507237,0.028717012201,-0.038346482144,0.048127503108,3
7.000000,0.025542411382,-0.009015123197,-0.020818416707,0.034162753104,3
7.010000,0.030287796761,-0.019141536016,0.009845725503,0.037157601434,3
7.020000,-0.007636839926,-0.023662276157,0.026555522102,0.036378845379,3
7.030000,-0.025996602775,0.013659942482,0.014017971905,0.032541065145,3
7.040000,-0.017802941958,0.018687640730,-0.016227758346,0.030487912348,3
7.050000,0.022819654949,0.031610795574,-0.046961235735,0.061035536457,3
7.060000,0.057122659668,-0.006849232023,-0.011871198985,0.058743813224,3
7.070000,0.030032275374,-0.038687523905,0.017771138214,0.052100627861,3
7.080000,-0.002933404101,-0.022378011935,0.036780484372,0.043153033595,3
7.090000,-0.033958278508,0.021515959325,0.012155635065,0.041998341023,3
7.100000,-0.002592681666,0.039436329530,-0.037732431624,0.054641398969,3
7.110000,0.028545901547,0.023303390288,-0.037368691155,0.052481764192,3
7.120000,0.056657441670,-0.024342114008,0.002666762898,0.061722895552,3
7.130000,0.038864501300,-0.062889389183,0.047493509807,0.087870121241,3
7.140000,-0.025374963135,-0.025364805862,0.031957395758,0.048047240027,3
7.150000,-0.033136315042,0.011717221305,-0.004313800897,0.035410697930,3
7.160000,0.000859618056,0.038363025610,-0.030348997932,0.048923637975,3
7.170000,0.037385433544,0.020367144849,-0.031937626705,0.053221266709,3
7.180000,0.034841698679,-0.016724679678,0.019099115789,0.043109570876,3
7.190000,-0.006050421105,-0.036406413527,0.035787377330,0.051407887698,3
7.200000,-0.062446653714,-0.013008121545,0.035445729843,0.072973937473,3
7.210000,-0.049808193130,0.035290995727,-0.005032794062,0.061250628555,3
7.220000,0.009698688014,0.037116525749,-0.072201555759,0.081760416382,3
7.230000,0.044889364874,0.000805118411,-0.034659980920,0.056718758553,3
7.240000,0.018990239055,-0.049659168499,0.034082020686,0.063152563918,3
7.250000,-0.015169059056,-0.037349213652,0.062922013653,0.074727798811,3
7.260000,-0.066969472209,0.018455252990,0.015051295512,0.071077760709,3
7.270000,-0.042624295845,0.048375119375,-0.016628251802,0.066584394034,3
7.280000,0.010053179095,0.050221425937,-0.062452645976,0.080768750284,3
7.290000,0.037022287153,-0.028469071687,-0.025521353637,0.053221022916,3
7.300000,0.001421786695,-0.045549204569,0.033716251464,0.056688068648,3
7.310000,-0.033631373764,-0.045050734374,0.048977502568,0.074561610274,3
7.320000,-0.064306908811,0.020897762124,0.019243097773,0.070302146443,3
7.330000,-0.020792044118,0.051219195471,-0.038219340361,0.067204412511,3
7.340000,0.022523092600,0.035339436519,-0.044111909276,0.060844276754,3
7.350000,0.044570628201,-0.054264606958,-0.005230081111,0.070416917108,3
7.360000,0.011658021797,-0.062147029226,0.053788236074,0.083014077444,3
7.370000,-0.053330183847,0.000660039989,0.053465229950,0.075518706130,3
7.380000,-0.060426126824,0.044809097149,-0.008654389203,0.075723645202,3
7.390000,-0.000097590989,0.059771380116,-0.046891023408,0.075969701074,3
7.400000,0.051806406686,0.022948362192,-0.057820759855,0.080955366538,3
7.410000,0.065681966504,-0.031631367067,0.004832511803,0.073061736064,3
7.420000,0.015267757753,-0.052155001135,0.052957917656,0.075880100241,3
7.430000,-0.035136001157,-0.003676858736,0.027624426390,0.044846034394,3
7.440000,-0.037573411295,0.039060150369,-0.011563187900,0.055418082768,3
7.450000,0.020540225233,0.056554647203,-0.072996320540,0.094598053813,3
7.460000,0.082213244559,-0.002243503627,-0.044970691995,0.093735873752,3
7.470000,0.063172292884,-0.047183263109,0.029480631397,0.084179014805,3
7.480000,0.003042475553,-0.024010338974,0.048802033530,0.054473769026,3
7.490000,-0.056628699562,0.025666895470,0.019575344354,0.065182767997,3
7.500000,-0.018226087872,0.052839313855,-0.032748224570,0.064781398412,3
7.510000,0.036664892850,0.017782204832,-0.068315984588,0.079546181094,3
7.520000,0.074457671587,-0.025937334348,-0.000662795773,0.078848775954,3
7.530000,0.036816068853,-0.047298378593,0.057666011753,0.083174085236,3
7.540000,-0.031779658790,-0.032460299974,0.067355748168,0.081242935684,3
7.550000,-0.057057886873,0.031257911719,0.013927799805,0.066533022679,3
7.560000,0.007919081421,0.074222378728,-0.055949212473,0.093284445279,3
7.570000,0.048222273966,0.023085547696,-0.037844833476,0.065502378886,3
7.580000,0.070329250309,-0.019141845964,0.011924951779,0.073856740998,3
7.590000,0.014658117702,-0.052711517944,0.054185416857,0.077002752798,3
7.600000,-0.072519149091,-0.027253636357,0.038196847263,0.086375846279,3
7.610000,-0.064766031832,0.036503088136,-0.010253654285,0.075048329421,3
7.620000,0.004254471846,0.056984974471,-0.047017960162,0.074000516376,3
7.630000,0.035973000663,0.006817614473,-0.041531516279,0.055366086083,3
7.640000,0.039836634681,-0.029457149613,0.016613272511,0.052255927411,3
7.650000,-0.022052335531,-0.060075647054,0.062111464505,0.089180843763,3
7.660000,-0.056509711831,-0.013141144862,0.020492400362,0.061530282724,3
7.670000,-0.051962579819,0.046642333051,-0.022238995932,0.073281579363,3
7.680000,0.005195519414,0.031235444406,-0.062052294626,0.069664436247,3
7.690000,0.061221265229,-0.014715326721,-0.011120463012,0.063939415499,3
7.700000,0.031801113035,-0.057121261038,0.032702274002,0.073099849368,3
7.710000,-0.038441215361,-0.047141739385,0.046416177068,0.076514914391,3
7.720000,-0.076810137840,0.025706006195,0.018427394803,0.083067231257,3
7.730000,-0.043103130135,0.052108800060,-0.037779871272,0.077463059225,3
7.740000,0.025830133998,0.023479054304,-0.055958012489,0.065952717723,3
7.750000,0.041080419619,-0.033611237569,-0.042346305385,0.067900852327,3
7.760000,0.003894625545,-0.057393369695,0.038173090101,0.069038770274,3
7.770000,-0.036052797066,-0.022218099504,0.045986007542,0.062515286223,3
7.780000,-0.063991344836,0.019731017596,-0.008325285147,0.067479742458,3
7.790000,-0.013801013064,0.059465482007,-0.055261564053,0.082343499886,3
7.800000,0.052634021919,0.023459730248,-0.053211406224,0.078435661271,3
7.810000,0.054668656954,-0.038329384989,-0.000799541847,0.066771573847,3
7.820000,0.013704931585,-0.041281627846,0.052158882768,0.067915734547,3
7.830000,-0.038773484248,-0.003139871898,0.033849177595,0.051565576697,3
7.840000,-0.040372321011,0.049411854341,-0.024616236354,0.068391627743,3
7.850000,-0.002371597044,0.036983876903,-0.040453958722,0.054863051315,3
7.860000,0.045966116697,-0.000258078897,-0.023816313419,0.051770331984,3
7.870000,0.059033462547,-0.041405483264,0.021647723735,0.075286039128,3
7.880000,0.018970009844,-0.025568065072,0.061046460077,0.068849528052,3
7.890000,-0.033056116477,0.002809782106,0.023440063634,0.040620663402,3
7.900000,-0.029469564062,0.045857079685,-0.036955655249,0.065856263317,3
7.910000,0.040866988263,0.042844241110,-0.039587458208,0.071224339754,3
7.920000,0.043305606945,-0.008196053751,-0.012857052763,0.045911378718,3
7.930000,0.033731802167,-0.038518214650,0.032607331289,0.060701938940,3
7.940000,-0.017187900953,-0.029533230887,0.056033415338,0.065630627761,3
7.950000,-0.032069533275,0.028324141745,0.011271755250,0.044246631923,3
7.960000,0.006613424517,0.052542630843,-0.024529712417,0.058362421394,3
7.970000,0.039187433307,0.030243810737,-0.054274884716,0.073458193063,3
7.980000,0.039508567528,-0.021517097629,-0.004834782669,0.045246961467,3
7.990000,0.024324687307,-0.035793045751,0.039450929404,0.058559443026,3
8.000000,-0.028380792885,-0.010803888909,0.037827726555,0.048509074581,3
8.010000,-0.038688787178,0.024656557142,-0.013883153442,0.047932348293,3
8.020000,-0.014238346698,0.049319761911,-0.019330518920,0.054852879535,3
8.030000,0.019425799372,0.019446838037,-0.031938227038,0.042137768536,3
8.040000,0.025798046760,-0.033016311732,0.004369962195,0.042127338233,3
8.050000,-0.001759900850,-0.039594349838,0.031684936430,0.050741945042,3
8.060000,-0.036676361345,-0.002999281679,0.014935735095,0.039714321786,3
8.070000,-0.040678031688,0.028629144550,-0.017149624791,0.052615965354,3
8.080000,0.003925860662,0.027238363707,-0.029254308053,0.040164105605,3
8.090000,0.021062743822,-0.010808171067,-0.034711679260,0.042016144708,3
8.100000,0.025297065602,-0.039180516892,0.006756389232,0.047124337952,3
8.110000,-0.010073673072,-0.035153524916,0.040646494267,0.054675284172,3
8.120000,-0.047405617186,0.005519439261,0.011584320861,0.049111640579,3
8.130000,-0.027320148017,0.045572796866,-0.019768343741,0.056692660161,3
8.140000,0.007622813307,0.018106575756,-0.044921826980,0.049029847109,3
8.150000,0.023060019649,-0.021827584003,-0.007204251151,0.032559317626,3
8.160000,0.000283306240,-0.027861477630,0.021780024747,0.035365402247,3
8.170000,-0.027497635964,-0.007915368120,0.027138282235,0.039436777236,3
8.180000,-0.029069044762,0.015472980313,0.000327758091,0.032932201696,3
8.190000,-0.005933963470,0.022724040791,-0.025422660743,0.034610773346,3
8.200000,0.019951317625,0.008041143168,-0.033083365555,0.039461679322,3
8.210000,0.020549787377,-0.023118331292,-0.000387598941,0.030933820260,3
8.220000,0.007880303248,-0.026898400732,0.029235459488,0.040501052242,3
8.230000,-0.025871187717,-0.006151748763,0.019603503381,0.033037247336,3
8.240000,-0.013024787508,0.029483666254,0.002342879176,0.032317499102,3
8.250000,0.007295620044,0.015734984750,-0.027340633452,0.032377863649,3
8.260000,0.030912338840,0.009050766186,-0.023698176049,0.039988656006,3
8.270000,0.016907622100,-0.016194652664,0.000778012744,0.023425195065,3
8.280000,0.003419941961,-0.034497454340,0.031778020426,0.047027789031,3
8.290000,-0.023649902934,0.000065889727,0.019336470907,0.030548671941,3
8.300000,-0.018405007465,0.017426813756,-0.016006432546,0.029977391820,3
8.310000,0.017513497170,0.015262546765,-0.029407394269,0.037476162485,3
8.320000,0.030829328511,-0.001949979943,-0.013896218165,0.033872626080,3
8.330000,0.025017397860,-0.032621372178,0.011140372166,0.042592628593,3
8.340000,0.003113129632,-0.019064502970,0.034844552867,0.039840804637,3
8.350000,-0.026810382892,0.005934361565,0.010591682445,0.029431225170,3
8.360000,-0.013131871214,0.033736168106,-0.016502639306,0.039785828936,3
8.370000,0.019523723819,0.022674812636,-0.021606862810,0.036907715187,3
8.380000,0.025419020843,-0.008533142936,0.001102191147,0.026835721982,3
8.390000,0.014926249483,-0.025853429341,0.024810388275,0.038816853282,3
8.400000,-0.016844873566,-0.006719044448,0.024603536907,0.030565165664,3
8.410000,-0.025839262752,0.024144332245,-0.001484062758,0.035395179353,3
8.420000,-0.004748152655,0.030627908394,-0.015838438908,0.034806175792,3
8.430000,0.014436034221,0.006989517855,-0.023205131585,0.028208696810,3
8.440000,0.014078495209,-0.017558977565,0.004305306217,0.022914130621,3
8.450000,0.003474452109,-0.016169316233,0.020200876708,0.026107355758,3
8.460000,-0.028899380275,-0.003875572546,0.016017823477,0.033268076467,3
8.470000,-0.031661257628,0.014994292404,-0.011410146177,0.036843662617,3
8.480000,-0.002101080877,0.033900062086,-0.029695741828,0.045116137168,3
8.490000,0.015738905361,0.014048539489,-0.020714993373,0.029566629064,3
8.500000,0.022577730433,-0.017402090653,0.009799827392,0.030143378834,3
8.510000,-0.016635420894,-0.020357393547,0.025080565371,0.036334494075,3
8.520000,-0.040150146405,-0.001146841672,0.018845859377,0.044367960487,3
8.530000,-0.029886248986,0.022197976424,-0.014141929150,0.039823764210,3
8.540000,-0.002876438325,0.013551125659,-0.027260209845,0.030578193944,3
8.550000,0.020221001782,-0.006109359203,-0.010466615426,0.023574630886,3
8.560000,0.011587162659,-0.026547054047,0.010683771900,0.030873150132,3
8.570000,-0.015254194418,-0.017702807400,0.019404667646,0.030374676354,3
8.580000,-0.037011558472,0.012145793700,0.009545809597,0.040106087394,3
8.590000,-0.024140461753,0.039119989614,-0.024413916534,0.052049733924,3
8.600000,0.015425434109,0.009474951222,-0.028839536841,0.034050515464,3
8.610000,0.021956821998,-0.012564862016,0.001813052399,0.025362668407,3
8.620000,0.009693138563,-0.027370050068,0.031163577707,0.042593956748,3
8.630000,-0.018681083228,-0.017145656700,0.028731643126,0.038320539283,3
8.640000,-0.027921840013,0.019424699870,-0.004764774553,0.034346050592,3
8.650000,0.004698056780,0.037233843071,-0.027999297992,0.046822980420,3
8.660000,0.037986574485,0.006428849503,-0.030254234398,0.048986004594,3
8.670000,0.038758410349,-0.029510539826,0.009711561981,0.049672938002,3
8.680000,0.012910384186,-0.024175574286,0.033203043903,0.043053205877,3
8.690000,-0.019226225621,0.007446128324,0.021071348651,0.029480405571,3
8.700000,-0.028962358062,0.029871094152,-0.012337296106,0.043397111950,3
8.710000,0.014095394490,0.028337995551,-0.041995339123,0.052586411227,3
8.720000,0.033073346843,0.004564037550,-0.021811686543,0.039880150200,3
8.730000,0.043773716655,-0.046182381250,0.016711204450,0.065789170552,3
8.740000,-0.003611954980,-0.026905596176,0.043468481401,0.051249060476,3
8.750000,-0.039025916893,0.015983362824,0.017374852683,0.045611134411,3
8.760000,-0.013427200918,0.037726660844,-0.015486024460,0.042934923040,3
8.770000,0.023756551144,0.039630921574,-0.045972854027,0.065180418643,3
8.780000,0.031607996096,-0.015654933079,-0.007589504501,0.036079674687,3
8.790000,0.026129082902,-0.045251378622,0.029522571515,0.060016651601,3
8.800000,-0.017333358889,-0.036884284818,0.045216351341,0.060872113693,3
8.810000,-0.029342435923,0.017983094077,0.002452130040,0.034501929804,3
8.820000,-0.017155066777,0.039719359349,-0.030971042695,0.053208357510,3
8.830000,0.026276789942,0.019931227698,-0.032687010564,0.046434515038,3
8.840000,0.026992883636,-0.024881837088,0.001025351020,0.036725644019,3
8.850000,0.000506239224,-0.043389255031,0.044964823058,0.062487751143,3
8.860000,-0.034947761845,-0.009551966165,0.030098694711,0.047101141588,3
8.870000,-0.052487816185,0.047573082197,-0.014079773646,0.072224712000,3
8.880000,-0.016222259516,0.053527687349,-0.054699083846,0.078232760340,3
8.890000,0.018322054339,0.001498822523,-0.036119258029,0.040528322747,3
8.900000,0.031075960641,-0.031780367725,0.008159042152,0.045191559736,3
8.910000,-0.004420228641,-0.041075825141,0.046616493319,0.062288516451,3
8.920000,-0.056493375445,-0.012423871627,0.028770564097,0.064603400946,3
8.930000,-0.055324767776,0.039172859253,-0.025381548873,0.072384845477,3
8.940000,0.003450215692,0.031781994529,-0.056520250184,0.064934873877,3
8.950000,0.028707801726,-0.012001829247,-0.040418174020,0.051007946207,3
8.960000,0.023777664476,-0.050899272766,0.020533328690,0.059814136148,3
8.970000,-0.033822481682,-0.033756306219,0.055746710600,0.073424411604,3
8.980000,-0.059803985671,0.008560717819,0.016361593848,0.062589970003,3
8.990000,-0.046703372037,0.062518377826,-0.042612261638,0.088913201312,3
9.000000,0.026539912109,0.030033904532,-0.049169618178,0.063435429437,3
9.010000,0.058314039359,-0.007092373795,-0.022230172190,0.062809310680,3
9.020000,0.024278586432,-0.059926391841,0.047583978129,0.080279867792,3
9.030000,-0.025466485242,-0.003086780643,0.042145405891,0.049338679786,3
9.040000,-0.042682458445,0.032237332847,-0.021628289967,0.057695934128,3
9.050000,-0.003249578787,0.054527517729,-0.044611087203,0.070526300437,3
9.060000,0.050950822767,0.035463054628,-0.058938829452,0.085600234821,3
9.070000,0.046073003671,-0.029570917239,0.002663764898,0.054811097937,3
9.080000,-0.001691748127,-0.056913119642,0.066161280611,0.087288488653,3
9.090000,-0.051796950870,-0.038904319605,0.058056108846,0.086988401398,3
9.100000,-0.031849990893,0.038354419473,-0.009287498031,0.050712336100,3
9.110000,0.002412875715,0.047773891299,-0.061755604640,0.078114796060,3
9.120000,0.048203999022,0.002781551275,-0.028785660068,0.056213670710,3
9.130000,0.062948298720,-0.047141519375,0.017876560325,0.080649752448,3
9.140000,0.002060640749,-0.054110330016,0.059353563386,0.080343136243,3
9.150000,-0.057731569782,-0.005889729324,0.041471659625,0.071326864595,3
9.160000,-0.037997739727,0.071159004382,-0.021870343974,0.083580763783,3
9.170000,0.037731135368,0.059874044402,-0.054209727526,0.089147262031,3
9.180000,0.082529419986,-0.015449361279,-0.005904699423,0.084170383167,3
9.190000,0.046483281528,-0.050917825620,0.042767280276,0.081131748962,3
9.200000,-0.020567220401,-0.032430394927,0.053802647784,0.066101936270,3
9.210000,-0.051657916059,0.019223191641,0.008923392018,0.055836352974,3
9.220000,-0.031900158156,0.055628363766,-0.038529092103,0.074810600077,3
9.230000,0.031482045192,0.013408863113,-0.043355607304,0.055232467482,3
9.240000,0.067036045183,-0.007156577045,-0.013723027529,0.068799487159,3
9.250000,-0.001913375763,-0.052893032219,0.045709408696,0.069933424823,3
9.260000,-0.059689805958,-0.008038883866,0.066591166732,0.089787972890,3
9.270000,-0.078168233617,0.039696912785,-0.019707037894,0.089858138051,3
9.280000,-0.019554623960,0.046441197322,-0.062638247479,0.080391032921,3
9.290000,0.050782018184,0.013935044625,-0.046200230857,0.070053266667,3
9.300000,0.059872447128,-0.043245687184,0.010342562890,0.074577932341,3
9.310000,-0.025822886077,-0.057870295101,0.065525994052,0.091156175857,3
9.320000,-0.060076911824,-0.006670850985,0.010781329566,0.061400103049,3
9.330000,-0.051893051480,0.032070943212,-0.023653627567,0.065428803195,3
9.340000,-0.010538878227,0.049599881039,-0.061532797671,0.079733940969,3
9.350000,0.047106611820,0.010656423345,-0.030364557398,0.057049089227,3
9.360000,0.037580564578,-0.073972323179,0.033696733744,0.089552628635,3
9.370000,-0.038673778382,-0.062506783575,0.053846157531,0.091116232408,3
9.380000,-0.061022685412,0.019720925751,0.029534458046,0.070604300573,3
9.390000,-0.038011084993,0.062581778293,-0.028171083497,0.078453371515,3
9.400000,0.026363291093,0.029690153758,-0.058532956428,0.070729310301,3
9.410000,0.053933926238,-0.016610406470,-0.029060805310,0.063476802123,3
9.420000,0.036921883549,-0.055334212927,0.031998462600,0.073817357131,3
9.430000,-0.037314214976,-0.032289892087,0.072495609070,0.087696072344,3
9.440000,-0.048945054313,0.036009861542,0.015589690779,0.062732502968,3
9.450000,-0.012610230283,0.073310249001,-0.053037530835,0.091358580295,3
9.460000,0.056451977093,0.036028977541,-0.044730545183,0.080534058712,3
9.470000,0.063112562459,-0.022532203928,0.000175936069,0.067014376871,3
9.480000,0.012410545445,-0.057106088354,0.059187505127,0.083176244977,3
9.490000,-0.020498729898,-0.013457247989,0.039552829321,0.046537315760,3
9.500000,-0.036602725784,0.048751252635,0.004535740756,0.061131146828,3
9.510000,-0.002279801327,0.050226023668,-0.047809350005,0.069380003571,3
9.520000,0.059193327647,0.002836412417,-0.021267803814,0.062962010390,3
9.530000,0.047723147420,-0.053857055119,0.014718629207,0.073448752416,3
9.540000,0.017611995916,-0.042444786513,0.065150544840,0.079726631656,3
9.550000,-0.042387917936,-0.004758625013,0.039856402849,0.058377332476,3
9.560000,-0.031392459043,0.042293099921,-0.012809187046,0.054205793588,3
9.570000,0.011231191891,0.033053817637,-0.048848238566,0.060040360947,3
9.580000,0.045614775031,-0.006193816065,-0.018872996662,0.049751995554,3
9.590000,0.020079230737,-0.044382960464,0.008254350305,0.049408065997,3
9.600000,-0.002399889149,-0.023912227614,0.056486849344,0.061386629214,3
9.610000,-0.036126717887,0.014249444310,0.013887931079,0.041243921226,3
9.620000,-0.023297487036,0.050697082755,-0.022629831640,0.060208607209,3
9.630000,0.014782335890,0.028393860173,-0.058457224701,0.066648149784,3
9.640000,0.054429666241,-0.002586778850,-0.026198499087,0.060461899957,3
9.650000,0.021302839227,-0.039914235614,0.041529533360,0.061413836428,3
9.660000,-0.032033445769,-0.043468851076,0.057943349690,0.079202995113,3
9.670000,-0.051317611909,0.010750441321,0.003097158412,0.052522963272,3
9.680000,-0.012655209759,0.037653698535,-0.043871843310,0.059183561762,3
9.690000,0.026739252403,0.015288137855,-0.050482840597,0.059137399105,3
9.700000,0.020803514016,-0.025559701370,0.003080696848,0.033099474658,3
9.710000,-0.014280889354,-0.047248159029,0.045129670114,0.066880635889,3
9.720000,-0.046955415281,-0.022607822819,0.020262339861,0.055914998824,3
9.730000,-0.038770566416,0.034794679308,-0.020239616177,0.055888000424,3
9.740000,-0.007857910776,0.028867697372,-0.040909570301,0.050682182822,3
9.750000,0.040565113948,-0.001290485178,-0.042057534866,0.058446813947,3
9.760000,0.035522453650,-0.037245601428,0.018466085206,0.054681585949,3
9.770000,-0.015275802968,-0.037024640430,0.047824318638,0.062380602823,3
9.780000,-0.046358592379,0.002756236545,0.024165663131,0.052351649466,3
9.790000,-0.030651691823,0.022043520216,-0.009276837161,0.038878049113,3
9.800000,0.013525703441,0.029020604216,-0.040056329984,0.051280110125,3
9.810000,0.042913290321,-0.011485309417,-0.016824124705,0.047502778768,3
9.820000,0.037843675785,-0.038637643157,0.020626337190,0.057883132703,3
9.830000,-0.016521475382,-0.024062515639,0.043219647323,0.052152677040,3
9.840000,-0.031940839394,0.009093003212,0.007647806762,0.034079156047,3
9.850000,-0.015382351531,0.029886596143,-0.026431791902,0.042760554145,3
9.860000,0.017562741932,0.015826909894,-0.031985323298,0.039774387329,3
9.870000,0.042742008157,-0.006384465868,-0.008518070749,0.044047680927,3
9.880000,0.007244812564,-0.041549849528,0.033950866716,0.054143685279,3
9.890000,-0.019318629472,-0.011143682923,0.041200043587,0.046849063015,3
9.900000,-0.017336435312,0.022952463888,-0.003973310612,0.029037127700,3
9.910000,-0.000888901302,0.026187096754,-0.027115954003,0.037707149766,3
9.920000,0.021530114292,0.009641524218,-0.022837384270,0.032833685919,3
9.930000,0.039863201791,-0.020577671832,0.003915662382,0.045031631627,3
9.940000,0.001906646362,-0.030823875563,0.039494028048,0.050135066137,3
9.950000,-0.020166007683,-0.006676665068,0.020957711617,0.029840767391,3
9.960000,-0.016658425765,0.032227569273,-0.016860720880,0.040005040667,3
9.970000,0.008559671805,0.024020433193,-0.029569321144,0.039046049033,3
9.980000,0.048587695263,0.004825519781,-0.016424807153,0.051515279890,3
9.990000,0.032566104521,-0.025019482069,0.016141273556,0.044125574882,3
10.000000,-0.015222883407,-0.028722610709,0.045950786601,0.056286759850,3
10.010000,-0.031046745673,0.007913892276,0.018831024792,0.037163659703,3
10.020000,-0.012322762026,0.026983660791,-0.017743094687,0.034565674053,3
10.030000,0.020572710180,0.022167113457,-0.024225936104,0.038749365198,3
10.040000,0.047834161049,-0.007612173446,-0.014276828316,0.050496336249,3
10.050000,0.016070586365,-0.033690835475,0.021599055713,0.043126040264,3
10.060000,-0.023224472497,-0.013591620855,0.024451427832,0.036359051187,3
10.070000,-0.018672123625,0.000569258809,-0.001323351685,0.018727613728,3
10.080000,-0.016644036709,0.030753258343,-0.029612247105,0.045822178422,3
10.090000,0.009673217725,0.009124670965,-0.020389157246,0.024342319006,3
10.100000,0.026742354507,-0.011539075137,0.008810177738,0.030428983081,3
10.110000,-0.010048700108,-0.040267665457,0.034005258233,0.053654625548,3
10.120000,-0.024513742542,-0.011534296931,0.018673612602,0.032903911420,3
10.130000,-0.032017716724,0.011245641654,-0.008311530276,0.034938233727,3
10.140000,-0.004897131237,0.023775908777,-0.025116248212,0.034929953575,3
10.150000,0.020582139048,0.002283276057,-0.011905713305,0.023886896129,3
10.160000,0.017366463299,-0.026039022320,0.004578450068,0.031632055512,3
10.170000,0.000201326870,-0.029644222815,0.026133104481,0.039519104604,3
10.180000,-0.032819361201,0.001151522203,0.023665552736,0.040478325797,3
10.190000,-0.020163083821,0.020647169341,-0.013653874244,0.031926224845,3
10.200000,-0.003618719556,0.020554147939,-0.027842258831,0.034795969674,3
10.210000,0.022479920598,0.005363373990,-0.010436997484,0.025358302923,3
10.220000,0.016790071929,-0.018905678755,0.014509893726,0.029152499387,3
10.230000,-0.009121143225,-0.034352840807,0.019383590009,0.040485015584,3
10.240000,-0.030223164189,0.010926745896,0.015440285381,0.035654394429,3
10.250000,-0.020830427612,0.029774229608,-0.019777938307,0.041371225591,3
10.260000,0.022367366501,0.015318965240,-0.039630348728,0.048015979845,3
10.270000,0.040262569538,-0.014071090626,-0.010642259785,0.043958250540,3
10.280000,0.015617760022,-0.040655441159,0.022305369287,0.048931675048,3
10.290000,-0.022416566687,-0.021682677449,0.031541613195,0.044356671723,3
10.300000,-0.035662550609,0.023900721248,-0.005385822357,0.043267413541,3
10.310000,-0.004523928526,0.025335555081,-0.029185786598,0.038912291373,3
10.320000,0.029041954593,0.007759080587,-0.023578240892,0.038204344016,3
10.330000,0.042897511109,-0.010557522872,0.003975482536,0.044356084249,3
10.340000,0.022601897036,-0.037057743213,0.038309709186,0.057894351189,3
10.350000,-0.023408112188,0.001042570477,0.032939894664,0.040423549199,3
10.360000,-0.021568261976,0.020613954161,-0.003019636834,0.029987384638,3
10.370000,0.014830889156,0.030761398544,-0.032614554488,0.047222114289,3
10.380000,0.059037781944,0.002516220830,-0.012332896907,0.060364653649,3
10.390000,0.045562963054,-0.039259018699,0.021399413245,0.063837207322,3
10.400000,0.008370927311,-0.031725246127,0.044894406370,0.055606397017,3
10.410000,-0.020440255275,0.004415886455,0.018396103708,0.027851763329,3
10.420000,-0.023539506324,0.033229259226,-0.000060145675,0.040722176320,3
10.430000,0.011162972942,0.044827963708,-0.023429137617,0.051798482455,3
10.440000,0.040203086403,-0.009347282955,0.000052168211,0.041275447623,3
10.450000,0.032783016142,-0.044209650904,0.013434777406,0.056654325735,3
10.460000,-0.023012736983,-0.037201992919,0.051582597116,0.067633857393,3
10.470000,-0.049516049290,0.013828516657,0.021002853159,0.055535455801,3
10.480000,-0.031001245084,0.050667638551,-0.032635433076,0.067774318773,3
10.490000,0.020849938122,0.025790797539,-0.046039011577,0.056740424253,3
10.500000,0.044093891716,-0.029850421241,-0.006528118700,0.053646391012,3
10.510000,0.016248807741,-0.050160995273,0.028266684178,0.059826036424,3
10.520000,-0.028480564139,-0.013380991583,0.047532331207,0.057004525955,3
10.530000,-0.054336195210,0.033271825042,0.000678020956,0.063717314475,3
10.540000,-0.010483830873,0.053655873838,-0.057682756059,0.079474296811,3
10.550000,0.039022205939,0.027003687161,-0.033468760965,0.058069696376,3
10.560000,0.034258699880,-0.044784102923,0.001650458547,0.056409204971,3
10.570000,0.001548542389,-0.054921264572,0.061008532673,0.082102279777,3
10.580000,-0.067107711074,-0.002692439734,0.043711518918,0.080133582245,3
10.590000,-0.050873984856,0.034180555803,-0.020066586703,0.064491399675,3
10.600000,-0.011801295038,0.057642421683,-0.039470071789,0.070850588629,3
10.610000,0.028611559069,-0.010552580232,-0.034072994678,0.045726876432,3
10.620000,0.049484555790,-0.047022065216,0.026956569467,0.073392455445,3
10.630000,-0.023896233693,-0.051732931184,0.057066994557,0.080647182352,3
10.640000,-0.073150792753,0.001556910376,0.015223828430,0.074734378985,3
10.650000,-0.026560595136,0.064572037316,-0.012702322547,0.070967332028,3
10.660000,0.032441030715,0.033156806806,-0.044730704025,0.064440904664,3
10.670000,0.056752077913,-0.011689147414,-0.034919681125,0.067652188764,3
10.680000,0.028618785203,-0.054415482722,0.028210304044,0.067645405465,3
10.690000,-0.039445877489,-0.059924251812,0.097581176890,0.121115561714,3
10.700000,-0.066064247400,0.043260103376,0.019375250967,0.081310034305,3
10.710000,-0.006978931550,0.054047735800,-0.054228352499,0.076880279951,3
10.720000,0.038961882283,0.026401941799,-0.047870965309,0.067132109467,3
10.730000,0.083170109283,-0.045257345535,0.001927528360,0.094705912005,3
10.740000,0.028781338542,-0.050690247215,0.053850121055,0.079358062908,3
10.750000,-0.042322234591,-0.023500914855,0.031570272268,0.057794001686,3
10.760000,-0.040741573516,0.036666361156,0.004743748066,0.055016370279,3
10.770000,0.006232076132,0.050832927060,-0.055239709470,0.075327622748,3
10.780000,0.067227150844,0.027207875731,-0.032987603821,0.079673962612,3
10.790000,0.081147042780,-0.033084877020,0.020228027857,0.089936781965,3
10.800000,0.019109813931,-0.056526123650,0.067885666511,0.090381698153,3
10.810000,-0.058198406555,0.007133483270,0.042064866239,0.072162276023,3
10.820000,-0.057117562180,0.069801518048,-0.018177770005,0.092005973467,3
10.830000,0.017662553339,0.063439286595,-0.064750511969,0.092353330608,3
10.840000,0.061544309112,-0.008395931957,-0.027625894035,0.067980759621,3
10.850000,0.052561825441,-0.052602386227,0.036488891538,0.082832335088,3
10.860000,-0.011452205580,-0.019762501410,0.070472295253,0.074081400317,3
10.870000,-0.080391320123,0.002188113214,0.007934663939,0.080811577651,3
10.880000,-0.021921215398,0.054192086129,-0.056506056434,0.081303482689,3
10.890000,0.032199390118,0.051772265099,-0.068124113516,0.091422442539,3
10.900000,0.068690004897,-0.023741189601,-0.027051701244,0.077548406796,3
10.910000,0.021461249840,-0.061200105912,0.054038839452,0.084417026586,3
10.920000,-0.081633427105,-0.043800933621,0.051148928026,0.105824151521,3
10.930000,-0.065028120392,0.002049093604,0.005384900259,0.065282864345,3
10.940000,-0.023300345465,0.076068028971,-0.041668966504,0.089808428890,3
10.950000,0.036436644796,0.031366951977,-0.052462860698,0.071160849580,3
10.960000,0.051562376159,-0.026197422445,-0.012513133032,0.059173998312,3
10.970000,0.007601726079,-0.082157181842,0.064239690904,0.104567330726,3
10.980000,-0.085142406240,-0.046022160980,0.045946472809,0.107137047772,3
10.990000,-0.070444905051,0.034077428642,0.014527707302,0.079591520088,3
11.000000,-0.031187217575,0.064996229620,-0.073763717608,0.103141836518,3
11.010000,0.051825584953,0.027503069460,-0.031995324375,0.066828219094,3
11.020000,0.043998611642,-0.049429001243,0.018129549752,0.068613297286,3
11.030000,-0.002801494653,-0.048356793358,0.079146745122,0.092792430184,3
11.040000,-0.089165722128,-0.001048907677,0.034235849267,0.095518163639,3
11.050000,-0.054037945112,0.052904437791,-0.047167480888,0.089127719051,3
11.060000,0.028543863995,0.052762387395,-0.041974984917,0.073215579313,3
11.070000,0.062849652640,-0.027557634386,-0.034364790754,0.076749207771,3
11.080000,0.030388868945,-0.070550761731,0.047757027743,0.090452346766,3
11.090000,-0.002731195505,-0.048320684932,0.061878887496,0.078557906916,3
11.100000,-0.073850103661,0.029710839262,0.043868774932,0.090890270076,3
11.110000,-0.037029093151,0.052260586264,-0.048077718119,0.080086138600,3
11.120000,0.045970110172,0.046518728363,-0.062631871438,0.090553820668,3
11.130000,0.076335993622,-0.019588917891,-0.020155448618,0.081345877187,3
11.140000,0.033970821048,-0.079252847864,0.053436122941,0.101441854341,3
11.150000,-0.032445457270,-0.038648660773,0.050535304807,0.071415990569,3
11.160000,-0.067419945174,0.036868634865,0.017393824844,0.078786359141,3
11.170000,-0.019718713744,0.072019530906,-0.031702186444,0.081121323516,3
11.180000,0.054931318137,0.027241299592,-0.045166818942,0.076154971269,3
11.190000,0.066944359586,-0.028344221695,0.008525665010,0.073195827393,3
11.200000,0.019017796527,-0.038676395232,0.056603894465,0.071144507880,3
11.210000,-0.019742193143,-0.011687432934,0.028081064896,0.036261501408,3
11.220000,-0.018008875426,0.046824354835,-0.024213456977,0.055705756422,3
11.230000,0.021262772381,0.048740971471,-0.049722298892,0.072801749955,3
11.240000,0.048670023832,0.006420752126,-0.040888166604,0.063889274889,3
11.250000,0.047123052211,-0.063859321013,0.028770522073,0.084417639569,3
11.260000,0.001087813100,-0.050827337939,0.053511890242,0.073811408445,3
11.270000,-0.046110223797,0.003883541898,0.029902093512,0.055094190554,3
11.280000,-0.038486039522,0.058504080921,-0.021368668303,0.073215590604,3
11.290000,-0.003162418453,0.033266364172,-0.034051942788,0.047709398270,3
11.300000,0.066456423831,-0.013219245075,-0.018845779068,0.070330420853,3
11.310000,0.029881535253,-0.061209326913,0.023085986665,0.071919751324,3
11.320000,-0.036739748072,-0.042079043989,0.053614454965,0.077427158107,3
11.330000,-0.059273115487,0.017102233649,0.022301975941,0.065598527012,3
11.340000,-0.026802448522,0.048695661386,-0.041686608177,0.069479579632,3
11.350000,0.007705658635,0.021328686950,-0.042781867788,0.048420845443,3
11.360000,0.056717286626,-0.025911230068,-0.002049979352,0.062389461139,3
11.370000,-0.005819989974,-0.033616882297,0.033916722221,0.048107287441,3
11.380000,-0.045474891632,-0.021868148980,0.035931456907,0.061945551125,3
11.390000,-0.062370502250,0.022768576958,-0.022651583286,0.070153986865,3
11.400000,-0.022287469246,0.051082078432,-0.050287063454,0.075065962814,3
11.410000,0.025711510540,0.001401303989,-0.028537545425,0.038437441721,3
11.420000,0.014507386092,-0.030320976742,0.007764749498,0.034498075549,3
11.430000,-0.004193638767,-0.035461654342,0.045350070873,0.057721265258,3
11.440000,-0.043682417424,0.003016783597,0.032227214936,0.054367710618,3
11.450000,-0.046290215430,0.034195215463,-0.022395324195,0.061754735454,3
11.460000,0.010752014847,0.041904106875,-0.064179948231,0.077399132755,3
11.470000,0.039204975129,0.004500200715,-0.031578572429,0.050541944146,3
11.480000,0.022705735539,-0.046311445654,0.021993564620,0.056071537429,3
11.490000,-0.015033272062,-0.031290151078,0.026400866406,0.043612825755,3
11.500000,-0.045100459284,0.017147584079,0.012882643191,0.049940500227,3
11.510000,-0.031262490023,0.043539354273,-0.030763093885,0.061801186059,3
11.520000,0.024496893792,0.024244036237,-0.051840228706,0.062251750263,3
11.530000,0.042741645007,-0.012825825637,-0.006997611039,0.045169863642,3
11.540000,0.038990763971,-0.022144317409,0.030260511390,0.054095739372,3
11.550000,-0.020425333545,-0.014651044723,0.034537777726,0.042716571166,3
11.560000,-0.031700445781,0.013753401973,0.010761695162,0.036192380569,3
11.570000,0.000864386886,0.046141182783,-0.038631175647,0.060184081327,3
11.580000,0.032269699163,0.023952116941,-0.041911161619,0.058065332672,3
11.590000,0.052991819831,-0.013710136382,0.000274283839,0.054737336803,3
11.600000,0.015984359518,-0.034851977985,0.039907623781,0.055342375758,3
11.610000,-0.022295571207,-0.003524601495,0.011813565218,0.025476962816,3
11.620000,-0.019705724852,0.019152277159,0.010844025535,0.029541804313,3
11.630000,0.010879904276,0.038128298688,-0.031814438436,0.050835990902,3
11.640000,0.038900124490,0.004062656894,-0.029985628234,0.049283493859,3
11.650000,0.035541727505,-0.024576709150,0.016301192148,0.046183957086,3
11.660000,0.005899804356,-0.027570412704,0.030258247724,0.041358154014,3
11.670000,-0.039292990760,-0.004874823621,0.023880526005,0.046238323396,3
11.680000,-0.019347251131,0.030580342859,-0.012176284557,0.038180301221,3
11.690000,-0.007973492307,0.027859225002,-0.040461641550,0.049768036270,3
11.700000,0.031253674053,-0.008048752812,-0.029346430260,0.043620952909,3
11.710000,0.028371525163,-0.017805874016,0.022073147263,0.040115039819,3
11.720000,-0.033879791425,-0.032516149182,0.055310053191,0.072555786872,3
11.730000,-0.040786525603,0.018472664808,0.013763551593,0.046842452629,3
11.740000,-0.018090635012,0.030228102621,-0.031645694211,0.047354611447,3
11.750000,0.027924534849,0.018225572850,-0.036850259993,0.049698016195,3
11.760000,0.029436388983,-0.007618151221,-0.009140225024,0.031750290358,3
11.770000,0.000880020503,-0.025487206994,0.024117050877,0.035099918796,3
11.780000,-0.030182177044,-0.018282263606,0.032873374122,0.048227209123,3
11.790000,-0.030674851211,0.017701039893,-0.000831971478,0.035425492045,3
11.800000,-0.019585764739,0.034400379291,-0.041779624493,0.057554541945,3
11.810000,0.020218311009,0.006994462866,-0.041811183052,0.046966771648,3
11.820000,0.013303471827,-0.011885970815,0.000932529517,0.017864161782,3
11.830000,-0.012975585861,-0.040187174297,0.012649926825,0.044083959158,3
11.840000,-0.028322234152,-0.015684377766,0.026466314190,0.041816437439,3
11.850000,-0.024136177471,0.036249675587,-0.016962348702,0.046736659237,3
11.860000,-0.008477083092,0.030633274473,-0.039639412083,0.050808871597,3
11.870000,0.034424039246,-0.009867343239,-0.023973415388,0.043094124727,3
11.880000,0.019333372532,-0.030795297887,0.019400896940,0.041213158912,3
11.890000,-0.009302002297,-0.019770611752,0.041772408392,0.047141684724,3
11.900000,-0.042860273946,0.007972286436,0.018502794019,0.047359411106,3
11.910000,-0.030481076088,0.035336367546,-0.013611553511,0.048610999370,3
11.920000,0.022262906606,0.043129281180,-0.024585209993,0.054407760991,3
11.930000,0.050907179215,-0.008149121070,-0.014041847966,0.053433346930,3
11.940000,0.028501424018,-0.033998512464,0.024974789963,0.050911395134,3
11.950000,-0.009577853335,-0.030786031522,0.047689261518,0.057565446889,3
11.960000,-0.028836293199,0.019571114846,0.014156722001,0.037616128450,3
11.970000,0.000729410417,0.047557933922,-0.019950910290,0.051578366976,3
11.980000,0.040643666548,0.016938292338,-0.050300454905,0.066850199262,3
11.990000,0.050331360562,-0.022281245540,0.008393886563,0.055679054324,3
12.000000,0.026033222674,-0.026261677290,0.032534373458,0.049253323068,3
12.010000,-0.012960723276,-0.016295607397,0.035954024376,0.041547792205,3
12.020000,-0.025713059159,0.026436624204,0.002827966786,0.036987212746,3
12.030000,0.007036403025,0.051811813107,-0.030707195104,0.060637503050,3
12.040000,0.032174754682,0.023059122577,-0.053104241341,0.066234420215,3
12.050000,0.041796028936,-0.034841789565,-0.000682103079,0.054418044797,3
12.060000,0.009398654510,-0.050452390357,0.055043658990,0.075256779059,3
12.070000,-0.042340083093,0.005808661555,0.041733062862,0.059733338440,3
12.080000,-0.040788999268,0.042947746369,-0.017079437696,0.061643803999,3
12.090000,0.027719216195,0.049002316622,-0.048236681026,0.074137435734,3
12.100000,0.055321984561,-0.016088870479,-0.016801663207,0.060013911850,3
12.110000,0.047271917987,-0.048827818939,0.010933260032,0.068835501795,3
12.120000,-0.010421810141,-0.047362607324,0.049842988120,0.069542463028,3
12.130000,-0.054625357119,-0.006436431379,0.031138931648,0.063205936062,3
12.140000,-0.035640784864,0.052673173581,-0.031479180997,0.070962437931,3
12.150000,0.011422602377,0.027292064700,-0.039991929937,0.049746227000,3
12.160000,0.035396224788,-0.007287890246,-0.012279066750,0.038167807820,3
12.170000,0.017821825993,-0.042729007201,0.039241400110,0.060689974630,3
12.180000,-0.029134775873,-0.047444130623,0.046543894456,0.072568001260,3
12.190000,-0.068833463754,0.026366017982,0.001285729875,0.073721541885,3
12.200000,-0.034203995603,0.058363092083,-0.058364899485,0.089345538918,3
12.210000,0.035370579280,0.014486384092,-0.074962049766,0.084144174533,3
12.220000,0.046297922096,-0.042633116891,0.001370803808,0.062952040073,3
12.230000,0.002138722811,-0.059948190649,0.051132461581,0.078821877196,3
12.240000,-0.051753223674,-0.011516478949,0.044483017140,0.069208122803,3
12.250000,-0.065359807830,0.038692504879,-0.000480114397,0.075955545704,3
12.260000,-0.004471495537,0.064637661610,-0.063297348936,0.090579114332,3
12.270000,0.034898221156,0.010354365135,-0.028651090184,0.046324763204,3
12.280000,0.053078440676,-0.044430592323,0.020403455287,0.072164391402,3
12.290000,-0.007036467361,-0.038945951126,0.071694627532,0.081892726166,3
12.300000,-0.059181306646,-0.001131106081,0.041862162376,0.072499290314,3
12.310000,-0.059475320258,0.047522413246,-0.021931932214,0.079225646928,3
12.320000,0.019138850468,0.067941311313,-0.065126582061,0.096040559511,3
12.330000,0.056353984387,-0.005083120090,-0.038153102407,0.068244185755,3
12.340000,0.051113818837,-0.058180764759,0.021736033318,0.080436801332,3
12.350000,-0.027278303391,-0.051590488904,0.065800072032,0.087950746789,3
12.360000,-0.048059964861,-0.000945217495,0.037315826639,0.060853303742,3
12.370000,-0.025971058918,0.061417389150,-0.031369660699,0.073692925059,3
12.380000,0.036058992876,0.024672005856,-0.047130416101,0.064266904096,3
12.390000,0.091130594453,-0.019489492666,-0.009437790533,0.093668017274,3
12.400000,0.044524112745,-0.081554398517,0.061962611946,0.111682056806,3
12.410000,-0.029174737190,-0.037080951681,0.092391235904,0.103741518880,3
12.420000,-0.057776845442,0.045580955850,0.016995889784,0.075529118061,3
12.430000,-0.000852399177,0.070632344691,-0.056008670354,0.090147800060,3
12.440000,0.048971640559,0.045504534487,-0.057403542173,0.088113851873,3
12.450000,0.079386018630,-0.045952182662,0.005146910110,0.091870744685,3
12.460000,0.033561950062,-0.063905612733,0.060111481527,0.093934669011,3
12.470000,-0.049827038106,-0.021724210144,0.062724941911,0.083000562471,3
12.480000,-0.048325213380,0.057901087688,-0.026904170474,0.080073070334,3
12.490000,0.022420288251,0.062679848334,-0.049168703153,0.082758649591,3
12.500000,0.091115108515,0.008935054813,-0.067520386948,0.113757640877,3
12.510000,0.060876661428,-0.079156130068,0.004177194831,0.099945534120,3
12.520000,-0.031354821251,-0.055193069227,0.080193938776,0.102276427014,3
12.530000,-0.071580403468,0.000387739475,0.034814068271,0.079598516645,3
12.540000,-0.053613915350,0.062950066199,-0.019053537260,0.084853992456,3
12.550000,0.031799340286,0.071108125507,-0.080621410729,0.112104306000,3
12.560000,0.084683437186,-0.016799889471,-0.019933818381,0.088605180069,3
12.570000,0.061708778612,-0.073063620145,0.046564945177,0.106369920869,3
12.580000,-0.050945529866,-0.082070636327,0.064729744818,0.116279732648,3
12.590000,-0.101382205350,0.016866435403,0.004721537266,0.102884017801,3
12.600000,-0.042016793844,0.081239415087,-0.085915857175,0.125486206584,3
12.610000,0.046615826188,0.040478918132,-0.086697306323,0.106433082206,3
12.620000,0.028940398002,-0.024361896219,-0.039968992314,0.055032435622,3
12.630000,0.019788475011,-0.078999831736,0.059078756911,0.100612408160,3
12.640000,-0.043813839640,-0.050202767295,0.086909843601,0.109513886347,3
12.650000,-0.108077610222,0.033923625587,-0.009929795680,0.113710962736,3
12.660000,-0.027299832503,0.087439456741,-0.053036194757,0.105847897496,3
12.670000,0.043441448181,-0.000404218708,-0.061610530702,0.075386870914,3
12.680000,0.063673213481,-0.051306586405,0.029271472016,0.086853111617,3
12.690000,-0.006153289606,-0.047771861303,0.067174596268,0.082658575412,3
12.700000,-0.069297414983,-0.014551470331,0.060572490987,0.093182099550,3
12.710000,-0.066834429829,0.087285102701,-0.038700480816,0.116547232397,3
12.720000,-0.003316922898,0.063608092485,-0.054012966087,0.083512824839,3
12.730000,0.073701427410,-0.011695073383,-0.027308114019,0.079463250846,3
12.740000,0.038097059488,-0.076941980492,0.012144829432,0.086711886069,3
12.750000,-0.034035078424,-0.054058105925,0.070351226275,0.095026103876,3
12.760000,-0.047912016559,0.022976588756,0.018995373844,0.056429683581,3
12.770000,-0.049278430519,0.049739900077,-0.040511597068,0.080892588480,3
12.780000,0.027019213736,0.038599676758,-0.066511250760,0.081509014436,3
12.790000,0.073318327115,-0.023995289714,0.003887962548,0.077242910821,3
12.800000,0.041429349233,-0.049641835232,0.022349239464,0.068411923578,3
12.810000,-0.001609518099,-0.033015769063,0.077420520059,0.084181758603,3
12.820000,-0.065308588142,0.007245697113,-0.000867742744,0.065715027119,3
12.830000,-0.007597653602,0.044391476835,-0.055368373880,0.071372154108,3
12.840000,0.057193741951,0.030359939574,-0.057773215872,0.086778998159,3
12.850000,0.064231218587,-0.042814459941,-0.002200983556,0.077224165581,3
12.860000,0.033125177219,-0.052533927500,0.046528597933,0.077601554945,3
12.870000,-0.059970506513,-0.017733269243,0.063488364851,0.089116232870,3
12.880000,-0.046807214832,0.056758661450,-0.000019944178,0.073569432564,3
12.890000,-0.003139488421,0.038341884657,-0.067949916333,0.078084234237,3
12.900000,0.051869528708,-0.007835289453,-0.042346574495,0.067417150197,3
12.910000,0.038495595453,-0.038891239604,0.011118751901,0.055839645693,3
12.920000,-0.007673826046,-0.080880338271,0.057728688331,0.099665029882,3
12.930000,-0.063295600157,0.003731121333,0.036384665286,0.073103338731,3
12.940000,-0.052723403027,0.066355251336,-0.009655266773,0.085299477038,3
12.950000,0.009111630356,0.056943291820,-0.056684749799,0.080862359296,3
12.960000,0.066075270739,-0.009532294038,-0.036904126242,0.076280538584,3
12.970000,0.025392137619,-0.066844893279,0.011787432473,0.072470297189,3
12.980000,-0.025480353793,-0.031472764824,0.045067465905,0.060587621163,3
12.990000,-0.057575211618,0.019768925742,0.009536556197,0.061617053824,3
13.000000,-0.051402563257,0.059997348947,-0.031996444922,0.085238945780,3
13.010000,0.019109014845,0.035818120700,-0.067280062137,0.078579252860,3
13.020000,0.050793890364,-0.009842803118,-0.018452071724,0.054930674695,3
13.030000,0.013254750821,-0.056868397985,0.041408235060,0.071584530728,3
13.040000,-0.037324392441,-0.022707504454,0.054634594766,0.069954842397,3
13.050000,-0.060672945652,0.015669896776,-0.013859329265,0.064178134959,3
13.060000,-0.008561990980,0.063529748954,-0.069944357008,0.094876497453,3
13.070000,0.027229031068,0.020140078811,-0.063695625410,0.072139972302,3
13.080000,0.023480040138,-0.037585299814,0.011209933731,0.045712467241,3
13.090000,-0.003895936158,-0.045974806243,0.043757174386,0.063588925435,3
13.100000,-0.059154272819,-0.010413202815,0.039149021214,0.071695945824,3
13.110000,-0.048917798289,0.026022498952,-0.017634946549,0.058147336835,3
13.120000,0.014282544000,0.038037079999,-0.054263019815,0.067788537655,3
13.130000,0.039502500606,-0.002080332286,-0.047568608580,0.061867179173,3
13.140000,0.032343527569,-0.040849544201,0.017602226326,0.054996612701,3
13.150000,-0.006442731366,-0.049302970577,0.072443558402,0.087865583986,3
13.160000,-0.033842120442,0.003181882454,0.020003953028,0.039440735652,3
13.170000,-0.019982911297,0.035879085024,-0.023516591160,0.047324999164,3
13.180000,0.017257201555,0.049302487378,-0.058563797606,0.078474611545,3
13.190000,0.063440339935,0.003149268326,-0.034881949537,0.072466164695,3
13.200000,0.047491062391,-0.035627887100,0.033884781664,0.068358801735,3
13.210000,-0.008814896834,-0.022919293633,0.052982076334,0.058396034450,3
13.220000,-0.057325463314,0.013814578329,0.015687657116,0.061017652400,3
13.230000,-0.012065874859,0.038713795859,-0.017914037246,0.044331208605,3
13.240000,0.044497612120,0.026064281028,-0.032560041669,0.060988036067,3
13.250000,0.055216877812,-0.019789094084,-0.001523561046,0.058675660015,3
13.260000,0.034921694408,-0.030796073436,0.034532282185,0.057968969219,3
13.270000,-0.025060355867,-0.015114808039,0.042134126852,0.051300716406,3
13.280000,-0.043438266859,0.025378217971,-0.003039587551,0.050400159401,3
13.290000,-0.001598384235,0.040743817218,-0.022994934298,0.046812182998,3
13.300000,0.041455723496,0.012137896700,-0.042825424630,0.060826988595,3
13.310000,0.046002864056,-0.030004904151,0.005887314075,0.055237833425,3
13.320000,-0.002750182488,-0.042946016728,0.034689632955,0.055274718372,3
13.330000,-0.035891749370,-0.017077969419,0.039388117595,0.055958006755,3
13.340000,-0.045388791362,0.035814635107,-0.007446676244,0.058294797849,3
13.350000,0.000594434361,0.034647546741,-0.043014208942,0.055236111543,3
13.360000,0.036439617998,0.013891200842,-0.021162700952,0.044369709625,3
13.370000,0.036973596517,-0.051786162633,0.027907180719,0.069481394743,3
13.380000,-0.022286232063,-0.045365452117,0.046229475794,0.068497188392,3
13.390000,-0.033153353359,0.005651337020,0.014201754604,0.036507153859,3
13.400000,-0.032539473543,0.032640420300,-0.016711930486,0.049025534127,3
13.410000,0.018044760626,0.044658862458,-0.045390779685,0.066184214602,3
13.420000,0.024843662226,-0.023957641207,-0.026848522207,0.043726642562,3
13.430000,0.026967166268,-0.029200712752,0.033719402328,0.052123965459,3
13.440000,-0.048547855683,-0.032827842447,0.025839762246,0.064048847328,3
13.450000,-0.049175812774,0.014719250308,-0.003678525131,0.051463078404,3
13.460000,-0.022105219365,0.034816812920,-0.033024467670,0.052834332114,3
13.470000,0.022840061694,0.019527169045,-0.038803345713,0.049078288353,3
13.480000,0.026082566573,-0.019030846729,0.019615631358,0.037778914752,3
13.490000,0.008953936500,-0.035078564445,0.014990059591,0.039183932280,3
13.500000,-0.021664921206,-0.012056399367,0.031733090922,0.040270518199,3
13.510000,-0.060347382431,0.034208795899,-0.031402808190,0.076145811738,3
13.520000,-0.010462785373,0.034164735447,-0.019964064383,0.040929975477,3
13.530000,0.031533241716,0.002286344245,-0.035002191695,0.047167002518,3
13.540000,0.021238679670,-0.044683807906,0.022835081526,0.054490046352,3
13.550000,-0.003383124108,-0.038931021598,0.049331871564,0.062934120502,3
13.560000,-0.027780819706,-0.015601367922,0.027361900128,0.041998216666,3
13.570000,-0.024570017233,0.032602003034,0.001782646006,0.040862625656,3
13.580000,0.009810042260,0.026244000368,-0.029188325786,0.040459150345,3
13.590000,0.037791811687,-0.005694632055,-0.021512495396,0.043857009965,3
13.600000,0.045838917042,-0.059042993743,0.035282039645,0.082656540862,3
13.610000,-0.004929025394,-0.037049446181,0.055089117378,0.066571522494,3
13.620000,-0.038946803887,0.010452555219,0.027365042089,0.048733509746,3
13.630000,-0.013968164736,0.047316692580,-0.031096893478,0.058318057296,3
13.640000,0.045805527723,0.048609129033,-0.057045995435,0.087836435438,3
13.650000,0.049920996677,-0.006721798481,-0.003412639187,0.050486974462,3
13.660000,0.027891470805,-0.035491061931,0.025423638326,0.051806476491,3
13.670000,-0.018966030986,-0.019417122861,0.052463250158,0.059068837882,3
13.680000,-0.039446719664,0.026436797223,-0.002223323145,0.047538311975,3
13.690000,-0.019110024981,0.053355977564,-0.050197827198,0.075709149064,3
13.700000,0.032890433896,0.003052056582,-0.046485510626,0.057026295596,3
13.710000,0.047072778236,-0.012654967556,0.005746967016,0.049081791782,3
13.720000,0.016132917582,-0.056316859937,0.051321988083,0.077883285779,3
13.730000,-0.040409401998,-0.028625494147,0.035125861469,0.060713794387,3
13.740000,-0.039553991718,0.035465364175,0.004901874634,0.053351088947,3
13.750000,-0.002172966884,0.069378459892,-0.054946853432,0.088528239473,3
13.760000,0.040376953442,-0.006991693290,-0.046055286517,0.061646342637,3
13.770000,0.046956581754,-0.037724224030,0.010777320000,0.061189772634,3
13.780000,-0.015660647317,-0.049880340716,0.051613985781,0.073466371848,3
13.790000,-0.050581496509,0.001733864473,0.020608081460,0.054646016292,3
13.800000,-0.041145411060,0.044561553342,-0.010665651699,0.061582733081,3
13.810000,0.004014221293,0.033986255137,-0.065406559821,0.073818680417,3
13.820000,0.025397565450,-0.011403561256,-0.032106655446,0.042496057041,3
13.830000,0.031451021885,-0.042159469369,0.016467893295,0.055116051607,3
13.840000,-0.039542495448,-0.046839113720,0.059111860923,0.085157052686,3
13.850000,-0.070477288373,0.003097014000,0.031772553479,0.077370115850,3
13.860000,-0.046876624141,0.065447026172,-0.047329067447,0.093385072421,3
13.870000,0.013769093637,0.040846278636,-0.049597839443,0.065711126116,3
13.880000,0.055843068023,-0.028417303093,-0.018386955855,0.065299858399,3
13.890000,0.010591949809,-0.068414623975,0.077251071687,0.103732725073,3
13.900000,-0.044485007360,-0.034468878779,0.055987279451,0.079382585902,3
13.910000,-0.077827050249,0.041947255229,-0.002887280925,0.088458794718,3
13.920000,-0.019439986598,0.069174390484,-0.045325877446,0.084955544515,3
13.930000,0.064188214233,0.001747456295,-0.069100780299,0.094329731728,3
13.940000,0.089997117109,-0.058352231306,0.025798242448,0.110317783243,3
13.950000,0.012774842741,-0.049977384691,0.071203952215,0.087925755036,3
13.960000,-0.043291308113,-0.014320439478,0.053940593320,0.070631437425,3
13.970000,-0.053347666001,0.056326613146,-0.011202799539,0.078384714925,3
13.980000,0.022793778586,0.061287722251,-0.047925014381,0.081071254119,3
13.990000,0.094916972850,-0.002619375964,-0.033520126952,0.100696036548,3
14.000000,0.048378283935,-0.051681031971,0.009161461656,0.071381508822,3
14.010000,-0.004576696872,-0.050788449787,0.077949844727,0.093148221018,3
14.020000,-0.057513230671,0.022103492196,0.033974036405,0.070360295758,3
14.030000,-0.026541128291,0.079423090736,-0.045569383150,0.095336391340,3
14.040000,0.053398545817,0.056242352614,-0.088253334849,0.117487267543,3
14.050000,0.090675111067,-0.023245192723,-0.027275172659,0.097499998950,3
14.060000,0.024836652521,-0.083740478719,0.026263160082,0.091208994414,3
14.070000,-0.030089198528,-0.067288121471,0.086369438277,0.113546162539,3
14.080000,-0.070424717258,0.021132764623,0.018097842607,0.075721637915,3
14.090000,-0.013512041508,0.076067312053,-0.051954390130,0.093102469798,3
14.100000,0.068361239125,0.056779225468,-0.081712459511,0.120723094306,3
14.110000,0.072925247773,-0.030924987853,-0.009699428471,0.079803042229,3
14.120000,0.010063398608,-0.061161963220,0.058230946755,0.085046463162,3
14.130000,-0.070547680930,-0.017854578407,0.065784397317,0.098098665562,3
14.140000,-0.078657294574,0.056220030233,0.005321411773,0.096829640154,3
14.150000,-0.027313553982,0.081885167833,-0.080522376472,0.118046872279,3
14.160000,0.048857436914,0.029555714457,-0.058340847754,0.081634820484,3
14.170000,0.078055145303,-0.044937500576,0.019999323321,0.092260270970,3
14.180000,0.015622524582,-0.042183264601,0.071305618787,0.084308851002,3
14.190000,-0.090477894766,-0.012266603280,0.013048964233,0.092233369584,3
14.200000,-0.077658140180,0.063975767356,-0.034293651504,0.106300235552,3
14.210000,-0.003658084008,0.061405500127,-0.069625042085,0.092906746309,3
14.220000,0.044647350856,-0.019250345413,-0.045141517787,0.066345447207,3
14.230000,0.025123036531,-0.072918516451,0.015004889082,0.078571137845,3
14.240000,-0.005585198933,-0.056416641134,0.064411812440,0.085807420575,3
14.250000,-0.076427426927,0.009390540768,0.012299026129,0.077978201354,3
14.260000,-0.072169828848,0.076954891516,-0.043764548426,0.114218541503,3
14.270000,0.002785281741,0.053930268933,-0.082884870602,0.098924888053,3
14.280000,0.038424043758,-0.023351399564,-0.028044628878,0.052992416526,3
14.290000,0.055056448372,-0.067688113438,0.045485808807,0.098396402429,3
14.300000,-0.040195280246,-0.043528254604,0.064143923643,0.087320172029,3
14.310000,-0.082455858447,0.023543320711,-0.005587855236,0.085933001044,3
14.320000,-0.026202155441,0.063751039290,-0.067120880787,0.096207902991,3
14.330000,0.045392143640,0.033165047791,-0.074314265728,0.093182494010,3
14.340000,0.069034337787,-0.052431815663,-0.017980760387,0.088533286574,3
14.350000,0.011787930454,-0.070074394730,0.046807816120,0.085090232994,3
14.360000,-0.062726900801,-0.015499154193,0.050394550276,0.081942043923,3
14.370000,-0.052134661474,0.043326304166,-0.031266454511,0.074651073250,3
14.380000,0.007064042136,0.067490000904,-0.067673583803,0.095835874588,3
14.390000,0.049394537128,0.035908844329,-0.065841647535,0.089801937335,3
14.400000,0.109557295685,-0.065079846437,0.028281653548,0.130529840947,3
14.410000,-0.013259528040,-0.058035001195,0.078690829709,0.098671794997,3
14.420000,-0.061166577682,0.013212051258,0.029454218390,0.069162558547,3
14.430000,-0.024301625138,0.063611037503,-0.030246852446,0.074510436580,3
14.440000,0.041173970419,0.059727210939,-0.075526209660,0.104722700081,3
14.450000,0.066415123450,-0.019894490951,-0.063606740925,0.094088133599,3
14.460000,0.063731126589,-0.075441695341,0.032252510237,0.103890953932,3
14.470000,-0.016504975597,-0.046355294150,0.075802077356,0.090372465091,3
14.480000,-0.071684940857,0.032126170850,0.020958815263,0.081302481736,3
14.490000,-0.010500218475,0.069540099380,-0.034349649714,0.078268630020,3
14.500000,0.047796366312,0.033701445510,-0.072543090286,0.093181435975,3
14.510000,0.069795475263,-0.021941416653,-0.009797800674,0.073816197613,3
14.520000,0.043937753081,-0.072736330166,0.047278849269,0.097243968759,3
14.530000,-0.031084818157,-0.035427457421,0.056879768658,0.073869335598,3
14.540000,-0.071665643039,0.049449392341,0.011663342669,0.087847825001,3
14.550000,-0.022238721303,0.078174984258,-0.060408384805,0.101267279235,3
14.560000,0.055320299768,0.000887428073,-0.045593104080,0.071692776726,3
14.570000,0.050734145824,-0.050572119941,-0.010088503853,0.072341349018,3
14.580000,0.015778833100,-0.079592724452,0.049074925475,0.094827852818,3
14.590000,-0.051298139089,-0.010454563259,0.036434969219,0.063783257591,3
14.600000,-0.063962115022,0.044955264453,-0.017487649520,0.080112083020,3
14.610000,-0.013903625257,0.031274689866,-0.062702781770,0.071435676404,3
14.620000,0.044596354179,-0.006336997985,-0.028873780146,0.053504088904,3
14.630000,0.030462398412,-0.039206241406,0.010877170956,0.050827157408,3
14.640000,-0.024095413905,-0.052538796347,0.055420017837,0.080076791082,3
14.650000,-0.072295046252,-0.011190216667,0.025601769857,0.077506420904,3
14.660000,-0.050609054315,0.043365346040,-0.030784366011,0.073413260427,3
14.670000,0.000967173351,0.053108943701,-0.059544958513,0.079794093827,3
14.680000,0.048948314577,-0.018515411127,-0.032334248212,0.061516351945,3
14.690000,0.015350364845,-0.036948248533,0.015858677524,0.043038406376,3
14.700000,-0.020251933216,-0.012800580196,0.052544167858,0.057748465159,3
14.710000,-0.074100921169,0.030601163052,0.025691654145,0.084186927673,3
14.720000,-0.037812301878,0.050582087218,-0.024120024526,0.067602465220,3
14.730000,0.042317699187,0.036040671299,-0.056957351771,0.079585536205,3
14.740000,0.044797213213,-0.040021686853,-0.012183763041,0.061294125429,3
14.750000,0.013278478917,-0.068695389076,0.039718786774,0.080454686038,3
14.760000,-0.020543798177,-0.019164771238,0.033297814678,0.043566966414,3
14.770000,-0.040770190933,0.030885584333,0.001648389743,0.051174651704,3
14.780000,-0.012211500745,0.038869737551,-0.022864452721,0.046720021896,3
14.790000,0.046832803092,0.006927306555,-0.028857971038,0.055444400204,3
14.800000,0.046463861580,-0.016449871697,0.023828736665,0.054747578968,3
14.810000,0.001441807245,-0.044065869337,0.032821355877,0.054964725508,3
14.820000,-0.040568499728,-0.001868624084,0.025556100273,0.047983426173,3
14.830000,-0.033027716615,0.039591443871,-0.029776456651,0.059539481550,3
14.840000,0.022981937351,0.048096326057,-0.040623452081,0.067020078212,3
14.850000,0.036699209912,-0.007264815327,-0.020881160768,0.042844281123,3
14.860000,0.051686012917,-0.028320114205,0.033399338298,0.067742074065,3
14.870000,0.005581922439,-0.039580908315,0.032545837937,0.051546461840,3
14.880000,-0.038857107973,0.013485334387,0.030247185327,0.051055081077,3
14.890000,-0.019757509254,0.041508268940,-0.021958072907,0.050945583990,3
14.900000,0.023712470673,0.016898659431,-0.049725349630,0.057623401079,3
14.910000,0.054634557545,-0.012216795212,-0.011335178508,0.057119797227,3
14.920000,0.025650270836,-0.047368837273,0.034672817722,0.064062059188,3
14.930000,-0.015779187588,-0.025391975449,0.040832468006,0.050606576861,3
14.940000,-0.036963087227,0.015823091197,0.006478226256,0.040726004565,3
14.950000,-0.010914774861,0.030494868340,-0.031443557854,0.045141628635,3
14.960000,0.025618821511,0.017372923316,-0.048829147899,0.057813736816,3
14.970000,0.033350884556,-0.012807453385,0.012824628782,0.037957653593,3
14.980000,0.016582992172,-0.036998000829,0.027547106634,0.049017249807,3
14.990000,-0.039648613362,-0.018512859615,0.026650591761,0.051234681163,3
15.000000,-0.042427213298,0.009047480846,0.000806155687,0.043388653181,3
15.010000,-0.030487622833,0.037116923434,-0.051892684566,0.070710762001,3
15.020000,0.023061754881,0.006162951554,-0.029936337631,0.038288520744,3
15.030000,0.026677091764,-0.031739183538,0.015440301802,0.044243032405,3
15.040000,-0.006555334021,-0.029376840630,0.049838994684,0.058222818212,3
15.050000,-0.043567082397,0.003403186063,0.027574919785,0.051672512472,3
15.060000,-0.042539544711,0.021894859690,-0.016585605910,0.050636746227,3
15.070000,-0.004862264501,0.029267029543,-0.037346974218,0.047696929855,3
15.080000,0.017114289272,-0.011261273052,-0.016098277102,0.026055127973,3
15.090000,0.019043530205,-0.048120463897,0.002459310686,0.051810069460,3
15.100000,-0.018654416181,-0.029153534464,0.040712094500,0.053435853632,3
15.110000,-0.054348268577,0.013606439471,0.021113872537,0.059872072838,3
15.120000,-0.029855247035,0.031014149952,-0.024047521720,0.049310207601,3
15.130000,0.013214000132,0.020108486915,-0.040439200865,0.047056243073,3
15.140000,0.030869354094,-0.024856860918,-0.011708087082,0.041326261142,3
15.150000,0.020321905005,-0.058835568550,0.016097252283,0.064294054785,3
15.160000,-0.022692716473,-0.008133381266,0.031445021751,0.039621971994,3
15.170000,-0.030358430730,0.021405331036,0.004635931813,0.037434133848,3
15.180000,0.001274878211,0.045082999311,-0.024501337902,0.051326578887,3
15.190000,0.023743761574,0.012754329870,-0.023583621814,0.035813773356,3
15.200000,0.029379832902,-0.026700156074,0.007866840029,0.040471719605,3
15.210000,0.006638059160,-0.028522215764,0.032155999124,0.043492400499,3
15.220000,-0.028439811848,-0.005102921607,0.030841751851,0.042261996689,3
15.230000,-0.027900066865,0.019554810359,0.004909472131,0.034422481838,3
15.240000,0.016571280107,0.044581842712,-0.042297758072,0.063649417608,3
15.250000,0.043915481327,0.007962944815,-0.014222872252,0.046843015332,3
15.260000,0.036392402590,-0.026517461254,0.011943744670,0.046585789189,3
15.270000,-0.009089987975,-0.037301881885,0.035644506305,0.052388826130,3
15.280000,-0.018781580115,0.012059392103,0.025175755384,0.033645138560,3
15.290000,-0.016280818598,0.031957009872,-0.015644960425,0.039129021466,3
15.300000,0.021713946236,0.032551422591,-0.030417686286,0.049561337884,3
15.310000,0.054275269363,-0.013113924179,-0.011971564957,0.057106026296,3
15.320000,0.042449177394,-0.043640858785,0.037684544499,0.071600154406,3
15.330000,-0.006034552398,-0.036583778358,0.042433860218,0.056350875366,3
15.340000,-0.042103515628,0.015543899964,-0.000895508080,0.044890096781,3
15.350000,-0.016792087901,0.034470774743,-0.030159222799,0.048783063119,3
15.360000,0.029898870578,0.032097065423,-0.041005007434,0.060046437906,3
15.370000,0.052943126655,-0.007977053422,-0.003514342059,0.053655928297,3
15.380000,0.022315705661,-0.056998826007,0.026995919292,0.066900198383,3
15.390000,-0.022121668400,-0.023968488763,0.022098743562,0.039398110785,3
15.400000,-0.041016827170,0.023326753041,0.000315827833,0.047187045529,3
15.410000,-0.023370365013,0.050722154609,-0.053984241616,0.077673736050,3
15.420000,0.032387470633,0.028481898901,-0.040729332327,0.059321541878,3
15.430000,0.057726630809,-0.041820950243,0.014451739999,0.072733820007,3
15.440000,-0.004894467485,-0.051689748129,0.042068954802,0.066825016511,3
15.450000,-0.044019679721,-0.002805874723,0.038296562172,0.058414311687,3
15.460000,-0.053151826166,0.052703495898,-0.019023402644,0.077231243372,3
15.470000,-0.010806500274,0.053172852240,-0.047054341235,0.071820914033,3
15.480000,0.046246737344,-0.008410338517,-0.028436776909,0.054937644561,3
15.490000,0.015307360569,-0.048558638751,0.033439315319,0.060913418013,3
15.500000,-0.032323710584,-0.035328397149,0.062280995229,0.078561060824,3
15.510000,-0.066489864587,0.012309426617,0.034301362296,0.075822210016,3
15.520000,-0.023133095971,0.052894189912,-0.030385130620,0.065239494314,3
15.530000,0.017824584697,0.031830295517,-0.049385077252,0.061398447762,3
15.540000,0.036701958897,-0.017170481088,-0.017610643895,0.044181376010,3
15.550000,0.032599113641,-0.047359840114,0.033086989582,0.066335552650,3
15.560000,-0.041238925954,-0.061831779007,0.068636277515,0.101166973367,3
15.570000,-0.052745746147,0.035200778874,-0.001374587963,0.063427896560,3
15.580000,-0.025751248057,0.035597999272,-0.045515794462,0.063261614540,3
15.590000,0.047221256909,0.045464417049,-0.047736444034,0.081090248554,3
15.600000,0.036280883562,-0.024190337200,0.004573569303,0.043845096215,3
15.610000,0.033360789975,-0.050145840129,0.059690010608,0.084796491415,3
15.620000,-0.037452820609,-0.011935819636,0.048743316221,0.062618594988,3
15.630000,-0.049334769713,0.033654480382,0.009481656966,0.060468548612,3
15.640000,0.010009944106,0.061458215844,-0.051735300545,0.080955868213,3
15.650000,0.066360281649,0.013769748252,-0.057266022563,0.088728182037,3
15.660000,0.081571512931,-0.037084097484,0.012678262829,0.090497957747,3
15.670000,0.025034250630,-0.053378831131,0.071443430756,0.092629245467,3
15.680000,-0.023782587510,0.003028361726,0.038145828900,0.045054264015,3
15.690000,-0.034830845611,0.037330928934,-0.032893168947,0.060735052683,3
15.700000,0.026795438496,0.050147333244,-0.061399269288,0.083681663612,3
15.710000,0.088781975548,-0.005862811355,-0.035112719618,0.095653096229,3
15.720000,0.065129279019,-0.054803482089,0.069750696955,0.110047282385,3
15.730000,-0.008757234519,-0.050098014277,0.054542807956,0.074574915961,3
15.740000,-0.054661495284,0.033374498121,0.027461543348,0.069684091115,3
15.750000,-0.013589245378,0.051585658027,-0.034701247570,0.063639015446,3
15.760000,0.050708264716,0.018637309150,-0.081540962761,0.097814140137,3
15.770000,0.067018420308,-0.015629870211,-0.013999287427,0.070226359381,3
15.780000,0.035312892868,-0.072656960847,0.052204956031,0.096184155642,3
15.790000,-0.042022991974,-0.019421111748,0.062135441468,0.077484995467,3
15.800000,-0.068964200362,0.042089345892,-0.015451571762,0.082257674652,3
15.810000,-0.016233510436,0.062905912118,-0.049289283594,0.081548231849,3
15.820000,0.022272440870,0.001495940068,-0.052236573185,0.056806329199,3
15.830000,0.066079951002,-0.045677022476,-0.005979856774,0.080552523199,3
15.840000,-0.010615869953,-0.078792285110,0.064478262890,0.102363896336,3
15.850000,-0.068570111903,-0.020625435251,0.031461729310,0.078211950729,3
15.860000,-0.098610593080,0.056575443950,-0.042382515656,0.121330571411,3
15.870000,-0.036985394340,0.081832259453,-0.064058542409,0.110308362952,3
15.880000,0.036604828679,-0.001306741614,-0.034790079879,0.050517033902,3
15.890000,0.051319790154,-0.087040885974,0.018464243603,0.102716916739,3
15.900000,-0.013648354115,-0.055883488852,0.051430588516,0.077164417521,3
15.910000,-0.068801388038,0.008624222572,0.052442928268,0.086938305344,3
15.920000,-0.056435329965,0.065765313572,-0.036629565749,0.094083728797,3
15.930000,0.007391847453,0.056337018277,-0.059525470896,0.082290830124,3
15.940000,0.057826124221,-0.022867919522,-0.020570739716,0.065497768803,3
15.950000,0.027845408140,-0.071755184695,0.042994178143,0.088162762203,3
15.960000,-0.020115755564,-0.063934214636,0.069974828644,0.096895325310,3
15.970000,-0.061213449259,0.007817921377,0.047687921378,0.077989384599,3
15.980000,-0.047320147846,0.047926608520,-0.043699874078,0.080285958865,3
15.990000,0.043023496449,0.038897434823,-0.055574955384,0.080328123023,3
16.000000,0.069405863962,-0.029171132956,-0.012416504892,0.076303987733,3
16.010000,0.034149781549,-0.077059248604,0.060923001663,0.103999747629,3
16.020000,-0.045338987627,-0.039439446756,0.050495205680,0.078491143171,3
16.030000,-0.056583148620,0.029894280763,0.005041502973,0.064192970661,3
16.040000,0.003175589879,0.065348986158,-0.066561655179,0.093332889718,3
16.050000,0.060097156205,0.003434980027,-0.045343422766,0.075362412779,3
16.060000,0.065474108248,-0.035134159347,0.014831406880,0.075770961680,3
16.070000,0.005038058025,-0.065284319581,0.080805482465,0.104004569170,3
16.080000,-0.053829667947,-0.022979043118,0.060829811748,0.084415256745,3
16.090000,-0.040012886811,0.042535538981,-0.012300663059,0.059679221669,3
16.100000,0.021489709526,0.074016253173,-0.053059599892,0.093571013086,3
16.110000,0.054319367321,0.025739914100,-0.036566887287,0.070358184242,3
16.120000,0.055671200766,-0.055308194139,0.030876887618,0.084330665375,3
16.130000,0.000614852953,-0.033222484741,0.078615742941,0.085349555211,3
16.140000,-0.050334120675,0.003726764779,0.026455543436,0.056985158228,3
16.150000,-0.025269577532,0.061687054844,-0.031433550477,0.073701508665,3
16.160000,0.029986255722,0.046111081087,-0.042941050010,0.069780664279,3
16.170000,0.064906574519,-0.027269041583,-0.016290256431,0.072262275769,3
16.180000,0.017905850698,-0.050856538141,0.052039832711,0.074934312231,3
16.190000,-0.031788716434,-0.037140267588,0.078063887336,0.092108047830,3
16.200000,-0.082087964001,0.015196448130,0.018437655898,0.085494520436,3
16.210000,-0.029040709953,0.066576491749,-0.041060929313,0.083437353770,3
16.220000,0.052258190315,0.036139234381,-0.048949632292,0.080206166958,3
16.230000,0.056106882807,-0.016438832176,-0.000650331564,0.058469140859,3
16.240000,-0.002387763037,-0.057348518935,0.051455293736,0.077085674997,3
16.250000,-0.056531538875,-0.020721029744,0.044180374806,0.074679859931,3
16.260000,-0.047008900167,0.048057665571,0.000453054020,0.067227830346,3
16.270000,-0.009589768188,0.036613712062,-0.042785631938,0.057123881742,3
16.280000,0.029077447018,0.012354821554,-0.048088729130,0.057538382060,3
16.290000,0.024809541750,-0.022236699155,-0.001001796944,0.033331482839,3
16.300000,-0.006180082822,-0.039001775416,0.045659429700,0.060366509174,3
16.310000,-0.055843655189,-0.012967757235,0.016931054288,0.059777396663,3
16.320000,-0.053604838365,0.038366396976,-0.008262069603,0.066435840532,3
16.330000,-0.000808414565,0.037557128793,-0.054850124917,0.066481032338,3
16.340000,0.041299437161,-0.000446808105,-0.028251640446,0.050039967378,3
16.350000,0.020467298547,-0.046140262178,0.004792045886,0.050703035485,3
16.360000,-0.018322245944,-0.030191067438,0.045260852475,0.057408623187,3
16.370000,-0.046073631250,0.015442880699,0.021976779775,0.053331425165,3
16.380000,-0.026525620006,0.043654865624,-0.026602504227,0.057593828146,3
16.390000,0.023652073912,0.037012966258,-0.061756948386,0.075784569310,3
16.400000,0.029547909452,-0.014480920730,0.000105978021,0.032905732775,3
16.410000,0.028651943791,-0.054073925314,0.034216814649,0.070112150777,3
16.420000,-0.023325134904,-0.031529200634,0.039638498753,0.055761662406,3
16.430000,-0.053981461142,0.016933162006,0.002791912449,0.056643842540,3
16.440000,-0.010546359630,0.044230692341,-0.042309160379,0.062109942025,3
16.450000,0.037736962104,0.029826172745,-0.062560283875,0.078914308005,3
16.460000,0.065381675700,-0.026715257527,-0.007369355144,0.071012505218,3
16.470000,0.018848498593,-0.040939893184,0.043270304620,0.062479276684,3
16.480000,-0.023349806562,-0.008155250972,0.041723815329,0.048503591110,3
16.490000,-0.033358987022,0.030861948766,-0.017198885370,0.048590982237,3
16.500000,0.008411025807,0.028075370981,-0.033366327629,0.044410400024,3
16.510000,0.035217214408,0.000925595901,-0.022127378332,0.041602040698,3
16.520000,0.046099974548,-0.017389313125,0.016170525729,0.051856357052,3
16.530000,0.004125365848,-0.047550676206,0.052384684485,0.070867768553,3
16.540000,-0.027865114450,0.013755797083,0.035831975216,0.047430127604,3
16.550000,-0.024015636647,0.037802632856,-0.030106903259,0.053964946755,3
16.560000,0.015894549613,0.027522188797,-0.030514149154,0.044059288262,3
16.570000,0.047193165378,-0.005432512581,-0.023553821535,0.053023481216,3
16.580000,0.011217362947,-0.030854983363,0.025317267278,0.041458693326,3
16.590000,-0.022450190622,-0.018720889932,0.039024582163,0.048758597106,3
16.600000,-0.031942550445,0.010097793002,0.019849616601,0.038939687103,3
16.610000,-0.015520085999,0.032969313038,-0.021057842446,0.042086594066,3
16.620000,0.021269839646,0.023866854586,-0.043147706539,0.053700627613,3
16.630000,0.028615936838,-0.021519460648,-0.006521959738,0.036393611892,3
16.640000,0.010002890807,-0.040013060441,0.027726373856,0.049697632112,3
16.650000,-0.025147941661,-0.015747273548,0.039788706975,0.049634028617,3
16.660000,-0.044625273644,0.009576415059,0.001507963811,0.045666144221,3
16.670000,-0.014376753824,0.016510735159,-0.027423789815,0.035090734871,3
16.680000,0.021207796404,0.015926200567,-0.032008353309,0.041568608040,3
16.690000,0.025953805883,-0.017061783094,0.003783076125,0.031289233726,3
16.700000,0.000164335276,-0.031494837871,0.019278533785,0.036927140202,3
16.710000,-0.024255864671,-0.008825738622,0.019458584807,0.032324559639,3
16.720000,-0.037442120065,0.025039729267,-0.015694970481,0.047699397220,3
16.730000,0.000378631939,0.025826057480,-0.033121503462,0.042001935654,3
16.740000,0.023979544063,0.003874898292,-0.019136571093,0.030923158368,3
16.750000,0.035724158284,-0.030451650236,0.009749168571,0.047943349644,3
16.760000,-0.011982104405,-0.026867177413,0.030086704928,0.042078805372,3
16.770000,-0.024712282279,0.002374312825,0.011461810826,0.027344238228,3
16.780000,-0.024243547585,0.030092428947,-0.009214237237,0.039726641530,3
16.790000,0.005943487006,0.020191718876,-0.037647765521,0.043132178216,3
16.800000,0.039278651520,-0.008576051331,-0.017136285515,0.043703700106,3
16.810000,0.021057552440,-0.031521074955,0.026098907407,0.046023381546,3
16.820000,-0.014243782261,-0.006314540025,0.026758936965,0.030964487019,3
16.830000,-0.026400921905,0.013076029244,0.005856267934,0.030038094019,3
16.840000,-0.009037626413,0.028960702590,-0.013331856557,0.033138186205,3
16.850000,0.023469137711,0.033281776499,-0.026207598328,0.048428455292,3
16.860000,0.028993583006,-0.020145743162,-0.002572095224,0.035399074803,3
16.870000,0.018191007243,-0.035100154564,0.021634675173,0.045066537085,3
16.880000,-0.021341373659,-0.013149788636,0.043419826587,0.050136339233,3
16.890000,-0.020569341753,0.021985612859,0.006341728127,0.030768206132,3
16.900000,0.006850804586,0.030718126045,-0.022979781751,0.038969310496,3
16.910000,0.027228695741,0.021297593177,-0.011131046114,0.036316518755,3
16.920000,0.030320840928,-0.024900470132,0.003814931193,0.039420052098,3
16.930000,0.003779087382,-0.030188894297,0.028979070766,0.042017108215,3
16.940000,-0.022438663891,-0.005018078916,0.019689817125,0.030271498999,3
16.950000,-0.034506954437,0.026750764198,-0.006641764902,0.044163857742,3
16.960000,0.011778792085,0.019091600544,-0.033894109980,0.040645293032,3
16.970000,0.030912558854,0.008313054117,-0.022814569347,0.039309003271,3
16.980000,0.025311315787,-0.019813334163,0.011738858712,0.034220340755,3
16.990000,-0.004584475449,-0.030382111377,0.040822163944,0.051093435742,3
17.000000,-0.039323423662,0.009532513792,0.014535415193,0.042993938672,3
17.010000,-0.031200581998,0.024497462763,-0.020659792693,0.044726156027,3
17.020000,0.009366269702,0.008014978720,-0.036345481107,0.038379172592,3
17.030000,0.037277090542,-0.004353024699,-0.007397614536,0.038252516311,3
17.040000,0.012120895205,-0.034238396084,0.018141027987,0.040599024168,3
17.050000,-0.012210962532,-0.016397147982,0.031911000480,0.037898364338,3
17.060000,-0.042813676699,0.006188471188,-0.001690285892,0.043291629151,3
17.070000,-0.010366483273,0.023333414230,-0.036306673280,0.044385658942,3
17.080000,0.011828227154,0.019894135726,-0.045678327907,0.051207355275,3
17.090000,0.027747640595,-0.021193340666,-0.004365732104,0.035187339541,3
17.100000,0.005966703711,-0.034726358555,0.031351695340,0.047164078835,3
17.110000,-0.056161359900,-0.016450402517,0.027628555842,0.064715154228,3
17.120000,-0.054647131213,0.027091378491,-0.019507470646,0.064037435531,3
17.130000,-0.010582582261,0.019898020063,-0.029764584804,0.037334337524,3
17.140000,0.034166705138,-0.000344392372,-0.036993338802,0.050358608617,3
17.150000,0.033492870321,-0.056894256465,0.014559799113,0.067607074565,3
17.160000,-0.010640826513,-0.046861324283,0.052347940488,0.071059959019,3
17.170000,-0.054183093012,-0.009051389864,0.029928575800,0.062557612457,3
17.180000,-0.042059822700,0.041512125040,-0.028248478838,0.065500089829,3
17.190000,0.006819754809,0.028142073874,-0.044779602835,0.053326336905,3
17.200000,0.030443459228,-0.007867070625,-0.023066625181,0.038996976899,3
17.210000,0.030348437596,-0.047223340812,0.027974109754,0.062718596911,3
17.220000,-0.019796756333,-0.043404561225,0.050135918655,0.069206053462,3
17.230000,-0.050437255635,-0.000206221526,0.011193009241,0.051664714643,3
17.240000,-0.015314265953,0.050819365228,-0.043104489711,0.068374934422,3
17.250000,0.025050150906,0.026917949467,-0.056153512400,0.067121554055,3
17.260000,0.039430728235,-0.026983049300,-0.002105098972,0.047825711916,3
17.270000,0.023043592407,-0.045745025189,0.057470026188,0.076983234477,3
17.280000,-0.016361355483,-0.032031595645,0.053229921261,0.064242832987,3
17.290000,-0.031353508032,0.028607683547,-0.011128490576,0.043878073412,3
17.300000,0.005697976041,0.055224740398,-0.034515273353,0.065372341075,3
17.310000,0.059801956760,0.023281413082,-0.039619903700,0.075419062555,3
17.320000,0.058058733595,-0.038020628477,0.016630110407,0.071364874473,3
17.330000,0.022574606611,-0.047285770280,0.048884236712,0.071660487952,3
17.340000,-0.035322508747,-0.012635094553,0.035990629095,0.051987023585,3
17.350000,-0.030443649490,0.043927568016,0.003040062279,0.053532130583,3
17.360000,0.002887331880,0.043734232866,-0.073610469580,0.085671004672,3
17.370000,0.064807177820,0.003931893233,-0.041495411375,0.077053872365,3
17.380000,0.060914477634,-0.051234209627,0.012013393860,0.080497449982,3
17.390000,-0.010029009623,-0.040354331629,0.044793106753,0.061118536696,3
17.400000,-0.053787482666,0.004192193356,0.049232944163,0.073038007692,3
17.410000,-0.026586463012,0.063813466249,-0.026891720187,0.074176567087,3
17.420000,0.018111183250,0.061251978872,-0.054510928100,0.083971787862,3
17.430000,0.052376704844,-0.021981459660,-0.016177695463,0.059061168373,3
17.440000,0.020350606988,-0.066980691922,0.041881417605,0.081575814037,3
17.450000,-0.019505992286,-0.062661484354,0.037001800971,0.075339754656,3
17.460000,-0.075420844913,0.029155735264,0.018934646656,0.083047465887,3
17.470000,-0.026401341961,0.052040791236,-0.046879222462,0.074852764201,3
17.480000,0.023389771054,0.029751321182,-0.046513782017,0.059964609726,3
17.490000,0.031924967103,-0.039760751128,-0.003094585322,0.051085196614,3
17.500000,0.026011823450,-0.070965149186,0.049578946646,0.090392141853,3
17.510000,-0.047782604123,-0.015448377282,0.046780853819,0.068631464369,3
17.520000,-0.078220275814,0.024456817599,-0.002479105619,0.081992032785,3
17.530000,-0.010422403208,0.065961185436,-0.063203704495,0.091946792955,3
17.540000,0.037556366317,0.004819660368,-0.054921123299,0.066708616845,3
17.550000,0.051071603233,-0.057661327053,0.011391781132,0.077864690147,3
17.560000,-0.000986974141,-0.062045260437,0.051269510104,0.080493174412,3
17.570000,-0.047341583721,-0.002979059976,0.044158952447,0.064808282100,3
17.580000,-0.034681769657,0.057258314804,-0.016408978400,0.068924555370,3
17.590000,0.008200128284,0.025510239465,-0.057879730536,0.063781483429,3
17.600000,0.037191513959,0.001391157852,-0.040011695854,0.054645034869,3
17.610000,0.052879713459,-0.043123741955,0.011803653814,0.069247725299,3
17.620000,-0.013523749065,-0.052655680838,0.048991292243,0.073182369659,3
17.630000,-0.060937421068,-0.006118817072,0.025251438613,0.066245334635,3
17.640000,-0.045632627483,0.065014432880,-0.028470258912,0.084378722532,3
17.650000,0.028274142435,0.030558319853,-0.040431151886,0.058033749538,3
17.660000,0.063917575347,-0.018190072508,-0.026904797754,0.071695211265,3
17.670000,0.066400450336,-0.060723115320,0.038434399189,0.097844364069,3
17.680000,-0.013633179738,-0.011246335029,0.073623548628,0.075715061606,3
17.690000,-0.060536150065,0.020606954403,-0.003719249227,0.064055482585,3
17.700000,-0.003321166035,0.054141072304,-0.048726347268,0.072914626600,3
17.710000,0.067193136008,0.032216164640,-0.042560471063,0.085814873349,3
17.720000,0.062939227848,-0.042128259413,0.011470504334,0.076600973315,3
17.730000,0.032528487932,-0.069862750886,0.055022162189,0.094690785299,3
17.740000,-0.036829229716,-0.010462667586,0.055564878308,0.067478257801,3
17.750000,-0.025638009567,0.020049676132,-0.019828255156,0.038111110586,3
17.760000,0.003576807218,0.053627820181,-0.049134694563,0.072821390107,3
17.770000,0.042097300903,0.015061395799,-0.014441523417,0.046984954883,3
17.780000,0.050902655206,-0.045416274602,-0.002776703437,0.068274654065,3
17.790000,0.005363065701,-0.063431005416,0.060084128581,0.087534892638,3
17.800000,-0.041432802301,-0.005938742785,0.041233562365,0.058755020532,3
17.810000,-0.028170658060,0.042446129395,-0.021295207793,0.055215448482,3
17.820000,0.008637802196,0.050778825248,-0.029883338208,0.059549262152,3
17.830000,0.048136996840,-0.003770938278,-0.025092049240,0.054415084079,3
17.840000,0.042894002787,-0.048620240074,0.029316825560,0.071156865311,3
17.850000,0.001557970876,-0.022340105426,0.066184313570,0.069870386763,3
17.860000,-0.060660934818,0.012448990049,0.028875224243,0.068326458575,3
17.870000,-0.041202749582,0.045564346811,-0.025769399761,0.066617101689,3
17.880000,0.010493477943,0.034390401905,-0.063368395128,0.072858536381,3
17.890000,0.033932700442,-0.010080407169,-0.006624852296,0.036012934287,3
17.900000,-0.000672262986,-0.048656060696,0.029106955142,0.056701666798,3
17.910000,-0.029638517421,-0.016606081122,0.035755182448,0.049321767173,3
17.920000,-0.071458919050,0.012558204572,-0.006839005570,0.072875631119,3
17.930000,-0.016301486336,0.034425903398,-0.049203413947,0.062224249498,3
17.940000,0.043175939626,0.006793183384,-0.037819030775,0.057797821688,3
17.950000,0.039045905607,-0.024102137975,0.004945391347,0.046151410544,3
17.960000,0.005186092450,-0.040431799788,0.036049187744,0.054416632807,3
17.970000,-0.058175674550,-0.013584143282,0.034990917825,0.069233679580,3
17.980000,-0.048829165986,0.025316199948,0.000563720370,0.055004683540,3
17.990000,0.008272811148,0.053192138116,-0.046843168868,0.071359129978,3
18.000000,0.026492012748,-0.001950611088,-0.023407221723,0.035405220687,3
18.010000,0.022125263464,-0.035892003668,0.024125176458,0.048577642489,3
18.020000,-0.011647878192,-0.047034819108,0.036063816948,0.060403196668,3
18.030000,-0.034319576171,0.000158663788,0.033796703040,0.048167163288,3
18.040000,-0.026911171826,0.035754522111,-0.015488939687,0.047355087087,3
18.050000,0.016106853233,0.021954855204,-0.036808452638,0.045785462471,3
18.060000,0.026784408228,-0.007319795352,-0.011983414360,0.030242125385,3
18.070000,0.027230161444,-0.039113876058,0.024346765761,0.053517679280,3
18.080000,-0.015524550945,-0.025941246297,0.033751791066,0.045311624796,3
18.090000,-0.032338734403,0.009768412769,0.012668095418,0.036079028151,3
18.100000,0.003750193584,0.033062503356,-0.022530446934,0.040184749833,3
18.110000,0.029202592795,0.035770857088,-0.034570862200,0.057684401323,3
18.120000,0.049446779047,-0.004055220308,0.002829468380,0.049693406617,3
18.130000,0.008179989847,-0.036430941347,0.027882180301,0.046599803644,3
18.140000,-0.014074935891,-0.012954637515,0.043167173755,0.047215795487,3
18.150000,-0.035452882473,0.026347867835,-0.006214494145,0.044606467609,3
18.160000,0.003071041260,0.031096107453,-0.037254288039,0.048623874491,3
18.170000,0.019630709098,-0.004577448618,-0.015456928746,0.025401464953,3
18.180000,0.037555178899,-0.030603617313,0.008675921072,0.049216302799,3
18.190000,0.004139510571,-0.026573510422,0.027187948367,0.038242274257,3
18.200000,-0.011289711960,0.003111536412,0.019221653259,0.022508025435,3
18.210000,-0.014701824582,0.024504639656,-0.013494987583,0.031602779950,3
18.220000,0.000363224690,0.027406446587,-0.031061485740,0.041425368352,3
18.230000,0.036258839739,-0.003425917941,-0.019817150050,0.041462752068,3
18.240000,0.023695521933,-0.030899713036,0.011700116818,0.040659104257,3
18.250000,-0.011069931075,-0.023472881572,0.028678299868,0.038677699345,3
18.260000,-0.041497679591,-0.003816241009,0.010422295032,0.042956318983,3
18.270000,-0.021066206665,0.031114692018,-0.021903065446,0.043493141971,3
18.280000,0.009361805675,0.021793822341,-0.038086470311,0.044868622872,3
18.290000,0.019417338803,-0.008772657057,-0.009258504030,0.023231712268,3
18.300000,0.010445570761,-0.027116435283,0.014689753312,0.032560710425,3
18.310000,-0.015500206299,-0.014812838703,0.029489647476,0.036459784613,3
18.320000,-0.045699319791,0.018785478828,0.020912080848,0.053652932535,3
18.330000,-0.011219514056,0.035042775399,-0.025558199326,0.044800615578,3
18.340000,0.012834359146,0.006851144921,-0.018567551664,0.023588406818,3
18.350000,0.017275824655,-0.014991556319,0.004506273994,0.023313244812,3
18.360000,-0.011613645702,-0.026170350422,0.018214677026,0.033934325790,3
18.370000,-0.026107300812,-0.012627417369,0.019282786288,0.034826264114,3
18.380000,-0.024789926522,0.020299025314,0.001639253073,0.032082363321,3
18.390000,-0.006003289303,0.026974544071,-0.029987660652,0.040778981126,3
18.400000,0.021147846616,0.005777827748,-0.017804107898,0.028241830111,3
18.410000,0.025091513410,-0.021095529306,0.003086369160,0.032926145789,3
18.420000,-0.013633883307,-0.024773232597,0.031534625949,0.042355973145,3
18.430000,-0.030172156418,-0.000328848623,0.011618660435,0.032333580603,3
18.440000,-0.027257113426,0.038300727430,-0.006707638597,0.047485664884,3
18.450000,0.005737009919,0.029866926463,-0.018299094092,0.035493709637,3
18.460000,0.024664379621,0.003529666264,-0.008305380584,0.026263463455,3
18.470000,0.026358536946,-0.023398229098,0.009185660787,0.036422876862,3
18.480000,-0.006722928150,-0.010411666876,0.025954577020,0.028761791293,3
18.490000,-0.018249217225,0.010157147696,0.015588203424,0.026061344260,3
18.500000,-0.010793403347,0.041420804458,-0.019013843017,0.046837024073,3
18.510000,0.020881239460,0.028345559966,-0.029682832655,0.046049619821,3
18.520000,0.042672997735,-0.006128828311,0.000898421343,0.043120232294,3
18.530000,0.005926443408,-0.017717796372,0.017593488753,0.025662694447,3
18.540000,-0.002772125106,-0.015044790350,0.026079306931,0.030235089619,3
18.550000,-0.024787954125,0.022502525483,0.007055441877,0.034213821519,3
18.560000,0.000078658502,0.022985652512,-0.022494460929,0.032161268337,3
18.570000,0.022805245066,0.008284824083,-0.020851584742,0.031992281864,3
18.580000,0.030147752924,-0.026469059258,0.002503699461,0.040196599550,3
18.590000,0.007621918910,-0.017844367839,0.021243193988,0.028771312140,3
18.600000,-0.016966261703,-0.017203033024,0.026570647400,0.035913753419,3
18.610000,-0.019323054965,0.022453522764,-0.013248325815,0.032450874789,3
18.620000,0.002987210276,0.028910222765,-0.031607938070,0.042939331091,3
18.630000,0.024545099566,0.003145246297,-0.022552808967,0.033481094356,3
18.640000,0.024627443132,-0.021768926376,0.004006299447,0.033112649336,3
18.650000,-0.005320824656,-0.028257104831,0.035173143191,0.045430442991,3
18.660000,-0.019893250505,0.013986530127,0.002148821443,0.024412739999,3
18.670000,-0.025783737861,0.021475669170,-0.017466778065,0.037829800956,3
18.680000,-0.002804639323,0.018489240081,-0.009076480527,0.020787027187,3
18.690000,0.018771404907,-0.019608296012,-0.011286605935,0.029397931699,3
18.700000,0.011634067266,-0.028280068747,0.018121294534,0.035545676602,3
18.710000,-0.011205797803,-0.025356949123,0.024776830955,0.037181125930,3
18.720000,-0.041227871501,0.002221502307,0.017857878392,0.044984178126,3
18.730000,-0.026264843884,0.049623682478,-0.026567693605,0.062114364123,3
18.740000,0.008406370640,0.026538495371,-0.028623814835,0.039928455763,3
18.750000,0.039047070881,-0.022087479040,-0.003151131643,0.044971770093,3
18.760000,0.006639781056,-0.042334297877,0.028050929711,0.051216541536,3
18.770000,-0.033988697667,-0.027417130610,0.025416174807,0.050526355121,3
18.780000,-0.037303168596,0.029102538703,-0.003332795803,0.047429860574,3
18.790000,-0.024876395523,0.032028842599,-0.036066233867,0.054272046560,3
18.800000,0.012973145128,0.012465623489,-0.020632729513,0.027375240467,3
18.810000,0.029296775367,-0.037235214602,0.002914557270,0.047468483202,3
18.820000,-0.004624236575,-0.044448794439,0.034863563316,0.056679334312,3
18.830000,-0.030929392954,-0.010204490756,0.019362618084,0.037890235670,3
18.840000,-0.033839685199,0.044615660282,0.006922974325,0.056423479246,3
18.850000,-0.008765279592,0.044692213986,-0.040062469944,0.060656620540,3
18.860000,0.032072890593,-0.003497878425,-0.031990022023,0.045434204884,3
18.870000,0.036537032211,-0.042169363750,0.016641564987,0.058225008777,3
18.880000,-0.009116937595,-0.023064924912,0.034021649355,0.042102041960,3
18.890000,-0.049861473989,-0.007573998091,0.018898173320,0.053857896267,3
18.900000,-0.016736117770,0.027061579438,-0.022532272488,0.038988844855,3
18.910000,0.028254452094,0.035641161650,-0.034842575112,0.057294079165,3
18.920000,0.054062091328,-0.007383710527,-0.011526332742,0.055768138273,3
18.930000,0.027713773931,-0.039849921501,0.034488321086,0.059544217188,3
18.940000,-0.011181688412,-0.017018861589,0.053170324231,0.056936413518,3
18.950000,-0.038245743060,0.035411044199,0.007625212935,0.052676586695,3
18.960000,-0.009527434835,0.062215042971,-0.025424075691,0.067881272905,3
18.970000,0.053098362157,0.028630395936,-0.036246133959,0.070376969686,3
18.980000,0.061040678494,-0.015572672070,0.006799201625,0.063361673661,3
18.990000,0.002636033257,-0.039660773951,0.040267219149,0.056580691050,3
19.000000,-0.037848625943,-0.020467641084,0.040020125517,0.058762685982,3
19.010000,-0.052447827667,0.029675955795,-0.004587924303,0.060435800886,3
19.020000,0.001136781064,0.042628290045,-0.036754353287,0.056296943690,3
19.030000,0.041821382896,-0.001423259068,-0.036109133181,0.055271359969,3
19.040000,0.053513043890,-0.049432285065,0.020947522094,0.075802343994,3
19.050000,0.004182244496,-0.062698113376,0.044681593980,0.077103757564,3
19.060000,-0.028496075280,-0.007900623361,0.049968706839,0.058063050377,3
19.070000,-0.046319925743,0.053595094417,-0.013293029499,0.072074088961,3
19.080000,-0.004066074867,0.055167168291,-0.054024132960,0.077321124954,3
19.090000,0.034512831069,0.003004619960,-0.037405647885,0.050983779216,3
19.100000,0.026771601285,-0.044354772668,0.008978249080,0.052580162137,3
19.110000,-0.023259238370,-0.038988973526,0.049130470026,0.066894957292,3
19.120000,-0.086575652152,-0.012652136547,0.011697830932,0.088273775003,3
19.130000,-0.039257251836,0.046352360090,-0.034213547359,0.069715421038,3
19.140000,0.016108244310,0.012391550817,-0.031186636900,0.037224083435,3
19.150000,0.054733404558,-0.031062364167,-0.033850862163,0.071459757286,3
19.160000,0.008440838892,-0.050815459813,0.054355107105,0.074886156168,3
19.170000,-0.049408679924,-0.020620066453,0.056083925081,0.077535871987,3
19.180000,-0.052712771299,0.045653734492,-0.012396067223,0.070827693833,3
19.190000,-0.027652206157,0.059496766683,-0.041743971257,0.077762901742,3
19.200000,0.020428456791,0.025444546647,-0.052188439233,0.061549817145,3
19.210000,0.046014677834,-0.038699497875,0.009400649858,0.060855352515,3
19.220000,-0.002659304408,-0.073091774025,0.058935363812,0.093930061416,3
19.230000,-0.052710525247,-0.028921968936,0.059246657767,0.084409988837,3
19.240000,-0.065609329752,0.036894868786,-0.020038704630,0.077893293527,3
19.250000,-0.012064197470,0.048135405252,-0.047783780540,0.068890142851,3
19.260000,0.046308102313,0.018421185835,-0.043045969599,0.065853898337,3
19.270000,0.038642803456,-0.049185608648,0.033337241857,0.070879207470,3
19.280000,-0.011042884747,-0.057719154635,0.063491030025,0.086513334283,3
19.290000,-0.043837499355,-0.010688288814,0.029278068937,0.053788206775,3
19.300000,-0.032742445568,0.047222497788,-0.023680409675,0.062151378436,3
19.310000,0.017905208484,0.062198059512,-0.048200914256,0.080700205905,3
19.320000,0.059633464929,-0.011173410997,-0.025869261847,0.065956151807,3
19.330000,0.055176506263,-0.041701339851,0.047900317608,0.084130190869,3
19.340000,0.001386399421,-0.050413077038,0.077297455408,0.092294620929,3
19.350000,-0.052422082438,0.010865032906,0.007355613015,0.054039140537,3
19.360000,-0.000000280385,0.061509459979,-0.021615839785,0.065197071994,3
19.370000,0.033302928379,0.029958316759,-0.057931175087,0.073229821990,3
19.380000,0.058467364034,-0.013710428271,-0.012644321207,0.061370085214,3
19.390000,0.010620709087,-0.045522352953,0.051421268368,0.069492668106,3
19.400000,-0.023642392605,-0.040366730772,0.036298884712,0.059211862939,3
19.410000,-0.064294921513,0.038898483017,0.010885864046,0.075930434935,3
19.420000,-0.006518482427,0.074218666920,-0.068277013827,0.101057665467,3
19.430000,0.044049955428,0.004581884103,-0.042312502621,0.061251449886,3
19.440000,0.062640107143,-0.039476996510,0.013397008120,0.075244242988,3
19.450000,0.024543464411,-0.044098826589,0.052607940778,0.072901876414,3
19.460000,-0.045848746358,-0.022170449858,0.045652130680,0.068394103730,3
19.470000,-0.046655447562,0.032897852828,-0.021881963818,0.061137712162,3
19.480000,0.009225409941,0.047881340129,-0.039646462161,0.062845627397,3
19.490000,0.041648010276,0.001682300662,-0.027159690960,0.049749730738,3
19.500000,0.033957689593,-0.039379698124,0.028626063122,0.059357702084,3
19.510000,-0.008314980181,-0.061492099723,0.042121476001,0.074997573056,3
19.520000,-0.046078775080,-0.016238969380,0.028094870297,0.056358489834,3
19.530000,-0.060531077823,0.052953596262,-0.028192784873,0.085222813016,3
19.540000,-0.001338192181,0.037616888053,-0.047948913529,0.060958340969,3
19.550000,0.040678317757,0.000159210227,-0.022719216515,0.046593064747,3
19.560000,0.006934394881,-0.061053718076,0.020587464898,0.064803441531,3
19.570000,-0.028793777058,-0.043106637412,0.027282514213,0.058579854626,3
19.580000,-0.082044638623,0.013271063182,0.022122448132,0.086004921697,3
19.590000,-0.023161799876,0.039844674614,-0.034636229449,0.057651846970,3
19.600000,0.014053160735,0.025215313776,-0.051031427269,0.058630281805,3
19.610000,0.044749859317,-0.023533096015,-0.002347158240,0.050614875963,3
19.620000,-0.007552616729,-0.039775460928,0.032133867986,0.051688633017,3
19.630000,-0.042229099868,-0.023257729381,0.031243131602,0.057448691229,3
19.640000,-0.039227913969,0.023067222927,-0.008267044798,0.046252243596,3
19.650000,-0.006458987442,0.039484952887,-0.048955228482,0.063224950921,3
19.660000,0.025904375892,0.000123557512,-0.048500569685,0.054985063577,3
19.670000,0.039429879798,-0.028543512033,-0.004461700299,0.048881021569,3
19.680000,0.010205080973,-0.046396282866,0.035814395621,0.059493106115,3
19.690000,-0.042842076084,0.015813857532,0.041583127318,0.061763079998,3
19.700000,-0.020001052172,0.020663565464,-0.019741851472,0.034882169158,3
19.710000,0.024259610289,0.033008798729,-0.047897734865,0.063026204789,3
19.720000,0.036671434618,-0.001104973455,-0.024156338414,0.043926572468,3
19.730000,0.040929445481,-0.043861610677,0.024899473083,0.064954169676,3
19.740000,-0.011112467658,-0.030454299893,0.039171325525,0.050846278751,3
19.750000,-0.031524926605,0.014123473536,0.011657013031,0.036457913476,3
19.760000,-0.014293912965,0.027745535528,-0.020149834822,0.037150323457,3
19.770000,0.035240995141,0.031446945000,-0.034988964815,0.058779807308,3
19.780000,0.044884904290,-0.017284490427,-0.003107129588,0.048198158645,3
19.790000,0.028007904115,-0.037454996131,0.028156311038,0.054590267259,3
19.800000,-0.005906768577,-0.022433134712,0.046373411369,0.051851988680,3
19.810000,-0.024174268208,0.018975432692,0.003585331020,0.030940537936,3
19.820000,-0.006147218050,0.036010330120,-0.025549375778,0.044579174148,3
19.830000,0.022160086208,0.004923793482,-0.033857763963,0.040763480513,3
19.840000,0.046011306488,-0.016819023476,0.010362046700,0.050072865778,3
19.850000,0.014617503539,-0.028888018388,0.033555078786,0.046627591921,3
19.860000,-0.025294686951,-0.013392446358,0.011599494050,0.030882471883,3
19.870000,-0.028357946600,0.021832254163,0.007880907932,0.036645997968,3
19.880000,0.006505394374,0.033190027941,-0.032990278985,0.047246763045,3
19.890000,0.025437637695,0.008135055753,-0.017344326376,0.031844594534,3
19.900000,0.034661070407,-0.029133079903,0.005692744008,0.045634783671,3
19.910000,-0.006225355224,-0.027866632502,0.036141106101,0.046059568005,3
19.920000,-0.021249337144,-0.007214537958,0.014947133238,0.026962950118,3
19.930000,-0.016836449809,0.014006022629,-0.013135303132,0.025537636939,3
19.940000,0.003134904721,0.019490902097,-0.034553671892,0.039795466242,3
19.950000,0.014090224331,-0.005196608033,-0.009060518520,0.017539445618,3
19.960000,0.001465468889,-0.030784095597,0.011629041522,0.032939987060,3
19.970000,-0.016529607728,-0.024844420236,0.034265606455,0.045437923965,3
19.980000,-0.031561547797,0.009006619577,0.009148257308,0.034072585862,3
19.990000,-0.017822613433,0.022179396133,-0.016368672079,0.032825365010,3
20.000000,0.009653495312,0.023178924463,-0.028435463532,0.037934523817,3
20.010000,0.030897224910,-0.017644167321,-0.005185756663,0.035956184722,3
20.020000,0.000308451022,-0.023708505454,0.017446636010,0.029437620165,3
20.030000,-0.027519990116,-0.026630288974,0.022406469007,0.044368592498,3
20.040000,-0.036660884720,0.013407728197,0.002185395958,0.039096848969,3
20.050000,-0.011737273313,0.026878615850,-0.024147777943,0.037991298404,3
20.060000,0.014816992979,0.013950690182,-0.022935605495,0.030662795647,3
20.070000,0.023547223173,-0.008155365982,0.001730243785,0.024979500736,3
20.080000,0.007987074233,-0.023722352406,0.022409712886,0.033596705048,3
20.090000,-0.014682680041,-0.001186388704,0.021463849638,0.026032392373,3
20.100000,-0.025691834964,0.026120550411,-0.008883966984,0.037699846246,3
20.110000,-0.001287289789,0.023993535886,-0.026414017308,0.035707802924,3
20.120000,0.038060761599,0.011096280096,-0.022604351358,0.045636670626,3
20.130000,0.021836921245,-0.016704492821,0.008176786414,0.028683637251,3
20.140000,-0.004593530980,-0.025901669234,0.031418495464,0.040977052763,3
20.150000,-0.023691059986,0.008158707782,0.017731419518,0.030695831542,3
20.160000,-0.011865343892,0.026553653886,-0.013493307889,0.032061694874,3
20.170000,0.021017243673,0.022852928167,-0.036267588946,0.047742212614,3
20.180000,0.020896199158,-0.001735620310,-0.010344193143,0.023380886401,3
20.190000,0.025501263609,-0.023202913040,0.018259020627,0.039013862324,3
20.200000,-0.014186239938,-0.013240976423,0.031801338363,0.037254502840,3
20.210000,-0.022295948911,0.010313517045,0.016121828248,0.029383521193,3
20.220000,-0.022385623055,0.037844629644,-0.018583928100,0.047735673203,3
20.230000,0.023497507393,0.029921867527,-0.034551826004,0.051393381774,3
20.240000,0.026134644238,-0.011340710491,0.000835088892,0.028501380973,3
20.250000,0.007418308478,-0.014576321813,0.014844305447,0.022087414119,3
20.260000,-0.012487047029,-0.013162108222,0.020376878954,0.027283413134,3
20.270000,-0.032397329706,0.015908392365,-0.012432286429,0.038173625261,3
20.280000,-0.001158570276,0.025380059899,-0.026822080797,0.036944739054,3
20.290000,0.028092233974,0.007896260985,-0.023327296664,0.037358898764,3
20.300000,0.030307535550,-0.028731410620,-0.007382905417,0.042409290960,3
20.310000,-0.000982661600,-0.027555930527,0.023720350421,0.036372379014,3
20.320000,-0.038714743402,-0.000770697115,0.017601313033,0.042535062610,3
20.330000,-0.043392508857,0.021387794091,-0.004170033518,0.048556531389,3
20.340000,0.008953876186,0.025504633350,-0.022604482108,0.035236640482,3
20.350000,0.031332620709,-0.001035747522,-0.023927464024,0.039437665094,3
20.360000,0.021399744692,-0.025279250921,0.019712457934,0.038543100521,3
20.370000,-0.020738937278,-0.040409577131,0.025902080809,0.052287237769,3
20.380000,-0.043459278042,-0.000261058692,0.026084409118,0.050687014102,3
20.390000,-0.030641840000,0.029900783567,-0.015284869363,0.045459943334,3
20.400000,0.003839877128,0.024778537658,-0.033846697409,0.042122672165,3
20.410000,0.026668521785,-0.016784703038,-0.024937985356,0.040185064686,3
20.420000,0.006461738591,-0.044200366602,0.019225871091,0.048631888639,3
20.430000,-0.034498792792,-0.028882122075,0.042168371133,0.061664537651,3
20.440000,-0.056320052056,0.018355904306,0.003007566522,0.059312165219,3
20.450000,-0.019410709945,0.049801307210,-0.025680129560,0.059299366899,3
20.460000,0.025198288658,-0.000049113745,-0.047031375947,0.053356409989,3
20.470000,0.043741187210,-0.010664673659,-0.002771400438,0.045107730858,3
20.480000,0.002707372901,-0.041044664019,0.044133718938,0.060330584779,3
20.490000,-0.027205305847,0.002385348762,0.027158915631,0.038515260004,3
20.500000,-0.043071516619,0.031735829378,-0.004140604651,0.053660628183,3
20.510000,0.009606005437,0.054959394657,-0.049280440882,0.074440393975,3
20.520000,0.050870163616,0.021890288237,-0.034390528635,0.065189467901,3
20.530000,0.053142350728,-0.039961958040,0.028853203614,0.072481548618,3
20.540000,0.002747538891,-0.055372997358,0.050185927948,0.074781984263,3
20.550000,-0.021700311865,-0.014777510119,0.020380954124,0.033236450342,3
20.560000,-0.012627855007,0.053380649722,-0.023072723646,0.059508882222,3
20.570000,0.018196238566,0.039890755606,-0.045801451226,0.063404640328,3
20.580000,0.046554923218,-0.002418921604,-0.024915400598,0.052858199406,3
20.590000,0.032673627460,-0.042483078328,0.039359635186,0.066494802485,3
20.600000,-0.020151040181,-0.044562639583,0.052525284572,0.071769065665,3
20.610000,-0.027370138873,0.002965992172,0.029755813953,0.040538007789,3
20.620000,-0.012960827875,0.054871263023,-0.043073930365,0.070952110906,3
20.630000,0.053517841508,0.029697394205,-0.053317658576,0.081171838086,3
20.640000,0.067643040385,-0.033253770391,-0.006857880801,0.075686357337,3
20.650000,0.032943260650,-0.049315650307,0.045883445697,0.074983880777,3
20.660000,-0.022858940332,-0.034990128260,0.056950256381,0.070641148990,3
20.670000,-0.037354450757,0.046877137653,0.014978016311,0.061783185403,3
20.680000,-0.002336639912,0.059455480021,-0.050093850545,0.077780510753,3
20.690000,0.030571238140,0.031730909222,-0.060372384296,0.074741394067,3
20.700000,0.060680430563,-0.045181574223,-0.012206134470,0.076632101767,3
20.710000,0.012853629353,-0.070127116892,0.056575552934,0.091015501432,3
20.720000,-0.076444515447,-0.038221610421,0.047352115392,0.097708127999,3
20.730000,-0.052561604738,0.054301276440,-0.028193752881,0.080661258465,3
20.740000,-0.017866522959,0.065449114251,-0.067153558554,0.095458889713,3
20.750000,0.049467338559,0.002551976669,-0.041642318360,0.064711767457,3
20.760000,0.054871784757,-0.041013017182,0.021605493978,0.071831592707,3
20.770000,-0.034499205789,-0.032998708512,0.039055309705,0.061680038746,3
20.780000,-0.068854711700,0.025653569904,0.045161867702,0.086247731949,3
20.790000,-0.052398199203,0.048887517010,-0.035480223158,0.079965035074,3
20.800000,0.007640186780,0.072515110324,-0.049788663952,0.088293401438,3
20.810000,0.043625993890,-0.005550023278,-0.024829013909,0.050502574518,3
20.820000,0.012408246311,-0.051348405155,0.034373653926,0.063025164599,3
20.830000,-0.046194811386,-0.050144220063,0.054566703518,0.087326562611,3
20.840000,-0.056240916493,0.003354218334,0.030817997604,0.064218692333,3
20.850000,-0.038557434740,0.051817228795,-0.056225234729,0.085632809098,3
20.860000,0.010109905008,0.056467738907,-0.072833650731,0.092712223549,3
20.870000,0.056495677576,-0.031355882396,-0.008379651095,0.065154980608,3
20.880000,0.017189227413,-0.060970584733,0.046409078339,0.078528238832,3
20.890000,-0.048616393711,-0.014144326919,0.055171174824,0.074883070536,3
20.900000,-0.058608908719,0.038266315741,-0.000225399119,0.069995470613,3
20.910000,-0.007781003015,0.066671047663,-0.041727500597,0.079036427744,3
20.920000,0.070203710745,0.015175521022,-0.024717570153,0.075959303017,3
20.930000,0.038354733326,-0.030971530881,0.017952639277,0.052465403368,3
20.940000,-0.000068752141,-0.083266701799,0.049192363699,0.096712134718,3
20.950000,-0.051489044173,-0.002898368275,0.048280068267,0.070643380443,3
20.960000,-0.040552618001,0.043640334424,0.001951892408,0.059605398240,3
20.970000,0.014868845429,0.059166013897,-0.056930573755,0.083443334023,3
20.980000,0.051722450332,0.008032283609,-0.034444850951,0.062659214848,3
20.990000,0.060293427562,-0.048663026731,0.033791025123,0.084529408827,3
21.000000,0.027538733091,-0.066664023193,0.087865058154,0.113678240015,3
21.010000,-0.060078920662,0.011363285933,0.062157988218,0.087190690297,3
21.020000,-0.021158792237,0.055277762959,-0.025613403189,0.064493193358,3
21.030000,0.034751796398,0.057046199940,-0.054860048266,0.086438308499,3
21.040000,0.072145225017,-0.010900918733,-0.013063660832,0.074124373564,3
21.050000,0.046828278497,-0.045535574808,0.030154454362,0.071942111159,3
21.060000,-0.031629913039,-0.026909776224,0.065171880910,0.077278467354,3
21.070000,-0.054040418756,0.019567337451,0.023207441534,0.061982520897,3
21.080000,-0.006533885180,0.071971555251,-0.046982601489,0.086197223061,3
21.090000,0.042050950667,0.031975213510,-0.051757606589,0.073956382894,3
21.100000,0.068595379188,-0.024169291969,0.000121638889,0.072728918020,3
21.110000,0.005612966545,-0.063581271899,0.053895963368,0.083539561868,3
21.120000,-0.044553841619,-0.010035735298,0.044366690032,0.063672317143,3
21.130000,-0.049875797330,0.035291926254,0.017063118686,0.063437096697,3
21.140000,-0.007376822893,0.076002422609,-0.052966053589,0.092931095933,3
21.150000,0.031491801627,0.017470873715,-0.045985572109,0.058409227356,3
21.160000,0.049888321306,-0.028901751439,0.029870448667,0.064933808933,3
21.170000,-0.015607137910,-0.044683085673,0.046866390629,0.066607953501,3
21.180000,-0.050759828693,0.001042456218,0.016613451703,0.053419600348,3
21.190000,-0.055723574429,0.066590576992,-0.035085874034,0.093650628658,3
21.200000,0.002178944922,0.057158059368,-0.061270214744,0.083820228862,3
21.210000,0.053789641525,-0.000055063458,-0.028332902397,0.060795410399,3
21.220000,0.027849266688,-0.053244025639,0.029358919487,0.066876408955,3
21.230000,-0.025938790723,-0.051557024354,0.071466199099,0.091860574993,3
21.240000,-0.066136828106,0.021813056092,0.022587488039,0.073212594981,3
21.250000,-0.043526812870,0.055798625489,-0.024649675677,0.074937817929,3
21.260000,0.020600963952,0.031928102363,-0.040715231978,0.055691413622,3
21.270000,0.040114255088,-0.025168211525,-0.027875637393,0.054951282903,3
21.280000,0.004031747910,-0.064337880753,0.031870742607,0.071912183428,3
21.290000,-0.041776812494,-0.022847059786,0.054417674911,0.072308875982,3
21.300000,-0.055524171508,0.028790223271,0.005743818552,0.062807659001,3
21.310000,-0.013808437382,0.048133273181,-0.034862457814,0.061015374250,3
21.320000,0.028743541204,0.020807522476,-0.024600417007,0.043177826131,3
21.330000,0.078306937235,-0.047145305017,-0.007918895571,0.091746199438,3
21.340000,0.019933784603,-0.048033161103,0.047123712876,0.070179659798,3
21.350000,-0.043340376440,-0.015887873244,0.029836314444,0.054963791770,3
21.360000,-0.038595378727,0.025406236908,-0.003666798681,0.046352190299,3
21.370000,0.004722226336,0.026359406215,-0.057916684577,0.063807993778,3
21.380000,0.047009752757,0.011223629590,-0.025599273982,0.054691951363,3
21.390000,0.037328694390,-0.020483255844,0.029523295024,0.051813320140,3
21.400000,0.000287076810,-0.037391982935,0.042885277842,0.056898065490,3
21.410000,-0.022068967096,-0.011970249697,0.031295670805,0.040121630047,3
21.420000,-0.030105426957,0.040616659538,-0.011872557578,0.051932719818,3
21.430000,0.033531909874,0.051046035213,-0.051690776719,0.080012643304,3
21.440000,0.059345246392,-0.014610970860,-0.021050010059,0.064640866812,3
21.450000,0.027463209813,-0.033578500926,0.022788800850,0.049000745523,3
21.460000,-0.005826330052,-0.031637133829,0.048682765491,0.058351229762,3
21.470000,-0.053218108406,0.031520749592,0.025488109634,0.066898194668,3
21.480000,-0.020142509090,0.041781018115,-0.027996784472,0.054177431537,3
21.490000,0.025491506614,0.032370663135,-0.044239840262,0.060455274441,3
21.500000,0.047554758575,-0.012348270363,-0.004987928088,0.049384352488,3
21.510000,0.014132623470,-0.044079635604,0.019960815654,0.050410112901,3
21.520000,-0.037650722559,-0.021825023538,0.043400274503,0.061461308061,3
21.530000,-0.033946514457,0.036000854029,-0.001606941982,0.049507672104,3
21.540000,-0.002736228114,0.053240593496,-0.033526641941,0.062976848603,3
21.550000,0.031164096507,0.022842271253,-0.035736796320,0.052631633818,3
21.560000,0.028766198803,-0.017916784309,0.000290960285,0.033890854392,3
21.570000,-0.001932918955,-0.031455236373,0.051376650812,0.060272118924,3
21.580000,-0.027940569263,-0.007162671856,0.021544383973,0.036001941054,3
21.590000,-0.038021488724,0.034072534151,-0.014212796308,0.052995988217,3
21.600000,-0.002885436834,0.038604413393,-0.045027068614,0.059380665094,3
21.610000,0.018851997361,-0.008125750466,-0.023779673043,0.031414940318,3
21.620000,0.032566421771,-0.036121832277,0.013347969363,0.050433390528,3
21.630000,-0.021810991501,-0.023483048632,0.030877303870,0.044503716897,3
21.640000,-0.043518629751,0.000301873446,0.008452338527,0.044332880457,3
21.650000,-0.034363096295,0.027573733757,-0.020958465676,0.048789245370,3
21.660000,0.014195562549,0.026792240742,-0.029191310373,0.042088843669,3
21.670000,0.030145527166,-0.020461380742,-0.022686877976,0.042919871182,3
21.680000,0.019870471579,-0.047334591437,0.019044177275,0.054754724685,3
21.690000,-0.026962490379,-0.019059748591,0.024046420168,0.040847034491,3
21.700000,-0.027586021244,0.010899899566,0.033152618475,0.044484744468,3
21.710000,-0.012769107400,0.020128251932,-0.027057136079,0.036059468138,3
21.720000,0.018029627845,0.014750937170,-0.033065101517,0.040446984633,3
21.730000,0.032494468105,-0.022494056151,-0.001527485072,0.039550047158,3
21.740000,0.012112682796,-0.030591256201,0.030561632140,0.044906073081,3
21.750000,-0.012338855011,-0.002813411570,0.029146376269,0.031775365887,3
21.760000,-0.026815706892,0.016360220803,0.007791150417,0.032364192956,3
21.770000,-0.000979476527,0.032531745180,-0.028577841228,0.043312432718,3
21.780000,0.041436498132,0.011703328407,-0.027741503788,0.051220526214,3
21.790000,0.044236588665,-0.038411612136,0.029459064994,0.065575637503,3
21.800000,-0.001139675843,-0.040711383109,0.027751146364,0.049283280128,3
21.810000,-0.034062551354,0.008772942590,0.022711218909,0.041869098280,3
21.820000,-0.021009795117,0.032300753942,-0.009602826241,0.039711011923,3
21.830000,0.022875041858,0.040152842170,-0.029763497103,0.054967117754,3
21.840000,0.044710013153,-0.017534980109,-0.006689826273,0.048489324383,3
21.850000,0.036143813980,-0.016894436807,0.023224792208,0.046164794564,3
21.860000,-0.004434213422,-0.033718511256,0.049416514120,0.059988266501,3
21.870000,-0.027747249509,0.004343552697,0.016742658818,0.032696986553,3
21.880000,-0.016818753156,0.028404052988,-0.019380260987,0.038278652011,3
21.890000,0.017236190219,0.028873728211,-0.043748669402,0.055179022359,3
21.900000,0.043223287680,-0.016931810657,-0.012625457388,0.048107597989,3
21.910000,0.018276182314,-0.031737074192,0.038024075013,0.052792906710,3
21.920000,-0.025451749547,-0.015539094255,0.032192207339,0.043881581770,3
21.930000,-0.050093331040,0.011531573089,0.005805944516,0.051730339109,3
21.940000,-0.010340988808,0.035419092442,-0.040896877799,0.055081782585,3
21.950000,0.024718299601,0.008704829049,-0.047906840571,0.054606169591,3
21.960000,0.038707424712,-0.029624508482,-0.002792589689,0.048822892046,3
21.970000,0.007618548638,-0.035763735366,0.046401170383,0.059077539418,3
21.980000,-0.048603300964,-0.021872597337,0.021816140572,0.057590236745,3
21.990000,-0.035694101128,0.028428530909,-0.006186698337,0.046049163524,3
22.000000,-0.019473250594,0.038090306933,-0.033032921912,0.054048616087,3
22.010000,0.035352366704,0.014326416376,-0.014631370212,0.040854779794,3
22.020000,0.038556500538,-0.031458856223,0.028519876628,0.057355442039,3
22.030000,-0.004471438562,-0.039804104163,0.046968324459,0.061728307716,3
22.040000,-0.050192749915,-0.004212098635,0.014407234803,0.052389143280,3
22.050000,-0.032666570696,0.032643868720,-0.027645924474,0.053824010870,3
22.060000,-0.018398007978,0.046794178903,-0.045098098888,0.067542730179,3
22.070000,0.030585732988,0.006467955150,-0.015709307520,0.034987195501,3
22.080000,0.039155244318,-0.044979439639,0.040938102998,0.072334026744,3
22.090000,-0.034603659906,-0.029413468526,0.045241026808,0.064103946183,3
22.100000,-0.051720803051,0.017266698345,0.006260765548,0.054885130275,3
22.110000,-0.000887987801,0.046582820022,-0.032262936963,0.056671375005,3
22.120000,0.034909652567,0.026396544883,-0.039652262912,0.059057288950,3
22.130000,0.052638294172,-0.025779218209,-0.013816420859,0.060218365888,3
22.140000,0.009516824635,-0.057844700106,0.042504764067,0.072410180568,3
22.150000,-0.032586190529,-0.020275021430,0.030897137025,0.049270370240,3
22.160000,-0.049800598492,0.047358204646,-0.005919301148,0.068977802832,3
22.170000,-0.012845330191,0.054381779115,-0.034221065224,0.065524512302,3
22.180000,0.068202157118,0.049634267634,-0.045380568822,0.095783562189,3
22.190000,0.079156149613,-0.028142031661,0.020327149995,0.086434154097,3
22.200000,0.013884740902,-0.053718425690,0.050956887285,0.075332991779,3
22.210000,-0.043020365260,-0.015265114322,0.048923447929,0.066912474918,3
22.220000,-0.038178356602,0.057557789058,-0.007358811335,0.069459614873,3
22.230000,0.020948473722,0.059840406070,-0.044101072290,0.077230935040,3
22.240000,0.068868829911,-0.004175127801,-0.031459808062,0.075829195887,3
22.250000,0.069056263852,-0.031655090171,0.020639189874,0.078719682860,3
22.260000,0.016645488291,-0.049382060247,0.047337007724,0.070402077064,3
22.270000,-0.051037519271,0.000797259119,0.034503033901,0.061611065108,3
22.280000,-0.040031146185,0.051078668447,-0.052698145571,0.083597952019,3
22.290000,0.017055202765,0.060572178284,-0.049153408693,0.079849397678,3
22.300000,0.060043289974,-0.019368061558,-0.012798746129,0.064374889374,3
22.310000,0.040525730466,-0.039510317138,0.017692814332,0.059299541897,3
22.320000,-0.038163574291,-0.045248073677,0.058546842605,0.083256107003,3
22.330000,-0.043413043509,0.007014401475,-0.012289274711,0.045660929115,3
22.340000,-0.026275721572,0.059223491140,-0.031366545196,0.071983995474,3
22.350000,-0.002359868186,0.025695793986,-0.061262509669,0.066475092308,3
22.360000,0.050406588531,-0.014425137507,0.000228567431,0.052430535021,3
22.370000,0.013494833529,-0.079454347119,0.033701568052,0.087355019875,3
22.380000,-0.077540950645,-0.045103572319,0.063283287104,0.109780260928,3
22.390000,-0.061429677593,0.039043312423,-0.006498060064,0.073076742667,3
22.400000,-0.019109389839,0.066751298376,-0.048091084519,0.084460979305,3
22.410000,0.032569944442,0.004824063075,-0.079353361001,0.085912913859,3
22.420000,0.077930650959,-0.033969426867,0.015641206331,0.086439317767,3
22.430000,-0.027756037390,-0.054717763612,0.072949259280,0.095320646744,3
22.440000,-0.076551102011,0.002534043842,0.034112488781,0.083846016531,3
22.450000,-0.061910811345,0.064370172456,-0.019009137907,0.091311636648,3
22.460000,-0.010309358832,0.087125442010,-0.066440431006,0.110052062213,3
22.470000,0.064241938460,-0.005577455856,-0.046319152061,0.079395204632,3
22.480000,0.045850960971,-0.067440295556,0.052222827231,0.096838668777,3
22.490000,-0.043515976567,-0.054506152796,0.080010010631,0.106142181579,3
22.500000,-0.062323804121,0.005487850500,0.018532016382,0.065251886520,3
22.510000,-0.040808558009,0.082150794171,-0.047004375843,0.103070377597,3
22.520000,0.036909192405,0.048093483075,-0.066053955014,0.089657105526,3
22.530000,0.040489625279,-0.018157112939,-0.043192648521,0.061924917374,3
22.540000,0.073908970050,-0.071457365702,0.030477268885,0.107226651937,3
22.550000,-0.049153891353,-0.053498010677,0.061190483572,0.094986406718,3
22.560000,-0.071456773862,0.008329343412,0.023786986884,0.075771163627,3
22.570000,-0.019775373444,0.094369980717,-0.033437526497,0.102053058913,3
22.580000,0.064899498998,0.043279250332,-0.058618953035,0.097576739720,3
22.590000,0.092322335275,-0.019920079178,0.001109199274,0.094453446036,3
22.600000,0.039961620054,-0.077295867840,0.079252935877,0.117697111722,3
22.610000,-0.031648673845,-0.008171769185,0.086726681228,0.092681894697,3
22.620000,-0.037830425472,0.035591798451,-0.007652747401,0.052502207107,3
22.630000,-0.009246696211,0.069227104347,-0.048293126437,0.084912422108,3
22.640000,0.051991835572,0.009339094845,-0.042985404293,0.068103705045,3
22.650000,0.097640581179,-0.026379143188,0.015098308709,0.102261924557,3
22.660000,-0.000054654933,-0.070142600293,0.094603836239,0.117770425804,3
22.670000,-0.040912968621,-0.011530858127,0.064218739055,0.077012194725,3
22.680000,-0.048949807972,0.065936105621,-0.037856489251,0.090425480388,3
22.690000,0.023824920471,0.041329973918,-0.086980475199,0.099203813663,3
22.700000,0.083074311684,-0.017054416424,-0.038884741826,0.093296396116,3
22.710000,0.065957486852,-0.042762955036,0.038993176540,0.087746955570,3
22.720000,-0.033198126528,-0.041641259028,0.094373584964,0.108362740817,3
22.730000,-0.060428652416,0.031439519331,0.018566771827,0.070603048267,3
22.740000,-0.033067712066,0.037365970846,-0.043015624573,0.065878929226,3
22.750000,0.043792244385,0.046746746415,-0.064434774851,0.090856255584,3
22.760000,0.064380852063,-0.036778979102,-0.021759281175,0.077272593676,3
22.770000,0.013478799905,-0.071168321866,0.045745735427,0.085669600174,3
22.780000,-0.059534313563,-0.035025889232,0.058096828759,0.090257348287,3
22.790000,-0.096016032504,0.029704182272,-0.001845691005,0.100522751243,3
22.800000,-0.036881828803,0.077929097999,-0.062092941933,0.106248515513,3
22.810000,0.051352704914,0.050576857926,-0.087663472037,0.113490101723,3
22.820000,0.058909055625,-0.059706850800,0.002641070468,0.083917579328,3
22.830000,0.002713306836,-0.066810392564,0.051751363248,0.084552907617,3
22.840000,-0.080098181537,-0.013401319413,0.056289587723,0.098812103173,3
22.850000,-0.070713147810,0.046573108853,-0.024299587001,0.088090145134,3
22.860000,-0.026258872746,0.037496899024,-0.068399783493,0.082304776387,3
22.870000,0.048032373574,-0.000924737596,-0.063352138191,0.079507593751,3
22.880000,0.040607936205,-0.058652981205,0.024654380706,0.075478574279,3
22.890000,-0.027654754209,-0.062303162238,0.058026780725,0.089518583191,3
22.900000,-0.077914593117,0.014070535071,0.012445146749,0.080147023996,3
22.910000,-0.058100586054,0.046412501016,-0.025476504526,0.078605665402,3
22.920000,0.027356797057,0.060518665719,-0.076521748383,0.101323645913,3
22.930000,0.065630614568,-0.014483293798,-0.027654951411,0.072676954431,3
22.940000,0.013767065412,-0.059403423623,0.043375217898,0.074831199080,3
22.950000,-0.038159085897,-0.017388434152,0.060144536723,0.073320111677,3
22.960000,-0.064376671205,0.011358530071,0.014518761238,0.066963918857,3
22.970000,-0.039400939733,0.067109467407,-0.044694504272,0.089742483695,3
22.980000,0.044251532970,0.042090620722,-0.052323695577,0.080421313355,3
22.990000,0.074743458205,-0.022411520792,0.001220318802,0.078040694427,3
23.000000,0.032648232510,-0.054247819255,0.059217798532,0.086691871838,3
23.010000,-0.015230128931,-0.037049142493,0.056515620591,0.069272008471,3
23.020000,-0.032899863898,0.026787931903,-0.001492076329,0.042452569203,3
23.030000,0.006020906215,0.049310580909,-0.047411592951,0.068670545705,3
23.040000,0.039979443330,0.009104461367,-0.037200972457,0.055363882248,3
23.050000,0.059776167333,-0.038508490302,0.010137497226,0.071825224373,3
23.060000,0.012239045536,-0.042741303089,0.054202610990,0.070103753563,3
23.070000,-0.040544351788,-0.000941209833,0.033422051963,0.052552487051,3
23.080000,-0.033588592861,0.047814973538,-0.025511954975,0.063759902066,3
23.090000,0.005408483186,0.056277496518,-0.049150564633,0.074914526685,3
23.100000,0.043422518737,0.001600194640,-0.024235497084,0.049753744335,3
23.110000,0.043863417297,-0.042367827175,0.020804038483,0.064434774569,3
23.120000,-0.014415010436,-0.022790297233,0.040861416439,0.048957589067,3
23.130000,-0.031583751690,0.007318349145,0.027081663114,0.042243438331,3
23.140000,-0.030579974822,0.047378407934,-0.020265307523,0.059921040440,3
23.150000,0.018927213854,0.037576214488,-0.042857424840,0.060058056774,3
23.160000,0.048354449543,-0.020131471132,-0.009237038232,0.053186011280,3
23.170000,0.020891490840,-0.046008874840,0.025904336042,0.056782969096,3
23.180000,-0.010380031083,-0.019830022851,0.040466392695,0.046243959490,3
23.190000,-0.041949416714,0.023298619369,-0.005386233740,0.048286548241,3
23.200000,-0.023027359370,0.046561981858,-0.038201526809,0.064479718398,3
23.210000,0.017420793337,0.010025588293,-0.045951388698,0.050155025514,3
23.220000,0.030340514880,-0.026349855122,-0.014992497610,0.042890986148,3
23.230000,0.006499470368,-0.043563929703,0.021256704572,0.048907121930,3
23.240000,-0.053288809491,-0.024932158079,0.042105070020,0.072347402475,3
23.250000,-0.045865522074,0.028555010991,-0.010874703151,0.055111649735,3
23.260000,-0.017616048254,0.035762480078,-0.038864597304,0.055675282317,3
23.270000,0.021479480599,0.008614520179,-0.036159127158,0.042930880745,3
23.280000,0.024220318366,-0.033938304364,0.007567803060,0.042375747403,3
23.290000,-0.009676390276,-0.036189842836,0.028123845167,0.046843227048,3
23.300000,-0.040280897698,0.002583230293,0.034456773344,0.053070641859,3
23.310000,-0.030300118366,0.042323785118,-0.028140741687,0.059171794821,3
23.320000,0.000141865825,0.032977879682,-0.059790924833,0.068282613941,3
23.330000,0.026188500723,0.009909332332,-0.031662996895,0.042267928856,3
23.340000,0.022966039852,-0.042596644218,0.028381313452,0.056101800669,3
23.350000,-0.025516654614,-0.023308070347,0.034043410675,0.048511025719,3
23.360000,-0.042719286362,-0.008015439170,0.027910711851,0.051654549929,3
23.370000,-0.029603637951,0.042406934560,-0.018546929754,0.054942807373,3
23.380000,0.018805393670,0.028335243668,-0.020477394643,0.039697009411,3
23.390000,0.037820299974,-0.007211268427,-0.006977363723,0.039128775690,3
23.400000,0.017060216517,-0.041288492637,0.035353968374,0.056970989913,3
23.410000,-0.029647591060,-0.009297250119,0.029723479365,0.042998880695,3
23.420000,-0.028401143685,0.029423849223,0.011451925761,0.042468040564,3
23.430000,0.008613361879,0.034668868565,-0.035761565108,0.050547106637,3
23.440000,0.047505907466,0.026267395383,-0.034651877447,0.064401396840,3
23.450000,0.045061308539,-0.025876579818,0.004508714108,0.052157908444,3
23.460000,0.008141768260,-0.043160115399,0.035865548943,0.056704687219,3
23.470000,-0.012521323218,-0.010420222900,0.033364137744,0.037128564042,3
23.480000,-0.020946099472,0.015446522726,-0.008373939868,0.027339660136,3
23.490000,0.000102258054,0.037930760082,-0.025657649870,0.045793755186,3
23.500000,0.046721250842,0.009771900390,-0.021675197503,0.052423081789,3
23.510000,0.025002812157,-0.043974237698,0.015307785152,0.052850756694,3
23.520000,-0.013986264442,-0.033461327394,0.038497913857,0.052890125688,3
23.530000,-0.019519315195,-0.009352468174,0.026485396203,0.034204510501,3
23.540000,-0.021151257296,0.035706617862,-0.018932530592,0.045615556107,3
23.550000,0.018516531358,0.023106568928,-0.029783133372,0.041997743923,3
23.560000,0.046125346489,-0.015974162870,-0.019994940929,0.052749588916,3
23.570000,0.023068634845,-0.052794583530,0.033469234409,0.066630470624,3
23.580000,-0.030642762521,-0.027392631063,0.033129307591,0.052790966584,3
23.590000,-0.049500122786,0.002302416334,0.011342759419,0.050835238447,3
23.600000,-0.021654170018,0.040271966498,-0.032476018324,0.056084098736,3
23.610000,0.024615266096,0.026857368670,-0.051595392695,0.063161017441,3
23.620000,0.030200145903,-0.031841510443,-0.008970183466,0.044792798431,3
23.630000,0.019483045052,-0.041783747534,0.029315485101,0.054633947956,3
23.640000,-0.042781705092,-0.028835424379,0.025213173358,0.057423515222,3
23.650000,-0.055572486043,0.008906624863,0.003629844736,0.056398625376,3
23.660000,-0.020362974797,0.050971305090,-0.043797951539,0.070220974389,3
23.670000,0.014254319489,0.022873674259,-0.048653233492,0.055619490536,3
23.680000,0.038343129311,-0.021585454623,0.027636607794,0.051960653450,3
23.690000,-0.014843324125,-0.044571223109,0.044941845716,0.065012980988,3
23.700000,-0.053242125441,-0.008182030121,0.033840419062,0.063614805672,3
23.710000,-0.035908653361,0.023281394390,-0.021666077600,0.047967422585,3
23.720000,0.007758413563,0.059603517535,-0.038441292780,0.071347776940,3
23.730000,0.031044544167,0.006414165847,-0.023352687870,0.039373255857,3
23.740000,0.032660853478,-0.033015107559,0.026260968610,0.053351355647,3
23.750000,-0.016703831070,-0.036064261940,0.056716469658,0.069256096426,3
23.760000,-0.052066287281,-0.012838549957,0.011415679561,0.054827405338,3
23.770000,-0.033156015822,0.061641685262,-0.044679657962,0.083037886430,3
23.780000,0.033199678526,0.033079358443,-0.052337798253,0.070254592271,3
23.790000,0.048706016360,-0.029571954065,-0.028599441966,0.063755035704,3
23.800000,0.029128559580,-0.061356219329,0.041174238208,0.079425288955,3
23.810000,-0.004787290830,-0.036823226291,0.038868312320,0.053755128598,3
23.820000,-0.057990112350,0.015311525192,0.018857744086,0.062872175452,3
23.830000,-0.006925692128,0.050591964030,-0.044604033090,0.067801414468,3
23.840000,0.053752990930,0.032390403090,-0.039009086085,0.073893376181,3
23.850000,0.061443416343,-0.012489507452,-0.014170994742,0.064281399333,3
23.860000,0.034460206565,-0.035275649007,0.056032163317,0.074642351084,3
23.870000,-0.034744503060,0.006240794896,0.039338118331,0.052854664578,3
23.880000,-0.049467459147,0.031527518586,-0.008566876365,0.059282419935,3
23.890000,0.009511905717,0.059602268824,-0.055889643235,0.082259096884,3
23.900000,0.071079892381,0.020897472164,-0.048912392552,0.088777686323,3
23.910000,0.062759392889,-0.046350734173,0.020423408839,0.080648915571,3
23.920000,0.007550255861,-0.054698370253,0.048640028557,0.073585123836,3
23.930000,-0.061324079740,-0.022766723694,0.020952561233,0.068687526422,3
23.940000,-0.036989098881,0.046236309078,-0.006256260555,0.059540998558,3
23.950000,0.026634882125,0.057207026062,-0.069457338356,0.093842328553,3
23.960000,0.061996328493,0.006308555704,-0.021716853079,0.065992153544,3
23.970000,0.037744171898,-0.055398664173,0.018673157841,0.069586789897,3
23.980000,-0.021405476260,-0.037503418792,0.059904632270,0.073846230794,3
23.990000,-0.084239774044,0.043544599648,0.020372834751,0.096992391894,3
24.000000,-0.041029457112,0.079653925559,-0.064332354417,0.110303291123,3
24.010000,0.013865976405,0.075441501963,-0.052748768557,0.093091987326,3
24.020000,0.064330330325,-0.024477419721,-0.025916160262,0.073547147046,3
24.030000,0.024787722248,-0.067058780177,0.051428924604,0.088069548988,3
24.040000,-0.046038602611,-0.016230866799,0.053341545966,0.072307084670,3
24.050000,-0.069236736013,0.019384496291,0.013195237658,0.073099922073,3
24.060000,-0.042940744905,0.061700058620,-0.083720944297,0.112516671301,3
24.070000,0.040962427634,0.018079728728,-0.080804258041,0.092380329000,3
24.080000,0.039181202521,-0.033616639394,0.010928641537,0.052770069935,3
24.090000,-0.022229002901,-0.062349413483,0.071271832906,0.097268967803,3
24.100000,-0.073996079679,-0.022207769364,0.053229857877,0.093819095058,3
24.110000,-0.056813211237,0.040941106770,0.019193429340,0.072610625424,3
24.120000,-0.019844466910,0.069027058782,-0.091923814577,0.116655584510,3
24.130000,0.053852744117,-0.021221819223,-0.062401364567,0.085114123151,3
24.140000,0.049715845518,-0.074827926761,0.019201031538,0.091867097108,3
24.150000,0.004496194746,-0.073229253515,0.064489546518,0.097681323433,3
24.160000,-0.077038334862,0.005626201710,0.025532678043,0.081354021610,3
24.170000,-0.063889132508,0.087707878031,-0.019849570855,0.110310917794,3
24.180000,0.008999818776,0.049633027779,-0.067311616182,0.084114730325,3
24.190000,0.081473039992,0.013054541129,-0.034543271332,0.089451187158,3
24.200000,0.041140630147,-0.077590051027,0.028738684149,0.092404975158,3
24.210000,-0.045660337653,-0.031035537578,0.083817791568,0.100366793366,3
24.220000,-0.078334407971,0.033423832199,0.019137743544,0.087290808560,3
24.230000,-0.025539585163,0.099313285744,-0.035220896247,0.108424677394,3
24.240000,0.051760213542,0.060868800932,-0.068859620165,0.105478803188,3
24.250000,0.109450896828,-0.036320013771,-0.006710738874,0.115514831225,3
24.260000,0.026797982632,-0.068237178589,0.050377311477,0.088951210934,3
24.270000,0.000500279188,-0.043012416270,0.102423243299,0.111089328923,3
24.280000,-0.049040168885,0.036567857410,-0.008099028066,0.061706892771,3
24.290000,0.023356081083,0.079446587828,-0.053450457187,0.098560733635,3
24.300000,0.047729252402,-0.001499923230,-0.063614888650,0.079543606672,3
24.310000,0.101524460423,-0.045279675371,-0.009637631963,0.111581131988,3
24.320000,0.048550432323,-0.056733550104,0.067291139752,0.100518344969,3
24.330000,-0.058672247432,-0.020055752696,0.053503540859,0.081898075188,3
24.340000,-0.041455137018,0.044886481899,-0.041078744956,0.073626000364,3
24.350000,0.003762283827,0.072488281186,-0.064398995746,0.097035747753,3
24.360000,0.058072417010,0.017382682510,-0.066679518210,0.090115045455,3
24.370000,0.016932722790,-0.080451863218,0.028886349489,0.087141497481,3
24.380000,-0.033790366166,-0.040156142062,0.083538633425,0.098656007752,3
24.390000,-0.091314784561,0.016029306558,0.040061387783,0.100996254085,3
24.400000,-0.029999927997,0.063516679313,-0.047353303217,0.084715403300,3
24.410000,0.035197564310,0.050397084929,-0.073238724214,0.095617181653,3
24.420000,0.067069606280,0.006049881629,-0.027795855620,0.072852884252,3
24.430000,0.017107128591,-0.080277838057,0.060291921211,0.101844493690,3
24.440000,-0.049511940843,-0.045918836457,0.065739626257,0.094242613970,3
24.450000,-0.084534205811,0.015633258704,0.011949880159,0.086794183939,3
24.460000,-0.028532892701,0.049985768490,-0.044325419060,0.072646030809,3
24.470000,0.031969664757,0.015390003522,-0.089186751427,0.095985354628,3
24.480000,0.070221486803,-0.031628107095,0.001315242357,0.077026776057,3
24.490000,0.001983327595,-0.090779482611,0.062415157421,0.110183936794,3
24.500000,-0.066751158669,-0.036502083798,0.058147362451,0.095756122860,3
24.510000,-0.074878485596,0.029195418040,0.007604683873,0.080727884009,3
24.520000,-0.005577431405,0.053509145997,-0.067041538888,0.085958736513,3
24.530000,0.037654480305,0.019685135491,-0.065049497719,0.077696857078,3
24.540000,0.050400617488,-0.054296191928,-0.004117047798,0.074197363725,3
24.550000,-0.008943284840,-0.056631532848,0.062164098193,0.084566470665,3
24.560000,-0.041903722530,0.005726719250,0.031301288217,0.052616422524,3
24.570000,-0.034916896705,0.025259497495,-0.017136103714,0.046377558579,3
24.580000,0.019851267861,0.066046771553,-0.045709477728,0.082738172704,3
24.590000,0.037148798328,-0.004102271101,-0.039419486705,0.054320877916,3
24.600000,0.046855190009,-0.055606310583,0.007930835574,0.073146214942,3
24.610000,-0.014311579518,-0.050927761514,0.045588710449,0.069834008345,3
24.620000,-0.065475312679,0.039317632720,0.012128196208,0.077330368914,3
24.630000,-0.052215437263,0.064725028842,-0.024744039141,0.086764328616,3
24.640000,0.053321106806,0.053966358625,-0.037465504081,0.084611892133,3
24.650000,0.060131821554,-0.008980772639,-0.008688942640,0.061416512151,3
24.660000,0.020424039475,-0.056339183607,0.064997799913,0.088407912493,3
24.670000,-0.018958410578,-0.032663788308,0.061525828168,0.072192603015,3
24.680000,-0.048605286775,0.032002086766,0.009071267781,0.058897328963,3
24.690000,0.006039172398,0.066713139159,-0.049412920320,0.083239120816,3
24.700000,0.058155063315,0.034343926511,-0.060269285292,0.090520182429,3
24.710000,0.048153728839,-0.043681761877,-0.007141771655,0.065405525945,3
24.720000,0.019276241335,-0.044993139408,0.035544345453,0.060492615810,3
24.730000,-0.031865378007,-0.022099134042,0.074447563790,0.083941728569,3
24.740000,-0.037840344012,0.034172526733,-0.012579718263,0.052515736021,3
24.750000,-0.011309800030,0.051473054818,-0.036880034568,0.064323587422,3
24.760000,0.068710737101,0.015375670221,-0.038671654963,0.080331024674,3
24.770000,0.035221948024,-0.049606368539,0.022383552438,0.064825927236,3
24.780000,0.000766871530,-0.054007628115,0.057163756010,0.078645451158,3
24.790000,-0.032953424487,-0.006346598061,0.030695258009,0.045479735670,3
24.800000,-0.020583120749,0.032975046336,-0.029622830021,0.048872595584,3
24.810000,0.030543418734,0.043351175460,-0.054151017660,0.075792859528,3
24.820000,0.040146131448,-0.011400750051,-0.023557389788,0.047923267685,3
24.830000,0.025118180326,-0.052235403405,0.037901943794,0.069253286530,3
24.840000,-0.030760456949,-0.029350922180,0.041706454073,0.059557624666,3
24.850000,-0.069684064062,0.013168934214,0.019692054575,0.073600724357,3
24.860000,-0.030688602542,0.049443744350,-0.029539179646,0.065261300290,3
24.870000,0.017302584554,0.004441223946,-0.042945151913,0.046512256182,3
24.880000,0.033242604835,-0.021997076395,-0.003229655369,0.039992159481,3
24.890000,-0.002545275920,-0.042586861419,0.038993072467,0.057797741265,3
24.900000,-0.045839074613,-0.022244699303,0.048482561677,0.070332113542,3
24.910000,-0.048211917639,0.023599591806,0.000979701476,0.053686958853,3
24.920000,-0.023718189587,0.041311426315,-0.026905777018,0.054709298098,3
24.930000,0.022872670149,0.019320653782,-0.027908610022,0.040930883397,3
24.940000,0.020027412922,-0.040357358874,0.005853085783,0.045432062432,3
24.950000,-0.001270821025,-0.027994662054,0.042663932921,0.051044365623,3
24.960000,-0.035096454709,-0.024630184570,0.026383710473,0.050343890428,3
24.970000,-0.052582245600,0.045479235749,-0.008999442005,0.070101664696,3
24.980000,0.001540635608,0.028590714221,-0.049332859717,0.057039754081,3
24.990000,0.024573992669,-0.003242046044,-0.027733896310,0.037196249580,3
25.000000,0.025060448555,-0.026950859728,0.030173711868,0.047590207078,3
25.010000,-0.016553422326,-0.020644423877,0.051594587625,0.057984562602,3
25.020000,-0.021725646831,0.010748759775,0.019756679456,0.031270848246,3
25.030000,-0.014423281848,0.034785105356,-0.022191419927,0.043709195054,3
25.040000,0.021416352135,0.024466502372,-0.035707278814,0.048293681134,3
25.050000,0.039072087720,-0.011654636804,-0.009360651171,0.041833962138,3
25.060000,0.037841578565,-0.034987001321,0.014321024357,0.053489878186,3
25.070000,-0.016671195373,-0.014258049610,0.035361501061,0.041613176893,3
25.080000,-0.033922958460,0.016301249116,0.014904104328,0.040479997026,3
25.090000,-0.001143379875,0.034998130256,-0.020091168074,0.040371171317,3
25.100000,0.036282940733,0.024741511593,-0.034501651870,0.055847633486,3
25.110000,0.039219932715,-0.022002316083,-0.001733037822,0.045003427150,3
25.120000,0.024706813886,-0.036146191795,0.024030687410,0.049944446849,3
25.130000,-0.030014582757,-0.018660477070,0.029174123057,0.045828135885,3
25.140000,-0.032974073089,0.028702571649,-0.010234746683,0.044898520633,3
25.150000,0.008554215589,0.038795533569,-0.025833370512,0.047388089867,3
25.160000,0.037526659801,0.014067192214,-0.016813927539,0.043460835840,3
25.170000,0.036260016417,-0.031315941707,0.010518737937,0.049052225671,3
25.180000,0.005850674482,-0.022657661694,0.024370377000,0.033786318244,3
25.190000,-0.029059281834,-0.005560190780,0.027421380973,0.040339679184,3
25.200000,-0.037288880863,0.019973992975,-0.018753378734,0.046272132491,3
25.210000,0.000200206271,0.023733372821,-0.045584892594,0.051393535594,3
25.220000,0.038557707445,0.006303188835,-0.028753112765,0.048509468010,3
25.230000,0.025662801497,-0.036813689205,0.019088862187,0.048766912483,3
25.240000,-0.020656833276,-0.038727071669,0.046134168947,0.063677722835,3
25.250000,-0.043811123150,-0.008553848327,0.013177388411,0.046542737330,3
25.260000,-0.043371709799,0.032992622430,-0.027936193226,0.061237645592,3
25.270000,0.012954599442,0.008445347883,-0.055365395741,0.057484542210,3
25.280000,0.040148394864,-0.002796922969,-0.032212566316,0.051549644198,3
25.290000,0.004701626706,-0.050523880129,0.020119614444,0.054585406863,3
25.300000,-0.030185210979,-0.025897885739,0.034752937115,0.052816797382,3
25.310000,-0.048673227312,0.019708593128,0.006300602367,0.052888649919,3
25.320000,-0.037778465634,0.046765361805,-0.038003840744,0.071123156860,3
25.330000,0.010728130941,0.020054151487,-0.054933293525,0.059455264888,3
25.340000,0.030732891315,-0.021633440071,-0.021696717852,0.043396588615,3
25.350000,-0.000721362801,-0.043678927787,0.032373187719,0.054372717239,3
25.360000,-0.047711571313,-0.032897868976,0.040467699227,0.070684499723,3
25.370000,-0.050950696643,0.020663053350,-0.003277425421,0.055078823331,3
25.380000,0.000492868845,0.045712880637,-0.052815045233,0.069852268243,3
25.390000,0.039137095010,0.003338208492,-0.021524831672,0.044790336238,3
25.400000,0.050279868401,-0.040646472726,0.022041593915,0.068308365328,3
25.410000,-0.001672267697,-0.054669812299,0.046785229728,0.071975291433,3
25.420000,-0.038971460189,-0.030819227315,0.001497129465,0.049707553533,3
25.430000,-0.018653949212,0.037858202264,-0.009589120317,0.043280070798,3
25.440000,0.018134227759,0.049456763248,-0.061867428300,0.081255155724,3
25.450000,0.043782777711,-0.003551084171,-0.026413651074,0.051256441409,3
25.460000,0.021681546564,-0.045481897229,0.024952723216,0.056225713271,3
25.470000,-0.014631927945,-0.024738665059,0.043523343847,0.052157226957,3
25.480000,-0.046575195909,0.009560561893,0.007539138438,0.048140334710,3
25.490000,-0.022038744715,0.050476895855,-0.037780665313,0.066790732555,3
25.500000,0.040561382383,0.051360151702,-0.045128486925,0.079496360016,3
25.510000,0.062724274323,-0.034456699392,0.003388424131,0.071645517238,3
25.520000,0.059480106519,-0.074912025828,0.042234711611,0.104563213178,3
25.530000,-0.009234126703,-0.011492130399,0.033031444251,0.036172012197,3
25.540000,-0.046817860700,0.020405010931,0.004532443497,0.051272015717,3
25.550000,0.000774375845,0.050371673409,-0.035679410008,0.061732693433,3
25.560000,0.061943307559,0.014663661012,-0.049850793200,0.080852321477,3
25.570000,0.062190225464,-0.021049499070,-0.002803659891,0.065715797669,3
25.580000,0.011014333353,-0.046497312262,0.055893934309,0.073535348502,3
25.590000,-0.049147181119,-0.026017277351,0.048051323962,0.073493359341,3
25.600000,-0.053912998438,0.048637172161,-0.018260691610,0.074870813903,3
25.610000,-0.002694584265,0.070137767092,-0.053667822549,0.088356110905,3
25.620000,0.039952143604,-0.000138732420,-0.045364074039,0.060449087988,3
25.630000,0.035802353771,-0.021718831310,0.034469372971,0.054237015423,3
25.640000,-0.015206469436,-0.047925804026,0.056350532209,0.075521532588,3
25.650000,-0.073337753207,0.011401467918,0.038333841089,0.083533842775,3
25.660000,-0.057708565343,0.057315908861,-0.031409148072,0.087189027435,3
25.670000,0.002590117011,0.059377485016,-0.067598180984,0.090010602183,3
25.680000,0.067266420881,-0.002164697636,-0.041062313405,0.078838891900,3
25.690000,0.031409329395,-0.045534342696,0.036558306119,0.066305596175,3
25.700000,-0.059231731433,-0.042466662300,0.062496582133,0.096008531880,3
25.710000,-0.086972242514,0.015575565738,0.008521605175,0.088765911085,3
25.720000,-0.034066599015,0.067300686889,-0.073775355860,0.105511699619,3
25.730000,0.013898687863,0.052000107284,-0.069722090080,0.088081522052,3
25.740000,0.037747938131,-0.056965723310,-0.021678183150,0.071693403393,3
25.750000,0.016670314487,-0.064285421713,0.065676194594,0.093401698947,3
25.760000,-0.055994762283,-0.015040786819,0.053459080612,0.078863882552,3
25.770000,-0.052719549330,0.041499620892,0.019030194743,0.069740359389,3
25.780000,-0.016309768505,0.055852791728,-0.078848408014,0.097992930045,3
25.790000,0.017089649088,0.032340524849,-0.066071962402,0.075521320626,3
25.800000,0.086017983060,-0.063037769589,0.000946339095,0.106647781797,3
25.810000,-0.007650329958,-0.098099553785,0.067082739620,0.119088807015,3
25.820000,-0.073133671354,-0.020576046366,0.060308714135,0.097000250362,3
25.830000,-0.037253454420,0.046830287029,-0.027855457768,0.066006228319,3
25.840000,-0.000807482469,0.055557421207,-0.061349993121,0.082771376303,3
25.850000,0.095714758122,0.008619511387,-0.035789874174,0.102550114541,3
25.860000,0.078632215442,-0.072220977539,0.026228705506,0.109940165065,3
25.870000,-0.011695802469,-0.048607162259,0.083209746126,0.097073734186,3
25.880000,-0.048502546964,0.022283697493,0.040270135644,0.066863622851,3
25.890000,-0.027778321903,0.075858996018,-0.019231184934,0.083042524761,3
25.900000,0.048042511989,0.036703817162,-0.062838630505,0.087200611445,3
25.910000,0.073658094625,-0.025990296611,-0.030335521767,0.083792925135,3
25.920000,0.035468585154,-0.056431477740,0.024959761769,0.071172480077,3
25.930000,-0.030055576311,-0.037721020705,0.043926660192,0.065236221120,3
25.940000,-0.070441665495,0.029947862310,0.005390670418,0.076733056906,3
25.950000,0.004092068753,0.058274533391,-0.055811582523,0.080793557987,3
25.960000,0.079230348532,0.035044348592,-0.057061492534,0.103737979674,3
25.970000,0.070386502821,-0.037446394085,-0.021000753412,0.082447097300,3
25.980000,0.030413763361,-0.045847983227,0.045713174596,0.071531314118,3
25.990000,-0.067115033193,-0.023411588301,0.049510111174,0.086624368718,3
26.000000,-0.047506088932,0.059696133555,0.010821874174,0.077055628008,3
26.010000,-0.012505902882,0.064243050039,-0.047736933052,0.081008529566,3
26.020000,0.061860792715,0.035783159813,-0.035104181673,0.079620950587,3
26.030000,0.064119573109,-0.052471202091,0.024475398141,0.086392081922,3
26.040000,-0.008154261432,-0.089553369659,0.064800434672,0.110839498062,3
26.050000,-0.064171501213,-0.008695264534,0.045933027799,0.079394157443,3
26.060000,-0.074002761295,0.056190302137,-0.055316071034,0.108137072497,3
26.070000,0.025863591882,0.051007855087,-0.048992994433,0.075306308960,3
26.080000,0.077505493138,-0.016362630995,-0.045688325902,0.091445395091,3
26.090000,0.057307804946,-0.068679956757,0.027032109661,0.093444400156,3
26.100000,-0.042653302790,-0.069455648463,0.052881841825,0.097159047634,3
26.110000,-0.074696768738,0.011464515800,0.020531640625,0.078310859076,3
26.120000,-0.045219010788,0.054352847233,-0.024683510047,0.074888360959,3
26.130000,0.007735981212,0.023371081694,-0.067812765420,0.072143080186,3
26.140000,0.078722674017,-0.025049696063,-0.035571928980,0.089945032151,3
26.150000,0.007984143498,-0.060755524853,0.047657009078,0.077628415299,3
26.160000,-0.049897779506,-0.031592830499,0.055716793373,0.081192711510,3
26.170000,-0.055025853185,0.026115309666,-0.003259524890,0.060995724606,3
26.180000,-0.032952333386,0.058599192579,-0.041375197426,0.078940665114,3
26.190000,0.038647104568,0.042341029992,-0.067903054754,0.088866114786,3
26.200000,0.038419818605,-0.042321019548,-0.003637878774,0.057274648137,3
26.210000,0.005133240684,-0.057855026442,0.069081345903,0.090254011525,3
26.220000,-0.036740654170,-0.010002515415,0.036502714747,0.052748214826,3
26.230000,-0.042938714643,0.051241726903,-0.010835176307,0.067726278775,3
26.240000,-0.007845486729,0.073172269313,-0.053440719475,0.090948574241,3
26.250000,0.056073599670,0.018222776581,-0.030522105294,0.066392146206,3
26.260000,0.053803402398,-0.030329067422,0.033228265066,0.070133986337,3
26.270000,-0.008173043098,-0.064838260497,0.055905887802,0.086001552013,3
26.280000,-0.045315432540,0.018007967427,0.047838667333,0.068310419478,3
26.290000,-0.017129303318,0.051147005199,-0.032814651131,0.063136601919,3
26.300000,0.024056851234,0.045635796529,-0.038572458408,0.064414226408,3
26.310000,0.061806198471,0.002771825196,-0.023484401134,0.066175571633,3
26.320000,0.046984809693,-0.045196275369,0.045240691304,0.079353612386,3
26.330000,0.007076352142,-0.042545950625,0.050871137654,0.066694117585,3
26.340000,-0.034240910948,0.017598936455,0.017058275157,0.042108755600,3
26.350000,-0.009992932485,0.036282509107,-0.025859095794,0.045661493647,3
26.360000,0.025838108043,0.013351842245,-0.034669062577,0.045252882986,3
26.370000,0.046283519867,-0.035025431903,0.001250661557,0.058056087068,3
26.380000,0.034855494696,-0.054814118343,0.049453491490,0.081640314188,3
26.390000,-0.019185068005,-0.024979503843,0.049525608725,0.058692660241,3
26.400000,-0.044966453461,0.040527130695,-0.002387544368,0.060581603044,3
26.410000,0.012680131393,0.059230855645,-0.037856788884,0.071429800904,3
26.420000,0.032417648721,0.024420820296,-0.037588271417,0.055318699919,3
26.430000,0.046200589522,-0.038834419112,0.000171412608,0.060354253887,3
26.440000,-0.004351139401,-0.043320777349,0.040628691660,0.059550925687,3
26.450000,-0.042102546053,-0.015563799693,0.019847884227,0.049079473849,3
26.460000,-0.023287558555,0.039228371234,-0.006146250554,0.046032074568,3
26.470000,0.005307524371,0.036696966186,-0.029477523202,0.047368359865,3
26.480000,0.037018547170,0.010863017424,-0.028096480704,0.047726200458,3
26.490000,0.017778078260,-0.041065203291,0.016935004775,0.047845641125,3
26.500000,-0.006855917242,-0.039153134632,0.032218024871,0.051166128242,3
26.510000,-0.070132888794,-0.001921083498,0.024944484156,0.074461667603,3
26.520000,-0.026264270719,0.026258574019,-0.025406166382,0.044997754568,3
26.530000,0.007355544569,0.030587390591,-0.042084436564,0.052543242191,3
26.540000,0.032408255721,-0.022543360024,-0.015456774194,0.042395872306,3
26.550000,0.012268565896,-0.037536770238,0.021275374149,0.044857199804,3
26.560000,-0.027250272762,-0.020214418503,0.026235577076,0.042889457743,3
26.570000,-0.043924949193,0.015749840056,0.006573115074,0.047123926674,3
26.580000,-0.025902502295,0.042250286626,-0.020423260751,0.053601641064,3
26.590000,0.012159387124,0.023650785657,-0.046074762735,0.053198628915,3
26.600000,0.040057281842,-0.021012463055,-0.003773258205,0.045391044377,3
26.610000,0.007441591988,-0.046157831122,0.036153695350,0.059101711927,3
26.620000,-0.021620975816,-0.032610667396,0.023395732957,0.045588184257,3
26.630000,-0.031546705952,0.016005870776,-0.013647743639,0.037916269096,3
26.640000,-0.004338550752,0.033950499114,-0.026400070520,0.043225260395,3
26.650000,0.023133466300,0.016233521291,-0.027681406145,0.039559382234,3
26.660000,0.033205534689,-0.022933103932,0.000005175765,0.040355108930,3
26.670000,-0.001384439382,-0.026678307546,0.025581658184,0.036987430316,3
26.680000,-0.017216018294,0.007534877054,0.031705364081,0.036856421010,3
26.690000,-0.013199449048,0.021494347802,-0.011305026560,0.027641202364,3
26.700000,0.013971539362,0.031596430423,-0.040794402364,0.053457661676,3
26.710000,0.036990067091,-0.016310506692,-0.014357514762,0.042900302121,3
26.720000,0.039292571221,-0.021859814952,0.029986155204,0.054045602660,3
26.730000,-0.007400831854,-0.017744694775,0.041185788735,0.045452345358,3
26.740000,-0.029191670088,0.008879491021,0.017996307418,0.035424088471,3
26.750000,-0.018962425028,0.027000626229,-0.012414152223,0.035252213479,3
26.760000,0.019325730506,0.024521365961,-0.030948037281,0.043960917412,3
26.770000,0.038920278907,-0.017472218356,-0.002630788878,0.042743275198,3
26.780000,0.012136452524,-0.028476081244,0.029772594961,0.042948668124,3
26.790000,-0.015231024188,-0.020095907464,0.033060332662,0.041579023442,3
26.800000,-0.030312822781,0.020646455268,-0.003508654092,0.036843642513,3
26.810000,-0.011312262209,0.031444603521,-0.032153173463,0.046374097626,3
26.820000,0.025712335100,0.012432684957,-0.030798334554,0.042002776609,3
26.830000,0.034730234860,-0.015292572032,0.002217578746,0.038012756125,3
26.840000,0.008416250115,-0.026008563654,0.023803736711,0.036247710697,3
26.850000,-0.025296909351,-0.014584274626,0.025473127293,0.038749385842,3
26.860000,-0.027873522405,0.026694373402,-0.000368942024,0.038596100072,3
26.870000,0.007065288860,0.031257669061,-0.025526999345,0.040970573310,3
26.880000,0.026201479503,-0.001383046032,-0.029405426258,0.039409509486,3
26.890000,0.022188083873,-0.025691863924,0.013401654676,0.036496400999,3
26.900000,-0.003604905963,-0.040155825160,0.038805506603,0.055958493403,3
26.910000,-0.018327590719,0.000009879955,0.019580882811,0.026819986034,3
26.920000,-0.024449151267,0.025110181988,-0.019661981239,0.040185516587,3
26.930000,0.006780966434,0.026338056109,-0.025059128778,0.036981544593,3
26.940000,0.022698913570,-0.011206396157,-0.010748671279,0.027501962227,3
26.950000,0.035936434917,-0.039988995348,0.021000414355,0.057719706397,3
26.960000,-0.013352328664,-0.034712948217,0.034284084799,0.050583316668,3
26.970000,-0.031332158742,0.006833237524,0.002721779099,0.032183930586,3
26.980000,-0.030900787522,0.027378998183,-0.033919644777,0.053432298405,3
26.990000,0.016362570213,0.030654101538,-0.032643272342,0.047675894058,3
27.000000,0.038377070150,-0.015769599038,-0.004527379829,0.041736997200,3
27.010000,0.008304839166,-0.050815441949,0.013219730346,0.053159578295,3
27.020000,-0.031763267498,-0.020712008654,0.024408461409,0.045096180026,3
27.030000,-0.043212081454,0.023994218616,0.002743686363,0.049502871891,3
27.040000,-0.011537425727,0.045524603886,-0.049322772630,0.068105342311,3
27.050000,0.026945516244,0.008161356749,-0.043878012165,0.052133948068,3
27.060000,0.038445787377,-0.032884238905,-0.002224698028,0.050639915252,3
27.070000,0.003529948077,-0.040485543842,0.036921580076,0.054906674175,3
27.080000,-0.044618168304,-0.010932678594,0.033861057934,0.057069042821,3
27.090000,-0.025687426138,0.040487855758,-0.013076465616,0.049700143647,3
27.100000,-0.000014079681,0.032959709278,-0.039436978292,0.051396671981,3
27.110000,0.043803276902,0.007015185125,-0.026318648716,0.051581112434,3
27.120000,0.048537037785,-0.048022328206,0.020305182762,0.071234040250,3
27.130000,-0.001755266272,-0.037075788512,0.057992950297,0.068854029204,3
27.140000,-0.039116366813,0.009582352891,0.043652029338,0.059392013815,3
27.150000,-0.031103235076,0.049395477751,-0.027644514815,0.064587488369,3
27.160000,0.028007897404,0.038024202655,-0.044796196382,0.065092100249,3
27.170000,0.067067388628,-0.000421831442,-0.026463310187,0.072100758284,3
27.180000,0.029755881689,-0.045861307038,0.028458628861,0.061632503883,3
27.190000,-0.023259328840,-0.032610477721,0.041614640107,0.057760002654,3
27.200000,-0.035143848727,0.020164386466,0.021553288967,0.045893756113,3
27.210000,-0.015713781800,0.051608993475,-0.039844189813,0.067066911423,3
27.220000,0.047209808799,0.016174340425,-0.030092944372,0.058274871394,3
27.230000,0.053088559060,-0.006360882801,0.006527463736,0.053865236618,3
27.240000,0.020322677126,-0.053649290475,0.057127433473,0.080961726940,3
27.250000,-0.039737961833,-0.005319222629,0.057680730540,0.070245757279,3
27.260000,-0.052589991624,0.028364896688,0.003381979844,0.059847409057,3
27.270000,-0.003943474429,0.050265203844,-0.051069962799,0.071765470864,3
27.280000,0.015984149741,0.012802598188,-0.062832695392,0.066085907526,3
27.290000,0.055522187657,-0.047118195533,0.005829864394,0.073053576171,3
27.300000,-0.001498612195,-0.042839297834,0.064168765369,0.077169176012,3
27.310000,-0.046913038849,-0.005854012287,0.060480678315,0.076765976339,3
27.320000,-0.051454287700,0.040482771059,-0.007781140059,0.065931362916,3
27.330000,-0.010798194529,0.055868677526,-0.062387586280,0.084440044147,3
27.340000,0.038946661206,0.006786297255,-0.037653361789,0.054595530069,3
27.350000,0.023986475995,-0.053468294133,0.017421741799,0.061136949511,3
27.360000,-0.020006546684,-0.039868568397,0.056831867857,0.072246978209,3
27.370000,-0.070427695634,0.024507050195,0.017683062463,0.076637761708,3
27.380000,-0.044493486653,0.058032078167,-0.056411964663,0.092356386936,3
27.390000,0.004645410424,0.042267721586,-0.051716463334,0.066953212813,3
27.400000,0.041891874863,-0.018725850812,-0.030499918086,0.055098381749,3
27.410000,0.019506367152,-0.057965361643,0.029843105094,0.068052130250,3
27.420000,-0.034903150213,-0.035779329525,0.056808618809,0.075667757248,3
27.430000,-0.066608384210,0.018441584919,0.001338465824,0.069127132099,3
27.440000,-0.013059055512,0.053520803708,-0.071013248175,0.089877120430,3
27.450000,0.059193267146,0.024924702615,-0.052900889622,0.083208099358,3
27.460000,0.058386863094,-0.006675299921,0.000274332663,0.058767854048,3
27.470000,0.005023391724,-0.063618285861,0.074328876080,0.097965823529,3
27.480000,-0.041706059154,-0.032421574605,0.043567024236,0.068473640701,3
27.490000,-0.048337522073,0.032143774097,-0.020596946356,0.061595230762,3
27.500000,0.009047894996,0.065413396150,-0.071553421950,0.097368726974,3
27.510000,0.062693152639,0.033812260135,-0.044533902436,0.084005766406,3
27.520000,0.068793186314,-0.054772750406,0.021782100489,0.090592585635,3
27.530000,0.006837459256,-0.055518819648,0.051102444449,0.075766417447,3
27.540000,-0.025188334439,-0.009516107674,0.028198569808,0.038989329775,3
27.550000,-0.020141592780,0.073492486246,-0.021715435440,0.079236288597,3
27.560000,0.025820975719,0.071959871599,-0.046608413879,0.089539321820,3
27.570000,0.072090683342,-0.007939947070,-0.023249530291,0.076161998680,3
27.580000,0.057716550223,-0.050062140180,0.049833628829,0.091218466394,3
27.590000,0.004994347545,-0.050881477912,0.037338202335,0.063308843423,3
27.600000,-0.038610985526,0.003162326430,0.019546997362,0.043392322104,3
27.610000,-0.022507489089,0.077380854535,-0.051086741873,0.095416135475,3
27.620000,0.039993511917,0.040354922105,-0.049573103033,0.075402210033,3
27.630000,0.066444194512,-0.036228117473,-0.001351639958,0.075691045776,3
27.640000,0.051921054179,-0.069243207963,0.057269706664,0.103779752445,3
27.650000,-0.028680789170,-0.028743790313,0.055302343433,0.068608617084,3
27.660000,-0.052866652159,0.038196589805,0.005409892601,0.065445621100,3
27.670000,-0.019477612986,0.058615657398,-0.034985795460,0.070987171966,3
27.680000,0.068080716985,0.009701325583,-0.063639565738,0.093696819960,3
27.690000,0.039226381854,-0.044923072574,0.025521007189,0.064869972181,3
27.700000,0.002660868410,-0.076642765711,0.049681899839,0.091375516022,3
27.710000,-0.073558195892,-0.029681369020,0.047315776725,0.092361109656,3
27.720000,-0.058695780255,0.052853912751,-0.020342437505,0.081563137976,3
27.730000,-0.022178526530,0.058782284819,-0.095735460271,0.114509922718,3
27.740000,0.041432418158,0.001078561500,-0.027454310838,0.049714663359,3
27.750000,0.036739351944,-0.060544233500,0.021271510793,0.073944988761,3
27.760000,-0.027952406566,-0.050121418486,0.041901408401,0.071057875354,3
27.770000,-0.052493424437,0.011053775669,0.032209759726,0.062571672403,3
27.780000,-0.037580556981,0.027923327917,-0.025491818771,0.053308942301,3
27.790000,0.000027157726,0.045767528628,-0.075992162413,0.088710067989,3
27.800000,0.036335349900,-0.018970941329,-0.023267652652,0.047133193475,3
27.810000,0.020855505409,-0.062472391952,0.051356071583,0.083517650533,3
27.820000,-0.041897558977,-0.027626676382,0.079116241421,0.093691079366,3
27.830000,-0.067059197839,0.031854578290,0.022419485502,0.077551811733,3
27.840000,-0.025385172387,0.033359620813,-0.030260199784,0.051700589638,3
27.850000,0.033329267904,0.030629470749,-0.050458558788,0.067786951047,3
27.860000,0.054275938220,-0.021343188527,-0.005529882398,0.058583178179,3
27.870000,0.024400262996,-0.052084785902,0.039514312567,0.069782366357,3
27.880000,-0.041657323755,-0.014795160012,0.067461263650,0.080655139176,3
27.890000,-0.033347889686,0.040035003240,-0.002342273032,0.052157161291,3
27.900000,-0.000967121185,0.065643119214,-0.019266277776,0.068418885426,3
27.910000,0.054078778714,0.023730207504,-0.038535509280,0.070516824453,3
27.920000,0.046641026709,-0.048729043561,0.018239232030,0.069875422316,3
27.930000,0.025059456672,-0.042463895751,0.046761633269,0.067954463849,3
27.940000,-0.031643938756,0.000592697051,0.025942275750,0.040922998679,3
27.950000,-0.029206563170,0.065571517353,-0.014375384163,0.073207232498,3
27.960000,0.033636876793,0.039742088948,-0.049197557386,0.071632902825,3
27.970000,0.060475292962,-0.006796951160,-0.021990068671,0.064707207667,3
27.980000,0.051657413971,-0.043816516845,0.024976361977,0.072195527730,3
27.990000,0.000071219619,-0.036501131355,0.043190521035,0.056548729161,3
28.000000,-0.041307523838,0.005445809129,0.021807754971,0.047027083043,3
28.010000,-0.036515136539,0.046873919921,-0.019191235576,0.062440556437,3
28.020000,0.021902397923,0.035123326682,-0.039286665609,0.057068425654,3
28.030000,0.061755346433,-0.010124914488,-0.004364974248,0.062731887478,3
28.040000,0.028359043057,-0.036624193755,0.031894715897,0.056239130447,3
28.050000,-0.009015277809,-0.018704444949,0.049128696955,0.053336294953,3
28.060000,-0.038496249850,0.020573165520,-0.001983456493,0.043693826700,3
28.070000,-0.012374389794,0.037332609215,-0.023060408584,0.045592013310,3
28.080000,0.029632627018,0.009915993648,-0.037517392104,0.048825958509,3
28.090000,0.035215562997,-0.029011445697,-0.009910376527,0.046690635266,3
28.100000,-0.000186111979,-0.060000064724,0.046080970174,0.075653805038,3
28.110000,-0.033677517215,-0.018755676425,0.034884335366,0.051989108647,3
28.120000,-0.042064608292,0.025418549401,0.000024369113,0.049148087636,3
28.130000,-0.010985712406,0.042013416771,-0.039282418739,0.058556993501,3
28.140000,0.027397513768,0.008311583573,-0.028817728961,0.040622256026,3
28.150000,0.023155902637,-0.024958929202,0.009515999456,0.035351070981,3
28.160000,-0.028861618195,-0.030022773905,0.044378742046,0.060859121776,3
28.170000,-0.042372711810,-0.007721363151,0.006556681019,0.043566687056,3
28.180000,-0.018315370408,0.015020589334,-0.013168153670,0.027101128541,3
28.190000,0.002878107445,0.023180343011,-0.050909532984,0.056012430345,3
28.200000,0.027793242945,-0.007071419435,-0.021989333348,0.036138623484,3
28.210000,0.014075174213,-0.031535759441,0.011735682821,0.036473838624,3
28.220000,-0.015621433584,-0.020524333030,0.021342594808,0.033478109067,3
28.230000,-0.031429292607,0.002489923307,0.013550533826,0.034316426370,3
28.240000,-0.021921137241,0.032885933270,-0.019255551034,0.043963588463,3
28.250000,0.016678559788,0.021750089631,-0.027274229197,0.038666837650,3
28.260000,0.028909301510,-0.014436202481,-0.004777057562,0.032664536348,3
28.270000,0.011985854613,-0.030998853613,0.019048716066,0.038307221510,3
28.280000,-0.024523526381,-0.015741514617,0.024825155476,0.038281679339,3
28.290000,-0.018770647850,0.014176623047,0.008271372369,0.024934503456,3
28.300000,-0.000762592977,0.030912810464,-0.023890820340,0.039076267674,3
28.310000,0.032942255620,0.018556824976,-0.021441746526,0.043466037921,3
28.320000,0.026282538550,-0.009914168245,0.001213243985,0.028116445821,3
28.330000,0.000378684515,-0.035782379047,0.020115622556,0.041050704294,3
28.340000,-0.021423948844,-0.002151775947,0.021022367854,0.030092452110,3
28.350000,-0.024211066533,0.019630754082,-0.008215786845,0.032234165136,3
28.360000,0.012486214411,0.021530903904,-0.022901424594,0.033822486923,3
28.370000,0.025669495617,0.007804273614,-0.014091433752,0.030305085333,3
28.380000,0.037306566522,-0.025160409054,0.011361643618,0.046410268639,3
28.390000,-0.001621740783,-0.015983844948,0.023581251346,0.028533993018,3
28.400000,-0.020800315508,0.006077794518,0.012475855747,0.025004793302,3
28.410000,-0.020942979437,0.025848331851,-0.019135386545,0.038378479196,3
28.420000,0.013180045319,0.025535555892,-0.028296226285,0.040329327187,3
28.430000,0.028565572473,-0.000890234826,-0.012527980044,0.031204722924,3
28.440000,0.024018596142,-0.031234715747,0.018506165075,0.043531351624,3
28.450000,-0.004998349182,-0.028067977952,0.028608873696,0.040388891232,3
28.460000,-0.024619714481,0.008191822627,0.006736710275,0.026807080490,3
28.470000,-0.012069632364,0.033710983707,-0.016700853387,0.039509808298,3
28.480000,0.019914642458,0.018599783039,-0.025525437707,0.037337553260,3
28.490000,0.021766306668,-0.012169414045,-0.014172957566,0.028683435470,3
28.500000,0.009269061996,-0.027497511918,0.009516055597,0.030538238097,3
28.510000,-0.013526704142,-0.004800153854,0.018817382899,0.023666581949,3
28.520000,-0.033824802477,0.007974125273,0.000024677040,0.034752043759,3
28.530000,-0.008993337504,0.023789322475,-0.022688513876,0.034081969503,3
28.540000,0.011737533786,0.002192078261,-0.017828493454,0.021457634663,3
28.550000,0.019253019786,-0.018173629769,0.003766943500,0.026742278384,3
28.560000,-0.014226718379,-0.017906343046,0.030151295665,0.037843589515,3
28.570000,-0.039350590829,-0.011523614470,0.024352085566,0.047689482702,3
28.580000,-0.030997536866,0.025957517947,-0.018210798191,0.044342679221,3
28.590000,0.001124229182,0.024319990297,-0.031444459292,0.039767824173,3
28.600000,0.028994939545,-0.002899828897,-0.020220203788,0.035467903350,3
28.610000,0.007624404115,-0.020266089637,0.004499103792,0.022115330931,3
28.620000,-0.007639776014,-0.023131390242,0.030858640274,0.039315176098,3
28.630000,-0.022634593896,0.002797735891,0.014172515445,0.026851673336,3
28.640000,-0.024747248872,0.025063958141,-0.017269244019,0.039228243823,3
28.650000,0.017618591457,0.016723707422,-0.031552020720,0.039819934284,3
28.660000,0.040643274188,-0.016894176142,-0.008105276296,0.044754714032,3
28.670000,0.020648994468,-0.033906210288,0.019398437876,0.044184968718,3
28.680000,-0.024474397089,-0.018922585505,0.022749803600,0.038400702063,3
28.690000,-0.031490980225,0.017969058817,0.016387532127,0.039788442034,3
28.700000,-0.020707998354,0.041016030377,-0.029106188786,0.054390313194,3
28.710000,0.032231687717,0.009965475305,-0.037044388444,0.050104681481,3
28.720000,0.046575152294,-0.026743895740,-0.011616461323,0.054949276103,3
28.730000,0.022763478812,-0.041655637936,0.030716474291,0.056540869576,3
28.740000,-0.021061178599,-0.014117710125,0.031918239942,0.040763427532,3
28.750000,-0.022890807859,0.034879343354,-0.006942102449,0.042293622021,3
28.760000,0.005396045698,0.047180033413,-0.047915971331,0.067461197518,3
28.770000,0.029795467195,0.004835369968,-0.022439667087,0.037612356043,3
28.780000,0.027267902468,-0.019839329067,0.012927893769,0.036114649661,3
28.790000,0.003049145895,-0.035577540038,0.044959357526,0.057414305491,3
28.800000,-0.033644138531,0.000353912329,0.022536821175,0.040496439598,3
28.810000,-0.021285759147,0.034194257117,-0.011212854056,0.041809793809,3
28.820000,0.008973271896,0.031651600457,-0.034630628050,0.047766346094,3
28.830000,0.040474013379,-0.005251395225,-0.021634693871,0.046192887869,3
28.840000,0.043294572160,-0.054183218983,0.039976962396,0.080052474792,3
28.850000,-0.010145063320,-0.022089574652,0.057279678749,0.062224056567,3
28.860000,-0.048069634508,0.003914288035,0.014713657908,0.050423240094,3
28.870000,-0.011866158965,0.046500119789,-0.038982508448,0.061828010108,3
28.880000,0.011832672222,0.039923016269,-0.039095821268,0.057116920440,3
28.890000,0.046705772042,-0.021016235649,-0.008476785074,0.051913073383,3
28.900000,0.029529132296,-0.058855905744,0.037465801349,0.075760633352,3
28.910000,-0.043448178218,-0.037593061162,0.030581898255,0.065086365230,3
28.920000,-0.056616371784,0.015373645717,0.001165116892,0.058678105235,3
28.930000,-0.017608288833,0.052836008270,-0.051391611706,0.075781220360,3
28.940000,0.034006980586,0.020735319437,-0.036116702828,0.053766573481,3
28.950000,0.045445634424,-0.028368746855,0.005030526988,0.053808899711,3
28.960000,0.012488061490,-0.052574411029,0.040893498369,0.067766500453,3
28.970000,-0.053351658987,-0.006796829587,0.043612999589,0.069243701102,3
28.980000,-0.059420521151,0.053098940834,-0.001150545945,0.079697048926,3
28.990000,-0.004851381636,0.067658450004,-0.059642330375,0.090323913408,3
29.000000,0.025245562430,-0.007225633660,-0.040625069666,0.048372972718,3
29.010000,0.022385096155,-0.059363822997,0.017288445362,0.065757481352,3
29.020000,-0.025607479893,-0.025929339821,0.038511105337,0.053020551905,3
29.030000,-0.056022043573,-0.005260511537,0.031458563742,0.064465367294,3
29.040000,-0.043274299379,0.055210056672,-0.007997702164,0.070602964417,3
29.050000,0.023025112799,0.043557552609,-0.056381157483,0.074874903191,3
29.060000,0.050419493348,-0.023240178068,-0.035505516720,0.065900477264,3
29.070000,0.043299167384,-0.060361642593,0.025049748447,0.078395380539,3
29.080000,-0.053245797117,-0.046547906555,0.062904809215,0.094651135955,3
29.090000,-0.036188541334,0.014960264041,0.021632674002,0.044736926677,3
29.100000,-0.015383180288,0.062550831910,-0.048737569317,0.080774992858,3
29.110000,0.046418865083,0.035341841751,-0.053688156390,0.079285401876,3
29.120000,0.064330812104,-0.037868269159,-0.024434513474,0.078546194330,3
29.130000,0.026653065141,-0.063327577747,0.047050044054,0.083273492963,3
29.140000,-0.026833516072,-0.036287733515,0.075817156566,0.088233091402,3
29.150000,-0.048475134873,0.058489358820,0.002501062828,0.076007230653,3
29.160000,-0.004138744965,0.065199081622,-0.048985452583,0.081655520444,3
29.170000,0.057753986973,0.017156733468,-0.030763463977,0.067648113281,3
29.180000,0.059551802131,-0.043366181823,0.009534630464,0.074282918905,3
29.190000,0.001833859665,-0.046333150067,0.059533144864,0.075460712783,3
29.200000,-0.037479611467,0.000401741946,0.026613082133,0.045968889621,3
29.210000,-0.042561346823,0.042790586028,-0.011447986511,0.061429299941,3
29.220000,0.012100544501,0.058264062333,-0.077568153878,0.097764731027,3
29.230000,0.077112922505,0.003440177887,-0.026097233684,0.081481919756,3
29.240000,0.058460497899,-0.063947433443,0.036954083410,0.094193993116,3
29.250000,0.011699940316,-0.042881600267,0.080341487930,0.091817617741,3
29.260000,-0.027515387701,-0.006375434808,0.025839091740,0.038280561533,3
29.270000,-0.041908363279,0.070518809418,-0.029130262778,0.087050477333,3
29.280000,0.025217010404,0.040641498228,-0.063802056616,0.079739146097,3
29.290000,0.063758845872,-0.045982658178,-0.026120572766,0.082836462996,3
29.300000,0.023635128744,-0.076863381165,0.039392674145,0.089545415579,3
29.310000,-0.014815666359,-0.055037360668,0.058255572479,0.081500470942,3
29.320000,-0.058789593965,0.013567212221,-0.000307716054,0.060335564099,3
29.330000,-0.035369747681,0.053824081424,-0.030533568626,0.071276571222,3
29.340000,0.011036499769,0.023195298494,-0.071417451186,0.075896498821,3
29.350000,0.049184257815,-0.031341354440,-0.004327076685,0.058481580926,3
29.360000,0.009949167803,-0.066769702666,0.044980168244,0.081119631837,3
29.370000,-0.065353291167,-0.042030768229,0.051748404863,0.093357032676,3
29.380000,-0.048600024970,0.040569237457,-0.016047799509,0.065309703138,3
29.390000,-0.011456573006,0.048121634284,-0.066101063403,0.082560858366,3
29.400000,0.036027947336,0.024353533031,-0.018456384816,0.047241355832,3
29.410000,0.040433267578,-0.035460057693,0.012442032386,0.055200262577,3
29.420000,-0.015061038789,-0.051475255240,0.053567846960,0.075802711161,3
29.430000,-0.056648261758,-0.007599843978,0.023523940805,0.061807434664,3
29.440000,-0.040774687969,0.051902661283,-0.009559319445,0.066692143581,3
29.450000,0.026016895252,0.046992143595,-0.057126313954,0.078412729478,3
29.460000,0.057568714904,0.006258417228,-0.019193499542,0.061005861575,3
29.470000,0.002466667133,-0.058685966819,0.024708330312,0.063723062819,3
29.480000,-0.033862811737,-0.040005368118,0.079057286776,0.094853434779,3
29.490000,-0.055722769140,-0.006555629604,0.039999833600,0.068905659913,3
29.500000,-0.031327791683,0.058935001362,-0.039338332067,0.077474313724,3
29.510000,0.037721452859,0.044877032524,-0.044190729615,0.073414417098,3
29.520000,0.038460741604,-0.005958159208,-0.031100226847,0.049819197262,3
29.530000,0.022696267267,-0.054595094546,0.066026662654,0.088629933305,3
29.540000,-0.011044143175,-0.030908622363,0.037603683835,0.049913455829,3
29.550000,-0.045366002720,0.015929232092,0.004348793738,0.048277599824,3
29.560000,-0.027439262615,0.031097011095,-0.040633128410,0.058060213196,3
29.570000,0.038689705241,0.030153269998,-0.046304598518,0.067455383974,3
29.580000,0.061443602361,-0.048280726216,0.019732694095,0.080596054564,3
29.590000,0.017753484935,-0.067261017321,0.063253166256,0.094022304374,3
29.600000,-0.035715085470,-0.003216188913,0.046232533874,0.058509472649,3
29.610000,-0.028732887991,0.032121516955,0.013438961439,0.045143951847,3
29.620000,0.003347824820,0.038802889910,-0.035981564829,0.053024005921,3
29.630000,0.050754272187,0.009587873853,-0.024952281097,0.057363226916,3
29.640000,0.039068016077,-0.039441869496,0.006730112268,0.055921957769,3
29.650000,0.012905953718,-0.020137041291,0.040782241734,0.047278486801,3
29.660000,-0.033925860068,0.000406410090,0.039525915756,0.052090566966,3
29.670000,-0.032204437867,0.030673003555,-0.025339865775,0.051186597493,3
29.680000,0.022108802701,0.049227151726,-0.039614117856,0.066943184548,3
29.690000,0.039283998907,-0.008526419671,-0.015284971691,0.043006543247,3
29.700000,0.033959966855,-0.033426594976,0.008851526769,0.048466133811,3
29.710000,-0.008598858176,-0.029711704418,0.039970014973,0.050540358510,3
29.720000,-0.046064287672,0.010852761080,-0.002946030836,0.047417086788,3
29.730000,-0.028914653630,0.033524014185,-0.033805928372,0.055702401337,3
29.740000,0.015947586837,0.024852539038,-0.042184542531,0.051492813587,3
29.750000,0.035854214606,-0.017103571131,0.000698430802,0.039730903035,3
29.760000,-0.004290937764,-0.030629966469,0.019420981278,0.036520973516,3
29.770000,-0.033807521983,-0.030506137717,0.041373856617,0.061525352436,3
29.780000,-0.037757338572,0.016454960665,-0.013772217694,0.043428750002,3
29.790000,-0.020543401254,0.026842088292,-0.034221349441,0.048100205785,3
29.800000,0.015043777747,0.010152611624,-0.029581323183,0.034705121423,3
29.810000,0.023788391373,-0.015678007388,-0.002145190818,0.028570777438,3
29.820000,-0.005497798303,-0.023701509775,0.028495240992,0.037469535772,3
29.830000,-0.024135229229,-0.009052940724,0.025650912688,0.036365290422,3
29.840000,-0.026149488210,0.021354449728,-0.003183277288,0.033910787533,3
29.850000,0.005725965795,0.029758603272,-0.026608883543,0.040328573449,3
29.860000,0.024050376460,-0.003665599016,-0.037152199741,0.044408818602,3
29.870000,0.022391377522,-0.024695217103,0.001253264546,0.033358630175,3
29.880000,-0.009276330590,-0.032181901944,0.033561399433,0.047414055447,3
29.890000,-0.027416733515,0.002837568351,0.015032553281,0.031395966762,3
29.900000,-0.026746575009,0.035146474815,-0.022666021031,0.049642748474,3
29.910000,0.014212782162,0.016860252528,-0.027559870138,0.035296143332,3
29.920000,0.024169128183,0.000669464050,-0.017420805511,0.029800661132,3
29.930000,0.004298160136,-0.022564784186,0.024265716185,0.033413599745,3
29.940000,-0.010010013227,-0.007424485928,0.026013061834,0.028844457736,3
29.950000,-0.021697240625,-0.000443955960,0.005199824993,0.022316037453,3
29.960000,-0.007622470924,0.022779003164,-0.017672320519,0.029821065719,3
29.970000,0.023859131055,0.018948815144,-0.027047803477,0.040741863028,3
29.980000,0.031578535904,-0.022793127606,-0.001596174584,0.038977921561,3
29.990000,0.010453693564,-0.032643598424,0.018759475913,0.039074315909,3
