time_s,acc_x_m_s2,acc_y_m_s2,acc_z_m_s2,acc_abs_m_s2,acc_accuracy
0.000000,-0.004660693687,0.017204856952,-0.015943521855,0.023914954683,3
0.010000,0.018134113747,-0.005501660954,-0.017083477019,0.025513908789,3
0.020000,0.015677113437,-0.017058450852,-0.003837885191,0.023483866673,3
0.030000,0.001859361205,-0.010494804235,0.013748628979,0.017396061015,3
0.040000,-0.026512645768,0.005207663935,0.018228446997,0.032593196056,3
0.050000,-0.014958213536,0.021431172729,-0.003097872936,0.026318057175,3
0.060000,0.004864601846,0.015832127845,-0.025463084509,0.030375801158,3
0.070000,0.020711920328,-0.005379538935,-0.010524514774,0.023847190486,3
0.080000,0.024290471590,-0.030230410648,0.003833237343,0.038969198690,3
0.090000,-0.000692279986,-0.011816816607,0.020975225912,0.024084777524,3
0.100000,-0.018857925794,0.007705983337,0.006741111571,0.021458008520,3
0.110000,-0.000078436940,0.013737091578,-0.008159252427,0.015977710648,3
0.120000,0.003287253909,0.012805283793,-0.026053846075,0.029216163790,3
0.130000,0.026848552142,-0.011128234713,-0.012985895619,0.031832622339,3
0.140000,0.017372073442,-0.017559191590,0.010392656672,0.026797788298,3
0.150000,-0.004591964980,-0.018981849049,0.027167964528,0.033458855813,3
0.160000,-0.024398254266,0.013938854303,0.003459313755,0.028311363834,3
0.170000,-0.008775421420,0.018932067136,-0.018233890367,0.027711115911,3
0.180000,0.007669456133,0.012041936921,-0.014657277570,0.020461294875,3
0.190000,0.027059063739,-0.016501437074,-0.004776948989,0.032051670745,3
0.200000,0.003653737521,-0.021781937708,0.018131779068,0.028575584340,3
0.210000,-0.022062761338,-0.009439300969,0.021900995904,0.032488759014,3
0.220000,-0.031805455133,0.014290134577,0.012252559813,0.036958356896,3
0.230000,-0.021905445145,0.028032368943,-0.019597671073,0.040616880075,3
0.240000,0.016133059301,0.002436425325,-0.030000702883,0.034150460381,3
0.250000,0.013099204751,-0.021756346857,-0.003193470393,0.025595430194,3
0.260000,0.002216696129,-0.040622333975,0.012160519011,0.042461346916,3
0.270000,-0.036054946409,-0.013295637784,0.015872134664,0.041577130774,3
0.280000,-0.029205995140,0.022356769602,-0.001065649956,0.036796071923,3
0.290000,-0.005951708988,0.032805606447,-0.026634171723,0.042673290916,3
0.300000,0.018944929317,0.000923269504,-0.026174333161,0.032324270909,3
0.310000,0.025766236092,-0.030079902035,-0.008803755824,0.040573458633,3
0.320000,-0.002116334637,-0.033861726553,0.027511929612,0.043680678433,3
0.330000,-0.024387786536,0.011412422342,0.036901041691,0.045680350192,3
0.340000,-0.025584222846,0.034172535647,-0.007911783135,0.043415561306,3
0.350000,0.009408108151,0.025061382082,-0.035562828053,0.044511797425,3
0.360000,0.039732878729,-0.016344904558,-0.030545274321,0.052715001095,3
0.370000,0.039058858361,-0.025503186579,0.001049460982,0.046659493252,3
0.380000,0.002792994587,-0.018955648638,0.039247218956,0.043674496332,3
0.390000,-0.029857775484,0.005187203173,0.023166034453,0.038145235429,3
0.400000,-0.028385749503,0.048277942814,-0.019959180811,0.059454852080,3
0.410000,0.032262244305,0.028297007942,-0.046032400175,0.062932939959,3
0.420000,0.046045205206,-0.010997547681,-0.035931219931,0.059431974082,3
0.430000,0.026719383066,-0.042345944027,0.012390003312,0.051581165061,3
0.440000,-0.018313922297,-0.030849291118,0.042269902129,0.055442070113,3
0.450000,-0.033945648463,0.024677363486,0.026220124002,0.049485090895,3
0.460000,-0.036396885205,0.046710605771,-0.034135212176,0.068350761915,3
0.470000,0.028454365868,0.028392620263,-0.038586008866,0.055719582756,3
0.480000,0.045092729951,-0.017993151758,-0.021882206934,0.053253533075,3
0.490000,0.031361436700,-0.055328494233,0.025931192421,0.068681938866,3
0.500000,-0.040198797181,-0.030399368593,0.052821649395,0.073008160849,3
0.510000,-0.071554621220,0.022668970346,0.021700322620,0.078133539766,3
0.520000,-0.044701903280,0.062833989309,-0.031611026670,0.083340430623,3
0.530000,0.014237860618,0.018470497978,-0.056003928693,0.060665608045,3
0.540000,0.054033957508,-0.021773410095,-0.014396169527,0.060008329823,3
0.550000,-0.005224112865,-0.047936495427,0.047792163200,0.067891750694,3
0.560000,-0.040233539033,0.003092675264,0.040388282807,0.057092168390,3
0.570000,-0.046949368306,0.046033021747,-0.004881161055,0.065932602017,3
0.580000,-0.022134902304,0.058749749176,-0.059720354133,0.086648760095,3
0.590000,0.040839896628,0.008932833503,-0.068272449631,0.080055106331,3
0.600000,0.072729042433,-0.043616331808,0.003778397993,0.084889188387,3
0.610000,0.022121069271,-0.070083181828,0.040210961156,0.083772999695,3
0.620000,-0.035704277677,-0.007952593579,0.048022517550,0.060367221081,3
0.630000,-0.063688845907,0.061430260544,-0.008577982737,0.088901787335,3
0.640000,-0.010571126870,0.074143696678,-0.062504746577,0.097549371218,3
0.650000,0.059935978686,-0.007149547368,-0.050040668723,0.078406033536,3
0.660000,0.065570789433,-0.047907544102,0.016145498153,0.082796970472,3
0.670000,0.016574978627,-0.049891651299,0.063222303566,0.082225096254,3
0.680000,-0.030462977592,0.016914109979,0.070807984020,0.078916732833,3
0.690000,-0.038728098384,0.051289446959,-0.003796481469,0.064380790965,3
0.700000,0.025632319122,0.048508978467,-0.061122373004,0.082134531454,3
0.710000,0.062240650245,-0.011444756246,-0.038928891593,0.074298987806,3
0.720000,0.036836408600,-0.081484017832,0.018593875793,0.091336183287,3
0.730000,0.020135001864,-0.038537338133,0.076167929344,0.087704607582,3
0.740000,-0.066381569580,0.024046388493,0.039288546108,0.080798090539,3
0.750000,-0.055388365434,0.053416803393,-0.028989618335,0.082229093887,3
0.760000,0.029599631107,0.040719695289,-0.038869646712,0.063600952679,3
0.770000,0.066495993098,-0.026789653180,-0.037450738545,0.080882386421,3
0.780000,0.024421638242,-0.059349661176,0.003182170505,0.064256710974,3
0.790000,-0.031738834859,-0.028609851069,0.077344900257,0.088363515164,3
0.800000,-0.068602219693,0.017394324637,0.027277808737,0.075847913128,3
0.810000,-0.042785039905,0.068733645414,-0.032317373175,0.087173885198,3
0.820000,0.033095454180,0.042915615207,-0.070160879876,0.088654431253,3
0.830000,0.067353351775,-0.050181251175,-0.046739782445,0.096120961438,3
0.840000,0.014012477222,-0.075675661777,0.024412224970,0.080741018270,3
0.850000,-0.061132936093,-0.009425481306,0.048078462765,0.078342926644,3
0.860000,-0.091046807791,0.065949526278,0.024162677659,0.114989983115,3
0.870000,-0.015798692636,0.074417922823,-0.063036869574,0.098799154105,3
0.880000,0.006611138633,0.034842767274,-0.063191465378,0.072463003539,3
0.890000,0.072678472222,-0.041615212135,0.008480264088,0.084177794487,3
0.900000,-0.002972865562,-0.046860932906,0.033340748124,0.057588110300,3
0.910000,-0.058466005296,-0.038882850474,0.053833133634,0.088476867672,3
0.920000,-0.079453122576,0.060120545498,0.012585514400,0.100427455662,3
0.930000,-0.011435031001,0.050829189153,-0.054043774804,0.075067276486,3
0.940000,0.064328710384,0.007091794950,-0.058261438061,0.087079685921,3
0.950000,0.066651967159,-0.061145190779,-0.008095052311,0.090811612437,3
0.960000,0.039976268394,-0.052903353381,0.069565567907,0.096105333212,3
0.970000,-0.042506286381,-0.001841097501,0.055831799164,0.070195183736,3
0.980000,-0.035746867313,0.047203068639,-0.002683673340,0.059272002786,3
0.990000,-0.000475685725,0.041935598080,-0.046768243670,0.062817905721,3
1.000000,0.080957714511,-0.010114675391,-0.070089503284,0.107559270487,3
1.010000,0.094570799862,-0.067586456140,0.013589136192,0.117030892771,3
1.020000,-0.000147423391,-0.043570205461,0.072968253298,0.084986766775,3
1.030000,-0.040382122851,0.018750108302,0.075633531727,0.087765104277,3
1.040000,-0.057139590059,0.069848563029,-0.006176920380,0.090453904585,3
1.050000,0.007515192202,0.024398305415,-0.054848448051,0.060498823745,3
1.060000,0.064168877400,-0.016859975664,-0.035631665250,0.075309489273,3
1.070000,0.048019882143,-0.063484106462,0.011686501797,0.080453186255,3
1.080000,-0.018401301138,-0.025632680022,0.061316004718,0.068958644151,3
1.090000,-0.070081344324,0.024527229877,0.028046878675,0.079370065082,3
1.100000,-0.050285255518,0.057893514616,-0.018119545894,0.078794567709,3
1.110000,0.006467003280,0.034889836427,-0.059142404466,0.068970622901,3
1.120000,0.046410888864,-0.043831320551,-0.027283858725,0.069423081272,3
1.130000,0.022281542908,-0.052478294053,0.014070692845,0.058723273905,3
1.140000,-0.045919059040,-0.022241391195,0.056483637218,0.076115969014,3
1.150000,-0.058549926399,0.034296339368,0.005674539104,0.068092093296,3
1.160000,-0.035913040806,0.028480766805,-0.021579750360,0.050661486391,3
1.170000,0.014942152383,0.009017304938,-0.065972146268,0.068241510749,3
1.180000,0.042572329294,-0.035747167147,-0.020952639678,0.059407712378,3
1.190000,0.004388704492,-0.048119267714,0.040381270103,0.062971196809,3
1.200000,-0.053935170841,-0.015889072347,0.049659825410,0.075017088277,3
1.210000,-0.057192535123,0.023873194175,0.004168608367,0.062115157326,3
1.220000,-0.007706009502,0.055389530436,-0.031795022988,0.064329667737,3
1.230000,0.028810039737,0.011753556708,-0.057594504146,0.065462137093,3
1.240000,0.048698059382,-0.029942409984,0.002508315975,0.057221853800,3
1.250000,0.012397484957,-0.026792368201,0.038813621909,0.048765006642,3
1.260000,-0.024481676818,-0.007112516820,0.039817727607,0.047279930490,3
1.270000,-0.023230989761,0.033192363882,0.002372932925,0.040583774049,3
1.280000,-0.004632251980,0.044215730640,-0.027500037999,0.052275622276,3
1.290000,0.046438406039,0.008124103444,-0.044668648239,0.064944705310,3
1.300000,0.042424715606,-0.030153644632,-0.009365735848,0.052884929676,3
1.310000,0.008827925145,-0.028261666671,0.043877550224,0.052932914893,3
1.320000,-0.030383337319,0.007108256613,0.042725203128,0.052906686544,3
1.330000,-0.024760352169,0.037881356252,-0.001881903190,0.045294743080,3
1.340000,0.004979888460,0.037520308789,-0.034403827585,0.051148765510,3
1.350000,0.022467672641,0.000482971012,-0.013559848833,0.026246886964,3
1.360000,0.037964887671,-0.030716947432,0.001081405808,0.048847036695,3
1.370000,-0.010158367970,-0.015980506686,0.033206739706,0.038226386119,3
1.380000,-0.021133569196,0.012009602443,0.011383521245,0.026841066554,3
1.390000,-0.022293107504,0.034881946021,-0.005287213791,0.041733528848,3
1.400000,0.003638015088,0.025871274710,-0.041397560799,0.048952181249,3
1.410000,0.018521119719,-0.004057774105,-0.020890613134,0.028211967734,3
1.420000,0.014745475333,-0.028013279152,0.005226755702,0.032085695050,3
1.430000,-0.010513099972,-0.022085238739,0.032920789014,0.041012941744,3
1.440000,-0.029674207937,0.009057458441,0.014455612353,0.034228071792,3
1.450000,-0.027633319057,0.027108090152,-0.016952584796,0.042259188410,3
1.460000,0.019351462494,0.010499865976,-0.018588813369,0.028814410781,3
1.470000,0.025233226035,-0.016818961783,-0.017773351364,0.035149469275,3
1.480000,0.014811256834,-0.024995207341,0.016201053235,0.033265715759,3
1.490000,-0.015407868435,-0.005646288334,0.019497482878,0.025484011070,3
1.500000,-0.026825492538,0.024086245052,0.003414504753,0.036213438022,3
1.510000,-0.004013103358,0.032016792496,-0.012235454418,0.034509221160,3
1.520000,0.020872083684,0.011680762159,-0.027191502832,0.036214112004,3
1.530000,0.023932580335,-0.013099843710,-0.008856365960,0.028684656608,3
1.540000,0.012277942735,-0.024330041420,0.014892348001,0.031056091549,3
1.550000,-0.010455630667,-0.006325008347,0.022333344245,0.025457890886,3
1.560000,-0.024090533505,0.012793949393,0.001926205749,0.027345003460,3
1.570000,0.003561566850,0.025536021456,-0.017853786227,0.031361295141,3
1.580000,0.021598710148,0.000725846945,-0.020190862944,0.029575362724,3
1.590000,0.034946596373,-0.007214053201,-0.002498875502,0.035770819678,3
1.600000,0.004967583945,-0.021635747998,0.015556982970,0.027107235212,3
1.610000,-0.016341602060,-0.002440865867,0.019441902069,0.025514571133,3
1.620000,-0.028019712721,0.013993849698,0.006160241714,0.031919910845,3
1.630000,0.001336263594,0.028643659839,-0.026237402521,0.038867031536,3
1.640000,0.018372505779,-0.006445893215,-0.019451661088,0.027522093434,3
1.650000,0.023642050130,-0.031672687122,0.001648691098,0.039557854166,3
1.660000,0.004091922137,-0.020347462698,0.027717728887,0.034627092857,3
1.670000,-0.022448450001,0.007291918950,0.024675596838,0.034146596737,3
1.680000,-0.024001725562,0.024598322945,-0.005517549852,0.034808097881,3
1.690000,0.004631345428,0.012619395438,-0.022582069293,0.026280189407,3
1.700000,0.014826958157,0.001310584576,-0.019644651294,0.024646879003,3
1.710000,0.022071879425,-0.022266031421,0.017415852615,0.035864410478,3
1.720000,-0.017015481147,-0.021056492218,0.025518248705,0.037203272439,3
1.730000,-0.036964124113,-0.003072800924,0.014485102641,0.039819678244,3
1.740000,-0.023410242440,0.021994222043,-0.013069053247,0.034678313211,3
1.750000,0.004676245880,0.002687463956,-0.022755456456,0.023385904656,3
1.760000,0.021845415581,-0.014382041958,-0.012669074383,0.029061499592,3
1.770000,0.013912166447,-0.033923246319,0.008788474241,0.037703743787,3
1.780000,-0.023557833578,-0.015173027170,0.029416931880,0.040626938817,3
1.790000,-0.048857780643,0.029861329676,0.014199799364,0.058995050990,3
1.800000,-0.013573165749,0.039428748431,-0.006429365737,0.042192342612,3
1.810000,0.014616882517,-0.003589236887,-0.029596746847,0.033203965123,3
1.820000,0.028777966229,-0.034457150249,-0.019279799205,0.048858747435,3
1.830000,0.022244870009,-0.031782297827,0.015403311764,0.041739797678,3
1.840000,-0.027000908294,-0.001561413178,0.036846421377,0.045707174799,3
1.850000,-0.037559530855,0.020066675172,0.021405588888,0.047661190146,3
1.860000,-0.011923875795,0.035855871973,-0.023774948802,0.044643818827,3
1.870000,0.030762299387,0.008660571553,-0.040837307624,0.051855667551,3
1.880000,0.052666991758,-0.026740822281,-0.021688326053,0.062922707222,3
1.890000,0.018551663786,-0.041176486866,0.031788225662,0.055228240879,3
1.900000,-0.014464061614,0.000722659414,0.036641535992,0.039399663385,3
1.910000,-0.027507219372,0.038831050397,-0.002013305187,0.047629308103,3
1.920000,-0.004945369651,0.041237490389,-0.031128828485,0.051903672871,3
1.930000,0.058023916731,0.005651000588,-0.038948896698,0.070112233415,3
1.940000,0.053775967969,-0.037788543796,-0.002471904244,0.065771871524,3
1.950000,-0.010383103183,-0.039400408089,0.036053671863,0.054406509207,3
1.960000,-0.044408791637,-0.004881408036,0.058077898236,0.073273536714,3
1.970000,-0.055283858476,0.031512553398,-0.003996582845,0.063759851820,3
1.980000,-0.007865459374,0.038272933448,-0.049790943072,0.063291554712,3
1.990000,0.042261551716,-0.000285052953,-0.057675858879,0.071502620274,3
2.000000,0.036117295222,-0.042979963921,-0.006131289851,0.056474144774,3
2.010000,-0.022916419153,-0.049522105912,0.021896497263,0.058796750192,3
2.020000,-0.067976191917,0.014108534958,0.043830958781,0.082103388321,3
2.030000,-0.053871035776,0.058506959429,-0.014612194703,0.080862037021,3
2.040000,0.009814918885,0.023694694441,-0.057668649435,0.063114533231,3
2.050000,0.032650569250,-0.028571590769,-0.047468604171,0.064309127294,3
2.060000,0.044666323237,-0.056989061049,-0.002979245946,0.072468678870,3
2.070000,-0.021571204733,-0.041779426095,0.068685588914,0.083237896675,3
2.080000,-0.067320538547,0.027758188271,0.047663345528,0.087030836106,3
2.090000,-0.016952220781,0.073302912611,-0.015916753676,0.076902781706,3
2.100000,0.028306829610,0.041367332878,-0.047036296934,0.068738243077,3
2.110000,0.064794318147,-0.029499266371,-0.025129967216,0.075498514110,3
2.120000,0.049647963800,-0.062718559809,0.015792728776,0.081534951623,3
2.130000,-0.014453470689,-0.017639941545,0.064788281492,0.068684727352,3
2.140000,-0.064376505488,0.018803773220,0.030122785664,0.073520735594,3
2.150000,-0.024901719482,0.070169473421,-0.036562069406,0.082949596459,3
2.160000,0.039220599124,0.033104070184,-0.044489235799,0.067922212570,3
2.170000,0.065743098355,-0.026552118085,-0.028442635891,0.076394721627,3
2.180000,0.040887356439,-0.074445914427,0.061159184694,0.104663345847,3
2.190000,-0.038901199874,-0.018726257824,0.051884024429,0.067497615326,3
2.200000,-0.044820201479,0.063485689104,0.026183086046,0.082005104576,3
2.210000,0.004215962485,0.074636619826,-0.034792231832,0.082455434961,3
2.220000,0.060783369438,0.027956454844,-0.039179122862,0.077531832404,3
2.230000,0.078755208329,-0.041861162032,-0.002673292212,0.089229402200,3
2.240000,-0.002187782845,-0.060390301039,0.068037341663,0.090999201721,3
2.250000,-0.043716798393,-0.006191531301,0.076255419217,0.088115733451,3
2.260000,-0.071997598808,0.068517548289,-0.003323868532,0.099445245033,3
2.270000,0.004116323943,0.032725515066,-0.076757073825,0.083543712159,3
2.280000,0.049505413536,-0.012685334092,-0.064357828476,0.082180494989,3
2.290000,0.044860363606,-0.072015690086,-0.020202195728,0.087217203312,3
2.300000,-0.022255620182,-0.074848501375,0.064164692240,0.101067890638,3
2.310000,-0.072036945427,0.002125644243,0.059869352004,0.093691937643,3
2.320000,-0.079120744170,0.054201620595,-0.024840333894,0.099070429600,3
2.330000,-0.024438777284,0.045188244015,-0.046249852184,0.069125104407,3
2.340000,0.062521521657,-0.005447601694,-0.076418516504,0.098885826584,3
2.350000,0.045180007763,-0.085885386788,0.021486000928,0.099394069245,3
2.360000,-0.029410631010,-0.039598048561,0.060019680760,0.077687532750,3
2.370000,-0.055362971617,0.006858140090,0.049963156001,0.074889316123,3
2.380000,-0.075499721747,0.069513127062,-0.034521987460,0.108277654371,3
2.390000,0.018874246454,0.057241554646,-0.066791775955,0.089966516509,3
2.400000,0.059660744976,-0.029440875210,-0.052925124766,0.085013166366,3
2.410000,0.036559456188,-0.076423653234,0.042457226591,0.094761725924,3
2.420000,-0.019374989526,-0.046281788503,0.067971822009,0.084484097636,3
2.430000,-0.066218118476,0.055011114357,0.039537464991,0.094732639862,3
2.440000,-0.026707581421,0.070036552302,-0.034097347092,0.082347086423,3
2.450000,0.044608173302,0.004741971447,-0.056484246552,0.072130752992,3
2.460000,0.074093030430,-0.049727437497,-0.018029967511,0.091036668035,3
2.470000,0.034291303548,-0.082522118218,0.019727068505,0.091514756876,3
2.480000,-0.024773013447,-0.005639658823,0.067197772178,0.071840438003,3
2.490000,-0.024771553717,0.014376118278,0.047610152686,0.055561041108,3
2.500000,-0.003903401322,0.057842974743,-0.056381021905,0.080869437367,3
2.510000,0.078969632528,0.003400327503,-0.069438548969,0.105211582878,3
2.520000,0.088597461277,-0.039942962109,-0.025318851316,0.100429052563,3
2.530000,0.028766437221,-0.070190371702,0.054710574256,0.093527766602,3
2.540000,-0.035735833638,-0.002036672188,0.041398645836,0.054727010849,3
2.550000,-0.055874472024,0.050969118467,0.039508564457,0.085327219143,3
2.560000,-0.015373541844,0.050472622224,-0.036912271862,0.064392136143,3
2.570000,0.048360073433,0.018128835266,-0.061402073309,0.080234443833,3
2.580000,0.038894814528,-0.063499296355,-0.001865437264,0.074487898956,3
2.590000,-0.013305204511,-0.041390322629,0.063412673219,0.076885332796,3
2.600000,-0.044920902650,-0.001338290370,0.051635213482,0.068453442479,3
2.610000,-0.055072687769,0.044615777632,-0.000161231545,0.070877320402,3
2.620000,-0.012504854517,0.056156139294,-0.061481503857,0.084201298585,3
2.630000,0.056056695383,-0.010185272635,-0.059511812562,0.082387794668,3
2.640000,0.046551410471,-0.038619688515,0.020096101417,0.063736704104,3
2.650000,-0.013023598773,-0.047238886095,0.060109113262,0.077551479558,3
2.660000,-0.074973469978,0.019018833671,0.036083613392,0.085350831221,3
2.670000,-0.040621528208,0.044624414447,-0.014857750428,0.062146598189,3
2.680000,-0.002668987904,0.059973635828,-0.044882000449,0.074955683275,3
2.690000,0.054949388564,-0.010098677408,-0.032945166780,0.064859868972,3
2.700000,0.024593657379,-0.048005705011,0.010857935349,0.055020818396,3
2.710000,0.001431579852,-0.022603852428,0.068412835536,0.072064551838,3
2.720000,-0.044059990727,0.025132665788,0.040189545753,0.064715788339,3
2.730000,0.002752097486,0.046416608536,-0.021633150125,0.051284196132,3
2.740000,0.028016778900,0.024729824782,-0.035205097449,0.051341046154,3
2.750000,0.066610968315,-0.028148409052,-0.022853523133,0.075839551367,3
2.760000,0.036320133990,-0.047250867156,0.022031765488,0.063538927206,3
2.770000,-0.014482976198,-0.010374380355,0.043384952469,0.046900303496,3
2.780000,-0.031407638559,0.021298588124,0.019470825630,0.042651877645,3
2.790000,-0.009642319849,0.037911028804,-0.024078610927,0.045934735672,3
2.800000,0.035981310167,0.031709713605,-0.028865543058,0.055976603990,3
2.810000,0.056239173205,-0.025121291416,-0.015250270537,0.063454665996,3
2.820000,0.016819350115,-0.048252451826,0.025773400333,0.057231615478,3
2.830000,-0.013376817963,-0.003024483737,0.038822002117,0.041173226848,3
2.840000,-0.036656334662,0.028235153733,0.003690482310,0.046416919726,3
2.850000,-0.007069085475,0.032745832660,-0.016215013403,0.037218116364,3
2.860000,0.008630372269,0.018322726679,-0.042611620964,0.047180036876,3
2.870000,0.037603100078,-0.035347513545,-0.012210568534,0.053033365282,3
2.880000,-0.001890687042,-0.044075644583,0.031109308969,0.053981721419,3
2.890000,-0.035860082534,-0.008753671255,0.036614011736,0.051991904516,3
2.900000,-0.044507384167,0.025204517504,-0.000471133772,0.051150727415,3
2.910000,-0.005012582963,0.022448911777,-0.036417476971,0.043073335799,3
2.920000,0.024536309274,0.000163899602,-0.025576940286,0.035443436773,3
2.930000,0.015913099891,-0.022452609881,-0.003509719718,0.027742829184,3
2.940000,-0.005813366365,-0.031184916940,0.023202219295,0.039301873407,3
2.950000,-0.033457290502,0.000613912559,0.028698247392,0.044083518233,3
2.960000,-0.024423791676,0.018707132833,-0.006623144774,0.031469738883,3
2.970000,-0.006224852505,0.031039098164,-0.049243601342,0.058541495340,3
2.980000,0.024246390968,-0.006107136447,-0.024761710421,0.035189869189,3
2.990000,0.028620523625,-0.025176825369,0.012302884558,0.040054561247,3
3.000000,-0.006989022541,-0.019253364420,0.024013366952,0.031562323583,3
3.010000,-0.027447498338,0.006194818345,0.023446453188,0.036626180615,3
3.020000,-0.012370033175,0.030732598539,-0.003401475074,0.033302858231,3
3.030000,0.018817158002,0.012034009052,-0.025442910982,0.033856233228,3
3.040000,0.036455308168,-0.016970605087,-0.010986761303,0.041685727229,3
3.050000,0.023941203979,-0.024109093802,0.015457027881,0.037327595192,3
3.060000,-0.011627817295,-0.019550329077,0.026702511180,0.035077708098,3
3.070000,-0.020248114816,0.013769720178,0.019960576777,0.031591390800,3
3.080000,-0.001009951059,0.027766133073,-0.007726696307,0.028838862370,3
3.090000,0.015017232413,0.015437552595,-0.017905553458,0.028007930022,3
3.100000,0.027469849919,-0.010419338896,-0.015206483462,0.033081602392,3
3.110000,0.016054880406,-0.033980089678,0.016448107267,0.041023723771,3
3.120000,-0.006799297702,-0.003237815485,0.017287841294,0.018856917960,3
3.130000,-0.026723556108,0.009946882166,0.010467813702,0.030375385423,3
3.140000,-0.014907062272,0.027303168216,-0.011926383767,0.033315493843,3
3.150000,0.007900079299,0.006487655193,-0.031564529179,0.033178613973,3
3.160000,0.026775306957,-0.011838374851,0.002771193755,0.029406524728,3
3.170000,0.005654363406,-0.030789179520,0.016476033909,0.035375204514,3
3.180000,-0.022171243647,-0.004908891689,0.026187607836,0.034661968591,3
3.190000,-0.028599793193,0.020157595247,0.009969960830,0.036382371223,3
3.200000,-0.002724220556,0.025398290271,-0.029345605427,0.038905771863,3
3.210000,0.017890519772,-0.001061465888,-0.016837714441,0.024590771341,3
3.220000,0.015369556462,-0.030178787860,-0.002995628255,0.033999357217,3
3.230000,-0.008685403399,-0.018382408359,0.022430227224,0.030273160764,3
3.240000,-0.018871030052,-0.002367077887,0.017620714214,0.025926982130,3
3.250000,-0.039059694012,0.015688152631,0.009390776648,0.043127305913,3
3.260000,-0.011113649349,0.025898721175,-0.025922061154,0.038291124491,3
3.270000,0.023387043268,-0.014506756959,-0.039893489508,0.048465351494,3
3.280000,0.021842599915,-0.013898022265,0.003754706157,0.026160122558,3
3.290000,-0.008831379026,-0.021322239847,0.019957744650,0.030511354266,3
3.300000,-0.037445193404,0.008976662856,0.026463706171,0.046723128420,3
3.310000,-0.028631231029,0.031707139880,-0.000729565884,0.042727302465,3
3.320000,0.012492387077,0.024300950870,-0.027306187160,0.038629312773,3
3.330000,0.023306808151,-0.013737224650,-0.016072725856,0.031468256445,3
3.340000,0.022237847137,-0.035547076317,0.013367723339,0.044009232068,3
3.350000,0.006866983407,-0.022669469057,0.035098486881,0.042343406450,3
3.360000,-0.028727151433,0.003082267483,0.032964647941,0.043833977873,3
3.370000,-0.016985436572,0.033913731715,-0.008286618975,0.038824145946,3
3.380000,0.012444289048,0.018389194557,-0.037608623092,0.043674149531,3
3.390000,0.052395855449,-0.019415127929,-0.018919269346,0.058993318379,3
3.400000,0.039822018260,-0.040909323816,0.016591075928,0.059452751945,3
3.410000,-0.003441485422,-0.012397174213,0.047989781766,0.049684533854,3
3.420000,-0.043789501576,0.020626123131,0.025113637051,0.054531203633,3
3.430000,-0.021635003145,0.037278898878,-0.018562765717,0.046929371759,3
3.440000,0.027260849095,0.016692853944,-0.046798746440,0.056673873474,3
3.450000,0.047950753359,-0.035490494021,-0.004659019899,0.059837750459,3
3.460000,0.022187526978,-0.055616514053,0.026518719262,0.065488361257,3
3.470000,-0.038248019196,-0.007272286651,0.024779042495,0.046149735346,3
3.480000,-0.057105146310,0.043271651608,0.007650485685,0.072055280856,3
3.490000,-0.011259416778,0.059711500467,-0.027439842297,0.066672203350,3
3.500000,0.008556001607,-0.006462443040,-0.060010268909,0.060960648849,3
3.510000,0.035119440825,-0.059632158504,-0.029611860394,0.075274376302,3
3.520000,0.015343455930,-0.037309808830,0.039347917398,0.056353367942,3
3.530000,-0.049988897218,-0.020341254385,0.044710401920,0.070083354050,3
3.540000,-0.070933658566,0.024033365201,0.016683651226,0.076730246831,3
3.550000,-0.010166048239,0.039048718919,-0.038663336391,0.055883848891,3
3.560000,0.025532572958,-0.000810789625,-0.045934967669,0.052560354988,3
3.570000,0.033020407003,-0.049754176953,0.005844804925,0.059999892896,3
3.580000,-0.013092417730,-0.051061772196,0.047010624008,0.070630834283,3
3.590000,-0.056769573611,0.000395070693,0.049291320832,0.075183607775,3
3.600000,-0.049292615652,0.061303987714,-0.011440903800,0.079491101057,3
3.610000,0.001053383452,0.048001882577,-0.041717359500,0.063605254746,3
3.620000,0.061164298434,-0.001741973021,-0.036458263817,0.071227177913,3
3.630000,0.069007907503,-0.049811445811,0.011441336750,0.085873020317,3
3.640000,0.010165818339,-0.041572734709,0.080264340071,0.090961532642,3
3.650000,-0.025723724573,0.016936547298,0.036620495499,0.047849945986,3
3.660000,-0.054777241216,0.046727308104,0.001883246888,0.072024538157,3
3.670000,0.031378207775,0.052747179863,-0.043902749106,0.075460640639,3
3.680000,0.063461350288,-0.029257577408,-0.036468352965,0.078824422510,3
3.690000,0.048677376998,-0.061584677733,0.027502141565,0.083177685430,3
3.700000,-0.007915940186,-0.037660346937,0.091210434773,0.098996501211,3
3.710000,-0.058498844091,0.028311895727,0.061364414252,0.089382713856,3
3.720000,-0.011937612708,0.087614731466,-0.024115429604,0.091653705391,3
3.730000,0.013586798216,0.038722098358,-0.075678416811,0.086088470529,3
3.740000,0.078808525792,-0.041994499264,-0.018087036505,0.091112362473,3
3.750000,0.029741239366,-0.069684439562,0.024776158587,0.079713991686,3
3.760000,-0.050877209352,-0.042882624628,0.079677720669,0.103807269001,3
3.770000,-0.098267383270,0.024473763003,0.031955014208,0.106191179592,3
3.780000,-0.037978779713,0.080109411707,-0.039597608949,0.097097251181,3
3.790000,0.027149290809,0.029932592668,-0.056577583886,0.069527455682,3
3.800000,0.048006043094,-0.075654240121,-0.006801169239,0.089857665921,3
3.810000,0.019092101088,-0.078004186093,0.026972766429,0.084715355755,3
3.820000,-0.078246766365,-0.017840779823,0.056598483018,0.098205082105,3
3.830000,-0.093107892032,0.037756081128,0.016475860096,0.101813826108,3
3.840000,-0.016217500449,0.078344694548,-0.046571952921,0.092573458850,3
3.850000,0.050792162364,0.008264030123,-0.070836515928,0.087555410685,3
3.860000,0.068865637015,-0.047770745798,-0.016610240842,0.085442496548,3
3.870000,0.002921386030,-0.081990952177,0.056136445143,0.099410015635,3
3.880000,-0.043103208143,-0.009491073112,0.054527512182,0.070151383492,3
3.890000,-0.052346299186,0.074795189309,0.026301386925,0.095006412080,3
3.900000,-0.009679980033,0.071500309600,-0.054760156733,0.090579639278,3
3.910000,0.061240707825,0.005752899874,-0.067966346564,0.091667575604,3
3.920000,0.071549173142,-0.058155991398,0.006954334301,0.092464946214,3
3.930000,0.004897467624,-0.057588911014,0.050913958537,0.077024015961,3
3.940000,-0.048721552700,0.030880173767,0.062266517426,0.084879290889,3
3.950000,-0.047803193437,0.080222258748,-0.007089534836,0.093653711115,3
3.960000,0.025856440932,0.062351448244,-0.060683045645,0.090767233430,3
3.970000,0.083028164913,-0.006110912850,-0.068706519198,0.107942601437,3
3.980000,0.065105679849,-0.048668964107,0.011345779812,0.082074017420,3
3.990000,-0.000111648408,-0.064219363070,0.047140607932,0.079664144850,3
4.000000,-0.035883869684,0.039460572836,0.068132032436,0.086526081363,3
4.010000,-0.026809028677,0.056821735990,-0.012482031899,0.064056497093,3
4.020000,0.002261379494,0.045076636159,-0.066604538616,0.080456084474,3
4.030000,0.075988266037,-0.013545120267,-0.030715535496,0.083073046045,3
4.040000,0.057048752996,-0.085011933069,0.026246824363,0.105690514104,3
4.050000,-0.021118237704,-0.019633149972,0.069797062384,0.075518676226,3
4.060000,-0.046887707079,0.024990676337,0.035080077074,0.063667910178,3
4.070000,-0.038812723744,0.048190660993,-0.036543983089,0.071862577405,3
4.080000,0.024850108714,0.030526511548,-0.080726948709,0.089812226663,3
4.090000,0.048520478095,-0.028260714498,-0.033762128047,0.065519356443,3
4.100000,0.010684056049,-0.064235749000,0.027455081112,0.070669385041,3
4.110000,-0.041124341029,-0.036300118883,0.061844189187,0.082665674812,3
4.120000,-0.059838427250,0.030517377435,0.018987264762,0.069803036642,3
4.130000,-0.051070251813,0.055595090186,-0.035592308760,0.083461351032,3
4.140000,0.028944393065,0.019285258494,-0.070271315769,0.078407632951,3
4.150000,0.034284488254,-0.058137387932,-0.004568409141,0.067648003462,3
4.160000,0.010242340332,-0.071022373479,0.030532283955,0.077982712402,3
4.170000,-0.023929319552,-0.018490918139,0.059835093141,0.067043006787,3
4.180000,-0.049547380111,0.048037572373,-0.006049040539,0.069275840860,3
4.190000,-0.014286100177,0.033511850710,-0.052284695876,0.063724612350,3
4.200000,0.027822159209,0.000637445373,-0.035714255802,0.045276781546,3
4.210000,0.031903390667,-0.051844527377,0.001975986465,0.060906369761,3
4.220000,0.011329517519,-0.041725185558,0.044042757622,0.061718016624,3
4.230000,-0.050046608162,-0.006886513985,0.042900504374,0.066276242643,3
4.240000,-0.034228409047,0.053695901581,-0.008549330518,0.064248929056,3
4.250000,-0.000604713088,0.048007112943,-0.049995553536,0.069315250447,3
4.260000,0.037795936897,-0.019143562238,-0.037643897718,0.056675143198,3
4.270000,0.049645728350,-0.019582839570,-0.000808449487,0.053374521446,3
4.280000,0.002237988883,-0.041397467142,0.045462330142,0.061527086247,3
4.290000,-0.043987811306,0.012910963485,0.035592256942,0.058038170852,3
4.300000,-0.029160534953,0.035150806108,-0.017080863170,0.048761376677,3
4.310000,0.013054510471,0.041439009151,-0.035116519569,0.055863956803,3
4.320000,0.030805487085,-0.010924790824,-0.033817152818,0.047031148336,3
4.330000,0.035304162285,-0.035827657689,0.011035843935,0.051495580214,3
4.340000,-0.006396325409,-0.034671969678,0.037933105055,0.051787825974,3
4.350000,-0.034178698124,0.008610510789,0.018709816934,0.039904655758,3
4.360000,-0.027745928425,0.044592848949,-0.016208538156,0.054964310518,3
4.370000,0.003892928407,0.018147261167,-0.042952833909,0.046791280387,3
4.380000,0.025488355956,-0.017341429038,-0.021755368621,0.037731651359,3
4.390000,0.011872133976,-0.036988496249,0.010115422109,0.040142473570,3
4.400000,-0.023556212535,-0.030619625374,0.038498513897,0.054539821959,3
4.410000,-0.035997071172,0.014124325978,0.013265821003,0.040881141425,3
4.420000,-0.023254909044,0.034508203814,-0.020152457102,0.046235575614,3
4.430000,0.006813242268,0.006613923538,-0.026933625649,0.028558439127,3
4.440000,0.037678665860,-0.012320808588,-0.007656940055,0.040374656856,3
4.450000,0.008249010797,-0.032272555845,0.009266299147,0.034574966953,3
4.460000,-0.021144218840,-0.013163389767,0.030797871715,0.039608859144,3
4.470000,-0.041313105198,0.018892509235,0.017507644644,0.048684876372,3
4.480000,-0.014137193874,0.025659080791,-0.009737915728,0.030871923821,3
4.490000,0.018732613704,-0.001552312571,-0.026037283063,0.032113246485,3
4.500000,0.029172254819,-0.018179299930,-0.013089327999,0.036780944858,3
4.510000,0.010237755712,-0.028948892755,0.024383255303,0.039209605621,3
4.520000,-0.007859680929,0.003173934605,0.025297077775,0.026679403838,3
4.530000,-0.014653394064,0.016672987210,0.008259669190,0.023684015606,3
4.540000,-0.001408952889,0.020359507446,-0.013972936372,0.024733330600,3
4.550000,0.019161138688,0.000174590998,-0.019423433286,0.027284601490,3
4.560000,0.018969019745,-0.015304755591,0.000108568984,0.024373572594,3
4.570000,0.003098365480,-0.018854896746,0.019865945188,0.027563794698,3
4.580000,-0.016134698538,-0.000060080150,0.023693252138,0.028665350223,3
4.590000,-0.014673194688,0.021111951666,-0.001521947690,0.025755261021,3
4.600000,0.004110542578,0.021910455859,-0.018110392201,0.028721959228,3
4.610000,0.031214786646,0.005001264756,-0.022989928197,0.039088519453,3
4.620000,0.023626465150,-0.024719045568,0.002016776326,0.034253590411,3
4.630000,-0.003765717131,-0.018545762832,0.022032710158,0.029044212185,3
4.640000,-0.022410040023,0.002404326923,0.014702695721,0.026910220053,3
4.650000,-0.014881677043,0.017762917229,-0.001444659006,0.023217936596,3
4.660000,0.006259369681,0.012183661042,-0.014982773556,0.020300364741,3
4.670000,0.016239564096,-0.006479330572,-0.019501954930,0.026192201373,3
4.680000,0.009308292841,-0.031312539318,0.007834562440,0.033593151129,3
4.690000,-0.002916651338,-0.009830011301,0.013650666331,0.017072687793,3
4.700000,-0.029170680051,0.012247428132,0.021021425635,0.037984581164,3
4.710000,-0.013205157623,0.021247334195,-0.009869420401,0.026892951814,3
4.720000,-0.002994585722,0.011793932665,-0.015190291855,0.019463025407,3
4.730000,0.016216757047,-0.013091304642,-0.006374415841,0.021794463602,3
4.740000,-0.000681634507,-0.023127451611,0.012834041358,0.026458576326,3
4.750000,-0.024423251501,-0.007061582599,0.028162984781,0.037940939293,3
4.760000,-0.020968369104,0.009584038300,0.008739043844,0.024655570979,3
4.770000,-0.011912085890,0.024616773031,-0.013851420226,0.030655262957,3
4.780000,0.021442398164,0.006366696115,-0.028648352755,0.036346105348,3
4.790000,0.024559893072,-0.015330542282,-0.006955844897,0.029775789706,3
4.800000,0.010902579023,-0.029400548443,0.015141013940,0.034821096784,3
4.810000,-0.015179411797,-0.005137679976,0.033393761108,0.037039891724,3
4.820000,-0.022147625788,0.026855142896,0.007214300088,0.035549432538,3
4.830000,-0.007652950557,0.025240704658,-0.023143343980,0.035089531124,3
4.840000,0.020925979888,0.000364173431,-0.017761670969,0.027450067617,3
4.850000,0.031646507291,-0.022068634186,0.001638412532,0.038616193937,3
4.860000,0.003149226465,-0.018908027522,0.023253992002,0.030136012944,3
4.870000,-0.008652498399,0.001306297542,0.024993201411,0.026480790369,3
4.880000,-0.014157277357,0.034674862003,0.006589337942,0.038028856565,3
4.890000,0.008028555226,0.031007659386,-0.020203771904,0.037869843395,3
4.900000,0.025078982166,0.004137428444,-0.024210602463,0.035103090067,3
4.910000,0.025806382869,-0.032504450423,0.011367572760,0.043031737178,3
4.920000,0.000783707191,-0.016268993529,0.026996190621,0.031529171500,3
4.930000,-0.016296021161,0.000054231897,0.017739219818,0.024088237099,3
4.940000,-0.032682084129,0.024913701859,-0.004718727411,0.041365173174,3
4.950000,0.005406961224,0.021042527698,-0.037521857512,0.043357963430,3
4.960000,0.027561495693,-0.008668695058,-0.035609517359,0.045856515845,3
4.970000,0.040367161917,-0.045918122465,0.012838183197,0.062472399343,3
4.980000,-0.026570175338,-0.036823047713,0.040842631440,0.061073984668,3
4.990000,-0.062153984904,0.001960039039,0.010260136725,0.063025629692,3
5.000000,-0.042363579155,0.050084875317,-0.013408652645,0.066954906766,3
5.010000,0.008347536303,0.015663132878,-0.039722391493,0.043507280767,3
5.020000,0.025756233362,-0.011620838414,-0.016331744773,0.032636686869,3
5.030000,0.023258938080,-0.049898627408,0.011486868134,0.056238770945,3
5.040000,-0.023981062871,-0.024976571263,0.041013181725,0.053674962168,3
5.050000,-0.044665814710,0.015084106567,0.016509780627,0.049951357649,3
5.060000,-0.038001603971,0.030892369235,-0.008714582426,0.049743384768,3
5.070000,0.022171350731,0.025699562577,-0.050022091908,0.060450359707,3
5.080000,0.054352585925,-0.015309981694,-0.011904358189,0.057708863099,3
5.090000,0.023584065890,-0.061189512933,0.036364310892,0.074984850226,3
5.100000,-0.010961710695,-0.013410627452,0.047611550436,0.050664225692,3
5.110000,-0.047740931058,0.034824320742,0.013457123737,0.060605478240,3
5.120000,-0.015828304894,0.035038325184,-0.022814274760,0.044706941299,3
5.130000,0.030658889677,0.010820919088,-0.044523316029,0.055130621948,3
5.140000,0.072092506471,-0.028829011324,-0.017027031703,0.079488119816,3
5.150000,0.035828339787,-0.059300230487,0.041543031897,0.080783728355,3
5.160000,-0.018457448541,0.001293701811,0.050036246730,0.053347699649,3
5.170000,-0.028896794290,0.037252986538,0.018451786847,0.050628827402,3
5.180000,0.019297090974,0.059955587655,-0.033816608594,0.071488553125,3
5.190000,0.036604906126,0.007967562028,-0.053966091099,0.065694293402,3
5.200000,0.067057434631,-0.032831149596,-0.010696587262,0.075425465873,3
5.210000,0.013247282984,-0.060794954419,0.043193120231,0.075744059995,3
5.220000,-0.034415101565,0.000790384759,0.054162935120,0.064176689418,3
5.230000,-0.046086574214,0.043033648033,0.010042627171,0.063849209442,3
5.240000,-0.017000956545,0.029961292437,-0.065713279911,0.074195328186,3
5.250000,0.043429020398,0.002682582605,-0.061191774200,0.075084680807,3
5.260000,0.032104351270,-0.058537473355,0.000778923326,0.066767745797,3
5.270000,-0.002449088703,-0.048184869037,0.067853545836,0.083257932488,3
5.280000,-0.078774864952,0.004203522066,0.029418710019,0.084193880094,3
5.290000,-0.034588976592,0.059172977523,0.010312081054,0.069312174878,3
5.300000,-0.014103043388,0.030287763605,-0.065185451542,0.073248805790,3
5.310000,0.044114427546,-0.010992478925,-0.030044754074,0.054494078191,3
5.320000,0.014493646053,-0.052671392559,0.015238914311,0.056714776553,3
5.330000,-0.047919844882,-0.029528143161,0.063569205649,0.084907400613,3
5.340000,-0.074889706643,0.021746841876,0.055556977860,0.095749522618,3
5.350000,-0.041856067870,0.073865702002,-0.006603998897,0.085156826804,3
5.360000,0.012991460408,0.035216221638,-0.057818038286,0.068933923878,3
5.370000,0.074872619108,-0.025312008776,-0.039936672247,0.088552496693,3
5.380000,0.031542496230,-0.092147990371,0.026471629416,0.100930314384,3
5.390000,-0.038515171411,-0.025681122623,0.080803182099,0.093124071674,3
5.400000,-0.041469471328,0.017266924813,0.028359241379,0.053123538251,3
5.410000,-0.016864794847,0.044066233161,-0.036294699100,0.059527803529,3
5.420000,0.049154598455,0.035225456405,-0.066440794566,0.089840895536,3
5.430000,0.091752061668,-0.035815406195,-0.018658303967,0.100246278974,3
5.440000,0.027283089630,-0.088487945696,0.049179376451,0.104847959357,3
5.450000,-0.008407509937,-0.008786302932,0.052172897341,0.053571415508,3
5.460000,-0.020181910472,0.063211433145,0.013212088720,0.067657623952,3
5.470000,0.011511456184,0.051976215313,-0.032152884882,0.062192029939,3
5.480000,0.066955278804,0.014143672877,-0.078489890626,0.104133163654,3
5.490000,0.078249234735,-0.010390808351,-0.007853264433,0.079325817972,3
5.500000,0.019894911629,-0.074899992534,0.047619035502,0.090958171334,3
5.510000,-0.046697125257,-0.002830776913,0.050467554329,0.068815760150,3
5.520000,-0.052296361651,0.036574624199,0.000538196194,0.063819293575,3
5.530000,-0.005260022870,0.057512152731,-0.054460190975,0.079380274335,3
5.540000,0.047840904408,0.014169703570,-0.052351256372,0.072320029574,3
5.550000,0.032244748846,-0.044435935687,-0.011420314507,0.056077622917,3
5.560000,-0.004116144216,-0.045035555734,0.062034377762,0.076768534881,3
5.570000,-0.051532110454,0.013235599772,0.037173036193,0.064904345995,3
5.580000,-0.080908939872,0.054403619471,0.001767603936,0.097514792654,3
5.590000,-0.020360502673,0.056247371639,-0.055456933113,0.081570756498,3
5.600000,0.043146326584,-0.010672935518,-0.056074312312,0.071553096030,3
5.610000,0.009665598672,-0.061794383938,0.024950722836,0.067338757443,3
5.620000,-0.002306435879,-0.046180722259,0.061186807475,0.076692921210,3
5.630000,-0.041272601262,0.021713536656,0.041276371890,0.062278761753,3
5.640000,-0.036208362918,0.058032263346,-0.000149490128,0.068401838291,3
5.650000,-0.002133505078,0.026227695412,-0.049831534054,0.056352689702,3
5.660000,0.065928661443,-0.021127858987,-0.061116596468,0.092348325317,3
5.670000,0.021108519575,-0.052754067385,0.022654523824,0.061170161631,3
5.680000,0.002579243676,-0.040493739462,0.051354931832,0.065450167739,3
5.690000,-0.037049821935,0.012433861664,0.034733347446,0.052284755389,3
5.700000,-0.020301805021,0.042615491582,-0.019373906666,0.051025402197,3
5.710000,0.027233573061,0.020712752237,-0.045032229883,0.056556054806,3
5.720000,0.059501539916,-0.032078457717,-0.025483397242,0.072241707045,3
5.730000,0.052367513783,-0.039164631458,0.034622039064,0.073992637782,3
5.740000,-0.002761223634,-0.017865262608,0.046180527793,0.049592671951,3
5.750000,-0.033051976768,0.020283994325,0.026883477656,0.047186809226,3
5.760000,-0.014143368322,0.040190499993,-0.020011040300,0.047071784447,3
5.770000,0.037617814071,0.017366543184,-0.029660541844,0.050955318664,3
5.780000,0.056842042920,-0.026826699879,-0.009041763171,0.063501520855,3
5.790000,0.020320074453,-0.028637194305,0.034030431582,0.048898513241,3
5.800000,-0.024713530697,-0.013585003204,0.033810649238,0.044028069609,3
5.810000,-0.036852598598,0.038704299860,0.007499200643,0.053966423463,3
5.820000,-0.019949463596,0.027087306530,-0.019543662828,0.038905758308,3
5.830000,0.019794032949,-0.001184085370,-0.036539290594,0.041573135023,3
5.840000,0.026576106369,-0.029042452132,-0.003951049234,0.039564684324,3
5.850000,-0.005708700407,-0.033653225171,0.020393199303,0.039761934090,3
5.860000,-0.035457460995,0.009441276763,0.017096472841,0.040480348699,3
5.870000,-0.036395299680,0.025922284356,-0.007858188730,0.045368863718,3
5.880000,-0.001190283089,0.030893109697,-0.031198458062,0.043922030760,3
5.890000,0.025598776497,-0.003621536909,-0.027432750493,0.037695738318,3
5.900000,0.020032906434,-0.038086819863,-0.003193391278,0.043152299305,3
5.910000,-0.012986877849,-0.020772349237,0.022462452561,0.033237196996,3
5.920000,-0.024568574359,0.003021062746,0.020770879298,0.032313636332,3
5.930000,-0.035101285057,0.017300781017,-0.006976352243,0.039750304741,3
5.940000,-0.010139586093,0.028286950202,-0.019559098175,0.035854164044,3
5.950000,0.012545623590,-0.012247927771,-0.017852804478,0.025022530521,3
5.960000,0.014502543529,-0.030966349510,-0.002636006887,0.034295584309,3
5.970000,-0.006805648610,-0.009646231239,0.020166939451,0.023368185144,3
5.980000,-0.028310357799,0.009790457221,0.022626166271,0.037540282517,3
5.990000,-0.017588042106,0.035094688872,-0.011253578579,0.040836496458,3
6.000000,0.015466540073,0.017102345659,-0.030848718677,0.038514251036,3
6.010000,0.036735670451,-0.007388014604,-0.019762538270,0.042363311510,3
6.020000,0.024833119391,-0.020095251510,0.004112687630,0.032208960733,3
6.030000,-0.007387733061,-0.014326920703,0.020912081506,0.026403681742,3
6.040000,-0.017127188777,0.009960964443,0.010550905253,0.022447338588,3
6.050000,-0.005433651764,0.022193236981,-0.010580472790,0.025179569965,3
6.060000,0.020509441050,0.014940982653,-0.025874812188,0.036240530357,3
6.070000,0.021585603243,-0.010646654517,-0.009767784278,0.025974971212,3
6.080000,0.012762375087,-0.018327320793,0.008080219108,0.023749923076,3
6.090000,-0.009453791407,0.000456642244,0.015541577677,0.018196794520,3
6.100000,-0.014867006428,0.015198903966,0.002296508059,0.021384772880,3
6.110000,-0.009792232948,0.014030326646,-0.018128397042,0.024927428090,3
6.120000,0.008319317893,0.008193774909,-0.016388061744,0.020122563583,3
6.130000,0.017896108298,-0.018189662155,-0.005941311759,0.026199879522,3
6.140000,0.005358538109,-0.018826384417,0.013689125643,0.023885954906,3
6.150000,-0.012683531624,-0.002789795941,0.019808320253,0.023685955482,3
6.160000,-0.024023578027,0.015354000760,0.004314072457,0.028835548577,3
6.170000,-0.003716311981,0.014289026179,-0.010999192254,0.018411123652,3
6.180000,0.007598419697,0.001225263349,-0.012618037502,0.014780125932,3
6.190000,0.014834467979,-0.013997099692,-0.000873832587,0.020414304382,3
6.200000,-0.001228435848,-0.010640416507,0.013156524833,0.016965307654,3
6.210000,-0.024091219284,0.000629141138,0.019448635436,0.030968243177,3
6.220000,-0.014771065706,0.015362827617,0.001296901963,0.021351412346,3
6.230000,-0.003786157139,0.014626299266,-0.015049888162,0.021325167052,3
6.240000,0.018945241175,-0.010491969275,-0.017074097771,0.027577679328,3
6.250000,0.012439048094,-0.013212208562,0.002281615465,0.018289290355,3
6.260000,0.001050209929,-0.012535788327,0.012797766593,0.017945243371,3
6.270000,-0.014577627292,0.004963007995,0.009110130467,0.017892264891,3
6.280000,-0.013256054220,0.021614578278,0.000695774064,0.025365272898,3
6.290000,0.009539979285,0.014261203053,-0.021460349029,0.027476165994,3
6.300000,0.022638169773,-0.004752095822,-0.007126195481,0.024204375790,3
6.310000,0.020212302119,-0.025371111384,-0.001279287124,0.032463318150,3
6.320000,0.000121582788,-0.007402051633,0.019853521669,0.021188852574,3
6.330000,-0.017537900088,0.008289968035,0.018271204740,0.026648422695,3
6.340000,-0.007078885559,0.023476587872,-0.007043414687,0.025512163556,3
6.350000,0.014146861372,0.010931649166,-0.021393075638,0.027880070398,3
6.360000,0.021980041690,-0.011082145242,-0.008012836528,0.025887095725,3
6.370000,0.020907702208,-0.021526026670,0.016094796647,0.034052082387,3
6.380000,-0.012939366253,-0.012084251380,0.018128068552,0.025339360684,3
6.390000,-0.024248134220,0.013857599092,0.010705079634,0.029909928046,3
6.400000,-0.010342581135,0.022064753269,-0.009344129103,0.026098564521,3
6.410000,0.017014153259,0.007988941640,-0.023235241124,0.029886134406,3
6.420000,0.026396301045,-0.016487150596,-0.004965181682,0.031515771810,3
6.430000,0.004582296645,-0.027774018357,0.012633605132,0.030854521822,3
6.440000,-0.017028851686,-0.014767458939,0.020730479627,0.030623723138,3
6.450000,-0.025502212171,0.020266740240,0.002250805463,0.032652254299,3
6.460000,-0.017580904148,0.022917171073,-0.018956956566,0.034549256474,3
6.470000,0.014101774479,0.010695425736,-0.029958232537,0.034795802503,3
6.480000,0.033101798229,-0.032156410337,-0.002423711009,0.046212965137,3
6.490000,-0.011174137594,-0.023763480945,0.027672173294,0.038148572089,3
6.500000,-0.039522632513,-0.015444592051,0.036872792594,0.056215449283,3
6.510000,-0.050992476681,0.023160257551,0.006362318066,0.056365852243,3
6.520000,-0.012783126432,0.031857368372,-0.032262533336,0.047108081029,3
6.530000,0.027199864327,-0.006108160121,-0.029857595883,0.040848724232,3
6.540000,0.029948807892,-0.030318359477,0.005360675165,0.042951959836,3
6.550000,-0.000952895706,-0.029687939484,0.029471630359,0.041843264177,3
6.560000,-0.040056337362,0.004486864220,0.045283495848,0.060623733880,3
6.570000,-0.041195505095,0.037253563027,-0.012710179215,0.056977594315,3
6.580000,0.008254367025,0.037862593865,-0.041944406826,0.057105550108,3
6.590000,0.043550402737,-0.006249393842,-0.023259556486,0.049766449239,3
6.600000,0.042182130463,-0.045493244724,0.008462768094,0.062614582086,3
6.610000,0.003369224988,-0.025178589765,0.058163480747,0.063468918001,3
6.620000,-0.042340848200,0.011869525585,0.045105801438,0.062993383679,3
6.630000,-0.031961607758,0.049468460528,-0.025766108092,0.064285031568,3
6.640000,0.033889838557,0.044817147680,-0.032993651086,0.065158874266,3
6.650000,0.051225162449,-0.026748718031,-0.031352502972,0.065745651010,3
6.660000,0.053379188840,-0.045405630842,0.009393029713,0.070705290613,3
6.670000,0.004611143136,-0.029849408198,0.043988346317,0.053359389263,3
6.680000,-0.028810088099,0.014885715900,0.023478539544,0.040035578343,3
6.690000,-0.033609964719,0.047195040082,-0.032689860790,0.066525397671,3
6.700000,0.039292486668,0.014685978775,-0.051314728088,0.066278041612,3
6.710000,0.054265699032,-0.041326869121,-0.026230095959,0.073080052933,3
6.720000,0.008476753754,-0.037696611057,0.026167200135,0.046664892610,3
6.730000,-0.034676350945,-0.024598927152,0.043220902569,0.060626751115,3
6.740000,-0.076526544889,0.021781048332,0.017005264580,0.081362799623,3
6.750000,-0.019020381755,0.045189339956,-0.033176539036,0.059199105653,3
6.760000,0.022527748217,0.015559908815,-0.052173611777,0.058921099514,3
6.770000,0.054884748970,-0.029269482355,-0.022298016003,0.066077528590,3
6.780000,0.014250965937,-0.058715272717,0.033795325285,0.069229309482,3
6.790000,-0.033215781030,-0.007231375950,0.039946153424,0.052452607952,3
6.800000,-0.074583643844,0.036375567695,0.010301589132,0.083618326895,3
6.810000,-0.028929064416,0.058102293982,-0.040687869465,0.076604634688,3
6.820000,0.024865362673,0.011971890716,-0.074702905450,0.079637532049,3
6.830000,0.043413909522,-0.062095685001,0.009048086297,0.076305370069,3
6.840000,0.001289224178,-0.055646785603,0.049926479231,0.074772188515,3
6.850000,-0.074586398338,0.015071188678,0.045094994730,0.088452417123,3
6.860000,-0.046676513785,0.061114608151,0.013734683909,0.078117436022,3
6.870000,-0.005325925616,0.057509594911,-0.039452645238,0.069944479459,3
6.880000,0.051331034915,0.001386472119,-0.032814198027,0.060939060072,3
6.890000,0.041087838697,-0.055217212517,-0.006790953198,0.069161174746,3
6.900000,0.015859871200,-0.045884577748,0.059566406518,0.076844562430,3
6.910000,-0.027567590411,0.009550128673,0.051465616396,0.059159840008,3
6.920000,-0.046436752099,0.051961303039,-0.003295872133,0.069765404981,3
6.930000,0.006095756172,0.045271010454,-0.053655347274,0.070466438266,3
6.940000,0.057849424871,-0.022148558891,-0.049173504272,0.079089494507,3
6.950000,0.059816094199,-0.049559055058,0.028067087132,0.082594348739,3
6.960000,0.001493827000,-0.020928001559,0.047874593313,0.052270349657,3
6.970000,-0.034523874668,0.028467120442,0.035803614210,0.057307710291,3
6.980000,-0.011892486512,0.068873917520,-0.008343125933,0.070389313822,3
6.990000,0.017392339318,0.038799970781,-0.070495701897,0.082326029818,3
7.000000,0.036290374965,-0.041423918408,-0.034334239117,0.064898168750,3
7.010000,0.034772559074,-0.055036402417,0.006856725873,0.065461065873,3
7.020000,-0.018998911187,-0.036449680410,0.074910024874,0.085446179873,3
7.030000,-0.069521240358,0.045508556058,0.040375983494,0.092382095551,3
7.040000,-0.060448214393,0.051589239766,-0.038850757889,0.088457999477,3
7.050000,0.024426108567,0.024476052567,-0.083724818150,0.090584530154,3
7.060000,0.069968079007,-0.022649581676,-0.014718695922,0.075001170922,3
7.070000,0.022907112895,-0.046145038579,0.038288996327,0.064188376257,3
7.080000,-0.043640950662,-0.040038059248,0.053065609471,0.079520674491,3
7.090000,-0.050694666876,0.041300796580,0.020007001514,0.068381175461,3
7.100000,-0.051013193083,0.061868654131,-0.035440737910,0.087670531743,3
7.110000,0.026045290891,0.006855144871,-0.061471286130,0.067112362552,3
7.120000,0.048587908488,-0.038314756142,-0.018616450574,0.064617161973,3
7.130000,0.013597934729,-0.061833500779,0.040607687522,0.075214825223,3
7.140000,-0.040524839416,-0.003704770491,0.033126649204,0.052472495858,3
7.150000,-0.067241288100,0.052979075781,0.015099363834,0.086926199067,3
7.160000,-0.010192371330,0.024363673170,-0.040913210009,0.048696650366,3
7.170000,0.025909771542,-0.003664673495,-0.025685313179,0.036667170688,3
7.180000,0.051570852830,-0.036965426638,-0.007730062913,0.063919867809,3
7.190000,0.006791361409,-0.048152007093,0.028267703033,0.056247679167,3
7.200000,-0.022565137075,0.012139882844,0.032211597374,0.041160043393,3
7.210000,-0.023962834623,0.057009531483,0.006125958215,0.062143635934,3
7.220000,0.024160773237,0.043206415140,-0.045052753874,0.066934952785,3
7.230000,0.046961336026,-0.010830098307,-0.034829723460,0.059462322079,3
7.240000,0.055727734642,-0.045043464129,0.006495156939,0.071949156581,3
7.250000,-0.001637812662,-0.032203710032,0.053872125142,0.062785087699,3
7.260000,-0.050138245260,-0.002084767730,0.022328099583,0.054924802460,3
7.270000,-0.026902365978,0.049891094466,0.000275302237,0.056682752170,3
7.280000,0.012777331790,0.024217017031,-0.055991121030,0.062327600273,3
7.290000,0.054095049832,-0.024743991015,-0.031480770128,0.067302142577,3
7.300000,0.031539235658,-0.030278352225,0.019293800964,0.047788625791,3
7.310000,-0.013854957896,-0.029443322701,0.036016056073,0.048538906097,3
7.320000,-0.048317719797,0.015933490510,0.025322379825,0.056830459142,3
7.330000,-0.031472743519,0.039333457681,-0.012376963213,0.051873342828,3
7.340000,0.008797043791,0.020920941659,-0.042865629147,0.048502947761,3
7.350000,0.032177150162,-0.016469117272,-0.022651856256,0.042658028648,3
7.360000,0.003237840426,-0.043994383428,0.020241662950,0.048535701322,3
7.370000,-0.017494754749,-0.023756900851,0.028529015525,0.041040973534,3
7.380000,-0.039395551417,0.028973346766,0.014463650056,0.050996680943,3
7.390000,-0.019773141864,0.025427601282,-0.024878383978,0.040699803876,3
7.400000,0.004465478331,0.011598032498,-0.033980213238,0.036181621664,3
7.410000,0.030018200605,-0.018393021557,-0.014923951533,0.038237676956,3
7.420000,0.014809795752,-0.024576099335,0.015379267837,0.032555131514,3
7.430000,-0.029114490423,-0.011074997866,0.034763872749,0.046678003158,3
7.440000,-0.031196148107,0.022705527259,0.007140231678,0.039239311070,3
7.450000,-0.002868869619,0.028948233249,-0.018173188190,0.034300078573,3
7.460000,0.028589944705,0.004243035418,-0.037979918147,0.047726957480,3
7.470000,0.027553702005,-0.024116801643,0.008173171873,0.037518360228,3
7.480000,0.000474272633,-0.013833376494,0.015602986697,0.020857622914,3
7.490000,-0.016493488791,-0.004811907515,0.021424234386,0.027462473404,3
7.500000,-0.027108965808,0.032113706884,-0.002911641491,0.042126759348,3
7.510000,0.001739954205,0.016469378551,-0.014435241546,0.021969161773,3
7.520000,0.025034584631,0.003871845442,-0.026559346151,0.036703139958,3
7.530000,0.029895823370,-0.023395138973,0.003127018071,0.038090300925,3
7.540000,0.010734054806,-0.012455660399,0.021205243676,0.026833295883,3
7.550000,-0.010902111099,0.003728302346,0.016860667401,0.020421517329,3
7.560000,-0.016294108733,0.014721941085,-0.005478994459,0.022633004860,3
7.570000,0.005309511749,0.016434263385,-0.023649511129,0.029284386705,3
7.580000,0.015047269127,-0.001706303454,-0.015888686001,0.021949535815,3
7.590000,0.011843922913,-0.016598060362,0.007722013118,0.021803752070,3
7.600000,-0.003260593165,-0.006785185144,0.013154103179,0.015155877924,3
7.610000,-0.016174715624,0.008735868248,0.014386636333,0.023343352898,3
7.620000,-0.009311343931,0.011596586406,-0.003406232609,0.015257272452,3
7.630000,0.006490280757,0.007857861965,-0.018122283321,0.020791510088,3
7.640000,0.015091449404,-0.007753316546,-0.007848117914,0.018693814949,3
7.650000,0.005322052276,-0.010360341382,0.007377113081,0.013787048683,3
7.660000,-0.010253127057,-0.013349335438,0.016415528862,0.023511719608,3
7.670000,-0.018597787207,0.011055502779,0.004736012655,0.022147949037,3
7.680000,-0.007653667643,0.013028969142,-0.008596700465,0.017384933827,3
7.690000,0.007187076530,0.007755518375,-0.015671743771,0.018905176200,3
7.700000,0.011990738593,-0.009374132016,-0.008242328905,0.017308614873,3
7.710000,0.002086040559,-0.012675083993,0.007573374056,0.014911918523,3
7.720000,-0.009631818910,-0.002786726043,0.013139724285,0.016528464291,3
7.730000,-0.014772487402,0.007775155957,0.007723563333,0.018393826811,3
7.740000,-0.007943171027,0.011989642543,-0.007680829496,0.016304620082,3
7.750000,0.010597597730,0.006872549415,-0.014219364488,0.019019236040,3
7.760000,0.016501690744,-0.018128670118,-0.000854583872,0.024529263977,3
7.770000,0.004957134600,-0.013504033294,0.009128557121,0.017037096401,3
7.780000,-0.007087038158,-0.005088790935,0.018763117563,0.020692425757,3
7.790000,-0.010989149012,0.013855748516,0.001237788405,0.017727811007,3
7.800000,0.005714717636,0.021892865444,-0.015469503194,0.027409142345,3
7.810000,0.019297989628,0.004388151076,-0.009457018446,0.021934071018,3
7.820000,0.020846680126,-0.014372528979,-0.002012561094,0.025400867381,3
7.830000,0.006789909746,-0.013794895893,0.013585228539,0.020517321012,3
7.840000,-0.014936728486,-0.009464405060,0.022523311038,0.028635299215,3
7.850000,-0.010993986494,0.014626688200,0.001727349733,0.018379104544,3
7.860000,-0.002415353577,0.019748333674,-0.016426034646,0.025800101356,3
7.870000,0.014042725312,0.000985348056,-0.011565628626,0.018219023313,3
7.880000,0.014278619803,-0.013872498361,0.007302154058,0.021204873217,3
7.890000,0.003612967214,-0.010034134735,0.017926371791,0.020858863765,3
7.900000,-0.016677093290,0.002797473001,0.024157426977,0.029487837729,3
7.910000,-0.011808404903,0.017159522793,-0.009116402453,0.022737555773,3
7.920000,0.003630114090,0.020822104515,-0.032176318686,0.038497444706,3
7.930000,0.014018080896,-0.010779945647,-0.012457841168,0.021631265028,3
7.940000,0.007890733606,-0.023865519393,0.005476282223,0.025725791722,3
7.950000,-0.009864496658,-0.017144097122,0.022002203401,0.029585897231,3
7.960000,-0.032097851971,0.008901229688,0.007258225146,0.034090846621,3
7.970000,-0.021705616851,0.018795434555,-0.004308037598,0.029033796702,3
7.980000,0.004576343320,0.010408273231,-0.019168455734,0.022286874278,3
7.990000,0.018721685285,-0.013036522131,-0.012473842447,0.026000945263,3
8.000000,0.007938090162,-0.041103659028,0.006125741677,0.042308967986,3
8.010000,-0.008742530132,-0.012107648042,0.039768246680,0.042479882512,3
8.020000,-0.038763952646,0.016757027307,0.024453487222,0.048799744120,3
8.030000,-0.025444694670,0.033896437621,-0.018200049065,0.046126378095,3
8.040000,0.003516453848,0.013575848128,-0.038562869236,0.041033693275,3
8.050000,0.044001254042,-0.014956543929,-0.008766432018,0.047293328217,3
8.060000,0.016909261882,-0.025883473850,0.023559990919,0.038870947094,3
8.070000,-0.005596861948,-0.008749801810,0.031894580731,0.033543228458,3
8.080000,-0.027664187861,0.028401863283,0.012975529979,0.041717352579,3
8.090000,-0.002030599859,0.038489232203,-0.018030056545,0.042551466137,3
8.100000,0.035230199278,0.021216649065,-0.039881565089,0.057287453885,3
8.110000,0.035197577472,-0.031950100230,-0.015882614393,0.050119215922,3
8.120000,0.012871429733,-0.033615306484,0.020967039494,0.041656683480,3
8.130000,-0.037032805048,-0.009778543069,0.044586749261,0.058779475703,3
8.140000,-0.037518797857,0.038818302244,0.000775743693,0.053991874945,3
8.150000,-0.003430091321,0.048486995535,-0.031441176761,0.057890429767,3
8.160000,0.047806091540,0.009231044391,-0.033637699293,0.059178791662,3
8.170000,0.048168113074,-0.031646334593,0.012195683922,0.058910035789,3
8.180000,-0.002329911798,-0.030418623263,0.037671810025,0.048475626873,3
8.190000,-0.044113767363,0.012942050410,0.026625400541,0.053126576154,3
8.200000,-0.030402034822,0.034854551402,-0.004438613818,0.046463154944,3
8.210000,0.004022627606,0.043481655048,-0.055239205172,0.070414527241,3
8.220000,0.045791269485,-0.003688858129,-0.031348067401,0.055616089085,3
8.230000,0.046423321855,-0.054199443849,0.003388482413,0.071443588506,3
8.240000,-0.001976237327,-0.025277527540,0.026488321607,0.036667289156,3
8.250000,-0.070679557990,0.019627689672,0.028826186547,0.078814942431,3
8.260000,-0.030591890743,0.051466103309,-0.005105537763,0.060089018006,3
8.270000,0.016224240080,0.032865178728,-0.044767096374,0.057857055376,3
8.280000,0.042156287660,-0.027947640193,-0.032070309518,0.059889297326,3
8.290000,0.026131161821,-0.058272809398,0.020869175387,0.067186906571,3
8.300000,-0.031160487814,-0.038220023909,0.060785263374,0.078272565257,3
8.310000,-0.046875115534,0.026426779811,0.022378864884,0.058279196468,3
8.320000,-0.045678005684,0.059073472479,-0.023342766623,0.078237076298,3
8.330000,0.029451729472,0.033107840978,-0.065129373138,0.078774162950,3
8.340000,0.055011680959,-0.033992634251,-0.040012903919,0.076044833521,3
8.350000,0.032357453885,-0.047965338586,0.027207279781,0.063936801614,3
8.360000,-0.030327005176,-0.027267133946,0.041362795425,0.058087044011,3
8.370000,-0.039919242909,0.026245394836,0.018018580068,0.051059141515,3
8.380000,-0.010471784401,0.071461719804,-0.036520356786,0.080933133670,3
8.390000,0.056525506461,0.035833030826,-0.065106711980,0.093370353559,3
8.400000,0.050766075549,-0.041209527935,-0.020728794514,0.068593750016,3
8.410000,0.035398743654,-0.038339449119,0.054899212634,0.075742378883,3
8.420000,-0.025707871772,-0.013485024081,0.038709863040,0.048385886807,3
8.430000,-0.062472364647,0.046746031131,0.025818457621,0.082186255086,3
8.440000,-0.021715042964,0.040756704661,-0.038365977464,0.060038323532,3
8.450000,0.056346141592,0.019385812773,-0.040575157146,0.072090504136,3
8.460000,0.073331117851,-0.054039290777,-0.000827721091,0.091095460453,3
8.470000,0.003506304548,-0.049212368772,0.046947425119,0.068104420833,3
8.480000,-0.041162457302,-0.007966396255,0.048918361851,0.064426838248,3
8.490000,-0.058912273715,0.043815356791,-0.001444342497,0.073433831510,3
8.500000,-0.022442528836,0.053059868542,-0.036513682486,0.068207519813,3
8.510000,0.052925018621,0.012558685380,-0.046662129164,0.071666815700,3
8.520000,0.051660920652,-0.048568422968,0.003154068026,0.070976690380,3
8.530000,-0.012366082832,-0.055302622241,0.046333144654,0.073198772701,3
8.540000,-0.047477822226,-0.003985022758,0.041456922907,0.063156159372,3
8.550000,-0.048531877048,0.060113376464,-0.029598185865,0.082734598120,3
8.560000,-0.007378746030,0.034682379172,-0.052436404333,0.063299998557,3
8.570000,0.035366895602,-0.003083764126,-0.056892126263,0.067059980140,3
8.580000,0.030720779043,-0.042188414846,0.006644255855,0.052609645010,3
8.590000,-0.005963387026,-0.033250367922,0.059591087789,0.068499975881,3
8.600000,-0.074224275744,-0.002584978954,0.034706885617,0.081978613888,3
8.610000,-0.043323441287,0.069646341492,-0.032252479439,0.088134873224,3
8.620000,0.015880260381,0.015886567099,-0.065463959530,0.069210517129,3
8.630000,0.043375701092,-0.026205565977,-0.046606449844,0.068850158319,3
8.640000,0.036925660852,-0.062295758494,0.016545911459,0.074283464794,3
8.650000,-0.020540181667,-0.034833708400,0.048961993644,0.063502465507,3
8.660000,-0.047176491031,0.028755997925,0.047235279565,0.072689066291,3
8.670000,-0.038256313033,0.068409288327,-0.029240782487,0.083656437748,3
8.680000,0.035250625957,0.036923764196,-0.070153217527,0.086760849017,3
8.690000,0.074168787921,-0.040553223758,-0.017535444618,0.086331135037,3
8.700000,0.032006757332,-0.050850234386,0.023859137073,0.064648567455,3
8.710000,-0.019066486305,-0.007404746864,0.057397680163,0.060933200016,3
8.720000,-0.053582132537,0.040706256416,0.018210168555,0.069711222033,3
8.730000,-0.010448557358,0.066727881547,-0.018049931566,0.069911247708,3
8.740000,0.046045395824,0.011620205780,-0.049233637209,0.068404376262,3
8.750000,0.041550128799,-0.018541235318,-0.031605195534,0.055399268904,3
8.760000,0.013680814153,-0.043468415049,0.032185002057,0.055790161679,3
8.770000,-0.021257560407,0.014353462960,0.048786274731,0.055118112954,3
8.780000,-0.046975251257,0.028320957300,0.025164422280,0.060348976808,3
8.790000,-0.009944356945,0.041666883110,-0.027425483712,0.050864295335,3
8.800000,0.022523954069,-0.006293796011,-0.046501545159,0.052051263936,3
8.810000,0.048775396620,-0.032331408835,0.002979265728,0.058593816542,3
8.820000,-0.004699567583,-0.043878249851,0.042038496751,0.060947698517,3
8.830000,-0.053657123330,-0.005176897487,0.042071263386,0.068380394518,3
8.840000,-0.051590217679,0.034784725313,0.006965793074,0.062610302254,3
8.850000,-0.009150825655,0.024996235691,-0.031754562310,0.041435511779,3
8.860000,0.039067351286,-0.003034684621,-0.030993877928,0.049960861845,3
8.870000,0.023031356722,-0.038038363818,0.017590801842,0.047820464488,3
8.880000,-0.016038670233,-0.026593339681,0.032445020161,0.044912403537,3
8.890000,-0.042446813873,0.005475812821,0.020222231760,0.047335559481,3
8.900000,-0.026510054853,0.031863233675,-0.005584598776,0.041823873709,3
8.910000,0.004792267168,0.014355099411,-0.025800356403,0.029911420800,3
8.920000,0.045732684352,-0.001640467409,-0.022561250170,0.051021363767,3
8.930000,0.016629086086,-0.024209755485,0.000740668346,0.029380050278,3
8.940000,-0.018319194704,-0.017709728510,0.031078111451,0.040188013012,3
8.950000,-0.031023409467,0.016850507892,0.021261656091,0.041212250253,3
8.960000,-0.023546020967,0.044706300863,-0.014390066061,0.052537057792,3
8.970000,0.023746466557,0.020853656061,-0.037242186351,0.048844140787,3
8.980000,0.024221927243,-0.009191349252,-0.016427502939,0.030676465136,3
8.990000,0.024666521210,-0.025233253554,0.021363930658,0.041250113778,3
9.000000,-0.000422934379,-0.022280137780,0.030600114325,0.037854331453,3
9.010000,-0.020188750008,0.022815003046,0.008390984796,0.031599345194,3
9.020000,-0.014405715695,0.021765231495,-0.002242296018,0.026196905125,3
9.030000,0.022799013385,0.014763708588,-0.025655282813,0.037362489730,3
9.040000,0.027081496889,-0.022938733902,-0.004278459282,0.035747702032,3
9.050000,0.018332695388,-0.020655597233,0.015603491427,0.031720819062,3
9.060000,-0.007344493985,-0.005457344226,0.024878839451,0.026508128005,3
9.070000,-0.015460983256,0.012430086679,0.013252546682,0.023857473707,3
9.080000,0.000166215582,0.025853398376,-0.016723842024,0.030791439188,3
9.090000,0.020704687413,0.005237898769,-0.022349845433,0.030913350761,3
9.100000,0.015795470336,-0.020901777570,-0.004472954967,0.026577970480,3
9.110000,0.000650860185,-0.026188766290,0.023163605948,0.034968953934,3
9.120000,-0.020044024505,-0.009723329107,0.020982634643,0.030603545609,3
9.130000,-0.025382275279,0.019482553392,0.001423755322,0.032029000362,3
9.140000,-0.005945945885,0.023730105588,-0.015233542573,0.028818969500,3
9.150000,0.014095123412,-0.000765508232,-0.012559230461,0.018894252476,3
9.160000,0.012217289454,-0.015358647888,-0.003845438220,0.019998440480,3
9.170000,-0.002750754904,-0.015923045315,0.020677214354,0.026242279209,3
9.180000,-0.017586452270,0.006475944841,0.017878711541,0.025901148457,3
9.190000,-0.013605213648,0.018848490952,0.002392966404,0.023368648609,3
9.200000,-0.005258983100,0.016211044074,-0.013115857680,0.021505361562,3
9.210000,0.012255868843,-0.002528074348,-0.010847007662,0.016560647820,3
9.220000,0.010576574280,-0.015812478487,0.002499323537,0.019187105502,3
9.230000,-0.007033448957,-0.013248804464,0.016240134585,0.022107514454,3
9.240000,-0.011281264472,0.007585625130,0.020371345087,0.024490821493,3
9.250000,-0.013338837514,0.017672228477,-0.001129916402,0.022170001277,3
9.260000,0.008048927905,0.015750698797,-0.020779404924,0.027288338572,3
9.270000,0.027536050156,0.001705230954,-0.016427310756,0.032109163949,3
9.280000,0.013945662020,-0.011049183602,0.005578060374,0.018646198138,3
9.290000,-0.005741707369,-0.005932911449,0.014798922363,0.016946230993,3
9.300000,-0.020242627737,0.014600716905,0.015539031998,0.029400789569,3
9.310000,-0.013425185056,0.016692971125,-0.010948123174,0.024057270830,3
9.320000,0.016733602165,0.013116997570,-0.022272696399,0.030791915685,3
9.330000,0.025300785326,-0.012390704213,-0.002775623940,0.028308362320,3
9.340000,0.021627852117,-0.022821313796,0.016003377086,0.035280085441,3
9.350000,-0.007564806609,-0.003900482895,0.016861657701,0.018887974118,3
9.360000,-0.016490472928,0.010948833824,0.006743534637,0.020911430340,3
9.370000,-0.007541774778,0.018275267324,-0.012371707842,0.023322155078,3
9.380000,0.005254906358,0.008496553033,-0.017069603313,0.019778190300,3
9.390000,0.024537516033,-0.014777264870,-0.004901070628,0.029059899232,3
9.400000,0.007512502998,-0.030591362591,0.018711871263,0.036638822206,3
9.410000,-0.019028033687,-0.004000327142,0.023580879225,0.030563483902,3
9.420000,-0.019465315661,0.017556036056,0.005204584750,0.026724532142,3
9.430000,-0.007099088906,0.018624773750,-0.014222838627,0.024486085827,3
9.440000,0.010541196382,0.004238362777,-0.015741916706,0.019413615886,3
9.450000,0.018561409560,-0.017547528560,0.005645585770,0.026159402174,3
9.460000,-0.007093078436,-0.026101382948,0.021339633229,0.034452487571,3
9.470000,-0.040512644683,-0.010544587437,0.023968361139,0.048238418705,3
9.480000,-0.030053006351,0.025280527340,-0.002242629459,0.039335958615,3
9.490000,-0.002198019999,0.027819801407,-0.023863062744,0.036718093711,3
9.500000,0.027796066880,-0.002946881859,-0.023916142001,0.036787053360,3
9.510000,0.034495157134,-0.033512183677,-0.004171751309,0.048274069949,3
9.520000,-0.000373594816,-0.028249032440,0.025946171558,0.038358196326,3
9.530000,-0.020306743964,0.000802905304,0.028965775647,0.035383960578,3
9.540000,-0.030998652533,0.027069132850,0.000158776337,0.041154339042,3
9.550000,0.007813861027,0.036822275921,-0.039200812892,0.054347402510,3
9.560000,0.044682608539,-0.003702300886,-0.024897284473,0.051284669365,3
9.570000,0.031650372646,-0.028691331532,0.013609714523,0.044834840505,3
9.580000,-0.012428039035,-0.019739680844,0.031927962013,0.039541192602,3
9.590000,-0.037710523854,0.020955364458,0.022415231814,0.048617419987,3
9.600000,-0.020750227996,0.033492450760,-0.013459309649,0.041634952095,3
9.610000,0.023064876082,0.029513399140,-0.035966961299,0.051929293684,3
9.620000,0.048235954256,-0.000547159641,-0.039800570312,0.062538724513,3
9.630000,0.029827394588,-0.042907926793,0.021524829739,0.056516209576,3
9.640000,-0.008751200014,-0.014378027146,0.032788600033,0.036856525317,3
9.650000,-0.031566096727,0.026236509274,0.019801883978,0.045572881087,3
9.660000,-0.032465536717,0.050680847315,-0.021919815849,0.064054958322,3
9.670000,0.031596407990,0.020815017375,-0.019264081325,0.042458247438,3
9.680000,0.035649375623,-0.027196654826,-0.009052514381,0.045743677515,3
9.690000,0.003945449622,-0.053681533792,0.033536330370,0.063418917507,3
9.700000,-0.037702373251,-0.019164465174,0.039854908453,0.058113332394,3
9.710000,-0.060979826698,0.042103545758,0.006904573893,0.074423927404,3
9.720000,-0.021404064817,0.049393773011,-0.041511763737,0.067978712341,3
9.730000,0.019127697304,0.006536950978,-0.042784294717,0.047319091355,3
9.740000,0.035712300953,-0.039408877875,0.003408008603,0.053292050227,3
9.750000,-0.000353272929,-0.048222001585,0.032751852927,0.058293825649,3
9.760000,-0.052291707366,-0.008444436533,0.043116406608,0.068299016731,3
9.770000,-0.067943781130,0.051030169716,0.010544964805,0.085624949041,3
9.780000,-0.028246449812,0.052291234496,-0.027771649499,0.065601064382,3
9.790000,0.032206726878,0.000099855387,-0.051200804630,0.060488061814,3
9.800000,0.042788809892,-0.028065779086,0.000977417201,0.051181300804,3
9.810000,0.004207403643,-0.052731333689,0.044612009827,0.069199185102,3
9.820000,-0.064479401312,0.012485202847,0.050710880820,0.082976303347,3
9.830000,-0.059886260988,0.059374605927,0.002643961476,0.084372380649,3
9.840000,0.007825397622,0.033157789224,-0.047005562506,0.058053412825,3
9.850000,0.059893372498,0.004580085926,-0.050736439278,0.078628109012,3
9.860000,0.055096048260,-0.061284451033,0.006383676861,0.082656577491,3
9.870000,0.004085417997,-0.038335356946,0.050940667528,0.063884597835,3
9.880000,-0.040561263587,0.016619118058,0.035540554993,0.056431748493,3
9.890000,-0.018166263094,0.063043188499,0.009888827676,0.066349420825,3
9.900000,0.022797616215,0.056528311470,-0.062514483799,0.087311179052,3
9.910000,0.066307628835,-0.027311537673,-0.019473667360,0.074309120922,3
9.920000,0.049658344132,-0.060599679530,0.011942732103,0.079252136572,3
9.930000,-0.022138703480,-0.028485742005,0.063494335052,0.073028010195,3
9.940000,-0.069662681545,0.044567539497,0.024535213147,0.086261993143,3
9.950000,-0.031028982527,0.065862516571,-0.023451857778,0.076489597195,3
9.960000,0.026271847039,0.036903258002,-0.076677624604,0.089059073164,3
9.970000,0.084590526025,-0.049119730251,-0.045201848168,0.107756726338,3
9.980000,0.049934385718,-0.073397038881,0.040740673123,0.097674820911,3
9.990000,-0.063756267784,-0.007669521619,0.056534160171,0.085555797640,3
10.000000,-0.067418029465,0.045274593566,0.024320495194,0.084773026405,3
10.010000,-0.052448255611,0.057581507270,-0.030383641729,0.083603918454,3
10.020000,0.005921129752,0.014323873782,-0.075884962969,0.077451667138,3
10.030000,0.051587683130,-0.031039707847,-0.015165852299,0.062086678039,3
10.040000,0.025911840954,-0.079572622303,0.024841800758,0.087294563329,3
10.050000,-0.047207632125,-0.023413573441,0.054802978494,0.076027116241,3
10.060000,-0.078449501956,0.032661459972,0.003784858138,0.085061274830,3
10.070000,-0.030128737600,0.050429198467,-0.030696129859,0.066280444143,3
10.080000,0.039654509934,-0.004807787497,-0.052005665031,0.065575789541,3
10.090000,0.069412641372,-0.054367329315,-0.007528405229,0.088490667103,3
10.100000,-0.013513049455,-0.043571871995,0.042922691647,0.062637592491,3
10.110000,-0.054140732521,-0.001153485377,0.062193496940,0.082465632284,3
10.120000,-0.080576430863,0.045796469192,0.011679082506,0.093414553306,3
10.130000,-0.006529263325,0.055935666443,-0.043787606477,0.071335717148,3
10.140000,0.050042622437,-0.007918184624,-0.051893790145,0.072525355316,3
10.150000,0.047861385379,-0.059419376888,-0.008151822396,0.076732175576,3
10.160000,0.006728714736,-0.048179025378,0.062556409096,0.079245179080,3
10.170000,-0.026287555169,0.005125695312,0.075219695540,0.079845544061,3
10.180000,-0.046200752732,0.072524484520,-0.000164142715,0.085990332892,3
10.190000,0.018950035058,0.050527404138,-0.045711160003,0.070722221023,3
10.200000,0.077624371833,-0.007318301473,-0.046562810720,0.090814073695,3
10.210000,0.049687282109,-0.052990026719,0.012397285856,0.073691665958,3
10.220000,-0.003622689487,-0.040502493574,0.057380809287,0.070328750446,3
10.230000,-0.035323054315,0.025025693688,0.050539240886,0.066544859907,3
10.240000,-0.025465973315,0.048484364971,-0.006014411126,0.055094669295,3
10.250000,0.024968074665,0.063355813663,-0.065696919611,0.094622667072,3
10.260000,0.037815370273,-0.041599309182,-0.030680353593,0.064045209422,3
10.270000,0.055944569786,-0.059466221046,0.039284506300,0.090605180697,3
10.280000,-0.003545331431,-0.027763210590,0.062061708647,0.068080987929,3
10.290000,-0.068064992263,0.024557594838,0.037685482975,0.081585012491,3
10.300000,-0.046400998394,0.065101015440,-0.024176437370,0.083520626119,3
10.310000,0.023946600260,0.029121840504,-0.056442141720,0.067876627939,3
10.320000,0.020272882046,-0.035747515296,-0.019047256654,0.045295392507,3
10.330000,0.006835298477,-0.069935164458,0.029308491382,0.076135643428,3
10.340000,-0.047600575658,-0.027938808468,0.053681773872,0.076994315814,3
10.350000,-0.066356868716,0.012563083279,0.013191127786,0.068811851738,3
10.360000,-0.018414231772,0.057193199514,-0.033272661421,0.068681991820,3
10.370000,0.021094832215,0.016669425935,-0.032844526997,0.042445549364,3
10.380000,0.045175454774,-0.023789137974,-0.016887930099,0.053776825702,3
10.390000,0.017241353122,-0.042809526550,0.015963189587,0.048833832972,3
10.400000,-0.045396316932,-0.017369732455,0.052236483638,0.071352529173,3
10.410000,-0.051352096561,0.023173424837,0.018050234019,0.059159584076,3
10.420000,-0.004212907570,0.037432567218,-0.045411593691,0.059001343377,3
10.430000,0.031828014023,0.002574432512,-0.037322588496,0.049118487268,3
10.440000,0.038654598023,-0.037132942822,0.003596458680,0.053721205366,3
10.450000,0.005157342321,-0.027467219305,0.013292126867,0.030947163890,3
10.460000,-0.030041251619,0.002598191393,0.025548578206,0.039521604797,3
10.470000,-0.008238943621,0.037293074365,-0.000019092510,0.038192328445,3
10.480000,0.007763573511,0.036636707312,-0.043681017428,0.057537402443,3
10.490000,0.038294359755,-0.009010916864,-0.021992489474,0.045070214167,3
10.500000,0.035064610885,-0.019178537124,0.002920896610,0.040073368460,3
10.510000,0.014247422921,-0.024551422235,0.024824961489,0.037709947050,3
10.520000,-0.035163515599,0.005977889712,0.032527645281,0.048272722133,3
10.530000,-0.022690684975,0.023207811472,-0.013230273186,0.035050104515,3
10.540000,0.005297483162,0.014666480649,-0.037032813421,0.040182063814,3
10.550000,0.038453449340,-0.009980790813,-0.029543918065,0.049508858258,3
10.560000,0.015421138227,-0.021652179489,0.012179830219,0.029239983670,3
10.570000,-0.007987786169,-0.018767215311,0.029331002273,0.035725632153,3
10.580000,-0.025047346537,0.011605324244,0.023533708107,0.036275177968,3
10.590000,-0.013822762077,0.021429405189,-0.010908826973,0.027736089560,3
10.600000,0.003958469163,0.010067037999,-0.027836567950,0.029864514854,3
10.610000,0.019931633168,-0.016157038250,-0.019287285721,0.032098586826,3
10.620000,0.002502585041,-0.027458336726,0.013431703779,0.030669754711,3
10.630000,-0.020564361873,-0.008812905277,0.019283830914,0.029536865328,3
10.640000,-0.025114885135,0.010047089535,0.013617281734,0.030284184408,3
10.650000,-0.019341138441,0.027470932494,-0.011630627480,0.035552823571,3
10.660000,0.004289778136,-0.001233256526,-0.022860341747,0.023292023161,3
10.670000,0.022087404401,-0.023097504173,-0.004588263867,0.032286224578,3
10.680000,0.001260351773,-0.016357451847,0.009806781072,0.019113546833,3
10.690000,-0.019571056730,-0.006146366883,0.027785882028,0.034537795637,3
10.700000,-0.028751011104,0.015165091302,0.009940253002,0.033991311588,3
10.710000,-0.010222547833,0.014771620533,-0.018932979440,0.026099022355,3
10.720000,0.012950441264,0.002465615693,-0.017861132766,0.022199397590,3
10.730000,0.022610116744,-0.017896139600,-0.004038844658,0.029117030376,3
10.740000,0.007082861233,-0.015324906370,0.026979993977,0.031826714462,3
10.750000,-0.018648190322,-0.010076897903,0.017380888538,0.027411569820,3
10.760000,-0.014185592902,0.018614292087,0.005771499104,0.024104628556,3
10.770000,0.002630688329,0.022276034622,-0.016505702298,0.027849245015,3
10.780000,0.025738151897,-0.004545600516,-0.026638343588,0.037319114355,3
10.790000,0.018338905293,-0.012063728080,0.002862143658,0.022136866284,3
10.800000,0.007815992956,-0.025595275186,0.027315597468,0.038240681516,3
10.810000,-0.016684790452,0.007386330557,0.025044175681,0.030986300958,3
10.820000,-0.014033326301,0.022302202126,-0.000442452031,0.026353713790,3
10.830000,0.005150830467,0.016156939356,-0.025053061733,0.030252828728,3
10.840000,0.021941796293,0.000503859474,-0.026882709232,0.034704125901,3
10.850000,0.024507006664,-0.016297005459,0.006865013967,0.030221088321,3
10.860000,-0.004623486528,-0.016074276744,0.031433411338,0.035606436902,3
10.870000,-0.020777304846,0.002153503182,0.020473952934,0.029249217449,3
10.880000,-0.023626642913,0.027413965235,-0.009572836408,0.037435049648,3
10.890000,0.000960413587,0.020634401965,-0.021876947433,0.030088233044,3
10.900000,0.019527309646,-0.007252136572,-0.024374326161,0.032062705479,3
10.910000,0.003125829837,-0.027871671080,0.006334511524,0.028752858940,3
10.920000,-0.016061936468,-0.018833351877,0.029881286179,0.038801703696,3
10.930000,-0.027332745086,0.007094698916,0.010278162601,0.030050862435,3
10.940000,-0.025234497006,0.032955090619,-0.011723744140,0.043130778030,3
10.950000,0.011927544189,0.023417181942,-0.033768519953,0.042789527461,3
10.960000,0.019302843529,-0.021661358455,-0.030934130710,0.042411492089,3
10.970000,0.003255128258,-0.022495525801,0.006196936994,0.023559426333,3
10.980000,-0.029290950713,-0.017378206771,0.029842902397,0.045283117027,3
10.990000,-0.031275751312,0.013983375146,0.012786756994,0.036567862325,3
11.000000,-0.022847931975,0.036922456901,-0.027245253755,0.051260117746,3
11.010000,0.019287220539,0.003337718853,-0.040112036416,0.044633089841,3
11.020000,0.024219200222,-0.014490159827,-0.016433863524,0.032658938463,3
11.030000,0.009428982668,-0.034778960393,0.029459627306,0.046544080624,3
11.040000,-0.026261102996,-0.011611765276,0.040640896158,0.049761039619,3
11.050000,-0.025827666103,0.023487127954,0.009040917887,0.036061776330,3
11.060000,0.000480852303,0.028645564400,-0.018384870912,0.034041196471,3
11.070000,0.039216177876,0.017301659036,-0.021228088606,0.047831869694,3
11.080000,0.041858525766,-0.021860695670,-0.007706052124,0.047847773551,3
11.090000,0.016190530680,-0.022475688508,0.031457851136,0.041915227015,3
11.100000,-0.023321619883,-0.000485621533,0.048476680715,0.053797047832,3
11.110000,-0.027524568156,0.034256095433,0.008673972282,0.044791960458,3
11.120000,-0.010473190971,0.049662297064,-0.025627371017,0.056857661085,3
11.130000,0.028109824545,-0.014829616737,-0.029612621082,0.043439464728,3
11.140000,0.045419736855,-0.047748510029,-0.011719490671,0.066934439324,3
11.150000,0.003822183324,-0.041803049835,0.039113908683,0.057375969824,3
11.160000,-0.032033863699,-0.000073573225,0.028860446527,0.043117272760,3
11.170000,-0.041761587408,0.034988183288,-0.019747621239,0.057949734229,3
11.180000,0.000302758670,0.033520596252,-0.045722162285,0.056694251559,3
11.190000,0.044001545196,-0.010252519036,-0.036240200005,0.057918928017,3
11.200000,0.037793194440,-0.049298017871,0.002608397516,0.062172532919,3
11.210000,-0.018097363595,-0.032481836785,0.058084842294,0.068966899266,3
11.220000,-0.053206172709,0.006257696663,0.042781945154,0.068559101606,3
11.230000,-0.048542797625,0.056816032812,-0.020598616978,0.077516242215,3
11.240000,0.000833789682,0.033868580297,-0.048767154485,0.059380226449,3
11.250000,0.028368338772,-0.024878399519,-0.036857769518,0.052746493543,3
11.260000,0.014804750349,-0.055769643979,0.013636500520,0.059290707273,3
11.270000,-0.039416686796,-0.044389367120,0.082864354764,0.101934255291,3
11.280000,-0.051638368618,0.033656493800,0.017472973666,0.064067039086,3
11.290000,-0.035499882881,0.074904729775,-0.031927908182,0.088827650808,3
11.300000,0.027362872580,0.022165254210,-0.071407091421,0.079617824607,3
11.310000,0.041969501322,-0.034288372182,-0.019039743580,0.057442522087,3
11.320000,0.017482831087,-0.072763375979,0.039469294521,0.084604866743,3
11.330000,-0.058419459489,-0.035817697917,0.064625744384,0.094192502718,3
11.340000,-0.062897133173,0.057587784965,0.025139113385,0.088906565339,3
11.350000,-0.030281553972,0.072794015133,-0.044140889447,0.090356844076,3
11.360000,0.040736447866,0.005087547494,-0.067594364502,0.079084381749,3
11.370000,0.075414254707,-0.035096728656,-0.008692002616,0.083633970878,3
11.380000,0.034264656770,-0.071528715297,0.047967290850,0.092689183874,3
11.390000,-0.022557928112,-0.017544251425,0.079692258418,0.084661189046,3
11.400000,-0.038756473950,0.051488226921,0.012122788690,0.065574871636,3
11.410000,-0.003991309267,0.064662812506,-0.050519894055,0.082155155445,3
11.420000,0.054586755773,0.003629086812,-0.058607683783,0.080173217319,3
11.430000,0.073988627077,-0.042956695822,0.000459701236,0.085555864661,3
11.440000,0.015912396907,-0.068757557753,0.045316989320,0.083871542519,3
11.450000,-0.060539800606,0.003211585164,0.055763100718,0.082370535620,3
11.460000,-0.064773200713,0.056146364135,0.004880631231,0.085859200424,3
11.470000,-0.024193107633,0.067765643680,-0.065077534989,0.097018423408,3
11.480000,0.068361898439,-0.009015158142,-0.017377271078,0.071109716528,3
11.490000,0.037318161488,-0.074303165106,0.021851741639,0.085971530952,3
11.500000,-0.000181115699,-0.048049437202,0.057244565494,0.074737684583,3
11.510000,-0.079778616076,0.014680350785,0.028195488734,0.085878553010,3
11.520000,-0.071407553260,0.061999875386,-0.028648868100,0.098811845716,3
11.530000,-0.002272642781,0.039768322477,-0.065222220820,0.076423965263,3
11.540000,0.061532749443,-0.026107369938,-0.046582705998,0.081472833001,3
11.550000,0.012407906813,-0.080502378134,0.004447582530,0.081574322106,3
11.560000,-0.030525382539,-0.055069277589,0.058048480810,0.085639070743,3
11.570000,-0.077266438271,0.003392932669,0.042787548406,0.088387718456,3
11.580000,-0.054324295911,0.086446862500,-0.041628302867,0.110259261570,3
11.590000,0.028462616731,0.035316920375,-0.102382289617,0.111980081458,3
11.600000,0.078813644460,-0.026555065083,-0.039188474093,0.091937470796,3
11.610000,0.063904516414,-0.081100427275,0.023887820155,0.105979688969,3
11.620000,-0.039528578229,-0.049323758205,0.071659764808,0.095553458925,3
11.630000,-0.060353654849,0.037552973317,0.034307466529,0.078929029629,3
11.640000,-0.020594071650,0.082588846579,-0.029836870214,0.090195743749,3
11.650000,0.036449394734,0.022830041689,-0.073278150608,0.084967385134,3
11.660000,0.081283143727,-0.054753590997,-0.034806359751,0.104001864697,3
11.670000,0.034660847968,-0.068301898618,0.035277854837,0.084327046543,3
11.680000,-0.024636123475,-0.009840811088,0.103537567961,0.106882216117,3
11.690000,-0.038455718016,0.017695733811,0.020586303238,0.047072041853,3
11.700000,-0.013642598541,0.076418107846,-0.055478013192,0.095413089508,3
11.710000,0.069738825153,0.009008993391,-0.062821695567,0.094293324948,3
11.720000,0.075550456698,-0.037709416328,-0.018549963428,0.086452141271,3
11.730000,0.020278385249,-0.058145777555,0.044206238685,0.075804590194,3
11.740000,-0.049818687225,0.003792432894,0.063935828349,0.081142308882,3
11.750000,-0.060496036704,0.074919682537,-0.013256144295,0.097203161728,3
11.760000,-0.004879090284,0.058027395814,-0.067547941374,0.089183566709,3
11.770000,0.039034537561,-0.016685387314,-0.045807130498,0.062453106223,3
11.780000,0.050501720313,-0.053599642138,0.000717221340,0.073646858713,3
11.790000,-0.022324883156,-0.078000565167,0.046518423087,0.093522469283,3
11.800000,-0.064564103274,-0.017303002797,0.034970830985,0.075437897354,3
11.810000,-0.071875784363,0.045337832772,0.002024225261,0.085004381923,3
11.820000,-0.002468642146,0.060414148538,-0.047622588828,0.076966710364,3
11.830000,0.044220602100,0.003648826377,-0.045684740987,0.063685721658,3
11.840000,0.024900851093,-0.050690619645,0.002788194558,0.056545250322,3
11.850000,-0.023996291445,-0.052733858879,0.048060069648,0.075275840546,3
11.860000,-0.066696181620,-0.009496481099,0.035773308941,0.076277738748,3
11.870000,-0.054649458256,0.042417626346,-0.009655823024,0.069850219977,3
11.880000,-0.006128073439,0.031810301046,-0.041531725927,0.052671935556,3
11.890000,0.058439606640,-0.023920542298,-0.020731888779,0.066461952878,3
11.900000,0.030817657474,-0.043631598750,0.022502865025,0.057963983265,3
11.910000,-0.019871703708,-0.029419020812,0.048520666725,0.060121697358,3
11.920000,-0.039828930829,0.020164305832,0.023867079167,0.050621936240,3
11.930000,-0.034488915129,0.038995789883,-0.024814753860,0.057670867034,3
11.940000,0.032332616271,0.017412393275,-0.047922975514,0.060375500798,3
11.950000,0.041053602769,-0.021537536162,-0.032139256332,0.056410952498,3
11.960000,0.037613895044,-0.063482532700,0.020362241290,0.076547096149,3
11.970000,-0.007919179263,-0.024324785262,0.051518114097,0.057519776238,3
11.980000,-0.038016235942,0.031037336712,0.008582403947,0.049821763546,3
11.990000,-0.014223447486,0.056834673901,-0.020059097235,0.061926197992,3
12.000000,0.046532057158,0.033461681573,-0.044536748016,0.072584009264,3
12.010000,0.040919238719,-0.025407012183,-0.015114173515,0.050481071764,3
12.020000,0.005916191631,-0.034272635796,0.021167529213,0.040714606480,3
12.030000,-0.007772860215,-0.007040126252,0.030666713993,0.032410308247,3
12.040000,-0.040835210390,0.017944814654,0.012924569123,0.046438941284,3
12.050000,-0.008916821702,0.040771201473,-0.024247441873,0.048267370098,3
12.060000,0.043916800439,0.014736935410,-0.035746476938,0.058512163176,3
12.070000,0.029681543433,-0.018963135967,-0.009296701444,0.036428329690,3
12.080000,-0.002450634974,-0.027666397108,0.022783266452,0.035923702077,3
12.090000,-0.033863708530,-0.008586429015,0.033580089407,0.048457196815,3
12.100000,-0.038044702428,0.026418169183,0.007550421419,0.046928966635,3
12.110000,-0.002227753322,0.031802130430,-0.035486554312,0.047703604913,3
12.120000,0.020964550291,-0.001798764954,-0.028715974434,0.035599931347,3
12.130000,0.026885744682,-0.025770613993,0.003649229022,0.037420377940,3
12.140000,-0.008561357068,-0.025244384060,0.038625524893,0.046930874003,3
12.150000,-0.038459923592,0.008880223587,0.021675171168,0.045031512731,3
12.160000,-0.037395880519,0.023725631255,-0.007168937713,0.044863694968,3
12.170000,-0.001478873260,0.011814292869,-0.038782331257,0.040568877232,3
12.180000,0.021568907809,-0.009122813793,-0.020301921838,0.030993733978,3
12.190000,0.021153976507,-0.020442429605,0.000509102186,0.029421808837,3
12.200000,0.000749651461,-0.027409883073,0.014425194105,0.030983058150,3
12.210000,-0.032249852958,0.004409486801,0.024240796717,0.040584637674,3
12.220000,-0.021115538289,0.027230696808,-0.005233326294,0.034853471994,3
12.230000,0.006640077221,0.013586257762,-0.023056062104,0.027572795020,3
12.240000,0.024615415658,-0.020252971245,-0.012143471526,0.034111074931,3
12.250000,0.016113727792,-0.029211422178,0.014604704890,0.036417809022,3
12.260000,-0.008361635396,-0.005924022389,0.027439754533,0.029290802594,3
12.270000,-0.023811237300,0.011181494659,0.014141335130,0.029866004149,3
12.280000,-0.014336005204,0.029976641991,-0.008544694933,0.034309356185,3
12.290000,0.014651627832,0.011390147937,-0.017972946006,0.025834714171,3
12.300000,0.032348231080,-0.012517811819,-0.010312476546,0.036186334980,3
12.310000,0.011140684562,-0.021514176150,0.009887890247,0.026167632706,3
12.320000,-0.011944186714,-0.014483148224,0.026495502864,0.032472093416,3
12.330000,-0.023969107066,0.017218038724,0.013095559929,0.032287344903,3
12.340000,-0.001854201327,0.029272288398,-0.022766996908,0.037130056273,3
12.350000,0.016793438381,-0.003904813427,-0.022665678765,0.028478064092,3
12.360000,0.028149455766,-0.015215286086,-0.002843386106,0.032124470971,3
12.370000,-0.005449573287,-0.026854953421,0.009248778682,0.028921035240,3
12.380000,-0.019719879396,-0.008333784645,0.020780322797,0.029835338534,3
12.390000,-0.024814244288,0.017290787949,0.005662141570,0.030769756493,3
12.400000,-0.011026144831,0.027571649006,-0.026101049721,0.039535256358,3
12.410000,0.013527467722,0.004177450555,-0.018729659820,0.023478578174,3
12.420000,0.022447802004,-0.022933160219,-0.010188520944,0.033669565062,3
12.430000,-0.004336701673,-0.026713592781,0.018866591369,0.032990472724,3
12.440000,-0.035201741207,-0.004147599410,0.024820259345,0.043271358181,3
12.450000,-0.030362585005,0.026005032372,0.003342041995,0.040116299948,3
12.460000,-0.004371027839,0.023454378569,-0.034964991580,0.042329238058,3
12.470000,0.014977958661,-0.003279493400,-0.025835240443,0.030042536034,3
12.480000,0.020150836366,-0.021100586870,0.009599943084,0.030715629242,3
12.490000,-0.009822384551,-0.015134979059,0.028064021206,0.033363694574,3
12.500000,-0.014703732579,0.012899940323,0.020314117266,0.028200559789,3
12.510000,-0.021018588011,0.018067401012,-0.013176734822,0.030689385166,3
12.520000,0.013793364104,0.025846550045,-0.041419638423,0.050733494751,3
12.530000,0.037516755672,-0.013533956294,-0.027401057833,0.048388974979,3
12.540000,0.026771579459,-0.037883756524,0.015816968747,0.049010947506,3
12.550000,0.002889745379,-0.020102445524,0.037602303258,0.042736309559,3
12.560000,-0.018753274492,0.023750362366,0.020261166059,0.036418125525,3
12.570000,-0.017424368498,0.045633866965,-0.011467829803,0.050175387912,3
12.580000,0.031043094536,0.018719782551,-0.033459967940,0.049332275761,3
12.590000,0.044287674480,-0.016317820581,-0.017021219902,0.050173611653,3
12.600000,0.027811557890,-0.026219285201,0.022249299155,0.044226292877,3
12.610000,-0.021000524746,-0.007525752695,0.036830802698,0.043060039719,3
12.620000,-0.017571248134,0.023424361931,0.025622396613,0.038909596517,3
12.630000,-0.013351661297,0.040132215743,-0.000429534163,0.042297116916,3
12.640000,0.028555032814,0.004682514135,-0.054443483139,0.061655564987,3
12.650000,0.050055260980,-0.027882925404,-0.010227172841,0.058202935881,3
12.660000,0.026285817235,-0.039998402610,0.020793373153,0.052184104535,3
12.670000,-0.025351904151,-0.017037121042,0.041064927341,0.051179202758,3
12.680000,-0.059521563871,0.025919513758,0.002941522246,0.064986847225,3
12.690000,-0.027890086508,0.039175548596,-0.032553112891,0.058071384452,3
12.700000,0.030650659376,-0.003915222669,-0.046249840173,0.055622294135,3
12.710000,0.029956517693,-0.040914105905,-0.013814935027,0.052556725965,3
12.720000,-0.002638127024,-0.030626812224,0.048208200284,0.057175098739,3
12.730000,-0.071705600277,-0.001280213073,0.041602194788,0.082910039608,3
12.740000,-0.064849999490,0.034986468073,0.014840994281,0.075165354342,3
12.750000,-0.019458444575,0.051881293702,-0.045522493580,0.071711903636,3
12.760000,0.038192334344,-0.009461111868,-0.054115889127,0.066908119809,3
12.770000,0.044269145621,-0.061415776559,-0.016323601749,0.077447497303,3
12.780000,0.003225251572,-0.058467121583,0.045838755411,0.074363956670,3
12.790000,-0.039962112774,-0.005287573405,0.039842165049,0.056677394133,3
12.800000,-0.030172084217,0.056861987586,-0.003004890337,0.064441210915,3
12.810000,0.009358257468,0.051308994132,-0.054077098692,0.075130037034,3
12.820000,0.035338154300,0.001081713756,-0.056457753811,0.066614061724,3
12.830000,0.070038991059,-0.050862869986,0.005296872986,0.086721097060,3
12.840000,-0.026057535563,-0.051762250553,0.057491199974,0.081630654882,3
12.850000,-0.029216561864,0.037802561934,0.038918109247,0.061621914959,3
12.860000,-0.029524654788,0.062620064102,-0.008016955898,0.069693968536,3
12.870000,0.039661728230,0.028664723218,-0.066356115596,0.082449094115,3
12.880000,0.068534639586,-0.034622382225,-0.040405178242,0.086765687935,3
12.890000,0.073838391492,-0.034612043097,0.036104717689,0.089183250809,3
12.900000,-0.012971758874,-0.049540001131,0.064953107046,0.082712661396,3
12.910000,-0.054734009591,0.046352069969,0.031237831398,0.078231248915,3
12.920000,-0.041432283010,0.063458321998,-0.018933952605,0.078115857977,3
12.930000,0.043042577992,0.043344562983,-0.062228374728,0.087199686248,3
12.940000,0.067780296318,-0.032706261172,-0.029737919505,0.080921022888,3
12.950000,0.041139651231,-0.063885518477,0.049219913362,0.090534138566,3
12.960000,-0.030271693921,-0.030860124178,0.065124464958,0.078165968639,3
12.970000,-0.067082245332,0.052088538738,-0.003372505414,0.084997748791,3
12.980000,-0.029535386226,0.079016762678,-0.028659123520,0.089091712210,3
12.990000,0.007012411771,-0.006244306605,-0.055075127523,0.055869803611,3
13.000000,0.054702899837,-0.053613181825,-0.009253967099,0.077151904857,3
13.010000,0.015874286728,-0.079003893420,0.039782270943,0.089867887680,3
13.020000,-0.080347662509,0.004895751928,0.053142468012,0.096456400327,3
13.030000,-0.083856358011,0.027529909679,0.003478335833,0.088328271386,3
13.040000,-0.018793087319,0.060004626420,-0.040135536529,0.074596223867,3
13.050000,0.035411843898,0.002930355661,-0.074795599012,0.082806807113,3
13.060000,0.074430846591,-0.064207776198,-0.009210216643,0.098729010626,3
13.070000,0.007065166991,-0.068564870670,0.073390601348,0.100683853923,3
13.080000,-0.063641691516,0.009221512365,0.064425073771,0.091026871416,3
13.090000,-0.061739676939,0.051847819380,0.001285870200,0.080632732467,3
13.100000,-0.002198937843,0.055678822578,-0.076960263370,0.095014992234,3
13.110000,0.055688325725,-0.002312737608,-0.071953329710,0.091015493372,3
13.120000,0.060563327775,-0.068973347487,0.004864723427,0.091917924633,3
13.130000,-0.002343410843,-0.052004698348,0.063090959140,0.081795167033,3
13.140000,-0.045028676956,0.042768508150,0.055287610441,0.083147140096,3
13.150000,-0.048143375352,0.075547826135,-0.014412767388,0.090735805985,3
13.160000,0.019881668186,0.060488097867,-0.089239905624,0.109625961657,3
13.170000,0.082325784440,-0.045499329323,-0.040362819949,0.102356636261,3
13.180000,0.082431677633,-0.040042542040,0.020930441759,0.094002500193,3
13.190000,-0.020249426723,-0.015762775996,0.060634053860,0.065840662794,3
13.200000,-0.047691214137,0.026731766128,0.061867488488,0.082562857012,3
13.210000,-0.035361329537,0.061212964804,-0.019518288581,0.073337672965,3
13.220000,0.017470104396,0.032758924111,-0.063622739180,0.073662776198,3
13.230000,0.059231964895,-0.022640062679,-0.016371537313,0.065490650764,3
13.240000,0.026885691433,-0.059285336108,0.036162768639,0.074467021673,3
13.250000,-0.038651089876,-0.041917627515,0.082879790567,0.100598478763,3
13.260000,-0.083134553186,0.034395198484,0.050509830173,0.103177645623,3
13.270000,-0.059635697776,0.075043196321,-0.027702170765,0.099776289910,3
13.280000,0.017618915892,0.025532021690,-0.039368589251,0.050121813100,3
13.290000,0.033163643415,-0.037779915360,-0.032086051356,0.059637772768,3
13.300000,-0.008288026151,-0.075049757426,0.042510661923,0.086650527086,3
13.310000,-0.045006548609,-0.012698834611,0.053308664750,0.070913070414,3
13.320000,-0.082069426796,0.051160711596,0.016293262581,0.098072828200,3
13.330000,-0.033133086898,0.058128070166,-0.053805707018,0.085858768314,3
13.340000,0.008826176647,0.019030483436,-0.061110185205,0.064610490091,3
13.350000,0.061895282803,-0.035028214316,-0.009965513635,0.071814436525,3
13.360000,0.006180403202,-0.028530461330,0.038776223350,0.048536379189,3
13.370000,-0.058932354627,0.002699635947,0.059034529398,0.083458888786,3
13.380000,-0.036802999693,0.044591137646,0.001645247777,0.057840618800,3
13.390000,0.001905723265,0.031979778046,-0.049052658883,0.058587552675,3
13.400000,0.056791801480,0.017074493267,-0.051353522625,0.078447634264,3
13.410000,0.047500301814,-0.026338738085,0.011380958223,0.055493549232,3
13.420000,0.006232231927,-0.060585809886,0.049626552092,0.078563832308,3
13.430000,-0.042452554835,0.018030355526,0.030802137444,0.055462463014,3
13.440000,-0.035822397640,0.046845433843,-0.002084073536,0.059009170534,3
13.450000,0.018726593731,0.050526185708,-0.041190992463,0.067825353778,3
13.460000,0.046219103768,-0.010371313837,-0.040685436536,0.062442569213,3
13.470000,0.055435534284,-0.039692518569,0.011225994313,0.069098606643,3
13.480000,0.011998689211,-0.040039711367,0.044064548171,0.060735750877,3
13.490000,-0.043791817103,0.000847424873,0.021973293115,0.049002724255,3
13.500000,-0.028263234427,0.045533456549,-0.002537598666,0.053652078175,3
13.510000,0.022410240987,0.023921882290,-0.044436375314,0.055218355684,3
13.520000,0.037378037417,-0.018463629871,-0.022754652839,0.047495236971,3
13.530000,0.031095414201,-0.042976805416,0.020444695070,0.056849944104,3
13.540000,-0.015399516160,-0.026922963561,0.035494914852,0.047136822604,3
13.550000,-0.031060203100,0.022841368140,0.030593594870,0.049218211692,3
13.560000,-0.015307103209,0.026009909504,-0.018295241579,0.035292189865,3
13.570000,0.008105157100,0.010598506938,-0.028022423451,0.031036722394,3
13.580000,0.021094672416,-0.027959267716,-0.013312544459,0.037469049835,3
13.590000,0.017091808094,-0.040301489422,0.017702770445,0.047219996135,3
13.600000,-0.033726371131,-0.018179635646,0.047417550516,0.060962212548,3
13.610000,-0.037345766298,0.019183698650,0.023791017775,0.048256948526,3
13.620000,-0.023015392393,0.043806486902,-0.011167148870,0.050728904931,3
13.630000,0.015693823845,0.001937683738,-0.031805576625,0.035519648501,3
13.640000,0.026333990598,-0.021740099926,-0.019527709676,0.039337545054,3
13.650000,0.008258103156,-0.031150258062,0.015513144940,0.035765800858,3
13.660000,-0.026469056349,-0.007978754932,0.032349420308,0.042552984249,3
13.670000,-0.032738640457,0.020305664443,0.011197570844,0.040118875610,3
13.680000,-0.013501326890,0.027374447383,-0.018546591459,0.035715854351,3
13.690000,0.017201909547,0.007975902361,-0.026935342339,0.032939844831,3
13.700000,0.043283535422,-0.026668102470,-0.010149297009,0.051842649988,3
13.710000,0.010595783051,-0.029197148414,0.021665856257,0.037870218131,3
13.720000,-0.019935885311,-0.013087087781,0.029163811060,0.037672792109,3
13.730000,-0.013545103769,0.015127797056,0.000526669563,0.020312495186,3
13.740000,-0.004562359805,0.029118844771,-0.019849239476,0.035534695096,3
13.750000,0.033071645059,0.006023714045,-0.026908849298,0.043059319645,3
13.760000,0.031049776676,-0.015878121426,0.003460785658,0.035045404963,3
13.770000,0.001439573508,-0.023916291072,0.038401292770,0.045262795285,3
13.780000,-0.020599401548,0.001265670091,0.030926158552,0.037180163363,3
13.790000,-0.010639852492,0.023614149617,0.001299527095,0.025933054079,3
13.800000,0.004540061354,0.026398688807,-0.033301519920,0.042737502932,3
13.810000,0.018217358742,-0.010189691844,-0.018487546486,0.027883531959,3
13.820000,0.021119823635,-0.023886980583,-0.001695937205,0.031929782254,3
13.830000,-0.003836810197,-0.018138162538,0.034925172493,0.039540886768,3
13.840000,-0.021294780290,0.006398045618,0.017321569905,0.028185802087,3
13.850000,-0.022105276963,0.024028983138,-0.014702798546,0.035807926292,3
13.860000,-0.002468455141,0.020403283234,-0.026990912593,0.033924866987,3
13.870000,0.023156662164,-0.015111420755,-0.008679525700,0.028981376886,3
13.880000,0.005049292816,-0.019386212634,0.009555225921,0.022195110737,3
13.890000,-0.007533370781,-0.015577447143,0.016904505307,0.024190304555,3
13.900000,-0.028225973072,0.006823379253,0.012499458913,0.031614878355,3
13.910000,-0.020056656740,0.022987615047,-0.011046168456,0.032445612379,3
13.920000,-0.000621139976,0.006620572863,-0.027170309011,0.027972191399,3
13.930000,0.022802203620,-0.021634163181,-0.008249938845,0.032496753644,3
13.940000,0.003126262551,-0.024138457488,0.016231469400,0.029255755781,3
13.950000,-0.026828460959,-0.004373345047,0.026253326513,0.037790602235,3
13.960000,-0.033539201583,0.029680974949,0.010976222870,0.046111991773,3
13.970000,-0.015189213748,0.024913079439,-0.016086837482,0.033319064836,3
13.980000,0.019409387514,0.011200624933,-0.025480780584,0.033933000188,3
13.990000,0.033285757083,-0.020877681877,-0.009712488730,0.040474086308,3
14.000000,0.007406910567,-0.022642635160,0.022896116935,0.033042146144,3
14.010000,-0.022379874625,-0.006345749096,0.032024474732,0.039581489382,3
14.020000,-0.032532353407,0.021953629205,0.003149075710,0.039372992410,3
14.030000,-0.009506941763,0.028317826061,-0.022457128610,0.037371163213,3
14.040000,0.023892761782,-0.005054430646,-0.025453932284,0.035274835272,3
14.050000,0.035466602224,-0.027947492366,-0.016510525380,0.048078473885,3
14.060000,0.004588280637,-0.018607908146,0.025499413917,0.031898693937,3
14.070000,-0.018217302126,0.005419296201,0.035214737277,0.040016453985,3
14.080000,-0.029138136678,0.041901271069,0.006304788332,0.051424681644,3
14.090000,0.000646109931,0.031056815348,-0.030096048718,0.043251767433,3
14.100000,0.039507059409,0.004167603817,-0.025467522672,0.047188678471,3
14.110000,0.035013556729,-0.033144605209,0.000040619383,0.048213231163,3
14.120000,-0.008011804704,-0.029634386945,0.031400018252,0.043912948551,3
14.130000,-0.034370370197,0.005567993339,0.028577047550,0.045044117751,3
14.140000,-0.029574677628,0.044413964617,-0.001200163957,0.053373234896,3
14.150000,0.009516711343,0.046718578725,-0.038024530858,0.060984082676,3
14.160000,0.038191877300,-0.019499272595,-0.040671546256,0.059101741076,3
14.170000,0.024476162861,-0.032557458432,0.015107169484,0.043443034169,3
14.180000,-0.025638970037,-0.024117706786,0.033987077881,0.048929970653,3
14.190000,-0.044979317176,0.017785456854,0.030218289987,0.057031627181,3
14.200000,-0.046555499341,0.029428013902,-0.009851317072,0.055950611875,3
14.210000,0.003840687757,0.025769106770,-0.058763548822,0.064280264594,3
14.220000,0.037811450530,-0.006926230999,-0.040599178338,0.055910390347,3
14.230000,0.030283075256,-0.047366322592,0.033846786894,0.065621933421,3
14.240000,-0.040485766890,-0.021544636271,0.034710820252,0.057516169164,3
14.250000,-0.044374417910,0.044396329295,0.018361325063,0.065400774290,3
14.260000,-0.026563283404,0.053538534934,-0.037959347657,0.070801799572,3
14.270000,0.020088660751,0.004324028604,-0.051014089929,0.054997171612,3
14.280000,0.045092952724,-0.030956421577,-0.006836715940,0.055121820607,3
14.290000,0.021044758613,-0.049921942785,0.036268636410,0.065195829802,3
14.300000,0.003425868969,0.003438227014,0.046968126278,0.047218247206,3
14.310000,-0.027070678373,0.042194669735,0.017780494477,0.053191707676,3
14.320000,-0.007883101904,0.050285372165,-0.042748144607,0.066469284761,3
14.330000,0.049279716964,0.011054605045,-0.029960477809,0.058722440576,3
14.340000,0.078250972483,-0.034290908214,-0.021829328884,0.088179366522,3
14.350000,0.008041432653,-0.069795547434,0.048315622888,0.085267124355,3
14.360000,-0.048771348092,0.010888404743,0.062396654073,0.079940879355,3
14.370000,-0.032069068830,0.049203833930,0.015067885612,0.060634013770,3
14.380000,0.010158983338,0.065942459407,-0.037271573500,0.076425016102,3
14.390000,0.079046432829,0.016264587986,-0.043435376352,0.091648825875,3
14.400000,0.056136636903,-0.053771475594,-0.008458981104,0.078193656722,3
14.410000,0.002078734489,-0.063487464275,0.039334702813,0.074714109126,3
14.420000,-0.061805165340,-0.004354489682,0.059998814803,0.086247885892,3
14.430000,-0.062588134764,0.048240794862,0.004310348244,0.079139294944,3
14.440000,-0.022891283284,0.055684703709,-0.052470721598,0.079862216990,3
14.450000,0.033676417017,-0.034254403144,-0.072592535577,0.087046777191,3
14.460000,0.015032932199,-0.050430364778,0.012490774616,0.054085397222,3
14.470000,-0.026462496014,-0.039083840124,0.037903835548,0.060535204661,3
14.480000,-0.083154602581,0.012897250990,0.054018764222,0.099995269396,3
14.490000,-0.042817702524,0.069512218650,-0.009185805064,0.082156455655,3
14.500000,0.003926419901,0.028698559558,-0.056777474289,0.063739357391,3
14.510000,0.050108022082,-0.013807805184,-0.032591986510,0.061349058229,3
14.520000,0.053367487282,-0.086124845342,0.022987402393,0.103894169002,3
14.530000,-0.020290015477,-0.025388524798,0.080326994851,0.086652686175,3
14.540000,-0.069710021366,0.047200442810,0.047211753710,0.096521078364,3
14.550000,-0.056938741212,0.060471744500,-0.036067335869,0.090552221676,3
14.560000,0.023558080461,0.045774900178,-0.082793043906,0.097493654975,3
14.570000,0.061050954397,-0.043641755207,-0.015271883367,0.076583629138,3
14.580000,0.037975181992,-0.079986097905,0.029427133650,0.093305125799,3
14.590000,-0.024483136393,-0.025766618632,0.082457870613,0.089792221431,3
14.600000,-0.070557928535,0.022105300233,0.043376380704,0.085723835545,3
14.610000,-0.005936729858,0.052697149308,-0.037630892256,0.065025520826,3
14.620000,0.050310872813,0.019780957414,-0.079457455539,0.096103888788,3
14.630000,0.098650396141,-0.047911048358,-0.022202616996,0.111894259974,3
14.640000,0.033015223293,-0.074959377880,0.054892121126,0.098600498289,3
14.650000,-0.027505869475,-0.008617579717,0.060725162686,0.067218902988,3
14.660000,-0.058431146652,0.072089081471,0.016027845770,0.094169668186,3
14.670000,-0.000187652364,0.060624983676,-0.057878105091,0.083817056189,3
14.680000,0.050971807384,0.007231204861,-0.061768792706,0.080410193533,3
14.690000,0.068010832742,-0.060691260049,-0.021596427754,0.093676614522,3
14.700000,0.032876394192,-0.059572371233,0.045446371180,0.081823574615,3
14.710000,-0.025371645489,0.022603253858,0.057984354766,0.067207238281,3
14.720000,-0.050588250238,0.056246190543,0.009639699317,0.076260925878,3
14.730000,-0.012029682854,0.026442159826,-0.062468443201,0.068892724447,3
14.740000,0.039484522255,0.013231642403,-0.044078624377,0.060638510745,3
14.750000,0.045524388757,-0.057246121168,0.000107568821,0.073140959329,3
14.760000,-0.017021789728,-0.036666271757,0.054908040474,0.068183940329,3
14.770000,-0.060096498095,-0.005008429230,0.051848263639,0.079529339800,3
14.780000,-0.063390504257,0.060544852710,-0.015251547052,0.088975529822,3
14.790000,-0.007485473802,0.044755159693,-0.073701074782,0.086550014796,3
14.800000,0.036312698988,-0.028361884789,-0.052016987351,0.069489391922,3
14.810000,0.024147071747,-0.058488979182,0.010431134910,0.064131508131,3
14.820000,-0.022805486466,-0.016545564576,0.065688315110,0.071475874686,3
14.830000,-0.050932136953,0.018625608614,0.043587054078,0.069576053021,3
14.840000,-0.051372357047,0.058704264804,-0.022701694536,0.081244548799,3
14.850000,0.013938093127,0.033652030886,-0.047548828817,0.059896750702,3
14.860000,0.066439931008,-0.030866339258,-0.032952302414,0.080329630685,3
14.870000,0.028347967392,-0.078222361211,0.032074107449,0.089168903870,3
14.880000,-0.032279591987,-0.035449379624,0.054755730749,0.072779259576,3
14.890000,-0.057306550380,0.042027881381,0.042436836297,0.082772390353,3
14.900000,-0.023245228050,0.062933173662,-0.023019937145,0.070928432102,3
14.910000,0.043085359020,0.042338698638,-0.047181325124,0.076648489904,3
14.920000,0.056001140084,-0.015865619217,-0.023734093652,0.062858195689,3
14.930000,0.024766352418,-0.057668489881,0.025968067046,0.067921774442,3
14.940000,-0.020457008767,-0.010964155956,0.050760250507,0.055814916958,3
14.950000,-0.047027220175,0.031373658732,0.023536490838,0.061235874294,3
14.960000,-0.007219789590,0.046016561392,-0.030356229692,0.055598111166,3
14.970000,0.032267169544,0.013253436097,-0.059091374131,0.068619343450,3
14.980000,0.062654463128,-0.047377253245,-0.012072938269,0.079472899238,3
14.990000,0.023211141049,-0.025913011960,0.047534050458,0.058904390418,3
15.000000,-0.013820010001,-0.008288475688,0.046897041095,0.049588546754,3
15.010000,-0.028148139869,0.041014235057,0.004424234919,0.049940555764,3
15.020000,-0.003380320381,0.032140531952,-0.020657429813,0.038355830933,3
15.030000,0.034742949754,0.004356462944,-0.039550339848,0.052823107719,3
15.040000,0.044079658466,-0.030672502503,-0.000391129715,0.053702622681,3
15.050000,-0.007429339046,-0.032962278177,0.031382434460,0.046114683713,3
15.060000,-0.042241241425,0.001197055216,0.030372867432,0.052041007814,3
15.070000,-0.035723746017,0.035765674855,0.003655819936,0.050682684881,3
15.080000,-0.008405717152,0.027843735448,-0.023200916904,0.037205002751,3
15.090000,0.023255102795,0.002882392815,-0.040301992298,0.046619294048,3
15.100000,0.021149848066,-0.026421798685,0.006213627501,0.034409834142,3
15.110000,-0.005912788168,-0.022049009710,0.033138613928,0.040240373087,3
15.120000,-0.042747552618,0.000538286124,0.018088716718,0.046420304601,3
15.130000,-0.020157998580,0.029908177733,-0.011390107812,0.037822989808,3
15.140000,0.009490297029,0.014060933435,-0.039037389559,0.042563991476,3
15.150000,0.031433015178,-0.008904388299,-0.020914013369,0.038790701583,3
15.160000,0.004835236792,-0.024406095027,0.004747045632,0.025329260383,3
15.170000,-0.014697102586,-0.017486517395,0.022517323180,0.032075114313,3
15.180000,-0.028634032283,0.013061798827,0.018880588435,0.036701430668,3
15.190000,-0.011346275425,0.031810045880,-0.005749614082,0.034258941125,3
15.200000,0.009695256762,0.014532091617,-0.016588873719,0.024090878392,3
15.210000,0.020004266745,-0.000331616214,-0.009794615844,0.022275887342,3
15.220000,0.014664466623,-0.021372588592,0.007402813091,0.026956182336,3
15.230000,-0.009324130747,-0.007724994456,0.022908252863,0.025911445401,3
15.240000,-0.023631688693,0.019750341616,0.002823948923,0.030927453693,3
15.250000,0.000544337665,0.023674443655,-0.015876661260,0.028510418422,3
15.260000,0.012901180192,0.005366493772,-0.014923330009,0.020443715032,3
15.270000,0.027065985644,-0.021423699237,-0.004518311589,0.034813181520,3
15.280000,0.011928295961,-0.026326230612,0.019201864476,0.034699657954,3
15.290000,-0.008768525602,-0.011586124731,0.024969955521,0.028889859921,3
15.300000,-0.016094157851,0.015359306145,0.000869985806,0.022264031025,3
15.310000,-0.002979340626,0.018755925659,-0.013464683909,0.023280011398,3
15.320000,0.009744842280,0.005635743145,-0.012088312877,0.016518197846,3
15.330000,0.012761547339,-0.013004195926,-0.001099917925,0.018253109916,3
15.340000,0.009678509902,-0.022914271351,0.012223693684,0.027715628673,3
15.350000,-0.014483433744,0.001155226146,0.019091873068,0.023991748950,3
15.360000,-0.032403126786,0.018521910897,-0.001690765506,0.037361510901,3
15.370000,-0.002276921974,0.022820054707,-0.017791120345,0.029025217202,3
15.380000,0.012895899612,-0.002651538251,-0.023772715623,0.027174931278,3
15.390000,0.012103897610,-0.016342348653,-0.000113765563,0.020336903389,3
15.400000,0.000434508889,-0.016955565655,0.015594337286,0.023040472218,3
15.410000,-0.017149617853,0.001641580023,0.023071263004,0.028793877024,3
15.420000,-0.017861158527,0.015309903729,0.002655618947,0.023674172596,3
15.430000,-0.004487483131,0.013391088313,-0.015063431777,0.020648625329,3
15.440000,0.008981348391,-0.005868288329,-0.012849749597,0.016739698072,3
15.450000,0.007556688430,-0.018445201963,0.000600672641,0.019942161947,3
15.460000,-0.001616737221,-0.013128778914,0.018533325072,0.022769778507,3
15.470000,-0.016051048428,0.007307896009,0.013993838791,0.022513751883,3
15.480000,-0.011191324346,0.018287938040,-0.007995702305,0.022882868564,3
15.490000,0.010274365395,0.020117029656,-0.020809888771,0.030713334842,3
15.500000,0.020619739151,-0.005363646690,-0.007214790476,0.022494344847,3
15.510000,0.020133743932,-0.033025491109,0.007603384131,0.039419058308,3
15.520000,-0.002428040290,-0.014127185532,0.018572507994,0.023460835532,3
15.530000,-0.025907953176,0.016689760296,0.015809699945,0.034636927531,3
15.540000,-0.006308886819,0.021924981391,-0.007291667114,0.023951519183,3
15.550000,0.011896087035,0.013861193427,-0.022010616678,0.028602741416,3
15.560000,0.032023750577,-0.012543731337,-0.001675412157,0.034433599910,3
15.570000,0.017791899056,-0.024319022336,0.008033962743,0.031185109856,3
15.580000,-0.012527316372,-0.005504969840,0.025581328583,0.029011079271,3
15.590000,-0.018820478751,0.025762249213,0.013115005304,0.034495032528,3
15.600000,-0.005977215626,0.018231385810,-0.016568579539,0.025350115643,3
15.610000,0.017221253392,0.007066054060,-0.030680229465,0.035885612276,3
15.620000,0.044763783339,-0.028365305522,-0.014873415136,0.055041850750,3
15.630000,0.020123922919,-0.023712060992,0.027228426243,0.041335472730,3
15.640000,-0.026462779691,0.000893346531,0.019012606694,0.032596870866,3
15.650000,-0.041511437917,0.026138458164,0.009913632110,0.050046963692,3
15.660000,-0.009479596954,0.028716649294,-0.021503757999,0.037106876899,3
15.670000,0.018406383378,-0.006641907996,-0.036144453197,0.041101476711,3
15.680000,0.020815050832,-0.031411186943,-0.003162852056,0.037814450141,3
15.690000,-0.000256882764,-0.036063452925,0.029496306519,0.046590457434,3
15.700000,-0.041498559591,0.002413837040,0.012562570007,0.043425513498,3
15.710000,-0.045182186935,0.021779222032,0.007879354854,0.050772519747,3
15.720000,-0.010469614517,0.017744464035,-0.043256882822,0.047912803545,3
15.730000,0.020386122021,-0.005508973535,-0.025443673249,0.033065439190,3
15.740000,0.025612377338,-0.036736795469,0.010269853128,0.045946228328,3
15.750000,-0.007772064842,-0.036455441066,0.035794787705,0.051678535216,3
15.760000,-0.032815750610,0.008092045635,0.022091825909,0.040378254824,3
15.770000,-0.028026644151,0.048699806147,-0.016141306007,0.058461146591,3
15.780000,0.017457827930,0.047025890717,-0.050983722633,0.071523074090,3
15.790000,0.047678588089,-0.001410013900,-0.045324155914,0.065799050226,3
15.800000,0.038352490877,-0.050124252500,0.011968206518,0.064238557054,3
15.810000,0.013981759073,-0.032551316479,0.049944511173,0.061233422145,3
15.820000,-0.037251254139,0.019090636205,0.034328142364,0.054134366938,3
15.830000,-0.028852410444,0.046725680513,-0.021860404460,0.059106920838,3
15.840000,0.022363216418,0.028517924072,-0.045532605167,0.058194532176,3
15.850000,0.070793839342,-0.027586328708,-0.027152122402,0.080684639004,3
15.860000,0.042238483125,-0.056764490895,0.022342055425,0.074198816189,3
15.870000,-0.014002131397,-0.018417497200,0.048385480116,0.053632253102,3
15.880000,-0.029980863305,0.037825539035,0.016527957489,0.051017614081,3
15.890000,-0.009120556185,0.063812709572,-0.022674679183,0.068332916842,3
15.900000,0.027038603313,0.026684361909,-0.049359243910,0.062285441308,3
15.910000,0.052746661125,-0.045322663482,-0.040864334502,0.080661316126,3
15.920000,0.027656566246,-0.066466302450,0.018927669747,0.074437300462,3
15.930000,-0.037299186782,-0.011434548177,0.061858164299,0.073132829270,3
15.940000,-0.041825020410,0.048229286205,0.033700282014,0.072187986452,3
15.950000,-0.024670004105,0.030128701161,-0.039324780567,0.055342443954,3
15.960000,0.025486485249,0.012438172504,-0.046438239909,0.054413042475,3
15.970000,0.041379820487,-0.054849611672,-0.032122783707,0.075846177736,3
15.980000,-0.006890492559,-0.038281874885,0.034513050223,0.052001264101,3
15.990000,-0.046276405646,-0.008269349447,0.040098475435,0.061788150903,3
16.000000,-0.074827879803,0.069443338845,0.023342492122,0.104720871101,3
16.010000,-0.012588263985,0.028477374980,-0.049827824710,0.058755743475,3
16.020000,0.017404010016,0.015541107043,-0.050659708600,0.055774829880,3
16.030000,0.029321092932,-0.054663811377,-0.004370027245,0.062184852682,3
16.040000,-0.017828165525,-0.059632417369,0.045322691691,0.076993604081,3
16.050000,-0.039886008495,-0.001946123660,0.046897953302,0.061596258774,3
16.060000,-0.053968823322,0.054889271878,0.014232663119,0.078281765166,3
16.070000,-0.011646099056,0.026349508048,-0.035012302225,0.045340814998,3
16.080000,0.061445483552,-0.003467119127,-0.037838335135,0.072244778149,3
16.090000,0.075634350826,-0.067837738314,0.023233682489,0.104222443679,3
16.100000,0.007228831256,-0.046043339379,0.068565962512,0.082906792953,3
16.110000,-0.045067674056,0.044194566583,0.049052238203,0.079939833831,3
16.120000,-0.042154102955,0.063018422514,-0.015061455328,0.077299012987,3
16.130000,0.004100268265,0.044123733197,-0.063431192441,0.077377207274,3
16.140000,0.079603984825,-0.006612997457,-0.035632712429,0.087465515093,3
16.150000,0.072168642694,-0.034336389336,0.016568784702,0.081620005191,3
16.160000,-0.002525387432,-0.034557320678,0.040795951719,0.053524720184,3
16.170000,-0.041572785431,0.019208110580,0.060670449921,0.076014153249,3
16.180000,-0.025405320362,0.066313340887,-0.013558574704,0.072296088624,3
16.190000,0.035091122003,0.024172671944,-0.059943472377,0.073545392738,3
16.200000,0.049892528201,-0.032494777950,-0.010630437142,0.060482899717,3
16.210000,0.031331994331,-0.072928087402,0.041078043609,0.089373404700,3
16.220000,-0.020759298863,-0.032553295108,0.052926620453,0.065512538222,3
16.230000,-0.061244860293,0.020002907918,0.039279214313,0.075457974493,3
16.240000,-0.032459606045,0.045321144085,-0.023796152048,0.060612614018,3
16.250000,0.018921272669,0.001822340655,-0.069703425827,0.072248896579,3
16.260000,0.063047572510,-0.059561447342,-0.034842062371,0.093469415956,3
16.270000,0.020689111683,-0.062569628268,0.029330901491,0.072133899840,3
16.280000,-0.069948823256,-0.007419411509,0.060926714464,0.093058852762,3
16.290000,-0.066674482579,0.039663598454,0.013077439619,0.078674691588,3
16.300000,-0.034107407928,0.060345857042,-0.037326732682,0.078728792131,3
16.310000,0.029618128475,0.015693088248,-0.075764671026,0.082848004978,3
16.320000,0.036699278344,-0.060415655546,-0.008765262356,0.071230037836,3
16.330000,-0.004037870097,-0.058979292474,0.060037516412,0.084257727910,3
16.340000,-0.046438986044,0.005298602865,0.061386300049,0.077155249017,3
16.350000,-0.045724693776,0.049252079769,0.011791475897,0.068231619403,3
16.360000,-0.019686259871,0.054485121808,-0.048359156261,0.075463801391,3
16.370000,0.053194512925,-0.010698392038,-0.039391661927,0.067050837630,3
16.380000,0.064855939829,-0.047863498462,0.000705168833,0.080608341251,3
16.390000,0.009889488233,-0.036561071368,0.044661140664,0.058558785869,3
16.400000,-0.047198813842,0.019402710598,0.027695476576,0.058062316776,3
16.410000,-0.025400770801,0.039270499825,0.008951069682,0.047618199906,3
16.420000,0.022497327128,0.043242030599,-0.027346010396,0.055891029896,3
16.430000,0.049459538857,-0.010742576303,-0.035066894953,0.061573826023,3
16.440000,0.025082381236,-0.047487333911,0.012194421346,0.055071559288,3
16.450000,0.002638484017,-0.031255556821,0.064141251070,0.071400080665,3
16.460000,-0.026005029501,0.024969613231,0.026311830582,0.044632449774,3
16.470000,-0.027855825586,0.037746792938,-0.005432420268,0.047225825416,3
16.480000,0.034043470888,0.014381078766,-0.046590701418,0.059468199865,3
16.490000,0.045542273752,-0.014920881719,-0.020831970409,0.052256123095,3
16.500000,0.042852747512,-0.040891614067,0.024792700846,0.064211837581,3
16.510000,-0.017229136598,-0.028678842189,0.034693276322,0.048196914415,3
16.520000,-0.043888709892,0.039510870421,0.013610196613,0.060601692957,3
16.530000,-0.025047995793,0.040897469086,-0.019065245021,0.051608997651,3
16.540000,0.027809430058,0.029573636474,-0.037154048569,0.055030788650,3
16.550000,0.029154328519,-0.027545063088,-0.024212500578,0.046850299425,3
16.560000,0.020350685761,-0.048079594971,0.008828415361,0.052950342598,3
16.570000,-0.026435086897,-0.015087780618,0.034774669532,0.046213986890,3
16.580000,-0.041533065561,0.028017313929,0.022039554990,0.054733055816,3
16.590000,-0.024731200570,0.028757125274,-0.032450846685,0.049916550223,3
16.600000,0.017800021340,0.009708230368,-0.035208129273,0.040628842753,3
16.610000,0.033066008569,-0.026397061542,-0.009230749133,0.043305571354,3
16.620000,0.010292391416,-0.034436338950,0.031454439939,0.047761664054,3
16.630000,-0.022971978358,-0.015439274474,0.025182066547,0.037419506431,3
16.640000,-0.026586181978,0.017052268905,0.000374738739,0.031587107751,3
16.650000,-0.014191706566,0.026818677964,-0.034949027066,0.046282615698,3
16.660000,0.007091930962,-0.001531523319,-0.037972155365,0.038659095069,3
16.670000,0.023613634344,-0.018370617399,-0.003099204850,0.030078038189,3
16.680000,0.006348884122,-0.020987878693,0.018907465429,0.028953266320,3
16.690000,-0.022202388175,0.002367810532,0.027196807534,0.035188334820,3
16.700000,-0.017074615638,0.026684932522,-0.000152002204,0.031680454977,3
16.710000,0.006298390531,0.013033086676,-0.020269651222,0.024907625986,3
16.720000,0.031879424038,-0.001911233545,-0.018173069853,0.036745216811,3
16.730000,0.015526843260,-0.014568091779,0.003684494921,0.021607583449,3
16.740000,0.002335973352,-0.012344133932,0.034009194247,0.036255478308,3
16.750000,-0.018390253396,0.000153790991,0.019060993912,0.026486724232,3
16.760000,-0.020168409759,0.023882576764,0.000420900871,0.031262107776,3
16.770000,0.005945854214,0.015353620813,-0.023538445576,0.028725342027,3
16.780000,0.025734176820,-0.007362364606,-0.011053499577,0.028959145742,3
16.790000,0.016172454232,-0.013321224101,0.002935249263,0.021157007721,3
16.800000,-0.003842617012,-0.016667297688,0.025294077217,0.030534486405,3
16.810000,-0.020160417083,0.004757201946,0.011628726589,0.023755013563,3
16.820000,-0.011403560405,0.021941793968,-0.012603293780,0.027754756828,3
16.830000,0.000026609814,0.012114387848,-0.012984702010,0.017758422996,3
16.840000,0.012447954352,-0.011124206264,-0.012335390544,0.020757200978,3
16.850000,0.009159026416,-0.023193631186,0.009402375176,0.026650271132,3
16.860000,-0.012091284171,-0.006305245199,0.012676842283,0.018618743249,3
16.870000,-0.020205677931,0.009325503908,0.007925001080,0.023622872092,3
16.880000,-0.007829863459,0.007254930244,-0.009387595019,0.014215052404,3
16.890000,0.009459722617,0.010995230788,-0.015242817201,0.021041029640,3
16.900000,0.011897945036,-0.007531689258,-0.004704619946,0.014846578326,3
16.910000,0.005679338002,-0.017004259725,0.010860712479,0.020960792077,3
16.920000,-0.010103456752,-0.008143007484,0.010573854443,0.016739020491,3
16.930000,-0.019173311324,0.010807723617,0.005910916867,0.022789508444,3
16.940000,-0.010636185840,0.016000442442,-0.013991522886,0.023767736961,3
16.950000,0.014468413326,0.007076251417,-0.020343246103,0.025947176731,3
16.960000,0.015517176466,-0.013029769493,-0.006147758252,0.021174338007,3
16.970000,0.007727442753,-0.026334314157,0.016148183130,0.031842947289,3
16.980000,-0.009253538137,0.000228804637,0.020851496127,0.022813706633,3
16.990000,-0.012593854987,0.016117546292,0.003394862417,0.020734164385,3
17.000000,0.001214300834,0.017244441081,-0.012936676370,0.021591731524,3
17.010000,0.017445946615,0.002057081336,-0.016718123594,0.024250531817,3
17.020000,0.018016393481,-0.019455973701,0.002075378396,0.026597604069,3
17.030000,0.008934332276,-0.020272440952,0.014672286479,0.026571980466,3
17.040000,-0.013100494154,0.002224014091,0.016997580485,0.021575146074,3
17.050000,-0.012139384217,0.018517505591,0.008323945256,0.023654824606,3
17.060000,0.003385074353,0.018566346433,-0.014456165136,0.023772855501,3
17.070000,0.017747549309,-0.000045050463,-0.014518058896,0.022929273214,3
17.080000,0.019129262593,-0.020990567080,-0.001249354407,0.028426985069,3
17.090000,-0.000417301887,-0.014687686840,0.017496907075,0.022848283147,3
17.100000,-0.022172207413,-0.000947312285,0.015046373429,0.026812264647,3
17.110000,-0.012975686681,0.016807904773,-0.002829311709,0.021421463826,3
17.120000,0.002086700886,0.010882401053,-0.022216992029,0.024826914993,3
17.130000,0.015328485198,-0.008584248461,-0.017590918597,0.024861460078,3
17.140000,0.004421416617,-0.020034149120,0.006055354523,0.021391198523,3
17.150000,-0.012817227996,-0.019282285231,0.023757907865,0.033174177358,3
17.160000,-0.026531933526,0.010024738385,0.014652083118,0.031923696779,3
17.170000,-0.025675975202,0.032820171724,-0.011942273953,0.043347863636,3
17.180000,0.000170685058,0.015686209448,-0.031643396896,0.035318421076,3
17.190000,0.032366045650,-0.014927625447,-0.021733400662,0.041746085048,3
17.200000,0.001439908531,-0.027394005736,0.015927248000,0.031720373827,3
17.210000,-0.021717819521,-0.017265699738,0.036867708628,0.046141044761,3
17.220000,-0.043368852215,0.019270939324,0.019331409348,0.051243827260,3
17.230000,-0.026679964032,0.031486004112,-0.018979679154,0.045424851750,3
17.240000,0.013652031967,0.008583980311,-0.032770160731,0.036523227255,3
17.250000,0.028407043852,-0.014982312911,-0.015692055681,0.035744516392,3
17.260000,0.013730381268,-0.030414081067,0.026754314959,0.042770703359,3
17.270000,-0.034134464909,0.001005377261,0.041467717151,0.053719121771,3
17.280000,-0.028519139281,0.030356453298,0.004102196686,0.041853119117,3
17.290000,-0.009745745807,0.045804748763,-0.030329944666,0.055793907499,3
17.300000,0.029205868231,0.012357794367,-0.019698978240,0.037332928688,3
17.310000,0.046119971239,-0.024357086729,-0.009816349106,0.053072404608,3
17.320000,0.010270833829,-0.032258254603,0.037539726193,0.050550134127,3
17.330000,-0.023007374915,-0.000934136464,0.041141491485,0.047146942987,3
17.340000,-0.034513097716,0.035500498252,-0.011310082819,0.050787373071,3
17.350000,0.006076763538,0.050921927826,-0.036999144708,0.063236907717,3
17.360000,0.045872713366,-0.002651282171,-0.047561609097,0.066132002756,3
17.370000,0.032626249290,-0.028297086480,0.003160806091,0.043303440292,3
17.380000,0.000934854777,-0.037476521725,0.040857124050,0.055449690889,3
17.390000,-0.037164345823,0.016092500818,0.035990212402,0.054179817015,3
17.400000,-0.018721304596,0.028962651028,0.004853752168,0.034826445562,3
17.410000,0.016976144807,0.035886898055,-0.034711487597,0.052734678493,3
17.420000,0.032680622447,-0.008076313920,-0.042979235492,0.054593631620,3
17.430000,0.024993737293,-0.054655723049,0.007831634800,0.060607503410,3
17.440000,-0.020242167060,-0.028315308522,0.051725999308,0.062346459630,3
17.450000,-0.052123458766,0.018258572563,0.017469128822,0.057925822287,3
17.460000,-0.015501271645,0.048277575331,-0.025733550160,0.056861492297,3
17.470000,0.001021938454,0.027324575493,-0.059873796329,0.065822095613,3
17.480000,0.020431342611,-0.029270829319,-0.024129442383,0.043086554743,3
17.490000,0.027300423610,-0.047603586194,0.013921699981,0.056614735521,3
17.500000,-0.012423541233,-0.036558727296,0.059491752168,0.070923575025,3
17.510000,-0.052796135422,0.018644201128,0.029622596892,0.063344584598,3
17.520000,-0.038266491939,0.069220557042,-0.030342502744,0.084714092070,3
17.530000,0.009092602674,0.022445792598,-0.052253969531,0.057593110356,3
17.540000,0.057882098230,-0.028561527350,-0.052264392788,0.083052181751,3
17.550000,0.040379932106,-0.057474253513,0.027098142789,0.075287037904,3
17.560000,-0.024311122368,-0.032447116094,0.055927015629,0.069077326894,3
17.570000,-0.056008535422,0.045725791773,0.032921763230,0.079445871935,3
17.580000,0.001024367340,0.045587920998,-0.013898875597,0.047670605327,3
17.590000,0.045643094906,0.015651943415,-0.062285144532,0.078789051744,3
17.600000,0.071594047701,-0.049386050775,-0.010099136085,0.087559592433,3
17.610000,0.034947676797,-0.061695928300,0.027642141767,0.076103979421,3
17.620000,-0.028700146584,0.003999968413,0.064685059471,0.070879158290,3
17.630000,-0.028792552095,0.062320593018,0.019767153789,0.071439539047,3
17.640000,0.008619634499,0.065694559895,-0.048135601242,0.081896943811,3
17.650000,0.045570131971,-0.010235368397,-0.040186426361,0.061614515804,3
17.660000,0.075455689328,-0.050321521517,-0.032048157638,0.096192000643,3
17.670000,0.019655236524,-0.049352054038,0.064290404317,0.083397899541,3
17.680000,-0.040884834743,-0.024205714070,0.047018631156,0.066844879994,3
17.690000,-0.053704282377,0.044147295885,-0.008256084200,0.070009260858,3
17.700000,0.002643685454,0.029907652626,-0.060582138528,0.067613994610,3
17.710000,0.071402605294,-0.006811151252,-0.051754910546,0.088449389991,3
17.720000,0.063824305467,-0.043156188801,0.000277282868,0.077045931015,3
17.730000,-0.000052548135,-0.024954561282,0.051044158833,0.056817594467,3
17.740000,-0.079977879651,0.010698471788,0.035539870653,0.088170295101,3
17.750000,-0.057660443811,0.053581528182,0.004310354670,0.078830743369,3
17.760000,-0.001256885369,0.046191580880,-0.072165601475,0.085691982946,3
17.770000,0.049444930497,-0.019084126021,-0.031238419794,0.061521084915,3
17.780000,0.027256799853,-0.056839686938,0.012354467235,0.064236407201,3
17.790000,-0.012606599642,-0.029986086228,0.040245083307,0.051747062257,3
17.800000,-0.076868935025,0.022824296313,0.021640304003,0.083054707461,3
17.810000,-0.052658942526,0.059704708709,-0.016523332745,0.081305823869,3
17.820000,0.010761745132,0.039298250098,-0.079791003907,0.089592253702,3
17.830000,0.049798317393,-0.023305208572,-0.028681244494,0.062013054653,3
17.840000,0.031342563134,-0.061221344588,0.037430549365,0.078303609896,3
17.850000,-0.025860240061,-0.011825829844,0.052336243854,0.059562443606,3
17.860000,-0.050753125118,0.034414691999,0.016340904972,0.063460821850,3
17.870000,-0.021188931294,0.058099945173,-0.020486616658,0.065148107422,3
17.880000,0.058348471241,-0.005428734334,-0.062290801213,0.085522857578,3
17.890000,0.063327265583,-0.039180118791,-0.019175310660,0.076896793260,3
17.900000,0.038665924716,-0.056025215451,0.037887244588,0.077905852174,3
17.910000,-0.019708127663,-0.000996318086,0.041316261586,0.045786858564,3
17.920000,-0.055626293843,0.033919898311,0.011844034436,0.066220278011,3
17.930000,0.000726127971,0.054252569326,-0.022674110516,0.058804624206,3
17.940000,0.047999980768,-0.004474019629,-0.051629126869,0.070636971528,3
17.950000,0.060404106125,-0.031050862764,-0.010589391850,0.068738252341,3
17.960000,0.031483122443,-0.029859572869,0.028335659793,0.051823650070,3
17.970000,-0.019620141340,0.000111055971,0.030001644841,0.035847747109,3
17.980000,-0.033565319585,0.042582614596,0.016085088118,0.056556518673,3
17.990000,0.012419832741,0.028854572355,-0.026494310047,0.041094854374,3
18.000000,0.033076499456,-0.012939263918,-0.034362335572,0.049419120520,3
18.010000,0.036675867572,-0.029995164733,0.000853814970,0.047387320768,3
18.020000,0.006831662693,-0.039344212615,0.038737679227,0.055634939322,3
18.030000,-0.030345785913,0.002362554944,0.033902869438,0.045561529218,3
18.040000,-0.035826158535,0.032162765054,-0.010109646411,0.049195142462,3
18.050000,-0.007672308656,0.024239767945,-0.044837039050,0.051544066011,3
18.060000,0.027562512565,-0.005904468265,-0.039269891697,0.048339210154,3
18.070000,0.027215801909,-0.036652705858,-0.000457794599,0.045654466333,3
18.080000,-0.008739731375,-0.020962412096,0.030142808863,0.037741151963,3
18.090000,-0.035476097480,0.009500055164,0.025880149276,0.044928684235,3
18.100000,-0.023925959584,0.036684431675,-0.020664677332,0.048427553712,3
18.110000,-0.003036510011,0.022095802024,-0.045035289333,0.050255568303,3
18.120000,0.028310181912,-0.019411855969,-0.025308354682,0.042647384078,3
18.130000,0.023241270226,-0.034153420618,0.010739202860,0.042684227295,3
18.140000,-0.008865869994,-0.021855325979,0.036709104046,0.043632754260,3
18.150000,-0.028359251359,0.022162358076,0.006229022847,0.036526948665,3
18.160000,-0.022296478048,0.034065190133,-0.015616400433,0.043605528028,3
18.170000,0.016405929140,0.016871550511,-0.032395233547,0.040040665381,3
18.180000,0.026721909881,-0.012640451837,-0.016472569874,0.033840612415,3
18.190000,0.015253692805,-0.025690031556,0.009636576400,0.031392936630,3
18.200000,0.000196486405,-0.014333936821,0.032137173237,0.035189462278,3
18.210000,-0.015250001278,0.014853857870,0.008838525133,0.023050361367,3
18.220000,0.002492887447,0.023778811767,-0.017831531499,0.029826328847,3
18.230000,0.021614025032,0.002298939516,-0.018087821756,0.028277561720,3
18.240000,0.034592009256,-0.014820692103,-0.008672926986,0.038619679974,3
18.250000,0.010350868539,-0.019838505373,0.021581348220,0.031087961753,3
18.260000,-0.019415360092,-0.007195083318,0.025258001782,0.032660252379,3
18.270000,-0.019653505905,0.015697869436,0.003835763819,0.025443987173,3
18.280000,-0.003319558235,0.021078685857,-0.021347649268,0.030183647785,3
18.290000,0.016259597625,-0.003215195153,-0.019874135437,0.025878432220,3
18.300000,0.020872273961,-0.004368864987,-0.006191850907,0.022205355643,3
18.310000,-0.001429428984,-0.021673574699,0.016525809367,0.027292663532,3
18.320000,-0.018241008888,0.003933956751,0.012009516625,0.022190964615,3
18.330000,-0.017273539897,0.019023536584,-0.003046022969,0.025875632952,3
18.340000,-0.007491389260,0.015708048573,-0.012799527183,0.021603046061,3
18.350000,0.010609000617,0.002859597432,-0.013384057426,0.017316500361,3
18.360000,0.006413903745,-0.014043377775,0.003116386664,0.015750126553,3
18.370000,-0.003202339276,-0.018735169965,0.020859090247,0.028219908157,3
18.380000,-0.015679906090,0.000777543059,0.012914280037,0.020328370744,3
18.390000,-0.016550173130,0.012442064803,-0.005957851151,0.021545514558,3
18.400000,-0.001547820509,0.006731712733,-0.014404468833,0.015974993803,3
18.410000,0.015429101130,-0.003844347747,-0.013240136040,0.020691480702,3
18.420000,0.020824101050,-0.018189315877,0.010804347659,0.029685490142,3
18.430000,-0.007708462470,-0.011882653742,0.021538174770,0.025778107495,3
18.440000,-0.016238775896,0.004130532181,0.006834877194,0.018096261629,3
18.450000,-0.011844887746,0.018455672763,-0.009622801442,0.023948100769,3
18.460000,0.008155079069,0.008419314245,-0.010954139908,0.016043171385,3
18.470000,0.016639825806,-0.005395649045,-0.007857577890,0.019176505463,3
18.480000,0.011705919752,-0.011363678345,0.010612604936,0.019462505653,3
18.490000,-0.002317945479,-0.008125344976,0.014039665534,0.016386162166,3
18.500000,-0.010690639394,0.012045453654,0.012540248024,0.020411774662,3
18.510000,-0.005284948824,0.015778933227,-0.003621966619,0.017030092778,3
18.520000,0.009702957014,0.004173296446,-0.012459228514,0.016333895837,3
18.530000,0.026954309408,-0.004916420499,-0.008496286920,0.028686109489,3
18.540000,0.015279440155,-0.020013540381,0.008471695474,0.026566383160,3
18.550000,-0.010728584216,-0.009433357880,0.014129552758,0.020093158569,3
18.560000,-0.013560948689,0.012020904640,0.003399806528,0.018438008627,3
18.570000,0.002587817915,0.009329511766,-0.012839406507,0.016080639005,3
18.580000,0.007964112194,0.004967915708,-0.013447552559,0.016399510338,3
18.590000,0.020314915376,-0.012745995282,-0.010233457057,0.026074505284,3
18.600000,0.009864591225,-0.017936834919,0.006601844898,0.021508709003,3
18.610000,-0.012800778875,0.001920758916,0.012049757376,0.017684623475,3
18.620000,-0.016805173409,0.015688434729,0.005475147781,0.023632987132,3
18.630000,-0.007757013358,0.015749441076,-0.016600897487,0.024162076645,3
18.640000,0.015621242094,-0.003232902891,-0.019317264726,0.025052576358,3
18.650000,0.016246330239,-0.024063474124,-0.003885284366,0.029293164181,3
18.660000,-0.001744381272,-0.022147570214,0.022604351626,0.031694075863,3
18.670000,-0.027553072914,-0.002303972049,0.027865634449,0.039255237835,3
18.680000,-0.032164641714,0.029636581456,0.003234776025,0.043856070422,3
18.690000,-0.006439542487,0.020634569685,-0.027659432882,0.035104093791,3
18.700000,0.013312276210,-0.000909680349,-0.023502340800,0.027025991921,3
18.710000,0.017983329603,-0.032863607478,0.007662081691,0.038237734451,3
18.720000,-0.001754913625,-0.023001518311,0.020559290644,0.030900388318,3
18.730000,-0.036254049413,0.012406861755,0.027687934204,0.047274813780,3
18.740000,-0.027401894523,0.033142975425,-0.002644865241,0.043084985269,3
18.750000,-0.003905405030,0.019445211616,-0.025156254261,0.032034443520,3
18.760000,0.042372788696,-0.004105027292,-0.015739642667,0.045387672580,3
18.770000,0.030932235845,-0.020734960468,0.011233657192,0.038896488966,3
18.780000,0.004228294874,-0.021374069470,0.031439062748,0.038251065211,3
18.790000,-0.029197090117,0.014154639606,0.031842101827,0.045461448969,3
18.800000,-0.012673416275,0.037582360970,-0.013959785782,0.042046699695,3
18.810000,0.021465183105,0.016629973853,-0.030346640761,0.040721354614,3
18.820000,0.051672265564,-0.014547213424,-0.016595049484,0.056187544121,3
18.830000,0.033994909734,-0.026229308865,0.033617956113,0.054532536202,3
18.840000,-0.011896133561,-0.012804119500,0.030180322878,0.034875713023,3
18.850000,-0.027143268062,0.021842833127,0.032954466984,0.047956889540,3
18.860000,-0.002843854762,0.045215138828,-0.048125895323,0.066095371168,3
18.870000,0.031784855780,0.018474416065,-0.035187027133,0.050889173548,3
18.880000,0.061419404637,-0.028778027164,-0.010662662851,0.068660108451,3
18.890000,0.013351581234,-0.038126429585,0.023644227966,0.046807465969,3
18.900000,-0.037226098647,-0.018554312509,0.049620034981,0.064747145147,3
18.910000,-0.029547835610,0.050643611053,0.013361748466,0.060136397063,3
18.920000,-0.016600095296,0.021174207313,-0.034217638471,0.043528806574,3
18.930000,0.035667045450,0.020730885343,-0.053104255743,0.067245592542,3
18.940000,0.035038585151,-0.030997081444,-0.008306243456,0.047513315899,3
18.950000,0.001397857991,-0.043050920359,0.031729704404,0.053498690566,3
18.960000,-0.044442217603,-0.021245753046,0.048108561538,0.068854385635,3
18.970000,-0.076025060836,0.010264484794,0.007662882549,0.077096623091,3
18.980000,-0.008178690413,0.038197393153,-0.057852150696,0.069805466553,3
18.990000,0.035568763377,0.015202501499,-0.058255598306,0.069928304097,3
19.000000,0.036484712181,-0.047669629335,0.003500970710,0.060131394294,3
19.010000,-0.017579745079,-0.047993727035,0.041849741264,0.066059413528,3
19.020000,-0.064488569110,0.006561333117,0.033185987130,0.072822636453,3
19.030000,-0.047406495187,0.045568787476,0.008651261996,0.066322956146,3
19.040000,0.023979845840,0.064650871046,-0.038295627926,0.078875365304,3
19.050000,0.051368372578,-0.004083969084,-0.043492269767,0.067431194816,3
19.060000,0.046824571393,-0.049411452261,0.002246726341,0.068110791215,3
19.070000,0.002792050413,-0.025049562580,0.058263370557,0.063481465639,3
19.080000,-0.035804905043,0.012863785492,0.043363045899,0.057687277210,3
19.090000,-0.040394471843,0.070039779439,-0.013602279467,0.081989670484,3
19.100000,0.025855065644,0.047690463833,-0.054334268616,0.076779408086,3
19.110000,0.081298475176,-0.035085254527,-0.035181681874,0.095279420079,3
19.120000,0.044020901737,-0.065145751744,0.023015817148,0.081923968404,3
19.130000,-0.012111867030,-0.037793356113,0.074735797848,0.084619587385,3
19.140000,-0.040724279732,0.040425683996,0.012118324374,0.058647733732,3
19.150000,-0.025310957075,0.053510182227,-0.008579016992,0.059812905652,3
19.160000,0.051991243220,0.041294997649,-0.045902039007,0.080717800932,3
19.170000,0.064114123479,-0.017999306818,-0.016302645249,0.068559259897,3
19.180000,0.034209375888,-0.064200965566,0.041307145623,0.083655995946,3
19.190000,-0.046712050996,-0.024664627391,0.070735704142,0.088283064021,3
19.200000,-0.062566570452,0.033885737087,0.041085608840,0.082163533090,3
19.210000,-0.025509060067,0.068387806341,-0.053260259173,0.090356291473,3
19.220000,0.021991077866,0.019660927004,-0.063144482398,0.069694943961,3
19.230000,0.037349353655,-0.041141539769,-0.019604739257,0.058923223897,3
19.240000,0.011592414940,-0.069685775114,0.028933043259,0.076338799634,3
19.250000,-0.068864224039,-0.034722119275,0.059507498956,0.097411751608,3
19.260000,-0.079808328129,0.049039026108,0.003266498557,0.093727612437,3
19.270000,-0.038256305305,0.044573563079,-0.054459573587,0.080101139670,3
19.280000,0.048147473011,-0.003054973412,-0.082657119334,0.095706381169,3
19.290000,0.074430466288,-0.047984196891,0.000178188154,0.088557378090,3
19.300000,0.011249387832,-0.050274528884,0.054234192544,0.074802570959,3
19.310000,-0.044262012865,0.006889199663,0.048283690132,0.065862748103,3
19.320000,-0.068084656758,0.052048133630,-0.000249310170,0.085700588422,3
19.330000,0.002135187676,0.047086794394,-0.069879022820,0.084289993849,3
19.340000,0.061766186459,-0.002374914093,-0.051746506303,0.080612672212,3
19.350000,0.040563740486,-0.063285604065,0.013821098579,0.076429755266,3
19.360000,0.018995506290,-0.037412233415,0.060430021743,0.073568281183,3
19.370000,-0.048744480485,0.012667308399,0.047095958258,0.068952986622,3
19.380000,-0.023347370699,0.051641135162,-0.010021670296,0.057552935936,3
19.390000,0.033402210010,0.034836795193,-0.075823731933,0.089880744641,3
19.400000,0.053486573323,-0.008225343036,-0.020663228253,0.057926149499,3
19.410000,0.041787871622,-0.063819075121,0.010768534736,0.077039352959,3
19.420000,-0.001649558771,-0.034206066162,0.042478393581,0.054563631914,3
19.430000,-0.047714913346,0.008809086877,0.023482348024,0.053904857257,3
19.440000,-0.027065508749,0.054613652540,-0.001070865158,0.060961787702,3
19.450000,0.014039674211,0.027682035871,-0.056901822687,0.064816857275,3
19.460000,0.061647260037,-0.028894002062,-0.040626285653,0.079282678507,3
19.470000,0.025162487201,-0.047005701571,0.024306233999,0.058595902190,3
19.480000,-0.040115416856,-0.027944495068,0.060916097592,0.078108337711,3
19.490000,-0.044711266361,0.012930895100,0.017767774274,0.049819666703,3
19.500000,-0.022154067229,0.050492321139,-0.023355495674,0.059881185418,3
19.510000,0.013838845872,0.031638679097,-0.036068007945,0.049934165330,3
19.520000,0.041462596813,-0.033419293512,-0.024491335813,0.058615882176,3
19.530000,0.007307645721,-0.053094595713,0.014879167002,0.055622184338,3
19.540000,-0.031826833089,-0.004449779425,0.050782766253,0.060096898337,3
19.550000,-0.050106083667,0.044947088260,0.001008907400,0.067319226508,3
19.560000,-0.031267565995,0.034653082202,-0.030307364380,0.055650993927,3
19.570000,0.018229015645,0.004473208016,-0.042626685379,0.046576183911,3
19.580000,0.031760910241,-0.031030306221,-0.007535878173,0.045038037073,3
19.590000,0.009637443506,-0.040454109341,0.047748114903,0.063319015759,3
19.600000,-0.046347905573,-0.005510209018,0.031382731868,0.056243814006,3
19.610000,-0.049764425536,0.037867518034,0.008380370930,0.063092611199,3
19.620000,-0.003061839512,0.039433419147,-0.038385878635,0.055116649801,3
19.630000,0.023807766368,0.001360510836,-0.036061150941,0.043232711416,3
19.640000,0.046348728939,-0.033512725038,0.002089262169,0.057233490459,3
19.650000,0.015242640886,-0.037718131332,0.031712409586,0.051581706584,3
19.660000,-0.024838891866,0.000975827318,0.041552679564,0.048420532494,3
19.670000,-0.041669050361,0.032380739156,0.017859900167,0.055711740775,3
19.680000,0.015176386113,0.021977030031,-0.026240116465,0.037441370922,3
19.690000,0.035435827643,-0.006777352021,-0.021572829445,0.042035905502,3
19.700000,0.046880240074,-0.029287313421,0.009550470806,0.056095589215,3
19.710000,0.001065471441,-0.015646290750,0.028418214068,0.032458227531,3
19.720000,-0.019910524204,0.006450283164,0.028256182829,0.035163148253,3
19.730000,-0.011792208865,0.015685560919,0.005213195569,0.020304443340,3
19.740000,0.012475830326,0.019629129665,-0.022576244803,0.032413514205,3
19.750000,0.033880083050,-0.007053455044,-0.012464483448,0.036782803090,3
19.760000,0.019838881834,-0.023629307480,0.007812247918,0.031826979466,3
19.770000,-0.004327005524,-0.024558312040,0.031285478087,0.040007684339,3
19.780000,-0.028682926202,0.012834392701,0.021954287824,0.038333048996,3
19.790000,-0.019810964171,0.028749049465,-0.012018741225,0.036924683982,3
19.800000,0.004727470527,0.015246835437,-0.030653819203,0.034561128456,3
19.810000,0.023916488443,-0.006152161602,-0.016349048845,0.029616531025,3
19.820000,0.010557454160,-0.026597265979,0.008204381666,0.029768880974,3
19.830000,-0.024635023087,-0.019021753648,0.024792505965,0.039791705497,3
19.840000,-0.033014299474,0.018259322871,0.006085734200,0.038214957833,3
19.850000,-0.014884607608,0.029258957131,-0.022193463876,0.039625597218,3
19.860000,0.009682333393,0.003588242858,-0.023895275945,0.026030890865,3
19.870000,0.018760855462,-0.016183694670,-0.011551107951,0.027336967018,3
19.880000,0.007468312070,-0.028202680757,0.018633190805,0.034617375502,3
19.890000,-0.023337192946,-0.009907056284,0.019589479957,0.032039383012,3
19.900000,-0.029133833938,0.014002276218,0.001031761532,0.032340509443,3
19.910000,-0.003727673968,0.023133199727,-0.018396781243,0.029790636833,3
19.920000,0.010584845554,0.004076065756,-0.019896030545,0.022902080667,3
19.930000,0.022609847234,-0.016180493499,-0.004839990208,0.028221252045,3
19.940000,0.001082533751,-0.017372554988,0.018279851335,0.025241444312,3
19.950000,-0.010626540663,-0.002140342503,0.018099779415,0.021097546004,3
19.960000,-0.011558450369,0.023017591512,-0.001851233301,0.025823136113,3
19.970000,0.002197995632,0.019715315061,-0.013596337246,0.024049640730,3
19.980000,0.020198607968,0.000983770348,-0.020284186601,0.028642621982,3
19.990000,0.026121698571,-0.021285733360,0.002821714429,0.033814015633,3
20.000000,0.006809019048,-0.014173194156,0.013226090166,0.020546815667,3
20.010000,-0.012319206743,-0.002444969795,0.014066779532,0.018857757515,3
20.020000,-0.009799401123,0.017865014288,-0.002872783086,0.020577654885,3
20.030000,0.009640321201,0.016925229965,-0.025187025064,0.031839997390,3
20.040000,0.018074455072,-0.005895279718,-0.009225957514,0.021131931789,3
20.050000,0.014135258782,-0.017890941402,0.005126550919,0.023370341234,3
20.060000,0.000366895594,-0.008778617769,0.016522927125,0.018713788048,3
20.070000,-0.024707801920,0.014717372539,0.020229449688,0.035161159890,3
20.080000,-0.006836648647,0.017321056404,-0.008515282462,0.020476054187,3
20.090000,0.002500335460,0.005423019727,-0.020851021358,0.021689304093,3
20.100000,0.016724633960,-0.016971600802,-0.014948182998,0.028128220524,3
20.110000,0.013447504895,-0.022171107099,0.012442180636,0.028761106322,3
20.120000,-0.014442999661,-0.016008306948,0.027036416915,0.034580832410,3
20.130000,-0.027596198556,0.011816241187,0.006580860438,0.030732417000,3
20.140000,-0.014782018095,0.028137165342,-0.009144035917,0.033072972731,3
20.150000,0.005062695608,0.014463276358,-0.022862311477,0.027522763958,3
20.160000,0.024819398930,-0.010518226147,-0.012170669220,0.029576355993,3
20.170000,0.003937159284,-0.029658672332,0.014479904280,0.033238617536,3
20.180000,-0.026243394869,-0.005744989807,0.025571118837,0.037089119708,3
20.190000,-0.039845477279,0.011719861339,0.010536355470,0.042848943931,3
20.200000,-0.015312827127,0.033397120447,-0.020365117192,0.042007003309,3
20.210000,0.018535088248,0.009447625491,-0.028183313551,0.035030076884,3
20.220000,0.032223748843,-0.025656232679,-0.004322864821,0.041416173471,3
20.230000,0.007793631634,-0.036563033129,0.017332366434,0.041206880637,3
20.240000,-0.018688433146,-0.008853479851,0.028656763193,0.035339096135,3
20.250000,-0.031076020634,0.030290006215,0.004545709843,0.043633324569,3
20.260000,-0.009592012401,0.024414977809,-0.022452416697,0.034528377588,3
20.270000,0.033002849363,-0.003675626248,-0.024263790694,0.041126996404,3
20.280000,0.037910669385,-0.028971274837,0.003511177732,0.047842261527,3
20.290000,0.019823878389,-0.035807927917,0.030495728091,0.051040996149,3
20.300000,-0.022567702362,-0.007594151693,0.032827338431,0.040553748018,3
20.310000,-0.022217749545,0.036935973566,-0.004148178570,0.043302447085,3
20.320000,0.010451536596,0.038812348383,-0.030070065707,0.050198026414,3
20.330000,0.036574444138,-0.002005779845,-0.020308980190,0.041882786358,3
20.340000,0.041576025870,-0.042544530486,0.022748143002,0.063687369324,3
20.350000,0.016197037057,-0.041717825775,0.041343418475,0.060926178675,3
20.360000,-0.044631323259,0.020045935764,0.021681016413,0.053515054229,3
20.370000,-0.038261786672,0.039638903197,-0.013651313678,0.056758834829,3
20.380000,0.009842115306,0.046471866374,-0.040402316897,0.062360635088,3
20.390000,0.033978953590,-0.001781200091,-0.036349262348,0.049789665937,3
20.400000,0.023369555928,-0.046516372609,0.014373052406,0.054004571107,3
20.410000,-0.030018513918,-0.037544345212,0.038197297653,0.061398066608,3
20.420000,-0.051709772296,0.019221363016,0.038566893740,0.067310969684,3
20.430000,-0.044281866235,0.038511328029,-0.025262603796,0.063892137344,3
20.440000,-0.001785949393,0.029597539514,-0.069146002368,0.075235454435,3
20.450000,0.047963055867,-0.022645349760,-0.049393825570,0.072477697247,3
20.460000,0.020764653568,-0.055101940670,0.031843907929,0.066943477468,3
20.470000,-0.030007323108,-0.023419252611,0.043709341122,0.057960394532,3
20.480000,-0.049110882222,0.016158692346,0.017883696524,0.054706569005,3
20.490000,-0.013878617435,0.045930082540,-0.025301540875,0.054243492464,3
20.500000,0.007191909083,0.022528341606,-0.068733700056,0.072688178235,3
20.510000,0.067815430947,-0.036419577791,-0.018340582721,0.079130874477,3
20.520000,0.031877898043,-0.062434242800,0.019591089212,0.072787676389,3
20.530000,-0.040731383222,-0.012221385861,0.049137948818,0.064984197045,3
20.540000,-0.047045339765,0.038882117730,0.020683813550,0.064443023019,3
20.550000,-0.005659745857,0.046876183095,-0.049044100650,0.068078873913,3
20.560000,0.038017031008,0.032069833114,-0.067123205338,0.083542166224,3
20.570000,0.068082846493,-0.059289824207,-0.019833139672,0.092433276856,3
20.580000,0.014363587911,-0.064261922133,0.035650932148,0.074879211113,3
20.590000,-0.033740703656,0.003175563263,0.079386271623,0.086317433972,3
20.600000,-0.020833752914,0.060741916237,-0.002456746901,0.064262440461,3
20.610000,0.003603122496,0.054938586195,-0.028084287735,0.061805808484,3
20.620000,0.068010049821,0.020286425840,-0.046807204404,0.085016588583,3
20.630000,0.068498365311,-0.058541552449,-0.011748554207,0.090868960263,3
20.640000,-0.012404815978,-0.060093426650,0.052330732641,0.080644931426,3
20.650000,-0.033509720826,0.002421084473,0.064069765668,0.072344301176,3
20.660000,-0.076339032254,0.040532979421,0.011317649313,0.087170289962,3
20.670000,-0.013293112692,0.055253871733,-0.055826680069,0.079663764624,3
20.680000,0.073639143676,-0.017442268602,-0.057707376542,0.095168784392,3
20.690000,0.036350657609,-0.043171479715,0.013790437015,0.058097531121,3
20.700000,-0.011997199811,-0.055999385362,0.065768848763,0.087208975638,3
20.710000,-0.068591700317,0.009713521261,0.029519150331,0.075303081504,3
20.720000,-0.058426098804,0.084474587418,-0.016000817953,0.103949945243,3
20.730000,0.009222973293,0.064271364896,-0.080299622719,0.103266165760,3
20.740000,0.059824586412,-0.042542624531,-0.021119895748,0.076386556656,3
20.750000,0.030009328325,-0.076932208393,0.015898571276,0.084094524455,3
20.760000,-0.039015254929,-0.021003694795,0.041777194847,0.060898927097,3
20.770000,-0.080985776930,0.015560054640,0.028500355427,0.087252974876,3
20.780000,-0.054848161008,0.038887785687,-0.017297112099,0.069424568624,3
20.790000,0.030089394977,0.014853252632,-0.048248252530,0.058769759877,3
20.800000,0.068355445995,-0.007653524332,-0.039993299792,0.079564486174,3
20.810000,0.005291526627,-0.066125426448,0.032964339023,0.074075771506,3
20.820000,-0.039322458010,-0.035227724356,0.054870815271,0.076144958045,3
20.830000,-0.055384185620,0.059742805869,0.052816651844,0.097088668659,3
20.840000,-0.000963002913,0.070247778184,-0.051177526822,0.086918450090,3
20.850000,0.040751840685,0.036885031520,-0.068507916745,0.087832526585,3
20.860000,0.081658121874,-0.049853849906,-0.026972865530,0.099403172451,3
20.870000,0.026416713756,-0.043205937439,0.057084625343,0.076310223733,3
20.880000,-0.008198133396,0.003675771889,0.048870613402,0.049689612038,3
20.890000,-0.060414646401,0.060266957085,0.008851492407,0.085792683452,3
20.900000,-0.000415016173,0.051399378689,-0.059646106510,0.078738341295,3
20.910000,0.028651233358,0.008358401524,-0.047427197923,0.056036551926,3
20.920000,0.061645135883,-0.038989092796,-0.011600851389,0.073856969123,3
20.930000,0.030359856937,-0.035940999231,0.051318576831,0.069620921186,3
20.940000,-0.050797597989,-0.021672834936,0.072119278457,0.090836655931,3
20.950000,-0.060107505916,0.051846346339,0.002145104979,0.079407539765,3
20.960000,-0.010038850384,0.051295413012,-0.049767226143,0.072171841539,3
20.970000,0.054113652963,-0.012499849170,-0.059258743685,0.081216576937,3
20.980000,0.049891893855,-0.042596496490,-0.006370258112,0.065910869923,3
20.990000,-0.010166657060,-0.061244040446,0.041073615024,0.074439473783,3
21.000000,-0.050652146241,-0.002005991003,0.058976592349,0.077768260646,3
21.010000,-0.059304056446,0.055252729330,0.009860280283,0.081652068783,3
21.020000,0.013498065597,0.043357058162,-0.030711121065,0.054819752137,3
21.030000,0.023992071016,-0.006801702403,-0.040388410764,0.047466897426,3
21.040000,0.031733620480,-0.067781861781,0.012560542171,0.075889199988,3
21.050000,-0.008423807845,-0.024556591985,0.048631343597,0.055127074370,3
21.060000,-0.054101473216,0.006130705539,0.032358939681,0.063337634403,3
21.070000,-0.050060604657,0.062542843704,-0.032057355658,0.086286415437,3
21.080000,0.003937026189,0.035775852424,-0.031145657735,0.047596888424,3
21.090000,0.044029781059,-0.027020486049,-0.032841946890,0.061215371942,3
21.100000,0.028987821532,-0.042527651820,0.018399360785,0.054657400631,3
21.110000,-0.011401972272,-0.033040015147,0.050555132767,0.061461117966,3
21.120000,-0.037227522061,0.016063891104,0.025580294431,0.047940467868,3
21.130000,-0.031916085031,0.040896075346,-0.028792355572,0.059330643025,3
21.140000,0.030650305890,0.024943696425,-0.056685846039,0.069100755305,3
21.150000,0.033117506121,-0.027109625567,-0.013878781269,0.044992461364,3
21.160000,0.028651349655,-0.040972490168,0.040308426939,0.064221601272,3
21.170000,-0.013987758842,-0.013588921272,0.053437358398,0.056884685560,3
21.180000,-0.010200404759,0.024160215911,0.019801471483,0.032861262347,3
21.190000,-0.002809616340,0.028900949866,-0.014925402848,0.032648529788,3
21.200000,0.035223813745,0.006798497429,-0.055220027302,0.065849738323,3
21.210000,0.039798602965,-0.035335615564,-0.010826899923,0.054311658852,3
21.220000,-0.003024257835,-0.024456108631,0.036339271829,0.043906606130,3
21.230000,-0.023049794810,-0.006157527160,0.047309418353,0.052984802032,3
21.240000,-0.035069961075,0.025962338871,0.008864048210,0.044525459684,3
21.250000,-0.004652754346,0.046219232148,-0.029801933344,0.055190767112,3
21.260000,0.031157337829,0.002045820574,-0.026923343589,0.041229012994,3
21.270000,0.031651493504,-0.030937105515,0.001010987653,0.044271250657,3
21.280000,-0.003802422236,-0.025519884918,0.030323823456,0.039815288647,3
21.290000,-0.045733571595,-0.002180275903,0.037006873937,0.058871231449,3
21.300000,-0.035975423970,0.037878171489,-0.004460836871,0.052429820434,3
21.310000,-0.006051796932,0.017621351956,-0.035755724873,0.040318831234,3
21.320000,0.016455596348,0.002543031964,-0.026737137430,0.031498066300,3
21.330000,0.012868466567,-0.032493740080,0.007508299343,0.035746540185,3
21.340000,-0.010126769883,-0.023914221246,0.023481837793,0.035011971555,3
21.350000,-0.027519703373,0.002399121892,0.009710236185,0.029281027071,3
21.360000,-0.019257387827,0.026864971324,-0.008461328243,0.034119902488,3
21.370000,0.000472133351,0.021350777017,-0.028933736134,0.035961641729,3
21.380000,0.029588103084,-0.013736122994,-0.030477015442,0.044642864931,3
21.390000,0.008727054228,-0.031233555713,0.006157140862,0.033009193592,3
21.400000,-0.016008454869,-0.021959209099,0.029253913497,0.039928297565,3
21.410000,-0.026120943867,0.012188319649,0.026365956333,0.039064337927,3
21.420000,-0.016078150440,0.026003410915,-0.011379010376,0.032621560017,3
21.430000,0.019410211931,0.008824236649,-0.031521740686,0.038055796083,3
21.440000,0.027751447833,-0.008520026239,-0.013784473950,0.032136356763,3
21.450000,0.020091428315,-0.014896866347,0.012021712285,0.027750742061,3
21.460000,-0.003484315142,-0.006794032063,0.028541632532,0.029545289155,3
21.470000,-0.021310555883,0.022056745119,0.016539437837,0.034845269424,3
21.480000,-0.011893384533,0.023997994095,-0.012441597127,0.029532179996,3
21.490000,0.022842200184,0.021526319832,-0.022641563973,0.038701278711,3
21.500000,0.033202095844,-0.009441322610,-0.016677396936,0.038336057565,3
21.510000,0.013012128070,-0.022767398670,0.022924370532,0.034830973047,3
21.520000,-0.005439136058,-0.002648143996,0.023841492771,0.024597025129,3
21.530000,-0.023687625892,0.018328796279,0.000814162256,0.029961829945,3
21.540000,-0.004729506798,0.034274385146,-0.021536276367,0.040754299300,3
21.550000,0.023229644789,0.012319346104,-0.024881861510,0.036200686701,3
21.560000,0.030162349584,-0.020855956937,-0.009649948832,0.037919121623,3
21.570000,0.003547564809,-0.021486767944,0.016607894530,0.027387744951,3
21.580000,-0.020017151623,-0.005068489511,0.027759082310,0.034596858176,3
21.590000,-0.029437544417,0.019515965823,-0.001767641333,0.035363349660,3
21.600000,-0.020769703690,0.025757399828,-0.024146138349,0.040961692280,3
21.610000,0.022491517941,-0.010641590086,-0.026552720842,0.036388992882,3
21.620000,0.010533624704,-0.032067566650,0.000968121058,0.033767193230,3
21.630000,-0.006016273202,-0.017922412476,0.026568836914,0.032608457601,3
21.640000,-0.021798247539,0.002586862645,0.017027013699,0.027780832414,3
21.650000,-0.032667604081,0.026090619782,-0.007332989421,0.042446030802,3
21.660000,0.002424260367,0.020044799635,-0.029100762680,0.035419280333,3
21.670000,0.024523653899,-0.010744339365,-0.025650524660,0.037078293438,3
21.680000,0.012165320703,-0.022597421868,0.007094532195,0.026626507281,3
21.690000,-0.007112201813,-0.027224011737,0.026460075556,0.038624679003,3
21.700000,-0.024393359478,-0.001481150885,0.023344337803,0.033796270534,3
21.710000,-0.021555207595,0.019807532691,-0.002869685272,0.029414289373,3
21.720000,0.007194353180,0.022727914481,-0.029734652502,0.038111236844,3
21.730000,0.049441140368,-0.018445509585,-0.018442414415,0.055899783848,3
21.740000,0.026489381973,-0.032267899335,0.004842092547,0.042027973363,3
21.750000,-0.005954066298,-0.022280525568,0.032870494508,0.040153980304,3
21.760000,-0.028216165096,0.016596388892,0.029363196179,0.043974872220,3
21.770000,-0.004154381472,0.034993387604,-0.018372476256,0.039740960547,3
21.780000,0.010743859239,0.009504088700,-0.044810606260,0.047050490399,3
21.790000,0.030512209137,-0.022255109754,-0.014399318877,0.040418129604,3
21.800000,0.041642364230,-0.035760285478,0.026314806195,0.060871615234,3
21.810000,-0.012473448617,-0.018013959863,0.040613168667,0.046146713204,3
21.820000,-0.042852342791,0.028734060419,0.018612960617,0.054848991000,3
21.830000,-0.018357019486,0.040577554415,-0.025292883055,0.051217653401,3
21.840000,0.037882500788,0.006142778304,-0.048589618544,0.061917433906,3
21.850000,0.035512272808,-0.037416496172,-0.011205291602,0.052788959695,3
21.860000,0.005628156261,-0.046826678319,0.028726327041,0.055223326689,3
21.870000,-0.023980259378,0.004701657742,0.044052139460,0.050376079804,3
21.880000,-0.068302161519,0.032950079522,-0.004208628715,0.075951336818,3
21.890000,-0.019350310976,0.035609314734,-0.047358935953,0.062332388414,3
21.900000,0.024117998820,-0.000089455819,-0.030131971996,0.038595616406,3
21.910000,0.039929886126,-0.030550080104,0.003994124156,0.050434672877,3
21.920000,-0.006256030677,-0.031975974040,0.044245484784,0.054947827613,3
21.930000,-0.036315280096,0.009563396200,0.044062678566,0.057894539965,3
21.940000,-0.054620721210,0.041470658765,-0.005081861261,0.068768190596,3
21.950000,-0.024875806458,0.042164989904,-0.055102381103,0.073708646195,3
21.960000,0.019509692197,-0.004583790671,-0.027722552718,0.034207881486,3
21.970000,0.027807622699,-0.045668627380,0.000854498164,0.053475392230,3
21.980000,-0.008978733860,-0.038337729294,0.049309404427,0.063101636382,3
21.990000,-0.079416832752,0.018392184344,0.028660830522,0.086410352247,3
22.000000,-0.043028951880,0.052407106113,-0.001252775179,0.067820092278,3
22.010000,0.011273800418,0.050058541624,-0.042052056901,0.066342532775,3
22.020000,0.051273502585,-0.011480088469,-0.022165140436,0.057026817806,3
22.030000,0.048783862454,-0.075114998102,0.038767212224,0.097596234146,3
22.040000,-0.006485538878,-0.043211931280,0.040466629483,0.059555699318,3
22.050000,-0.045502309298,0.025317157582,0.047655615196,0.070586657941,3
22.060000,-0.033349004371,0.064076050675,-0.024755137732,0.076359106901,3
22.070000,0.031233850360,0.049439612911,-0.067238367581,0.089111316947,3
22.080000,0.076854842580,-0.024987379061,-0.022975838113,0.084017409370,3
22.090000,0.059363041285,-0.066816691167,0.042466175147,0.098953609943,3
22.100000,-0.004096334213,-0.045899200338,0.075043107407,0.088062389900,3
22.110000,-0.043278342651,0.042651043441,0.057896995141,0.083929663979,3
22.120000,-0.018168446152,0.061672962302,-0.043200775210,0.077459368016,3
22.130000,0.021242615841,0.019702745523,-0.081362187482,0.086366963943,3
22.140000,0.058716717698,-0.030741267861,-0.047354559679,0.081456324551,3
22.150000,0.013513670862,-0.060023034884,0.039758637361,0.073253895881,3
22.160000,-0.055346619921,-0.030069290894,0.082694079870,0.103950572086,3
22.170000,-0.082522786422,0.050954569885,0.031229370521,0.101890392355,3
22.180000,-0.014240502676,0.052805722803,-0.039594776672,0.067520238573,3
22.190000,0.051350572407,0.017519716812,-0.088357745327,0.103686609179,3
22.200000,0.050937318866,-0.059231111220,-0.021216413662,0.080951041984,3
22.210000,-0.009521625135,-0.078166362158,0.074324854927,0.108281233730,3
22.220000,-0.062077356413,-0.007753945900,0.065796284032,0.090790268469,3
22.230000,-0.095347437423,0.058512018520,-0.022980263499,0.114205440522,3
22.240000,-0.026589274439,0.063592917915,-0.060953315810,0.092012800373,3
22.250000,0.056107000942,0.009454036073,-0.066562569799,0.087566831912,3
22.260000,0.046666213910,-0.044785862092,-0.004007021293,0.064804052216,3
22.270000,-0.000720419908,-0.064349365811,0.053911311136,0.083951112879,3
22.280000,-0.036346767554,-0.001338789739,0.069766469731,0.078678079338,3
22.290000,-0.029139066207,0.042020589763,-0.015079274094,0.053312284237,3
22.300000,0.007250334675,0.067860427758,-0.076433533547,0.102467995291,3
22.310000,0.079462947867,-0.001218720166,-0.041606294254,0.089704677047,3
22.320000,0.037992296298,-0.075927161081,0.035731139752,0.092114400155,3
22.330000,-0.003768556823,-0.039863843000,0.059743292499,0.071920713274,3
22.340000,-0.062057854839,0.014720380721,0.076542640161,0.099632538453,3
22.350000,-0.045370762537,0.092920109177,-0.026911727096,0.106849865877,3
22.360000,0.031192436149,0.046103792786,-0.045517835071,0.071905501123,3
22.370000,0.070333382044,-0.019423877631,-0.055535149413,0.091696371097,3
22.380000,0.068827020221,-0.063798463607,0.000753042676,0.093850784463,3
22.390000,-0.037566430088,-0.020445455380,0.064590826579,0.077467594473,3
22.400000,-0.068218106567,0.045041238894,0.049450174661,0.095539222515,3
22.410000,-0.036814157779,0.060228278276,-0.026508542067,0.075401793875,3
22.420000,0.045375019702,0.041661507930,-0.050093336938,0.079397204368,3
22.430000,0.085978002773,-0.035962577201,-0.007441623806,0.093492789479,3
22.440000,0.038509293714,-0.053100110939,0.046600858437,0.080462584418,3
22.450000,-0.024109965668,-0.014536372383,0.061880829982,0.067984069354,3
22.460000,-0.045028353879,0.055785057061,0.038323859540,0.081291103168,3
22.470000,-0.047602666620,0.089101698898,-0.043789523109,0.110102901641,3
22.480000,0.043273769461,0.025640908795,-0.046139907643,0.068256621690,3
22.490000,0.047595643998,-0.045843636441,-0.046726342259,0.080934142305,3
22.500000,-0.008918178057,-0.066518736531,0.047703594846,0.082340203854,3
22.510000,-0.052227795371,-0.040898607826,0.059530829677,0.089131130440,3
22.520000,-0.080558592503,0.033124463838,0.008123950705,0.087480943671,3
22.530000,-0.028864326997,0.074634552260,-0.061023020680,0.100634362009,3
22.540000,0.031277217692,-0.002129962737,-0.071025700592,0.077636661651,3
22.550000,0.039391951814,-0.047633470089,-0.016669555241,0.064019898566,3
22.560000,-0.001435209616,-0.031498326432,0.032805435190,0.045501659010,3
22.570000,-0.060731980548,-0.009311592522,0.053137542143,0.081232244839,3
22.580000,-0.060795396002,0.024140950281,-0.021349305111,0.068808854693,3
22.590000,-0.004664811156,0.045049922525,-0.050407604652,0.067765644610,3
22.600000,0.061484733963,-0.020847186864,-0.042948253683,0.077842984302,3
22.610000,0.046344794258,-0.043841315076,0.012300661495,0.064970817569,3
22.620000,0.000067522993,-0.045426315271,0.033826735348,0.056637467305,3
22.630000,-0.026410397159,0.015630453067,0.038449914513,0.049195691552,3
22.640000,-0.034384333625,0.056945466789,0.004071591447,0.066645678356,3
22.650000,0.027981528896,0.029743413092,-0.036932384086,0.055060308535,3
22.660000,0.053912459654,-0.002694199263,-0.036976336856,0.065429821205,3
22.670000,0.048014054745,-0.047805780387,0.012557915604,0.068908949606,3
22.680000,-0.003469579443,-0.036441761065,0.052260083179,0.063805612801,3
22.690000,-0.032399861808,0.008316455333,0.039187615713,0.051522652297,3
22.700000,-0.012030919451,0.041052416567,-0.028089032181,0.051176534249,3
22.710000,0.012117973597,0.035682894582,-0.044345070795,0.058194497623,3
22.720000,0.047243028161,-0.010299401794,-0.021848827461,0.053059896801,3
22.730000,0.037658665021,-0.043145553322,0.008335197577,0.057872181066,3
22.740000,-0.031759351213,-0.026602644101,0.034084091075,0.053647761623,3
22.750000,-0.037559017845,0.023503733905,0.019570677012,0.048436729118,3
22.760000,-0.015428439184,0.038973957940,-0.017429191214,0.045395846061,3
22.770000,0.014706715976,0.019750075039,-0.047473211763,0.053479517518,3
22.780000,0.029471250801,-0.028254469779,-0.019617768316,0.045295987902,3
22.790000,0.005934101112,-0.039279889973,0.026742531332,0.047888268859,3
22.800000,-0.044729528340,-0.017576559010,0.038364119374,0.061493672744,3
22.810000,-0.038997880891,0.009888562446,0.011512919485,0.041846931743,3
22.820000,-0.011964250564,0.042921303688,-0.021969601048,0.049679422018,3
22.830000,0.011184354418,0.002682935870,-0.041662048688,0.043220530185,3
22.840000,0.030972742893,-0.024978529541,-0.017058493160,0.043292377265,3
22.850000,-0.000836622623,-0.029755937875,0.030467531205,0.042595612848,3
22.860000,-0.020859967285,-0.011709769085,0.038262255206,0.045124905547,3
22.870000,-0.036343774751,0.018007495894,0.015720399018,0.043500239273,3
22.880000,-0.001754991004,0.024640857845,-0.023884049523,0.034361310953,3
22.890000,0.024822139291,-0.011931376727,-0.035933025894,0.045273377381,3
22.900000,0.026326881892,-0.017993375993,0.000460347114,0.031891663633,3
22.910000,-0.002401056071,-0.028073277863,0.014844545776,0.031847049149,3
22.920000,-0.026340214813,0.000010158730,0.015079939127,0.030351467570,3
22.930000,-0.021248707708,0.019153118781,-0.004239368410,0.028919228600,3
22.940000,0.001996427854,0.016359316178,-0.025997397354,0.030781124397,3
22.950000,0.023851478519,0.000323782989,-0.018641992853,0.030274110399,3
22.960000,0.026480502781,-0.019418959221,0.004137169853,0.033097268455,3
22.970000,-0.002573758113,-0.017438175373,0.032992234926,0.037405905370,3
22.980000,-0.019654538797,0.003420377838,0.032273528877,0.037941804728,3
22.990000,-0.017596797026,0.018500402906,-0.004484453570,0.025923396712,3
23.000000,0.007671889720,0.012446042568,-0.022769857512,0.027059716898,3
23.010000,0.027067869492,-0.005272757751,-0.021213999872,0.034792317021,3
23.020000,0.022686677612,-0.030192870573,0.006818270577,0.038376862667,3
23.030000,-0.007771323654,-0.017283355116,0.025212882672,0.031540407227,3
23.040000,-0.026656705011,0.002327507453,0.016353982260,0.031360005560,3
23.050000,-0.018959608710,0.029346669202,-0.014200908051,0.037714182281,3
23.060000,-0.001745148945,0.016150025308,-0.026518128100,0.031097909580,3
23.070000,0.027885597619,-0.008433517950,-0.015371962224,0.032939763238,3
23.080000,0.018903775873,-0.018228697478,0.011892545456,0.028828298448,3
23.090000,-0.009528518489,-0.019292659303,0.021497496598,0.030416142549,3
23.100000,-0.039513594310,0.005979478875,0.007858295234,0.040728750372,3
23.110000,-0.017556362514,0.023032093699,-0.008698775876,0.030238583079,3
23.120000,0.014136534171,0.002318277318,-0.035100536862,0.037911260808,3
23.130000,0.012792891822,-0.020697055852,-0.011969401558,0.027116282484,3
23.140000,0.006805916273,-0.021830647694,0.023241745970,0.032604852871,3
23.150000,-0.023378481685,-0.011004553878,0.025065497842,0.035999066571,3
23.160000,-0.022114421515,0.016725671964,0.010678875278,0.029712524612,3
23.170000,-0.006305500961,0.025638254233,-0.009357671221,0.028011523221,3
23.180000,0.012041514080,0.011513235994,-0.027074673835,0.031789788103,3
23.190000,0.029571935940,-0.028278702348,-0.011393142862,0.042473381146,3
23.200000,0.005786136953,-0.023747152026,0.027451057734,0.036755505450,3
23.210000,-0.016561582966,-0.002240613496,0.028619828011,0.033142132317,3
23.220000,-0.022198654112,0.025837273474,-0.002756812519,0.034175209732,3
23.230000,0.000810390357,0.032216987227,-0.026628956650,0.041805410305,3
23.240000,0.032301416142,0.002864724440,-0.036414897753,0.048760977320,3
23.250000,0.035571062612,-0.024392609664,-0.001520143157,0.043157974197,3
23.260000,0.006908041562,-0.035205013757,0.037659017413,0.052012648696,3
23.270000,-0.017281086178,-0.000132043259,0.020977594474,0.027179272338,3
23.280000,-0.013309075264,0.033480035365,0.000441576322,0.036031087162,3
23.290000,0.001502517254,0.025501622606,-0.033430599976,0.042073689265,3
23.300000,0.038358947954,-0.006908135347,-0.017574646865,0.042755110040,3
23.310000,0.042560221331,-0.026083003851,0.016052090794,0.052434388987,3
23.320000,-0.014747811980,-0.021379797728,0.033958015869,0.042752082415,3
23.330000,-0.032172614809,0.000734550639,0.032449923544,0.045701359349,3
23.340000,-0.027063283566,0.053642714543,-0.011558258810,0.061184601720,3
23.350000,0.008836479897,0.025163966940,-0.031624465781,0.041369257246,3
23.360000,0.041830310364,-0.025625999090,-0.021122917898,0.053410152172,3
23.370000,0.027296403977,-0.056731949613,0.016113909591,0.064986659087,3
23.380000,-0.018150476117,-0.020371941897,0.038588452103,0.047260178117,3
23.390000,-0.047950203834,0.014304931827,0.027869507947,0.057276195714,3
23.400000,-0.038058301493,0.024108747774,-0.029237592287,0.053707567758,3
23.410000,-0.003226743460,0.014412906549,-0.045380332270,0.047723351784,3
23.420000,0.026719362980,-0.022333389870,-0.022165774327,0.041279852382,3
23.430000,0.007863952796,-0.037774816211,0.015058663580,0.041419099969,3
23.440000,-0.036630240686,-0.015325226398,0.055610486205,0.068331275949,3
23.450000,-0.054568060951,0.025109542896,0.020451692876,0.063454189475,3
23.460000,-0.026167373893,0.057592184773,-0.034218161745,0.071919912379,3
23.470000,0.028787282921,0.014808902105,-0.058270975257,0.066659716448,3
23.480000,0.041367150923,-0.040821137744,-0.017391804344,0.060663673813,3
23.490000,0.017088203367,-0.047679372417,0.044343115298,0.067317465213,3
23.500000,-0.010609288316,0.001788200155,0.043826698432,0.045127975290,3
23.510000,-0.039702145880,0.039266325821,0.006669332483,0.056236862703,3
23.520000,-0.012928490371,0.047185089136,-0.043419448558,0.065412743507,3
23.530000,0.059636713642,0.013895654734,-0.054843262772,0.082203468941,3
23.540000,0.076914735733,-0.043771304630,0.000546615884,0.088499166498,3
23.550000,0.027803606974,-0.060760712999,0.043973340670,0.079990996334,3
23.560000,-0.037844379422,-0.000726973810,0.044979233768,0.058786537703,3
23.570000,-0.045513177724,0.055655082937,0.013154482132,0.073088836380,3
23.580000,0.016542405057,0.046782724816,-0.065527147297,0.082195386362,3
23.590000,0.070293587412,-0.008836407412,-0.054136073806,0.089162688465,3
23.600000,0.045387605966,-0.070084539125,-0.010781328422,0.084190940381,3
23.610000,0.007799283136,-0.028148985694,0.052027403574,0.059666112122,3
23.620000,-0.045788824502,0.004110044826,0.046741644075,0.065561346909,3
23.630000,-0.046522822123,0.061440245908,-0.005696909168,0.077276979558,3
23.640000,0.004920775232,0.052591339503,-0.047461380757,0.071011588371,3
23.650000,0.048921906528,-0.026516325556,-0.042666817377,0.070120794094,3
23.660000,0.041731234543,-0.071656247855,0.015838652078,0.084421423186,3
23.670000,-0.047657393939,-0.069987712486,0.055620759442,0.101307334271,3
23.680000,-0.085341556308,0.011839035021,0.055455350462,0.102462870729,3
23.690000,-0.062116384092,0.072529818205,-0.022716652148,0.098158371963,3
23.700000,0.024386281490,0.025734443572,-0.076684964504,0.084483939846,3
23.710000,0.023206514566,-0.031310160863,-0.036943864703,0.053700257269,3
23.720000,0.029381151819,-0.076655477326,0.014046587332,0.083286378850,3
23.730000,-0.022613813394,-0.053202951602,0.065480218785,0.087347568184,3
23.740000,-0.081065101197,0.016127296124,0.030250043023,0.088015370335,3
23.750000,-0.069610792819,0.072121671061,-0.039863352360,0.107871612461,3
23.760000,0.037526123336,0.031357783541,-0.066694177288,0.082702078604,3
23.770000,0.075791852134,-0.046765106563,-0.038438269573,0.096999384583,3
23.780000,0.050592033369,-0.077119631942,0.051401413947,0.105589283675,3
23.790000,-0.046416739052,-0.005302150949,0.065148090101,0.080167949411,3
23.800000,-0.065593824393,0.066098709993,0.038971839167,0.100947478964,3
23.810000,-0.029843667142,0.069527279266,-0.032787139164,0.082460193580,3
23.820000,0.055693507693,0.015245458828,-0.064495903403,0.086567386294,3
23.830000,0.059470747970,-0.050072490963,-0.030301113106,0.083439688823,3
23.840000,0.041839037077,-0.069612427426,0.046289629667,0.093483286690,3
23.850000,-0.020849620288,-0.002408971805,0.080337293744,0.083033671347,3
23.860000,-0.044193422131,0.065371489564,0.027061838010,0.083419621696,3
23.870000,0.016455188834,0.044437328615,-0.038364387739,0.060969464986,3
23.880000,0.074224652364,0.016854205163,-0.056745292372,0.094938882744,3
23.890000,0.077635889554,-0.072881776226,-0.012312633021,0.107194615465,3
23.900000,0.005957523514,-0.049692458338,0.038840347884,0.063351441387,3
23.910000,-0.049058424769,0.015571631323,0.047251580227,0.069870713299,3
23.920000,-0.071074176149,0.037229961523,-0.009527381402,0.080798388268,3
23.930000,0.014753710813,0.040006438795,-0.062669647609,0.075800210153,3
23.940000,0.051562478901,-0.011847724509,-0.059644778935,0.079728021804,3
23.950000,0.048495139836,-0.055135450473,0.024446159090,0.077390640137,3
23.960000,-0.020790275285,-0.043035489389,0.067271026466,0.082520784625,3
23.970000,-0.082106021962,0.009092678287,0.056690591847,0.100189315023,3
23.980000,-0.092487980196,0.075846760293,-0.022690187477,0.121744002461,3
23.990000,-0.000845787324,0.053818752020,-0.076755576954,0.093747490734,3
24.000000,0.035190487689,-0.007966953240,-0.079120397366,0.086959071103,3
24.010000,0.019196094017,-0.048569847818,0.018396388856,0.055370996609,3
24.020000,-0.031931676930,-0.026352785825,0.069142721384,0.080590428915,3
24.030000,-0.087184145872,0.011570333398,0.030597399586,0.093119003258,3
24.040000,-0.036526859115,0.053587535305,-0.043849730011,0.078285593815,3
24.050000,0.001139550862,0.028567609583,-0.054230739534,0.061305627832,3
24.060000,0.057333411572,-0.021324391124,-0.043095188147,0.074826766472,3
24.070000,0.046408176464,-0.044753223847,0.011318964307,0.065457534634,3
24.080000,-0.029524286900,-0.028076904705,0.059964264912,0.072496269981,3
24.090000,-0.054409136847,0.023096046141,0.021571484634,0.062921462706,3
24.100000,-0.020023223319,0.056259039089,-0.033965643612,0.068699882804,3
24.110000,0.038249678049,0.031096937184,-0.060348369968,0.077922930713,3
24.120000,0.051685913587,-0.049259589510,-0.006923210715,0.071734731257,3
24.130000,0.026084087347,-0.038995428894,0.030038661770,0.055707668129,3
24.140000,-0.026572625395,-0.015718119891,0.057345659335,0.065128245469,3
24.150000,-0.040294308758,0.056618601010,0.007530254254,0.069899942974,3
24.160000,-0.003289581045,0.044105775645,-0.033058900917,0.055218037982,3
24.170000,0.042424024906,0.022871642789,-0.051195875971,0.070313068839,3
24.180000,0.064189563906,-0.034506894644,0.003521407242,0.072961813309,3
24.190000,0.020148765800,-0.060286870565,0.025156208606,0.068361643903,3
24.200000,-0.021221342993,0.005836252468,0.033607891556,0.040173344598,3
24.210000,-0.042268832586,0.035498362540,0.010214119270,0.056134803675,3
24.220000,-0.004652405831,0.054659275387,-0.040566861357,0.068227205030,3
24.230000,0.036482551919,0.015429052802,-0.025700383068,0.047218025740,3
24.240000,0.033165666549,-0.020169880051,-0.008628715700,0.039764811499,3
24.250000,0.002295438796,-0.033203047017,0.039156254454,0.051389917623,3
24.260000,-0.040214256416,-0.003065328190,0.045508805040,0.060808173728,3
24.270000,-0.046572292258,0.056070230752,-0.007913118829,0.073317573830,3
24.280000,0.002322549249,0.028735917844,-0.038836282437,0.048367386149,3
24.290000,0.028566306215,-0.026802541767,-0.028511372263,0.048449029343,3
24.300000,0.017280613357,-0.034454620064,0.005965981214,0.039004273786,3
24.310000,-0.006253078109,-0.026229422856,0.039763608581,0.048044023318,3
24.320000,-0.040657799953,0.007158795093,0.025670447221,0.048613546515,3
24.330000,-0.038086811950,0.041291354377,-0.015091182684,0.058166356131,3
24.340000,-0.000117248991,0.027254136997,-0.039456373695,0.047954219375,3
24.350000,0.030073715146,-0.029253812252,-0.022216875449,0.047474239632,3
24.360000,0.012872919222,-0.031000645660,0.014834982626,0.036699166069,3
24.370000,-0.013279712442,-0.020737664689,0.044560732019,0.050912280810,3
24.380000,-0.030642433906,0.018125974913,0.011772346124,0.037497971352,3
24.390000,-0.019613287449,0.033011101576,-0.005151551806,0.038742126398,3
24.400000,0.014126429646,0.016312552230,-0.035347719832,0.041413967114,3
24.410000,0.034988847542,-0.012434945820,-0.013744347274,0.039594878606,3
24.420000,0.007695570396,-0.030529508507,0.014901953689,0.034833043466,3
24.430000,-0.006462302318,-0.011108055361,0.029115930348,0.031825895827,3
24.440000,-0.019722774065,0.014118687732,0.009150503656,0.025924059815,3
24.450000,0.001007712897,0.021995163149,-0.009556640133,0.024002751047,3
24.460000,0.012663596735,0.013169181493,-0.037715455739,0.041907632062,3
24.470000,0.030354935798,-0.020623808938,-0.020674778397,0.042121373246,3
24.480000,0.016577240709,-0.028854062832,0.017087504640,0.037407815577,3
24.490000,-0.023080668485,-0.004415313422,0.020054390333,0.030893216439,3
24.500000,-0.017437771070,0.022220305733,0.006947589692,0.029087572076,3
24.510000,-0.006134310542,0.022652705167,-0.016489905962,0.028682604760,3
24.520000,0.021757716936,0.001801927626,-0.030163954173,0.037235860683,3
24.530000,0.017418115370,-0.021443754507,-0.012136267672,0.030174730213,3
24.540000,0.005649228568,-0.025483042213,0.021321022138,0.033702896149,3
24.550000,-0.020822621712,0.002061174846,0.015591365402,0.026094457109,3
24.560000,-0.015729278506,0.012756397180,0.000268627438,0.020253593064,3
24.570000,-0.005059525867,0.025186747625,-0.019944447157,0.032523099949,3
24.580000,0.008234308811,-0.007262210119,-0.019436794641,0.022323362724,3
24.590000,0.021623668813,-0.029191081258,0.003386402733,0.036485202500,3
24.600000,-0.011891632194,-0.012688698236,0.023090134571,0.028906198187,3
24.610000,-0.024152786375,0.003217485583,0.020181293056,0.031638487520,3
24.620000,-0.023511342513,0.025620478358,-0.004369033692,0.035046834286,3
24.630000,0.000626779798,0.025521475366,-0.017585154210,0.030999616229,3
24.640000,0.022387655227,-0.006606544507,-0.015163425325,0.027834924187,3
24.650000,0.023490478357,-0.032944329557,0.004220999852,0.040681055335,3
24.660000,-0.005382544423,-0.014615142966,0.028360099774,0.032355361960,3
24.670000,-0.030106149599,0.006305579801,0.024003343658,0.039016677038,3
24.680000,-0.011844480307,0.017530489095,-0.012099989169,0.024372515248,3
24.690000,0.007789970501,0.018871699052,-0.020014335079,0.028590177932,3
24.700000,0.022002296193,-0.015447797346,-0.012732063120,0.029746275597,3
24.710000,0.023689832955,-0.021938932702,0.003748455302,0.032505013008,3
24.720000,-0.006202476425,-0.016183143793,0.020602508246,0.026922633653,3
24.730000,-0.023696877833,0.008861460676,0.009591917320,0.027056836146,3
24.740000,-0.016578150839,0.015366784049,-0.023896941296,0.032894329915,3
24.750000,0.026725841413,0.012655937973,-0.026437920695,0.039666194875,3
24.760000,0.037791496341,-0.012185420263,-0.011582938717,0.041362375802,3
24.770000,0.022777919391,-0.032828284396,0.013918105601,0.042311269559,3
24.780000,-0.002843670301,-0.002415683872,0.032961949983,0.033172460506,3
24.790000,-0.019210481580,0.022270700683,0.015847983514,0.033409359361,3
24.800000,-0.013963451893,0.037468288834,-0.021700289883,0.045494540749,3
24.810000,0.019583125790,0.011882148795,-0.022198945261,0.031897922289,3
24.820000,0.037089783508,-0.022844603700,-0.008195170419,0.044324809949,3
24.830000,0.001381705971,-0.033284091959,0.019564437087,0.038632979273,3
24.840000,-0.024065967263,-0.013372673889,0.033127915410,0.043075027182,3
24.850000,-0.033170526087,0.025673202967,0.017075062183,0.045287469570,3
24.860000,-0.013875871588,0.033284200174,-0.034162297046,0.049673336238,3
24.870000,0.023812454104,0.004248807161,-0.032518131629,0.040527943661,3
24.880000,0.022478660775,-0.033972652540,-0.000683538237,0.040741852380,3
24.890000,0.001905973093,-0.037889290858,0.030587276424,0.048732048738,3
24.900000,-0.036975700851,-0.002926394285,0.031661420666,0.048766912918,3
24.910000,-0.052931612884,0.032545026571,-0.003865499909,0.062256537702,3
24.920000,-0.008226114127,0.025230981391,-0.040617329573,0.048518438117,3
24.930000,0.038465046702,-0.014334722248,-0.041965246446,0.058703713588,3
24.940000,0.030416305973,-0.053747771408,0.021025649870,0.065238428497,3
24.950000,-0.017136934023,-0.034773507569,0.045300371700,0.059623778919,3
24.960000,-0.036548058162,0.014874905264,0.038899366549,0.055409241828,3
24.970000,-0.019878894977,0.044465648443,-0.012569032288,0.050302534028,3
24.980000,0.020310317176,0.020604832672,-0.037907387235,0.047686875765,3
24.990000,0.047233834712,-0.016552002982,-0.022085018730,0.054706050823,3
25.000000,0.046446011664,-0.072924537449,0.020531055653,0.088863628150,3
25.010000,-0.011791034109,-0.027027886680,0.043070839185,0.052198010804,3
25.020000,-0.038503661084,0.023466962115,0.038927784367,0.059570148762,3
25.030000,-0.016257744368,0.047746313738,-0.019530147549,0.054087442080,3
25.040000,0.051042852395,0.033827744495,-0.045532208859,0.076307739593,3
25.050000,0.071894698282,-0.018285565597,-0.032896034960,0.081150222836,3
25.060000,0.045469005507,-0.054087765227,0.042149460269,0.082276933645,3
25.070000,-0.006374395284,-0.012992101368,0.051954621415,0.053932460537,3
25.080000,-0.055475686819,0.021003499822,0.015008895607,0.061187954535,3
25.090000,-0.006928762776,0.073852374119,-0.013112237068,0.075326699633,3
25.100000,0.029750991633,0.015500084095,-0.055719961175,0.065039128096,3
25.110000,0.046703037116,-0.029045311575,-0.002194691741,0.055041988265,3
25.120000,0.017465666144,-0.061016918431,0.045842469923,0.078292055008,3
25.130000,-0.047133910832,-0.012389236026,0.064980446156,0.081225347659,3
25.140000,-0.062482027147,0.034552980720,0.019621800676,0.074046790982,3
25.150000,0.004654885710,0.042766798022,-0.060829348804,0.074504205585,3
25.160000,0.048676710082,0.004618364996,-0.065088582031,0.081408076444,3
25.170000,0.063322905686,-0.038331959462,-0.019250340275,0.076483364867,3
25.180000,0.008897835756,-0.058471857244,0.043042380248,0.073148999092,3
25.190000,-0.049036865004,0.010187089438,0.058144590545,0.076741021170,3
25.200000,-0.082525280066,0.050224334806,-0.008975277146,0.097022993442,3
25.210000,-0.013506279956,0.032153616561,-0.058234788187,0.067879048398,3
25.220000,0.031237276145,0.018814278564,-0.067276998057,0.076524107094,3
25.230000,0.043798860689,-0.049758288301,0.010831848056,0.067168120300,3
25.240000,-0.014122779495,-0.032093877806,0.048714532119,0.060021458936,3
25.250000,-0.072829456223,0.012593959761,0.027031172872,0.078698296189,3
25.260000,-0.031089541674,0.064502795714,-0.011606602596,0.072538841184,3
25.270000,-0.014712842632,0.022367899529,-0.065832658820,0.071068485526,3
25.280000,0.073884377310,-0.030988432523,-0.065475327526,0.103470781747,3
25.290000,0.050092467189,-0.060085350526,0.023891763941,0.081794382455,3
25.300000,0.005523328910,-0.029285629692,0.054160137915,0.061818086412,3
25.310000,-0.027970357786,0.026899807059,0.038837645907,0.054902670919,3
25.320000,-0.041374172187,0.073984771914,-0.027526227095,0.089124978415,3
25.330000,0.027193301758,0.055109327828,-0.051496013078,0.080177010651,3
25.340000,0.070523355256,-0.001861461682,-0.059607741351,0.092358494493,3
25.350000,0.053319813480,-0.057431309597,0.031108213901,0.084315353309,3
25.360000,-0.012458396301,-0.029063136798,0.063742757741,0.071154878423,3
25.370000,-0.041704899949,0.030650225413,0.049012495196,0.071280850745,3
25.380000,-0.022537330681,0.069388741986,-0.032846022489,0.080009936770,3
25.390000,0.054917948968,0.035686761575,-0.048001017251,0.081201131320,3
25.400000,0.070109781039,-0.004780278266,-0.043079471518,0.082426168926,3
25.410000,0.048100049812,-0.063150280783,0.056150068399,0.097233754099,3
25.420000,-0.034999649891,-0.041068249544,0.076747857269,0.093817963144,3
25.430000,-0.086275223436,0.052600595404,0.036236972728,0.107346891004,3
25.440000,-0.038584885292,0.071286666592,-0.038983915722,0.089946250015,3
25.450000,0.021309233882,-0.010371742903,-0.075631067333,0.079257269985,3
25.460000,0.027990491578,-0.031848410253,-0.011436602255,0.043915654676,3
25.470000,-0.006035359430,-0.058647561485,0.040644652485,0.071609704700,3
25.480000,-0.060542600728,-0.014328828184,0.060682383969,0.086908420444,3
25.490000,-0.077849248611,0.035882884725,-0.001402609552,0.085732457325,3
25.500000,-0.016921963075,0.051740709324,-0.063168839166,0.083389184414,3
25.510000,0.030163680386,0.006768235429,-0.066946398137,0.073739249039,3
25.520000,0.046949117001,-0.030152535207,0.019497673130,0.059106295976,3
25.530000,-0.004575417098,-0.054857041635,0.027785679322,0.061662577257,3
25.540000,-0.056513463666,0.006483746071,0.046538323321,0.073495755497,3
25.550000,-0.055843024016,0.057701085215,-0.005551213226,0.080490213906,3
25.560000,-0.005620065069,0.039453353214,-0.046935404109,0.061571782255,3
25.570000,0.044564884197,-0.005679154043,-0.054530014217,0.070652700901,3
25.580000,0.070160576465,-0.051932920598,0.008119570502,0.087666767688,3
25.590000,-0.008515634576,-0.041987059020,0.057180771710,0.071449771243,3
25.600000,-0.033166907302,0.015342218411,0.047983498983,0.060314538715,3
25.610000,-0.027969943857,0.046848279256,-0.018294675909,0.057548016431,3
25.620000,0.023497543613,0.039522175554,-0.063617639319,0.078494209652,3
25.630000,0.048065943814,-0.027643059626,-0.033130715845,0.064591934734,3
25.640000,0.053140594772,-0.060358504179,0.030065854904,0.085854688111,3
25.650000,0.006436677620,-0.035076858060,0.055452494793,0.065930235620,3
25.660000,-0.038081658680,0.020728926138,0.033211791521,0.054616153313,3
25.670000,-0.023329522984,0.046316326534,-0.009395100231,0.052704237539,3
25.680000,0.027447648804,0.023769852603,-0.057869517175,0.068317350180,3
25.690000,0.050802397561,-0.027268126222,-0.030166753690,0.065072784893,3
25.700000,0.039118191571,-0.050148980318,0.033149345776,0.071721909234,3
25.710000,-0.025716649396,-0.025728770357,0.051591282336,0.063126667053,3
25.720000,-0.032026366155,0.022354874876,0.017983420484,0.042998046143,3
25.730000,-0.030497558345,0.052771668448,-0.030998407185,0.068380196722,3
25.740000,0.004696673179,0.017376328879,-0.041300540672,0.045052527167,3
25.750000,0.038641852820,-0.024128640717,-0.020596009468,0.049995796805,3
25.760000,0.014270907369,-0.050364814495,0.014515746522,0.054322925485,3
25.770000,-0.032537968849,-0.019942433083,0.041351230538,0.056270279198,3
25.780000,-0.053482189423,0.029443304482,0.003484739319,0.061150602388,3
25.790000,-0.010345613574,0.020646207580,-0.020053148566,0.030584740886,3
25.800000,0.012438466601,0.006780016079,-0.039494188154,0.041958014340,3
25.810000,0.034941818734,-0.037280332346,-0.007222637815,0.051603491871,3
25.820000,-0.003220872527,-0.035839965118,0.037701467284,0.052117921628,3
25.830000,-0.031366698828,-0.008485147786,0.026596729685,0.041991112848,3
25.840000,-0.027392175580,0.033420107346,0.000449576876,0.043213851684,3
25.850000,-0.009252531708,0.034285547052,-0.031859766848,0.047709043412,3
25.860000,0.017506618384,-0.001345930688,-0.027082696508,0.032276394886,3
25.870000,0.029654032307,-0.038690399445,0.003621199854,0.048881711608,3
25.880000,0.005262500357,-0.022605597745,0.024931593944,0.034063049423,3
25.890000,-0.019328522084,0.000097236167,0.027353130847,0.033493208087,3
25.900000,-0.019842694243,0.018530270930,0.002580064110,0.027271967042,3
25.910000,0.001479391312,0.022358371919,-0.028112239408,0.035949734326,3
25.920000,0.034112933685,-0.003117435404,-0.019692319120,0.039511999195,3
25.930000,0.027982710680,-0.028688204239,0.006386626271,0.040581204450,3
25.940000,-0.000870875088,-0.015772680083,0.021638425536,0.026790993265,3
25.950000,-0.015201504785,0.002425083251,0.017299733051,0.023157019241,3
25.960000,-0.013584961738,0.013696352495,-0.005734323067,0.020125201071,3
25.970000,0.007242151532,0.015575825880,-0.020662809301,0.026870184199,3
25.980000,0.025241704776,0.000184175651,-0.018296777762,0.031176107152,3
25.990000,0.013485416751,-0.021101166493,0.006449169720,0.025859379003,3
26.000000,-0.008453706726,-0.014617257896,0.025241299087,0.030368611516,3
26.010000,-0.009175540273,0.005219911877,0.012849492178,0.016629716430,3
26.020000,-0.011517019820,0.014487938635,-0.003338640862,0.018806611450,3
26.030000,0.010552268732,0.008976500840,-0.021998866196,0.025997654829,3
26.040000,0.025390210509,-0.012442289040,-0.013410629098,0.031294062041,3
26.050000,0.005542478231,-0.019720312733,0.008556106390,0.022199476476,3
26.060000,-0.013627990596,-0.005555194027,0.028136232859,0.031752636235,3
26.070000,-0.033541029791,0.007221332026,0.015209584917,0.037529718745,3
26.080000,-0.008902528464,0.013606437315,-0.006386587432,0.017469363139,3
26.090000,0.009433986293,0.009281977060,-0.015180379277,0.020139491317,3
26.100000,0.006351351477,-0.011240543412,-0.006668572225,0.014531322628,3
26.110000,0.009074616109,-0.016708742979,0.013170091552,0.023129679223,3
26.120000,-0.017586424222,-0.007957566392,0.019484126248,0.027426927561,3
26.130000,-0.028055942092,0.013534596783,-0.001829483948,0.031203656970,3
26.140000,-0.007586234094,0.017448008682,-0.012102629562,0.022549004346,3
26.150000,0.015195284902,0.007701298188,-0.021000794906,0.027041450843,3
26.160000,0.012619219421,-0.012910942012,-0.000168928055,0.018054519077,3
26.170000,0.003978408872,-0.015894815291,0.018626749852,0.024807835462,3
26.180000,-0.007074555746,0.002334748998,0.012505197795,0.014556110873,3
26.190000,-0.010826498457,0.009806886219,0.008067128151,0.016687319819,3
26.200000,0.004067464014,0.023303502095,-0.013051930995,0.027017593825,3
26.210000,0.017594139926,-0.000009908237,-0.013469438279,0.022158060056,3
26.220000,0.026355918258,-0.021697048493,-0.001622055067,0.034176415891,3
26.230000,0.003828462462,-0.015755724649,0.023655275867,0.028678773690,3
26.240000,-0.010430945561,0.002645267632,0.007737542170,0.013254117283,3
26.250000,-0.015020257682,0.023451252378,0.004050830295,0.028142114437,3
26.260000,0.005144387846,0.015881341841,-0.019462898427,0.025641492939,3
26.270000,0.019665339552,-0.002155499971,-0.016190215370,0.025563545012,3
26.280000,0.016055040425,-0.018726689011,0.009919098908,0.026586495210,3
26.290000,-0.004911268518,-0.013672815988,0.025384274257,0.029247697945,3
26.300000,-0.020254404074,0.012607152185,0.014801607745,0.028076124420,3
26.310000,-0.019560089669,0.017618992657,-0.001809488058,0.026387501912,3
26.320000,0.002646069587,0.015246769025,-0.019451691548,0.024856265891,3
26.330000,0.022123699360,-0.017624173800,-0.018473088306,0.033783495483,3
26.340000,0.011921446293,-0.023852725234,0.008965959591,0.028132931134,3
26.350000,-0.021628697517,-0.010227425497,0.021495297340,0.032162844966,3
26.360000,-0.037060065612,0.012928678550,0.015459443169,0.042185229350,3
26.370000,-0.019245700689,0.027368485310,-0.013851017534,0.036211623408,3
26.380000,0.007924303577,0.008379811864,-0.035304509124,0.037140600406,3
26.390000,0.025547705002,-0.017879010652,-0.011620886113,0.033277458539,3
26.400000,0.003965344598,-0.025036905251,0.018638372937,0.031463622297,3
26.410000,-0.023708968768,0.004527278214,0.033351294105,0.041169409354,3
26.420000,-0.040324533624,0.024741736713,0.008585917241,0.048082632233,3
26.430000,-0.015039479317,0.030463813354,-0.021213159361,0.040052815035,3
26.440000,0.027737004503,0.009575558244,-0.040542063865,0.050046894778,3
26.450000,0.029020417501,-0.022135012332,-0.013283075202,0.038840487763,3
26.460000,0.006598939494,-0.045488918366,0.017078550283,0.049035340076,3
26.470000,-0.028946947758,0.005120887619,0.028149821379,0.040700881049,3
26.480000,-0.018635067188,0.030764864615,0.002523737029,0.036057064114,3
26.490000,-0.012741137978,0.041612780145,-0.031858429389,0.053934400818,3
26.500000,0.033206767360,0.003570091793,-0.035197827165,0.048521356030,3
26.510000,0.053710679462,-0.027797039338,-0.001565256913,0.060497624031,3
26.520000,0.015236684966,-0.038006269006,0.039450595410,0.056859322285,3
26.530000,-0.023049529276,0.007965737725,0.045996759413,0.052061844510,3
26.540000,-0.024701608462,0.047912765439,0.005914474083,0.054228991843,3
26.550000,0.017257422941,0.040990628629,-0.026074456731,0.051555092627,3
26.560000,0.052574581232,-0.003442205676,-0.038315983480,0.065146373358,3
26.570000,0.042358765855,-0.046954245270,0.001818429743,0.063263519349,3
26.580000,-0.002051994767,-0.018998978931,0.047534344852,0.051231687689,3
26.590000,-0.042816341540,0.009220839647,0.027388153771,0.051656306039,3
26.600000,-0.032976801678,0.048588745665,0.000943654646,0.058730112704,3
26.610000,0.011509993229,0.031495850341,-0.052894741241,0.062628445485,3
26.620000,0.054606119485,-0.000713072917,-0.032524931902,0.063562630164,3
26.630000,0.008097200979,-0.042688915575,0.018809372104,0.047346601310,3
26.640000,-0.027964017456,-0.036937571397,0.035029659142,0.058081386627,3
26.650000,-0.053136563973,0.005698837443,0.028658891444,0.060640772075,3
26.660000,-0.039169195303,0.054214032417,-0.013330984287,0.068198990562,3
26.670000,0.015740779173,0.019369740833,-0.048492009306,0.054538371404,3
26.680000,0.037894280939,-0.036605527418,-0.037629313066,0.064744933139,3
26.690000,0.030719719931,-0.057086821820,0.021343668671,0.068250704103,3
26.700000,-0.001508360576,-0.042461423039,0.049850569065,0.065500586518,3
26.710000,-0.075475476379,0.038405582741,0.025715578943,0.088503261639,3
26.720000,-0.060052646498,0.051476505911,-0.030220199687,0.084672377322,3
26.730000,0.019930266493,0.026381919339,-0.049889339681,0.059851210550,3
26.740000,0.061264542247,-0.031452543030,-0.009500661041,0.069518840324,3
26.750000,0.017183588575,-0.041369206699,0.030510830912,0.054199610535,3
26.760000,-0.037837649606,-0.012610734739,0.079904543649,0.089305399916,3
26.770000,-0.049256329074,0.065587348376,0.010860763929,0.082739606078,3
26.780000,-0.013906028598,0.034052375080,-0.038284304860,0.053090770182,3
26.790000,0.073471519829,0.017299012658,-0.058550151902,0.095527170757,3
26.800000,0.077087150834,-0.045566205169,-0.009710724096,0.090072226794,3
26.810000,0.028821901194,-0.045679268223,0.060808490850,0.081332466416,3
26.820000,-0.020996701463,-0.002763005302,0.050499399790,0.054760250636,3
26.830000,-0.035471261338,0.068448796565,0.003808705265,0.077187786391,3
26.840000,0.017842442613,0.048761838409,-0.048825383158,0.071274032326,3
26.850000,0.044809537688,0.024444910550,-0.046199188567,0.068846302325,3
26.860000,0.050690578001,-0.039657636495,0.013537916598,0.065768822524,3
26.870000,-0.002438403963,-0.040847793899,0.067899629235,0.079277031545,3
26.880000,-0.045325924839,-0.001894127526,0.054397136488,0.070831318213,3
26.890000,-0.046829039980,0.055633116561,0.001426905007,0.072732652238,3
26.900000,0.014854520164,0.036286149459,-0.039278747694,0.055499202087,3
26.910000,0.045500132860,-0.007737493690,-0.055096384947,0.071873100205,3
26.920000,0.051649605081,-0.076376056919,0.034509681551,0.098447457541,3
26.930000,-0.006550640668,-0.037569972248,0.041908733884,0.056663530455,3
26.940000,-0.050881876364,0.004851238455,0.050958886768,0.072175536005,3
26.950000,-0.064310627023,0.048770272610,-0.023623260474,0.084097887453,3
26.960000,-0.018494018266,0.033787856615,-0.065449835803,0.075942932343,3
26.970000,0.055348245395,-0.018962331891,-0.030845700805,0.066139667048,3
26.980000,0.014141154287,-0.064006229460,0.013071795504,0.066840418101,3
26.990000,-0.027490129675,-0.027721049262,0.049233525515,0.062833938571,3
27.000000,-0.086777353022,0.030715744886,0.034108083769,0.098168871644,3
27.010000,-0.045740975984,0.055926723702,-0.027190682463,0.077196946318,3
27.020000,0.010845068090,0.020983790685,-0.057643333140,0.062295175005,3
27.030000,0.063031030380,-0.050988940850,-0.034108365975,0.087955463214,3
27.040000,0.033727645260,-0.062711669508,0.031485031358,0.077856372552,3
27.050000,-0.039516828228,-0.019570758985,0.067849147416,0.080920338145,3
27.060000,-0.061561781466,0.046959879558,0.015426593238,0.078949749868,3
27.070000,-0.025663669395,0.055762641001,-0.031749866285,0.069109695899,3
27.080000,0.040616583831,0.032499874457,-0.055156763405,0.075816998563,3
27.090000,0.054919869937,-0.024801747211,-0.018253479545,0.062964341449,3
27.100000,0.039133660150,-0.052565660281,0.041218491415,0.077418060115,3
27.110000,-0.021441921764,-0.015714671522,0.043096740579,0.050636310673,3
27.120000,-0.039516218786,0.050017894952,0.005706558350,0.063999110703,3
27.130000,0.006438325523,0.049754221893,-0.041986434184,0.065420144353,3
27.140000,0.059333608566,0.004476041704,-0.038351477221,0.070790874128,3
27.150000,0.043867242010,-0.049314346793,0.007290927315,0.066403293159,3
27.160000,0.023298244819,-0.025911417752,0.033819500360,0.048558916650,3
27.170000,-0.025406524366,0.008700473586,0.031600524583,0.041470264949,3
27.180000,-0.035274194222,0.053775449949,-0.005478668969,0.064545205932,3
27.190000,0.009440316880,0.041803565353,-0.039044102797,0.057974991352,3
27.200000,0.031428197637,0.010025873356,-0.038538249895,0.050729147915,3
27.210000,0.023018949083,-0.028396277355,0.007548916567,0.037325684532,3
27.220000,-0.003028783186,-0.035590978536,0.047164903059,0.059164341975,3
27.230000,-0.042438720712,0.011082531582,0.026814038574,0.051408755933,3
27.240000,-0.046636785309,0.044128568152,-0.007867665738,0.064685550436,3
27.250000,0.009317986876,0.031202319983,-0.035212132689,0.047961483925,3
27.260000,0.030707153457,-0.002038938136,-0.033712579758,0.045646736751,3
27.270000,0.016356115324,-0.030035749927,0.009836744899,0.035586940475,3
27.280000,-0.028400520411,-0.016191048255,0.039135474563,0.050993381654,3
27.290000,-0.035378985074,0.006698051194,0.029382524124,0.046474392934,3
27.300000,-0.027609912887,0.024971272953,-0.007664281467,0.038008064577,3
27.310000,0.014164925821,0.018934986074,-0.034894024133,0.042151770323,3
27.320000,0.024609063698,-0.017916984426,-0.022451282438,0.037824389355,3
27.330000,0.018302682967,-0.030313225207,0.007849000638,0.036269637954,3
27.340000,-0.005541633762,-0.022124054314,0.024371243724,0.033378750796,3
27.350000,-0.025075828601,0.012935642840,0.013487710354,0.031273732849,3
27.360000,-0.005719714362,0.028659750833,-0.022132865341,0.036660062444,3
27.370000,0.017055930171,0.017833231779,-0.034304132145,0.042257572006,3
27.380000,0.033279074172,-0.013432961283,-0.004428298011,0.036160075357,3
27.390000,0.024625886941,-0.028694337901,0.015213554901,0.040758454190,3
27.400000,-0.007191584902,-0.003384733952,0.036227939198,0.037089606305,3
27.410000,-0.028471853037,0.022150197421,0.017723446357,0.040192016769,3
27.420000,-0.008497881343,0.025130928778,-0.017006509794,0.031511885757,3
27.430000,0.029675450370,0.007513395389,-0.025034408353,0.039544975237,3
27.440000,0.020796419805,-0.021828275943,-0.010425601494,0.031900750365,3
27.450000,0.010727763020,-0.018871542175,0.020464981739,0.029833462438,3
27.460000,-0.010203034657,-0.000249623899,0.014744547023,0.017932258508,3
27.470000,-0.021606383448,0.018604417301,-0.000430473838,0.028515705436,3
27.480000,-0.002449467951,0.018614782524,-0.019098732148,0.026781926580,3
27.490000,0.020574341705,-0.000552815142,-0.018937943578,0.027968819213,3
27.500000,0.020170722082,-0.023385022768,0.002326571325,0.030969828112,3
27.510000,-0.003210289184,-0.015059386504,0.018683795002,0.024211056858,3
27.520000,-0.020758450641,-0.001156399838,0.015887034932,0.026165787061,3
27.530000,-0.013646075278,0.019417529631,-0.002510323105,0.023865404869,3
27.540000,-0.005370181828,0.007846268487,-0.012000087156,0.015310286535,3
27.550000,0.007913648137,-0.000342555118,-0.009597372961,0.012443984032,3
27.560000,0.009673533268,-0.005811425829,0.007553056789,0.013579343980,3
27.570000,-0.003866751244,-0.009167070302,0.010583226050,0.014525550479,3
27.580000,-0.021759624629,0.001885427062,0.013029133354,0.025432153176,3
27.590000,-0.013559240068,0.009698140190,-0.006274189369,0.017812140989,3
27.600000,0.001066624139,0.009737117076,-0.015644331372,0.018457904542,3
27.610000,0.016193704345,-0.006630506682,-0.010083176993,0.020195795046,3
27.620000,0.008287073692,-0.016001754606,0.001798976134,0.018109888347,3
27.630000,-0.006421392884,-0.016050784630,0.017851366097,0.024850216203,3
27.640000,-0.017685407740,0.012842182575,0.008438387229,0.023428650820,3
27.650000,-0.008309253466,0.016374313187,-0.005352725424,0.019126251461,3
27.660000,0.009799353479,0.007529361978,-0.011784289960,0.017075951225,3
27.670000,0.019070581370,-0.005154925791,-0.013772150868,0.024081787168,3
27.680000,0.012634348313,-0.018493199112,0.009435933663,0.024303539141,3
27.690000,-0.006404719998,-0.009537769033,0.017719323515,0.021117857424,3
27.700000,-0.010941072585,0.012754049428,0.006433600965,0.017993445126,3
27.710000,0.001847399707,0.015308109587,-0.005974903327,0.016536341028,3
27.720000,0.013251223826,0.002771664841,-0.016170138880,0.021089107384,3
27.730000,0.017236325415,-0.009184920427,-0.007694874011,0.020992016652,3
27.740000,0.012552037918,-0.015305110475,0.009307393506,0.021872988740,3
27.750000,-0.011495534817,-0.000550033741,0.022557051001,0.025323317470,3
27.760000,-0.019828738224,0.019228703353,0.003980916498,0.027906443492,3
27.770000,0.000446888659,0.014789165143,-0.011543272338,0.018766093130,3
27.780000,0.013761697495,0.005016234227,-0.017956368277,0.023172787607,3
27.790000,0.015226098737,-0.011044355392,0.002227340771,0.018941301848,3
27.800000,0.005773587138,-0.017218461895,0.012926083713,0.022291105371,3
27.810000,-0.014682633820,-0.003762106449,0.020407527523,0.025420471287,3
27.820000,-0.022366120398,0.016203917722,0.001875382313,0.027682618193,3
27.830000,-0.002957368735,0.021798930383,-0.011425140741,0.024788570685,3
27.840000,0.011172996431,-0.007398435372,-0.022953477910,0.026578842025,3
27.850000,0.013237198153,-0.021107472197,0.003563197031,0.025168336667,3
27.860000,-0.004258875798,-0.021432428837,0.022127627739,0.031098535951,3
27.870000,-0.027847227984,-0.000663720868,0.015980526420,0.032113639726,3
27.880000,-0.021133926939,0.012564485348,-0.006643938748,0.025468629370,3
27.890000,0.002329537080,0.017201396144,-0.016794076172,0.024152758989,3
27.900000,0.021087921725,-0.003722601551,-0.027645743256,0.034969205384,3
27.910000,0.010446630762,-0.026254490756,0.002756286793,0.028390623382,3
27.920000,-0.006848070504,-0.018822659563,0.026286531860,0.033048000543,3
27.930000,-0.022271463599,0.009563437415,0.027876493320,0.036940171979,3
27.940000,-0.019360304227,0.024697230561,-0.002127239290,0.031453135362,3
27.950000,0.009243501279,0.005509263807,-0.019261574396,0.022063602421,3
27.960000,0.027091545892,-0.012715425395,-0.019858487850,0.035916478690,3
27.970000,0.022953175828,-0.022766779937,0.015202934165,0.035725393721,3
27.980000,-0.005826718381,-0.020745136794,0.036801649760,0.042645899835,3
27.990000,-0.029294481852,0.007880091103,0.020176035008,0.036432607530,3
28.000000,-0.016319004683,0.048819449467,-0.009447907247,0.052334611028,3
28.010000,0.024827542589,0.012087860091,-0.020616739854,0.034461183885,3
28.020000,0.044021733565,-0.032311407957,-0.007847174900,0.055168090996,3
28.030000,0.017288026728,-0.038427575723,0.009637085687,0.043225315090,3
28.040000,-0.012049195321,-0.018322718447,0.034406496543,0.040800883857,3
28.050000,-0.023566163720,0.021692753002,0.036987154681,0.048928409096,3
28.060000,-0.007486267599,0.037491185492,-0.028084512255,0.047438096723,3
28.070000,0.025550570588,0.013108103276,-0.034987065702,0.045263106337,3
28.080000,0.049645852194,-0.028390487561,-0.015316272556,0.059205731387,3
28.090000,0.007910315657,-0.043682117215,0.024434370391,0.050672861717,3
28.100000,-0.030455244583,-0.000050683466,0.031781723089,0.044018205483,3
28.110000,-0.047103772909,0.024157330687,0.001854356430,0.052969620406,3
28.120000,-0.020000376767,0.048199896075,-0.040064236602,0.065790486447,3
28.130000,0.028825529361,-0.018489410985,-0.046810241723,0.057999725790,3
28.140000,0.028431299481,-0.042323853640,-0.009654422782,0.051892728357,3
28.150000,0.002135275245,-0.048916417989,0.052087253073,0.071487462411,3
28.160000,-0.062514012288,-0.004065081600,0.023384757262,0.066868329521,3
28.170000,-0.053467207016,0.029709931778,0.004829009024,0.061357490174,3
28.180000,-0.012631063638,0.032968381260,-0.047978681055,0.059568546795,3
28.190000,0.033853212849,-0.011700708528,-0.044551396498,0.057164442883,3
28.200000,0.038500324861,-0.068959279135,-0.008745058445,0.079461520501,3
28.210000,-0.007015242985,-0.041372216985,0.032286040089,0.052945843623,3
28.220000,-0.049183373522,0.009263040853,0.064484343073,0.081627438147,3
28.230000,-0.041578428710,0.042621659097,-0.009111928092,0.060236191710,3
28.240000,-0.000171158303,0.035210916331,-0.056330363062,0.066430021276,3
28.250000,0.050030517820,-0.009526193944,-0.039942118416,0.064723827977,3
28.260000,0.027293941781,-0.062018355859,0.020927793870,0.070916911084,3
28.270000,-0.016180946521,-0.032990701542,0.038285772409,0.053066088866,3
28.280000,-0.043843974346,0.033584250205,0.022537358155,0.059650049965,3
28.290000,-0.019090758606,0.062291828898,-0.011344446877,0.066131879502,3
28.300000,0.041518024530,0.045452899377,-0.063519122563,0.088455589726,3
28.310000,0.082248811303,-0.004131886866,-0.022530135275,0.085378840736,3
28.320000,0.045872208415,-0.066664775414,0.011022982835,0.081669810435,3
28.330000,-0.016643662326,-0.037601663402,0.077628906477,0.087847274898,3
28.340000,-0.032493407226,0.024555574048,0.036723697169,0.054840018816,3
28.350000,-0.030861957319,0.069633299650,-0.031280197350,0.082338979687,3
28.360000,0.029822535027,0.025473234985,-0.078219392569,0.087501672383,3
28.370000,0.058726808886,-0.010400698218,-0.035398839534,0.069354815592,3
28.380000,0.031572460183,-0.047515709538,0.020684188255,0.060682769702,3
28.390000,-0.038251080077,-0.031695938585,0.061187093988,0.078813946231,3
28.400000,-0.043188920708,0.042516485515,0.021329226714,0.064248504455,3
28.410000,-0.019522198253,0.048002479134,-0.035873131331,0.063025675555,3
28.420000,0.027747623125,-0.001118697397,-0.056060656198,0.062561803413,3
28.430000,0.047842824195,-0.044215569335,-0.019896183612,0.068116154625,3
28.440000,0.002769963794,-0.054141885594,0.041935553591,0.068539091984,3
28.450000,-0.061200628267,-0.010651789054,0.044355018218,0.076330499484,3
28.460000,-0.059592392174,0.043616104077,0.002470930814,0.073889940039,3
28.470000,-0.022396473328,0.039339638915,-0.058960459618,0.074334009752,3
28.480000,0.041536293379,-0.022251061908,-0.067146159498,0.082030361203,3
28.490000,0.044246319304,-0.045996334006,0.012364497329,0.065009847778,3
28.500000,0.004768253675,-0.048259921754,0.062322999346,0.078967794311,3
28.510000,-0.068888008770,-0.002356501961,0.022309588261,0.072448799729,3
28.520000,-0.053998844839,0.072185116588,-0.033307258228,0.096103796758,3
28.530000,-0.001097652690,0.050110649596,-0.048690357004,0.069878701401,3
28.540000,0.043278789453,-0.024836078259,-0.057829231699,0.076381309485,3
28.550000,0.071254452919,-0.065008332734,0.014499944018,0.097537319843,3
28.560000,-0.008893850671,-0.039643963021,0.042202052526,0.058581205358,3
28.570000,-0.048582217198,0.020887474988,0.058953952730,0.079196508646,3
28.580000,-0.031167717950,0.069487318722,0.006158237829,0.076405745848,3
28.590000,0.023167510104,0.047801498052,-0.047810746836,0.071467364953,3
28.600000,0.058725389017,-0.008107386695,-0.021769419380,0.063153057364,3
28.610000,0.044819243273,-0.056856385182,0.013596241299,0.073663226110,3
28.620000,-0.013854828051,-0.039660849191,0.044089857451,0.060900367395,3
28.630000,-0.020523620343,0.021636389786,0.029987850089,0.042292121109,3
28.640000,-0.026217187147,0.045239271999,-0.028966178747,0.059774343527,3
28.650000,0.033982533235,0.039115245997,-0.033447238618,0.061672788210,3
28.660000,0.056574909772,-0.021428637665,-0.032762127467,0.068798720366,3
28.670000,0.031703810010,-0.052306599340,0.031217958004,0.068670756553,3
28.680000,-0.026125793935,-0.020503221394,0.051266280450,0.061083309566,3
28.690000,-0.054023055183,0.034094803290,0.024095299432,0.068275394963,3
28.700000,-0.038995133044,0.063068182841,-0.020620056100,0.076963645973,3
28.710000,0.009125733127,0.007939552533,-0.049453198060,0.050911042986,3
28.720000,0.050611052897,-0.020235239911,-0.022703683898,0.059045752364,3
28.730000,0.012914456162,-0.048574470696,0.026103358828,0.056636099119,3
28.740000,-0.033503267924,-0.009150643116,0.032039542956,0.047251831116,3
28.750000,-0.041724934475,0.047125231961,0.002604876553,0.062996373119,3
28.760000,-0.021314793634,0.041223339338,-0.030415150717,0.055486624757,3
28.770000,0.017228575043,0.008672101034,-0.035702825853,0.040579809120,3
28.780000,0.032495078454,-0.023068097226,-0.007407641608,0.040533201053,3
28.790000,0.008357570656,-0.034792590103,0.023121381701,0.042602483555,3
28.800000,-0.028666250432,-0.001273799032,0.038113844966,0.047707878342,3
28.810000,-0.036342074379,0.033799143993,-0.005461465794,0.049929511449,3
28.820000,-0.008380192478,0.050043963422,-0.024748960645,0.056454733672,3
28.830000,0.027110524219,0.005984292773,-0.028064708956,0.039476830828,3
28.840000,0.042748508490,-0.036010596200,-0.003034570134,0.055976840146,3
28.850000,0.006097732766,-0.030545926770,0.033887356361,0.046028131705,3
28.860000,-0.040343973465,0.008759048437,0.029649310586,0.050827539215,3
28.870000,-0.024089289294,0.030472907410,-0.000192876827,0.038844937202,3
28.880000,-0.000547636409,0.027572554950,-0.036738885375,0.045937907992,3
28.890000,0.034356460670,-0.007498770430,-0.025875340646,0.043659262491,3
28.900000,0.029982926237,-0.030171121439,0.000571738610,0.042539385511,3
28.910000,0.008842277009,-0.019482000344,0.025969188445,0.033647183368,3
28.920000,-0.018348046070,0.010458776232,0.021928841370,0.030445211096,3
28.930000,-0.008577594257,0.029733247170,-0.006994984022,0.031726501729,3
28.940000,0.006763403622,0.023109713512,-0.026391531605,0.035725557065,3
28.950000,0.026965792450,-0.009829197219,-0.016144532676,0.032930426899,3
28.960000,0.020216038792,-0.024764982334,0.006551241723,0.032632979370,3
28.970000,-0.004046255829,-0.010643460229,0.018534189099,0.021752507842,3
28.980000,-0.021796668903,0.013212280246,0.010276469317,0.027482084095,3
28.990000,-0.011921524878,0.027399574253,-0.011026793250,0.031850425335,3
29.000000,0.011467941378,0.011919177409,-0.025929044548,0.030755419371,3
29.010000,0.023456844187,-0.005848596045,-0.012909922783,0.027406125614,3
29.020000,0.011439602466,-0.025678161556,0.009638844420,0.029717668267,3
29.030000,-0.007305810047,-0.006409170073,0.021551141272,0.023641150809,3
29.040000,-0.029180230420,0.011995642527,0.010989541700,0.033408850830,3
29.050000,-0.009447386350,0.022481179756,-0.010009929071,0.026360106830,3
29.060000,0.021718813189,0.009970519278,-0.018677763009,0.030331121510,3
29.070000,0.016204865307,-0.009884565287,-0.002042928869,0.019091250585,3
29.080000,0.003668875078,-0.017063188746,0.012038008483,0.021202044778,3
29.090000,-0.013420606697,-0.002643321226,0.018629240557,0.023111651498,3
29.100000,-0.017955660054,0.013112274072,0.003621840901,0.022526766098,3
29.110000,-0.006288101982,0.018146607302,-0.012320581728,0.022817456414,3
29.120000,0.005470281551,0.001206206178,-0.017986347569,0.018838460990,3
29.130000,0.017775707551,-0.012343720128,-0.007456743441,0.022889871740,3
29.140000,0.006052107051,-0.010892963153,0.009483421357,0.015659499566,3
29.150000,-0.007849250574,-0.002012005259,0.011302711029,0.013907198724,3
29.160000,-0.007968526199,0.020462315076,0.002837665892,0.022141727480,3
29.170000,0.003810369158,0.013311752268,-0.013400151547,0.019268775858,3
29.180000,0.019568431943,-0.001609996745,-0.015570650107,0.025059145297,3
29.190000,0.016432131828,-0.013644167867,-0.000538267123,0.021365111858,3
29.200000,0.001851431058,-0.006104786137,0.012386830762,0.013933046583,3
29.210000,-0.008266626073,0.000334086679,0.010347883426,0.013248675856,3
29.220000,-0.011406161417,0.018675362365,-0.002330075689,0.022006792825,3
29.230000,0.002147280085,0.008765940492,-0.013006203021,0.015830787773,3
29.240000,0.020750958650,-0.003112995348,-0.018374836041,0.027891353937,3
29.250000,0.016741564510,-0.022119680183,0.013945581549,0.031048985142,3
29.260000,-0.002583650021,-0.013448393140,0.013099850135,0.018951005225,3
29.270000,-0.014414265023,0.006673527045,0.009057852977,0.018285286433,3
29.280000,-0.017333140504,0.014199646568,-0.010802270909,0.024874822194,3
29.290000,0.003620227757,0.012754958202,-0.025524357814,0.028762612009,3
29.300000,0.014088131876,-0.009059574982,-0.007682733539,0.018427581319,3
29.310000,0.005933175721,-0.020800934905,0.004610755700,0.022116521769,3
29.320000,-0.009675336062,-0.009486008760,0.019541133327,0.023779242667,3
29.330000,-0.028588883788,0.015421245532,0.004061611060,0.032735848460,3
29.340000,-0.010225865451,0.014388459431,-0.006402408397,0.018777298056,3
29.350000,0.011355217702,0.003589419441,-0.025437294115,0.028087022499,3
29.360000,0.022586620500,-0.012631480364,-0.013021309667,0.028970057425,3
29.370000,0.011701427616,-0.022400531321,0.018320604311,0.031214608023,3
29.380000,-0.016060852811,-0.008356157497,0.032406836373,0.037121144983,3
29.390000,-0.032471970783,0.020192854702,0.007339044501,0.038936381981,3
29.400000,-0.003010054344,0.028126993980,-0.015905860183,0.032452805821,3
29.410000,0.021490500085,0.005223442973,-0.032330196495,0.039171004018,3
29.420000,0.024504798863,-0.022070314839,-0.013096503014,0.035483832313,3
29.430000,0.011591210194,-0.025561394851,0.025496254689,0.037918334136,3
29.440000,-0.014967105128,-0.008982958368,0.024260869928,0.029888084359,3
29.450000,-0.018697019298,0.028724727699,-0.005618321235,0.034731168214,3
29.460000,-0.000029986099,0.038740562059,-0.035089855994,0.052269781341,3
29.470000,0.026981728857,0.008729055978,-0.027378398814,0.039418102846,3
29.480000,0.036849704285,-0.029000683970,0.003186420571,0.047000996294,3
29.490000,0.009467926198,-0.028694919661,0.032873718213,0.044651107377,3
29.500000,-0.032379723018,-0.001936584882,0.026069518320,0.041615100735,3
29.510000,-0.023313882667,0.023199924725,-0.003816594400,0.033111025733,3
29.520000,0.010699241732,0.009172185272,-0.028262864348,0.031581517656,3
29.530000,0.038954712654,-0.004860108949,-0.022369069712,0.045182580457,3
29.540000,0.034292214671,-0.034326965847,0.012532507868,0.050113474483,3
29.550000,0.003968427127,-0.028535145553,0.042236732120,0.051126749220,3
29.560000,-0.039913183660,0.012031523430,0.028741823904,0.050635088893,3
29.570000,-0.019452858439,0.036824680511,-0.011842080174,0.043297871298,3
29.580000,0.025263281805,0.025479502633,-0.028139463220,0.045598989597,3
29.590000,0.049250623019,-0.027243312155,-0.028841744937,0.063242929849,3
29.600000,0.028439318871,-0.062842800550,0.018531175100,0.071424203807,3
29.610000,-0.024945358477,-0.012915028801,0.033882518940,0.044012429701,3
29.620000,-0.047090979720,0.021435939113,0.016092584237,0.054185155939,3
29.630000,-0.040961073542,0.030420611601,-0.024030795568,0.056397715304,3
29.640000,0.004829540655,0.018378106721,-0.048894638600,0.052457267880,3
29.650000,0.042036864718,-0.017581643675,-0.021790131256,0.050507643083,3
29.660000,0.011581243193,-0.034463828756,0.018579820850,0.040830018726,3
29.670000,-0.030630096959,-0.028391102461,0.066348437149,0.078398805161,3
29.680000,-0.062803211061,0.022380144966,0.024347628470,0.070978315142,3
29.690000,-0.040120614888,0.043547415056,-0.032172467668,0.067387749428,3
29.700000,0.028884597689,0.013834388383,-0.035474400711,0.047792712743,3
29.710000,0.047231386341,-0.052516062453,-0.019058784422,0.073157213827,3
29.720000,0.033394405368,-0.069600515204,0.015486115969,0.078735238708,3
29.730000,-0.047659880772,-0.010913769519,0.051091721831,0.070717314994,3
29.740000,-0.053450737107,0.048330899069,0.028762998512,0.077589736341,3
29.750000,-0.005786742733,0.047918729027,-0.053608007490,0.072135355064,3
29.760000,0.034594635804,0.006543615118,-0.069035429210,0.077495149599,3
29.770000,0.065233255797,-0.047737193232,0.010935683034,0.081570867612,3
29.780000,0.031971757622,-0.042509703418,0.064702529915,0.083759689276,3
29.790000,-0.038326618321,0.013400649886,0.058775197699,0.071435502055,3
29.800000,-0.033454755669,0.064187471361,0.010255208516,0.073105550120,3
29.810000,0.001085031419,0.052025751356,-0.055263331963,0.075907127182,3
29.820000,0.062254048525,0.011090048865,-0.047878006126,0.079314936879,3
29.830000,0.058718459948,-0.054127544046,-0.005496385620,0.080049102544,3
29.840000,0.012873241020,-0.048269600275,0.043319162277,0.066122798379,3
29.850000,-0.061880769488,0.026748570452,0.058308420648,0.089132415944,3
29.860000,-0.057321029502,0.071612877398,-0.017560573692,0.093394209568,3
29.870000,0.016476237405,0.038630237980,-0.067953734350,0.079884114175,3
29.880000,0.044924701311,-0.029076248142,-0.045804314985,0.070439280697,3
29.890000,0.034677843501,-0.066924259794,0.000388948369,0.075376127916,3
29.900000,-0.024635884688,-0.029659390661,0.062991047050,0.073854439794,3
29.910000,-0.059228385277,0.001528417516,0.065538571652,0.088349544745,3
29.920000,-0.054490018238,0.048925588345,-0.025355129270,0.077496824856,3
29.930000,0.016799176051,0.039899733509,-0.072817968617,0.084715155690,3
29.940000,0.042800939748,-0.013281740828,-0.061080357219,0.075757079674,3
29.950000,0.047687879259,-0.068451591651,0.005904630726,0.083633838198,3
29.960000,-0.041798057769,-0.042695542995,0.075341105675,0.096157522998,3
29.970000,-0.089476763509,0.036012518327,0.044296925719,0.106137695059,3
29.980000,-0.039322229719,0.056837789268,-0.034841371191,0.077399568380,3
29.990000,0.010789053595,0.024107672361,-0.071809464351,0.076512631078,3
