time_s,acc_x_m_s2,acc_y_m_s2,acc_z_m_s2,acc_abs_m_s2,acc_accuracy
0.000000,0.001914647072,0.033743934914,-0.020941451633,0.039760073106,3
0.010000,0.018606906346,-0.007188770170,-0.016023568386,0.025586131481,3
0.020000,0.023577590394,-0.030541570950,-0.003497187864,0.038741717151,3
0.030000,0.008292134082,-0.014856952988,0.014779719561,0.022537272462,3
0.040000,-0.018383704763,-0.002535184508,0.026761808433,0.032566580292,3
0.050000,-0.032534347163,0.021279224359,0.008032232050,0.039696421581,3
0.060000,-0.014441186803,0.020033646641,-0.016585604489,0.029748565516,3
0.070000,0.020847595506,-0.000655582407,-0.034640956990,0.040435725885,3
0.080000,0.022012330457,-0.023938694260,-0.016282189192,0.036369127841,3
0.090000,0.012651487420,-0.032578870866,0.013578891173,0.037494389531,3
0.100000,-0.020625329465,-0.007876448474,0.030180825623,0.037394182587,3
0.110000,-0.046048835029,0.021194757255,0.022528624932,0.055472983370,3
0.120000,-0.027294330424,0.040623498161,-0.013242010693,0.050701084045,3
0.130000,0.015036078325,0.017756793155,-0.043629729649,0.049446341258,3
0.140000,0.035906632103,-0.018366919646,-0.029806586750,0.050150399600,3
0.150000,0.026509342152,-0.039968926630,0.014919535095,0.050228008569,3
0.160000,0.009616732480,-0.005241503948,0.038710758772,0.040230308872,3
0.170000,-0.032746736152,0.015131854174,0.035119813554,0.050346033046,3
0.180000,-0.019595009635,0.038648358282,0.002248562661,0.043390275806,3
0.190000,0.010963672937,0.038340107858,-0.028331635188,0.048916740972,3
0.200000,0.046871481425,-0.002942347636,-0.034223993246,0.058110884473,3
0.210000,0.032140247345,-0.032187809902,-0.005106280417,0.045772532214,3
0.220000,0.008797509696,-0.033687051275,0.039667634108,0.052780060593,3
0.230000,-0.029539503149,-0.003540359502,0.040798421744,0.050493837332,3
0.240000,-0.053505609145,0.037238476181,-0.002363616102,0.065231441800,3
0.250000,-0.032584191271,0.040726777519,-0.016519155890,0.054710898724,3
0.260000,0.022899068500,0.020190885157,-0.057526867767,0.065125875784,3
0.270000,0.046508944493,-0.046071352447,-0.013477124544,0.066837746223,3
0.280000,0.011837777513,-0.054067941514,0.022658502084,0.059807048018,3
0.290000,-0.023324336082,-0.015775723209,0.042852987822,0.051276472789,3
0.300000,-0.064661377146,0.028061865746,0.022562478728,0.074010995466,3
0.310000,-0.044567058078,0.040555998318,-0.016720557928,0.062534700149,3
0.320000,0.028137759213,0.021065112181,-0.031173030830,0.046981169588,3
0.330000,0.042691692192,-0.030044284703,-0.036271846632,0.063567967433,3
0.340000,0.040350644984,-0.055634248422,-0.008275461987,0.069223026655,3
0.350000,-0.002909710599,-0.025451664508,0.053756171234,0.059548128331,3
0.360000,-0.053288406199,0.028806375150,0.034245632754,0.069586096652,3
0.370000,-0.049411394755,0.052683245805,0.007433701327,0.072610400327,3
0.380000,0.004978582081,0.039263584583,-0.047447776360,0.061787594510,3
0.390000,0.074880928677,-0.012648350754,-0.063818789633,0.099196633847,3
0.400000,0.076873111717,-0.040597122402,0.007078999339,0.087222209810,3
0.410000,0.023252425591,-0.044088425333,0.030521659423,0.058446866795,3
0.420000,-0.022882602301,-0.010590640943,0.054517692789,0.060066246684,3
0.430000,-0.026082439708,0.044546650525,0.016479208044,0.054187286626,3
0.440000,-0.016408221289,0.055585083830,-0.045374276460,0.073605409003,3
0.450000,0.035444549577,0.007165669087,-0.053613009445,0.064668521631,3
0.460000,0.062176589843,-0.052605881297,-0.011742877341,0.082287315181,3
0.470000,0.013935468182,-0.064952488458,0.029065976545,0.072511061383,3
0.480000,-0.044928473231,-0.035613564471,0.072506647481,0.092434342158,3
0.490000,-0.070751600446,0.057147074244,0.024760020163,0.094258345301,3
0.500000,-0.033210698041,0.067096302291,-0.031836238863,0.081353613014,3
0.510000,0.006781384821,0.032059429993,-0.057940052155,0.066564584242,3
0.520000,0.065783675255,-0.032095491592,-0.056838081396,0.092672433913,3
0.530000,0.033968569087,-0.057284331135,0.010567589100,0.067431685570,3
0.540000,-0.018041222679,-0.042392126531,0.057766681318,0.073888886702,3
0.550000,-0.071793054143,0.021519352641,0.058678074809,0.095186352092,3
0.560000,-0.050584429354,0.070586433104,-0.010009769672,0.087415241922,3
0.570000,0.001859340879,0.061718661212,-0.050234250501,0.079599812900,3
0.580000,0.048696435272,-0.009673213108,-0.062486026277,0.079808629483,3
0.590000,0.061378248854,-0.050866637220,-0.007169806414,0.080038180504,3
0.600000,-0.012382208552,-0.045157081292,0.034825010659,0.058354626610,3
0.610000,-0.027626480782,0.013485888118,0.084201310606,0.089637895594,3
0.620000,-0.050651969266,0.053356829680,0.025177216713,0.077759022019,3
0.630000,0.024469186902,0.038023047484,-0.036612459940,0.058180456087,3
0.640000,0.060101734261,-0.002521881990,-0.077274283517,0.097928000302,3
0.650000,0.076357074688,-0.053000296449,-0.027332279725,0.096883888204,3
0.660000,0.049332120921,-0.071443031462,0.042670927373,0.096739717500,3
0.670000,-0.013589619253,0.003963071757,0.073847034486,0.075191543352,3
0.680000,-0.074092185371,0.044692387420,0.022549514995,0.089417794945,3
0.690000,-0.008132569843,0.070950430657,-0.038268089172,0.081021904146,3
0.700000,0.022201926857,0.021277219985,-0.060484085659,0.067852562696,3
0.710000,0.040860351144,-0.023790181510,-0.037106987874,0.060103823347,3
0.720000,0.034625080688,-0.056263792866,-0.000768930246,0.066068917458,3
0.730000,-0.009497967836,-0.068689630454,0.076321992444,0.103118976214,3
0.740000,-0.079884341518,0.014804816850,0.039095561368,0.090161818639,3
0.750000,-0.055140261339,0.041640618852,-0.026714049327,0.074081239126,3
0.760000,-0.026133670477,0.033097853434,-0.046065815228,0.062453950773,3
0.770000,0.042324338127,-0.013483291867,-0.060601993070,0.075138208133,3
0.780000,0.053518147487,-0.079888092738,-0.007767653857,0.096470907108,3
0.790000,0.004301558742,-0.065688837208,0.042745499149,0.078490155044,3
0.800000,-0.071528393783,0.010622586388,0.062088721404,0.095310858691,3
0.810000,-0.063755236711,0.054462218364,0.018032492510,0.085767326082,3
0.820000,-0.013006303032,0.056234888157,-0.032194414807,0.066090898840,3
0.830000,0.044598541878,0.001919704436,-0.055978737969,0.071598423916,3
0.840000,0.065860784787,-0.055737282641,-0.013656901570,0.087354442414,3
0.850000,0.028161700267,-0.050204722985,0.027441620683,0.063770197723,3
0.860000,-0.009733397699,-0.001149460181,0.065186905489,0.065919594482,3
0.870000,-0.056950002190,0.037371737914,0.041925005140,0.079985346159,3
0.880000,-0.025856538988,0.068041941150,-0.026056616484,0.077312441603,3
0.890000,0.026786150195,0.027838024321,-0.060970235668,0.072179104163,3
0.900000,0.075385274884,-0.018776593960,-0.023022998910,0.081028134798,3
0.910000,0.037880260524,-0.073406853834,-0.000650899965,0.082606924637,3
0.920000,-0.002442277364,-0.050344401148,0.051703827112,0.072206711487,3
0.930000,-0.039977534386,0.036475290693,0.019277389656,0.057447957654,3
0.940000,-0.038582679344,0.051094398869,-0.018705411551,0.066701972702,3
0.950000,-0.008957583191,0.026113123121,-0.047308116347,0.054774002666,3
0.960000,0.035330168617,-0.031809171115,-0.044311763061,0.064989049286,3
0.970000,0.040453450868,-0.046992873488,-0.000236274554,0.062006996956,3
0.980000,-0.024058929235,-0.036356016776,0.049987814334,0.066327774074,3
0.990000,-0.059571726337,0.013985910835,0.032535265152,0.069303244940,3
1.000000,-0.051797681998,0.042049002935,0.009433667571,0.067380357613,3
1.010000,-0.016223353708,0.038169671773,-0.035134576313,0.054355859864,3
1.020000,0.020179618960,-0.003399147198,-0.063785401902,0.066987675872,3
1.030000,0.049605807891,-0.048386033183,-0.030166890966,0.075577679868,3
1.040000,0.010017635337,-0.032229614171,0.020193725977,0.039330492194,3
1.050000,-0.029054953026,-0.020605158261,0.057454641471,0.067600286011,3
1.060000,-0.042209813740,0.026168513472,0.013902177509,0.051572570353,3
1.070000,-0.020155296631,0.047538559085,-0.027284072107,0.058400095658,3
1.080000,0.029159376246,0.016233352093,-0.052655942400,0.062341312252,3
1.090000,0.050968191064,-0.023149957444,-0.027881075275,0.062538239410,3
1.100000,0.034099403824,-0.046588467083,0.013216868352,0.059227866882,3
1.110000,0.006352302123,-0.018726142430,0.037376424381,0.042284953022,3
1.120000,-0.035659329822,0.028580408016,0.028843542112,0.054040516719,3
1.130000,-0.031104328018,0.040917462914,-0.006745872834,0.051838448984,3
1.140000,0.020712355767,0.037591440161,-0.043479258633,0.061094713242,3
1.150000,0.047563255101,-0.017744089158,-0.029412801995,0.058670510966,3
1.160000,0.032719618528,-0.039338639095,0.002813971530,0.051244710929,3
1.170000,-0.003361529953,-0.024067035608,0.019735529485,0.031305162683,3
1.180000,-0.040070785550,-0.000604403594,0.017984115790,0.043925636923,3
1.190000,-0.038167042770,0.037723524125,0.011466727694,0.054875069660,3
1.200000,-0.014829712413,0.026791656559,-0.025967445628,0.040149987097,3
1.210000,0.010673362462,-0.006797231199,-0.028171646203,0.030883080610,3
1.220000,0.026244673865,-0.027846581706,-0.012659353182,0.040304766989,3
1.230000,0.005994655574,-0.038324153266,0.020844719963,0.044036109835,3
1.240000,-0.034029019585,-0.009286464442,0.039346739636,0.052842960891,3
1.250000,-0.047621865874,0.016109317233,0.022376174376,0.055027678405,3
1.260000,-0.030270662153,0.038160535950,-0.012626843947,0.050318750771,3
1.270000,0.017989695051,0.024581589266,-0.031942449290,0.044138460842,3
1.280000,0.035272401833,-0.019141058660,-0.013965699664,0.042491919524,3
1.290000,0.022441862991,-0.038245051081,0.015489737214,0.046970768629,3
1.300000,-0.016767712314,-0.008314637323,0.029939857373,0.035308418678,3
1.310000,-0.015628123809,0.015677077535,0.016609660673,0.027674714840,3
1.320000,-0.013045004853,0.023908573867,-0.007757903968,0.028319200729,3
1.330000,0.006999205060,0.015658720160,-0.031770383654,0.036104593420,3
1.340000,0.029512859652,-0.011679954495,-0.028603818721,0.042727142044,3
1.350000,0.032028597109,-0.023326605922,0.011075487772,0.041141560569,3
1.360000,-0.007057716681,-0.014134556371,0.031131590575,0.034910929238,3
1.370000,-0.022728663182,0.016407081640,0.029085674354,0.040395060473,3
1.380000,-0.021233080226,0.033663784489,0.003313605338,0.039938378314,3
1.390000,-0.012855751342,0.033076769898,-0.026980968039,0.044579319037,3
1.400000,0.025676619619,-0.002325767504,-0.032717334250,0.041654795042,3
1.410000,0.024500918843,-0.026170986678,-0.010162552166,0.037262488301,3
1.420000,0.011275005329,-0.027336022790,0.019769305031,0.035569780834,3
1.430000,-0.030659952749,-0.015450437437,0.031449230738,0.046559669603,3
1.440000,-0.044946169607,0.016969250482,0.020981061249,0.052424408011,3
1.450000,-0.026145100474,0.034962641832,-0.010379094981,0.044874026065,3
1.460000,0.010731761236,0.005055973652,-0.035609720940,0.037533795362,3
1.470000,0.029053591833,-0.035453203682,-0.038314217423,0.059741276405,3
1.480000,0.020533342617,-0.023354750547,0.010457489227,0.032808864855,3
1.490000,-0.002256529842,-0.003495914100,0.037816740536,0.038044962966,3
1.500000,-0.033669518929,0.014016519528,0.031555314860,0.048226934595,3
1.510000,-0.035643936682,0.034928547603,0.002061895149,0.049947423071,3
1.520000,0.008460391210,0.023339717419,-0.036819344871,0.044407035314,3
1.530000,0.043919637608,-0.003667944716,-0.026313008072,0.051329940385,3
1.540000,0.031982031745,-0.029179938927,-0.000526394505,0.043296608199,3
1.550000,0.018116100216,-0.026508592423,0.034471946808,0.047108530820,3
1.560000,-0.018277476320,0.012685836818,0.029639608422,0.037060801176,3
1.570000,-0.023822172507,0.028909758719,0.003733158780,0.037645803573,3
1.580000,0.000134968577,0.028839600444,-0.017621446620,0.033797280235,3
1.590000,0.041635003691,-0.010183502301,-0.045269698793,0.062341983288,3
1.600000,0.048019492408,-0.030863632635,-0.001677367628,0.057107346574,3
1.610000,0.013120424375,-0.037987212017,0.021838008860,0.045739178431,3
1.620000,-0.025839960776,-0.015698075215,0.041347856715,0.051222830782,3
1.630000,-0.045205902498,0.037245034137,0.005752344707,0.058854529631,3
1.640000,-0.022247839303,0.038753804989,-0.027310767846,0.052370810526,3
1.650000,0.014527699367,0.030268090465,-0.059872104250,0.068643136705,3
1.660000,0.053008789246,-0.043888074210,-0.022107897267,0.072283150988,3
1.670000,0.023878449675,-0.042075342669,0.011915568243,0.049824648380,3
1.680000,-0.025044803566,-0.021593574347,0.046334554259,0.056924648064,3
1.690000,-0.047330428345,0.019072912810,0.016131493769,0.053517945977,3
1.700000,-0.032981099710,0.046667618944,-0.013537267211,0.058727141932,3
1.710000,-0.005353908810,0.033941724116,-0.056502938368,0.066130832595,3
1.720000,0.025167867302,-0.012242129301,-0.037807618656,0.047039422858,3
1.730000,0.042753803905,-0.047459023486,0.003067942214,0.063950441187,3
1.740000,0.001019502888,-0.033183368683,0.042051681121,0.053577226770,3
1.750000,-0.041671605793,0.021785918242,0.037728291109,0.060287419194,3
1.760000,-0.032504651500,0.053751791938,0.007563001103,0.063269317140,3
1.770000,-0.006311166249,0.045140131007,-0.019680561239,0.049646618590,3
1.780000,0.034402655038,-0.001257432929,-0.054647982654,0.064587350304,3
1.790000,0.069600138151,-0.041351382496,-0.009710576626,0.081537791014,3
1.800000,0.014928076023,-0.049375200132,0.019930015849,0.055298855083,3
1.810000,-0.014771267566,-0.006451583600,0.063519509151,0.065532749975,3
1.820000,-0.036867979797,0.042178768777,0.027592787986,0.062447245085,3
1.830000,-0.021952295467,0.061877653654,-0.029404197867,0.071939934322,3
1.840000,0.020814592218,0.029494107677,-0.067118138426,0.076210197104,3
1.850000,0.056357615008,-0.038273734157,-0.049042267813,0.083941667412,3
1.860000,0.013232997865,-0.042699656579,0.036009146780,0.057402365424,3
1.870000,-0.028817303828,-0.027928966698,0.055052783846,0.068126890358,3
1.880000,-0.067803921753,0.045967457669,0.042250086590,0.092170758847,3
1.890000,-0.046272752121,0.058883061649,-0.014035643691,0.076193056323,3
1.900000,-0.033400284258,0.015108721345,-0.055105785428,0.066185346088,3
1.910000,0.035357468576,-0.021382193923,-0.042828708307,0.059511738811,3
1.920000,0.014694005815,-0.047884697551,0.003953161963,0.050244258935,3
1.930000,-0.003931337074,-0.060001072461,0.057232008764,0.083012570945,3
1.940000,-0.065382698363,0.011536176762,0.051549569437,0.084055569290,3
1.950000,-0.063614578915,0.057614386124,0.016399835190,0.087379555580,3
1.960000,-0.037378428689,0.039501857014,-0.045192422334,0.070709961641,3
1.970000,0.045322957611,-0.028630352325,-0.062148255991,0.082074802977,3
1.980000,0.063276980964,-0.055170809675,-0.020621811637,0.086446825709,3
1.990000,0.032047461519,-0.073659944299,0.037732055902,0.088749846347,3
2.000000,-0.018434469835,0.007794226116,0.049902816164,0.053766817834,3
2.010000,-0.053857677798,0.039588942928,0.050034864278,0.083495038794,3
2.020000,-0.016419125930,0.055726255700,-0.036075208260,0.068384383610,3
2.030000,0.071342011156,0.030277074406,-0.080627896392,0.111835779011,3
2.040000,0.071801548385,-0.061535597946,-0.059635188680,0.111796457431,3
2.050000,0.043210873545,-0.066173627892,0.042130285570,0.089560535858,3
2.060000,-0.011920535202,-0.030121288266,0.087921143956,0.093699086019,3
2.070000,-0.066237324929,0.028124804952,0.024278509033,0.075946256446,3
2.080000,-0.047247041368,0.054842804590,-0.014852030165,0.073895865469,3
2.090000,0.011488627991,0.054461179509,-0.070248768279,0.089626436342,3
2.100000,0.076929982987,-0.038177267189,-0.060522824559,0.105065400132,3
2.110000,0.038490842619,-0.067205996641,0.007287851143,0.077790126137,3
2.120000,-0.001953816897,-0.047142760617,0.046926196302,0.066545662356,3
2.130000,-0.056808261096,0.018501267406,0.055559343670,0.081586249414,3
2.140000,-0.066738377586,0.040626428837,0.017657780882,0.080101903776,3
2.150000,-0.028605386183,0.057915147648,-0.060938810397,0.088802990144,3
2.160000,0.017239267252,-0.007316665229,-0.089404049491,0.091344457910,3
2.170000,0.056803211406,-0.063621693339,-0.025275115885,0.088955922638,3
2.180000,0.008802920359,-0.061447330267,0.052135569220,0.081064069609,3
2.190000,-0.062990066355,-0.018448101261,0.071156347063,0.096805509280,3
2.200000,-0.054449871795,0.064938705387,0.012269850174,0.085629277815,3
2.210000,-0.033199574026,0.060397533356,-0.019244468658,0.071557133292,3
2.220000,0.046724600030,0.013512389130,-0.065612473374,0.081674779279,3
2.230000,0.075827601705,-0.043503375511,-0.026864120198,0.091455179269,3
2.240000,0.043205211709,-0.072197826028,0.028922719412,0.088970445094,3
2.250000,0.002274613733,-0.031341941536,0.058931666446,0.066786469266,3
2.260000,-0.083233267303,0.026597351309,0.050501585783,0.100923763551,3
2.270000,-0.019427094262,0.087008150245,0.001999142458,0.089173015936,3
2.280000,0.029573382729,0.033140368847,-0.059761394993,0.074460011717,3
2.290000,0.061115750348,-0.031890519761,-0.069892512746,0.098168750269,3
2.300000,0.070903914521,-0.078895358820,-0.007773818145,0.106359179135,3
2.310000,-0.011646027627,-0.044318584693,0.035466599015,0.057945203031,3
2.320000,-0.049240662598,0.024467901812,0.045661265857,0.071472178306,3
2.330000,-0.065470212529,0.056290801854,0.012096667110,0.087185620701,3
2.340000,-0.014277930566,0.035428614427,-0.035700436214,0.052283526730,3
2.350000,0.028202254341,-0.010787769112,-0.074101202158,0.080017068639,3
2.360000,0.028592138009,-0.038771569255,-0.010281102936,0.049258968889,3
2.370000,0.005010484004,-0.060681769917,0.036121044077,0.070796270914,3
2.380000,-0.044328609290,0.009516961420,0.039342589609,0.060028639110,3
2.390000,-0.070421906363,0.038562917833,0.019646015288,0.082657785140,3
2.400000,-0.034764319824,0.058321384026,-0.047698278547,0.082976307124,3
2.410000,0.005185829452,-0.002858394452,-0.062858601939,0.063136891622,3
2.420000,0.060131755263,-0.029732081964,-0.038796790952,0.077492036217,3
2.430000,0.028041277412,-0.035716933820,0.028342899310,0.053528801049,3
2.440000,-0.015555004720,-0.037853618242,0.071662641604,0.082525079749,3
2.450000,-0.053057222476,0.011503604551,0.027258538017,0.060748906734,3
2.460000,-0.031131344613,0.055220907607,-0.018314854564,0.065984415979,3
2.470000,0.026511706218,0.029134666668,-0.050862433834,0.064332624258,3
2.480000,0.059189964044,-0.003051682729,-0.033725871823,0.068192367910,3
2.490000,0.059116734710,-0.063371604205,0.013695782572,0.087740087774,3
2.500000,-0.006826250703,-0.010657436428,0.048487761623,0.050112290679,3
2.510000,-0.038482806844,0.028928734906,0.049872680668,0.069318701683,3
2.520000,-0.044481832594,0.054319099279,0.020015946032,0.073005726302,3
2.530000,-0.000242070532,0.037702109891,-0.048036570301,0.061065700476,3
2.540000,0.024917572469,-0.010762401490,-0.037044675707,0.045924097180,3
2.550000,0.036761932740,-0.030246934852,-0.010463945998,0.048742291007,3
2.560000,0.006735650250,-0.032125411135,0.039413884359,0.051291961409,3
2.570000,-0.051573679895,0.003816583236,0.041733058330,0.066453434246,3
2.580000,-0.053742807869,0.019094292351,0.016342430815,0.059329220819,3
2.590000,-0.013823662135,0.025121649269,-0.035846651684,0.045903957714,3
2.600000,0.014548472759,-0.006551659271,-0.054680221676,0.056960591126,3
2.610000,0.023606020825,-0.031808100612,-0.026176017487,0.047478241071,3
2.620000,0.009590547860,-0.061113100100,0.019978725934,0.065007223461,3
2.630000,-0.018252535060,-0.014801581795,0.032830449256,0.040374252415,3
2.640000,-0.040969703834,0.023330230989,0.027015249346,0.054338200260,3
2.650000,-0.027561921596,0.030165264834,-0.012389557018,0.042697820175,3
2.660000,0.009078418349,0.028094124255,-0.031177678354,0.042938853326,3
2.670000,0.046382391675,-0.012836086641,-0.026250028327,0.054819297377,3
2.680000,0.033999682542,-0.023489599483,0.020935502855,0.046325316800,3
2.690000,-0.004743633107,-0.016122670304,0.025504520926,0.030543790539,3
2.700000,-0.033553294089,0.016358467576,0.038477051410,0.053608828478,3
2.710000,-0.030577923254,0.030754933117,0.003470850102,0.043507724624,3
2.720000,0.016037980498,0.025933997331,-0.025809129464,0.039948719625,3
2.730000,0.038148484880,0.006866877150,-0.026451326823,0.046926896244,3
2.740000,0.035035663011,-0.031374583320,-0.002964807606,0.047123797016,3
2.750000,0.022447954237,-0.032500579066,0.024005043304,0.046221644205,3
2.760000,-0.005792308455,0.011473072827,0.036924697195,0.039097512712,3
2.770000,-0.040019149241,0.039049063371,0.013841612685,0.057601665756,3
2.780000,-0.011948543275,0.029255594746,-0.015765226918,0.035315717324,3
2.790000,0.028805466777,-0.003561652945,-0.043364694615,0.052181769106,3
2.800000,0.047705739816,-0.037991929341,-0.028431255993,0.067287150510,3
2.810000,0.016607382641,-0.040515980288,0.012614544095,0.045568372141,3
2.820000,-0.021137513648,-0.029906715281,0.029370659063,0.046945092565,3
2.830000,-0.053647833033,0.016375995435,0.018871235623,0.059180966109,3
2.840000,-0.026855018272,0.043195657044,-0.018894209095,0.054259081555,3
2.850000,-0.000579128587,0.024032861888,-0.043261238675,0.049491904511,3
2.860000,0.029215014861,-0.021355136137,-0.026900327146,0.045090869734,3
2.870000,0.023397773118,-0.035279189896,0.008906722882,0.043259758889,3
2.880000,-0.001327591273,-0.028825725078,0.032716954842,0.043624351674,3
2.890000,-0.030559799141,0.011502644154,0.031783151408,0.045567322277,3
2.900000,-0.038788815509,0.019708497894,0.008595373875,0.044349493231,3
2.910000,-0.006133675627,0.008980230735,-0.026689134522,0.028819722800,3
2.920000,0.045156500968,-0.004167551596,-0.043500029824,0.062838926316,3
2.930000,0.037282593036,-0.029542331325,-0.005292002120,0.047861742238,3
2.940000,0.021309226693,-0.034498545154,0.035837752150,0.054116330614,3
2.950000,-0.009326806669,-0.008005318767,0.042802871237,0.044532687291,3
2.960000,-0.030002919821,0.029885388214,0.022760006363,0.048076288502,3
2.970000,-0.013090746187,0.038123491515,-0.015005821098,0.043010962647,3
2.980000,0.021750293345,-0.000118310653,-0.035512358018,0.041643929090,3
2.990000,0.030088514388,-0.012087623420,-0.002386164752,0.032513429845,3
3.000000,0.032950647899,-0.038169983375,0.007981793456,0.051052931890,3
3.010000,-0.029409640677,-0.021037866372,0.046767638717,0.059116248337,3
3.020000,-0.041297227737,0.021351233016,0.030144425247,0.055407784142,3
3.030000,-0.029469024047,0.039854474751,-0.011178828498,0.050811108457,3
3.040000,-0.002515583668,0.016352269090,-0.038782250006,0.042163820760,3
3.050000,0.020933450241,-0.023274234500,-0.020427295867,0.037378787393,3
3.060000,0.026529832551,-0.043946240272,0.008024792482,0.051956725682,3
3.070000,-0.020121193102,-0.038839783158,0.035181871971,0.056135151937,3
3.080000,-0.049825704258,0.018815825481,0.052448604010,0.074749529469,3
3.090000,-0.053436274983,0.019218658982,0.004306429909,0.056950308828,3
3.100000,-0.016675689289,0.028339680060,-0.036171714055,0.048883626879,3
3.110000,0.033046981571,-0.008180135245,-0.040682904252,0.053048245041,3
3.120000,0.032295484997,-0.036361295861,-0.014035160056,0.050617466409,3
3.130000,0.017283454366,-0.039687018318,0.015705587531,0.046048264869,3
3.140000,-0.020708289902,-0.007613254448,0.045688667633,0.050737060064,3
3.150000,-0.031946756410,0.038941384300,0.024901691641,0.056188263035,3
3.160000,0.005584534065,0.046570214717,-0.017813045853,0.050172467769,3
3.170000,0.038259175481,0.016449105019,-0.043659733039,0.060336637737,3
3.180000,0.084332571821,-0.050247828241,-0.046817769607,0.108759967193,3
3.190000,0.047221471197,-0.064679023076,0.039815536780,0.089434447151,3
3.200000,-0.005841044352,-0.004706872135,0.060663316986,0.061125366846,3
3.210000,-0.048274432799,0.011906309655,0.038983093029,0.063181188765,3
3.220000,-0.028237718390,0.058084267786,-0.023669225445,0.068785050246,3
3.230000,0.009098254760,0.027408609971,-0.055301245863,0.062387802768,3
3.240000,0.050105724077,-0.038526978886,-0.043475351486,0.076713870156,3
3.250000,0.052863680031,-0.079408013063,0.013986939676,0.096414914233,3
3.260000,0.003334365283,-0.033292811235,0.052140039101,0.061952505593,3
3.270000,-0.058543904855,0.019759033541,0.052635516214,0.081168379122,3
3.280000,-0.067442855231,0.062407546885,-0.001902404995,0.091906799393,3
3.290000,-0.029836913143,0.041880285755,-0.031128766402,0.060109897842,3
3.300000,0.038958044041,-0.013190834701,-0.061721783482,0.074170788535,3
3.310000,0.038200792802,-0.048717355625,-0.008780575524,0.062528232154,3
3.320000,0.001245312431,-0.041542145192,0.027835436706,0.050021117209,3
3.330000,-0.049797413897,-0.009740240843,0.070145129613,0.086573633001,3
3.340000,-0.056137765225,0.050815313709,0.010097603270,0.076391140741,3
3.350000,-0.016046291536,0.062348586289,-0.037274997238,0.074392574248,3
3.360000,0.008327504744,0.012805471665,-0.075761380259,0.077285924841,3
3.370000,0.082207558661,-0.057490508631,-0.016814620275,0.101715154911,3
3.380000,0.030880732942,-0.059218367585,0.037643478964,0.076664634839,3
3.390000,-0.005656013692,-0.020153790296,0.059010100056,0.062612759584,3
3.400000,-0.048641760903,0.035825221872,0.037786368784,0.071255014503,3
3.410000,-0.020368377105,0.049300965203,-0.021291102273,0.057434893504,3
3.420000,0.033058608986,0.043280474149,-0.085160509962,0.101086020437,3
3.430000,0.096505339432,-0.038661540176,-0.038654436907,0.110915105916,3
3.440000,0.062163279385,-0.061434705618,0.009254675051,0.087887117193,3
3.450000,0.002838320815,-0.028835556078,0.049637706072,0.057475622862,3
3.460000,-0.063077849322,0.028006744774,0.056426900006,0.089147001476,3
3.470000,-0.063068122738,0.060989869782,0.007804734512,0.088081020671,3
3.480000,0.003494805970,0.063673709985,-0.054524282931,0.083901444809,3
3.490000,0.061510183263,-0.023264193397,-0.078914640391,0.102724124759,3
3.500000,0.056870858696,-0.070338504505,-0.002447674213,0.090486412758,3
3.510000,-0.018680307038,-0.055135984377,0.055888020596,0.080699451611,3
3.520000,-0.069871524394,0.011457523543,0.058081500340,0.091579285041,3
3.530000,-0.067016737588,0.034381214851,0.037617826745,0.084192707170,3
3.540000,-0.051160794018,0.054876841524,-0.048994721369,0.089606792724,3
3.550000,0.043926847219,0.011407118300,-0.062174050073,0.076975988184,3
3.560000,0.060516126820,-0.055812968211,-0.040281466510,0.091650889630,3
3.570000,0.020726768907,-0.038291297613,0.033530671414,0.054955694407,3
3.580000,-0.054959236074,-0.023482173345,0.063574479799,0.087256200791,3
3.590000,-0.054008588181,0.032818030948,0.043068779613,0.076477908771,3
3.600000,-0.052214603923,0.063329048556,-0.042537269723,0.092446484894,3
3.610000,0.024788044331,0.035737967301,-0.059470331004,0.073677470901,3
3.620000,0.078476535230,-0.028634818621,-0.058957940025,0.102247533521,3
3.630000,0.071430467749,-0.053577043355,0.020158921363,0.091537934257,3
3.640000,0.027977762024,-0.053718669773,0.069132606756,0.091911740093,3
3.650000,-0.025737470509,0.037795654209,0.042105625894,0.062159573657,3
3.660000,-0.060118674295,0.079165481950,0.014229703239,0.100418688428,3
3.670000,0.007642122999,0.072447987995,-0.056747260455,0.092343730581,3
3.680000,0.061329647744,0.004227028209,-0.084240453345,0.104286372262,3
3.690000,0.060293157445,-0.054421059895,-0.009548816401,0.081780783131,3
3.700000,-0.004655082056,-0.048312808107,0.048681026046,0.068743287039,3
3.710000,-0.054657023223,-0.008034907951,0.089260045908,0.104972880922,3
3.720000,-0.060221482231,0.067478374212,0.016109904537,0.091866680209,3
3.730000,-0.031840960590,0.061204013025,-0.064694104874,0.094578566214,3
3.740000,0.030277162662,-0.005383950058,-0.062641485248,0.069782871618,3
3.750000,0.077192409175,-0.059573129421,-0.027300505710,0.101256819007,3
3.760000,0.003255888873,-0.056909631732,0.034499092447,0.066629530809,3
3.770000,-0.051940597392,-0.011187269866,0.073141699412,0.090402925049,3
3.780000,-0.095722137756,0.034252489245,0.040214509665,0.109330542227,3
3.790000,-0.062052166851,0.057277055424,-0.038162743369,0.092668913182,3
3.800000,0.016983027288,0.033006166291,-0.075776534575,0.084379579410,3
3.810000,0.054502209019,-0.040644574891,-0.043513312474,0.080721004816,3
3.820000,0.059349553293,-0.050858022362,0.003579430241,0.078241422760,3
3.830000,-0.002983649337,-0.031253668967,0.063917592295,0.071212025614,3
3.840000,-0.061710013093,0.030682031578,0.060088630502,0.091433890289,3
3.850000,-0.050712031252,0.073538687068,-0.001504979820,0.089341555693,3
3.860000,0.029529936788,0.050363827252,-0.048647087753,0.075993890603,3
3.870000,0.056991087449,-0.010884141327,-0.062748863466,0.085462672831,3
3.880000,0.068259531463,-0.058707847257,-0.012288675796,0.090867961999,3
3.890000,0.026429829633,-0.043409917247,0.054088033750,0.074219082484,3
3.900000,-0.023213076426,-0.001798067100,0.053813685398,0.058634398595,3
3.910000,-0.059055758444,0.061877352648,0.018483706051,0.087510209493,3
3.920000,-0.015782481033,0.062799987012,-0.032669348785,0.072527315036,3
3.930000,0.024168786691,0.027334655410,-0.060609043361,0.070744397471,3
3.940000,0.049315617678,-0.012284279788,-0.020730283988,0.054887870710,3
3.950000,0.013665328334,-0.059817256328,0.018456126997,0.064073972694,3
3.960000,-0.038534920464,-0.011231020989,0.048621459561,0.063048570621,3
3.970000,-0.069495368138,0.031279220789,0.033239634445,0.083143665687,3
3.980000,-0.039777289220,0.054156138339,-0.026704344809,0.072306583996,3
3.990000,0.000760612267,0.040433594363,-0.058664793000,0.071253154469,3
4.000000,0.041117518024,-0.021578378170,-0.044016107152,0.063981984822,3
4.010000,0.032458288173,-0.058107923280,0.006726245561,0.066897784705,3
4.020000,-0.014421068109,-0.023635372261,0.045428624715,0.053201108737,3
4.030000,-0.029031266869,0.038015526727,0.039193896063,0.061839762426,3
4.040000,-0.059144506007,0.055759259370,-0.013572875888,0.082409893558,3
4.050000,0.018501875779,0.027637882489,-0.039756871825,0.051834166465,3
4.060000,0.042750080804,0.002328889088,-0.044341070936,0.061637031928,3
4.070000,0.040218753081,-0.037726380090,-0.004821044309,0.055354045221,3
4.080000,0.028013713616,-0.028713366667,0.041255820307,0.057543620716,3
4.090000,-0.005858614871,0.003405675506,0.050139386655,0.050595257565,3
4.100000,-0.050837812538,0.047156188441,0.006669594550,0.069661128209,3
4.110000,-0.004897961050,0.031139091705,-0.018132348681,0.036365026101,3
4.120000,0.038850953103,0.009087567632,-0.048932871899,0.063137994859,3
4.130000,0.041870711735,-0.038006446445,-0.006256699360,0.056892818172,3
4.140000,0.019948714441,-0.035618107655,0.020631098815,0.045741043266,3
4.150000,-0.018507601570,-0.016679629931,0.029677083391,0.038748814809,3
4.160000,-0.056735142201,0.038588027007,0.042048385131,0.080473466938,3
4.170000,-0.012980639479,0.023460366481,-0.025750744855,0.037175081133,3
4.180000,-0.000825052362,0.020380130432,-0.027415200501,0.034170508429,3
4.190000,0.026751291587,-0.028587994276,-0.030286433109,0.049499222708,3
4.200000,0.024765468180,-0.042016080022,0.003523761208,0.048898837283,3
4.210000,-0.005157251907,-0.030926289262,0.041952554455,0.052374129492,3
4.220000,-0.046531425379,0.006130375645,0.017541177464,0.050104370670,3
4.230000,-0.031942154824,0.037675405869,-0.012440230365,0.050936203173,3
4.240000,-0.003090497253,0.026327423633,-0.035004801776,0.043909230873,3
4.250000,0.016534871919,-0.005033532484,-0.028549612811,0.033373924407,3
4.260000,0.028094739248,-0.046756656251,-0.015331715368,0.056661810537,3
4.270000,-0.000723923168,-0.024490772830,0.028987631465,0.037955299979,3
4.280000,-0.021444883256,0.002700172287,0.037447188317,0.043237320235,3
4.290000,-0.032835921581,0.025997614263,0.011580877917,0.043453313185,3
4.300000,-0.017715737066,0.030755548427,-0.028326892904,0.045411055487,3
4.310000,0.030428630538,-0.000352016761,-0.044224307078,0.053682537279,3
4.320000,0.041279941870,-0.028018133498,-0.005954847922,0.050244498398,3
4.330000,0.017305392660,-0.038112833745,0.008031797726,0.042621291462,3
4.340000,-0.005264287501,-0.018314365190,0.039857688629,0.044178773614,3
4.350000,-0.022567200373,0.022150309139,0.031786514442,0.044836338254,3
4.360000,-0.010718699290,0.043322511743,-0.014205747491,0.046835176950,3
4.370000,0.022200328798,0.007818783789,-0.028287446913,0.036799016719,3
4.380000,0.044280251617,-0.025075058962,-0.021076761287,0.055079298576,3
4.390000,0.022347443571,-0.031438082953,0.004972463611,0.038890701823,3
4.400000,-0.008279903781,-0.019209424089,0.046360890551,0.050861487917,3
4.410000,-0.041958758647,0.013497943492,0.020572612115,0.048641178799,3
4.420000,-0.038780716344,0.030679989272,0.010501555539,0.050551838449,3
4.430000,-0.007298277364,0.030206829034,-0.030152549834,0.043300041966,3
4.440000,0.020464977446,-0.005550091526,-0.047705064868,0.052205287394,3
4.450000,0.018966925753,-0.041474883667,-0.018469457751,0.049203974609,3
4.460000,-0.009000605808,-0.028811164810,0.038282083444,0.048750508053,3
4.470000,-0.033041501205,0.001564155476,0.037816665028,0.050242288344,3
4.480000,-0.049335533459,0.031289767689,0.012390767665,0.059720813349,3
4.490000,-0.019960515033,0.044798166457,-0.017975382368,0.052234205743,3
4.500000,0.016315313211,-0.002734038750,-0.036127412210,0.039734799938,3
4.510000,0.045262565751,-0.027420970287,-0.019659201340,0.056454350294,3
4.520000,0.010991154747,-0.041492859712,0.022213314675,0.048331089773,3
4.530000,-0.015890532700,-0.022538238111,0.029841996573,0.040632818830,3
4.540000,-0.019089863912,0.023516671351,0.025553303927,0.039628626991,3
4.550000,-0.014650567122,0.046292707266,-0.006420104007,0.048978276802,3
4.560000,0.027597920974,0.026552732488,-0.053792657729,0.066032892335,3
4.570000,0.054804628618,-0.017639302108,-0.026349724134,0.063316666516,3
4.580000,0.031925383155,-0.031907870095,0.015748650720,0.047805462691,3
4.590000,0.001991790059,-0.003746913758,0.059255275310,0.059407021827,3
4.600000,-0.041301322771,0.028970411150,0.038449050405,0.063430382798,3
4.610000,-0.042586570834,0.052147430133,-0.006427786970,0.067633474923,3
4.620000,-0.005271729572,0.051624029931,-0.030301462904,0.060091682063,3
4.630000,0.029333217894,-0.022413381220,-0.041993897650,0.055913189585,3
4.640000,0.047032409323,-0.039267480526,-0.010799619200,0.062214261456,3
4.650000,0.005862909460,-0.039447742920,0.040252381741,0.056663501168,3
4.660000,-0.051080209640,0.011288413528,0.044080084671,0.068408113272,3
4.670000,-0.056658074165,0.055617839375,0.024735296522,0.083158380929,3
4.680000,-0.021570218799,0.051589257339,-0.039216602865,0.068298372983,3
4.690000,0.008383052683,-0.002864185383,-0.057160086276,0.057842498159,3
4.700000,0.045063167642,-0.038447038647,-0.021905776536,0.063156368676,3
4.710000,0.028060437436,-0.052709150432,0.028026428573,0.065963045616,3
4.720000,-0.050988952579,-0.022507878983,0.042610987414,0.070158208000,3
4.730000,-0.041427566193,0.036533441426,0.015450032934,0.057355375517,3
4.740000,-0.039017737106,0.056904327659,-0.038237881846,0.078883597302,3
4.750000,0.038734087651,0.008895486134,-0.066368523949,0.077357870905,3
4.760000,0.068752111905,-0.024877443654,-0.057660682787,0.093115489762,3
4.770000,0.053543277232,-0.071521171667,0.017828997514,0.091104520666,3
4.780000,-0.001313151376,-0.021000040099,0.057084601554,0.060838949574,3
4.790000,-0.058220212464,0.034400406866,0.060395648782,0.090667610113,3
4.800000,-0.057506729989,0.063940967462,-0.033609981158,0.092331479721,3
4.810000,-0.003324216881,0.041767767587,-0.032307100972,0.052908842363,3
4.820000,0.067753619374,-0.014619000099,-0.066223514221,0.095863558968,3
4.830000,0.064913248896,-0.043106786252,-0.018640325297,0.080121074820,3
4.840000,0.009265033256,-0.037463445902,0.059164991645,0.070638848068,3
4.850000,-0.049041221338,0.006159523415,0.056590964959,0.075136665045,3
4.860000,-0.062413224592,0.078053237860,0.022088486044,0.102350475134,3
4.870000,-0.008908567978,0.061458938870,-0.069949445644,0.093538701597,3
4.880000,0.050011433699,0.010935595331,-0.073847059876,0.089856101619,3
4.890000,0.063369081456,-0.049753124583,-0.029900417229,0.085936306884,3
4.900000,0.015168489969,-0.075096727242,0.041751419234,0.087251260956,3
4.910000,-0.046346370220,-0.023631544582,0.067005749311,0.084830456633,3
4.920000,-0.087122320340,0.059803413789,0.021813521703,0.107900772617,3
4.930000,-0.029272227019,0.062608164745,-0.032874197921,0.076533381321,3
4.940000,0.013498994284,0.036651467168,-0.068325667922,0.078701650486,3
4.950000,0.058949898296,-0.031474620187,-0.037392571035,0.076576410165,3
4.960000,0.042975754684,-0.064836889705,0.018289446195,0.079907706759,3
4.970000,-0.014909224899,-0.034311363974,0.094885704712,0.101994370647,3
4.980000,-0.094310301359,0.048454980821,0.062125832669,0.122889939351,3
4.990000,-0.031763883757,0.085389105872,-0.021759944326,0.093668238427,3
5.000000,0.030937442960,0.043943582669,-0.074160705777,0.091585883825,3
5.010000,0.098160756413,-0.025193860653,-0.061056065062,0.118313599366,3
5.020000,0.076376835135,-0.043399576573,0.004838976893,0.087979315122,3
5.030000,0.009407390846,-0.030291283769,0.092312832253,0.097610039819,3
5.040000,-0.031044463504,0.024488315008,0.079184094910,0.088507384849,3
5.050000,-0.058734393768,0.067354501321,0.015496432499,0.090700040130,3
5.060000,-0.001211884196,0.063814836631,-0.055731188249,0.084733508018,3
5.070000,0.085588954265,-0.002238855661,-0.066653534638,0.108504263725,3
5.080000,0.086308728231,-0.065061739682,-0.022026355586,0.110305878718,3
5.090000,0.030513951084,-0.066567328438,0.040205021133,0.083538937929,3
5.100000,-0.028725774428,-0.001547405949,0.064225222117,0.070373601142,3
5.110000,-0.084758629413,0.052692676825,0.043893101157,0.109028197180,3
5.120000,-0.037438895148,0.059422406993,-0.014289457542,0.071672044199,3
5.130000,0.033746451444,0.007296895597,-0.086081805954,0.092747749228,3
5.140000,0.035309604089,-0.039785274440,-0.023922159050,0.058325859589,3
5.150000,0.031150216160,-0.048047325771,0.018768446774,0.060258908676,3
5.160000,-0.050625347523,-0.044842036671,0.051539411162,0.085029671101,3
5.170000,-0.093716367424,0.039281252132,0.045751668025,0.111440519647,3
5.180000,-0.055262339683,0.044561988513,-0.011498727499,0.071916046482,3
5.190000,-0.002122588316,0.053060667997,-0.071558617601,0.089109907544,3
5.200000,0.057173300227,-0.006886757249,-0.067403477892,0.088653496920,3
5.210000,0.050037057101,-0.053265046874,-0.018337308881,0.075346726530,3
5.220000,0.022076659120,-0.054932125177,0.070651192679,0.092176506124,3
5.230000,-0.048092971647,-0.004424983994,0.055928730920,0.073895448761,3
5.240000,-0.052898333609,0.047460899399,0.012103354900,0.072092037495,3
5.250000,0.001461826599,0.033139627571,-0.040206547584,0.052124258471,3
5.260000,0.053216942261,-0.003198227336,-0.068478167253,0.086784393713,3
5.270000,0.072081808596,-0.041556489791,-0.020202839237,0.085620579812,3
5.280000,0.042739610514,-0.062419622744,0.038581885598,0.084920230256,3
5.290000,-0.040218462198,-0.003990619615,0.067200545863,0.078417874944,3
5.300000,-0.049972445268,0.044693384010,0.039523368750,0.077825706150,3
5.310000,-0.026907549812,0.054865432178,-0.021150118390,0.064664978101,3
5.320000,0.027898300583,0.027114815435,-0.047059792665,0.061058598716,3
5.330000,0.069959958330,-0.038980401001,-0.032311150873,0.086359005914,3
5.340000,0.046835233633,-0.048669052896,0.029183528108,0.073579169146,3
5.350000,-0.023572065748,-0.021014275829,0.055634867605,0.063972498511,3
5.360000,-0.071860998820,0.015369768435,0.049525726200,0.088617326121,3
5.370000,-0.035418999589,0.036181122537,-0.022885420629,0.055563671921,3
5.380000,-0.005064897233,0.035750047598,-0.052657853209,0.063848011651,3
5.390000,0.039910211473,-0.022318420486,-0.033922510555,0.056935697020,3
5.400000,0.032810131045,-0.048756159194,0.000179053705,0.058768187132,3
5.410000,-0.010066357930,-0.029989790378,0.034064206946,0.046487517504,3
5.420000,-0.048936094249,0.013960526406,0.054584954687,0.074626770639,3
5.430000,-0.049013393090,0.045897648905,0.001378477748,0.067162542225,3
5.440000,-0.007835927930,0.045568271758,-0.044581766957,0.064229300966,3
5.450000,0.032228612720,0.002237966634,-0.043173046929,0.053922202789,3
5.460000,0.056400166040,-0.027638921051,-0.018307766121,0.065422190322,3
5.470000,0.023374034325,-0.026950159182,0.036042531344,0.050712134901,3
5.480000,-0.023238567534,-0.000572355446,0.046926701771,0.052368635183,3
5.490000,-0.027181998932,0.046421608359,0.024000844310,0.058905579669,3
5.500000,-0.017975550064,0.050452090769,-0.024133134425,0.058744719254,3
5.510000,0.039414982191,-0.001650426877,-0.048052741033,0.062171783398,3
5.520000,0.061595837506,-0.031421874617,-0.038966479878,0.079371077583,3
5.530000,0.040045001696,-0.035115686542,0.021694004313,0.057509507259,3
5.540000,-0.013049909780,-0.013289110521,0.032766014283,0.037689684208,3
5.550000,-0.036628343520,0.010601124058,0.029658016574,0.048307528683,3
5.560000,-0.029777049551,0.047878245964,-0.025096616633,0.061715794437,3
5.570000,0.004638519933,0.018070210857,-0.036240875530,0.040760881329,3
5.580000,0.023296251680,-0.026043600476,-0.030666655116,0.046491162645,3
5.590000,0.033414241768,-0.038492857443,0.000209929039,0.050973087971,3
5.600000,-0.003818261156,-0.029051619653,0.036966435818,0.047170892506,3
5.610000,-0.041646392275,0.002551439746,0.034198825317,0.053948971142,3
5.620000,-0.043782433382,0.029619424808,0.002928604485,0.052941368731,3
5.630000,-0.000226184497,0.039380185296,-0.031919779479,0.050692430158,3
5.640000,0.006838300279,-0.007340390077,-0.048545909017,0.049571654798,3
5.650000,0.035167311936,-0.022311726797,0.002071478109,0.041699448474,3
5.660000,0.005991572007,-0.024938106143,0.030209767026,0.039628753410,3
5.670000,-0.013423949397,-0.003052909298,0.043102977379,0.045248086496,3
5.680000,-0.031869227793,0.031867460317,-0.000649667455,0.045073326646,3
5.690000,-0.007495005922,0.032443609958,-0.020160162398,0.038925506917,3
5.700000,0.024284681726,0.010469876892,-0.032912142889,0.042220531004,3
5.710000,0.040543613925,-0.014873847431,-0.014630651398,0.045596841205,3
5.720000,0.044765047541,-0.041762431051,0.003664438389,0.061330565278,3
5.730000,-0.005009168827,-0.025424642949,0.035615380084,0.044044971789,3
5.740000,-0.026868072171,0.013736782919,0.029039313298,0.041879281560,3
5.750000,-0.020489052273,0.030872292816,-0.003980676410,0.037265875965,3
5.760000,0.003206010711,0.013311591620,-0.027547522863,0.030762688310,3
5.770000,0.014627442213,-0.020596358357,-0.016813147930,0.030345576063,3
5.780000,0.025561573411,-0.029123704823,-0.010246471588,0.040082095727,3
5.790000,-0.001199119864,-0.019857082553,0.023553182712,0.030830083228,3
5.800000,-0.029327909574,0.006213871725,0.022464369433,0.037461798887,3
5.810000,-0.027420409646,0.042066420102,0.014992901340,0.052404672081,3
5.820000,-0.013025622114,0.027923048639,-0.029331647534,0.042540674934,3
5.830000,0.002957046288,0.006691922781,-0.020445875730,0.021715427411,3
5.840000,0.027330770001,-0.023284877810,-0.011375637890,0.037663797749,3
5.850000,0.006742599871,-0.039787418694,0.021239287757,0.045602726714,3
5.860000,-0.030585816189,-0.000981126195,0.025838257381,0.040050846496,3
5.870000,-0.037709708238,0.035817920130,0.014348193812,0.053951980163,3
5.880000,-0.021312845565,0.029661346565,-0.028383771433,0.046256581660,3
5.890000,0.020367649537,0.005102288820,-0.036797578136,0.042366688041,3
5.900000,0.027962359494,-0.017057055003,-0.018739798842,0.037736146259,3
5.910000,0.021499158293,-0.037516986774,0.014188906412,0.045508935046,3
5.920000,0.009404000327,-0.012872408293,0.027817109903,0.032061280710,3
5.930000,-0.032439950885,0.019968038746,0.028870797081,0.047797446677,3
5.940000,-0.021863726137,0.030503680966,-0.008451215601,0.038469729895,3
5.950000,0.016087802092,0.031828773138,-0.049722109622,0.061189675280,3
5.960000,0.035741363415,-0.026005758700,-0.015854834741,0.046958708766,3
5.970000,0.041743155423,-0.040224048027,0.006657107539,0.058350511095,3
5.980000,-0.003328380199,-0.020957079913,0.027774838687,0.034953096820,3
5.990000,-0.027727168399,0.003610140232,0.042403166422,0.050792297670,3
6.000000,-0.026072616049,0.037423009603,0.003066952162,0.045712899174,3
6.010000,0.004678233452,0.031710070400,-0.022625166648,0.039234074461,3
6.020000,0.037201470235,-0.003993003227,-0.045223092181,0.058694305762,3
6.030000,0.037847003766,-0.033331031129,-0.015548088645,0.052774012456,3
6.040000,-0.002371763138,-0.038267669468,0.029903561492,0.048623685348,3
6.050000,-0.038630252227,-0.020375088979,0.036788939844,0.057103999272,3
6.060000,-0.049826863273,0.046937567553,0.018556632909,0.070923904125,3
6.070000,-0.023395632451,0.039724170834,-0.026983791121,0.053418071376,3
6.080000,0.006468076294,0.010345036523,-0.054061993338,0.055421610544,3
6.090000,0.032357144627,-0.023795923232,-0.012453665697,0.042051451344,3
6.100000,0.026642825689,-0.034608830016,0.016341985009,0.046633375921,3
6.110000,-0.022155295979,-0.026089441901,0.023105580433,0.041296294818,3
6.120000,-0.036096352217,0.017311221249,0.017445988150,0.043669068310,3
6.130000,-0.035634685148,0.035196722296,-0.012637111869,0.051655944889,3
6.140000,0.014212599859,0.024399727585,-0.046928131880,0.054768551768,3
6.150000,0.057398158755,-0.022387622780,-0.044503455830,0.076002051703,3
6.160000,0.039576611228,-0.042504417535,0.003286264435,0.058169865052,3
6.170000,0.006948061807,-0.024284084341,0.015451111669,0.029609612746,3
6.180000,-0.029857395283,0.032578136205,0.074829858871,0.086904009058,3
6.190000,-0.043520004406,0.059531051074,0.022927885150,0.077224508694,3
6.200000,-0.001909080279,0.044873528736,-0.028268786257,0.053069788441,3
6.210000,0.060283826221,-0.003802074441,-0.042413874582,0.073807399567,3
6.220000,0.055537490747,-0.034695243920,-0.007694000087,0.065934592336,3
6.230000,0.026224289144,-0.032366284786,0.047939370765,0.063509629202,3
6.240000,-0.031802828841,-0.005027677796,0.044211634390,0.054693382431,3
6.250000,-0.043770709251,0.056988956420,0.021325374718,0.074955905365,3
6.260000,-0.024227576266,0.073500001099,-0.031637506810,0.083607161478,3
6.270000,0.020946510565,0.016627704734,-0.068596377855,0.073625402711,3
6.280000,0.053176002894,-0.039535845160,-0.035735094836,0.075284575706,3
6.290000,0.007466673559,-0.044857913652,0.024095359827,0.051464259408,3
6.300000,-0.044369817675,-0.045677441389,0.058884649566,0.086732412205,3
6.310000,-0.068198881745,0.023433488298,0.032295662987,0.079014085408,3
6.320000,-0.060586496211,0.068914588749,-0.009996967609,0.092303214608,3
6.330000,-0.004718280195,0.015650327671,-0.044671962087,0.047568677940,3
6.340000,0.038090597085,-0.046219090791,-0.064788463230,0.088230623411,3
6.350000,0.017219383394,-0.072721599810,0.016783716809,0.076593938359,3
6.360000,-0.007045378021,-0.037702932924,0.033925235344,0.051206152908,3
6.370000,-0.063666313804,0.007475916058,0.038011916995,0.074526469579,3
6.380000,-0.030536178993,0.061034794779,0.001751429004,0.068269846234,3
6.390000,0.005581075509,0.051506690149,-0.026987735844,0.058415968878,3
6.400000,0.061646606883,0.000787242201,-0.077517604833,0.099044954185,3
6.410000,0.084386418003,-0.038919479561,-0.009314418009,0.093394602711,3
6.420000,0.011590337936,-0.060605331302,0.053522827291,0.081682526632,3
6.430000,-0.025169945467,-0.009325811089,0.069132614978,0.074160740024,3
6.440000,-0.043241118689,0.059169890678,0.017866938903,0.075432737018,3
6.450000,-0.032813628842,0.055158857831,-0.017843067574,0.066615380322,3
6.460000,0.025184160877,0.019850994903,-0.043001585365,0.053641777577,3
6.470000,0.080980605622,-0.057798701755,-0.059855582516,0.116108738559,3
6.480000,0.028824707031,-0.071843958697,0.019618826443,0.079858102205,3
6.490000,-0.018172414009,-0.032286566272,0.067366425750,0.076882340696,3
6.500000,-0.070972141298,0.039351152998,0.020643154908,0.083735881958,3
6.510000,-0.054207636472,0.052426426257,-0.014534319293,0.076800029032,3
6.520000,-0.009688901711,0.023607447263,-0.054851507615,0.060496894716,3
6.530000,0.041017979197,-0.028225183464,-0.072945779090,0.088318867101,3
6.540000,0.048465222304,-0.078602265767,0.030538768535,0.097261556333,3
6.550000,-0.006820223055,-0.063761525705,0.040315127728,0.075745343926,3
6.560000,-0.070284497011,0.011960578280,0.049248403861,0.086650858252,3
6.570000,-0.082258168034,0.071665154188,0.008237912232,0.109408243433,3
6.580000,-0.025817568820,0.058327144845,-0.053742037583,0.083407489406,3
6.590000,0.049027202920,-0.011092463078,-0.048765542269,0.070034187909,3
6.600000,0.076581282175,-0.088851793599,-0.034194720497,0.122182703011,3
6.610000,0.017859045401,-0.057875099408,0.032102452154,0.068549544626,3
6.620000,-0.042355039460,-0.005401065015,0.089980484571,0.099597231259,3
6.630000,-0.030741769002,0.050100360783,0.027189570595,0.064763996642,3
6.640000,-0.015180804486,0.070779619530,-0.044247149068,0.084841154909,3
6.650000,0.052593596574,-0.001463059985,-0.075336534158,0.091890262401,3
6.660000,0.075998449800,-0.020123093200,-0.043588023936,0.089892263752,3
6.670000,0.059250400041,-0.063779071017,0.021759621180,0.089732162120,3
6.680000,-0.011162830013,-0.027361921800,0.075908225024,0.081457609618,3
6.690000,-0.041583219717,0.033875369373,0.031335450937,0.062117753482,3
6.700000,-0.039580540844,0.066854166145,-0.013851742515,0.078917485484,3
6.710000,0.019228628189,0.021911140278,-0.044717700402,0.053380810593,3
6.720000,0.055962653157,-0.015862206790,-0.055493530974,0.080392537792,3
6.730000,0.032989347638,-0.054483995452,0.020999482946,0.067065498597,3
6.740000,-0.036964002386,-0.040107184575,0.047499706319,0.072326660557,3
6.750000,-0.065124405348,0.022926450221,0.047824409610,0.083988001799,3
6.760000,-0.060722638555,0.054893325247,0.002679032942,0.081900507979,3
6.770000,-0.014512778764,0.053306587243,-0.060395332852,0.081852362344,3
6.780000,0.028608487003,-0.001950363930,-0.061462446855,0.067822428602,3
6.790000,0.038835171399,-0.058869050873,-0.010172124458,0.071254528307,3
6.800000,-0.000874497460,-0.069935486759,0.035109728156,0.078258737948,3
6.810000,-0.047760357398,0.004641897813,0.054933369533,0.072940208680,3
6.820000,-0.056099571450,0.037423849889,0.016026726175,0.069314950835,3
6.830000,-0.026406053120,0.057500237992,-0.033279941618,0.071492038190,3
6.840000,0.040551192473,0.005604638483,-0.045963307785,0.061550279009,3
6.850000,0.065452826681,-0.031833568038,-0.022327575158,0.076131262875,3
6.860000,0.035398475666,-0.036784862798,0.038713655420,0.064069691170,3
6.870000,0.000692033140,-0.029718533072,0.056412514774,0.063765523137,3
6.880000,-0.035566693515,0.020861490390,0.037638068960,0.055828448876,3
6.890000,-0.014410151939,0.045267098320,-0.006168156074,0.047904162852,3
6.900000,0.016063143380,0.031685461870,-0.042799323096,0.055621714525,3
6.910000,0.063281364587,-0.023956249228,-0.045558351166,0.081572031616,3
6.920000,0.047086490652,-0.048726659807,0.021138088231,0.070980587148,3
6.930000,-0.001199492077,-0.014316625912,0.050584029688,0.052584680451,3
6.940000,-0.050840461187,0.016882550633,0.038703591943,0.066088887408,3
6.950000,-0.040973228698,0.035931152231,0.018935726948,0.057692416535,3
6.960000,-0.002890643834,0.030670879708,-0.031451211306,0.044025417391,3
6.970000,0.024594009066,-0.010227585941,-0.051655618492,0.058118600447,3
6.980000,0.023251599092,-0.043825315826,-0.025439334549,0.055753519260,3
6.990000,0.002029693506,-0.028272449576,0.030737143397,0.041811757257,3
7.000000,-0.040324239936,-0.001172156246,0.034016982544,0.052769057013,3
7.010000,-0.043021416198,0.034378189232,0.019208183896,0.058323721375,3
7.020000,-0.024920248057,0.031688373531,-0.024272598927,0.047056676879,3
7.030000,0.010693728451,0.006157735535,-0.041767991452,0.043552711110,3
7.040000,0.021999261782,-0.023497951079,-0.001275379517,0.032214093450,3
7.050000,0.016972142766,-0.038480925517,0.002690068189,0.042143465989,3
7.060000,-0.010780005425,-0.001305224820,0.030274935257,0.032163392756,3
7.070000,-0.030094364093,0.018525083683,0.021384376453,0.041305460074,3
7.080000,-0.010105130169,0.030234456214,-0.007818392749,0.032823212267,3
7.090000,0.015920911289,0.017059199288,-0.041516430946,0.047624633701,3
7.100000,0.043894153932,-0.020618021716,-0.022737170664,0.053560979255,3
7.110000,0.036949743495,-0.029998327516,0.008561814041,0.048357914117,3
7.120000,0.002512003097,-0.015270148886,0.031102935060,0.034740181000,3
7.130000,-0.013247592733,0.012053812427,0.024785951136,0.030580001324,3
7.140000,-0.031783520982,0.022869398000,0.007566390750,0.039880469404,3
7.150000,-0.002379181496,0.026252243226,-0.028048277287,0.038490864342,3
7.160000,0.032349385844,-0.001285762634,-0.030442311470,0.044439512573,3
7.170000,0.025069388051,-0.030089581662,-0.018696676984,0.043398420157,3
7.180000,-0.004388135799,-0.021418812752,0.022585646840,0.031434578392,3
7.190000,-0.014768760239,0.000475684482,0.030860223341,0.034215434228,3
7.200000,-0.021889172077,0.035657307678,0.005890637862,0.042252562756,3
7.210000,-0.016485471920,0.031661025636,-0.023919583494,0.042969033073,3
7.220000,0.011302114821,-0.000183614498,-0.036466844358,0.038178557479,3
7.230000,0.015045120992,-0.017334218305,-0.014254464699,0.027018892534,3
7.240000,0.005817635581,-0.036029147463,0.016861356561,0.040202608072,3
7.250000,-0.022652935531,-0.008911464547,0.025605394250,0.035329957589,3
7.260000,-0.034888784820,0.016977832268,0.022039293325,0.044622915021,3
7.270000,-0.020018859448,0.024288618133,-0.011047084676,0.033357604594,3
7.280000,-0.002024367795,0.013669744755,-0.027511429150,0.030786989468,3
7.290000,0.022621622889,-0.015724915567,-0.018802926559,0.033355072161,3
7.300000,0.018187123279,-0.024845220496,0.005159169633,0.031219760825,3
7.310000,0.004605921016,-0.014131637841,0.026467673492,0.030355484456,3
7.320000,-0.020268642875,0.010953104197,0.023165040157,0.032671202320,3
7.330000,-0.015762296335,0.035598415041,0.006653499774,0.039496407411,3
7.340000,0.006996842531,0.026048456511,-0.031612123934,0.041554834516,3
7.350000,0.024283681854,-0.004132274899,-0.022160758825,0.033134153557,3
7.360000,0.026771614028,-0.024177542880,0.002261093554,0.036143954424,3
7.370000,0.011015789999,-0.021971264693,0.022413537143,0.033263354442,3
7.380000,-0.018010556018,0.006187693607,0.031893716208,0.037146693174,3
7.390000,-0.031830634083,0.024637285600,0.012685260231,0.042203091533,3
7.400000,-0.014037431482,0.027645294753,-0.014691578119,0.034309681902,3
7.410000,0.013802895134,0.008158765790,-0.034589691604,0.038125216571,3
7.420000,0.027045979213,-0.012771598238,-0.023556296787,0.038072271162,3
7.430000,0.012508286309,-0.040516864810,0.008257469799,0.043200224165,3
7.440000,-0.023639723195,-0.011071774101,0.026151320781,0.036950132247,3
7.450000,-0.034692536159,0.021991601193,0.014983720954,0.043723157272,3
7.460000,-0.023265416077,0.019551307087,-0.008639531620,0.031593902903,3
7.470000,-0.002999009390,0.021954828402,-0.020011495665,0.029857469857,3
7.480000,0.025638930083,-0.007911807391,-0.025850622992,0.037258638476,3
7.490000,0.023409210006,-0.025662084718,0.009432943765,0.035993251218,3
7.500000,-0.016850008182,-0.032361098966,0.023389673045,0.043338669883,3
7.510000,-0.021605186075,0.004899900970,0.027821888782,0.035564738017,3
7.520000,-0.041076453897,0.022046250968,-0.000710886768,0.046624216953,3
7.530000,-0.001472827028,0.023300415024,-0.022592380303,0.032488370342,3
7.540000,0.031251728354,-0.012860559094,-0.044605684801,0.055961876504,3
7.550000,0.046491698977,-0.039154067389,-0.010534760155,0.061688736723,3
7.560000,0.008131570828,-0.038501316378,0.029005409708,0.048885453862,3
7.570000,-0.013582725927,0.004568582650,0.030512105802,0.033709805569,3
7.580000,-0.018999158510,0.035258199330,0.007159507390,0.040686203929,3
7.590000,-0.003146900248,0.049529290329,-0.029854710808,0.057916813958,3
7.600000,0.021132546160,-0.000154739489,-0.038163439149,0.043624036255,3
7.610000,0.035678630361,-0.027262115774,-0.013412134962,0.046862276782,3
7.620000,0.016088372975,-0.039744748988,0.011695211922,0.044443883708,3
7.630000,-0.021395256426,-0.014802599626,0.034761653698,0.043419425619,3
7.640000,-0.046308472944,0.029274873571,0.018223510490,0.057737242951,3
7.650000,-0.033718639198,0.050769772217,-0.008852990132,0.061586458208,3
7.660000,0.006433256076,0.012492876643,-0.045612622110,0.047728084461,3
7.670000,0.019521700669,-0.022239639108,-0.030550062919,0.042532395760,3
7.680000,0.022299164474,-0.063122765095,0.015301298565,0.068672162827,3
7.690000,-0.012900802019,-0.035759479536,0.057306957897,0.068769604425,3
7.700000,-0.050739904348,0.013966730628,0.012124266771,0.054005604362,3
7.710000,-0.048096270583,0.049292476074,-0.011347619703,0.069798050936,3
7.720000,0.013268775812,0.031395670796,-0.047389568773,0.058373964957,3
7.730000,0.031174275558,-0.020948599283,-0.053375492258,0.065265783089,3
7.740000,0.043144395819,-0.064499559238,-0.002957235770,0.077655503835,3
7.750000,0.011351436290,-0.035679499010,0.041985223942,0.056255140076,3
7.760000,-0.024240091776,0.012540960463,0.041908917526,0.050012149592,3
7.770000,-0.055049282744,0.031382613521,0.010977736540,0.064310206511,3
7.780000,-0.010092984861,0.043894621985,-0.037833379906,0.058821516622,3
7.790000,0.063807568120,0.008129570942,-0.035964123995,0.073694734465,3
7.800000,0.065542200418,-0.031720857665,-0.028834624641,0.078316207931,3
7.810000,0.050358834585,-0.032491414597,0.018376602659,0.062684956477,3
7.820000,-0.009491729192,-0.022261642964,0.042704310576,0.049084944863,3
7.830000,-0.070571120257,0.022039461082,0.036839074426,0.082602289700,3
7.840000,-0.011932814085,0.069904552952,-0.009676592386,0.071572865078,3
7.850000,0.028334569473,0.032518315367,-0.051104732606,0.066872882069,3
7.860000,0.060890106370,-0.025476592992,-0.033735183679,0.074126408668,3
7.870000,0.050168772137,-0.045404690118,0.014276914563,0.069154333718,3
7.880000,-0.013284813632,-0.023698804828,0.057455771828,0.063555372234,3
7.890000,-0.088154276552,0.011002170223,0.045997288617,0.100039865974,3
7.900000,-0.076164465142,0.030353384473,-0.005895420074,0.082201640356,3
7.910000,-0.016666012785,0.039992283921,-0.039025820138,0.058310834266,3
7.920000,0.036645738872,-0.014233946368,-0.049046698724,0.062857728741,3
7.930000,0.039198436264,-0.062180579286,-0.013099718720,0.074662872141,3
7.940000,0.007595079187,-0.055438280315,0.045106734862,0.071872843843,3
7.950000,-0.055961778821,0.004538231073,0.070041484829,0.089767064267,3
7.960000,-0.060455868888,0.044650669119,0.015976474664,0.076836463209,3
7.970000,-0.033642426578,0.073172466738,-0.024959763792,0.084314960494,3
7.980000,0.033462027811,0.013107793163,-0.058663509559,0.068796285514,3
7.990000,0.061297217508,-0.043505648436,-0.010554420883,0.075904453889,3
8.000000,0.036451772729,-0.054236076100,0.029495629874,0.071695717218,3
8.010000,-0.020610447930,-0.022264575955,0.066547954780,0.073137761736,3
8.020000,-0.066212129864,0.067148332733,0.027647361641,0.098271671074,3
8.030000,-0.027618500829,0.049500178947,-0.034820953692,0.066524793272,3
8.040000,0.028244527200,0.023986826070,-0.050897115188,0.062957425901,3
8.050000,0.083919078405,-0.029366917985,-0.043840806470,0.099130438838,3
8.060000,0.053052697591,-0.056301055264,0.024746426036,0.081220583272,3
8.070000,-0.011322872774,-0.030470674443,0.065904428091,0.073485121561,3
8.080000,-0.053931812516,0.029681690804,0.045851144135,0.076759172669,3
8.090000,-0.049130069298,0.052614225662,-0.000411586716,0.071987428451,3
8.100000,0.011931759932,0.032906244067,-0.054185361767,0.064507683445,3
8.110000,0.039767061533,-0.014472549278,-0.046951084619,0.063208213173,3
8.120000,0.028201255376,-0.048588734575,0.010260238047,0.057109092246,3
8.130000,-0.019693873209,-0.041618681292,0.054671035316,0.071476467295,3
8.140000,-0.066035694099,0.016994814116,0.058361908988,0.089753267476,3
8.150000,-0.071849869213,0.061697912943,0.016379668871,0.096111028086,3
8.160000,-0.024189498111,0.028607172010,-0.045403975577,0.058864446889,3
8.170000,0.030769345519,0.011556248204,-0.059994229263,0.068407653381,3
8.180000,0.055574969151,-0.061442350678,-0.038096347548,0.091187013053,3
8.190000,0.019680123241,-0.059493796202,0.015148763300,0.064469404115,3
8.200000,-0.037892540975,-0.008417874668,0.061044937148,0.072340788127,3
8.210000,-0.050654543741,0.017050407139,0.040233166846,0.066897734638,3
8.220000,-0.025125533110,0.051204247149,-0.017834091895,0.059759703596,3
8.230000,0.019886621237,0.024969573809,-0.070538433550,0.077424982584,3
8.240000,0.054525341823,-0.028978008642,-0.029831612954,0.068575965303,3
8.250000,0.046815507524,-0.059599826237,0.010071673182,0.076454363073,3
8.260000,-0.015054662104,-0.031077582975,0.040881732062,0.053514250729,3
8.270000,-0.051510596067,0.031159961123,0.053205899550,0.080343963253,3
8.280000,-0.030132920893,0.046614213657,0.005552254493,0.055782661879,3
8.290000,0.028076147905,0.029811997743,-0.038397317078,0.056137146787,3
8.300000,0.052820432640,-0.019077807195,-0.047295995513,0.073422558000,3
8.310000,0.061575076769,-0.037073498152,0.007605506964,0.072275708786,3
8.320000,-0.002917816413,-0.045260356313,0.027822382939,0.053208067984,3
8.330000,-0.041939289045,-0.005390070249,0.045692548830,0.062255649073,3
8.340000,-0.035066798784,0.022601262742,0.017378725550,0.045194220385,3
8.350000,-0.020104837338,0.053402147769,-0.039410854463,0.069348462998,3
8.360000,0.029101689162,0.002082581338,-0.063264804010,0.069668363578,3
8.370000,0.030312203530,-0.030188018836,-0.019708865964,0.047101863675,3
8.380000,-0.006797645095,-0.044603828297,0.017994965527,0.048574975676,3
8.390000,-0.042499700487,-0.012757288802,0.040309189038,0.059948341761,3
8.400000,-0.048930020177,0.033155808125,0.016355204877,0.061326562055,3
8.410000,-0.033979832579,0.042200306043,-0.023786230018,0.059171611357,3
8.420000,0.017461845314,0.015588393427,-0.046283088343,0.051865579318,3
8.430000,0.035075055637,-0.025577766980,-0.024875432490,0.050032677654,3
8.440000,0.026371724710,-0.035234448540,0.007040614242,0.044570219620,3
8.450000,-0.008959426833,-0.021018819335,0.040830016679,0.046788378445,3
8.460000,-0.025173689170,0.024922211361,0.026706856929,0.044363131681,3
8.470000,-0.019393931243,0.022588881703,-0.009081062819,0.031126320816,3
8.480000,0.007101221446,0.034004483209,-0.025370791039,0.043016383650,3
8.490000,0.048548610153,-0.007473894721,-0.028167227173,0.056623487500,3
8.500000,0.028230317087,-0.025644840184,0.001188922470,0.038157858529,3
8.510000,0.006768191696,-0.026589142841,0.025607215910,0.037530260358,3
8.520000,-0.027226909832,0.004421615554,0.031515450931,0.041881725734,3
8.530000,-0.028452806075,0.030929446717,0.008528903834,0.042882805976,3
8.540000,-0.001636651404,0.031773935819,-0.016450494312,0.035817319670,3
8.550000,0.024367555130,0.014014473035,-0.023989552496,0.036955132613,3
8.560000,0.028892151360,-0.021508817410,-0.002511934329,0.036106723067,3
8.570000,0.009963476251,-0.024271634130,0.020956594998,0.033579189333,3
8.580000,-0.016374722176,-0.005567020320,0.028177871637,0.033062300155,3
8.590000,-0.034209747168,0.019900368959,0.011077244919,0.041097893389,3
8.600000,-0.018218635852,0.031805329533,-0.017861038308,0.040773942273,3
8.610000,0.003210233210,0.002686876802,-0.025519733302,0.025860813831,3
8.620000,0.025536186513,-0.012523510039,-0.020398806593,0.035000663362,3
8.630000,0.010607848490,-0.019701799487,0.006719545368,0.023363211307,3
8.640000,-0.009051342782,-0.008421506626,0.016239952008,0.020410404730,3
8.650000,-0.023437519459,0.009560422184,0.017273637720,0.030644698576,3
8.660000,-0.024134204003,0.018623965247,0.001824418314,0.030539161524,3
8.670000,0.007705099885,0.021015177687,-0.020483467022,0.030341039513,3
8.680000,0.027177591628,-0.002061700189,-0.019758221712,0.033663918661,3
8.690000,0.018014990896,-0.025577136323,-0.000160705120,0.031285070331,3
8.700000,0.014003612226,-0.016897470696,0.017010196362,0.027766390683,3
8.710000,-0.013712370584,0.008846935144,0.021703424041,0.027153931273,3
8.720000,-0.019191147364,0.022208845138,0.004920434674,0.029761445141,3
8.730000,-0.000834256275,0.018619104798,-0.012826784794,0.022625062545,3
8.740000,0.019456683405,0.005200603142,-0.020506895425,0.028742678409,3
8.750000,0.026210535629,-0.017046812288,0.001372175051,0.031296467077,3
8.760000,0.009872915580,-0.018909880205,0.018196153960,0.028038510131,3
8.770000,-0.013137614203,-0.009757924493,0.023744121552,0.028837428902,3
8.780000,-0.014523910793,0.022482328377,0.007177672246,0.027711334375,3
8.790000,-0.009278222387,0.024029310337,-0.019430016430,0.032264821469,3
8.800000,0.003340332185,0.005123391597,-0.026117690873,0.026824256506,3
8.810000,0.017833793519,-0.011598118617,-0.011998048458,0.024423630229,3
8.820000,0.014278488287,-0.023005426821,0.003605933860,0.027315337266,3
8.830000,-0.007205856690,-0.012340608849,0.018122371995,0.023078894343,3
8.840000,-0.017391185443,0.009743507593,0.016613988343,0.025950219267,3
8.850000,-0.019762544559,0.023686845563,-0.004655220030,0.031197690519,3
8.860000,-0.000241017640,0.011045188023,-0.017793594389,0.020944361275,3
8.870000,0.018473863944,-0.001362574121,-0.021640273492,0.028485815665,3
8.880000,0.010321050380,-0.012770626736,-0.000626000685,0.016431824763,3
8.890000,-0.004774748075,-0.027011843523,0.022127685367,0.035243047107,3
8.900000,-0.017787844764,-0.000663663095,0.023735466251,0.029668505662,3
8.910000,-0.024878928737,0.024742127894,0.007084855907,0.035795658551,3
8.920000,-0.013970718722,0.021557221763,-0.016190095994,0.030364683433,3
8.930000,0.016462501403,-0.004736334117,-0.024677746923,0.030040605961,3
8.940000,0.032034736172,-0.024600735749,-0.011322225874,0.041947745110,3
8.950000,0.006867465354,-0.023398121296,0.012545781960,0.027423180077,3
8.960000,-0.011013274653,-0.000695010149,0.030707947737,0.032630557947,3
8.970000,-0.022684030057,0.024546021874,0.014308454376,0.036356626302,3
8.980000,-0.008960470705,0.031879459540,-0.003688410041,0.033319578996,3
8.990000,0.018262489327,0.005017295710,-0.024426684534,0.030908812497,3
9.000000,0.032700666442,-0.021807860594,-0.018788921272,0.043565352426,3
9.010000,0.022265735478,-0.035142578018,0.012815027210,0.043531467797,3
9.020000,-0.020460487920,-0.023395312656,0.032186649158,0.044743185003,3
9.030000,-0.021974765757,0.010344248495,0.020088111462,0.031518661601,3
9.040000,-0.035414444858,0.017452488832,-0.009229142871,0.040545645255,3
9.050000,-0.001148404781,0.008358858095,-0.027230891238,0.028508082710,3
9.060000,0.027864476676,-0.015457615750,-0.031360012109,0.044708134658,3
9.070000,0.026243432535,-0.033007357086,0.009131783355,0.043146179903,3
9.080000,-0.009493129676,-0.027818692167,0.026595495151,0.039639872694,3
9.090000,-0.039180634069,0.009659669888,0.040730398361,0.057335823522,3
9.100000,-0.048064823836,0.041773615606,0.004716526951,0.063855366867,3
9.110000,-0.005924241399,0.026124030847,-0.018750534933,0.032697770324,3
9.120000,0.025956215905,0.000423834575,-0.028932437374,0.038871463983,3
9.130000,0.034977209236,-0.028688097472,-0.007362654897,0.045832529819,3
9.140000,0.008617060140,-0.033897936426,0.010432254663,0.036498708973,3
9.150000,-0.016978930136,-0.007126333628,0.040051491045,0.044081636023,3
9.160000,-0.025679895237,0.035712625383,0.010888894656,0.045314640658,3
9.170000,-0.028700389345,0.043895358133,-0.031952356442,0.061412278058,3
9.180000,0.024085985510,0.010157207320,-0.041843328764,0.049337285299,3
9.190000,0.058761568597,-0.035645297114,-0.026003107249,0.073482451898,3
9.200000,0.042232774612,-0.026949811948,0.021982209938,0.054709388310,3
9.210000,-0.000180677216,-0.019329779977,0.033312954647,0.038515269511,3
9.220000,-0.032871433285,0.016494548480,0.043194777052,0.056730855981,3
9.230000,-0.024600610905,0.033571015504,-0.002866120811,0.041718314771,3
9.240000,0.005589655263,0.025812771732,-0.026971703306,0.037749386878,3
9.250000,0.050036403818,-0.016969241504,-0.037862345529,0.065001185168,3
9.260000,0.030321837040,-0.052236816598,0.003298893683,0.060489515698,3
9.270000,-0.004001762971,-0.035038326701,0.041577014927,0.054519231608,3
9.280000,-0.042873738645,-0.001796375118,0.032527974421,0.053846574161,3
9.290000,-0.063990684186,0.031185360069,-0.002150952348,0.071217701039,3
9.300000,-0.034426440130,0.033609741950,-0.039732091830,0.062397385003,3
9.310000,0.026335265159,-0.004625457704,-0.049300694064,0.056084752697,3
9.320000,0.022290685127,-0.048609837700,-0.023211586322,0.058297244396,3
9.330000,0.005019876740,-0.030419072350,0.025501839544,0.040010785362,3
9.340000,-0.034435194569,-0.027736923357,0.033673570177,0.055579032654,3
9.350000,-0.063406856120,0.033911277323,0.025920933197,0.076434932527,3
9.360000,-0.030043769730,0.041611101386,-0.033302880065,0.061181644950,3
9.370000,0.011277201117,0.026393054503,-0.025517194662,0.038404372335,3
9.380000,0.056894275190,-0.014498408336,-0.032696330593,0.067202770984,3
9.390000,0.034635931377,-0.054853837092,0.034236530980,0.073353467809,3
9.400000,-0.009149861099,-0.002283341595,0.038929013367,0.040054983319,3
9.410000,-0.061928920527,0.027832617939,0.034455700920,0.076138302745,3
9.420000,-0.035508389515,0.055471664399,-0.019316877605,0.068637402613,3
9.430000,0.017153185810,0.049491056765,-0.035268763081,0.063146513225,3
9.440000,0.075061840360,-0.001298794844,-0.045767421635,0.087923965046,3
9.450000,0.052919945413,-0.031739772644,0.000002263749,0.061708458052,3
9.460000,0.000999287046,-0.054622028555,0.052229594369,0.075581049913,3
9.470000,-0.036041497963,0.037813584851,0.050474953386,0.072640055713,3
9.480000,-0.042680023553,0.042645349867,0.005397509772,0.060575105345,3
9.490000,-0.016528862893,0.047094909769,-0.048017332835,0.069258920634,3
9.500000,0.024929653299,0.005960033427,-0.048372961574,0.054744433722,3
9.510000,0.055437862322,-0.051974314927,-0.010148814254,0.076666057821,3
9.520000,0.026958474264,-0.044085533635,0.022901987232,0.056522514361,3
9.530000,-0.041024805666,-0.007255154432,0.070619957683,0.081992989754,3
9.540000,-0.073892827867,0.032191254961,0.017061294734,0.082386374384,3
9.550000,-0.044695089135,0.044906559615,-0.023642255017,0.067625485666,3
9.560000,0.019553015214,0.011386570747,-0.061834128141,0.065844011120,3
9.570000,0.028162523058,-0.047843067126,-0.052042360763,0.076095296114,3
9.580000,0.043860550759,-0.054733294694,0.037686976779,0.079622796232,3
9.590000,-0.025329060957,-0.034142149316,0.057433537808,0.071455293394,3
9.600000,-0.052982037362,0.046601542201,0.041420154977,0.081819491912,3
9.610000,-0.051550567039,0.049730617838,-0.010215799894,0.072353008784,3
9.620000,0.020741937038,0.042536988508,-0.051385233875,0.069857466343,3
9.630000,0.044252190314,-0.011029641668,-0.040323354166,0.060875957768,3
9.640000,0.060618231933,-0.034757779376,0.004705819736,0.070034405896,3
9.650000,0.020129140664,-0.028671662517,0.045935971995,0.057769888856,3
9.660000,-0.040183614108,0.019959228966,0.055968596377,0.071732680447,3
9.670000,-0.035791375293,0.042964227581,0.012528673323,0.057305453948,3
9.680000,-0.010447812230,0.070463233238,-0.026910154728,0.076147097425,3
9.690000,0.052156924521,0.009209299439,-0.048461278864,0.071788937315,3
9.700000,0.062864101326,-0.055013520711,-0.016401420669,0.085131599870,3
9.710000,0.016076718016,-0.041401174209,0.032200378977,0.054857838951,3
9.720000,-0.031140617470,0.013874725177,0.047453279919,0.058429956616,3
9.730000,-0.045749234691,0.034647716336,0.028620231039,0.064129356357,3
9.740000,-0.024779289649,0.044123534224,-0.010589298336,0.051701380128,3
9.750000,0.014829177286,0.017529526839,-0.047975410037,0.053186734986,3
9.760000,0.026054730611,-0.035240296846,-0.018104193433,0.047418238357,3
9.770000,0.023741505823,-0.056092066831,0.011158480057,0.061923264911,3
9.780000,-0.015610494177,-0.020349719446,0.026866297110,0.037142920327,3
9.790000,-0.044899400154,0.029289722298,0.014357097431,0.055497479340,3
9.800000,-0.033034761714,0.039787148745,-0.004510756869,0.051910110906,3
9.810000,0.000236815043,0.021373307119,-0.053746258539,0.057840596863,3
9.820000,0.026809654538,0.001337142647,-0.044198514623,0.051711258172,3
9.830000,0.028947891216,-0.047761207857,0.016082152677,0.058118405145,3
9.840000,-0.004847980992,-0.018799554783,0.029260290619,0.035115392449,3
9.850000,-0.039260988369,0.006214101962,0.021690473136,0.045282633490,3
9.860000,-0.037547469126,0.033545902233,0.020555385270,0.054384408225,3
9.870000,0.001616980231,0.030554774388,-0.027038007040,0.040832128131,3
9.880000,0.035582456982,-0.004306139863,-0.020752737783,0.041416545135,3
9.890000,0.054220734610,-0.034829753299,0.001630229608,0.064464388813,3
9.900000,0.013633973311,-0.028749279637,0.030262307724,0.043911428771,3
9.910000,-0.009675708265,-0.006654920363,0.033476403847,0.035476427526,3
9.920000,-0.026636035751,0.036222205559,0.017335461351,0.048187600027,3
9.930000,-0.010640895966,0.045777296831,-0.032497765638,0.057139253964,3
9.940000,0.023503895304,0.015427144610,-0.034007373431,0.044124044839,3
9.950000,0.020981256421,-0.017282079150,-0.022267064047,0.035138376770,3
9.960000,0.009415521740,-0.034151810877,0.013295269811,0.037838636804,3
9.970000,-0.004705926788,-0.014116281795,0.013306174169,0.019961699068,3
9.980000,-0.038432681747,0.016531379557,0.019655367414,0.046224355101,3
9.990000,-0.022976881608,0.028314055013,-0.000489583431,0.036467279740,3
10.000000,0.003804798619,0.016491971743,-0.030527471449,0.034905417024,3
10.010000,0.027954637693,-0.013742152070,-0.024727899919,0.039771567061,3
10.020000,0.008797076374,-0.022013038755,0.000847528194,0.023720892311,3
10.030000,-0.002637842518,-0.021277010660,0.012255192825,0.024695326419,3
10.040000,-0.039615311417,0.000905450672,0.028747818389,0.048955385829,3
10.050000,-0.023988286080,0.021680417059,-0.004040286135,0.032585307501,3
10.060000,-0.008219447360,0.015542018434,-0.024841634331,0.030433870081,3
10.070000,0.018018197649,0.001564505344,-0.016636835275,0.024574120767,3
10.080000,0.025530485328,-0.015016193074,-0.007759439697,0.030618632235,3
10.090000,0.004474754226,-0.018346469936,0.017305904071,0.025614657917,3
10.100000,-0.011757496939,-0.000425591363,0.020611964267,0.023733371721,3
10.110000,-0.020743187740,0.030177059135,0.009444180652,0.037817023731,3
10.120000,-0.009856798841,0.025844001609,-0.009039726934,0.029099580162,3
10.130000,0.013052478073,0.008174700424,-0.014261322888,0.020989955726,3
10.140000,0.022872863309,-0.009883235841,-0.011867002893,0.027598405467,3
10.150000,0.016378865031,-0.013417335588,0.013108348832,0.024902227272,3
10.160000,-0.000981455876,-0.010140678858,0.020094755592,0.022529887386,3
10.170000,-0.027069473999,0.011659459045,0.010567580960,0.031310911439,3
10.180000,-0.019108491618,0.017036196602,-0.012793620867,0.028618930473,3
10.190000,0.004347950647,0.013944947454,-0.020611979564,0.025263015178,3
10.200000,0.023111065429,-0.009541573625,-0.016709663399,0.030072841958,3
10.210000,0.011095484443,-0.016614312235,-0.005236398571,0.020653450463,3
10.220000,-0.005001999641,-0.019970841226,0.014893727447,0.025410187267,3
10.230000,-0.017152078555,0.002489285807,0.014164382042,0.022383477416,3
10.240000,-0.021887997173,0.015930444300,0.003017875522,0.027239145517,3
10.250000,-0.004334255812,0.011258373244,-0.010724362010,0.016141520438,3
10.260000,0.011807302651,-0.003851120308,-0.015364541302,0.019756331970,3
10.270000,0.011630569521,-0.012299514724,-0.008730975254,0.019046735645,3
10.280000,0.000414410466,-0.020467542647,0.011780692265,0.023619414647,3
10.290000,-0.002932731697,0.002757841973,0.020439611652,0.020832290610,3
10.300000,-0.023234021296,0.013028201866,0.003144380051,0.026822395780,3
10.310000,-0.003298164729,0.016702392342,-0.015942402021,0.023323978707,3
10.320000,0.011079744649,0.006217964026,-0.023253089210,0.026497735298,3
10.330000,0.029275990740,-0.007462341056,-0.009171631180,0.031573548840,3
10.340000,0.011262058941,-0.010152212434,0.012430189041,0.019606401722,3
10.350000,-0.007334534938,-0.003405455316,0.021071408659,0.022569820370,3
10.360000,-0.013062823760,0.009781463711,0.011263906052,0.019829018545,3
10.370000,-0.009296835475,0.021626666555,-0.002740017714,0.023699188872,3
10.380000,0.003658267435,0.010267105228,-0.013045284593,0.016999288824,3
10.390000,0.016493822574,-0.007185389038,-0.017871315115,0.025358625805,3
10.400000,0.021893229605,-0.018878961129,-0.004807688358,0.029306015478,3
10.410000,-0.004125374511,-0.014968397784,0.019827125076,0.025183060494,3
10.420000,-0.022505217854,0.009811559367,0.019348239227,0.031258693016,3
10.430000,-0.014698878646,0.021651421167,0.000812349197,0.026182073700,3
10.440000,0.000505868937,0.017884094246,-0.023012732176,0.029149315131,3
10.450000,0.018683858072,-0.005302582176,-0.021447455281,0.028934361376,3
10.460000,0.022459681541,-0.020257955258,-0.016832317817,0.034614288513,3
10.470000,-0.002834327531,-0.019003973572,0.020668275004,0.028219886884,3
10.480000,-0.010763114143,-0.005298593234,0.027319832233,0.029837777222,3
10.490000,-0.035229420195,0.015814389399,0.015631523425,0.041659950599,3
10.500000,-0.013129659859,0.021610214698,-0.018229050030,0.031171904214,3
10.510000,0.007263954068,0.003501937170,-0.032811541768,0.033787954449,3
10.520000,0.025709193730,-0.015495966724,-0.008114654857,0.031095582490,3
10.530000,0.018656469587,-0.027348114862,0.006363523531,0.033711684557,3
10.540000,-0.012151726023,-0.015282520804,0.039498246245,0.044060541802,3
10.550000,-0.028854581110,0.024526377506,0.017423266119,0.041685731934,3
10.560000,-0.011596907820,0.039453817559,-0.011758822926,0.042771040525,3
10.570000,0.018297935595,0.021036572028,-0.033822948267,0.043833134033,3
10.580000,0.042814519056,-0.013709510323,-0.022039115394,0.050067517640,3
10.590000,0.029698183456,-0.028059875025,0.004142441425,0.041067000231,3
10.600000,0.003163043667,-0.021247727659,0.035648652366,0.041620874467,3
10.610000,-0.022141994403,0.020630928001,0.024924970160,0.039206596942,3
10.620000,-0.024043368153,0.037197200034,0.006752142079,0.044802976075,3
10.630000,0.008567312545,0.034547909281,-0.030115408616,0.046625043872,3
10.640000,0.035420230501,-0.005187605382,-0.029747241902,0.046544627823,3
10.650000,0.030730685606,-0.028504715579,-0.012923075956,0.043862281521,3
10.660000,0.016447130538,-0.036377432488,0.030825914541,0.050438702449,3
10.670000,-0.035999695169,-0.013720424400,0.036402075918,0.053003200178,3
10.680000,-0.048103830083,0.033614409277,0.014244224173,0.060388781259,3
10.690000,-0.028026757882,0.031315057347,-0.020937528010,0.046952231610,3
10.700000,0.008597510481,0.015429864263,-0.050427058615,0.053431134540,3
10.710000,0.036076033864,-0.021517819206,-0.028314893377,0.050657970249,3
10.720000,0.025581107328,-0.036112245681,0.007337840046,0.044859015112,3
10.730000,-0.026137510792,-0.026548832534,0.044250499628,0.057845628156,3
10.740000,-0.048232507621,0.020442766021,0.023707885098,0.057500828601,3
10.750000,-0.030866059970,0.042475794479,-0.025632287346,0.058428767994,3
10.760000,0.004652016274,0.015580279006,-0.053417889340,0.055837776199,3
10.770000,0.064123702884,-0.019253952399,-0.034556144748,0.075343819218,3
10.780000,0.030604537709,-0.041022514531,0.006618782373,0.051607099385,3
10.790000,-0.003271703871,-0.038657253382,0.046265435220,0.060378620234,3
10.800000,-0.028496744623,0.021773504591,0.047238323177,0.059309435445,3
10.810000,-0.027778510291,0.045388783919,0.008687020879,0.053918936111,3
10.820000,0.016667405629,0.051652034958,-0.034873209103,0.064512602171,3
10.830000,0.046335213149,-0.004840182831,-0.044352510447,0.064323592331,3
10.840000,0.041486278043,-0.060707915104,-0.008955303665,0.074072664903,3
10.850000,0.007497358875,-0.044949144461,0.037987505020,0.059326945948,3
10.860000,-0.027881421069,-0.019675368328,0.052143204145,0.062316992050,3
10.870000,-0.051423548470,0.041486556765,0.018593753535,0.068638497944,3
10.880000,-0.016538819008,0.041806694584,-0.034123793639,0.056442586214,3
10.890000,0.036150403430,0.019170437662,-0.057174302299,0.070308308126,3
10.900000,0.053883487166,-0.026310156082,-0.021450734121,0.063685072792,3
10.910000,0.015890893089,-0.064131671195,0.031536551833,0.073211650951,3
10.920000,-0.037587836344,-0.023172070054,0.058007517940,0.072901731181,3
10.930000,-0.068661359196,0.037726984214,0.041899712696,0.088844209201,3
10.940000,-0.051379893462,0.080226935202,-0.022753388808,0.097948819729,3
10.950000,0.004096213720,0.015752403137,-0.054785605787,0.057152250812,3
10.960000,0.026453059001,-0.013892034654,-0.035366007117,0.046298028216,3
10.970000,0.057286197896,-0.060450760203,-0.013048583587,0.084298685708,3
10.980000,-0.016597781369,-0.019415953179,0.054525055511,0.060211687094,3
10.990000,-0.056629619913,0.010822609730,0.041744011073,0.071180089866,3
11.000000,-0.049125384233,0.061332163277,0.013030602130,0.079653839959,3
11.010000,-0.004262096651,0.048901014254,-0.029010897705,0.057018478133,3
11.020000,0.042803798788,0.006431117144,-0.041468041993,0.059942663981,3
11.030000,0.065004252858,-0.043103857284,-0.003321768484,0.078067467925,3
11.040000,0.032022063631,-0.049363284903,0.046652818315,0.075090824422,3
11.050000,-0.014693681243,0.008253348389,0.042760093717,0.045961371202,3
11.060000,-0.037567530468,0.052052420548,0.033144103983,0.072244760774,3
11.070000,-0.023546228372,0.059388984079,-0.008151250336,0.064404341332,3
11.080000,0.025514492372,0.005522090552,-0.058276633905,0.063856470811,3
11.090000,0.040501269558,-0.019276178233,-0.017121666126,0.048011200090,3
11.100000,0.037754554426,-0.044859374288,0.010427605522,0.059552538135,3
11.110000,-0.035399549753,-0.034473763467,0.049377151160,0.069854645851,3
11.120000,-0.050818736668,0.033605256648,0.017802781332,0.063472799639,3
11.130000,-0.059165480941,0.067441580606,-0.026208575966,0.093465557206,3
11.140000,-0.009253117659,0.026848636545,-0.059076166531,0.065547409734,3
11.150000,0.034763829823,-0.024450847769,-0.027993872762,0.050892285592,3
11.160000,0.014809136926,-0.058730648042,-0.002349734032,0.060614526360,3
11.170000,-0.008461020515,-0.044239866160,0.061448725837,0.076188585320,3
11.180000,-0.056180005083,0.018076164352,0.047717926805,0.075894276644,3
11.190000,-0.038062981885,0.044024132684,-0.004451667803,0.058367218495,3
11.200000,-0.005650756861,0.033501454607,-0.045894616012,0.057101613750,3
11.210000,0.057373134228,-0.008179198798,-0.019990119089,0.061304002197,3
11.220000,0.047310614715,-0.050795390109,-0.013559482976,0.070727119973,3
11.230000,-0.000131285757,-0.045604201687,0.042680055139,0.062460768120,3
11.240000,-0.025250102494,0.005573522323,0.030663649172,0.040110986121,3
11.250000,-0.035201773781,0.057400599481,0.007712965752,0.067775242817,3
11.260000,0.003665496239,0.024313140612,-0.032689363490,0.040904268169,3
11.270000,0.047591676367,0.010375791117,-0.029026653700,0.056702480772,3
11.280000,0.055671421550,-0.022256149754,-0.006409665550,0.060296991565,3
11.290000,0.044197748096,-0.045292790860,0.016855427245,0.065490329578,3
11.300000,-0.007913638140,-0.016123981056,0.044331542244,0.047831935686,3
11.310000,-0.044924066442,0.032888867769,0.013253255044,0.057231967798,3
11.320000,-0.011378570468,0.041685828615,-0.010961924873,0.044579636272,3
11.330000,0.004793402279,0.018272136214,-0.030465898108,0.035847156299,3
11.340000,0.045267095296,-0.020012067635,-0.035718109048,0.061035858981,3
11.350000,0.024495251958,-0.039498621878,-0.002393511660,0.046539095359,3
11.360000,-0.010587992229,-0.021487852900,0.026443143665,0.035680152026,3
11.370000,-0.044756326985,0.005058475553,0.034859854487,0.056955477656,3
11.380000,-0.038461303826,0.025803194014,0.004787406108,0.046561743637,3
11.390000,-0.004971916684,0.021531761155,-0.035775281914,0.042050059334,3
11.400000,0.013869999049,-0.012363805486,-0.020323851791,0.027537238630,3
11.410000,0.026269463092,-0.026464467576,-0.003715734971,0.037473449556,3
11.420000,0.013190883296,-0.023413955300,0.020338893753,0.033702867891,3
11.430000,-0.029774125707,0.002335222081,0.027286663181,0.040453847917,3
11.440000,-0.028302769376,0.024157525972,0.011361936593,0.038906637205,3
11.450000,-0.003829922185,0.033477944965,-0.016631957924,0.037577428430,3
11.460000,0.020558940048,-0.000144985255,-0.029724703446,0.036142067340,3
11.470000,0.026426667896,-0.031666069115,-0.009545406066,0.042334660578,3
11.480000,0.019776371824,-0.023049650582,0.013232370712,0.033128339970,3
11.490000,-0.020527515044,-0.002022628290,0.025684724716,0.032941994214,3
11.500000,-0.024913428097,0.024790214615,0.017421784971,0.039226932480,3
11.510000,-0.018461050884,0.032877885611,-0.010222360685,0.039067408667,3
11.520000,0.016347251187,0.002981096421,-0.027998626466,0.032558296043,3
11.530000,0.019168800248,-0.009039428496,-0.012421763873,0.024565308633,3
11.540000,0.025000837488,-0.027398898250,0.003869212164,0.037292255271,3
11.550000,-0.005950073629,-0.011770057149,0.022306775576,0.025913893148,3
11.560000,-0.020203205971,0.010329998455,0.017268121649,0.028514319646,3
11.570000,-0.020389099188,0.013186876060,0.002848867961,0.024448417425,3
11.580000,0.003965647569,0.019280102472,-0.026022061368,0.032628153332,3
11.590000,0.012541624531,-0.003982522726,-0.020709898157,0.024536762517,3
11.600000,0.014103729229,-0.021490780062,0.003125166737,0.025894699708,3
11.610000,0.001717647799,-0.013820026305,0.011288974131,0.017927196601,3
11.620000,-0.019164727373,-0.004501898411,0.016492708437,0.025681964414,3
11.630000,-0.021153723629,0.019041097765,0.000028647992,0.028461276291,3
11.640000,-0.015129667649,0.019605200326,-0.014003129085,0.028449224017,3
11.650000,0.001087624679,-0.000608126768,-0.020893856642,0.020930981606,3
11.660000,0.014032969514,-0.007613545365,-0.005508917912,0.016889004795,3
11.670000,0.011155855368,-0.024551561206,0.007889666685,0.028097670847,3
11.680000,-0.007638390878,-0.007324591682,0.014952434376,0.018318568511,3
11.690000,-0.016815788779,0.015724351836,0.014258253631,0.027079951801,3
11.700000,-0.007650001289,0.015094693100,-0.003634116507,0.017308352963,3
11.710000,0.005495310042,0.008962998286,-0.008946831101,0.013805055505,3
11.720000,0.021995415555,-0.008642669205,-0.015593542623,0.028313470434,3
11.730000,0.014011299630,-0.014570044019,0.001366434396,0.020260055355,3
11.740000,-0.000707639996,-0.008834749598,0.017250067700,0.019393771951,3
11.750000,-0.020146811738,0.006593994120,0.015312495225,0.026150474024,3
11.760000,-0.010312457441,0.018721267700,0.001381478877,0.021418242847,3
11.770000,0.000476988562,0.013987670922,-0.015197541367,0.020660293307,3
11.780000,0.018830885883,-0.004750523020,-0.013158087725,0.023458580620,3
11.790000,0.015638026137,-0.015948462806,-0.000932765851,0.022355567080,3
11.800000,0.001291486866,-0.014410035700,0.013308072363,0.019657615756,3
11.810000,-0.016258408320,-0.000553895280,0.021427490353,0.026903159366,3
11.820000,-0.019577278619,0.012323582899,0.007533680536,0.024328930843,3
11.830000,-0.014097195080,0.024155760570,-0.015033472160,0.031752747331,3
11.840000,0.006696435279,0.011669546914,-0.024275506801,0.027754653683,3
11.850000,0.023020314903,-0.015191123313,-0.011933083803,0.030051682396,3
11.860000,0.002193573477,-0.026362350759,0.010267144630,0.028376038501,3
11.870000,-0.024542868496,-0.006540279432,0.026560484638,0.036750333240,3
11.880000,-0.031819642773,0.012672524439,0.008881376429,0.035383066418,3
11.890000,-0.018434923697,0.016167020155,-0.010741156118,0.026769224628,3
11.900000,0.008924554045,0.004736186885,-0.027134593226,0.028954538171,3
11.910000,0.025748721944,-0.022287970929,-0.018925026391,0.038960325381,3
11.920000,0.014942063001,-0.031755616711,0.001184104682,0.035115332026,3
11.930000,0.000063451982,-0.012969544695,0.030388757954,0.033040728287,3
11.940000,-0.021673377573,0.013905802386,0.022098309786,0.033932903365,3
11.950000,-0.014105039786,0.020323846835,-0.003721699447,0.025017232947,3
11.960000,0.000417456031,0.019459053346,-0.026475479016,0.032860006327,3
11.970000,0.031129388268,0.000337995236,-0.024567959516,0.039657756990,3
11.980000,0.031161364534,-0.031295254610,-0.005771796963,0.044539165247,3
11.990000,0.010183628294,-0.026060838405,0.028169726634,0.039703993278,3
12.000000,-0.019391278302,0.005429519855,0.040412225082,0.045151404143,3
12.010000,-0.027367934744,0.028971467933,0.011048557773,0.041357229540,3
12.020000,-0.016436780238,0.031039120629,-0.022959054365,0.041960849983,3
12.030000,0.021102153357,0.006224947060,-0.025663389791,0.033803260461,3
12.040000,0.025031238214,-0.029546347867,-0.009681006418,0.039915804440,3
12.050000,0.018693661973,-0.022903416430,0.021021432119,0.036275612888,3
12.060000,-0.022730131607,-0.013498852497,0.029800790939,0.039836729813,3
12.070000,-0.036277298728,0.028879628756,0.017005883681,0.049389021451,3
12.080000,-0.026508078250,0.026296892631,-0.019095322098,0.041938479951,3
12.090000,0.012143670272,0.008822627679,-0.022465891373,0.027018951905,3
12.100000,0.024506644743,-0.021529835886,-0.022369561125,0.039553846017,3
12.110000,0.014015562490,-0.047438305317,0.006611326149,0.049905294676,3
12.120000,-0.015805392173,-0.028234993427,0.036806930513,0.049007911701,3
12.130000,-0.025637065406,0.018145307460,0.035298475465,0.047249271694,3
12.140000,-0.043055771063,0.041653976832,-0.001180130177,0.059918660824,3
12.150000,0.008584050930,0.034490506382,-0.049359202522,0.060824434518,3
12.160000,0.033146026393,-0.022143720436,-0.035562871466,0.053420232565,3
12.170000,0.052826719684,-0.048333873615,-0.002539538943,0.071646876480,3
12.180000,-0.001285286375,-0.033510765403,0.039557782461,0.051859825610,3
12.190000,-0.020105266190,0.007244874648,0.042452543172,0.047528184891,3
12.200000,-0.045198482346,0.033957470956,0.016100268830,0.058781215507,3
12.210000,0.001679414508,0.043600330118,-0.028656885165,0.052201784326,3
12.220000,0.037865499602,0.015075329891,-0.037905723710,0.055658831477,3
12.230000,0.055982843499,-0.033149526015,-0.037367960179,0.075028889698,3
12.240000,0.024183832582,-0.029707742901,0.031423699891,0.049546510084,3
12.250000,-0.005538167502,-0.026448114550,0.053328716517,0.059783995081,3
12.260000,-0.043538635910,0.025382831743,0.038121123245,0.063191146545,3
12.270000,-0.028677857613,0.058862037214,-0.021681764744,0.068972877747,3
12.280000,0.022980365994,0.019974413432,-0.043716704879,0.053274991306,3
12.290000,0.050369440951,-0.036989696015,-0.035498439085,0.071871116385,3
12.300000,0.005930732022,-0.053612630237,0.001858473688,0.053971674309,3
12.310000,-0.028294481298,-0.030422160576,0.061166363374,0.073941933532,3
12.320000,-0.061603609015,-0.000494257255,0.030910622106,0.068925434296,3
12.330000,-0.041096044920,0.047066983984,-0.019108186960,0.065339947186,3
12.340000,-0.024084021529,0.035977172186,-0.043099502057,0.061089803479,3
12.350000,0.043913323565,-0.010924675302,-0.049573423745,0.067121180404,3
12.360000,0.036256520114,-0.060946683865,-0.008238589802,0.071392631881,3
12.370000,0.003665948780,-0.043645707533,0.059745638735,0.074080552876,3
12.380000,-0.026755829460,-0.004487320077,0.040494084458,0.048741987317,3
12.390000,-0.042101523332,0.048369890015,0.005923599108,0.064399328826,3
12.400000,-0.004149722383,0.020845075022,-0.023449244922,0.031648134794,3
12.410000,0.039333445306,-0.001740863249,-0.047211513521,0.061474202178,3
12.420000,0.056425761832,-0.035520411719,-0.018549119072,0.069207196630,3
12.430000,0.019615202793,-0.059067551314,0.026431553048,0.067619219127,3
12.440000,-0.027335457165,-0.020752252302,0.063460876529,0.072146836686,3
12.450000,-0.037667920392,0.030841107229,0.035222221376,0.060088692784,3
12.460000,-0.026510779981,0.061499713995,-0.017211624954,0.069146773679,3
12.470000,0.037876262591,0.018339897434,-0.052087494219,0.066963200041,3
12.480000,0.055617487206,-0.045063790766,-0.035281164173,0.079804828593,3
12.490000,0.046891993444,-0.074426614022,0.021554783215,0.090569247559,3
12.500000,-0.004811967348,-0.036974939356,0.052435636379,0.064341255292,3
12.510000,-0.055213456588,0.023516524080,0.040256590770,0.072264415819,3
12.520000,-0.026670010905,0.048527576436,-0.006282883859,0.055728715991,3
12.530000,-0.002594473437,0.016621118471,-0.023117002169,0.028590009810,3
12.540000,0.039742853682,-0.018487370174,-0.040140284027,0.059435003798,3
12.550000,0.024422875278,-0.044881924250,-0.017976940935,0.054166727486,3
12.560000,-0.003637761064,-0.041937929751,0.038656955975,0.057152283442,3
12.570000,-0.037826109464,0.010168170699,0.055235292593,0.067713689904,3
12.580000,-0.075270823766,0.035186219681,-0.012974455048,0.084095799239,3
12.590000,-0.033041372990,0.058177299860,-0.036790736784,0.076353708889,3
12.600000,0.020423027087,-0.000893738465,-0.048092125658,0.052256591489,3
12.610000,0.048970772618,-0.052117675600,-0.018809428463,0.073947165462,3
12.620000,0.025501414028,-0.047847380742,0.035290754571,0.064692590916,3
12.630000,-0.027290476621,-0.004702091714,0.051596678319,0.058558492076,3
12.640000,-0.028631419996,0.048896617305,0.007875937552,0.057207235445,3
12.650000,0.000958242856,0.037243764765,-0.021214872180,0.042872917383,3
12.660000,0.043449334186,0.008001013502,-0.040911246468,0.060212880232,3
12.670000,0.059152249070,-0.018036649386,-0.036606348466,0.071863301059,3
12.680000,0.042311214269,-0.040485324995,0.009823578869,0.059378473327,3
12.690000,-0.019602010984,-0.004732734387,0.046818584756,0.050976636687,3
12.700000,-0.034724598585,0.031336495526,0.024041922678,0.052590757218,3
12.710000,-0.047847562339,0.059096757927,-0.016859678140,0.077884945697,3
12.720000,0.007110225060,0.034062854976,-0.051788514812,0.062392977617,3
12.730000,0.042454244637,-0.009804774379,-0.052401518060,0.068149949254,3
12.740000,0.038119126173,-0.036698203164,0.005018256907,0.053150811829,3
12.750000,0.002286942851,-0.022683291103,0.049879062580,0.054842343921,3
12.760000,-0.042868754448,0.002790131532,0.031536190724,0.053292084471,3
12.770000,-0.064088818099,0.024725819198,0.012755181277,0.069867284116,3
12.780000,-0.025253050547,0.030752950243,-0.042830648070,0.058463021857,3
12.790000,0.023282014847,-0.003613765182,-0.040262952488,0.046649939519,3
12.800000,0.031737485120,-0.038595740640,-0.024673852353,0.055728791008,3
12.810000,-0.001699603885,-0.048299468446,0.016552122705,0.051085223613,3
12.820000,-0.030565859387,-0.007453663761,0.039652777150,0.050617898013,3
12.830000,-0.043511854876,0.037818737314,0.010128827037,0.058533166187,3
12.840000,-0.015570390476,0.039756706877,-0.008924212796,0.043619655837,3
12.850000,0.013079832970,0.017163714672,-0.013020543280,0.025203366426,3
12.860000,0.036891762196,-0.020794531828,-0.024845430005,0.049098982311,3
12.870000,0.020282237017,-0.029831377410,0.016390524788,0.039622336118,3
12.880000,-0.009596106873,-0.011915575824,0.033132384063,0.036494124020,3
12.890000,-0.023809200733,0.020220992516,0.025624862856,0.040402972344,3
12.900000,-0.021601249033,0.036206031171,-0.002138240830,0.042214484798,3
12.910000,0.002351434423,0.016353765344,-0.026199509601,0.030974008267,3
12.920000,0.036534842585,-0.015378287105,-0.019060324156,0.043983887890,3
12.930000,0.023621369480,-0.022775684725,-0.008331115199,0.033854222651,3
12.940000,0.014636900112,-0.018418083022,0.026037845632,0.035091794372,3
12.950000,-0.024400967084,0.015786009078,0.030050051669,0.041804436159,3
12.960000,-0.030586662264,0.018371856482,-0.000667431961,0.035686334702,3
12.970000,-0.004299034470,0.015783387022,-0.013540799974,0.021235589636,3
12.980000,0.013342266683,-0.006833843726,-0.021054614801,0.025845972698,3
12.990000,0.021106396072,-0.027682008047,-0.011924643662,0.036796340186,3
13.000000,0.002795362710,-0.030018005775,0.011995129317,0.032446538347,3
13.010000,-0.020320078356,-0.003408363040,0.024162055957,0.031754172499,3
13.020000,-0.041508879841,0.019628193273,0.013526829621,0.047866775497,3
13.030000,-0.019795186839,0.025102441436,-0.007335096520,0.032799171164,3
13.040000,0.011549143549,0.004346301649,-0.032493020041,0.034757292848,3
13.050000,0.027356896558,-0.018727120836,-0.020929281855,0.039206372990,3
13.060000,0.016169588970,-0.024923998523,0.009058757092,0.031059980520,3
13.070000,0.000357926461,-0.006916841471,0.022356371624,0.023404661063,3
13.080000,-0.022478429757,0.009657902950,0.014911618667,0.028651549086,3
13.090000,-0.010007496381,0.024397105072,-0.010209042562,0.028277080290,3
13.100000,0.002326193791,0.010854829674,-0.020215488529,0.023063054465,3
13.110000,0.026796111998,-0.006197791532,-0.019691646310,0.033826101940,3
13.120000,0.021731738446,-0.020029092267,0.001003325019,0.029570925823,3
13.130000,0.004206349292,-0.011777443465,0.022989878279,0.026171282968,3
13.140000,-0.006176260355,0.001042387110,0.021083078056,0.021993838755,3
13.150000,-0.006505754762,0.027159300882,0.005610245041,0.028485563341,3
13.160000,-0.001260596851,0.007826031603,-0.015017763254,0.016981433633,3
13.170000,0.011703114807,0.006539385534,-0.020751616538,0.024705385006,3
13.180000,0.017675543397,-0.021751364569,-0.007219875349,0.028942586185,3
13.190000,0.007115342251,-0.033340241868,0.021999520094,0.040573127900,3
13.200000,-0.021956594356,-0.005924189507,0.019422325082,0.029906767940,3
13.210000,-0.022138709661,0.017807202365,0.006236887079,0.029088102068,3
13.220000,-0.010093962898,0.013336079733,-0.003791899770,0.017149857536,3
13.230000,0.010800802626,0.011340204181,-0.028894341680,0.032865491771,3
13.240000,0.013354582330,-0.017613159918,-0.016432436320,0.027542571320,3
13.250000,-0.000115224628,-0.015987128671,0.004835631729,0.016702840899,3
13.260000,-0.005995814266,-0.010036722883,0.025712168355,0.028245374780,3
13.270000,-0.024653359655,0.009716889276,0.009999254727,0.028322979621,3
13.280000,-0.016584850214,0.015863929640,-0.008117296806,0.024343623963,3
13.290000,0.005825602296,0.016906275210,-0.019868588544,0.026730518033,3
13.300000,0.022992632576,-0.008878090993,-0.017732371638,0.030363113416,3
13.310000,0.023733419722,-0.020526453427,0.002746601246,0.031498481239,3
13.320000,0.003137368484,-0.019197478054,0.023879905236,0.030799936992,3
13.330000,-0.009100608466,-0.006114717391,0.021991399819,0.024573003667,3
13.340000,-0.021598073563,0.022838808344,-0.001861893369,0.031488959892,3
13.350000,0.001016469825,0.028299488953,-0.017249796042,0.033157951526,3
13.360000,0.017337293344,0.001666346540,-0.018329066831,0.025284642417,3
13.370000,0.035730012481,-0.022116206851,-0.007628878342,0.042707846845,3
13.380000,0.014128233156,-0.023682128902,0.022842493610,0.035808235306,3
13.390000,-0.017173797066,-0.000572456173,0.027917172825,0.032781634344,3
13.400000,-0.033741409383,0.024110995421,0.001649118184,0.041503522719,3
13.410000,-0.009627528972,0.015611136915,-0.006267222600,0.019382337036,3
13.420000,0.013201326849,0.005745127948,-0.023699872261,0.027730226666,3
13.430000,0.023881330940,-0.017324538573,-0.016655266791,0.033880016471,3
13.440000,0.010176302370,-0.025600092609,0.014023599770,0.030912509151,3
13.450000,-0.024470040623,-0.012922651515,0.029585710012,0.040510394311,3
13.460000,-0.044704514182,0.024701786959,0.017848410127,0.054103951900,3
13.470000,-0.034621320989,0.026892251299,-0.014704169190,0.046238962343,3
13.480000,-0.006897872728,0.018631706553,-0.039351039397,0.044082030793,3
13.490000,0.028151748429,-0.014267389503,-0.038205892139,0.049555721536,3
13.500000,0.014374583062,-0.019096202340,-0.007262927529,0.024980866645,3
13.510000,0.016587966818,-0.027857650467,0.035859659289,0.048343815499,3
13.520000,-0.033309391678,0.000029230489,0.026217979215,0.042389843861,3
13.530000,-0.028142542028,0.039500857007,0.011036597669,0.049740595736,3
13.540000,-0.006378926180,0.034118050716,-0.022573420972,0.041404002442,3
13.550000,0.035232046951,0.003961745825,-0.035922076405,0.050471656755,3
13.560000,0.039211316563,-0.031423402562,-0.020038182992,0.054097008723,3
13.570000,0.027978181376,-0.033312933298,0.031176349751,0.053520976652,3
13.580000,-0.017430637368,0.006483787279,0.042976965364,0.046828262496,3
13.590000,-0.033604591266,0.033391774084,0.021147710331,0.051879714560,3
13.600000,-0.016221548682,0.053290648680,-0.033071922516,0.064782589770,3
13.610000,0.041875393569,0.012751717370,-0.040917678485,0.059920040847,3
13.620000,0.041826923682,-0.023456560499,-0.014002067049,0.049957578573,3
13.630000,0.047351537895,-0.048429994328,0.018636493609,0.070249209146,3
13.640000,-0.003982340025,-0.017336721631,0.040592928048,0.044319372248,3
13.650000,-0.041902969437,0.033873845053,0.037296289758,0.065530980887,3
13.660000,-0.042234669331,0.045642016175,-0.019711066974,0.065234094577,3
13.670000,-0.017609299983,0.028876357306,-0.049984271791,0.060351958407,3
13.680000,0.043399768920,-0.033626452342,-0.045191906425,0.071109680394,3
13.690000,0.030000081778,-0.041192165017,-0.002700727318,0.051030317396,3
13.700000,-0.015815898981,-0.037556960009,0.043141591115,0.059345301327,3
13.710000,-0.059591107524,0.000561930887,0.047886258116,0.076449392271,3
13.720000,-0.061621844265,0.054179824576,0.007923167550,0.082434711534,3
13.730000,-0.011253431059,0.043803185733,-0.044633575504,0.063541442014,3
13.740000,0.033844901044,-0.010154026773,-0.060068838906,0.069691082600,3
13.750000,0.059539763776,-0.050688509869,-0.002671482775,0.078239665921,3
13.760000,0.021257450793,-0.040388382771,0.047000233388,0.065514293216,3
13.770000,-0.019134569053,-0.013752775226,0.060722754394,0.065134656370,3
13.780000,-0.056309687610,0.038559629776,0.022241294608,0.071779531575,3
13.790000,-0.022873943744,0.052923575726,-0.033615667038,0.066739308061,3
13.800000,0.043284624796,0.013046271311,-0.054818038844,0.071054776909,3
13.810000,0.059480466641,-0.046980232922,-0.028494931497,0.080975485909,3
13.820000,0.067040808038,-0.065429308158,0.027351396052,0.097588745122,3
13.830000,-0.008736574682,-0.007512597773,0.065341167245,0.066349340610,3
13.840000,-0.036510997644,0.057014204758,0.041951828750,0.079646898425,3
13.850000,-0.024151893358,0.060536657095,-0.008592992868,0.065740705285,3
13.860000,0.008020902699,0.048682042436,-0.054889407508,0.073804628530,3
13.870000,0.054018359034,-0.028416641758,-0.033147522741,0.069456798842,3
13.880000,0.056464513601,-0.056879260550,0.008454924453,0.080591422152,3
13.890000,0.003147890125,-0.044261747716,0.049572519516,0.066531543003,3
13.900000,-0.044023571677,-0.005294068458,0.038926921891,0.059003451356,3
13.910000,-0.062101752303,0.060553929444,0.014636336892,0.087963790095,3
13.920000,-0.007585777224,0.055628043544,-0.049649457181,0.074947260410,3
13.930000,0.039989142032,0.009992451395,-0.053921325355,0.067871127097,3
13.940000,0.035762111258,-0.040411627169,-0.013632685129,0.055658587081,3
13.950000,0.021869670686,-0.063922055583,0.034331617942,0.075782396877,3
13.960000,-0.058334264326,-0.005580134817,0.083044028353,0.101638255318,3
13.970000,-0.059555279758,0.039006590956,0.017826097880,0.073390157724,3
13.980000,-0.035759264340,0.068195839976,-0.016190985489,0.078686374851,3
13.990000,0.026638472733,0.013136345205,-0.072033286123,0.077916404593,3
14.000000,0.075414174255,-0.047193402389,-0.018990504190,0.090967874313,3
14.010000,0.021366262463,-0.064562979512,0.023857460862,0.072069923921,3
14.020000,-0.020212777230,-0.021579545411,0.047613307824,0.056046946620,3
14.030000,-0.045944704031,0.026351978476,0.041048543266,0.067009891079,3
14.040000,-0.012618970146,0.039888984702,-0.015848071812,0.044738472127,3
14.050000,0.029516364193,0.026299756690,-0.056243456551,0.068747504405,3
14.060000,0.080625503696,-0.026879134238,-0.042226201607,0.094900009514,3
14.070000,0.066376809660,-0.031278046354,0.003311957154,0.073451794427,3
14.080000,-0.007858343743,-0.041694774615,0.055890547398,0.070170941885,3
14.090000,-0.042994038156,0.023438182035,0.046808293359,0.067741065988,3
14.100000,-0.045488190372,0.064683225146,0.003079168395,0.079136441395,3
14.110000,0.002070018003,0.061746904424,-0.038494941945,0.072793033567,3
14.120000,0.048299914873,-0.004748780914,-0.064286814804,0.080549532926,3
14.130000,0.058033101550,-0.060946757308,-0.035621360492,0.091385061280,3
14.140000,0.023753232709,-0.053303733292,0.049253761566,0.076363846651,3
14.150000,-0.052293211537,-0.005756913121,0.046361856455,0.070122348474,3
14.160000,-0.071118051856,0.045580588811,0.022191039741,0.087337332343,3
14.170000,-0.015712385365,0.052285572804,-0.019956531452,0.058128506990,3
14.180000,0.007858821600,-0.005015767272,-0.064926084689,0.065592038171,3
14.190000,0.049263507025,-0.049741246678,-0.015121601060,0.071622256067,3
14.200000,0.019935731700,-0.055519901882,0.022393185803,0.063097921312,3
14.210000,-0.015316834784,-0.031965662352,0.037237932932,0.051410822270,3
14.220000,-0.057601240005,0.029400679364,0.032791972786,0.072509421984,3
14.230000,-0.032903981284,0.061793869581,-0.006225930981,0.070284539685,3
14.240000,0.015150430487,0.027385899264,-0.043530394465,0.053613601490,3
14.250000,0.043733105774,-0.017503539871,-0.045765120649,0.065676515717,3
14.260000,0.038886419024,-0.045330004199,-0.005334482964,0.059961817631,3
14.270000,0.013419735221,-0.034937429837,0.030531223857,0.048299781855,3
14.280000,-0.045839802693,0.016407051454,0.050867283144,0.070412778264,3
14.290000,-0.032423314982,0.034269963358,-0.003197042847,0.047285545635,3
14.300000,0.014158162927,0.040427749285,-0.034122661666,0.054765066684,3
14.310000,0.044264699448,-0.013251488135,-0.050622493833,0.068539057748,3
14.320000,0.043158315502,-0.036724102529,-0.004177838005,0.056822128030,3
14.330000,0.007571625331,-0.040345017175,0.034172208865,0.053411513550,3
14.340000,-0.014039951238,0.000135632977,0.059441257319,0.061077014487,3
14.350000,-0.039079179708,0.032355757104,0.015754854520,0.053125255250,3
14.360000,-0.033096222417,0.052202328756,-0.022283395893,0.065703826360,3
14.370000,0.025014114280,0.007234237043,-0.041641525664,0.049112694473,3
14.380000,0.032558761004,-0.043048413443,-0.028892756901,0.061221158266,3
14.390000,0.007576925088,-0.034703870965,0.019131061381,0.040345581708,3
14.400000,-0.011762265869,-0.003476232648,0.040892603288,0.042692389198,3
14.410000,-0.037627719354,0.008806899838,0.035799525637,0.052678390109,3
14.420000,-0.048709824510,0.044500574419,-0.015199470024,0.067705036861,3
14.430000,0.010779515255,0.014435574151,-0.031194684533,0.036023493630,3
14.440000,0.024533090389,-0.012906892017,-0.032708157843,0.042875213995,3
14.450000,0.023728722207,-0.026303243365,-0.002467914485,0.035510610682,3
14.460000,-0.006737389115,-0.026174018327,0.056486152342,0.062619142871,3
14.470000,-0.019732894350,0.006167036745,0.027558117470,0.034450969509,3
14.480000,-0.033746141220,0.025236614092,0.006558501131,0.042646250423,3
14.490000,0.004446801920,0.018488599080,-0.021337175399,0.028581067112,3
14.500000,0.038236376911,0.002937869856,-0.030417964275,0.048947973903,3
14.510000,0.038338627477,-0.020661311199,0.003584040516,0.043698804145,3
14.520000,0.009482278150,-0.020015447687,0.009873465606,0.024249063242,3
14.530000,-0.014732451839,-0.000814690969,0.021447050002,0.026032380075,3
14.540000,-0.014242982380,0.019170921183,0.009990155687,0.025888027671,3
14.550000,-0.007995466428,0.040227985462,-0.016715301448,0.044290174985,3
14.560000,0.006350835076,0.004382631031,-0.030490957826,0.031452171151,3
14.570000,0.036302944415,-0.021746354381,-0.009906928273,0.043462109128,3
14.580000,0.013784821714,-0.031933890328,0.001376437383,0.034809326925,3
14.590000,-0.007975290700,-0.007356476189,0.028495600661,0.030491347309,3
14.600000,-0.026888360873,0.012815083232,0.019860866487,0.035800339751,3
14.610000,-0.027797369066,0.029924108486,-0.011887606878,0.042537761965,3
14.620000,0.003876098239,0.013593999493,-0.021529589090,0.025755468665,3
14.630000,0.026524559900,-0.016703178777,-0.021280250086,0.037886640163,3
14.640000,0.009188353723,-0.024470127055,0.002588691372,0.026266219470,3
14.650000,-0.004799358152,-0.018814476817,0.023846182782,0.030751565974,3
14.660000,-0.027212630525,0.013163783241,0.023381998427,0.038216885009,3
14.670000,-0.027989122954,0.017805735619,0.009938447793,0.034629582284,3
14.680000,-0.003934476075,0.028188785387,-0.023462478739,0.036885981513,3
14.690000,0.015059094132,-0.007174702055,-0.022985640786,0.028400569501,3
14.700000,0.029751050545,-0.018866159611,-0.007365824854,0.035990448216,3
14.710000,0.009655175474,-0.017189959629,0.023255174543,0.030488034842,3
14.720000,-0.015718410880,0.003729751699,0.029648921276,0.033764449073,3
14.730000,-0.020807103281,0.023212731206,0.010715408019,0.032963410109,3
14.740000,-0.010209337749,0.027804362725,-0.012138094779,0.032010100104,3
14.750000,0.022764522618,0.006885045096,-0.012029933925,0.026652329096,3
14.760000,0.035616301414,-0.019978274918,-0.013833688884,0.043116392976,3
14.770000,0.022780036750,-0.020863797978,0.015705825497,0.034654019896,3
14.780000,-0.009602255046,-0.000217086875,0.024854301283,0.026645576010,3
14.790000,-0.021045801914,0.014300882847,0.006173385828,0.026183042623,3
14.800000,-0.026375533765,0.017721189158,-0.004444271989,0.032085212794,3
14.810000,-0.002236424315,0.007503194370,-0.036337772578,0.037171672486,3
14.820000,0.029958036980,-0.013417299228,-0.026224447709,0.042014635021,3
14.830000,0.022752298534,-0.033449130241,-0.001808027924,0.040494201651,3
14.840000,-0.013569465197,-0.016100278836,0.023482927632,0.031540406695,3
14.850000,-0.028127369690,0.006193084782,0.010777722258,0.030751626329,3
14.860000,-0.026973197101,0.023223905190,-0.008743125653,0.036651676364,3
14.870000,-0.008618635703,0.029392250824,-0.029454886725,0.042494418950,3
14.880000,0.012831106851,-0.009242969772,-0.035468050964,0.038833650774,3
14.890000,0.026086512818,-0.032980215710,-0.011149989251,0.043503138273,3
14.900000,0.003663613534,-0.023475767131,0.024353901225,0.034024200379,3
14.910000,-0.031398370173,0.003006184074,0.013008039092,0.034118966474,3
14.920000,-0.040029834389,0.038294303852,0.015804856097,0.057607593466,3
14.930000,-0.002355358431,0.040138002654,-0.014929200432,0.042889252686,3
14.940000,0.025823983221,-0.003001255770,-0.038267955312,0.046263614746,3
14.950000,0.041308733131,-0.031528400464,-0.017421962030,0.054808541575,3
14.960000,0.025377045422,-0.034730792977,0.023118219015,0.048833128772,3
14.970000,-0.000956343987,-0.003041177198,0.044608911290,0.044722682377,3
14.980000,-0.034258846607,0.032033392520,0.020117566211,0.051034530246,3
14.990000,-0.013440205992,0.035133248287,-0.012511280791,0.039642356380,3
15.000000,0.028515878359,0.020649885123,-0.036937695848,0.051029074544,3
15.010000,0.047312698702,-0.014390225138,-0.018551754422,0.052817966925,3
15.020000,0.042485355097,-0.035118262941,0.009556184903,0.055942992944,3
15.030000,-0.003651473796,-0.033311142034,0.036789811418,0.049763999726,3
15.040000,-0.048436609986,-0.009150010930,0.031958964337,0.058746942801,3
15.050000,-0.045487507013,0.039294873305,-0.004884510581,0.060308032681,3
15.060000,-0.000971977806,0.036409339334,-0.049716862413,0.061630764556,3
15.070000,0.029599267245,-0.002580746537,-0.045088820843,0.053997950324,3
15.080000,0.035147838704,-0.040054838320,-0.004471737116,0.053476696525,3
15.090000,0.005553249644,-0.032625792750,0.031305722302,0.045555781006,3
15.100000,-0.030287436132,-0.010338723597,0.055074498134,0.063697867607,3
15.110000,-0.040171709779,0.030263658581,0.012954733840,0.051937273957,3
15.120000,-0.021007376978,0.070816844174,-0.036509255294,0.082396972204,3
15.130000,0.008311866146,0.023423714668,-0.058143950541,0.063233507828,3
15.140000,0.052607339750,-0.042194779156,-0.015544715886,0.069206717706,3
15.150000,0.037254239597,-0.048935238198,0.044994289428,0.076203818714,3
15.160000,-0.020643244256,-0.022546663052,0.051692398021,0.060054971163,3
15.170000,-0.055717769315,0.039779458086,0.031449825770,0.075339011435,3
15.180000,-0.010193730158,0.061399580202,-0.004906223023,0.062433097055,3
15.190000,0.028250200025,0.027305959991,-0.058274903802,0.070282669739,3
15.200000,0.066084969400,-0.022185402253,-0.037814736442,0.079305545493,3
15.210000,0.061409648150,-0.059882555062,0.025187660602,0.089395097926,3
15.220000,0.012726960679,-0.019193399701,0.072945973752,0.076494948897,3
15.230000,-0.031891321556,0.023875139905,0.043139958793,0.058720820334,3
15.240000,-0.054358974510,0.064833378439,0.017383248755,0.086373852565,3
15.250000,0.002920606905,0.044958286682,-0.061466752798,0.076209836541,3
15.260000,0.043158300804,-0.032869615039,-0.053875327369,0.076456532881,3
15.270000,0.069968538590,-0.054823857544,-0.010385009995,0.089493576200,3
15.280000,0.015854826808,-0.053657365906,0.053023279020,0.077084087639,3
15.290000,-0.060082767628,-0.001562574934,0.042042465888,0.073348139337,3
15.300000,-0.072098958287,0.022165415034,0.007323664088,0.075783912972,3
15.310000,-0.020412684960,0.067852795255,-0.051880287560,0.087819381508,3
15.320000,0.047987398448,0.022586862067,-0.078613319607,0.094831486161,3
15.330000,0.059701899544,-0.035569882105,-0.028945044354,0.075281796703,3
15.340000,0.045762826259,-0.066344098619,0.036283099223,0.088386871073,3
15.350000,-0.037483164020,-0.033096135347,0.059416565189,0.077657388436,3
15.360000,-0.076822496682,0.050743169036,0.040959946743,0.100768459537,3
15.370000,-0.036915664447,0.065264636096,-0.016182051166,0.076707873040,3
15.380000,0.023734156091,0.041780407540,-0.085968839077,0.098486313322,3
15.390000,0.064395316206,-0.034758578709,-0.036066200988,0.081582390238,3
15.400000,0.057871042930,-0.079288036282,0.023832073275,0.101012959682,3
15.410000,0.006813538317,-0.045736873309,0.062954445939,0.078112407132,3
15.420000,-0.043666096045,0.013532356672,0.040752129260,0.061242049771,3
15.430000,-0.020471945942,0.076179205080,-0.017058682486,0.080705455240,3
15.440000,0.025859056380,0.051533688333,-0.047127931867,0.074467803728,3
15.450000,0.060961627034,-0.020193284218,-0.058702446918,0.087006126062,3
15.460000,0.092332737385,-0.052586782938,-0.009356338614,0.106668857710,3
15.470000,0.007399491897,-0.044404306912,0.043077126800,0.062306771751,3
15.480000,-0.037906728138,-0.001996715562,0.082618732475,0.090921734843,3
15.490000,-0.059438128822,0.060819353411,0.024066324462,0.088380274271,3
15.500000,-0.034784714399,0.056117678958,-0.041783559177,0.078134730210,3
15.510000,0.044695153511,0.002605475555,-0.067499408468,0.080997625852,3
15.520000,0.041877569349,-0.041626623021,-0.027437623421,0.065110135445,3
15.530000,0.019357944419,-0.063183748424,0.041684811074,0.078131552853,3
15.540000,-0.046224132941,-0.017198236062,0.067555366024,0.083643154343,3
15.550000,-0.074223156053,0.045093512512,0.045325013169,0.097963557427,3
15.560000,-0.041647348901,0.044895343873,-0.016637561190,0.063457875904,3
15.570000,0.016200021084,0.021273497948,-0.061093227642,0.066688716151,3
15.580000,0.054788588105,-0.030145790022,-0.043120416209,0.075960044343,3
15.590000,0.048258522465,-0.073523040645,0.005054263744,0.088091248590,3
15.600000,-0.008359765040,-0.011034681127,0.070494882656,0.071841341439,3
15.610000,-0.041372174521,0.020836036284,0.058319456476,0.074477890922,3
15.620000,-0.061712558011,0.056083828950,-0.003069674284,0.083446141829,3
15.630000,-0.006709488102,0.032878927480,-0.027647005069,0.043478707342,3
15.640000,0.049006370163,-0.007132922502,-0.054846040904,0.073895812485,3
15.650000,0.058321991729,-0.071960707372,-0.025218916216,0.095998915930,3
15.660000,0.037917820991,-0.031915579492,0.051172215915,0.071238760831,3
15.670000,-0.049406698753,-0.007685921954,0.066300308337,0.083041111286,3
15.680000,-0.050907809966,0.046974012749,0.010486505249,0.070058045802,3
15.690000,0.001406283703,0.050116162281,-0.045139463023,0.067462422708,3
15.700000,0.035618906165,0.020550111223,-0.049115828751,0.064057616109,3
15.710000,0.067596406249,-0.049664850536,-0.031866426052,0.089729262930,3
15.720000,0.043065764898,-0.050107532282,0.015332291703,0.067827015757,3
15.730000,-0.041838293136,-0.027487867100,0.084559540494,0.098266685600,3
15.740000,-0.071151411642,0.029979352684,0.022162701681,0.080327270038,3
15.750000,-0.033411646410,0.045669113087,-0.008651183494,0.057243768061,3
15.760000,0.004387088396,0.017011725822,-0.050199882574,0.053185275880,3
15.770000,0.042247661913,-0.040149716621,-0.049233240340,0.076294014420,3
15.780000,0.028365449613,-0.048764526453,0.019049811789,0.059543875429,3
15.790000,-0.011994860621,-0.032570301871,0.037001614082,0.050732836408,3
15.800000,-0.058402086600,0.011237555807,0.043433482275,0.073644780957,3
15.810000,-0.041622194133,0.038717889658,-0.000627668825,0.056849590959,3
15.820000,-0.006633680927,0.020641618188,-0.053593575206,0.057813090451,3
15.830000,0.044161412086,-0.006224811341,-0.059080097641,0.074023216162,3
15.840000,0.034174245208,-0.040155599611,-0.008511289100,0.053411546109,3
15.850000,0.011278697276,-0.045200947020,0.048730504293,0.067416590483,3
15.860000,-0.017118465702,-0.009013613753,0.039197726366,0.043712113345,3
15.870000,-0.040105112037,0.052804858116,0.030493547439,0.072983761808,3
15.880000,-0.005476230694,0.052195546829,-0.027393404087,0.059201037143,3
15.890000,0.034187199729,-0.004630151946,-0.039385165711,0.052358325130,3
15.900000,0.065877151242,-0.022373396200,-0.017411281777,0.071718342469,3
15.910000,0.031922851581,-0.043196968315,0.023278640541,0.058540085668,3
15.920000,-0.012132536167,-0.012990103900,0.035530384167,0.039728446134,3
15.930000,-0.014201075870,0.024843766319,0.017661404112,0.033627495833,3
15.940000,-0.028289119322,0.034149684116,-0.000381451445,0.044346597416,3
15.950000,0.018798395724,0.003778372455,-0.048406353467,0.052065639689,3
15.960000,0.040436592113,-0.029849377482,-0.017873432221,0.053343817797,3
15.970000,0.027563259689,-0.037778223554,-0.007544059584,0.047369191408,3
15.980000,-0.007011770874,-0.017900295251,0.045157600289,0.049079469890,3
15.990000,-0.032488927321,0.026117298325,0.034123535978,0.053870765522,3
16.000000,-0.032494492044,0.040429542069,0.002095164131,0.051911748168,3
16.010000,-0.002774632747,0.017493334940,-0.029844977700,0.034705014740,3
16.020000,0.017135811650,-0.007334961992,-0.037285234363,0.041684846285,3
16.030000,0.023137095940,-0.036951953611,0.002480966012,0.043668378452,3
16.040000,-0.004744716524,-0.017515270433,0.035371100953,0.039754393667,3
16.050000,-0.042057572712,0.010055302127,0.032262977627,0.053952277511,3
16.060000,-0.035412726804,0.016194257217,-0.003869122780,0.039131640620,3
16.070000,-0.010818714240,0.027699536982,-0.015419315251,0.033497226895,3
16.080000,0.023604294022,0.009920964985,-0.048057254564,0.054452621230,3
16.090000,0.028523548323,-0.029186985279,-0.002617402716,0.040894054771,3
16.100000,0.019506990979,-0.028159288880,0.021166294904,0.040267608412,3
16.110000,-0.011797743389,-0.003269641867,0.017300883159,0.021194288501,3
16.120000,-0.020808505946,0.028289003871,0.011506173936,0.036954752041,3
16.130000,-0.007466514354,0.032633366271,-0.010120564745,0.034973007614,3
16.140000,0.022822458840,0.012098680370,-0.025615794219,0.036378724657,3
16.150000,0.041573178300,-0.006233182369,-0.020302309350,0.046683674677,3
16.160000,0.028018420006,-0.027443934817,0.008801099916,0.040195283027,3
16.170000,-0.002267983613,-0.014281352094,0.030818619040,0.034042444783,3
16.180000,-0.017527747581,0.014307238231,0.031986754638,0.039179988175,3
16.190000,-0.031876988206,0.031462412943,0.005211992993,0.045090915673,3
16.200000,-0.002513978107,0.032983767186,-0.035127053145,0.048250998398,3
16.210000,0.024935687865,-0.003876155546,-0.025702302382,0.036019737074,3
16.220000,0.014213217418,-0.028675893556,-0.010548544794,0.033698578870,3
16.230000,-0.005637133021,-0.033928036827,0.035371628667,0.049336001725,3
16.240000,-0.036508741073,0.009754035905,0.034696084876,0.051301536984,3
16.250000,-0.033437413633,0.013822105253,0.007541239235,0.036959187130,3
16.260000,-0.014765696831,0.017479091213,-0.024528311392,0.033543739986,3
16.270000,0.015535757932,0.015487283406,-0.039357432129,0.045057998020,3
16.280000,0.035557674136,-0.033890985315,-0.011556504731,0.050462856411,3
16.290000,0.009497867542,-0.044917142420,0.023238781544,0.051456779326,3
16.300000,-0.028275248401,-0.010872367868,0.035991511726,0.047043458329,3
16.310000,-0.024037353024,0.024509169014,0.028042849733,0.044327137595,3
16.320000,-0.012993374472,0.039109640744,-0.010180802993,0.042450447923,3
16.330000,0.014517063559,0.011933076745,-0.032930276788,0.037914991551,3
16.340000,0.054255316497,-0.023330515716,-0.026647322583,0.064792222778,3
16.350000,0.035434587811,-0.045164849997,0.013175450970,0.058898779248,3
16.360000,0.002631046147,-0.020648956650,0.031134544550,0.037452125159,3
16.370000,-0.033338935895,0.011453849933,0.024653412740,0.043017044118,3
16.380000,-0.030735504452,0.043621488896,0.003866282519,0.053501903405,3
16.390000,0.012562290229,0.022818934033,-0.035324746853,0.043890233839,3
16.400000,0.027496479391,-0.004673504078,-0.036744069249,0.046130517494,3
16.410000,0.058266729924,-0.026860222707,0.003172541159,0.064238216019,3
16.420000,0.004275930837,-0.044893450931,0.031430370467,0.054968843072,3
16.430000,-0.027586536673,0.014499640192,0.038901623765,0.049845690915,3
16.440000,-0.049541323208,0.042853936083,0.011982618585,0.066591183284,3
16.450000,-0.023478317949,0.028408071524,-0.038090823223,0.053001516537,3
16.460000,0.025968544839,-0.000763292022,-0.038262600724,0.046249049178,3
16.470000,0.031711682927,-0.050281461834,-0.013599732214,0.060982037966,3
16.480000,0.003221210572,-0.037671235656,0.012718305137,0.039890518660,3
16.490000,-0.024811967290,-0.014790218465,0.048326758167,0.056301508310,3
16.500000,-0.054627030500,0.036322695556,0.026136774126,0.070615732209,3
16.510000,-0.035340880767,0.063417018963,-0.012636849145,0.073691153498,3
16.520000,0.013387781993,0.011380453364,-0.055814165547,0.058514686201,3
16.530000,0.038923667666,-0.028937921141,-0.028568623619,0.056290509324,3
16.540000,0.030395585188,-0.051346046376,0.015841011740,0.061735287562,3
16.550000,-0.017936357015,-0.010785974184,0.050435218743,0.054605507339,3
16.560000,-0.041863880104,0.013300033074,0.038765106721,0.058585056424,3
16.570000,-0.039560940256,0.070247797589,-0.017429950546,0.082484084745,3
16.580000,0.005602316758,0.042211861669,-0.043806262087,0.061091863752,3
16.590000,0.074405342328,-0.012827972732,-0.055476390640,0.093692805326,3
16.600000,0.059494868711,-0.042797639983,-0.009650716475,0.073921672868,3
16.610000,0.014540322160,-0.049097743212,0.044520499071,0.067853402233,3
16.620000,-0.040396467714,0.005386767496,0.058026059535,0.070907795432,3
16.630000,-0.054031661025,0.051458036649,0.022663219155,0.077980583682,3
16.640000,-0.004335778278,0.064348280525,-0.036239725462,0.073978496074,3
16.650000,0.043424586848,0.008402327483,-0.075944435850,0.087885443542,3
16.660000,0.059548614928,-0.033991683375,-0.011711574818,0.069560283663,3
16.670000,0.017561951603,-0.034763623227,0.030809669717,0.049660521463,3
16.680000,-0.027763481861,-0.017226077335,0.064791494151,0.072563671212,3
16.690000,-0.073009130086,0.049082830973,0.020579121499,0.090349087510,3
16.700000,-0.063915664320,0.055885290980,-0.015432402106,0.086293319140,3
16.710000,0.007942777377,0.014473459072,-0.068531567451,0.070492158906,3
16.720000,0.061451952149,-0.039341423927,-0.038132283253,0.082329588154,3
16.730000,0.054219006285,-0.069696300129,0.009315199011,0.088792160841,3
16.740000,-0.022406989105,-0.034212456703,0.057434485642,0.070507343557,3
16.750000,-0.079426548478,0.037529899143,0.054694437878,0.103482131151,3
16.760000,-0.058716317423,0.054545227223,-0.004042500939,0.080244187069,3
16.770000,0.005689930170,0.037856408119,-0.057902365514,0.069413016597,3
16.780000,0.075437009543,-0.034702594609,-0.058317855770,0.101469132168,3
16.790000,0.054576087656,-0.052157375201,0.000289552095,0.075491886796,3
16.800000,0.015299631761,-0.041063970563,0.051778429396,0.067833134685,3
16.810000,-0.037044356012,0.027479787799,0.051887637072,0.069424418836,3
16.820000,-0.060074017282,0.060184477740,0.018926970773,0.087116526193,3
16.830000,-0.015094849800,0.080118259038,-0.046335992096,0.093775338364,3
16.840000,0.072358302969,0.017256306991,-0.061845585513,0.096738723306,3
16.850000,0.081193565464,-0.046970178523,-0.018287839751,0.095566928516,3
16.860000,0.022427361644,-0.057353723440,0.068163995508,0.091862758647,3
16.870000,-0.028495106215,0.005724166360,0.079166650462,0.084333241988,3
16.880000,-0.068040658269,0.058521248790,0.037266044148,0.097175232359,3
16.890000,-0.028752674763,0.065693069737,-0.029689463413,0.077612885240,3
16.900000,0.008177876039,0.009191644572,-0.071638785937,0.072687548019,3
16.910000,0.050240114016,-0.035994437597,-0.031419541449,0.069331494858,3
16.920000,0.047419700272,-0.056466307939,0.024724517200,0.077771290699,3
16.930000,-0.053943899412,-0.022804381650,0.066256044294,0.088429901684,3
16.940000,-0.079882756105,0.023281958813,0.058998227770,0.102000466710,3
16.950000,-0.082824847246,0.081362125688,-0.015957794295,0.117193865098,3
16.960000,0.002124439185,0.024953757258,-0.090614449106,0.094011603698,3
16.970000,0.055634735183,-0.036828722628,-0.058049347423,0.088438143951,3
16.980000,0.035420456438,-0.062160266376,0.001311818908,0.071555770690,3
16.990000,0.005713152176,-0.046700269683,0.047069852842,0.066551681743,3
17.000000,-0.047057857938,0.018450519081,0.038718084949,0.063670666324,3
17.010000,-0.074105256016,0.077281822785,0.018298491901,0.108622759622,3
17.020000,0.006398420010,0.068000731723,-0.037544907219,0.077940101049,3
17.030000,0.058415953094,0.016112331108,-0.065285206726,0.089074064726,3
17.040000,0.079083520667,-0.052404966280,-0.017784396848,0.096523409094,3
17.050000,0.058661273596,-0.061304281979,0.029367039225,0.089787432315,3
17.060000,-0.029977125867,-0.001981747856,0.089713409254,0.094609995242,3
17.070000,-0.060316199627,0.028527295077,0.024967108875,0.071240487277,3
17.080000,-0.014100000341,0.057412639452,-0.017491748528,0.061652108196,3
17.090000,0.050098903509,0.020468244465,-0.078589954637,0.095421329555,3
17.100000,0.059626006755,-0.019888708338,-0.050322950180,0.080518449537,3
17.110000,0.039870684920,-0.077867891042,0.018386124294,0.089393117955,3
17.120000,-0.014641332744,-0.038959880729,0.066806586243,0.078710614890,3
17.130000,-0.078267866665,0.021624684319,0.038001706504,0.089652750217,3
17.140000,-0.054183419423,0.058031296305,0.000412303400,0.079395492852,3
17.150000,0.003007248223,0.029879337303,-0.069167443420,0.075405262209,3
17.160000,0.037801127899,-0.015127908035,-0.047792379143,0.062784475598,3
17.170000,0.058636424495,-0.066883126357,0.003593673506,0.089019645911,3
17.180000,0.012290894748,-0.063793081685,0.035811855958,0.074182965644,3
17.190000,-0.053282802913,0.004478574884,0.069818119493,0.087941369837,3
17.200000,-0.058796274332,0.035026994767,0.003057424273,0.068507226487,3
17.210000,-0.025630286887,0.037242505274,-0.052773995211,0.069491081266,3
17.220000,0.061287095534,0.002872406070,-0.081538763796,0.102043759226,3
17.230000,0.034162372319,-0.053011753390,-0.010449038496,0.063925707548,3
17.240000,0.023084285990,-0.048155511625,0.038185277504,0.065650232122,3
17.250000,-0.048943463215,0.004022929676,0.069947458180,0.085465159337,3
17.260000,-0.036783179845,0.037199216699,0.044693932471,0.068806479653,3
17.270000,-0.027899973615,0.046287529788,-0.021888918037,0.058310107824,3
17.280000,0.033362812310,0.025853680772,-0.052511270048,0.067371533579,3
17.290000,0.080042773954,-0.038343080621,-0.029982741355,0.093680319561,3
17.300000,0.048702102018,-0.040153640696,0.012433060768,0.064333433005,3
17.310000,-0.016034682195,-0.042394262407,0.060920588380,0.075932223770,3
17.320000,-0.035839365291,0.037242038402,0.017736509304,0.054644425984,3
17.330000,-0.033706517745,0.046472314947,-0.000039890082,0.057409119365,3
17.340000,0.004722004908,0.057270366251,-0.062874057918,0.085178279743,3
17.350000,0.049519901101,-0.007534430287,-0.061206624123,0.079090069423,3
17.360000,0.037514989284,-0.055266732821,0.007663632080,0.067234793332,3
17.370000,-0.006739512484,-0.035842218600,0.040240659269,0.054308344857,3
17.380000,-0.036941501367,-0.000248153234,0.035398736136,0.051164505502,3
17.390000,-0.061522056498,0.034569775518,-0.001101125448,0.070577937717,3
17.400000,0.001453285686,0.025898201268,-0.025268870025,0.036212493155,3
17.410000,0.007934985726,-0.005619739913,-0.036667245878,0.037934580471,3
17.420000,0.045236472377,-0.032455058313,-0.011359550016,0.056821726653,3
17.430000,0.006946693172,-0.043806767507,0.026182681476,0.051505555377,3
17.440000,-0.026606764913,-0.006106072080,0.038260031438,0.047000362350,3
17.450000,-0.040833974827,0.031981671516,0.009311639550,0.052696749845,3
17.460000,-0.018734505468,0.031797305439,-0.019790237814,0.041877247295,3
17.470000,0.021698381394,0.011056921647,-0.051182542374,0.056680930791,3
17.480000,0.042221881109,-0.019362019990,-0.024797681671,0.052654535215,3
17.490000,0.038256949140,-0.032625324071,0.024953996967,0.056131166858,3
17.500000,-0.010523654501,-0.018607470609,0.035528812895,0.041464223281,3
17.510000,-0.025770486932,0.029484193442,0.040672046348,0.056459286338,3
17.520000,-0.025846953235,0.050572861303,-0.003511098977,0.056903489418,3
17.530000,0.022383944380,0.025297276970,-0.033944050717,0.047887281894,3
17.540000,0.039273629683,-0.003104464974,-0.024966722850,0.046641107846,3
17.550000,0.040823054338,-0.037241651311,-0.009451521672,0.056060624504,3
17.560000,0.007098749625,-0.024427022472,0.041127882965,0.048358809231,3
17.570000,-0.030655712678,0.003514611537,0.031953389648,0.044420089195,3
17.580000,-0.020003573059,0.036658225575,0.009873983853,0.042912282560,3
17.590000,-0.013004602677,0.024630327483,-0.034276645877,0.044166290033,3
17.600000,0.016025132705,-0.001163344204,-0.033221539124,0.036902966137,3
17.610000,0.039496638946,-0.028284370733,-0.012333143819,0.050120819549,3
17.620000,0.010881742296,-0.017991464658,0.024370862874,0.032187638515,3
17.630000,-0.032772570827,-0.008036743707,0.028900298698,0.044428120744,3
17.640000,-0.047367039794,0.036548543179,0.023082354695,0.064126652537,3
17.650000,-0.015501861737,0.032671027766,-0.021136762159,0.041886352039,3
17.660000,0.012641561297,0.012481383336,-0.028328792846,0.033438219243,3
17.670000,0.036394648249,-0.013305937098,-0.025953556013,0.046639097900,3
17.680000,0.012081289308,-0.041272647080,0.021366126160,0.048019790665,3
17.690000,-0.016674477536,-0.012274124933,0.048344846060,0.052591981181,3
17.700000,-0.035677645860,0.011696281341,0.035427326894,0.051621632115,3
17.710000,-0.018126638923,0.030222827783,-0.003039965758,0.035372810881,3
17.720000,0.007739182309,0.025194645684,-0.024963504729,0.036302089228,3
17.730000,0.024878195006,-0.005920874415,-0.038188616461,0.045960328195,3
17.740000,0.045579884722,-0.043227404063,0.009906145888,0.063594544417,3
17.750000,0.015017723527,-0.034626514288,0.030167107827,0.048317511384,3
17.760000,-0.032469884945,0.016392815419,0.045282287261,0.058081867784,3
17.770000,-0.025850579715,0.048149478718,0.004214797240,0.054812309641,3
17.780000,-0.004829652723,0.025753472905,-0.037927090554,0.046098059720,3
17.790000,0.027978716503,0.005250413013,-0.034096675664,0.044417999789,3
17.800000,0.043451582654,-0.024704451742,-0.016676918938,0.052692215709,3
17.810000,0.007226104559,-0.031328875722,0.020744580544,0.038262941119,3
17.820000,-0.019480541928,0.002869246689,0.049551822064,0.053320794820,3
17.830000,-0.040397048731,0.026966700567,0.033798410963,0.059173111032,3
17.840000,-0.028468686009,0.037954752861,-0.027939874765,0.055060566195,3
17.850000,0.019108581260,0.014125440420,-0.038056253640,0.044865848771,3
17.860000,0.043017585573,-0.022678154670,-0.015129378881,0.050928474090,3
17.870000,0.004740751402,-0.041518604120,0.014311138784,0.044171007519,3
17.880000,-0.019410098571,-0.025576280874,0.042070207672,0.052922589160,3
17.890000,-0.053439156136,0.025626280099,0.027452824756,0.065315444019,3
17.900000,-0.022739226153,0.038917481665,-0.009069878883,0.045977227930,3
17.910000,0.005230580014,0.020936992929,-0.045205497294,0.050092450786,3
17.920000,0.034794027904,-0.022689211855,-0.031520539400,0.052143735160,3
17.930000,0.022531704455,-0.040251753485,0.013481308378,0.048058579253,3
17.940000,0.002524860712,-0.030538579816,0.035193432055,0.046664305830,3
17.950000,-0.025593321962,0.011576161241,0.036070013565,0.045717299972,3
17.960000,-0.035764497088,0.052418466804,0.010413608784,0.064305817481,3
17.970000,-0.000007453550,0.042650505471,-0.049897861621,0.065641924613,3
17.980000,0.056869137776,0.004475739919,-0.033891419470,0.066353292253,3
17.990000,0.051470492317,-0.028001484570,-0.019536201095,0.061765345224,3
18.000000,0.019667366754,-0.063986425169,0.040252280633,0.078110908439,3
18.010000,-0.027295229205,-0.016576033326,0.057648263248,0.065902326770,3
18.020000,-0.041762051300,0.038402730310,0.019345608640,0.059942398998,3
18.030000,-0.032885081620,0.041217841265,-0.040546478392,0.066515832263,3
18.040000,0.022041087318,0.013394124609,-0.051379141788,0.057489375672,3
18.050000,0.058705049884,-0.055818482356,-0.022246260875,0.084005249701,3
18.060000,0.020963466341,-0.040957493073,0.009505596937,0.046982332137,3
18.070000,-0.055790653372,-0.018229368395,0.079172816485,0.098555779871,3
18.080000,-0.067140018723,0.034561628057,0.050378149204,0.090775801651,3
18.090000,-0.069699873581,0.036151307354,-0.010699516010,0.079243100920,3
18.100000,-0.009019664395,0.032895910622,-0.047044146833,0.058108923865,3
18.110000,0.054531094566,-0.008544306806,-0.078318031923,0.095814192987,3
18.120000,0.048856368772,-0.066167767675,0.000559356030,0.082252240868,3
18.130000,-0.003872933056,-0.035771622236,0.046297352933,0.058634916700,3
18.140000,-0.062562820610,0.013987273465,0.042429007395,0.076876335826,3
18.150000,-0.072312244940,0.054980440706,-0.003130554495,0.090893949193,3
18.160000,-0.023001513512,0.067228632794,-0.036039079936,0.079671663556,3
18.170000,0.063382815996,0.005406770770,-0.045664743285,0.078306342738,3
18.180000,0.049571187675,-0.043557561767,-0.014174503980,0.067494299001,3
18.190000,0.027045630838,-0.047537973524,0.020844237312,0.058530396405,3
18.200000,-0.037703367701,0.010772738741,0.055897160651,0.068279487438,3
18.210000,-0.068968066603,0.059023488668,0.035817682165,0.097587257268,3
18.220000,-0.014529273655,0.047896056690,-0.041926225102,0.065291196885,3
18.230000,0.044971127188,0.005659610225,-0.084158994184,0.095588544138,3
18.240000,0.093014452353,-0.050292423605,-0.056295804190,0.119792461315,3
18.250000,0.044060483348,-0.078930167599,0.047441781762,0.102088296130,3
18.260000,-0.024707189331,-0.023251631854,0.074517130255,0.081877263571,3
18.270000,-0.071445339049,0.036001709722,0.053157891887,0.096053740398,3
18.280000,-0.038897460801,0.065626532023,-0.013116923297,0.077407414624,3
18.290000,0.024493654273,0.029284952766,-0.079039093547,0.087776567869,3
18.300000,0.064237491492,-0.004390125616,-0.033849915557,0.072743008594,3
18.310000,0.058368793301,-0.078944165127,0.022775623025,0.100786041907,3
18.320000,-0.039286224453,-0.054645669554,0.039723281043,0.078150468262,3
18.330000,-0.060111557896,0.007803118384,0.057118470569,0.083287500439,3
18.340000,-0.065132234289,0.053821930950,0.001348689154,0.084503415062,3
18.350000,-0.031006388316,0.048853475754,-0.050981243547,0.077117737280,3
18.360000,0.060837930269,-0.007756013974,-0.069863569085,0.092964121022,3
18.370000,0.053474649015,-0.068004488526,-0.011020383298,0.087210076224,3
18.380000,0.034818914323,-0.070333797419,0.050521899647,0.093336285538,3
18.390000,-0.066353994243,0.029603674930,0.067050169823,0.098868374087,3
18.400000,-0.058242600622,0.072857002560,0.029963644401,0.097970216571,3
18.410000,-0.029875960291,0.093012045588,-0.045818227318,0.107903306633,3
18.420000,0.050500986304,0.025967782278,-0.082397291635,0.100069920570,3
18.430000,0.081327948677,-0.077689396077,-0.034994319879,0.117789982268,3
18.440000,0.071354269574,-0.077758753613,0.006675334072,0.105746941492,3
18.450000,-0.021851528099,-0.033149933817,0.038192020010,0.055091177014,3
18.460000,-0.062781245840,0.023337022275,0.036750644895,0.076398372614,3
18.470000,-0.036124918167,0.057346881212,-0.025313210981,0.072349382496,3
18.480000,0.019193962425,0.037343094209,-0.083106796446,0.093110979450,3
18.490000,0.058119359784,-0.028507110086,-0.073074924619,0.097624074465,3
18.500000,0.056026374964,-0.097547181414,-0.008519882242,0.112813987107,3
18.510000,-0.022424333845,-0.028722087173,0.079174809510,0.087157670350,3
18.520000,-0.072285777342,0.026591821009,0.040598780214,0.087066753157,3
18.530000,-0.075809288894,0.047611809098,0.007042812038,0.089797181747,3
18.540000,-0.009875575552,0.010292066818,-0.062122245769,0.063738740585,3
18.550000,0.048321206762,0.001057250199,-0.098240119260,0.109485970942,3
18.560000,0.056029272278,-0.062033098004,-0.028913872817,0.088449966881,3
18.570000,-0.023685542312,-0.076260774616,0.057207147094,0.098231198396,3
18.580000,-0.083070235342,-0.010327589600,0.068875247816,0.108402596226,3
18.590000,-0.074055336622,0.047710406805,0.008877702445,0.088539761692,3
18.600000,-0.022069153810,0.088139415941,-0.032712246724,0.096569639525,3
18.610000,0.035420151420,0.029039646622,-0.077960089739,0.090419377318,3
18.620000,0.087905542187,-0.036187970357,-0.034033573959,0.100971469744,3
18.630000,0.039807810022,-0.046536723885,0.052184259909,0.080458221401,3
18.640000,-0.010779531614,-0.036973480405,0.079332389255,0.088186532645,3
18.650000,-0.047095248504,0.039265912763,0.029893656243,0.068215870736,3
18.660000,-0.034839263911,0.072622604036,-0.021798908003,0.083444648222,3
18.670000,0.031601270866,0.036324717538,-0.060459599995,0.077288347480,3
18.680000,0.071545712995,-0.022058025340,-0.018980736871,0.077237386685,3
18.690000,0.060973945195,-0.040753293409,0.014355304630,0.074731035637,3
18.700000,-0.003818957795,-0.034443594649,0.049420813983,0.060360272578,3
18.710000,-0.037827392260,0.021355028809,0.048098633539,0.064810704431,3
18.720000,-0.040567331983,0.051435092349,0.007501802831,0.065935985583,3
18.730000,-0.012234093729,0.049302820817,-0.062705056923,0.080699227714,3
18.740000,0.048029998038,-0.016514283834,-0.064433048126,0.082044012413,3
18.750000,0.056454560910,-0.052643672487,-0.012169424716,0.078144536587,3
18.760000,0.009175619790,-0.050489343650,0.032775913831,0.060890281230,3
18.770000,-0.046229187824,-0.006420356408,0.049033054077,0.067694897706,3
18.780000,-0.072140218155,0.034506464883,-0.001029145976,0.079974785624,3
18.790000,-0.039024368565,0.055564838902,-0.034270203879,0.076057869665,3
18.800000,0.026217389441,0.005515433989,-0.061871443783,0.067422897275,3
18.810000,0.037495749299,-0.020689862614,-0.026780306482,0.050509270889,3
18.820000,0.015267870683,-0.057476409000,0.026944921004,0.065289158630,3
18.830000,-0.011925306718,-0.010403918876,0.042982726522,0.045803594265,3
18.840000,-0.031459959392,0.024958048585,0.028264673787,0.049107280707,3
18.850000,-0.034838328563,0.045178010162,-0.016553216681,0.059403457153,3
18.860000,0.027210161451,0.035607321286,-0.029564035576,0.053687115912,3
18.870000,0.038101126177,-0.028933188169,-0.042991417320,0.064320192449,3
18.880000,0.056809887023,-0.056182378826,0.001288799907,0.079909223243,3
18.890000,-0.018597427917,-0.024814803909,0.044244905091,0.054030088328,3
18.900000,-0.032200839847,0.005130348717,0.030802091349,0.044855137903,3
18.910000,-0.027391987198,0.039862061052,0.002799206294,0.048447295382,3
18.920000,0.005132446037,0.037316535062,-0.033125547081,0.050161416056,3
18.930000,0.047875489398,-0.011111242403,-0.031868732258,0.058575919016,3
18.940000,0.042674122092,-0.043346899293,-0.017914930320,0.063411190676,3
18.950000,0.017912395886,-0.046101542113,0.026225676287,0.055982070418,3
18.960000,-0.017569149236,0.003102392655,0.030930124766,0.035706756548,3
18.970000,-0.035542164945,0.042185994343,0.025112920987,0.060609920048,3
18.980000,-0.015672644599,0.042187885426,-0.019889421358,0.049204050112,3
18.990000,0.017031248914,0.005218405478,-0.043172422790,0.046702818811,3
19.000000,0.031905218209,-0.021814244602,-0.020844802832,0.043912526933,3
19.010000,0.014490890135,-0.038920095882,0.025308778065,0.048634288393,3
19.020000,-0.022887956118,0.000993638372,0.036182601800,0.042825535905,3
19.030000,-0.051229318202,0.020616120739,0.018929578598,0.058376334449,3
19.040000,-0.034806352858,0.022036955524,-0.019699511243,0.045663775044,3
19.050000,0.002028610779,0.016773120250,-0.032138006426,0.036308460194,3
19.060000,0.029331134505,-0.012939530671,-0.017014061371,0.036293597089,3
19.070000,0.032623819868,-0.038676929539,0.000321161949,0.050599621009,3
19.080000,-0.006317165328,-0.027546050954,0.027520922037,0.039447340223,3
19.090000,-0.043394604642,0.016515573547,0.038967178894,0.060615979020,3
19.100000,-0.022527474809,0.042336954896,0.000057297872,0.047957357665,3
19.110000,0.010521449209,0.020425264567,-0.025754457753,0.034513539665,3
19.120000,0.019731388658,-0.012099289701,-0.030974400643,0.038666962705,3
19.130000,0.046237920792,-0.026613633585,-0.006964113403,0.053802692193,3
19.140000,0.016576400399,-0.043932527209,0.034429018008,0.058225434976,3
19.150000,-0.013443391954,0.000553458135,0.036234977402,0.038652356855,3
19.160000,-0.018591816502,0.031358295796,0.008168477418,0.037359368027,3
19.170000,-0.010895541685,0.032021014138,-0.020090022710,0.039340401466,3
19.180000,0.026775030723,-0.006095363140,-0.034982636143,0.044472919328,3
19.190000,0.036212259691,-0.013676376508,-0.008236864727,0.039575459149,3
19.200000,0.010343995276,-0.031873783812,0.017687167073,0.037891584974,3
19.210000,-0.029448262072,-0.018717127659,0.036676756864,0.050623270350,3
19.220000,-0.053878256380,0.024526031670,0.021759714522,0.063070420295,3
19.230000,-0.028530816457,0.027023237184,-0.025531334346,0.046862691654,3
19.240000,0.002963444550,0.019445820897,-0.038164887416,0.042935772794,3
19.250000,0.026656733028,-0.019556684519,-0.019471762509,0.038369191551,3
19.260000,0.002074380323,-0.057259718771,0.000827636729,0.057303258459,3
19.270000,-0.015807710473,-0.020623556905,0.032659554360,0.041735611902,3
19.280000,-0.054486456771,-0.001906340080,0.029039988778,0.061771587742,3
19.290000,-0.047950472048,0.029547787121,0.002165841527,0.056364974611,3
19.300000,0.001329140667,0.030913503770,-0.034784146649,0.046554786955,3
19.310000,0.038147457135,-0.012108308533,-0.051022041306,0.064846652346,3
19.320000,0.035968700473,-0.038127832736,-0.004072720564,0.052574386308,3
19.330000,0.006314281745,-0.019491928677,0.034259690041,0.039919065611,3
19.340000,-0.022801244385,0.005425616383,0.058747401202,0.063250226929,3
19.350000,-0.028296447608,0.047181952724,0.021011172085,0.058892231767,3
19.360000,-0.007331544741,0.033593212431,-0.025523774861,0.042821940087,3
19.370000,0.030929768120,0.018716580496,-0.044591118214,0.057404954185,3
19.380000,0.043838991226,-0.032506161541,-0.022334750000,0.058969049063,3
19.390000,0.033593668444,-0.036447818908,0.017342080312,0.052514053473,3
19.400000,-0.009082722988,-0.011207288966,0.045117256051,0.047367351376,3
19.410000,-0.034019045385,0.034591799344,0.029847934091,0.056963033630,3
19.420000,-0.032864311618,0.053633312869,-0.014082322358,0.064458568325,3
19.430000,0.011663042191,0.015218524985,-0.039971591342,0.044332360306,3
19.440000,0.049030508293,-0.029733695066,-0.037861220655,0.068713575044,3
19.450000,0.007308069545,-0.059258748042,-0.009169408440,0.060407658050,3
19.460000,-0.013603340592,-0.018386469227,0.033920351776,0.040910920187,3
19.470000,-0.054129667944,0.033908971114,0.025161050682,0.068650693698,3
19.480000,-0.040990845354,0.049493733242,0.000465973087,0.064265824230,3
19.490000,-0.011069230827,0.024931924679,-0.049350960444,0.056388350180,3
19.500000,0.038294006097,0.001611114538,-0.037602428235,0.053693288241,3
19.510000,0.040924220587,-0.053862494795,-0.012041988640,0.068709312808,3
19.520000,0.000794533989,-0.030847782330,0.041966143456,0.052090058126,3
19.530000,-0.059284258739,0.019766889222,0.075314950862,0.097865699134,3
19.540000,-0.072903125138,0.047743022608,0.012554126165,0.088044692892,3
19.550000,-0.006876599498,0.036158299044,-0.037747313106,0.052721626086,3
19.560000,0.029846589455,0.006156598065,-0.050539211593,0.059016391878,3
19.570000,0.050409012561,-0.038830628106,-0.031117947398,0.070832286966,3
19.580000,0.054802927803,-0.044527605281,0.039785544427,0.081049109021,3
19.590000,-0.022478793822,-0.011543354208,0.057915997259,0.063188669368,3
19.600000,-0.024356755052,0.045917053649,0.017120450449,0.054724191690,3
19.610000,-0.019833694619,0.046255640712,-0.020046757653,0.054174091892,3
19.620000,0.045955813209,0.050189861993,-0.055869923404,0.088047756109,3
19.630000,0.067568420042,-0.031300682316,-0.067426708017,0.100456881568,3
19.640000,0.044923746631,-0.067094635931,0.025690251629,0.084733831560,3
19.650000,-0.004038054121,-0.061938686486,0.065543473249,0.090269893376,3
19.660000,-0.050431955453,0.020919200842,0.059058981509,0.080429835208,3
19.670000,-0.080283291875,0.060855690268,-0.020750418639,0.102856219385,3
19.680000,0.009933417844,0.021564522031,-0.053277603844,0.058328419076,3
19.690000,0.041395060654,-0.033425324597,-0.045908212819,0.070273518306,3
19.700000,0.057775608301,-0.046387414762,-0.023388041637,0.077696934653,3
19.710000,-0.009089387564,-0.070478139161,0.041756191618,0.082421869697,3
19.720000,-0.070483297429,-0.000555880382,0.048783107689,0.085720451558,3
19.730000,-0.086346865892,0.066004892248,0.025404767548,0.111614646281,3
19.740000,-0.040353936722,0.080435144049,-0.060774007636,0.108589744503,3
19.750000,0.017869193863,-0.000849858482,-0.060652327347,0.063235552985,3
19.760000,0.061779705933,-0.051646225393,-0.027081384440,0.084955671063,3
19.770000,0.017277813024,-0.061951085968,0.044100227456,0.077982625867,3
19.780000,-0.029546414911,-0.023811782604,0.057205372264,0.068647259528,3
19.790000,-0.049294639052,0.047882111089,0.046053723937,0.082726075031,3
19.800000,-0.026824831810,0.073040610896,-0.025068178399,0.081749104031,3
19.810000,0.034466181652,0.023537947766,-0.053830788317,0.068115390578,3
19.820000,0.079444478247,-0.042377202631,-0.055657692172,0.105853819603,3
19.830000,0.037812462595,-0.076192891202,0.033960404552,0.091588471297,3
19.840000,0.018702927145,-0.008465725658,0.084944461227,0.087390099484,3
19.850000,-0.066364824465,0.039687033471,0.057651065901,0.096452039644,3
19.860000,-0.059308027850,0.081429741573,-0.017107410764,0.102180763763,3
19.870000,0.022992188928,0.065568455244,-0.083730100076,0.108805297360,3
19.880000,0.053276346627,-0.017737280485,-0.054650835622,0.078356199903,3
19.890000,0.077575808179,-0.072533764170,-0.027961112921,0.109822478551,3
19.900000,0.017153648443,-0.044924008772,0.044334420186,0.065406077946,3
19.910000,-0.079109295516,0.021278718149,0.054620267860,0.098460337925,3
19.920000,-0.095344104162,0.053716647291,0.011504251006,0.110037830703,3
19.930000,-0.027662755569,0.037357798169,-0.053427059752,0.070818668749,3
19.940000,0.037982586177,-0.010591822668,-0.066285536874,0.077127400829,3
19.950000,0.060944354396,-0.068072959192,-0.029672480114,0.096065593122,3
19.960000,0.030694930066,-0.078086603488,0.048966795557,0.097146505048,3
19.970000,-0.045999128315,-0.007304389249,0.058679733502,0.074917187827,3
19.980000,-0.054339851401,0.044989060916,0.055461068019,0.089737200303,3
19.990000,-0.045450935877,0.074753699261,-0.026066837350,0.091287365690,3
20.000000,0.013836774389,0.039345117727,-0.038450839731,0.056727080750,3
20.010000,0.063073155413,-0.020478018363,-0.053002363511,0.084893007413,3
20.020000,0.050064452913,-0.083065523213,0.011821185680,0.097703996965,3
20.030000,-0.016946042595,-0.021915447095,0.056552764575,0.062973568758,3
20.040000,-0.039318898954,0.015105274070,0.066334958106,0.078577807215,3
20.050000,-0.021014105228,0.070059140667,-0.015680129977,0.074804694276,3
20.060000,0.010682501022,0.038952092886,-0.039130575977,0.056236850415,3
20.070000,0.086658845473,-0.012328816503,-0.073392625394,0.114228860965,3
20.080000,0.039020187129,-0.043681128431,-0.013024196990,0.060002047397,3
20.090000,0.016238259285,-0.059625429024,0.043291701881,0.075452265060,3
20.100000,-0.029293644605,0.013161478770,0.068229890672,0.075409947081,3
20.110000,-0.050198120049,0.058964183908,0.002480861398,0.077477615565,3
20.120000,-0.014090558930,0.054518637373,-0.034818371882,0.066205322237,3
20.130000,0.010572465397,0.015372092370,-0.053634895945,0.056787149175,3
20.140000,0.042817573462,-0.038917097561,-0.024267765765,0.062743999992,3
20.150000,0.003456080073,-0.059579670267,0.030102250929,0.066841806601,3
20.160000,-0.051832611843,-0.031507866525,0.057304469150,0.083445595977,3
20.170000,-0.043404232364,0.054372153223,0.030410775500,0.075928082419,3
20.180000,-0.054997255805,0.054167504881,-0.026184127641,0.081513344131,3
20.190000,0.013567875712,0.028650672248,-0.032776426270,0.045598710405,3
20.200000,0.044191747977,-0.029764963658,-0.012800938820,0.054797150341,3
20.210000,0.027431523998,-0.062582172269,0.012788396612,0.069516615875,3
20.220000,-0.025567847459,-0.031166872529,0.057359596292,0.070108573326,3
20.230000,-0.056615382913,0.012482596535,0.038743156164,0.069729111196,3
20.240000,-0.029508182702,0.047756834609,-0.011222181947,0.057248453830,3
20.250000,-0.001376519749,0.025658967963,-0.050293989405,0.056477985213,3
20.260000,0.041073402030,-0.009485961396,-0.033714893683,0.053978716861,3
20.270000,0.052362786872,-0.042656196773,-0.014237593560,0.069022616891,3
20.280000,0.011087004011,-0.037431133056,0.030342791101,0.049443870718,3
20.290000,-0.015583601344,-0.006064579597,0.052823825075,0.055407438599,3
20.300000,-0.037843737817,0.045269118771,0.000770527671,0.059008773238,3
20.310000,-0.005954329530,0.046905109301,-0.033859018532,0.058154762958,3
20.320000,0.039007065807,0.002141418302,-0.042258246812,0.057549077132,3
20.330000,0.045040777647,-0.056642766878,-0.024888750408,0.076527933381,3
20.340000,0.030624505631,-0.025925878162,0.026328499183,0.047991680246,3
20.350000,-0.018277069301,-0.007621145202,0.038849077635,0.043604861535,3
20.360000,-0.047150207610,0.029651457821,0.024232895064,0.060741947876,3
20.370000,-0.019407874145,0.032580378717,-0.017299910643,0.041682533085,3
20.380000,0.013222744957,0.016644236519,-0.041625038948,0.046738800379,3
20.390000,0.033343541765,-0.011275044491,-0.023666123828,0.042414665184,3
20.400000,0.022216209300,-0.046468578532,0.000634168091,0.051510104985,3
20.410000,-0.020016872760,-0.017483495522,0.047212752112,0.054179255926,3
20.420000,-0.050218369114,0.016305551595,0.026480499880,0.059067524776,3
20.430000,-0.037811339731,0.032870462446,-0.006162571904,0.050479124459,3
20.440000,0.003450342158,0.032324497775,-0.039795125254,0.051385114687,3
20.450000,0.030922875753,-0.006784324077,-0.024909128426,0.040282948961,3
20.460000,0.023985588822,-0.033495765951,-0.010629860779,0.042547253119,3
20.470000,0.001805995532,-0.020478820794,0.034769013669,0.040392177863,3
20.480000,-0.027126755261,-0.002228554987,0.024742998272,0.036783736512,3
20.490000,-0.042160105409,0.042848142055,-0.003692506297,0.060225180518,3
20.500000,-0.001365939730,0.035264308367,-0.014836408557,0.038282584224,3
20.510000,0.024409570724,0.005940936365,-0.029209436363,0.038526783417,3
20.520000,0.033620395753,-0.030931255696,-0.010284353576,0.046827785747,3
20.530000,0.017728165662,-0.035290369481,0.025826772464,0.047188136346,3
20.540000,-0.020896999085,-0.001817989506,0.030883326117,0.037333222318,3
20.550000,-0.033649753073,0.025454244145,0.032336515344,0.053158956456,3
20.560000,-0.013162068094,0.039408955586,-0.012433705051,0.043369376733,3
20.570000,0.012927223569,0.019465537131,-0.036437307581,0.043286229089,3
20.580000,0.041814607047,-0.008662677906,-0.021905168908,0.047993122173,3
20.590000,0.027166238380,-0.036248492531,0.012731051693,0.047053558799,3
20.600000,-0.012645073498,-0.010369176167,0.036361572948,0.039869558380,3
20.610000,-0.037764133338,0.012552970524,0.037094705690,0.054403345724,3
20.620000,-0.017484883565,0.020465380704,-0.017284355168,0.031989090237,3
20.630000,-0.004263632985,0.021075697086,-0.027073653314,0.034573780205,3
20.640000,0.019272464882,-0.003496834364,-0.024977236646,0.031741425672,3
20.650000,0.022550195464,-0.029936844680,0.000085224395,0.037479771185,3
20.660000,-0.003637154850,-0.017894926531,0.037347424091,0.041572675848,3
20.670000,-0.043428941270,0.010219218030,0.045814828621,0.063949228912,3
20.680000,-0.027048471226,0.033037753472,0.004277690923,0.042911671953,3
20.690000,-0.012328911140,0.016441291185,-0.010488917294,0.023072396749,3
20.700000,0.024511816030,-0.004679419080,-0.023869575857,0.034532343385,3
20.710000,0.025861732604,-0.034817303300,-0.017114932984,0.046626116645,3
20.720000,0.023876649691,-0.036137768679,0.023652225145,0.049350384800,3
20.730000,-0.019214545677,-0.006161551362,0.033009285608,0.038688194803,3
20.740000,-0.020722067592,0.025134001809,0.011495904395,0.034543855460,3
20.750000,-0.002049460572,0.031902933483,-0.001360989652,0.031997652199,3
20.760000,0.021936029682,0.018817734678,-0.025010924440,0.038220974320,3
20.770000,0.043232598307,-0.020202059286,-0.028372068942,0.055517159977,3
20.780000,0.029773715997,-0.030652734513,0.001794289470,0.042770127099,3
20.790000,-0.008847028786,-0.010057269905,0.031569702196,0.034293799629,3
20.800000,-0.019981314741,0.014156205233,0.020855381536,0.032165167874,3
20.810000,-0.032496210425,0.012629664317,-0.013069668908,0.037233430652,3
20.820000,-0.003708144123,0.024232750794,-0.039339566777,0.046352756748,3
20.830000,0.036831906660,-0.010925802201,-0.032137687442,0.050087857371,3
20.840000,0.023019811419,-0.028644161502,-0.001197094698,0.036767278138,3
20.850000,-0.015113024794,-0.029314830570,0.032670679114,0.046423443253,3
20.860000,-0.037853990853,0.013060869664,0.033823028261,0.052416678458,3
20.870000,-0.039778277143,0.043074392024,-0.004069133346,0.058773058683,3
20.880000,-0.022891344816,0.039222437596,-0.034679211600,0.057140712243,3
20.890000,0.018497462836,0.010557824842,-0.046069650238,0.050754669439,3
20.900000,0.034538592567,-0.028823240198,-0.001826304047,0.045022538117,3
20.910000,0.002904515277,-0.041790129532,0.032386022143,0.052950028947,3
20.920000,-0.034254473207,-0.011499738717,0.043268785035,0.056371984919,3
20.930000,-0.043083936073,0.043882929087,0.000780930745,0.061502413494,3
20.940000,-0.020904014874,0.044080683840,-0.021821292627,0.053443927041,3
20.950000,0.017241285870,0.007774469912,-0.048498849996,0.052056150182,3
20.960000,0.045944759412,-0.025734382868,-0.021052111090,0.056713056348,3
20.970000,0.038814207786,-0.047072245653,0.006166132965,0.061321776170,3
20.980000,0.007931435257,-0.024988277279,0.062031979901,0.067344548384,3
20.990000,-0.034605594856,0.024788044895,0.026588963563,0.050189315082,3
21.000000,-0.029555563551,0.034416516092,-0.003788411218,0.045523400315,3
21.010000,0.005657553455,0.033267860357,-0.067817472500,0.075749376368,3
21.020000,0.056250185634,0.000525983548,-0.031665445656,0.064552772916,3
21.030000,0.053655054057,-0.045993127068,-0.000975191195,0.070676612547,3
21.040000,0.015166692173,-0.036030476711,0.044763407389,0.059430517789,3
21.050000,-0.057042816630,0.004520268450,0.031311976884,0.065228488042,3
21.060000,-0.041789316130,0.050998130662,-0.002032191410,0.065964278784,3
21.070000,-0.005277654960,0.036525193379,-0.039121342960,0.053781250155,3
21.080000,0.032919973907,0.011965944422,-0.036481803735,0.050574998880,3
21.090000,0.041137486674,-0.040212555446,-0.028791987068,0.064329782719,3
21.100000,0.028220360521,-0.059522032228,0.039023508409,0.076564321176,3
21.110000,-0.036801275651,-0.013756249042,0.061653931727,0.073107972032,3
21.120000,-0.084884373339,0.049207265256,0.028640709800,0.102210576992,3
21.130000,-0.048227067082,0.071994086441,-0.029888241754,0.091664090444,3
21.140000,0.021605004437,0.030149315479,-0.051502483498,0.063468600481,3
21.150000,0.052660098301,-0.031193603516,-0.024418664244,0.065896874105,3
21.160000,0.036772229602,-0.070612859727,0.025107649667,0.083479140511,3
21.170000,-0.011410263328,-0.015298514823,0.068652495935,0.071255904058,3
21.180000,-0.060689918225,0.020105487439,0.049054898491,0.080584613080,3
21.190000,-0.037222531657,0.058391220414,-0.018215002904,0.071601940024,3
21.200000,0.021313105920,0.034932120418,-0.082049647909,0.091687764957,3
21.210000,0.067351110758,-0.028614061858,-0.054836129573,0.091443631615,3
21.220000,0.080806903265,-0.051170107668,0.015477890831,0.096890147274,3
21.230000,0.017667913606,-0.025439584815,0.057686144459,0.065475330540,3
21.240000,-0.049034314787,0.032525067896,0.066550104451,0.088832204018,3
21.250000,-0.068822058726,0.054219333930,-0.000295969913,0.087614493877,3
21.260000,0.000641032678,0.055001569058,-0.028130791012,0.061781266779,3
21.270000,0.046793170408,-0.004994331335,-0.048357292765,0.067475713452,3
21.280000,0.052302679589,-0.049805588597,-0.036720331142,0.081021908561,3
21.290000,0.008734327002,-0.046857143151,0.038014019906,0.060966761780,3
21.300000,-0.045170860603,-0.016138736112,0.073391199678,0.087676300339,3
21.310000,-0.110769078082,0.066816475373,0.033412462806,0.133606222577,3
21.320000,-0.036095545822,0.074534818051,-0.030641674906,0.088301980562,3
21.330000,0.032249574821,0.014490031138,-0.064531714175,0.073582186790,3
21.340000,0.050446656700,-0.038336040767,-0.050451361554,0.080992944610,3
21.350000,0.016813183485,-0.065282276644,0.009029873521,0.068014685169,3
21.360000,-0.042434701645,-0.056459497816,0.067579843693,0.097751798300,3
21.370000,-0.058155175287,0.043637921191,0.034598602544,0.080519288848,3
21.380000,-0.033018408304,0.081677341411,-0.019319190777,0.090192208750,3
21.390000,0.000191168813,0.023081305063,-0.045738974643,0.051233162994,3
21.400000,0.054856947992,-0.041493315255,-0.034194470233,0.076813031110,3
21.410000,0.054881009276,-0.077990027639,0.022981842847,0.098094519169,3
21.420000,-0.005139755035,-0.027731889078,0.053304087430,0.060305891009,3
21.430000,-0.033869838919,0.029243622126,0.070067715191,0.083137477323,3
21.440000,-0.040967805126,0.046881658464,0.000176741093,0.062259795973,3
21.450000,0.005589635152,0.049123595146,-0.052504532383,0.072118635192,3
21.460000,0.054191989014,0.013158956117,-0.045260045549,0.071822012799,3
21.470000,0.074189092589,-0.037712473447,-0.029796647763,0.088397354771,3
21.480000,0.019394209250,-0.072057902552,0.042881533579,0.086065687673,3
21.490000,-0.040901847414,0.011625023499,0.063805707697,0.076676402028,3
21.500000,-0.053770600679,0.044554260780,0.046850696726,0.084091304157,3
21.510000,-0.017560180231,0.068581392072,-0.024504229296,0.074914781730,3
21.520000,0.029072912604,0.004061790568,-0.075314468112,0.080833170771,3
21.530000,0.064007386769,-0.037923908951,-0.049306249044,0.089253989411,3
21.540000,0.032114612983,-0.072382273957,0.029644122774,0.084553627748,3
21.550000,-0.021709895412,-0.030827579680,0.064649541687,0.074841315248,3
21.560000,-0.061346166481,0.031216679592,0.043886540433,0.081632479185,3
21.570000,-0.054921813387,0.080736260175,-0.024150450015,0.100588237526,3
21.580000,0.009677085109,0.030143889925,-0.058012699962,0.066089132486,3
21.590000,0.032068145683,-0.018571165810,-0.053823493190,0.065346940145,3
21.600000,0.033625742621,-0.045936127869,0.006710517796,0.057322329502,3
21.610000,-0.005591039962,-0.027124071442,0.030334377989,0.041074925045,3
21.620000,-0.053488734192,-0.003920913207,0.033625592024,0.063301648358,3
21.630000,-0.042529691858,0.054664664435,0.014590964192,0.070780622090,3
21.640000,-0.010715358463,0.056765041645,-0.025216490001,0.063031422544,3
21.650000,0.050488341857,-0.014231904443,-0.041365347206,0.066803530723,3
21.660000,0.052935716663,-0.056089912558,-0.016749110196,0.078922753891,3
21.670000,0.008844473379,-0.055399474046,0.052049330122,0.076527506166,3
21.680000,-0.019372891872,-0.001387193347,0.046205571124,0.050121732290,3
21.690000,-0.033257228205,0.051392285959,0.023481436596,0.065563619093,3
21.700000,-0.025889377817,0.038732854414,-0.020792181009,0.051017729134,3
21.710000,0.020734523444,0.012170456269,-0.037755841859,0.044760965838,3
21.720000,0.047084783542,-0.028260384679,-0.020902274384,0.058758244169,3
21.730000,0.035785883626,-0.048678062305,0.019936082717,0.063620991903,3
21.740000,-0.021203599880,-0.004237113857,0.041709728970,0.046981350263,3
21.750000,-0.048379211977,0.021187365356,0.029112588471,0.060307507076,3
21.760000,-0.037340255321,0.040873133118,-0.004871756965,0.055575549428,3
21.770000,0.005568599859,0.021842906875,-0.034582092488,0.041280055790,3
21.780000,0.029065846938,-0.013813419444,-0.029101050727,0.043387845860,3
21.790000,0.028893049605,-0.035811482080,-0.002488093713,0.046081028359,3
21.800000,-0.010768079590,-0.025395784011,0.041621916719,0.049932768148,3
21.810000,-0.045202014189,0.002916004668,0.036667497159,0.058277186942,3
21.820000,-0.035306356708,0.035307721350,0.005104825707,0.050191964062,3
21.830000,-0.014822586010,0.025971920890,-0.021731087452,0.036966064067,3
21.840000,0.014963224637,0.010293301355,-0.041220773128,0.045044447844,3
21.850000,0.031627944509,-0.034256425344,-0.004748843407,0.046865563743,3
21.860000,0.015471581278,-0.027706442388,0.015188735737,0.035181166416,3
21.870000,-0.010884306414,0.005578470558,0.028103700526,0.030649721746,3
21.880000,-0.043698316437,0.031834216500,0.015858615771,0.056342309979,3
21.890000,-0.013892279877,0.040516135168,-0.013362505488,0.044867685499,3
21.900000,0.025931041111,-0.001773832924,-0.038960995484,0.046835078151,3
21.910000,0.050836976933,-0.020263792899,-0.016401954037,0.057131809201,3
21.920000,0.023225827941,-0.029052398065,0.025077850721,0.044859553204,3
21.930000,-0.003544572296,-0.010357894839,0.041048698008,0.042483474274,3
21.940000,-0.025873063113,0.012406809288,0.023164470702,0.036877323852,3
21.950000,-0.020153279189,0.035338686991,-0.012458318976,0.042546294457,3
21.960000,0.009601985335,0.021269328655,-0.035934294856,0.042846890326,3
21.970000,0.021912028005,-0.002791950112,-0.021078218758,0.030532331433,3
21.980000,0.019881209398,-0.033080282551,-0.005320508609,0.038959920337,3
21.990000,0.000928170586,-0.021680395785,0.024726236517,0.032898143326,3
22.000000,-0.023016838119,0.005782880791,0.023498766447,0.033397733034,3
22.010000,-0.028303821022,0.025259573333,0.000842710080,0.037945520021,3
22.020000,-0.004539207080,0.017405150864,-0.018909034842,0.026097802133,3
22.030000,0.011879107062,-0.007314833600,-0.030378136931,0.033428299068,3
22.040000,0.017180155161,-0.017798594347,-0.007086009820,0.025732454746,3
22.050000,-0.003895192047,-0.019146805119,0.006382482003,0.020555017486,3
22.060000,-0.014670775088,-0.001604622502,0.021220201080,0.025847696009,3
22.070000,-0.034986941958,0.024110849095,0.019191733073,0.046623403672,3
22.080000,-0.011720336895,0.039138627137,-0.016793421217,0.044172586830,3
22.090000,0.009655068967,-0.000891062740,-0.029511146125,0.031063195186,3
22.100000,0.036518579217,-0.014089916271,-0.011734035517,0.040863430571,3
22.110000,0.013982297312,-0.019489015270,0.015483974489,0.028549602804,3
22.120000,-0.007118179347,-0.001616121497,0.020599910643,0.021854899781,3
22.130000,-0.012337073295,0.019904115749,0.019841607435,0.030693103245,3
22.140000,-0.013413380027,0.026941183898,-0.011614016117,0.032258820870,3
22.150000,0.015890694889,0.024232005737,-0.023891398860,0.037556666859,3
22.160000,0.031971898326,-0.003393467196,-0.029955173319,0.043943489970,3
22.170000,0.026331997668,-0.022408784899,-0.000037610043,0.034576424864,3
22.180000,0.006479938514,-0.009424872498,0.019871370594,0.022927912989,3
22.190000,-0.016741300954,0.010214492985,0.016783704292,0.025812782770,3
22.200000,-0.031823996561,0.022659433276,-0.000276512645,0.039067801739,3
22.210000,-0.003049485000,0.021455848840,-0.016335478428,0.027138545718,3
22.220000,0.019521993351,-0.005680903151,-0.028035882665,0.034632233566,3
22.230000,0.025685694416,-0.021761226810,-0.002901929919,0.033789452307,3
22.240000,0.002832586144,-0.025552555558,0.012204165597,0.028458712159,3
22.250000,-0.026098460517,-0.005949779952,0.028259984076,0.038925007679,3
22.260000,-0.028623714224,0.039006746579,0.010126514838,0.049430654430,3
22.270000,-0.010375323483,0.031037161691,-0.019086087996,0.037884449293,3
22.280000,0.008668405203,-0.004256767491,-0.037030995678,0.038269517363,3
22.290000,0.024444977711,-0.036117050378,-0.014170184289,0.045856214258,3
22.300000,0.012028259860,-0.033003056965,0.019730957914,0.040288850871,3
22.310000,-0.013536171571,-0.010459879132,0.039785464770,0.043307276746,3
22.320000,-0.040988548871,0.010415337450,0.017465856713,0.045755836169,3
22.330000,-0.027466678262,0.046414023010,-0.012886282347,0.055450304052,3
22.340000,0.016110526343,0.015237026868,-0.017360632426,0.028162166199,3
22.350000,0.033241109829,-0.013637828663,-0.034809528868,0.050026643435,3
22.360000,0.035631911776,-0.036671730656,0.010308583946,0.052160481872,3
22.370000,0.005249952407,-0.017529613010,0.038668455839,0.042779654154,3
22.380000,-0.032359148012,0.011700067684,0.036110423737,0.049879542363,3
22.390000,-0.022455058677,0.059243122736,0.003544150094,0.063455009665,3
22.400000,0.005487425788,0.038644749507,-0.028446930242,0.048298616403,3
22.410000,0.044965274741,-0.003100277364,-0.042749769360,0.062121094909,3
22.420000,0.034004420206,-0.034187851750,-0.009095370336,0.049069701062,3
22.430000,0.010815403503,-0.033203713638,0.023931911473,0.042334335226,3
22.440000,-0.022110199382,-0.005100357528,0.043930555614,0.049444598089,3
22.450000,-0.042499264508,0.038927382286,0.024043137468,0.062446785623,3
22.460000,-0.025406493799,0.032980138397,-0.019296271862,0.045886006186,3
22.470000,0.012191748859,0.006142426757,-0.042672135605,0.044802670722,3
22.480000,0.034116204484,-0.035202563256,-0.021531239303,0.053541854041,3
22.490000,0.009064908599,-0.044748880057,0.023494898227,0.051348272386,3
22.500000,-0.029424984365,-0.018484827051,0.035551392733,0.049713379097,3
22.510000,-0.056975558077,0.033556487615,0.026961937998,0.071408670200,3
22.520000,-0.045003200132,0.047822863084,0.003727497351,0.065773919544,3
22.530000,0.017075131207,0.006245399701,-0.055428922510,0.058334642999,3
22.540000,0.053907316175,-0.016850430552,-0.031876084724,0.064853839704,3
22.550000,0.050660514738,-0.042535521528,0.000363670910,0.066150514750,3
22.560000,0.005979446593,-0.031151592837,0.026557871073,0.041370231251,3
22.570000,-0.020275395375,0.020738393479,0.045137424720,0.053652210877,3
22.580000,-0.034019594782,0.055065844255,0.015961490821,0.066665952494,3
22.590000,0.005146569412,0.044083753308,-0.060156101399,0.074757080053,3
22.600000,0.048578489242,-0.018320792873,-0.046592539037,0.069759485107,3
22.610000,0.065659927360,-0.064241261043,0.009048645073,0.092304082569,3
22.620000,0.024038791160,-0.055606898710,0.044101529905,0.074932873991,3
22.630000,-0.035660364283,0.001475634353,0.048910876818,0.060548434733,3
22.640000,-0.054315708129,0.060431032483,0.007979971629,0.081644263630,3
22.650000,-0.022668422234,0.043545626490,-0.023264783926,0.054326136657,3
22.660000,0.046058319901,0.006425500346,-0.048672933638,0.067317979439,3
22.670000,0.067218885478,-0.029755146205,-0.043493127554,0.085413110440,3
22.680000,0.013542083656,-0.063143609667,0.004759316401,0.064754571763,3
22.690000,-0.032882334087,-0.032608875335,0.035286113848,0.058221099922,3
22.700000,-0.063033776324,0.021550146689,0.038587622423,0.076984871139,3
22.710000,-0.041360015780,0.059682831358,-0.033927942252,0.080148590316,3
22.720000,0.005527957734,0.031849699803,-0.062136390569,0.070042078261,3
22.730000,0.047577504873,-0.017717847143,-0.053644769377,0.073860018676,3
22.740000,0.035436358851,-0.071847117748,0.003545040306,0.080189221022,3
22.750000,-0.003435064072,-0.060108295869,0.069330000181,0.091822959125,3
22.760000,-0.060055579995,0.013124536760,0.057949108024,0.084480916629,3
22.770000,-0.060172731371,0.056796434255,-0.006598128994,0.083006794005,3
22.780000,0.006904802890,0.027739692297,-0.069963198837,0.075577880516,3
22.790000,0.034927966447,0.003758149224,-0.055646071396,0.065807080072,3
22.800000,0.063440232550,-0.077790634360,0.005674012879,0.100539744988,3
22.810000,0.022371601374,-0.039135893073,0.037479204362,0.058624205191,3
22.820000,-0.014031488254,-0.009296809278,0.065867943056,0.067984551538,3
22.830000,-0.058197666264,0.046709226862,0.011486714051,0.075502747184,3
22.840000,-0.015322457744,0.067570013157,-0.045618722175,0.082955121615,3
22.850000,0.072563352046,0.030850588431,-0.039033805651,0.087982025723,3
22.860000,0.071844083300,-0.041956692792,-0.035948979214,0.090632585099,3
22.870000,0.043966591388,-0.049199733462,0.023361140315,0.069995841361,3
22.880000,-0.023830834654,-0.012062770848,0.056988461830,0.062937301360,3
22.890000,-0.058605504598,0.057459484467,0.041623456239,0.092025592276,3
22.900000,-0.039599609508,0.046859116601,-0.015451162585,0.063266454832,3
22.910000,0.024593053574,0.034678079546,-0.060677990400,0.074089176026,3
22.920000,0.055109025028,-0.029937596973,-0.036485480540,0.072556561676,3
22.930000,0.037182363991,-0.049289738302,-0.002357846062,0.061786454275,3
22.940000,-0.023955397032,-0.028501386962,0.037535873279,0.052869006880,3
22.950000,-0.066383097340,0.020801462429,0.074669221749,0.102053462108,3
22.960000,-0.079831374897,0.057745597001,-0.019883659939,0.100513493241,3
22.970000,-0.017519908675,0.062983143098,-0.066909533864,0.093545225620,3
22.980000,0.038678133551,-0.005748706443,-0.039652569615,0.055689962451,3
22.990000,0.030515304181,-0.051907136327,-0.020122828446,0.063485926122,3
23.000000,0.010333893559,-0.043511647842,0.055402172642,0.071200095417,3
23.010000,-0.036070838965,0.015578550787,0.062326708686,0.073677780123,3
23.020000,-0.044390858179,0.031254898264,0.013394893334,0.055918155574,3
23.030000,0.004504227717,0.027370327060,-0.042649111999,0.050876022103,3
23.040000,0.035576663028,0.011048841562,-0.061965276329,0.072301253950,3
23.050000,0.049574550941,-0.030721953361,-0.019656079269,0.061545397647,3
23.060000,0.038211386372,-0.044726738633,0.012128427564,0.060064048751,3
23.070000,-0.025389005054,-0.013104716199,0.073195129452,0.078573927863,3
23.080000,-0.048252787487,0.045022187297,0.010132290828,0.066768197270,3
23.090000,-0.029478040130,0.055771268625,-0.007618276642,0.063540753796,3
23.100000,0.020841322219,0.029074964339,-0.050161618134,0.061610893493,3
23.110000,0.061714840977,-0.024011467093,-0.024913214261,0.070752670575,3
23.120000,0.049391356321,-0.046934874555,0.015635771421,0.069906121882,3
23.130000,0.005684602979,-0.041879706261,0.043684139347,0.060782633523,3
23.140000,-0.047275517300,0.019163968328,0.044251366211,0.067530849466,3
23.150000,-0.050569548058,0.067101304936,-0.000086996394,0.084023043764,3
23.160000,-0.002966024475,0.040161326748,-0.047163300199,0.062016984392,3
23.170000,0.017716161738,-0.013953365992,-0.046381971944,0.051573696112,3
23.180000,0.029600238949,-0.040725838889,-0.004710375190,0.050566349814,3
23.190000,-0.007028623850,-0.042669349970,0.029365004391,0.052272157627,3
23.200000,-0.031960138278,-0.009245392095,0.029340620271,0.044359888544,3
23.210000,-0.061082104766,0.025697362333,0.016230899092,0.068226241571,3
23.220000,-0.018850309702,0.022836602805,-0.023303339910,0.037681431163,3
23.230000,0.026945259538,0.004396091023,-0.035973359996,0.045160328357,3
23.240000,0.047985731270,-0.032063659775,-0.008291361478,0.058304848502,3
23.250000,0.009556877674,-0.048003430583,0.025696012746,0.055280632501,3
23.260000,-0.020225391702,-0.024984213402,0.038859413732,0.050431452729,3
23.270000,-0.038607270570,0.014054603194,0.027569016925,0.049478317534,3
23.280000,-0.021307458953,0.041486772331,-0.014321495853,0.048787962952,3
23.290000,0.024256824139,0.018826435241,-0.027904558965,0.041490873602,3
23.300000,0.040160152481,-0.017778395974,-0.022541030349,0.049366053720,3
23.310000,0.038551939755,-0.034185051212,-0.002176257672,0.051571366889,3
23.320000,0.001771590998,-0.018355258496,0.031743090020,0.036710731580,3
23.330000,-0.017781160903,0.019486433919,0.027580456758,0.038165067600,3
23.340000,-0.023364931961,0.026056635603,0.003365059326,0.035159521168,3
23.350000,-0.000973724724,0.019688525179,-0.028726108566,0.034839280660,3
23.360000,0.029219569870,-0.006391096062,-0.029351395445,0.041906249973,3
23.370000,0.013831911922,-0.031863539131,-0.002408388702,0.034819638848,3
23.380000,0.001327487003,-0.022595469366,0.027144557259,0.035343237633,3
23.390000,-0.023178359403,0.003757551446,0.023443761169,0.033180799798,3
23.400000,-0.028986402684,0.018644436047,-0.002911950024,0.034587656599,3
23.410000,-0.017661748425,0.028299475505,-0.024063666968,0.041132198327,3
23.420000,0.011688298954,-0.001423355843,-0.030770002696,0.032945945733,3
23.430000,0.023235721833,-0.028399440092,-0.012915495023,0.038900346764,3
23.440000,0.000635594852,-0.028780813352,0.011736714777,0.031088417003,3
23.450000,-0.018428050248,-0.000149978856,0.020651369577,0.027678413882,3
23.460000,-0.023487219788,0.006251736362,0.008379930319,0.025709082696,3
23.470000,-0.010934814442,0.022856429860,-0.008261981645,0.026650457661,3
23.480000,0.004601009214,0.006623552354,-0.027303607078,0.028469768018,3
23.490000,0.022475612526,-0.009237741960,-0.011614975808,0.026933189525,3
23.500000,0.012959072378,-0.023948668653,0.007789465469,0.028322289092,3
23.510000,0.001019383439,-0.010490873650,0.018247006888,0.021072513683,3
23.520000,-0.012219374991,0.009869698246,0.014976980652,0.021703318135,3
23.530000,-0.010956130108,0.028896284750,0.000342443226,0.030905490235,3
23.540000,0.006748221128,0.015216506843,-0.017115614412,0.023875192682,3
23.550000,0.017831932838,-0.005047072908,-0.020566514498,0.027684513582,3
23.560000,0.025926373380,-0.023189315921,0.001899933614,0.034835771231,3
23.570000,0.004213015491,-0.022817347264,0.015113025172,0.027690871520,3
23.580000,-0.017779734071,-0.000339177246,0.013983561349,0.022622421905,3
23.590000,-0.025123210627,0.014194302777,0.005946447541,0.029462080407,3
23.600000,-0.002588768921,0.015061727109,-0.002198059945,0.015439845063,3
23.610000,0.007764092502,-0.006708226503,-0.033944966587,0.035461841348,3
23.620000,0.019958971472,-0.015337969730,-0.012721005361,0.028203507496,3
23.630000,0.005909576781,-0.020076704191,0.011467153537,0.023864047418,3
23.640000,-0.008643558539,-0.007843162463,0.014234771099,0.018408014827,3
23.650000,-0.026016317507,0.011819747024,0.010905337166,0.030585643283,3
23.660000,-0.010177996926,0.028829255539,-0.014325090842,0.033762787562,3
23.670000,0.008583022287,0.001412000923,-0.019996544028,0.021806508002,3
23.680000,0.015804707638,-0.002933678262,-0.021109259797,0.026532924845,3
23.690000,0.019144765673,-0.025400087044,0.007333596385,0.032641509010,3
23.700000,-0.005958463160,-0.024569659824,0.025212725464,0.035705083566,3
23.710000,-0.017305137611,0.003465898813,0.017041660674,0.024533618584,3
23.720000,-0.012744475626,0.028622971459,0.003646819967,0.031543548469,3
23.730000,0.010572753103,0.018901356132,-0.025289500645,0.033295693635,3
23.740000,0.022123172157,-0.005533742662,-0.018140976889,0.029140214423,3
23.750000,0.043515108114,-0.030440448341,-0.001754694800,0.053134400187,3
23.760000,0.002347530368,-0.014592797749,0.024901893321,0.028957985703,3
23.770000,-0.009486567544,0.009117321134,0.022648188882,0.026192765568,3
23.780000,-0.016261721655,0.029572059229,0.009559094685,0.035076011310,3
23.790000,-0.003013063895,0.021673781555,-0.021891145565,0.030952441181,3
23.800000,0.021152472764,-0.001257205657,-0.025807340294,0.033392012266,3
23.810000,0.033060355075,-0.025678129293,-0.014926806048,0.044442805273,3
23.820000,0.013293029925,-0.022266736134,0.016979785425,0.030997182061,3
23.830000,-0.019593304338,0.000245193662,0.030482629561,0.036237389528,3
23.840000,-0.025738302481,0.030143987229,0.018853920948,0.043892943804,3
23.850000,-0.014864248330,0.026254444139,-0.005624197448,0.030689954584,3
23.860000,0.013453355807,0.004861713071,-0.046428720346,0.048582456808,3
23.870000,0.031102195409,-0.005968449064,-0.022672954572,0.038949092576,3
23.880000,0.019759035121,-0.044719322961,0.005967097564,0.049252853403,3
23.890000,-0.015536497299,-0.017097325383,0.034582870717,0.041589376415,3
23.900000,-0.038562392283,0.017013083596,0.029478120516,0.051434061683,3
23.910000,-0.050326169834,0.039356102379,-0.013505330784,0.065299464961,3
23.920000,-0.001648233785,0.017537649727,-0.040109010237,0.043806603780,3
23.930000,0.037347835643,-0.015453277736,-0.027326857610,0.048789566168,3
23.940000,0.030765972839,-0.044135655773,-0.001895014273,0.053833932369,3
23.950000,0.004580120615,-0.030327345534,0.030336865185,0.043139897789,3
23.960000,-0.028567254079,0.002332473078,0.042959053068,0.051643089342,3
23.970000,-0.031135244297,0.043634371646,0.003794505975,0.053737883304,3
23.980000,-0.007833630128,0.020222379435,-0.018782225304,0.028689412304,3
23.990000,0.030428526445,0.013804905290,-0.036773452375,0.049686592067,3
24.000000,0.062385858907,-0.038742122417,-0.010244638591,0.074147825732,3
24.010000,0.021878906394,-0.044667586772,0.016952489252,0.052547756802,3
24.020000,-0.023960922993,-0.015292480463,0.055708654522,0.062541506042,3
24.030000,-0.041844258335,0.036030914243,0.031106981139,0.063378332357,3
24.040000,-0.015394749657,0.048503129852,-0.010152135978,0.051890440231,3
24.050000,0.011028963130,0.019157375517,-0.037776318280,0.043768633600,3
24.060000,0.054575681275,-0.024063582060,-0.027863955316,0.065832825961,3
24.070000,0.023333982142,-0.048561585515,0.008695442512,0.054573922626,3
24.080000,-0.005803848101,-0.027859478115,0.042018226517,0.050748069257,3
24.090000,-0.037205574589,0.026122052985,0.043736463734,0.063083236225,3
24.100000,-0.040361528416,0.052638348795,-0.003429520354,0.066419954455,3
24.110000,0.001500143754,0.034464071070,-0.052900641272,0.063154576026,3
24.120000,0.033421423700,-0.000705201342,-0.052599904614,0.062323661931,3
24.130000,0.041139431091,-0.046534388168,0.007387912067,0.062549846661,3
24.140000,0.009516702612,-0.026497534355,0.020962682092,0.035101581104,3
24.150000,-0.044961473156,0.015256065148,0.047391690512,0.067083931920,3
24.160000,-0.059271501427,0.032328018519,0.021272889889,0.070786633675,3
24.170000,-0.024569908060,0.041890116818,-0.045741957072,0.066714233158,3
24.180000,0.028085288326,0.016691470376,-0.036444688408,0.048944906955,3
24.190000,0.065894973209,-0.039175505471,-0.011192335849,0.077473454195,3
24.200000,0.034938210527,-0.041794335627,0.035524047073,0.065033860148,3
24.210000,0.000490943001,-0.005769444512,0.051045420088,0.051372779047,3
24.220000,-0.036878810762,0.032917875115,0.015220743576,0.051723343089,3
24.230000,-0.030743007004,0.049126050552,-0.015649533024,0.060028403330,3
24.240000,0.023513196995,0.024498249780,-0.061621153706,0.070357666670,3
24.250000,0.057582631540,-0.040060059727,-0.026093662663,0.074842815765,3
24.260000,0.059051130294,-0.048524872797,0.007897335421,0.076837927976,3
24.270000,-0.022819120181,-0.030903150117,0.051417410819,0.064183074625,3
24.280000,-0.055549146035,0.022491326786,0.040050460291,0.072080557541,3
24.290000,-0.036595059502,0.064617925678,-0.003177241353,0.074328793623,3
24.300000,-0.012548147951,0.031058299857,-0.045880839241,0.056807793624,3
24.310000,0.040343928473,0.006046910520,-0.058519656066,0.071335459889,3
24.320000,0.046153117091,-0.057780377067,-0.022870321938,0.077406290551,3
24.330000,0.001109895700,-0.044205929644,0.036788997684,0.057522399417,3
24.340000,-0.034670337837,0.002485201025,0.028667919312,0.045056166587,3
24.350000,-0.071410196875,0.042241304693,-0.000348992280,0.082969065534,3
24.360000,-0.036871011295,0.021075364538,-0.038897343479,0.057590327261,3
24.370000,0.036595477196,-0.012148393386,-0.066714406740,0.077055982764,3
24.380000,0.036756183695,-0.036493237439,-0.029285159199,0.059501209802,3
24.390000,0.034712338503,-0.057547214954,0.022597822877,0.070903384913,3
24.400000,-0.048029202499,-0.012739244954,0.046673540496,0.068172663415,3
24.410000,-0.038160752098,0.061910461150,0.024812800253,0.076842847792,3
24.420000,-0.019277776445,0.056341822133,-0.016226729012,0.061719853535,3
24.430000,0.026668887177,0.027478166119,-0.041578029074,0.056524434170,3
24.440000,0.068273922062,-0.021952071438,-0.038964499380,0.081617731444,3
24.450000,0.037426081975,-0.049486168423,0.038223583754,0.072874102617,3
24.460000,-0.008674646179,-0.005343467195,0.060109856432,0.060967179435,3
24.470000,-0.031739422821,0.011395544214,0.040188133236,0.052462705248,3
24.480000,-0.025570917022,0.053409961027,-0.004528691123,0.059388591308,3
24.490000,0.016385355300,0.038158276979,-0.033549726481,0.053386497518,3
24.500000,0.035354598481,-0.013386310491,-0.028380194604,0.047271306181,3
24.510000,0.058656374769,-0.056256109854,-0.001617485350,0.081289214880,3
24.520000,0.012891451237,-0.027056400735,0.033885038397,0.045237530469,3
24.530000,-0.037058528839,0.008434841169,0.050933960033,0.063551155692,3
24.540000,-0.041517532796,0.055198635964,0.011993546100,0.070103067621,3
24.550000,-0.021151092424,0.027851194274,-0.028770216299,0.045285572527,3
24.560000,0.032298936856,-0.008570931227,-0.036464705982,0.049460660797,3
24.570000,0.029084169407,-0.047811362496,-0.011729395847,0.057178615065,3
24.580000,0.009538367491,-0.037634531450,0.029013361709,0.048467654880,3
24.590000,-0.025464912145,-0.007294757833,0.034297962164,0.043336191007,3
24.600000,-0.049608973534,0.047046283914,0.028026197493,0.073890938762,3
24.610000,-0.033161209349,0.033720073883,-0.033954348748,0.058220331389,3
24.620000,0.007108821272,0.011668318695,-0.046427412468,0.048396173708,3
24.630000,0.045680934735,-0.030372888839,-0.032445801719,0.063733744781,3
24.640000,0.020903660027,-0.030271990430,0.001947208616,0.036839490068,3
24.650000,-0.005151213556,-0.015268788940,0.045567304243,0.048332702519,3
24.660000,-0.030931048214,0.014489496537,0.031212319567,0.046269689282,3
24.670000,-0.030833017557,0.019655827442,-0.007974676034,0.037424884528,3
24.680000,0.017972543731,0.017273099545,-0.018227712155,0.030880767258,3
24.690000,0.044860058923,0.003365012923,-0.038529034504,0.059230352847,3
24.700000,0.025122205963,-0.036004798821,0.003339773459,0.044029817821,3
24.710000,0.000187988521,-0.027237921255,0.029448197038,0.040114037478,3
24.720000,-0.008770213328,0.009084432641,0.038411146848,0.040433399071,3
24.730000,-0.028856249032,0.035042200631,0.011171231838,0.046748640130,3
24.740000,-0.004047908908,0.029864759806,-0.021322967917,0.036918266557,3
24.750000,0.020936690876,0.008693517610,-0.029675465187,0.037343747902,3
24.760000,0.026825394626,-0.027834191417,-0.021658204110,0.044310515839,3
24.770000,0.002032777685,-0.029744881632,0.017926724833,0.034788757259,3
24.780000,-0.026606406645,-0.008558261476,0.016991503669,0.032708651929,3
24.790000,-0.033787666289,0.021620276374,0.010833611415,0.041550088809,3
24.800000,-0.023186637430,0.024756516990,-0.016662784982,0.037790920764,3
24.810000,0.004097488274,0.005112185545,-0.023082125994,0.023993924056,3
24.820000,0.018995843284,-0.023217479669,-0.027372479686,0.040609679492,3
24.830000,0.017784253799,-0.027114893373,0.008728611570,0.033581033125,3
24.840000,-0.009183119073,-0.008056766275,0.024414965141,0.027300763388,3
24.850000,-0.026704369794,0.007696950706,0.011347857378,0.030018998707,3
24.860000,-0.017907529480,0.028199483297,-0.004459809334,0.033701340768,3
24.870000,0.005624230908,0.019260033088,-0.023196725469,0.030670326382,3
24.880000,0.027762851034,-0.010628607454,-0.024220075360,0.038345211493,3
24.890000,0.021318308642,-0.021036217702,0.003341337511,0.030135647909,3
24.900000,-0.003309954464,-0.011214117346,0.015771536872,0.019632972310,3
24.910000,-0.012308940335,0.006055403146,0.017092161707,0.021916202026,3
24.920000,-0.010997339302,0.018044754394,0.006013478023,0.021970811336,3
24.930000,0.002699712804,0.025294080448,-0.010847411445,0.027654028459,3
24.940000,0.017934000476,0.007165659683,-0.020364549833,0.028065814467,3
24.950000,0.030288603763,-0.015436922157,-0.002338821059,0.034075917707,3
24.960000,0.002377175060,-0.010588937705,0.013990645956,0.017706347372,3
24.970000,-0.004351298417,-0.007895817167,0.019448054124,0.021436056910,3
24.980000,-0.025952073143,0.018757900381,0.012884400128,0.034516325033,3
24.990000,-0.009655352376,0.014180780582,-0.006877579351,0.018483004765,3
25.000000,0.006534709236,0.002832844912,-0.011131569633,0.013215115496,3
25.010000,0.009905073010,-0.006719441868,-0.009245045558,0.015123896248,3
25.020000,0.006981122213,-0.015222405194,0.008402327673,0.018736509749,3
25.030000,-0.016546466696,-0.012742438383,0.022425912139,0.030644360514,3
25.040000,-0.024630042186,0.006602041230,0.015946331737,0.030075096381,3
25.050000,-0.013821703043,0.016198383627,-0.000546435082,0.021300837975,3
25.060000,0.004066873969,0.008129123803,-0.016195831244,0.018572212237,3
25.070000,0.019385994505,-0.003535858925,-0.015343537759,0.024974851997,3
25.080000,0.009849024704,-0.017747210886,-0.000105752516,0.020297240341,3
25.090000,0.003052640775,-0.016422930914,0.014660484588,0.022225235293,3
25.100000,-0.021457908202,-0.001279435355,0.023075805717,0.031536829085,3
25.110000,-0.011280007633,0.022746427616,0.003518279963,0.025632339640,3
25.120000,0.002856195639,0.013827879941,-0.009163652016,0.016832725135,3
25.130000,0.011556475045,-0.000850346068,-0.021241144175,0.024196309838,3
25.140000,0.022406532173,-0.014527842333,-0.011495614249,0.029073356081,3
25.150000,0.017394760424,-0.017551723212,0.012532649582,0.027707543801,3
25.160000,-0.006711784363,-0.004943677340,0.023911552337,0.025322921043,3
25.170000,-0.012665509193,0.018080805524,0.016099619746,0.027322672042,3
25.180000,-0.006500130020,0.020049816467,-0.008004355801,0.022545876395,3
25.190000,0.010678084082,0.009210743087,-0.020416218224,0.024812924745,3
25.200000,0.018022346417,-0.013866856514,-0.011658380579,0.025554109604,3
25.210000,0.010667959675,-0.030024711875,0.008572934167,0.032996725399,3
25.220000,-0.008167315288,-0.011409486162,0.022890079617,0.026848410723,3
25.230000,-0.020100062546,0.012867141105,0.013347113707,0.027344492661,3
25.240000,-0.027948435353,0.026176430270,-0.003704205818,0.038471309844,3
25.250000,0.002759515102,0.022532114698,-0.016709507897,0.028187209343,3
25.260000,0.011287861121,-0.004174261172,-0.022635336456,0.025635887375,3
25.270000,0.018778023509,-0.023185886153,0.004433229344,0.030163769759,3
25.280000,-0.008713276275,-0.016389529766,0.016526271920,0.024852676576,3
25.290000,-0.025775496366,-0.001008947691,0.024359158150,0.035479046974,3
25.300000,-0.029047029912,0.014344044733,0.002721142486,0.032509785949,3
25.310000,-0.010394147624,0.022012442934,-0.023740244682,0.034002722925,3
25.320000,0.022976158594,0.002986613945,-0.026609275197,0.035282818101,3
25.330000,0.036741293231,-0.022195448277,-0.005011736020,0.043216640897,3
25.340000,0.015003558631,-0.028436423971,0.024123838130,0.040195727957,3
25.350000,-0.018356334049,-0.000700220030,0.032522887586,0.037352155557,3
25.360000,-0.024542226517,0.027099650417,0.009816400133,0.037855959197,3
25.370000,-0.008640483053,0.018989328903,-0.023670108156,0.031551966336,3
25.380000,0.037042014478,0.013725813912,-0.031289459513,0.050393839710,3
25.390000,0.032598065737,-0.020611679315,-0.020366859988,0.043615183133,3
25.400000,0.040438805479,-0.030540138137,0.018700071436,0.054015643084,3
25.410000,-0.019457093897,-0.011234698140,0.035587339836,0.042086288763,3
25.420000,-0.028212359741,0.015840339002,0.027765514344,0.042635400416,3
25.430000,-0.021010417760,0.036415195066,-0.003894381533,0.042221680374,3
25.440000,0.001606998898,0.017985372969,-0.030848524235,0.035744755332,3
25.450000,0.035257171034,0.001584319487,-0.038671099704,0.052354867299,3
25.460000,0.030845875595,-0.028799707526,0.012697305207,0.044069408372,3
25.470000,-0.004563106518,-0.020685636385,0.030949596797,0.037504600193,3
25.480000,-0.034376774515,0.011550849335,0.020182048576,0.041503009905,3
25.490000,-0.059155413750,0.026251345441,0.009265691716,0.065378506838,3
25.500000,-0.021082540158,0.034021905448,-0.024646218015,0.047004251002,3
25.510000,0.035036024381,0.005037072237,-0.050185334789,0.061412237616,3
25.520000,0.034811807614,-0.048638933291,-0.006908668258,0.060210775433,3
25.530000,0.002436923801,-0.033394559117,0.022291842352,0.040225134079,3
25.540000,-0.043837208457,-0.001822394728,0.061360191093,0.075432718490,3
25.550000,-0.055729879323,0.027777109778,0.007934345159,0.062772136415,3
25.560000,-0.020302065109,0.037359267243,-0.026594555095,0.050151361470,3
25.570000,0.039024977367,0.002601509046,-0.042989721836,0.058119126725,3
25.580000,0.055986426131,-0.013063142902,-0.029103342631,0.064437024805,3
25.590000,0.039765599029,-0.050106644853,0.045729993961,0.078633396673,3
25.600000,-0.001801876971,-0.028875881345,0.052522957121,0.059964358655,3
25.610000,-0.039924812974,0.035147326780,0.041070586243,0.067202070840,3
25.620000,-0.028628063616,0.068636904135,-0.006862190502,0.074683869035,3
25.630000,0.002593193832,0.029343453153,-0.059711252945,0.066582254584,3
25.640000,0.049713710864,-0.023802866915,-0.027666160358,0.061672084043,3
25.650000,0.046846315480,-0.043260212952,0.010326834822,0.064596182675,3
25.660000,-0.009363762181,-0.043005260985,0.042447154115,0.061146491372,3
25.670000,-0.042621166487,0.017891793416,0.054812772161,0.071701604559,3
25.680000,-0.060309375535,0.069676284459,-0.004164132727,0.092246113169,3
25.690000,-0.020214174240,0.033754483526,-0.038278050383,0.054892505312,3
25.700000,0.034623725892,0.000700564399,-0.048432300874,0.059539742635,3
25.710000,0.048143862649,-0.051016695624,-0.013664273263,0.071465006170,3
25.720000,-0.008144316260,-0.059178820320,0.041391568913,0.072675474810,3
25.730000,-0.043544463322,-0.016193308179,0.048932305111,0.067473802318,3
25.740000,-0.066396277849,0.037223294597,0.038503206930,0.085302616119,3
25.750000,-0.044245972373,0.035110897215,-0.011611829066,0.057665550797,3
25.760000,0.013607654260,0.015954507584,-0.055692511813,0.059509414707,3
25.770000,0.048918186964,-0.046735991853,-0.020104972116,0.070579401061,3
25.780000,0.029738103792,-0.060347445452,0.021863125937,0.070740124862,3
25.790000,-0.018621094074,-0.030299234050,0.036714632719,0.051115095464,3
25.800000,-0.044578364753,0.034378049509,0.038877284881,0.068414356475,3
25.810000,-0.033442057556,0.069734416703,-0.022699673013,0.080601087098,3
25.820000,0.020993181932,0.043430350704,-0.049740049081,0.069289115542,3
25.830000,0.063873987922,-0.023617752262,-0.055521348567,0.087865264477,3
25.840000,0.043429330639,-0.053719564332,0.013419260401,0.070370270012,3
25.850000,0.014668650994,-0.040412521635,0.039823083953,0.058602211924,3
25.860000,-0.035196752822,0.013839802748,0.044448644205,0.058361233032,3
25.870000,-0.027486282552,0.043652456690,0.013889401213,0.053422356459,3
25.880000,0.008525981689,0.045534673772,-0.041946610260,0.062494935727,3
25.890000,0.042028067348,-0.018832619327,-0.041074275993,0.061709984153,3
25.900000,0.055792253124,-0.046569758488,0.005481044552,0.072880448432,3
25.910000,-0.000075609358,-0.050609001874,0.039388515910,0.064130585316,3
25.920000,-0.046748382061,-0.012542402985,0.058315712524,0.075785522530,3
25.930000,-0.046189628802,0.034786555953,0.022553440794,0.062066448066,3
25.940000,-0.031730322047,0.046176173295,-0.038655522531,0.068068360782,3
25.950000,0.026309544983,0.021754894404,-0.043146202474,0.055018745675,3
25.960000,0.032397288691,-0.041218788888,-0.022133509799,0.056907513810,3
25.970000,0.030252577331,-0.048864574118,0.005447038539,0.057728981177,3
25.980000,-0.023556231528,-0.012991689788,0.049387586659,0.056238899023,3
25.990000,-0.058567450555,0.025731028565,0.017337282822,0.066278303171,3
26.000000,-0.030626153162,0.050607696103,-0.017990673033,0.061828508623,3
26.010000,0.013801585259,0.028805154257,-0.049452431287,0.058870736598,3
26.020000,0.050736096002,-0.022326991172,-0.023416411785,0.060174532098,3
26.030000,0.035186105063,-0.050730825481,-0.001934416790,0.061769091072,3
26.040000,-0.004051042643,-0.023233083154,0.044803540290,0.050631455853,3
26.050000,-0.033900094942,0.012649265516,0.034260298630,0.049829593791,3
26.060000,-0.018546006392,0.042986405617,-0.007232473559,0.047371870290,3
26.070000,0.008503606065,0.036892656164,-0.027480858756,0.046782229457,3
26.080000,0.028345841418,0.009392357989,-0.053648201465,0.061398962815,3
26.090000,0.059835357807,-0.037671150309,-0.001643087027,0.070725422194,3
26.100000,0.020450221776,-0.044193569480,0.037801632081,0.061646139718,3
26.110000,-0.015359380564,-0.016691548114,0.046736580645,0.051950229260,3
26.120000,-0.043145284779,0.040117460636,0.016638273726,0.061218938239,3
26.130000,-0.002696559472,0.036359068695,-0.021366418776,0.042258456676,3
26.140000,0.029118496210,0.005906143780,-0.041109374010,0.050722282947,3
26.150000,0.041671051364,-0.031420122435,-0.027398899524,0.058944043896,3
26.160000,0.001686040334,-0.027377569898,0.015577963102,0.031544365581,3
26.170000,-0.029311775088,-0.013056033909,0.032509684586,0.045678438810,3
26.180000,-0.056400723510,0.013532193725,0.022382556690,0.062170255939,3
26.190000,-0.026557571238,0.028770687099,-0.016479276260,0.042480861246,3
26.200000,-0.002495012824,0.019420776203,-0.035138650012,0.040225817108,3
26.210000,0.035922798189,-0.010978053799,-0.029666626691,0.047865163054,3
26.220000,0.014874121866,-0.042626587354,0.013536052985,0.047132686972,3
26.230000,0.003689819430,-0.019201828299,0.042939109411,0.047181480419,3
26.240000,-0.029517914317,0.002561998039,0.030388257271,0.042441928320,3
26.250000,-0.020022586328,0.037277791223,-0.005960949988,0.042732547390,3
26.260000,-0.006453752473,0.017119664831,-0.023897870580,0.030097210223,3
26.270000,0.029505528490,-0.005759012828,-0.024932965953,0.039056308472,3
26.280000,0.033715101413,-0.024867414012,-0.003569537626,0.042045664958,3
26.290000,0.014372946287,-0.014154575298,0.016400581053,0.025998320056,3
26.300000,-0.019876330374,-0.002218262751,0.025597984755,0.032484550517,3
26.310000,-0.028332801618,0.026658129754,0.016912470703,0.042419750055,3
26.320000,-0.008804132889,0.021349319708,-0.019345216366,0.030125464381,3
26.330000,0.012220872801,0.008539761215,-0.019819955542,0.024801368739,3
26.340000,0.025074422198,-0.015414671027,-0.012367405633,0.031926344193,3
26.350000,0.014347979322,-0.018793539252,0.015088210302,0.028048453048,3
26.360000,-0.005301604953,-0.002408653060,0.019998126759,0.020828674910,3
26.370000,-0.025190330297,0.012103170679,0.010232662992,0.029761499843,3
26.380000,-0.017976427946,0.018971781747,-0.006879817397,0.027026142007,3
26.390000,-0.002027640734,0.012344339215,-0.022872953186,0.026070405157,3
26.400000,0.014898603880,-0.015319795613,-0.010335649171,0.023737948079,3
26.410000,0.015408878989,-0.015811890536,-0.005223874644,0.022687844770,3
26.420000,-0.014289689070,-0.010991128378,0.018213700863,0.025626919750,3
26.430000,-0.023060053607,0.003640924031,0.009883902890,0.025351803416,3
26.440000,-0.019352845905,0.016430335174,0.005417384280,0.025958363027,3
26.450000,-0.010948283949,0.005093437736,-0.014024198824,0.018506382197,3
26.460000,0.009144647830,-0.008136607828,-0.017094091691,0.021024674590,3
26.470000,0.015743116110,-0.017942762172,-0.003875055940,0.024182730982,3
26.480000,0.002821214511,-0.019416807605,0.019430254396,0.027613519420,3
26.490000,-0.007550866209,0.002234982139,0.011046302692,0.013565822085,3
26.500000,-0.011214749331,0.012089749429,0.007443300018,0.018092411641,3
26.510000,0.001727925986,0.021790293446,-0.014454153240,0.026205441469,3
26.520000,0.012310714853,-0.000161491848,-0.013757815244,0.018462320009,3
26.530000,0.018795891885,-0.011893420130,-0.008026443026,0.023646623053,3
26.540000,0.014802500779,-0.013888004780,0.010141142584,0.022689942243,3
26.550000,-0.008734213495,-0.007346022180,0.019254654202,0.022382855843,3
26.560000,-0.017395773301,0.017186786158,0.005255728390,0.025012421476,3
26.570000,-0.007892013218,0.019812315421,-0.004762026033,0.021851512692,3
26.580000,0.008686415846,0.010797008031,-0.015848588758,0.021052481286,3
26.590000,0.021704342108,-0.008745929689,-0.012946913860,0.026743080057,3
26.600000,0.008369015581,-0.021275164142,0.004090565328,0.023225110457,3
26.610000,-0.009027744957,-0.011640318638,0.018524710468,0.023667743765,3
26.620000,-0.017910743990,0.002416663518,0.013251328505,0.022410549301,3
26.630000,-0.022182903124,0.016607049099,-0.001842573560,0.027771754502,3
26.640000,0.000171322504,0.019891505127,-0.020128537490,0.028299458460,3
26.650000,0.008870517767,-0.004343499863,-0.020528919326,0.022781321410,3
26.660000,0.011038216039,-0.010812046659,-0.004716757301,0.016155196245,3
26.670000,0.000483223913,-0.013763901689,0.014330677933,0.019875784892,3
26.680000,-0.015379715595,0.004241966530,0.025607537050,0.030170778670,3
26.690000,-0.032445651238,0.019732385212,0.009532950265,0.039153089932,3
26.700000,-0.018629781236,0.025412165927,-0.028557859227,0.042525266015,3
26.710000,0.018172293225,0.010609634142,-0.021691410645,0.030221083261,3
26.720000,0.029987118028,-0.020945301230,-0.011087482365,0.038221265762,3
26.730000,0.011979314830,-0.022282456376,0.009140635896,0.026899127690,3
26.740000,-0.002644408907,-0.009149809051,0.029509421902,0.031008351861,3
26.750000,-0.026651506003,0.012436324521,0.013629184002,0.032414805203,3
26.760000,-0.011798248029,0.032276962055,-0.014606379819,0.037340959648,3
26.770000,0.010514527740,0.012300333922,-0.030729977865,0.034730174888,3
26.780000,0.022916499694,-0.005451129269,-0.012983321182,0.026896977478,3
26.790000,0.027649511784,-0.032419526117,0.009841862254,0.043730806397,3
26.800000,0.003224815953,-0.018109849108,0.022939805769,0.029404094296,3
26.810000,-0.018068336375,0.017930464053,0.031787616424,0.040723689401,3
26.820000,-0.019428797101,0.028510138479,-0.003760110435,0.034705108895,3
26.830000,-0.003720906474,0.018206080674,-0.015078604093,0.023930541571,3
26.840000,0.020687801332,-0.007987399020,-0.034649124636,0.041138127147,3
26.850000,0.018662692023,-0.022488689082,-0.001013093543,0.029241470016,3
26.860000,0.002062384784,-0.017332995437,0.022252253375,0.028281600769,3
26.870000,-0.040485247032,-0.005869216058,0.027123007511,0.049083199375,3
26.880000,-0.035101008331,0.024495215493,0.003920290368,0.042982147974,3
26.890000,-0.019047870646,0.029342524329,-0.018207361667,0.039437458450,3
26.900000,0.010206282731,0.005434257689,-0.037812688252,0.039541102117,3
26.910000,0.035902735863,-0.036874512325,-0.013742886181,0.053269156388,3
26.920000,0.012539287915,-0.037588615401,0.017697389083,0.043397411553,3
26.930000,-0.007761118502,-0.003968272159,0.028818329452,0.030107777346,3
26.940000,-0.038880263964,0.033449523261,0.026892569000,0.057911620593,3
26.950000,-0.015617421604,0.032154461388,-0.024497046028,0.043334957122,3
26.960000,0.013599053740,0.022048761052,-0.041582522516,0.048991716701,3
26.970000,0.056903767151,-0.019873993363,-0.027190198689,0.066123530101,3
26.980000,0.041853426983,-0.036905395863,0.020500170050,0.059447241872,3
26.990000,0.010510180680,-0.017847741425,0.047571564622,0.051885060784,3
27.000000,-0.013385828004,0.014526782519,0.037027217128,0.041966922808,3
27.010000,-0.031638046894,0.047460766666,0.001349815885,0.057055344944,3
27.020000,0.004235253290,0.039014381285,-0.025858032449,0.046996778183,3
27.030000,0.043326376439,0.003928772973,-0.037314868763,0.057315003125,3
27.040000,0.054490245610,-0.045698644157,-0.002588461917,0.071163565675,3
27.050000,0.030997861694,-0.037316533392,0.024729003329,0.054451030290,3
27.060000,-0.017537201390,0.006890635582,0.042255421716,0.046266131843,3
27.070000,-0.042642418454,0.046079917702,-0.000052451630,0.062783257467,3
27.080000,-0.028144598712,0.043801907034,-0.032274340787,0.061256498183,3
27.090000,0.021888314602,0.002074035096,-0.045948159704,0.050937543305,3
27.100000,0.031690206511,-0.039863035067,-0.049057223542,0.070710267537,3
27.110000,0.019885275092,-0.049072344899,0.027896490403,0.059847584547,3
27.120000,-0.040188211356,-0.012038525543,0.059967113876,0.073185197792,3
27.130000,-0.073548979497,0.031719549827,0.026369935431,0.084326482915,3
27.140000,-0.039827150549,0.044018274568,-0.016946277785,0.061733189999,3
27.150000,0.000091569817,0.016249398555,-0.061315182189,0.063431876098,3
27.160000,0.051664113683,-0.029917583050,-0.029746828655,0.066701695880,3
27.170000,0.034269424473,-0.037495407700,-0.001622031685,0.050822534757,3
27.180000,0.017074479788,-0.006888648042,0.043745599408,0.047462288182,3
27.190000,-0.043792746795,0.017025342618,0.042377227875,0.063273188678,3
27.200000,-0.042883549430,0.048281146861,0.000372210173,0.064577136003,3
27.210000,0.015066990575,0.034600240831,-0.066931275363,0.076837402951,3
27.220000,0.064707274911,-0.008225291373,-0.042126038844,0.077648502840,3
27.230000,0.045806006345,-0.068137248665,0.004717041782,0.082238223206,3
27.240000,0.025487809691,-0.034582005474,0.038883494035,0.057943676564,3
27.250000,-0.043831544709,-0.017735141173,0.043511412795,0.064257159814,3
27.260000,-0.043252202188,0.052530182926,0.007343828427,0.068440521099,3
27.270000,-0.032858475000,0.066873701329,-0.035581384942,0.082570008255,3
27.280000,0.032989020989,0.014326196055,-0.050288802644,0.061826200519,3
27.290000,0.048318909361,-0.039310839699,-0.015164780133,0.064109513149,3
27.300000,0.029264473605,-0.045189780545,0.036155987970,0.064851994165,3
27.310000,-0.022321446672,-0.011416496740,0.057990900785,0.063178540290,3
27.320000,-0.064559050078,0.023890930326,0.022886542416,0.072542686210,3
27.330000,-0.047001000722,0.049553456100,-0.030538958291,0.074814885242,3
27.340000,0.021023233656,0.017062427705,-0.042658573362,0.050525802060,3
27.350000,0.045124144723,-0.039982045425,-0.055445253186,0.081908049020,3
27.360000,0.039149512978,-0.046281254911,0.013506381529,0.062105243454,3
27.370000,-0.022822818067,-0.034118036916,0.037228507112,0.055415550248,3
27.380000,-0.061928912837,0.008901753422,0.040062947373,0.074293143771,3
27.390000,-0.057943862204,0.041998010847,-0.011892222754,0.072544807149,3
27.400000,0.005827590371,0.041087915539,-0.036234057507,0.055091601323,3
27.410000,0.048305254262,-0.009859341352,-0.029331161797,0.057366551697,3
27.420000,0.044448097393,-0.072300560518,-0.020605046442,0.087335973985,3
27.430000,0.016183839965,-0.059666185517,0.044896413256,0.076404569846,3
27.440000,-0.027394589172,-0.005123299518,0.048522683401,0.055956791529,3
27.450000,-0.031762073441,0.046086747482,0.017275828921,0.058577059227,3
27.460000,0.006768549423,0.047674971704,-0.020349877270,0.052276511868,3
27.470000,0.047383475157,0.019787220903,-0.050385465853,0.071940412831,3
27.480000,0.051149281650,-0.047551845817,-0.012025726359,0.070866389412,3
27.490000,0.033908605440,-0.030522067830,0.027576295255,0.053308931779,3
27.500000,-0.022119652520,-0.016925678657,0.048507589067,0.055935175182,3
27.510000,-0.042236850241,0.029287388365,0.039305079444,0.064703878598,3
27.520000,-0.021809060669,0.045272155162,-0.008693523279,0.050997848065,3
27.530000,0.015618446353,0.016231691378,-0.038385250664,0.044506529184,3
27.540000,0.044225645031,-0.021983988013,-0.039255157654,0.063088594926,3
27.550000,0.023282000825,-0.049538271415,-0.001821773715,0.054766876455,3
27.560000,-0.023164128125,-0.025208414167,0.039521725712,0.052287740244,3
27.570000,-0.047728417749,0.010274523729,0.026894877526,0.055739592175,3
27.580000,-0.057073850417,0.055286820420,0.005868238700,0.079677431805,3
27.590000,-0.012115771374,0.026741476236,-0.039788863476,0.049447468328,3
27.600000,0.023135475600,-0.002797257121,-0.048538536322,0.053842960421,3
27.610000,0.037104626774,-0.043385668497,-0.001205507075,0.057100987787,3
27.620000,0.012281209039,-0.019923497493,0.024513418943,0.033892204945,3
27.630000,-0.036471863092,-0.003631283457,0.043508693894,0.056889273693,3
27.640000,-0.036947401545,0.035989032294,0.003890722924,0.051724835923,3
27.650000,0.001975822571,0.033941874118,-0.020430272624,0.039665485412,3
27.660000,0.037605482048,0.013854048811,-0.040716394753,0.057130830120,3
27.670000,0.043398095211,-0.026974016344,-0.014480109693,0.053109940712,3
27.680000,0.023956323523,-0.032581559163,0.021077970428,0.045604213309,3
27.690000,-0.018202601843,-0.012169651174,0.033953508278,0.040401433736,3
27.700000,-0.032308835854,0.023444940396,0.026861632841,0.048115209895,3
27.710000,-0.012959253215,0.040525124835,-0.010053505893,0.043718428237,3
27.720000,0.024705023659,0.019307904836,-0.033959216255,0.046220793500,3
27.730000,0.037907613957,-0.022875515999,-0.018152179326,0.047851625285,3
27.740000,0.021935821778,-0.021084321402,0.002456948329,0.030524833843,3
27.750000,-0.010941709610,-0.022205494462,0.035927289951,0.043629980022,3
27.760000,-0.024480263767,0.012612010811,0.025230742746,0.037348848848,3
27.770000,-0.028486252878,0.038427967931,-0.013074020609,0.049589367178,3
27.780000,-0.001995123142,0.023039133416,-0.023179708924,0.032742649415,3
27.790000,0.015410451580,0.000694324118,-0.031060454502,0.034680195181,3
27.800000,0.017430664391,-0.021673779437,-0.000536870122,0.027818501141,3
27.810000,-0.004384044709,-0.020109169602,0.014426751358,0.025134233723,3
27.820000,-0.028669149235,0.009201188569,0.028383807412,0.041379010527,3
27.830000,-0.027169274232,0.019212503613,0.006380704406,0.033882195119,3
27.840000,-0.010012569738,0.023005563003,-0.018529195007,0.031190359880,3
27.850000,0.016164684333,-0.000619141847,-0.023230760930,0.028308101484,3
27.860000,0.022487166434,-0.026662131647,-0.012304401066,0.036985675657,3
27.870000,0.009178584225,-0.020589086967,0.011434492531,0.025276560880,3
27.880000,-0.009712759405,-0.002742840730,0.021094778793,0.023384836173,3
27.890000,-0.028295036557,0.019469762977,0.030093162852,0.045664857545,3
27.900000,-0.012852690350,0.019799990308,-0.007055472552,0.024637592382,3
27.910000,0.011761402844,0.015238492048,-0.019076464562,0.027100806943,3
27.920000,0.025046194413,-0.012096965091,-0.006107002881,0.028477076802,3
27.930000,0.025988584804,-0.021465681183,0.011286720794,0.035546758995,3
27.940000,0.000947052055,-0.011694061886,0.024145935342,0.026845375478,3
27.950000,-0.016735407357,0.014189556097,0.019368542374,0.029267008650,3
27.960000,-0.016595565954,0.020903053122,-0.004179260937,0.027015119121,3
27.970000,0.003333796422,0.012878802601,-0.022413413237,0.026064129526,3
27.980000,0.019102672355,-0.009827785678,-0.021260809542,0.030224484857,3
27.990000,0.021723174960,-0.021289632042,-0.010357731271,0.032131407687,3
28.000000,0.004871999890,-0.015016501214,0.025509780247,0.029999676329,3
28.010000,-0.034311138989,0.004349151074,0.027762211961,0.044349856672,3
28.020000,-0.021547104245,0.017426130613,0.006149405018,0.028385963283,3
28.030000,-0.005432450108,0.018233808550,-0.012186474226,0.022594101940,3
28.040000,0.011222072342,0.004316331231,-0.016582468068,0.020482770080,3
28.050000,0.011483191641,-0.020623425483,-0.001049044555,0.023628158274,3
28.060000,0.005379186435,-0.020431348907,0.007481401961,0.022413099744,3
28.070000,-0.017834959812,-0.017938682533,0.013279929230,0.028569890495,3
28.080000,-0.024841956036,0.014636822720,0.011632184503,0.031091270082,3
28.090000,-0.014081751787,0.020548533274,-0.007585004262,0.026039781926,3
28.100000,0.005917929448,0.020377795962,-0.021091443739,0.029918647299,3
28.110000,0.025537389890,-0.019941658199,-0.013586901792,0.035134483267,3
28.120000,0.019055763953,-0.017042561949,0.014488208898,0.029385017521,3
28.130000,-0.005846940776,-0.013336043217,0.017742987285,0.022953221189,3
28.140000,-0.018267462420,0.013093001909,0.011795850959,0.025382454218,3
28.150000,-0.011130754834,0.027536847446,-0.001515507722,0.029740014023,3
28.160000,0.002319820211,0.011962836820,-0.010554379149,0.016120978562,3
28.170000,0.024110040136,-0.007632437719,-0.017125821862,0.030542460859,3
28.180000,0.029799089182,-0.024740384139,-0.003462326038,0.038885216021,3
28.190000,0.009826114328,-0.022464633413,0.031292425338,0.039754599240,3
28.200000,-0.010780072658,0.007735640569,0.034690120273,0.037141008953,3
28.210000,-0.033339885114,0.027137789961,0.000510920280,0.042991494774,3
28.220000,-0.005229083290,0.022546785908,-0.018891368885,0.029876155797,3
28.230000,0.017387911482,-0.001284794076,-0.024549590031,0.030111003508,3
28.240000,0.019268426700,-0.031535060518,-0.010536673094,0.038428554348,3
28.250000,0.008889027809,-0.030582611177,0.021559037036,0.038459108150,3
28.260000,-0.023858852472,-0.006141629233,0.012566814452,0.027656631689,3
28.270000,-0.035649543391,0.016830776875,0.017388743424,0.043087508539,3
28.280000,-0.022503959464,0.033071150127,-0.013398122477,0.042185765943,3
28.290000,0.016685166881,0.016365144981,-0.029768676488,0.037846887110,3
28.300000,0.036993901853,-0.028126040384,-0.027047422780,0.053769749869,3
28.310000,0.010697739013,-0.034410150809,0.011393559857,0.037793032492,3
28.320000,-0.014589159525,-0.021967206725,0.036614787746,0.045122549004,3
28.330000,-0.034314041358,0.025476105790,0.026904791885,0.050501022038,3
28.340000,-0.026074713941,0.032432783817,-0.010663277090,0.042959069491,3
28.350000,0.009595894912,0.027917597407,-0.022934077287,0.037382420269,3
28.360000,0.037282055634,-0.013583034799,-0.029437140157,0.049406434067,3
28.370000,0.026866165820,-0.046153586245,0.011599101539,0.054648728674,3
28.380000,0.015243061835,-0.019610939893,0.025960805201,0.035929142827,3
28.390000,-0.027396584470,0.004490727796,0.036712643283,0.046027792187,3
28.400000,-0.035516900132,0.037958098767,0.008624969432,0.052693999229,3
28.410000,0.001886133342,0.040646745856,-0.021042195992,0.045809272640,3
28.420000,0.044296018951,0.014149919085,-0.034768784009,0.058062258365,3
28.430000,0.054194625467,-0.029845636230,-0.010243607740,0.062711649085,3
28.440000,0.030569219286,-0.045854883364,0.008207714031,0.055718166389,3
28.450000,-0.024695631518,0.010554820015,0.044322541549,0.051824377767,3
28.460000,-0.041886033230,0.037362967292,0.040275524650,0.069083637646,3
28.470000,-0.044129091727,0.037809379924,-0.015007982345,0.060018042961,3
28.480000,0.005888919704,0.010338207651,-0.049693843843,0.051098297708,3
28.490000,0.041742906894,-0.030484694743,-0.019402136383,0.055210775993,3
28.500000,0.039068206210,-0.058027620522,0.008335847243,0.070448675142,3
28.510000,-0.047630364724,-0.022889700262,0.041512919818,0.067200539683,3
28.520000,-0.062313523109,0.040739717615,0.041052221578,0.085017554952,3
28.530000,-0.053050875580,0.074093675074,0.003864567960,0.091209664901,3
28.540000,0.006641451482,0.016136943947,-0.030522274131,0.035158484834,3
28.550000,0.046351019246,-0.022554386037,-0.044845376677,0.068324410894,3
28.560000,0.037356968462,-0.060345512943,-0.000938476308,0.070978903646,3
28.570000,0.006999292365,-0.049672648015,0.044688873395,0.067182270427,3
28.580000,-0.059218306700,0.016916338096,0.056930519920,0.083869269947,3
28.590000,-0.051895695405,0.066197772690,0.020477446623,0.086571554975,3
28.600000,-0.012621438846,0.047377586036,-0.044786227063,0.066405892146,3
28.610000,0.049596495483,-0.005751156312,-0.053316460415,0.073044733652,3
28.620000,0.069850042306,-0.047043681884,-0.031394047483,0.089876151635,3
28.630000,0.038954235779,-0.059034560196,0.042443556204,0.082486163966,3
28.640000,-0.008194721729,0.004392628199,0.051491704805,0.052324414096,3
28.650000,-0.019832321441,0.035170407129,0.032464465311,0.051809458783,3
28.660000,-0.021477784680,0.063369764092,-0.023456537077,0.070902971500,3
28.670000,0.021580881636,0.037816353626,-0.059442434339,0.073683200622,3
28.680000,0.056873557830,-0.038240301868,-0.027370542116,0.073797485343,3
28.690000,0.029744600501,-0.047078321290,0.029144856910,0.062853259890,3
28.700000,-0.005864509420,-0.026643267605,0.053745021435,0.060272576754,3
28.710000,-0.048384869948,0.030802299884,0.055088858305,0.079527728669,3
28.720000,-0.069739059092,0.053831378261,-0.014113778295,0.089221927721,3
28.730000,-0.003439541658,0.023221812388,-0.029825200181,0.037955573810,3
28.740000,0.037073735394,-0.021086540600,-0.063085871509,0.076150713947,3
28.750000,0.024954220923,-0.052689602234,-0.000684573769,0.058304167662,3
28.760000,-0.018770240105,-0.023458797003,0.048192756294,0.056790657944,3
28.770000,-0.062273987271,0.011891449368,0.056781409056,0.085109250220,3
28.780000,-0.070565405634,0.047582846443,0.025757263581,0.088921540557,3
28.790000,-0.017977529284,0.054674994962,-0.074667718043,0.094275207510,3
28.800000,0.027126475289,-0.002555956050,-0.049827913113,0.056790839914,3
28.810000,0.066037200226,-0.047817729594,-0.024189027652,0.085044436243,3
28.820000,0.014472730643,-0.040802109873,0.068133965241,0.080724899021,3
28.830000,-0.024323621209,-0.008707050582,0.051315044059,0.057451588537,3
28.840000,-0.050662482816,0.037413476375,0.047226097936,0.078719500162,3
28.850000,-0.000921538648,0.049189436142,-0.024969161533,0.055171631198,3
28.860000,0.057709351265,0.021781358058,-0.057107217545,0.084059687591,3
28.870000,0.068331415377,-0.044994587043,-0.042391670107,0.092145259699,3
28.880000,0.033393462032,-0.058836676618,0.019194960128,0.070322999910,3
28.890000,-0.014041692622,-0.040946830427,0.051999576451,0.067659204879,3
28.900000,-0.041283351665,0.036097347528,0.054805659639,0.077530600100,3
28.910000,-0.042061094065,0.043550955940,-0.000724383048,0.060550360263,3
28.920000,0.016080872595,0.034144723685,-0.042786600541,0.057053920153,3
28.930000,0.039552155869,-0.018976658397,-0.040765568605,0.059885876310,3
28.940000,0.035176854282,-0.049049615641,-0.014020657458,0.061966561203,3
28.950000,-0.002885030409,-0.044287584470,0.032176391311,0.054818187643,3
28.960000,-0.081748268866,-0.001383996314,0.062849918822,0.103125201597,3
28.970000,-0.061704266067,0.076033897670,0.014390732821,0.098973042981,3
28.980000,-0.029235555881,0.051775840116,-0.036413942055,0.069723959464,3
28.990000,0.036531583303,0.000711032264,-0.056975296715,0.067684906598,3
29.000000,0.032370785003,-0.042616078111,-0.022895086927,0.058208099442,3
29.010000,0.037357743728,-0.042829409422,0.038114344452,0.068429983055,3
29.020000,-0.040366608408,-0.016550238083,0.050069558388,0.066410346574,3
29.030000,-0.050453208262,0.035959501170,0.027872556190,0.067937407493,3
29.040000,-0.040270304892,0.049324972912,-0.030366538579,0.070546276118,3
29.050000,0.041823487865,0.016929991534,-0.051928201927,0.068792200909,3
29.060000,0.065029802466,-0.023100367911,-0.007579636558,0.069425882038,3
29.070000,0.036235394021,-0.051351881584,0.019856201007,0.065911214831,3
29.080000,0.009755758416,-0.024434856653,0.041838595721,0.049423730473,3
29.090000,-0.034389595262,0.009855030610,0.032830822711,0.048555419991,3
29.100000,-0.034388624323,0.045070592897,-0.005323164443,0.056940951051,3
29.110000,0.012426147293,0.032401802169,-0.043878148320,0.055942629723,3
29.120000,0.054742851168,-0.020680667956,-0.043126542640,0.072693661768,3
29.130000,0.037662283080,-0.036131834190,-0.007645175329,0.052748513861,3
29.140000,-0.003778792120,-0.013795254664,0.036572705474,0.039270231815,3
29.150000,-0.038860570206,0.016626783439,0.030542722091,0.052148362553,3
29.160000,-0.043008802651,0.046704867326,0.000043454473,0.063490972790,3
29.170000,-0.012572950410,0.050014544822,-0.024036686763,0.056897241464,3
29.180000,0.023648305768,0.002441298953,-0.038368738734,0.045137151199,3
29.190000,0.030823741321,-0.040982318133,-0.016205044356,0.053779707057,3
29.200000,-0.001626778361,-0.021937020802,0.012086463789,0.025099041744,3
29.210000,-0.031486169383,-0.004604342641,0.034767283681,0.047131123986,3
29.220000,-0.036967940985,0.026349608959,0.012422270907,0.047066371939,3
29.230000,-0.026968900757,0.033383018710,-0.013526828404,0.044996918038,3
29.240000,0.006822261380,0.002708883164,-0.023089706639,0.024228409997,3
29.250000,0.027685703052,-0.016341126214,-0.008853576013,0.033345409994,3
29.260000,0.025870487351,-0.034794204421,0.015254368881,0.045963186868,3
29.270000,-0.008522016803,-0.021217284529,0.045908173275,0.051287018890,3
29.280000,-0.028818494942,0.021607031818,0.025414036902,0.044082227103,3
29.290000,-0.019775092741,0.027196890489,-0.014155325766,0.036484221147,3
29.300000,0.008827922931,0.008400663331,-0.027892235935,0.030438137150,3
29.310000,0.029861418887,-0.006025653046,-0.034067824299,0.045701526069,3
29.320000,0.030522495240,-0.027018962886,0.012350053686,0.042593085086,3
29.330000,0.007732426277,-0.027653719607,0.022766446130,0.036644640722,3
29.340000,-0.011455695131,0.016889198433,0.023296076087,0.030970714162,3
29.350000,-0.027215472489,0.033118179554,0.003170320108,0.042983097717,3
29.360000,-0.010201028035,0.014318001503,-0.020373259362,0.026909772148,3
29.370000,0.019532817822,-0.002046000393,-0.027068560999,0.033442848028,3
29.380000,0.020285835994,-0.020110953759,-0.004986714916,0.028997119318,3
29.390000,0.007940106010,-0.033292666085,0.024817891985,0.042277353998,3
29.400000,-0.020942140786,-0.004046839894,0.018112981232,0.027982677908,3
29.410000,-0.036636844565,0.019756073501,0.008732366320,0.042530166252,3
29.420000,-0.006697445406,0.019984887911,-0.016087792597,0.026515440604,3
29.430000,0.013047811948,0.003101191651,-0.032391623973,0.035058238545,3
29.440000,0.024408592195,-0.019582363253,-0.016111636114,0.035197061550,3
29.450000,0.016517374028,-0.019145795593,0.010512132695,0.027384120717,3
29.460000,-0.012002320758,-0.006598454119,0.030766884750,0.033677833921,3
29.470000,-0.032036786196,0.012039106592,0.004397808255,0.034505600629,3
29.480000,-0.027374465357,0.024976616581,-0.006963373042,0.037705189212,3
29.490000,0.001196933996,0.011248496860,-0.033946629098,0.035781768538,3
29.500000,0.031155121782,-0.009680428988,-0.018927997995,0.037717654046,3
29.510000,0.022948616018,-0.025769564910,0.003198791414,0.034654606033,3
29.520000,-0.002767638677,-0.016171159756,0.024242393409,0.029272168863,3
29.530000,-0.020333874951,0.011543915310,0.027007443116,0.035722967890,3
29.540000,-0.013327435318,0.017001757596,0.001685334909,0.021668425122,3
29.550000,0.003653543805,0.021188440008,-0.019709684856,0.029167962723,3
29.560000,0.023385003718,-0.000538224114,-0.030495247871,0.038433165714,3
29.570000,0.032798871506,-0.021770847981,-0.002636104675,0.039454845605,3
29.580000,0.010385384535,-0.025792413618,0.014181155895,0.031212337220,3
29.590000,-0.003201922297,-0.002423078822,0.025425660837,0.025740781775,3
29.600000,-0.027870394058,0.021698661536,0.001910589587,0.035372886933,3
29.610000,-0.015049812669,0.018194752369,-0.013766015796,0.027332198339,3
29.620000,0.022208103825,0.022725125732,-0.026118823027,0.041131789790,3
29.630000,0.023225949265,-0.027904157892,-0.032093246800,0.048456818272,3
29.640000,0.010542598205,-0.032396834970,0.006131939382,0.034616498575,3
29.650000,-0.017798449309,-0.013843219662,0.030728167865,0.038113512417,3
29.660000,-0.039126868950,0.016411195495,0.030306586298,0.052141426759,3
29.670000,-0.027869447858,0.037401413962,-0.010285838567,0.047763692961,3
29.680000,0.010048144853,0.019268556943,-0.030434328085,0.037396401266,3
29.690000,0.032686988847,-0.011459399668,-0.018648403286,0.039338531058,3
29.700000,0.020375347793,-0.025123917619,-0.002046944941,0.032412281897,3
29.710000,0.001448466525,-0.023097701259,0.030034505886,0.037916663916,3
29.720000,-0.023552927203,-0.000698874166,0.037626253672,0.044395537730,3
29.730000,-0.034050549001,0.032885358612,0.011876770133,0.048805167422,3
29.740000,0.001236930496,0.024550481722,-0.033505561655,0.041555731393,3
29.750000,0.024756004417,0.010276400276,-0.027930510258,0.038711465493,3
29.760000,0.047018659120,-0.035508962930,-0.010427136988,0.059836159131,3
29.770000,0.018454529823,-0.039495441743,0.024463544861,0.049989245010,3
29.780000,-0.021493166443,-0.017516781786,0.038509161026,0.047452600885,3
29.790000,-0.025997839971,0.023562459365,0.019338737835,0.040063249439,3
29.800000,-0.008700770726,0.024780639129,-0.031165408103,0.040756179275,3
29.810000,0.029076883951,0.010094876490,-0.039784852376,0.050301154959,3
29.820000,0.045488878239,-0.037508402075,-0.019176770704,0.061998925831,3
29.830000,0.029573431043,-0.034168958955,0.022051048809,0.050282743892,3
29.840000,-0.014515338412,-0.024562033595,0.059241245189,0.065753430899,3
29.850000,-0.061223227499,0.019189101649,0.023710213748,0.068400873120,3
29.860000,-0.019173612050,0.047832389311,-0.001693008574,0.051559976185,3
29.870000,-0.008454883473,0.032537981163,-0.053304358636,0.063020313568,3
29.880000,0.039557124383,-0.023499872577,-0.042480956071,0.062623012777,3
29.890000,0.017243602134,-0.047308598908,0.006424198565,0.050761360033,3
29.900000,-0.011976224966,-0.025253680000,0.038504003674,0.047578741229,3
29.910000,-0.048321633981,0.015958947977,0.049198930220,0.070782787921,3
29.920000,-0.044497676190,0.059364093713,-0.010086921068,0.074872456787,3
29.930000,0.009977114679,0.023356861336,-0.036621496529,0.044567025892,3
29.940000,0.028639889286,-0.024750670047,-0.050486066860,0.063100569514,3
29.950000,0.050306687954,-0.035182984485,-0.021641699573,0.065091999589,3
29.960000,0.023732943650,-0.063006308828,0.034542313626,0.075671784682,3
29.970000,-0.026685842399,0.004395323926,0.053722783196,0.060146408798,3
29.980000,-0.055264767709,0.049209676834,0.029466696498,0.079649689557,3
29.990000,-0.022665095807,0.055957818045,-0.045439158719,0.075562564232,3
