time_s,acc_x_m_s2,acc_y_m_s2,acc_z_m_s2,acc_abs_m_s2,acc_accuracy
0.000000,0.005680671063,0.034316082329,-0.020697919156,0.040475515902,3
0.010000,0.023441897534,0.000857930724,-0.020914034059,0.031426985629,3
0.020000,0.028074925078,-0.030044889282,-0.000094573521,0.041120624196,3
0.030000,0.000361205215,-0.020989623627,0.027865067423,0.034887773671,3
0.040000,-0.018548269988,0.003300565223,0.029532182403,0.035029728058,3
0.050000,-0.025789633961,0.026909594860,0.004228035292,0.037511435560,3
0.060000,0.001940114215,0.031834050928,-0.031162714498,0.044590196417,3
0.070000,0.034225539346,-0.002050883912,-0.023277203897,0.041441789170,3
0.080000,0.018703777640,-0.031752714949,-0.008031061666,0.037716894836,3
0.090000,-0.016812330116,-0.031048811449,0.026951374032,0.044419136626,3
0.100000,-0.029997994884,0.011610900368,0.018375163724,0.037045098816,3
0.110000,-0.020446361170,0.029739346909,-0.007043549658,0.036770831259,3
0.120000,0.011097261891,0.020163393839,-0.034789235722,0.041713338331,3
0.130000,0.028279003762,-0.009855024062,-0.044448341926,0.053595509635,3
0.140000,0.022039659685,-0.045069370686,0.006748462871,0.050621502587,3
0.150000,-0.019326323905,-0.025894455517,0.028827070360,0.043301612069,3
0.160000,-0.041629287032,0.000203510482,0.020344347786,0.046334991553,3
0.170000,-0.028198215258,0.043992758164,-0.017419167141,0.055081117440,3
0.180000,0.005121744660,0.026821018970,-0.031238510065,0.041490286068,3
0.190000,0.038143379118,-0.024832963406,-0.031881547684,0.055570014619,3
0.200000,0.011413423597,-0.022911928146,0.014805361575,0.029570617527,3
0.210000,-0.033773865873,-0.021612900395,0.025956554701,0.047765408105,3
0.220000,-0.047778627849,0.016334071063,0.019226661487,0.054030210702,3
0.230000,-0.011617425047,0.044851817809,-0.017203059452,0.049422620125,3
0.240000,0.040358949557,0.021152120794,-0.049333086164,0.067156611096,3
0.250000,0.036761319067,-0.028690991848,-0.014008505397,0.048690921292,3
0.260000,0.014877304269,-0.039691808131,0.025595267783,0.049516578516,3
0.270000,-0.024653777479,-0.012703285646,0.034857954403,0.044545024361,3
0.280000,-0.046738879228,0.033855781481,0.021333364989,0.061529255099,3
0.290000,0.014815671753,0.055794598117,-0.028881216467,0.064549717065,3
0.300000,0.042884602705,0.011269109315,-0.040783076948,0.060244014966,3
0.310000,0.053944953721,-0.028484565564,-0.007988701520,0.061524368012,3
0.320000,0.006472414657,-0.044569821752,0.028870985495,0.053496681822,3
0.330000,-0.021600618366,-0.026486061046,0.033149870820,0.047613150273,3
0.340000,-0.023454328802,0.025513539630,0.032391283440,0.047436710330,3
0.350000,0.021970222203,0.050431593458,-0.036983210588,0.066285700930,3
0.360000,0.054076307167,0.011908302126,-0.043327306515,0.070308677603,3
0.370000,0.055127966416,-0.045040220245,-0.012262013144,0.072236217282,3
0.380000,-0.017663148538,-0.031569746044,0.040076635009,0.053988631722,3
0.390000,-0.032645336448,-0.006388388875,0.060297297831,0.068864313182,3
0.400000,-0.029958799960,0.048297198957,0.014488374448,0.058652042729,3
0.410000,0.038505006719,0.046571712920,-0.031478482970,0.068135562498,3
0.420000,0.068451242527,-0.020574096019,-0.050066377651,0.087266879179,3
0.430000,0.043632879069,-0.064320111367,0.003238407849,0.077790694479,3
0.440000,-0.002004695853,-0.025507213374,0.051398790706,0.057414914662,3
0.450000,-0.038268267928,0.009124117707,0.041614182539,0.057266482715,3
0.460000,-0.016095038469,0.054378602698,-0.023545734334,0.061404269396,3
0.470000,0.046768616664,0.055468169286,-0.041139850330,0.083405686819,3
0.480000,0.078786328338,-0.046142804047,-0.045329105103,0.101937096623,3
0.490000,0.028162936637,-0.057755456724,0.016757273218,0.066405195483,3
0.500000,-0.053495248435,-0.035017139404,0.058908870201,0.086937889585,3
0.510000,-0.082359674835,0.019437126745,0.057429454105,0.102269546464,3
0.520000,-0.010406959284,0.068524858893,-0.017010080039,0.071367386885,3
0.530000,0.035396220642,0.013258281210,-0.080348172818,0.088794725809,3
0.540000,0.045140639741,-0.054183922871,-0.047848931032,0.085223793948,3
0.550000,0.000339342666,-0.086009453655,0.033136311445,0.092172427589,3
0.560000,-0.047126534438,-0.018535198660,0.066930035915,0.083929098322,3
0.570000,-0.087700766084,0.029272885778,0.018315040730,0.094253736957,3
0.580000,-0.013512866067,0.041593245283,-0.022757547427,0.049300117316,3
0.590000,0.044469293939,0.030761012118,-0.072518034136,0.090457853417,3
0.600000,0.059729189345,-0.076583505518,-0.017163709262,0.098626580052,3
0.610000,0.005265847688,-0.073534645947,0.033756465147,0.081083736012,3
0.620000,-0.095046683977,-0.014378232895,0.065186684219,0.116146069738,3
0.630000,-0.060947615565,0.044967355646,0.033915130075,0.082987414497,3
0.640000,-0.002568247600,0.059355087019,-0.035886612637,0.069408005427,3
0.650000,0.064869230087,0.003898641743,-0.059727232204,0.088264141566,3
0.660000,0.071434841546,-0.064059280218,-0.018927779432,0.097799738257,3
0.670000,-0.018055819034,-0.049335764928,0.068124039868,0.086028571474,3
0.680000,-0.068539987235,-0.007991047144,0.084784358586,0.109315937289,3
0.690000,-0.050632835045,0.049683677852,0.023447339296,0.074712311901,3
0.700000,0.007054610647,0.063849024943,-0.047371650197,0.079815654855,3
0.710000,0.073745759401,-0.018590149207,-0.052246599524,0.092269918386,3
0.720000,0.048238424404,-0.059230825968,-0.010391991107,0.077092346008,3
0.730000,-0.001766971883,-0.054223206946,0.046204850199,0.071261255554,3
0.740000,-0.062386597003,0.004345590805,0.051023444391,0.080711607111,3
0.750000,-0.025409446784,0.049052023724,-0.023115402725,0.059883744543,3
0.760000,0.047724375334,0.066823413282,-0.056580023546,0.099721029017,3
0.770000,0.080772227476,-0.015116604916,-0.045202064921,0.093786412389,3
0.780000,0.050700010569,-0.085092047755,0.010382318995,0.099593876371,3
0.790000,-0.013895968671,-0.050852258732,0.070155031877,0.087754080596,3
0.800000,-0.049408288966,0.029803402689,0.043632933734,0.072341238147,3
0.810000,-0.002602477567,0.045742268739,0.001754358428,0.045849818019,3
0.820000,0.043310704330,0.048382022547,-0.067903448964,0.093954859355,3
0.830000,0.044556821526,-0.048943517388,-0.045894001656,0.080542148139,3
0.840000,0.012317732029,-0.072240563207,0.019574116063,0.075852300654,3
0.850000,-0.019564509100,-0.025678238972,0.046137047747,0.056309583091,3
0.860000,-0.096463590706,0.046209185176,0.040956434761,0.114533587540,3
0.870000,-0.019580876096,0.065720364899,-0.034414203367,0.076726230616,3
0.880000,0.039789233810,0.023552756332,-0.054666894867,0.071598776892,3
0.890000,0.069863178812,-0.055026178308,-0.034149971689,0.095262608716,3
0.900000,-0.014272364391,-0.079429093292,0.036468521834,0.088558649104,3
0.910000,-0.050693838613,-0.025782167576,0.068052423958,0.088688882307,3
0.920000,-0.059875936883,0.023926672113,0.029206808900,0.070785953000,3
0.930000,-0.020177764459,0.057693542052,-0.052125274035,0.080328893720,3
0.940000,0.021811142281,0.009625553562,-0.051141466611,0.056425409313,3
0.950000,0.043722394534,-0.028817066407,-0.026194184904,0.058550887464,3
0.960000,-0.007553800640,-0.060055484164,0.037721028621,0.071320383359,3
0.970000,-0.057980338281,0.004898691899,0.052208940110,0.078176020856,3
0.980000,-0.043658265455,0.025789293894,-0.001549253999,0.050729991229,3
0.990000,-0.018163637753,0.049100211445,-0.048729429170,0.071521365812,3
1.000000,0.058479508309,-0.003242546855,-0.041989187785,0.072065656821,3
1.010000,0.047716025069,-0.039493825566,0.002397260604,0.061986515990,3
1.020000,-0.014680181796,-0.035047625544,0.040087307703,0.055234373652,3
1.030000,-0.059542448619,0.004231572898,0.050016388262,0.077877137155,3
1.040000,-0.022587856335,0.060171886170,-0.004598433344,0.064436113541,3
1.050000,0.009037847840,0.059874328155,-0.051548423399,0.079522687458,3
1.060000,0.034608883326,-0.018834682886,-0.037169203351,0.054167054214,3
1.070000,0.051175591341,-0.057965392729,0.003795426037,0.077416620710,3
1.080000,-0.011087360685,-0.026162503654,0.055750181810,0.062573867839,3
1.090000,-0.054177087599,0.003526438875,0.032174010890,0.063109108444,3
1.100000,-0.002250739531,0.055184870351,0.001518372338,0.055251617159,3
1.110000,0.038413202631,0.007805153645,-0.041360436326,0.056984035070,3
1.120000,0.071702546917,-0.021755170447,-0.038535868753,0.084258862182,3
1.130000,0.044438259564,-0.049849192461,0.018489475773,0.069293301382,3
1.140000,-0.021958827036,-0.025742954915,0.046972850553,0.057890746252,3
1.150000,-0.036570027982,0.015002988150,0.030616069473,0.049998003060,3
1.160000,-0.002515988640,0.056434896805,-0.002852617721,0.056562931361,3
1.170000,0.052808781452,0.016990305650,-0.042724943432,0.070020416135,3
1.180000,0.050755591430,-0.023691184259,-0.003332615328,0.056111572763,3
1.190000,0.006149315748,-0.048670440679,0.011091860911,0.050295678328,3
1.200000,-0.031059311341,-0.018621974280,0.036430500125,0.051367694969,3
1.210000,-0.025065395383,0.044589530664,0.022375992734,0.055831759254,3
1.220000,-0.001455637545,0.062362405687,-0.010383546068,0.063237698825,3
1.230000,0.045318685792,0.009613238410,-0.057529084386,0.073863341279,3
1.240000,0.034611556718,-0.021741837314,-0.015687360879,0.043780825022,3
1.250000,-0.002997308152,-0.046176689780,0.012196824644,0.047854289950,3
1.260000,-0.057203965358,-0.014977140970,0.052090724586,0.078803883104,3
1.270000,-0.043220003033,0.026641026738,0.022651962356,0.055595182943,3
1.280000,-0.005067211583,0.027264813361,-0.023269045032,0.036200761561,3
1.290000,0.025911023419,0.009461213482,-0.038099669191,0.047037011892,3
1.300000,0.027974699655,-0.039926623860,-0.009935651452,0.049753756476,3
1.310000,-0.018072854216,-0.036634844978,0.018468560686,0.044831101479,3
1.320000,-0.049951936169,-0.004927312714,0.037762528015,0.062813078731,3
1.330000,-0.042123788776,0.045793172892,0.031103604966,0.069561932882,3
1.340000,0.004810198311,0.022890260128,-0.029898967201,0.037961167740,3
1.350000,0.026898412624,0.002259375969,-0.044722539396,0.052237294259,3
1.360000,0.011597637127,-0.031759426233,0.005397733402,0.034238894075,3
1.370000,-0.022698328419,-0.032467985836,0.035072461654,0.052909940311,3
1.380000,-0.045069867149,-0.010093957927,0.030999818246,0.055625260833,3
1.390000,-0.023721811531,0.030902498924,0.000637480008,0.038962740700,3
1.400000,0.016386953436,0.024151995501,-0.037927412716,0.047857494345,3
1.410000,0.035055838653,-0.014176399502,-0.019761680924,0.042666218012,3
1.420000,0.027421900051,-0.028889549472,0.003831917796,0.040015625262,3
1.430000,-0.014565766515,-0.034207988271,0.037984637281,0.053152428778,3
1.440000,-0.030495175253,0.019979198389,0.029597597971,0.046958938314,3
1.450000,-0.010509187280,0.036004247024,-0.007401143025,0.038229906344,3
1.460000,0.022342528426,0.024112279047,-0.037646486355,0.049978480491,3
1.470000,0.041832692998,-0.021552299368,-0.024740844539,0.053165639280,3
1.480000,0.016676701271,-0.034008135172,0.008862529348,0.038900000638,3
1.490000,-0.019044592926,-0.007908460545,0.039944313276,0.044953180433,3
1.500000,-0.034319775925,0.011633143047,0.014932490041,0.039193829814,3
1.510000,0.002751609919,0.033216819051,-0.001375804953,0.033358975768,3
1.520000,0.036638369157,0.022225958822,-0.032094572434,0.053539003724,3
1.530000,0.061810086354,-0.012261467003,-0.005542869616,0.063257835497,3
1.540000,0.007560103032,-0.036501027325,0.030092095200,0.047906308010,3
1.550000,-0.015871745800,0.000162074159,0.035091340882,0.038514163468,3
1.560000,-0.037696580816,0.030846717399,0.020243636600,0.052748052119,3
1.570000,-0.004514563513,0.045448861788,-0.022264348236,0.050810250185,3
1.580000,0.039217011729,0.006025877649,-0.039885625079,0.056259650713,3
1.590000,0.039334991203,-0.026413634614,-0.009051188835,0.048237388464,3
1.600000,0.009578586513,-0.043991902507,0.030316171734,0.054278053340,3
1.610000,-0.010255703097,-0.004123337257,0.040783625650,0.042255005352,3
1.620000,-0.024979984700,0.022253028724,0.012881211501,0.035848605729,3
1.630000,0.004831687709,0.039864827607,-0.043605461657,0.059278883024,3
1.640000,0.020861168682,-0.000480079583,-0.052565115693,0.056555373070,3
1.650000,0.016647463279,-0.031012857472,-0.001018830352,0.035213255707,3
1.660000,-0.013219621962,-0.033678712863,0.026719095880,0.044976929526,3
1.670000,-0.031893078008,0.000837247513,0.024984692816,0.040522885921,3
1.680000,-0.025707209293,0.028055258353,-0.008908035560,0.039080829424,3
1.690000,0.013562334929,0.018009688842,-0.046655509276,0.051817201456,3
1.700000,0.029667395227,-0.001163980258,-0.028845634457,0.041395408161,3
1.710000,0.020033469717,-0.033662752403,-0.004878804097,0.039475606869,3
1.720000,-0.028369070059,-0.036814538231,0.059661914109,0.075628422939,3
1.730000,-0.064433733701,0.026657952167,0.042166764919,0.081488579053,3
1.740000,-0.030986061663,0.051794677196,-0.023107116734,0.064627884439,3
1.750000,0.014424360689,0.015587970432,-0.062147012157,0.065675704211,3
1.760000,0.037403153327,-0.012780228607,-0.038633073434,0.055270647590,3
1.770000,0.011536814505,-0.044154024312,0.005544616274,0.045971934063,3
1.780000,-0.059489598974,-0.032040696137,0.060426793818,0.090647757866,3
1.790000,-0.049722936122,0.007222166781,0.034692805817,0.061058339685,3
1.800000,-0.028792664894,0.040362472048,-0.037237569603,0.062006316545,3
1.810000,0.030771151264,0.034795004027,-0.033548103765,0.057297742727,3
1.820000,0.038779904973,-0.027908853872,-0.040757780088,0.062801128906,3
1.830000,0.000755491736,-0.063651201276,0.028221817844,0.069631294646,3
1.840000,-0.014987686478,-0.043324733538,0.053161731041,0.070198525122,3
1.850000,-0.044784378441,0.028490934023,0.029855685724,0.060899391162,3
1.860000,0.000638182482,0.065393720635,-0.022749300410,0.069240715223,3
1.870000,0.050791878798,0.011038131988,-0.059538040235,0.079034382041,3
1.880000,0.039256944929,-0.031107095773,-0.049017317917,0.070081784997,3
1.890000,0.007295445796,-0.050764364628,0.032199544184,0.060556212655,3
1.900000,-0.031393311112,-0.000428723175,0.031230090598,0.044283657763,3
1.910000,-0.044382541828,0.050905519121,0.017219702184,0.069697202522,3
1.920000,0.009555636312,0.069353705120,-0.027436701790,0.075193212489,3
1.930000,0.069711969074,0.005745889737,-0.044008800182,0.082641081639,3
1.940000,0.066258851064,-0.056154323143,-0.019519453159,0.089019955087,3
1.950000,0.018688924862,-0.058175050228,0.042191043035,0.074254269196,3
1.960000,-0.024452167955,-0.016901358267,0.063408496961,0.070030007253,3
1.970000,-0.037531766821,0.047231298870,0.005901849688,0.060615682323,3
1.980000,0.024582892525,0.052112999985,-0.046275526661,0.073902014452,3
1.990000,0.079934795260,-0.007985481688,-0.060896650056,0.100805463142,3
2.000000,0.034275796960,-0.054127993878,-0.003194850964,0.064147307435,3
2.010000,-0.014585640255,-0.046131191613,0.053005674523,0.071766491296,3
2.020000,-0.047915220562,0.012993545110,0.066094294595,0.082662907970,3
2.030000,-0.041605055527,0.074394953425,-0.024368151446,0.088653237648,3
2.040000,0.014011400102,0.063911346326,-0.057088111712,0.086833357766,3
2.050000,0.065355834492,-0.001633635062,-0.054877124229,0.085355448738,3
2.060000,0.038809851609,-0.044869810367,0.010620566496,0.060268573045,3
2.070000,-0.036396933997,-0.045135307630,0.049362830663,0.076148682525,3
2.080000,-0.073820777671,0.026022672844,0.049883382795,0.092817232220,3
2.090000,-0.033534992002,0.065277848222,-0.007215056921,0.073741780582,3
2.100000,0.014017515006,0.045137591697,-0.081199870866,0.093953775548,3
2.110000,0.057516380206,-0.011892377397,-0.049607368156,0.076879474553,3
2.120000,-0.009753421316,-0.091887746061,0.016185711431,0.093810790200,3
2.130000,-0.051983412959,-0.036771664360,0.055889011519,0.084723149914,3
2.140000,-0.075832728315,0.032230425941,0.005432817546,0.082576743376,3
2.150000,-0.045268505031,0.061796574182,-0.027808380891,0.081494540775,3
2.160000,0.033819401257,0.006376197651,-0.061460521587,0.070440070355,3
2.170000,0.058065454909,-0.061039189769,-0.070549024465,0.109884232692,3
2.180000,0.006088805806,-0.073557465226,0.028503182850,0.079121461559,3
2.190000,-0.080968256108,-0.022774468425,0.051465884561,0.098606653847,3
2.200000,-0.058616517607,0.043016527190,0.035233055726,0.080794096094,3
2.210000,-0.018317257072,0.054424090995,-0.035504191026,0.067513340665,3
2.220000,0.045458277560,0.011892829778,-0.088943749589,0.100592668669,3
2.230000,0.072368069578,-0.039348930558,-0.023557356093,0.085676279428,3
2.240000,0.024027235519,-0.055029051333,0.060802461493,0.085454337870,3
2.250000,-0.036889091240,-0.027229724162,0.066093655310,0.080440252378,3
2.260000,-0.060881463002,0.068239861266,0.013888404838,0.092499291845,3
2.270000,0.014757406373,0.060098281475,-0.060673577534,0.086665261148,3
2.280000,0.108449765037,0.003748616869,-0.071902666705,0.130174487302,3
2.290000,0.066102674243,-0.055212976030,-0.011487948757,0.086890789102,3
2.300000,-0.002529653383,-0.050641458115,0.084901592335,0.098890023800,3
2.310000,-0.062436318811,0.019986883380,0.067588560012,0.094159348226,3
2.320000,-0.039259073056,0.056402570745,-0.003881522768,0.068830160707,3
2.330000,0.019889843517,0.078869685841,-0.075755464941,0.111152704367,3
2.340000,0.096159862992,-0.016149895479,-0.067900156179,0.118819062376,3
2.350000,0.068946531206,-0.065161481984,0.008506101225,0.095247029653,3
2.360000,-0.003034646323,-0.060984681772,0.058475220028,0.084544023127,3
2.370000,-0.064618704642,0.024253895135,0.048730649377,0.084489671603,3
2.380000,-0.034339595972,0.072370481597,0.013207410774,0.081185775586,3
2.390000,0.045736922093,0.070087211535,-0.056986854166,0.101250110178,3
2.400000,0.072073578755,-0.025250777986,-0.041928366078,0.087121698935,3
2.410000,0.037394715393,-0.094426869626,0.027908647071,0.105326592217,3
2.420000,-0.033312997405,-0.039193231991,0.040047071347,0.065189210407,3
2.430000,-0.072234241223,0.031862814212,0.034627989211,0.086209756822,3
2.440000,-0.024567793445,0.054943261890,-0.007829308849,0.060692969765,3
2.450000,0.015103777532,0.020011081105,-0.063465473383,0.068238066902,3
2.460000,0.053564753684,-0.049350222653,-0.048921246127,0.087737766302,3
2.470000,0.011880399262,-0.057120515232,0.010672144982,0.059310975591,3
2.480000,-0.056473436930,-0.049994110670,0.073120768641,0.105049069425,3
2.490000,-0.087605516676,0.050927438703,0.041312948178,0.109430755512,3
2.500000,-0.021381530843,0.056409017583,-0.052285028640,0.079830265851,3
2.510000,0.035256048812,0.029662007866,-0.057942076845,0.074027751266,3
2.520000,0.036923733574,-0.041141870602,-0.026175188143,0.061164990738,3
2.530000,0.005793675981,-0.051686216318,0.029525790075,0.059806386935,3
2.540000,-0.068540468963,0.001682318521,0.049978552920,0.084843867388,3
2.550000,-0.063662759992,0.032447513956,0.023276117575,0.075150288230,3
2.560000,-0.012560284613,0.038532008640,-0.026777643048,0.048574876290,3
2.570000,0.040900870608,0.005227932354,-0.069190635311,0.080545369252,3
2.580000,0.044245136225,-0.067290136922,-0.010511378069,0.081216277159,3
2.590000,-0.000570281255,-0.046575060727,0.045758415094,0.065294670949,3
2.600000,-0.054832607057,0.008970916920,0.063272345857,0.084204999242,3
2.610000,-0.040535234526,0.053226009680,0.002849970257,0.066964435897,3
2.620000,-0.013543738750,0.054207828295,-0.050318918854,0.075192520256,3
2.630000,0.054008655493,-0.005682198611,-0.058420662765,0.079763375600,3
2.640000,0.045946596278,-0.055189680379,0.011016543014,0.072652286611,3
2.650000,-0.009773799864,-0.043973902520,0.041326153944,0.061131679729,3
2.660000,-0.052158379998,-0.003494244181,0.059252327537,0.079016103833,3
2.670000,-0.025391573794,0.045466805675,0.001191098557,0.052090125300,3
2.680000,0.016759627204,0.056078621728,-0.036482061006,0.068968381844,3
2.690000,0.068295064917,-0.004492809366,-0.039652026858,0.079099206456,3
2.700000,0.029195404779,-0.042627002051,0.005724129199,0.051982676144,3
2.710000,-0.013087809616,-0.033091847669,0.043285052901,0.056035318749,3
2.720000,-0.057635491088,0.034509411521,0.044063280818,0.080338795317,3
2.730000,-0.016927055109,0.047439333862,0.007925444915,0.050988511148,3
2.740000,0.035636677909,0.040818640366,-0.040530053967,0.067666974872,3
2.750000,0.047991083271,-0.018034428169,-0.018112875747,0.054373347706,3
2.760000,0.013246434825,-0.037562746388,0.029545093096,0.049591737999,3
2.770000,-0.031803046396,-0.030931427176,0.055231413210,0.070842755116,3
2.780000,-0.058686956298,0.018582306161,0.022032364225,0.065382612484,3
2.790000,0.005929390924,0.057464544076,-0.018869314625,0.060773205749,3
2.800000,0.038688751524,0.026100349252,-0.053089478349,0.070686211080,3
2.810000,0.041781998341,-0.029687326690,-0.017646134076,0.054207552972,3
2.820000,0.015622304377,-0.036660641387,0.026657787007,0.047944724726,3
2.830000,-0.036091679040,-0.022327566554,0.039586356723,0.058036274543,3
2.840000,-0.055980065366,0.034374252496,0.009293692896,0.066345532485,3
2.850000,-0.018688701415,0.042165311616,-0.028941093940,0.054449683036,3
2.860000,0.030764840519,0.005399430321,-0.039662143542,0.050484798607,3
2.870000,0.040251040548,-0.032031211534,-0.018573679837,0.054691190883,3
2.880000,-0.022965404301,-0.032243877026,0.015254973258,0.042423950894,3
2.890000,-0.047027790257,-0.007211884715,0.031232067914,0.056912796486,3
2.900000,-0.038052432380,0.032349644517,0.012559235823,0.051499723445,3
2.910000,0.000442094067,0.047275482800,-0.029816478734,0.055894446283,3
2.920000,0.030035068372,0.004178980641,-0.046247460280,0.055302773833,3
2.930000,0.004516886788,-0.033860170924,-0.013577288498,0.036759436941,3
2.940000,-0.016988090673,-0.044441336382,0.039456491717,0.061809726927,3
2.950000,-0.045462287390,0.005567057504,0.028427895687,0.053906928657,3
2.960000,-0.037143095181,0.024702240559,-0.000560179337,0.044610805968,3
2.970000,-0.001747833541,0.035022670506,-0.037295362342,0.051191663616,3
2.980000,0.038761545020,-0.008259608500,-0.037860084544,0.054809346891,3
2.990000,0.024884786232,-0.040392034186,-0.004239934615,0.047631355817,3
3.000000,-0.023656538306,-0.044682384558,0.035229452800,0.061621924986,3
3.010000,-0.049525250871,0.007266086648,0.034496049106,0.060790820795,3
3.020000,-0.034315767154,0.039221549908,-0.009072233929,0.052898083907,3
3.030000,0.021339764194,0.028598654404,-0.037574763599,0.051818253821,3
3.040000,0.048779869683,-0.024037502158,-0.035761714790,0.065085923525,3
3.050000,0.019144995433,-0.036884803891,0.012680451624,0.043448975381,3
3.060000,-0.010122992482,-0.024356279597,0.035341226160,0.044098816300,3
3.070000,-0.020632215174,0.015108294961,0.019583870805,0.032209887850,3
3.080000,-0.006718579425,0.051182010002,-0.021328279395,0.055853674537,3
3.090000,0.035025852417,0.020220017185,-0.034467431123,0.053138152402,3
3.100000,0.057255131246,-0.024160860544,-0.015686805306,0.064093471562,3
3.110000,0.011522544871,-0.035580601495,0.013310716512,0.039697901923,3
3.120000,-0.003961911551,-0.018710955190,0.031710662115,0.037031914331,3
3.130000,-0.037490398365,0.032570435263,0.011371970374,0.050947864852,3
3.140000,0.003299415147,0.044160648067,-0.027566362287,0.052162757862,3
3.150000,0.022771183732,0.023305813429,-0.035455555150,0.048153755192,3
3.160000,0.034691432410,-0.026889654235,-0.024933078745,0.050479772218,3
3.170000,-0.000227262805,-0.036744869834,0.019521929919,0.041609408254,3
3.180000,-0.025589052104,-0.001633936429,0.037945577520,0.045796683167,3
3.190000,-0.042356519790,0.021974142522,0.008904016963,0.048540902612,3
3.200000,-0.001122519137,0.026968552374,-0.030207767309,0.040510147768,3
3.210000,0.035688636808,0.002873513755,-0.030088580636,0.046768136196,3
3.220000,0.039915847689,-0.034226173192,-0.019168410471,0.055965469605,3
3.230000,-0.000127914936,-0.041484142901,0.033153477950,0.053104647392,3
3.240000,-0.046004582175,-0.004787181814,0.038204030320,0.059990721145,3
3.250000,-0.029861223269,0.034181646799,0.007625902118,0.046024254650,3
3.260000,0.004092284629,0.027633897780,-0.041763991522,0.050245498185,3
3.270000,0.030246373478,-0.010360931440,-0.040489409188,0.051590544340,3
3.280000,0.014268750703,-0.034604589419,-0.005594870058,0.037846762431,3
3.290000,-0.018585541829,-0.028736305229,0.040098234198,0.052716847299,3
3.300000,-0.056882665338,0.002812248780,0.039420521054,0.069264159847,3
3.310000,-0.036680993048,0.047000110084,-0.012781487318,0.060974355404,3
3.320000,-0.000363715726,0.028807987609,-0.029617447108,0.041318586767,3
3.330000,0.031503812102,-0.014061363596,-0.027609935583,0.044187336037,3
3.340000,0.014120504179,-0.048118956748,0.008211239074,0.050815815293,3
3.350000,-0.029235912096,-0.045801822848,0.043100358047,0.069355507324,3
3.360000,-0.047565777274,0.019753285127,0.040763615518,0.065683847261,3
3.370000,-0.024475772428,0.045468168131,-0.016505777901,0.054211239178,3
3.380000,0.023619214601,0.035312734545,-0.062284822514,0.075394002646,3
3.390000,0.041478979311,-0.011765112490,-0.039472578594,0.058455179903,3
3.400000,0.005961263697,-0.053236575373,0.024976284044,0.059105705198,3
3.410000,-0.042959482121,-0.036030966071,0.049033347586,0.074485010543,3
3.420000,-0.043439821413,0.029085380091,0.034122889487,0.062428751440,3
3.430000,-0.006610112856,0.056320744577,-0.015469791679,0.058779539946,3
3.440000,0.041194754607,0.035611220091,-0.051742934902,0.075116563525,3
3.450000,0.070816927747,-0.036602474316,-0.031669682968,0.085777311691,3
3.460000,0.018862305532,-0.052122846102,0.057518121457,0.079880610611,3
3.470000,-0.036186316968,-0.019265937554,0.042123113399,0.058779099755,3
3.480000,-0.041339928633,0.041018633068,0.040368231075,0.070859805520,3
3.490000,-0.001747573976,0.085880261600,-0.052685559035,0.100768256302,3
3.500000,0.051137091315,0.021720896993,-0.056346068371,0.079130770850,3
3.510000,0.053524637767,-0.048385833042,-0.004493765048,0.072292943028,3
3.520000,0.026652482647,-0.053986864180,0.046975873139,0.076365365136,3
3.530000,-0.053303645129,0.000384273196,0.048171826032,0.071846719294,3
3.540000,-0.029579698919,0.074686796683,-0.000320192407,0.080331679368,3
3.550000,0.019464464056,0.033896564602,-0.047525739931,0.061534855235,3
3.560000,0.064990278554,-0.007410950084,-0.054152047006,0.084918211725,3
3.570000,0.060374353792,-0.030653076505,-0.014376779646,0.069219690032,3
3.580000,-0.018055579581,-0.047040570131,0.052536091374,0.072793269532,3
3.590000,-0.080381276477,-0.003837052493,0.065171659492,0.103552970894,3
3.600000,-0.069103350887,0.064407244626,-0.000339135603,0.094465238459,3
3.610000,0.025697357910,0.038081875836,-0.051039981251,0.068670686300,3
3.620000,0.058560425738,-0.003969939433,-0.054449429340,0.080061377937,3
3.630000,0.034511345887,-0.078790732574,-0.018866287638,0.088062190205,3
3.640000,-0.053827819735,-0.075893792592,0.052664299997,0.106915061734,3
3.650000,-0.056933038580,0.037645755841,0.037819523219,0.078031340828,3
3.660000,-0.037441421604,0.063879761873,0.000234860619,0.074044170521,3
3.670000,0.040956009101,0.042139520163,-0.045441030194,0.074283383513,3
3.680000,0.077912043765,-0.038209534867,-0.058835632118,0.104842199161,3
3.690000,0.035836454768,-0.044728360108,0.017958382576,0.060061478445,3
3.700000,-0.059493400068,-0.042306458678,0.081940435168,0.109743045397,3
3.710000,-0.085113364396,0.028631555770,0.042193240751,0.099218548416,3
3.720000,-0.045653332362,0.070650028995,-0.046211753587,0.095974890062,3
3.730000,0.058479476430,0.056763506298,-0.065113159306,0.104315235348,3
3.740000,0.059797053444,-0.048391019687,-0.036580359942,0.085179229396,3
3.750000,0.031465852330,-0.092680950040,0.026128747675,0.101304342544,3
3.760000,-0.042293918076,-0.029007749703,0.078617782541,0.093866824708,3
3.770000,-0.077882087789,0.069905096194,0.044723509258,0.113809201529,3
3.780000,-0.014665857605,0.055966002406,-0.037761575306,0.069088474973,3
3.790000,0.068596937134,0.028368515368,-0.069483228159,0.101677093997,3
3.800000,0.061989306649,-0.087454151706,-0.023580896310,0.109758650958,3
3.810000,0.015533356566,-0.093783389523,0.047633377787,0.106327550504,3
3.820000,-0.038094366591,-0.023890162918,0.066421637458,0.080210688644,3
3.830000,-0.051756464604,0.072175107365,0.023311425839,0.091822656932,3
3.840000,0.008919854849,0.080002554029,-0.034423956930,0.087549878768,3
3.850000,0.081380743258,0.028650509006,-0.071764376383,0.112222113494,3
3.860000,0.054723884745,-0.071375548682,-0.007413415855,0.090244840550,3
3.870000,0.016846268828,-0.075743685842,0.058075449067,0.096920898173,3
3.880000,-0.045762717033,0.022978306434,0.049447195601,0.071184647149,3
3.890000,-0.020538619912,0.063688895407,0.004846658120,0.067093966949,3
3.900000,0.015781899250,0.048068772794,-0.042823678442,0.066283804184,3
3.910000,0.071138371931,0.013108968517,-0.053860411644,0.090185680455,3
3.920000,0.083223193207,-0.049039767607,0.010585967297,0.097175415606,3
3.930000,-0.025215622048,-0.046873809732,0.077295185237,0.093848427237,3
3.940000,-0.059424764468,0.013727191685,0.089994792608,0.108714309639,3
3.950000,-0.037636811654,0.051072738599,0.031147216573,0.070676044879,3
3.960000,0.024300342691,0.042768849842,-0.059236118926,0.076997395782,3
3.970000,0.074208003884,-0.009994477370,-0.059564211594,0.095679740391,3
3.980000,0.052112155048,-0.077986147253,-0.004152251831,0.093886937656,3
3.990000,-0.016552032091,-0.047463531417,0.094119487875,0.106701614696,3
4.000000,-0.066637847192,0.004005764354,0.060161942161,0.089867169261,3
4.010000,-0.033464612088,0.090907661000,-0.021950880870,0.099327359079,3
4.020000,0.028203210253,0.032948527932,-0.079836760315,0.090856672067,3
4.030000,0.051772084794,-0.026454957517,-0.029371055973,0.065137335455,3
4.040000,0.013560379287,-0.062459845351,0.026053366034,0.069020968187,3
4.050000,-0.067946968477,-0.050920626359,0.069719611940,0.109865941051,3
4.060000,-0.084774632877,0.035583145551,0.034942471857,0.098355858830,3
4.070000,-0.020678667563,0.053826634280,-0.032149240185,0.066018841967,3
4.080000,0.031749941489,0.024282751687,-0.066889207613,0.077922249128,3
4.090000,0.062031996585,-0.044089016056,-0.030767248781,0.082087962179,3
4.100000,-0.023814907005,-0.056194834634,0.018900412703,0.063892369149,3
4.110000,-0.056744406485,-0.035518757527,0.046385243742,0.081443849618,3
4.120000,-0.067738648406,0.039181720450,0.007580428605,0.078620573663,3
4.130000,-0.019952651858,0.070281252867,-0.041128013555,0.083839586829,3
4.140000,0.060423238912,0.016177695637,-0.067669009351,0.092150857094,3
4.150000,0.048250298458,-0.040535163549,-0.015397256680,0.064871151512,3
4.160000,-0.001855683148,-0.057990723886,0.028535445851,0.064657863301,3
4.170000,-0.056706809286,-0.018569861074,0.067217969920,0.089881908301,3
4.180000,-0.058582194257,0.050488774108,0.026395676517,0.081717327010,3
4.190000,0.018338214998,0.044041042838,-0.040793945527,0.062769814204,3
4.200000,0.051394218424,-0.001648854016,-0.046330086358,0.069213880897,3
4.210000,0.023521667002,-0.062479637087,0.007052276449,0.067132022703,3
4.220000,0.001411889549,-0.045318393008,0.040287225954,0.060653200674,3
4.230000,-0.033008513329,0.002557672405,0.047416096228,0.057830699648,3
4.240000,-0.031298028898,0.053356770329,0.001677131303,0.061881534582,3
4.250000,0.022045712414,0.054911976517,-0.046502832196,0.075258567639,3
4.260000,0.068012518075,-0.011478358632,-0.041739152037,0.080620172070,3
4.270000,0.036840129121,-0.050247457668,0.000150911701,0.062305897715,3
4.280000,-0.011020770438,-0.020742497584,0.038032873296,0.044701320318,3
4.290000,-0.031305437770,0.006765882443,0.045851409296,0.055929950238,3
4.300000,-0.029147783470,0.052791102824,-0.016057818722,0.062404706238,3
4.310000,0.049226852577,0.028806728815,-0.054027317321,0.078562469771,3
4.320000,0.057908270484,-0.022249028547,-0.038428169934,0.072973360250,3
4.330000,0.036584785162,-0.033944702656,0.017121454590,0.052762046502,3
4.340000,-0.017732498665,-0.022848413925,0.040549740678,0.049807358863,3
4.350000,-0.038723558056,0.020478942410,0.037261008605,0.057508988801,3
4.360000,-0.004010755740,0.036251263367,-0.021775042950,0.042478144413,3
4.370000,0.031687047306,0.019467787460,-0.039734891459,0.054423573154,3
4.380000,0.045061391007,-0.032509332575,-0.014335567606,0.057383744759,3
4.390000,-0.002528771468,-0.037785379163,0.015086947600,0.040764513385,3
4.400000,-0.040510573791,-0.017339714700,0.035053698213,0.056307495532,3
4.410000,-0.033855284095,0.038609556747,0.026933236120,0.057985147592,3
4.420000,-0.013624778322,0.036090470649,-0.024479083409,0.045687877829,3
4.430000,0.029350268390,0.010503257407,-0.041633212185,0.052010393457,3
4.440000,0.038185116522,-0.037076701685,-0.027936053801,0.060109966176,3
4.450000,-0.000359707276,-0.036047427084,0.023597437875,0.043085791892,3
4.460000,-0.052250999758,-0.017892606481,0.032664481066,0.064166039816,3
4.470000,-0.032983503665,0.026689537823,0.007457637633,0.043079685494,3
4.480000,-0.013119953266,0.026909007214,-0.024133391803,0.038453198083,3
4.490000,0.019045917533,0.005691187132,-0.050367716324,0.054148346543,3
4.500000,0.014780921162,-0.030875550661,-0.007760550397,0.035099877514,3
4.510000,-0.021504495091,-0.039590735207,0.027969914622,0.053030045703,3
4.520000,-0.041530731838,-0.005388088598,0.028879527746,0.050871016390,3
4.530000,-0.025910425982,0.043395954257,0.017813649696,0.053589972345,3
4.540000,0.011329413131,0.038772930082,-0.044748952543,0.060284031573,3
4.550000,0.015633014670,0.002412497619,-0.043303462342,0.046102073091,3
4.560000,0.038567006338,-0.039291015933,-0.002356257255,0.055106713377,3
4.570000,-0.014664898958,-0.044891172383,0.042634081425,0.063623435292,3
4.580000,-0.044744967574,0.018664955868,0.053990095022,0.072563234915,3
4.590000,-0.027225896875,0.031308768009,-0.011743368242,0.043120703990,3
4.600000,0.014092962982,0.023349791203,-0.027173093963,0.038499368701,3
4.610000,0.023227438166,-0.016322722884,-0.022789705831,0.036404887831,3
4.620000,0.026198910856,-0.031336727088,0.014082025092,0.043205055553,3
4.630000,-0.019695756338,-0.029651016456,0.039010307120,0.052810128348,3
4.640000,-0.035080490249,0.013689987493,0.028393605272,0.047161990777,3
4.650000,-0.018667624736,0.033420295106,0.002082754896,0.038337112648,3
4.660000,0.024198464806,0.034540385297,-0.025500069164,0.049283439843,3
4.670000,0.048896398910,-0.025051462167,-0.032837393726,0.064005687324,3
4.680000,0.015418829064,-0.021508828370,0.020339336794,0.033377516516,3
4.690000,-0.013487739535,-0.020097418315,0.046763503287,0.052655964338,3
4.700000,-0.041122600281,0.011309524878,0.030155899521,0.052233627892,3
4.710000,0.005551501145,0.041849299757,-0.019982420207,0.046706318336,3
4.720000,0.031747072574,0.011456884817,-0.023674711544,0.041226554470,3
4.730000,0.049368060560,-0.014354086792,-0.020066702472,0.055189833839,3
4.740000,0.014106828261,-0.027500141692,0.009623903998,0.032370973492,3
4.750000,-0.020999901001,-0.016950010079,0.026960141517,0.038146401067,3
4.760000,-0.035441887595,0.017968353191,0.032482115282,0.051323259112,3
4.770000,-0.001658940115,0.046126828566,-0.017979766956,0.049534921173,3
4.780000,0.030395071397,-0.001290229055,-0.042693735942,0.052424041669,3
4.790000,0.027652041335,-0.022120219748,-0.009555445756,0.036677596094,3
4.800000,-0.001913976497,-0.049490488060,0.023162422738,0.054676041750,3
4.810000,-0.029100233416,-0.003349615635,0.036267795336,0.046619700646,3
4.820000,-0.052144758022,0.037444467943,0.005151675727,0.064402668668,3
4.830000,-0.004028035636,0.035504582311,-0.023733323780,0.042896049862,3
4.840000,0.037476125706,-0.006085452443,-0.028351282244,0.047384469336,3
4.850000,0.033712632522,-0.043799794062,-0.012351360332,0.056634968469,3
4.860000,-0.033471574461,-0.033196088738,0.032401547409,0.057203032078,3
4.870000,-0.044589583610,0.005086028596,0.042372819527,0.061721588509,3
4.880000,-0.034760977122,0.032221354691,0.005011200424,0.047661864821,3
4.890000,-0.004476481870,0.030765615520,-0.035227436334,0.046984404422,3
4.900000,0.034724156581,-0.015229105735,-0.034824344808,0.051482304756,3
4.910000,0.028286626714,-0.042142872736,-0.019905841954,0.054519698433,3
4.920000,-0.027548102452,-0.035528212653,0.038100365447,0.058930380027,3
4.930000,-0.057848991131,0.013318458408,0.053213608206,0.079721861540,3
4.940000,-0.027879149639,0.052973741644,-0.021428389489,0.063581759683,3
4.950000,0.020076082596,0.031450300038,-0.044943549207,0.058413124212,3
4.960000,0.058712902457,-0.020944515072,-0.040485556041,0.074330060369,3
4.970000,0.013116877414,-0.048119325145,0.004773954843,0.050103019573,3
4.980000,-0.036847236808,-0.032235449724,0.045007400555,0.066501948723,3
4.990000,-0.052379717102,0.021303284369,0.048374376094,0.074414682362,3
5.000000,-0.002995476226,0.055841159488,-0.018763341492,0.058985345254,3
5.010000,0.030678905009,0.029420938025,-0.047396153196,0.063664606687,3
5.020000,0.050445175099,-0.036735862230,-0.036056480940,0.072071555293,3
5.030000,0.017761764435,-0.043938738086,0.003547186194,0.047525524830,3
5.040000,-0.033358504188,-0.023021703261,0.055879573842,0.069031263899,3
5.050000,-0.039159549647,0.037824235976,0.017935278005,0.057322049447,3
5.060000,0.001612769913,0.053994423666,-0.040738422143,0.067658095248,3
5.070000,0.053602562823,0.007780652776,-0.054829827935,0.077071936074,3
5.080000,0.058933376955,-0.039362415010,0.018613177140,0.073273412627,3
5.090000,0.019283959016,-0.046086332413,0.037233964071,0.062307216204,3
5.100000,-0.045119889042,-0.009168390811,0.065051756549,0.079696893335,3
5.110000,-0.049951719702,0.055981947245,0.026224169905,0.079478675164,3
5.120000,-0.009336379468,0.054096115615,-0.049846404281,0.074149994781,3
5.130000,0.043703440290,0.012947561372,-0.052976937640,0.069886951288,3
5.140000,0.074508405837,-0.031621348497,0.005034317487,0.081097204476,3
5.150000,-0.016215390907,-0.058110140602,0.045352647165,0.075475757352,3
5.160000,-0.044708198313,0.005153461106,0.059945527677,0.074958971753,3
5.170000,-0.059169815214,0.049237954194,0.011762874648,0.077870459005,3
5.180000,0.004272248815,0.045465949269,-0.043938311480,0.063371759235,3
5.190000,0.077687559346,0.004674302108,-0.060432913979,0.098535998850,3
5.200000,0.010689851491,-0.071512187328,-0.015381154335,0.073924595163,3
5.210000,-0.030543463082,-0.070355051776,0.054892870123,0.094318416217,3
5.220000,-0.073172522054,0.003615490837,0.076311087493,0.105785971812,3
5.230000,-0.061574098272,0.065923167570,-0.008772665968,0.090632186714,3
5.240000,0.016954236669,0.039000868922,-0.073628299943,0.085027292501,3
5.250000,0.045719642244,-0.033829667567,-0.040199200061,0.069647022766,3
5.260000,0.013416726560,-0.078352114833,0.006503191282,0.079758096437,3
5.270000,-0.039844130005,-0.027508270967,0.035914064507,0.060283328515,3
5.280000,-0.089426406738,0.028480540484,0.023859110532,0.096837392384,3
5.290000,-0.054019601225,0.050382144951,-0.008096373321,0.074310356662,3
5.300000,0.030848670153,0.037679702669,-0.059699847928,0.077042016369,3
5.310000,0.060654457995,-0.018681746967,-0.034725211443,0.072345084520,3
5.320000,0.013449165207,-0.082872138417,-0.000456763886,0.083957608374,3
5.330000,-0.031490590337,-0.035987648543,0.043226547208,0.064461635962,3
5.340000,-0.060080594929,0.016560568923,0.047118973997,0.078128919361,3
5.350000,-0.014180703708,0.039969773805,-0.032899559308,0.053675470919,3
5.360000,0.046653124532,0.026574927266,-0.077120165305,0.093969466767,3
5.370000,0.068983384538,-0.003750327588,-0.029566500465,0.075146192513,3
5.380000,0.014255794832,-0.066731390040,0.049597703818,0.084357799444,3
5.390000,-0.055775127648,-0.045155470833,0.050304646238,0.087638112961,3
5.400000,-0.061907191935,0.029326216637,0.054427113798,0.087491931697,3
5.410000,0.011868216418,0.051759234663,-0.037644765603,0.065092252313,3
5.420000,0.062554588048,0.025612947038,-0.054531345276,0.086849105692,3
5.430000,0.072079693996,-0.048167783867,-0.028065618672,0.091122426661,3
5.440000,0.006017506336,-0.052673532606,0.041444950515,0.067293352888,3
5.450000,-0.053228140150,-0.004053772071,0.066582357808,0.085339781715,3
5.460000,-0.051393464263,0.038197178184,0.002630928871,0.064087708470,3
5.470000,0.043395412718,0.060769268779,-0.051922213153,0.090950437556,3
5.480000,0.080972373584,0.007387142480,-0.043747694343,0.092330687847,3
5.490000,0.072999524371,-0.054216849903,0.002028244976,0.090953346005,3
5.500000,-0.001864573241,-0.071662936613,0.049892859804,0.087340429223,3
5.510000,-0.058622738667,-0.002092441165,0.064828446381,0.087428435071,3
5.520000,-0.037365867297,0.093581859129,0.001039864752,0.100771294105,3
5.530000,-0.007338951949,0.047428712600,-0.042978999406,0.064424664412,3
5.540000,0.058774876370,-0.017830863691,-0.062054068767,0.087310556308,3
5.550000,0.024495292342,-0.059075631202,0.012565549006,0.065175475224,3
5.560000,-0.021492237261,-0.045553700152,0.037134290474,0.062578042387,3
5.570000,-0.043145221136,0.014044288161,0.057040158637,0.072885745068,3
5.580000,-0.018630151710,0.045692612986,-0.007044574495,0.049844994373,3
5.590000,-0.008751906406,0.047245254258,-0.054180688931,0.072417242205,3
5.600000,0.076910294440,-0.016810324826,-0.042842383341,0.089628400755,3
5.610000,0.019426821515,-0.059521562871,0.020910576704,0.066011135870,3
5.620000,-0.041941662365,-0.038369377331,0.051756530594,0.076876853590,3
5.630000,-0.058159363617,0.017350237088,0.046934606043,0.076722874997,3
5.640000,-0.049166250044,0.061467477218,-0.013959581019,0.079940232681,3
5.650000,0.027721740268,0.021267555283,-0.044141447316,0.056296280182,3
5.660000,0.035054480576,-0.035562967921,-0.047259970001,0.068753516712,3
5.670000,0.012522533279,-0.046694543578,0.026645448709,0.055201215354,3
5.680000,-0.051432791686,-0.002925366786,0.035162402366,0.062372144196,3
5.690000,-0.057426551629,0.040251624684,0.023283224195,0.073892561538,3
5.700000,-0.025180418918,0.051357795428,-0.034470591823,0.066782470370,3
5.710000,0.047323920528,0.033684706789,-0.041272013607,0.071257224425,3
5.720000,0.052556806347,-0.024038551024,-0.015169058538,0.059750900961,3
5.730000,-0.002505886614,-0.064962310101,0.033866412423,0.073302899614,3
5.740000,-0.041244754125,-0.008600598356,0.056886313160,0.070789495406,3
5.750000,-0.046700301528,0.041241434830,0.019209691100,0.065198054739,3
5.760000,0.004668821551,0.047267788869,-0.043869635279,0.064657456328,3
5.770000,0.056721002382,-0.001384615801,-0.049326963356,0.075182036326,3
5.780000,0.024600218676,-0.019874470273,-0.005880825498,0.032167521447,3
5.790000,0.001864414428,-0.036803694081,0.037391342433,0.052498575486,3
5.800000,-0.051928654720,-0.008587860027,0.065264413414,0.083843784380,3
5.810000,-0.026212974781,0.053918750026,0.003890561569,0.060079015642,3
5.820000,0.013354731808,0.044706736725,-0.013525410295,0.048579603682,3
5.830000,0.063945929791,0.010882589080,-0.051452421400,0.082794108183,3
5.840000,0.043052527712,-0.045099418795,-0.007828567798,0.062839193119,3
5.850000,-0.010597241512,-0.032667081081,0.043566622705,0.055475132519,3
5.860000,-0.030891854632,0.013933301635,0.038382075667,0.051201829162,3
5.870000,-0.001833748480,0.069176469182,-0.005169523309,0.069393591154,3
5.880000,0.014124266717,0.024645164932,-0.032407296887,0.043094221844,3
5.890000,0.056985915900,-0.009292390827,-0.029428763771,0.064805827480,3
5.900000,0.018855404212,-0.043447123747,0.014498963263,0.049531795501,3
5.910000,-0.007020640918,-0.018972554764,0.041083421478,0.045794047141,3
5.920000,-0.042062371425,0.025364247708,0.019294978480,0.052772003432,3
5.930000,-0.018274744667,0.041162831894,-0.011250602160,0.046421127422,3
5.940000,0.015091078206,0.033421624094,-0.026418801972,0.045196224357,3
5.950000,0.041166569698,-0.016742571481,-0.028991734120,0.053061481395,3
5.960000,0.010132983109,-0.031051662153,0.015972718366,0.036359466459,3
5.970000,-0.033653854699,-0.025175686088,0.037717575809,0.056471343450,3
5.980000,-0.045915654177,0.027144661552,0.029263548588,0.060839421638,3
5.990000,-0.022685001382,0.047185036806,-0.011280011517,0.053556284840,3
6.000000,0.009126391453,0.010741983731,-0.035084156009,0.037809777020,3
6.010000,0.031335091906,-0.033954876739,-0.015739692196,0.048811469447,3
6.020000,0.003598609697,-0.016533487410,0.022099274284,0.027833147892,3
6.030000,-0.029029400536,-0.015090478614,0.042043346765,0.053273554861,3
6.040000,-0.048230198918,0.025284746445,0.020469860681,0.058176332703,3
6.050000,-0.012866241462,0.041230946333,-0.022865193389,0.048870729211,3
6.060000,0.019267083195,0.005702092536,-0.034526214064,0.039947388046,3
6.070000,0.015128188832,-0.019717892846,-0.018986199740,0.031275120722,3
6.080000,-0.006246882060,-0.030901366074,0.015171324562,0.034986955422,3
6.090000,-0.035061712062,-0.002054567067,0.023550731517,0.042286899313,3
6.100000,-0.033462353594,0.022348330626,-0.000146261238,0.040239264185,3
6.110000,0.002161980888,0.031287662965,-0.019795388199,0.037087051772,3
6.120000,0.024576377635,-0.002363094096,-0.034445609876,0.042380214619,3
6.130000,0.022436091414,-0.025885661358,-0.001398783539,0.034284140025,3
6.140000,-0.007813900820,-0.021854252225,0.028596471229,0.036829655892,3
6.150000,-0.016101579749,0.011355926905,0.025472314964,0.032203365910,3
6.160000,-0.023994406664,0.040497716473,-0.007048153884,0.047596985870,3
6.170000,0.005207289090,0.019967139075,-0.020945606322,0.029402736721,3
6.180000,0.024456000288,-0.010444887669,-0.019933204572,0.033234383898,3
6.190000,0.021093390742,-0.033663144915,0.003044067369,0.039842248992,3
6.200000,-0.013709413439,-0.023550251039,0.025652483112,0.037424754249,3
6.210000,-0.026645853141,0.016775086045,0.020459275269,0.037549792888,3
6.220000,-0.013111902382,0.038491886077,0.005960655159,0.041098378165,3
6.230000,0.020709018161,0.027005105940,-0.034155247374,0.048215351323,3
6.240000,0.028602914908,-0.010119706492,-0.016813418573,0.034687551728,3
6.250000,0.025362525911,-0.022400195483,0.016819913953,0.037788040220,3
6.260000,-0.013592627734,-0.024325402045,0.031589850374,0.042123667457,3
6.270000,-0.021826381002,0.018207208333,0.015437930597,0.032345371293,3
6.280000,-0.013605531493,0.041603348482,-0.008742420583,0.044636072965,3
6.290000,0.019203319329,0.015507655610,-0.028904103923,0.038009236764,3
6.300000,0.037534467148,-0.014091462101,-0.006458350775,0.040609307098,3
6.310000,0.010296761868,-0.048231437580,0.017373282540,0.052288869008,3
6.320000,-0.019193092484,-0.007523812007,0.022498867693,0.030515268206,3
6.330000,-0.030782242288,0.027645314529,0.023214124643,0.047441600296,3
6.340000,-0.004964127486,0.025686407349,-0.016196367635,0.030769407027,3
6.350000,0.029682733023,0.011872208410,-0.031240472113,0.044698781528,3
6.360000,0.042111039306,-0.022891863209,-0.019672488172,0.051811039591,3
6.370000,-0.007567582279,-0.037208183074,0.018758283079,0.042350801330,3
6.380000,-0.030974744650,-0.004419611197,0.031331582924,0.044279067941,3
6.390000,-0.028608819356,0.026186057349,0.001072074810,0.038798498539,3
6.400000,0.014012719700,0.028953236821,-0.033083631312,0.046142961507,3
6.410000,0.025148025142,0.001402050173,-0.034366772176,0.042608261441,3
6.420000,0.017990343572,-0.039294414525,-0.023005555111,0.048958748357,3
6.430000,-0.030586046086,-0.044527468455,0.026713081598,0.060264337636,3
6.440000,-0.051701246227,-0.000515662687,0.034959410712,0.062413501478,3
6.450000,-0.024316922697,0.036240343100,-0.003230043364,0.043761951254,3
6.460000,0.003029137197,0.038069872032,-0.030501847664,0.048875899374,3
6.470000,0.026033534956,-0.003515086805,-0.032595011118,0.041863295706,3
6.480000,0.024699576395,-0.027605691477,-0.009279983273,0.038187188501,3
6.490000,-0.011792859710,-0.032578197557,0.026186399705,0.043429690601,3
6.500000,-0.030090650980,0.002090427459,0.031862783877,0.043875439140,3
6.510000,-0.013531429012,0.036089011361,-0.001991543088,0.038593814997,3
6.520000,0.008707615964,0.025821933676,-0.031550915428,0.041689987994,3
6.530000,0.044462268894,-0.015949768570,-0.039836153212,0.061791646486,3
6.540000,0.017914101883,-0.043315322914,-0.011200471548,0.048193182177,3
6.550000,-0.013064328939,-0.016420260595,0.047195078249,0.051649560110,3
6.560000,-0.049600230236,0.030639889015,0.046040012428,0.074287740460,3
6.570000,-0.007254686116,0.029931250078,-0.018877917682,0.036123205532,3
6.580000,0.029243918802,0.032607797969,-0.045938285930,0.063472839778,3
6.590000,0.047505544225,-0.008066795396,-0.028929875853,0.056203092770,3
6.600000,0.028363705798,-0.056191275445,0.014966549074,0.064698970888,3
6.610000,-0.020859432008,-0.013971800758,0.059179807258,0.064285120418,3
6.620000,-0.038053666513,0.033399890407,0.021333025863,0.054942990515,3
6.630000,0.000058154485,0.057372504275,-0.006038128645,0.057689397867,3
6.640000,0.033948967033,0.003480668589,-0.037705541342,0.050856221490,3
6.650000,0.057324868630,-0.023347448739,-0.011169376077,0.062896731934,3
6.660000,0.035234159213,-0.051396444477,0.041000472877,0.074592756059,3
6.670000,-0.023722359816,-0.025382261990,0.067967880532,0.076332446332,3
6.680000,-0.039311189478,0.033623063970,0.030872200626,0.060240956337,3
6.690000,0.007332197571,0.045588216864,-0.034217068798,0.057470465764,3
6.700000,0.056984972803,0.014978153266,-0.048864795122,0.076546720393,3
6.710000,0.037946960281,-0.034881427860,-0.005095882812,0.051794341638,3
6.720000,0.014838870334,-0.046753910610,0.040127209418,0.063374388879,3
6.730000,-0.048828878471,-0.022290363023,0.049693438274,0.073147504837,3
6.740000,-0.039981359742,0.042730783984,0.012926389179,0.059929296374,3
6.750000,0.002931282528,0.053276304299,-0.030737892044,0.061577390529,3
6.760000,0.033462519588,0.008074807443,-0.054493029504,0.064454891179,3
6.770000,0.047868107899,-0.050651763888,0.002386434049,0.069732718334,3
6.780000,-0.010597926211,-0.043678485521,0.051594463767,0.068425980657,3
6.790000,-0.066763594114,-0.016229586456,0.034569285331,0.076914318978,3
6.800000,-0.058733566358,0.044411523062,-0.004867662052,0.073795049506,3
6.810000,-0.003697617079,0.044928076398,-0.053875793681,0.070248171262,3
6.820000,0.059577824196,-0.035162876487,-0.061374874094,0.092481458621,3
6.830000,0.032134865435,-0.054952362524,0.010099451496,0.064454717780,3
6.840000,-0.014003742695,-0.042069319910,0.053848970165,0.069754168872,3
6.850000,-0.081105086709,0.023630341677,0.037594100706,0.092464828696,3
6.860000,-0.031231809139,0.056128594692,-0.008865608929,0.064841684632,3
6.870000,0.026980987259,0.026899257031,-0.063197996645,0.073793837698,3
6.880000,0.039210463793,-0.006019431762,-0.042762495674,0.058329452816,3
6.890000,0.028517784122,-0.043066957794,0.003815579244,0.051793682142,3
6.900000,-0.018515694678,-0.052694794038,0.063644567245,0.084677052428,3
6.910000,-0.055160029704,0.033864390782,0.049732550246,0.081625684646,3
6.920000,-0.026476594100,0.053058842949,-0.025992142081,0.064744438372,3
6.930000,0.052485683735,0.037031627573,-0.076787512839,0.100111990120,3
6.940000,0.077917661244,-0.039815726510,-0.040937173211,0.096603862044,3
6.950000,0.010565849800,-0.061112895042,0.015243158712,0.063865303647,3
6.960000,-0.027707140099,-0.014797658597,0.060687598673,0.068334771128,3
6.970000,-0.053771076589,0.012753000206,0.039559216293,0.067962484398,3
6.980000,0.006118244003,0.052596310191,-0.041775280537,0.067446117897,3
6.990000,0.057282542852,0.027099658476,-0.068243417026,0.093128111613,3
7.000000,0.066896610713,-0.054060028821,-0.044912765099,0.097029890806,3
7.010000,0.024931877438,-0.064636111134,0.049076258767,0.084899378971,3
7.020000,-0.035399159226,-0.009353074599,0.045559667929,0.058448813677,3
7.030000,-0.029660045077,0.050067379758,0.021135607987,0.061912637763,3
7.040000,0.011995211622,0.058144986299,-0.039147746315,0.071114489207,3
7.050000,0.075474844154,0.015760909520,-0.049090354141,0.091404164230,3
7.060000,0.046328729752,-0.029274235615,-0.000786861052,0.054808313435,3
7.070000,0.008899206312,-0.046743149570,0.056902428237,0.074175496250,3
7.080000,-0.063917388217,0.023570477391,0.068660023616,0.096722276461,3
7.090000,-0.038213342483,0.043766376988,0.006116129848,0.058422276083,3
7.100000,0.000184281048,0.032206117737,-0.050113379640,0.059570284523,3
7.110000,0.067164051716,-0.032469035100,-0.071706867972,0.103475228908,3
7.120000,0.042708398628,-0.066576460484,-0.006118638429,0.079333915447,3
7.130000,-0.026521573518,-0.046603244165,0.049382853321,0.072896655827,3
7.140000,-0.053165013363,0.019812093957,0.065939146860,0.086988555577,3
7.150000,-0.060196911137,0.055522496291,0.003000836375,0.081947670643,3
7.160000,0.005475453787,0.051467315294,-0.042074709074,0.066701921122,3
7.170000,0.040625260096,-0.000237410520,-0.053144532627,0.066894016696,3
7.180000,0.033500502857,-0.053119289951,0.009946945979,0.063583680224,3
7.190000,-0.049571736145,-0.027273441618,0.052038652007,0.076871444274,3
7.200000,-0.059249421354,0.030037417049,0.038819095918,0.076939343392,3
7.210000,-0.039007863832,0.056338456184,-0.022782617329,0.072212760218,3
7.220000,0.022002471978,0.043675286615,-0.053075432201,0.072170914760,3
7.230000,0.041037024832,-0.028358995085,-0.031898175842,0.059209489369,3
7.240000,0.005225256906,-0.058705453221,0.028051825618,0.065272800370,3
7.250000,-0.043784339857,-0.032123125153,0.048985892158,0.073133994946,3
7.260000,-0.054048706961,0.027431593039,0.007495302218,0.061073190323,3
7.270000,-0.018037147406,0.042622652803,-0.028016211344,0.054101176665,3
7.280000,0.030061893987,0.013676354091,-0.039663222026,0.051613286205,3
7.290000,0.025440528499,-0.027734515250,-0.040027492575,0.054942005682,3
7.300000,0.009047239744,-0.034709766016,0.012041358169,0.037836684718,3
7.310000,-0.027932788123,-0.018043373356,0.034836291122,0.048159850015,3
7.320000,-0.058842160609,0.045073348414,0.024949415911,0.078207927710,3
7.330000,0.017283978742,0.057666154574,-0.036075119568,0.070182159816,3
7.340000,0.038195075859,0.007767198026,-0.052113979456,0.065077338912,3
7.350000,0.030329432387,-0.034682178846,-0.008322116354,0.046818646061,3
7.360000,0.008470044115,-0.040931731191,0.031076135939,0.052085261740,3
7.370000,-0.031176278681,-0.008316685369,0.048331366495,0.058112379019,3
7.380000,-0.020558288043,0.039681261873,-0.002430830182,0.044756616119,3
7.390000,0.010735632275,0.021920836856,-0.024992645923,0.034934356142,3
7.400000,0.045613129294,0.000070698282,-0.029286911457,0.054205956730,3
7.410000,0.030133946669,-0.045608210195,-0.000869945936,0.054671019608,3
7.420000,0.004100257731,-0.022039229737,0.049431519108,0.054277203707,3
7.430000,-0.027267440211,0.003292186251,0.039339609957,0.047978710879,3
7.440000,-0.022427501433,0.039944731301,-0.002677810770,0.045888397768,3
7.450000,0.004219178593,0.027808119649,-0.030452423386,0.041454108077,3
7.460000,0.040606185158,-0.001309218208,-0.029139214863,0.049996701574,3
7.470000,0.031493170609,-0.033770293166,-0.002806896619,0.046261551684,3
7.480000,-0.017629333057,-0.032139191641,0.048377758122,0.060697022203,3
7.490000,-0.030570717843,0.007154799673,0.027863866973,0.041978030331,3
7.500000,-0.016862363570,0.031672934165,-0.011827375894,0.037780959282,3
7.510000,0.015611808059,0.023938458545,-0.029732394635,0.041240679421,3
7.520000,0.038017688746,-0.019634517230,-0.034000363874,0.054652389408,3
7.530000,0.012075138857,-0.040567313628,-0.005098747197,0.042632301561,3
7.540000,-0.025704361111,-0.007863781562,0.015058494583,0.030810899040,3
7.550000,-0.034093666740,0.021034069473,0.022279915004,0.045838900543,3
7.560000,-0.020823610640,0.028573859227,-0.005785759056,0.035826850253,3
7.570000,0.013320011010,0.011533931763,-0.030528535301,0.035248343832,3
7.580000,0.018306489022,-0.016381551436,-0.020249166181,0.031835695356,3
7.590000,-0.003867059473,-0.023277910487,0.012411115412,0.026661790101,3
7.600000,-0.041746146552,-0.022104966233,0.031316123880,0.056675125929,3
7.610000,-0.047832876770,0.030221877903,0.016103022765,0.058827318027,3
7.620000,-0.010920281716,0.025116861084,-0.014416577912,0.030950718604,3
7.630000,0.021232099387,0.016858442886,-0.032285542412,0.042158811532,3
7.640000,0.019315921536,-0.017991135013,-0.005554995275,0.026974872314,3
7.650000,-0.001077781363,-0.025665854810,0.014843907302,0.029668827071,3
7.660000,-0.025430809952,-0.006209528752,0.028635041748,0.038797550929,3
7.670000,-0.028905815428,0.025066816398,0.007245701422,0.038940873629,3
7.680000,0.000269118587,0.023138064170,-0.013176874881,0.026628414710,3
7.690000,0.015135166341,0.009230971295,-0.018647703877,0.025729767801,3
7.700000,0.020744073102,-0.024796807758,-0.006903799569,0.033058443586,3
7.710000,0.002948196941,-0.013092917061,0.013393588391,0.018960605274,3
7.720000,-0.026256770679,-0.002620112561,0.016155550799,0.030940019683,3
7.730000,-0.007602675758,0.021412218677,0.011117059346,0.025295707063,3
7.740000,0.021525600182,0.021172389749,-0.018691223658,0.035510327973,3
7.750000,0.024386470197,0.007024332983,-0.022939438593,0.034209048883,3
7.760000,0.015650274731,-0.018697239928,-0.001012977425,0.024403770269,3
7.770000,0.003839223150,-0.013266153230,0.025612333629,0.029098489477,3
7.780000,-0.017865509928,0.000457216418,0.018563829720,0.025768222013,3
7.790000,-0.002215892961,0.020029399909,0.001567105583,0.020212443253,3
7.800000,0.012378615892,0.023379459439,-0.022447217091,0.034694478093,3
7.810000,0.032936246759,-0.001946102224,-0.014865666695,0.036188005067,3
7.820000,0.018055625250,-0.013926956587,-0.002811898578,0.022975475981,3
7.830000,-0.009645000673,-0.013395886948,0.029794992197,0.034061963906,3
7.840000,-0.020337998439,0.016876468081,0.021110283712,0.033824450236,3
7.850000,-0.003032525117,0.022998015975,0.000131478136,0.023197461798,3
7.860000,0.012481355496,0.012863853173,-0.027830340039,0.033102730705,3
7.870000,0.034271485636,-0.006155245981,-0.008217644874,0.035776409379,3
7.880000,0.013216485081,-0.025328803312,0.009575826257,0.030131714249,3
7.890000,-0.015084765438,-0.016043708571,0.035439611714,0.041724295218,3
7.900000,-0.024110937613,0.015593001093,0.011532154144,0.030943005266,3
7.910000,-0.009495958855,0.025755762865,-0.008370390645,0.028698362233,3
7.920000,0.020911839219,0.013165956355,-0.038937120301,0.046116664706,3
7.930000,0.032576020168,-0.005541333521,-0.020253437924,0.038757002140,3
7.940000,0.010974569480,-0.041605952247,0.026901309731,0.050746200871,3
7.950000,-0.019910402389,-0.001041122440,0.032421166241,0.038061004711,3
7.960000,-0.038869315445,0.027391858194,0.024259353862,0.053382148966,3
7.970000,0.003603369418,0.023117393561,-0.009496637995,0.025250431470,3
7.980000,0.017722787689,0.012248186343,-0.019082262617,0.028779298441,3
7.990000,0.031565959776,-0.024373292139,-0.006918795486,0.040476374804,3
8.000000,-0.005639265042,-0.027476930355,0.012072484115,0.030537319540,3
8.010000,-0.035784968294,-0.006540512272,0.027563113396,0.045640634051,3
8.020000,-0.040213699960,0.028437718389,-0.002902186064,0.049338303331,3
8.030000,-0.010629418290,0.028340914930,-0.042316260389,0.052027472412,3
8.040000,0.016384319534,-0.002244412634,-0.029965145755,0.034225623074,3
8.050000,0.020515661979,-0.032161956691,-0.010205855486,0.039489787677,3
8.060000,-0.010629765545,-0.024321403345,0.031620665207,0.041284246928,3
8.070000,-0.035868189648,0.015185378326,0.047015864564,0.061054191209,3
8.080000,-0.022330712826,0.018225422016,0.003666218104,0.029056288444,3
8.090000,0.008981048489,0.021822796536,-0.033648201480,0.041098602695,3
8.100000,0.031879137767,-0.005298144001,-0.036424242175,0.048693687195,3
8.110000,0.036699845824,-0.036110161764,0.007894314215,0.052087836038,3
8.120000,-0.013270730017,-0.018293967044,0.035679694609,0.042235318310,3
8.130000,-0.030547224167,0.008482714723,0.045733509859,0.055647491206,3
8.140000,-0.021485419526,0.036644181350,0.006314600855,0.042945237955,3
8.150000,0.031114156642,0.014877371117,-0.028252083436,0.044582587783,3
8.160000,0.072805097142,-0.012214831496,-0.028581123369,0.079162269367,3
8.170000,0.028200958840,-0.039899020400,0.018735597826,0.052328276622,3
8.180000,-0.028899116886,-0.017411579382,0.039567015395,0.051998757299,3
8.190000,-0.030726144660,0.009285215837,0.022834066530,0.039391697007,3
8.200000,-0.014655236337,0.056218622749,-0.018459559687,0.060959534444,3
8.210000,0.052060421556,0.031486010657,-0.044689419273,0.075490400414,3
8.220000,0.068176147463,-0.014876346220,-0.021562851981,0.073035945570,3
8.230000,0.021348068744,-0.038701113706,0.031401682368,0.054217911216,3
8.240000,-0.019681029431,-0.016710878532,0.031295626551,0.040571081104,3
8.250000,-0.036760642100,0.020725002064,0.012241223013,0.043939936948,3
8.260000,-0.012177484348,0.051000652548,-0.027513161627,0.059214286689,3
8.270000,0.038190810020,0.034494311872,-0.042218451479,0.066564203344,3
8.280000,0.040408546732,-0.015263453568,-0.009708241260,0.044272718599,3
8.290000,0.006688081339,-0.048420799044,0.027458731504,0.056065017148,3
8.300000,-0.029874419685,-0.003869557101,0.049770186576,0.058176678278,3
8.310000,-0.059447525744,0.035339942358,0.019783750172,0.071932722831,3
8.320000,0.004841370000,0.051173352430,-0.036055950186,0.062786801210,3
8.330000,0.041754680557,-0.000507046644,-0.038209557998,0.056601066838,3
8.340000,0.045272831988,-0.051971316214,0.001187031068,0.068935158432,3
8.350000,-0.018386845801,-0.051607575119,0.051281639077,0.075041484624,3
8.360000,-0.054313209773,-0.020478793227,0.049775823300,0.076465275211,3
8.370000,-0.059033781337,0.029573704044,0.002386292702,0.066070308783,3
8.380000,-0.011400698439,0.040687725724,-0.047619460395,0.063663804142,3
8.390000,0.044793355263,-0.005896795365,-0.057838331242,0.073392706941,3
8.400000,0.020782394585,-0.048145089549,0.005268542762,0.052703084494,3
8.410000,-0.001928359111,-0.035947144138,0.060638240033,0.070518876160,3
8.420000,-0.078982018636,-0.013968622006,0.056061572963,0.097857966623,3
8.430000,-0.050130461298,0.041629838466,0.000108639203,0.065162246762,3
8.440000,0.021684413517,0.019046970842,-0.069751740593,0.075487126078,3
8.450000,0.035823306022,-0.007088029917,-0.039332013227,0.053670817834,3
8.460000,0.020354601686,-0.055391248956,0.003909785179,0.059142088997,3
8.470000,-0.041488926572,-0.026577682564,0.034655789535,0.060238924184,3
8.480000,-0.046242743922,0.014695563289,0.045702171823,0.066656128413,3
8.490000,-0.029832168173,0.066228678680,-0.020600738111,0.075502228764,3
8.500000,0.023670445971,0.028752196636,-0.049737172910,0.062135056072,3
8.510000,0.054713948690,-0.017659108234,-0.039861101386,0.069959757637,3
8.520000,0.013554774944,-0.061195737130,0.011494669124,0.063724230752,3
8.530000,-0.034301697107,-0.025925510805,0.043843765319,0.061408584842,3
8.540000,-0.050929803487,0.042524336038,0.034438337356,0.074754017408,3
8.550000,0.005285181094,0.054549715347,-0.025081029758,0.060271574041,3
8.560000,0.045513646613,0.019839989904,-0.058214463231,0.076511704704,3
8.570000,0.083296295373,-0.047092928493,-0.024725120492,0.098829895884,3
8.580000,0.016127628512,-0.062641621705,0.019566739089,0.067579068134,3
8.590000,-0.021053447645,-0.025503915064,0.048738405260,0.058899316538,3
8.600000,-0.040274900062,0.039259071907,0.035690487184,0.066611959718,3
8.610000,0.008784511478,0.060288459671,-0.018712388345,0.063733974370,3
8.620000,0.050586385916,0.024464748051,-0.053296126011,0.077446648637,3
8.630000,0.058404778590,-0.041211851293,-0.016175613358,0.073288370951,3
8.640000,0.013788710847,-0.047935658514,0.049988653071,0.070617429434,3
8.650000,-0.052784389791,-0.011458665436,0.068183018072,0.086985152599,3
8.660000,-0.034033388641,0.038806689830,0.018890711600,0.054964440347,3
8.670000,0.012798080205,0.056846466725,-0.042780066714,0.072287244685,3
8.680000,0.044731142305,0.006031554931,-0.042288539926,0.061851235686,3
8.690000,0.046211617977,-0.045564395921,0.006430003639,0.065214820084,3
8.700000,-0.003156592338,-0.040971668113,0.040530087763,0.057717672140,3
8.710000,-0.045801692310,0.017698455903,0.027520513781,0.056288622639,3
8.720000,-0.045756290487,0.036740430297,-0.007209829943,0.059122575936,3
8.730000,0.003542224956,0.016731415040,-0.049907184915,0.052756181752,3
8.740000,0.049066370788,-0.029827586089,-0.050320152277,0.076349927042,3
8.750000,0.024390471863,-0.046954125098,0.009029813428,0.053676088829,3
8.760000,-0.016734532653,-0.045258514591,0.042228309507,0.064121820389,3
8.770000,-0.074662449354,0.000230315574,0.043620480289,0.086471270891,3
8.780000,-0.024142178473,0.028393498532,-0.025653400502,0.045245248343,3
8.790000,0.012627118558,0.029752947333,-0.034070182586,0.046962318293,3
8.800000,0.035943308550,-0.027780977771,-0.025372594015,0.052033380464,3
8.810000,-0.008913137158,-0.068559167785,0.012088699095,0.070185042189,3
8.820000,-0.032963095213,-0.011071995236,0.037172083995,0.050901066326,3
8.830000,-0.046518445032,0.024601382099,0.030459384225,0.060802695802,3
8.840000,-0.032881628319,0.039012384461,-0.023175625741,0.056038176726,3
8.850000,0.028998021674,0.012512747614,-0.045963662573,0.055768381642,3
8.860000,0.042213047778,-0.029233089147,-0.026424721407,0.057747561033,3
8.870000,0.007362117820,-0.033967390332,0.012202897057,0.036836056811,3
8.880000,-0.048322619448,-0.020857882459,0.050292846664,0.072797645817,3
8.890000,-0.039963684110,0.031351726152,0.027191810915,0.057614419734,3
8.900000,-0.000231157015,0.048457529282,-0.025043377316,0.054546826902,3
8.910000,0.039413271004,0.022052914127,-0.020985066559,0.049800702517,3
8.920000,0.033852807925,-0.036340650370,-0.016704773760,0.052399474616,3
8.930000,0.006817818916,-0.043741380648,0.027595534369,0.052166124572,3
8.940000,-0.030723974457,-0.002339130658,0.027402033325,0.041234761658,3
8.950000,-0.030104823106,0.044687589789,0.020759658329,0.057742917049,3
8.960000,0.005549911169,0.037172391832,-0.026793037679,0.046156853192,3
8.970000,0.049084162779,0.021035949875,-0.026781632801,0.059741292908,3
8.980000,0.035724771602,-0.021488765638,-0.004994764255,0.041987784231,3
8.990000,-0.001363611585,-0.028741341324,0.042969998622,0.051714068872,3
9.000000,-0.015307106263,0.005692506079,0.034261868663,0.037955075707,3
9.010000,-0.013892433380,0.026646265462,0.002421383897,0.030147740683,3
9.020000,0.010097757587,0.031332516868,-0.032331040196,0.046140952328,3
9.030000,0.029771721997,-0.005380003188,-0.015995106889,0.034221971150,3
9.040000,0.028075034715,-0.029602531852,0.011201134289,0.042308189227,3
9.050000,-0.006113681517,-0.023579593545,0.033086357134,0.041086267314,3
9.060000,-0.038176012681,-0.004780054150,0.029676991460,0.048589923688,3
9.070000,-0.012967021335,0.028286871415,-0.001752991996,0.031166708483,3
9.080000,0.008086741490,0.013964972046,-0.025652284647,0.030306031410,3
9.090000,0.027986364174,-0.009249871063,-0.015596750616,0.033347493521,3
9.100000,0.013204396841,-0.025284646995,0.002678123130,0.028650337050,3
9.110000,-0.016468050425,-0.015446125183,0.026449000415,0.034775409284,3
9.120000,-0.021761174601,0.015471496889,0.024131437994,0.035989473956,3
9.130000,-0.015410691389,0.027798095122,-0.007590824699,0.032677884282,3
9.140000,0.012006803942,0.012148281496,-0.032891482452,0.037062025068,3
9.150000,0.020486191805,-0.015202626410,-0.021942774033,0.033649505742,3
9.160000,0.002082570017,-0.022245067345,0.008707606914,0.023979210521,3
9.170000,-0.025109737628,-0.012760804487,0.027326906476,0.039244067991,3
9.180000,-0.030200135007,0.011976853523,0.018601948152,0.037436955670,3
9.190000,-0.010511193346,0.026135007254,-0.018225943195,0.033551584092,3
9.200000,0.017668879192,0.007448679159,-0.021449187991,0.028770467125,3
9.210000,0.018143590327,-0.012481843831,-0.008659866645,0.023663887797,3
9.220000,-0.002060472785,-0.038071943102,0.011638133651,0.039864326842,3
9.230000,-0.010859436383,-0.005128776631,0.022149825518,0.025196160000,3
9.240000,-0.024504115118,0.016549096952,0.008073916321,0.030651466399,3
9.250000,-0.010505990049,0.016293929836,-0.011881400229,0.022738417883,3
9.260000,0.027703224603,0.009280020374,-0.026468597325,0.039423014546,3
9.270000,0.020926273589,-0.014712407725,-0.004789226443,0.026024998700,3
9.280000,0.000673692102,-0.019325046649,0.016176969753,0.025211220506,3
9.290000,-0.014224618605,0.002782201411,0.013394604874,0.019735649442,3
9.300000,-0.012324676157,0.021885288650,0.001526320658,0.025163329597,3
9.310000,0.013268108773,0.026293607153,-0.022972435681,0.037351429540,3
9.320000,0.019293087344,-0.007662929095,-0.017591060954,0.027210092375,3
9.330000,0.029426127657,-0.019061339711,0.001907795486,0.035112267715,3
9.340000,-0.007441966743,-0.021540492868,0.012887424117,0.026181317812,3
9.350000,-0.015773622199,0.001627248890,0.019486608699,0.025123355962,3
9.360000,-0.013401014236,0.022144035963,-0.002306837223,0.025985900201,3
9.370000,0.016580172356,0.017554499675,-0.032145035751,0.040204053249,3
9.380000,0.028857929693,0.000907072934,-0.021260000964,0.035855132526,3
9.390000,0.026994885230,-0.021037820210,0.007315088183,0.034997488809,3
9.400000,-0.012141869437,-0.013677744374,0.015236047903,0.023804260969,3
9.410000,-0.014562044583,0.008039052180,0.016832560052,0.023664627195,3
9.420000,-0.019259112661,0.029592044481,-0.003380537520,0.035468726380,3
9.430000,0.010535456386,0.013159976225,-0.019967590066,0.026132077387,3
9.440000,0.030137278806,-0.004321938924,-0.012916120131,0.033072056016,3
9.450000,0.023647214795,-0.033528586347,0.010624634660,0.042382068515,3
9.460000,-0.010809989360,-0.009228829674,0.023017198461,0.027052145795,3
9.470000,-0.014316701160,0.008551688641,0.013318692702,0.021342138740,3
9.480000,-0.004812174684,0.018642184660,-0.008922549035,0.021220272274,3
9.490000,0.020375084688,0.012601445741,-0.027259630211,0.036290879709,3
9.500000,0.023127672402,-0.018083366053,-0.018315149688,0.034602630921,3
9.510000,0.003863250388,-0.035338383098,0.009758486083,0.036863994279,3
9.520000,-0.024164159914,-0.012903068925,0.024124771434,0.036502060336,3
9.530000,-0.027776589495,0.008587088175,0.006411212001,0.029772145482,3
9.540000,-0.014336384746,0.038488061463,-0.006725852268,0.041618504196,3
9.550000,0.014889295714,0.010711701336,-0.022998191111,0.029416805855,3
9.560000,0.012133464990,-0.012304359730,-0.009537019572,0.019737603283,3
9.570000,-0.000286185604,-0.034768891315,0.021907207888,0.041096027337,3
9.580000,-0.036892241372,-0.006660532518,0.024313911951,0.044682955153,3
9.590000,-0.033156182616,0.017659751645,0.011399902188,0.039257573075,3
9.600000,-0.015645264339,0.035769749026,-0.022467446569,0.045044815428,3
9.610000,0.021118289325,0.001315177440,-0.032811258042,0.039042162978,3
9.620000,0.020307369266,-0.026229082850,0.000658247884,0.033178115136,3
9.630000,-0.006963198423,-0.030713061717,0.021317973780,0.038029387300,3
9.640000,-0.025995309126,-0.004257871041,0.032091863069,0.041518348204,3
9.650000,-0.034165163823,0.037016056899,-0.011695869236,0.051713056809,3
9.660000,0.004990134517,0.042664028079,-0.025023520345,0.049712144440,3
9.670000,0.030232773950,-0.000563825483,-0.037014324072,0.047795383735,3
9.680000,0.023994442340,-0.035464774603,0.008978368246,0.043750366824,3
9.690000,-0.005980060410,-0.019677037113,0.029628938155,0.036066894630,3
9.700000,-0.027210951760,0.003097358834,0.024969024136,0.037060513943,3
9.710000,-0.015410953802,0.044565153819,-0.000176569906,0.047154868348,3
9.720000,0.030982686235,0.036156368248,-0.042173705922,0.063606849335,3
9.730000,0.050369064102,-0.015336282392,-0.032183375560,0.061709106610,3
9.740000,0.037383625614,-0.021571859116,0.019938930276,0.047544100689,3
9.750000,-0.018617543856,-0.042346586414,0.031550206029,0.055993408725,3
9.760000,-0.020887959345,0.020091882862,0.037412646628,0.047325434285,3
9.770000,-0.010921251867,0.036062955529,-0.010063746175,0.039001147302,3
9.780000,0.035811002989,0.026144383329,-0.030725996805,0.053944819903,3
9.790000,0.056995680669,-0.020398827166,-0.031190623647,0.068099007102,3
9.800000,0.024134206941,-0.050994241831,0.022357422840,0.060685476027,3
9.810000,-0.018183473824,-0.026505443991,0.055043668409,0.063741530523,3
9.820000,-0.028543884512,0.026736184169,0.041853432687,0.057282516657,3
9.830000,-0.008742457355,0.058007566210,-0.018947597792,0.061646733574,3
9.840000,0.029999157006,0.016174104578,-0.054514293637,0.064291206947,3
9.850000,0.052294172362,-0.030819092007,-0.018972810467,0.063596103907,3
9.860000,0.000290927032,-0.051936543696,0.040903080623,0.066110144563,3
9.870000,-0.043485685950,-0.020802099188,0.051229247706,0.070343215975,3
9.880000,-0.045101648109,0.030947774560,0.025088832418,0.060177844133,3
9.890000,-0.018933434331,0.056989260014,-0.027549681049,0.066069929759,3
9.900000,0.037561940945,0.014833495271,-0.044708567786,0.060247722140,3
9.910000,0.054975625163,-0.046150901070,0.006761208282,0.072096733415,3
9.920000,-0.006728250781,-0.059422896505,0.029199123226,0.066550272612,3
9.930000,-0.042580763997,-0.005798621093,0.035822370939,0.055946293254,3
9.940000,-0.045427652336,0.034614805815,0.022046565405,0.061220155378,3
9.950000,0.000765898712,0.041206288986,-0.038427601662,0.056349138612,3
9.960000,0.034373303925,-0.006103208219,-0.039771239201,0.052919983380,3
9.970000,0.040489973283,-0.047331614672,0.006392540870,0.062614569093,3
9.980000,-0.027513382526,-0.047974668509,0.056514293799,0.079072248230,3
9.990000,-0.058724484690,0.009359804170,0.048563774970,0.076776371857,3
10.000000,-0.051255063559,0.047384520532,-0.006310594040,0.070087073870,3
10.010000,0.015167530522,0.038690243807,-0.065730682544,0.077765748088,3
10.020000,0.034425924348,-0.008811136487,-0.048312154079,0.059973699446,3
10.030000,-0.003903175292,-0.053731600457,-0.007316983391,0.054367802153,3
10.040000,-0.022683321323,-0.034919631698,0.058226936010,0.071584145042,3
10.050000,-0.042689542118,0.016974047907,0.049302271026,0.067388643234,3
10.060000,-0.025374082962,0.056418182201,-0.025620461912,0.066957176147,3
10.070000,0.041877551555,0.026217128464,-0.057300244229,0.075659666519,3
10.080000,0.059079305469,-0.030094765813,-0.018981224198,0.068966268104,3
10.090000,0.028404202854,-0.051773727362,0.016952500178,0.061438626669,3
10.100000,-0.021041756263,-0.031520110466,0.054426623260,0.066321415771,3
10.110000,-0.052513713993,0.042384297316,0.065353253518,0.093942357654,3
10.120000,-0.007074487965,0.068273970801,-0.011089374987,0.069529545565,3
10.130000,0.061159747948,0.042945380152,-0.050728841165,0.090322952628,3
10.140000,0.042123330338,-0.028647978374,-0.023620668949,0.056151737509,3
10.150000,0.031273213945,-0.053648130038,0.021218198250,0.065622768183,3
10.160000,-0.034251456149,-0.025881980098,0.053738026693,0.068780917811,3
10.170000,-0.047183406595,0.034215457737,0.037254557781,0.069172779918,3
10.180000,0.011912420848,0.055994955523,-0.028666382167,0.064024231983,3
10.190000,0.053422451153,0.012260000212,-0.049783834363,0.074045229801,3
10.200000,0.070815730454,-0.044609930549,-0.017011527509,0.085406707298,3
10.210000,0.012798414675,-0.037406489132,0.032018401808,0.050874580113,3
10.220000,-0.038213095253,-0.022157086253,0.055998743964,0.071323463500,3
10.230000,-0.048319404093,0.052418948765,0.009868626401,0.071971527625,3
10.240000,0.001375545715,0.036118328622,-0.040002736758,0.053913307602,3
10.250000,0.052298124115,0.007681403035,-0.045958223634,0.070044671875,3
10.260000,0.048242529231,-0.063759320374,-0.023177428302,0.083245334667,3
10.270000,-0.015788052850,-0.021622546297,0.038758534548,0.047106487042,3
10.280000,-0.041171960309,-0.004645342832,0.027738619672,0.049861212852,3
10.290000,-0.044323628664,0.045778294267,0.014068174173,0.065254500293,3
10.300000,0.009639982950,0.045034218585,-0.036423042947,0.058716677123,3
10.310000,0.030154278309,-0.001614845898,-0.046273458530,0.055255055805,3
10.320000,0.020927873464,-0.026759031948,-0.011235942632,0.035780834050,3
10.330000,-0.023126496642,-0.046161935817,0.046249113792,0.069316229643,3
10.340000,-0.043957140127,0.009902376294,0.036032374833,0.057694187407,3
10.350000,-0.027501610561,0.039435702563,-0.006064336536,0.048459151847,3
10.360000,0.024360585783,0.040378976124,-0.053286753408,0.071157416629,3
10.370000,0.036305799535,-0.024593189197,-0.043644978308,0.061869379876,3
10.380000,0.014788196414,-0.049429894798,0.017169420550,0.054376412671,3
10.390000,-0.021985784254,-0.031999778249,0.030735707880,0.049518120483,3
10.400000,-0.039181828559,0.016739363514,0.024385785365,0.049092652280,3
10.410000,-0.035038833302,0.045914065528,-0.022870506260,0.062119894632,3
10.420000,0.024655972067,0.024351148503,-0.044422505337,0.056340521584,3
10.430000,0.024284486138,-0.034282882324,-0.035699995220,0.055132041012,3
10.440000,0.011128804710,-0.045518561387,0.008079131717,0.047550626645,3
10.450000,-0.022730553753,-0.016637308699,0.030850919743,0.041776277523,3
10.460000,-0.034907218128,0.029574787573,0.038588362114,0.059851847324,3
10.470000,-0.013074627682,0.049469123735,-0.013495465622,0.052917555542,3
10.480000,0.029344186627,0.017382889849,-0.035128689913,0.048961934228,3
10.490000,0.038276305013,-0.019646622353,-0.028526614397,0.051622020730,3
10.500000,0.012336375769,-0.041963112772,0.021440789199,0.048711358451,3
10.510000,-0.019559565101,-0.021114887041,0.039097636120,0.048549358306,3
10.520000,-0.020585999632,0.018768168999,0.014395203817,0.031356808532,3
10.530000,0.001112200515,0.033524493854,-0.017297428456,0.037740292916,3
10.540000,0.038898201494,0.016079792121,-0.022341684156,0.047652708685,3
10.550000,0.032035449934,-0.028967806916,-0.004054701267,0.043380231585,3
10.560000,0.007335543076,-0.024426866760,0.021911875656,0.033624578907,3
10.570000,-0.037152554987,-0.015593878692,0.033914797506,0.052665879700,3
10.580000,-0.043223697155,0.032528872941,0.008318200621,0.054732148068,3
10.590000,0.001249014192,0.040953829113,-0.025365684604,0.048189149306,3
10.600000,0.032591646298,0.006775995293,-0.028051793582,0.043531972661,3
10.610000,0.021216109429,-0.028768237902,-0.005265367018,0.036131134789,3
10.620000,-0.023213353534,-0.023367434442,0.027684252580,0.043026905718,3
10.630000,-0.022935173472,-0.002281217738,0.018320781582,0.029442777966,3
10.640000,-0.024823405903,0.006540294353,0.008212481704,0.026952213018,3
10.650000,0.003933576962,0.025705908635,-0.018129562246,0.031700911560,3
10.660000,0.023190453096,-0.017996161035,-0.010725940467,0.031252275529,3
10.670000,0.009393232578,-0.032228922979,0.007479361199,0.034392980949,3
10.680000,-0.016949046491,-0.017697538120,0.025563340293,0.035411260912,3
10.690000,-0.033075252752,0.017069109558,0.022991671151,0.043748643271,3
10.700000,-0.022985106782,0.025622671036,-0.006221622222,0.034979207937,3
10.710000,0.012512413226,0.013159496609,-0.032664743178,0.037372694345,3
10.720000,0.014174358384,-0.011924169373,-0.017790549928,0.025682716320,3
10.730000,0.000697976587,-0.027681072109,0.010769115199,0.029710314145,3
10.740000,-0.023832968272,-0.018424491067,0.022099325307,0.037361108479,3
10.750000,-0.022899147589,0.007595098853,0.021430665403,0.032269643730,3
10.760000,-0.021861376505,0.024316277556,-0.008392149278,0.033758396087,3
10.770000,0.006343972908,0.006249200309,-0.023840669109,0.025449479373,3
10.780000,0.017470461839,-0.016641474026,-0.013816540106,0.027803821232,3
10.790000,0.012763720131,-0.030873789725,0.014930173226,0.036592533612,3
10.800000,-0.017368819128,-0.013263698997,0.020814891146,0.030180478498,3
10.810000,-0.024401238473,0.009476296362,0.008763733682,0.027604776032,3
10.820000,-0.011333648124,0.023617499871,-0.013584973703,0.029509140795,3
10.830000,0.016736838180,0.004976547271,-0.019856047989,0.026441452621,3
10.840000,0.025052643018,-0.023704212493,-0.011011345783,0.036204617772,3
10.850000,0.001069759095,-0.026291608504,0.004588329565,0.026710406782,3
10.860000,-0.025143474058,-0.007805800478,0.036565976260,0.045057690006,3
10.870000,-0.017687722597,0.017018761562,0.008605088138,0.026010407872,3
10.880000,0.002277796120,0.018352612619,-0.011338166086,0.021692412390,3
10.890000,0.015465359440,0.003103321666,-0.019277764477,0.024908636076,3
10.900000,0.026400354159,-0.022416452297,-0.003892175296,0.034851471444,3
10.910000,0.003026249366,-0.020515380519,0.016254564081,0.026348621909,3
10.920000,-0.018715041911,0.002416207460,0.029427720927,0.034958283871,3
10.930000,-0.018765861432,0.019161873135,-0.003427113623,0.027038491917,3
10.940000,0.006339516479,0.016769576679,-0.014963610580,0.023352040870,3
10.950000,0.027256137540,0.002624662915,-0.024159091881,0.036516401925,3
10.960000,0.021805579131,-0.021281125558,0.005524655098,0.030965971650,3
10.970000,0.001814684724,-0.021568785014,0.029980495145,0.036977502036,3
10.980000,-0.018734758136,0.001485897359,0.011419802894,0.021991156212,3
10.990000,-0.012292246897,0.024508198636,0.002553328232,0.027536714023,3
11.000000,0.018691319475,0.018396471290,-0.027390193480,0.037921211459,3
11.010000,0.027947122860,-0.002823844506,-0.013135972296,0.031009184802,3
11.020000,0.017464834659,-0.022815701592,0.005061714504,0.029175291644,3
11.030000,-0.010494051526,-0.011491428972,0.022435472670,0.027304367621,3
11.040000,-0.033145119435,0.019836272039,0.020322614279,0.043647282640,3
11.050000,-0.018392968749,0.027217388023,-0.011686603246,0.034866376434,3
11.060000,0.024809006199,0.010146821769,-0.027487141293,0.038392547676,3
11.070000,0.017391911227,-0.012863007375,-0.009744640401,0.023725377793,3
11.080000,0.005131104200,-0.029820906363,0.011529460427,0.032381215919,3
11.090000,-0.025829959672,-0.013782536289,0.033891572525,0.044785977844,3
11.100000,-0.035041799603,0.018994975851,0.009741558427,0.041032118975,3
11.110000,-0.016227722221,0.034299372448,-0.027513830308,0.046869998689,3
11.120000,0.021969394062,0.009641283548,-0.024079408174,0.033991565453,3
11.130000,0.034173618904,-0.021840604417,-0.013359741469,0.042700479183,3
11.140000,-0.000923517767,-0.048144591432,0.017719830444,0.051310300722,3
11.150000,-0.038304906381,-0.011332305995,0.042202158525,0.058109458749,3
11.160000,-0.042070368994,0.020552396754,0.015980033968,0.049474017881,3
11.170000,-0.021919520480,0.040089830703,-0.025819642473,0.052481557155,3
11.180000,0.029517927602,0.012570721149,-0.031136011108,0.044707742817,3
11.190000,0.026809361959,-0.023781054680,-0.010444502254,0.037327845875,3
11.200000,-0.000385789505,-0.031249611529,0.020813487704,0.037548479658,3
11.210000,-0.044772850582,-0.014071045671,0.041059498135,0.062357716945,3
11.220000,-0.030714633831,0.019714165393,0.010174238116,0.037888681288,3
11.230000,-0.000447570708,0.044297266466,-0.035943068065,0.057046930485,3
11.240000,0.031839269636,-0.003911669680,-0.037454932822,0.049314422265,3
11.250000,0.045212745322,-0.031378503488,-0.001135710333,0.055046277428,3
11.260000,-0.000577483182,-0.030330416822,0.045476623464,0.054666177414,3
11.270000,-0.030724216825,0.009653275980,0.044180514746,0.054672489608,3
11.280000,-0.022115879076,0.044229125379,-0.005320931591,0.049735700981,3
11.290000,0.013171152718,0.047418431343,-0.032058815870,0.058734611346,3
11.300000,0.050918297855,-0.002909938874,-0.033851905021,0.061213497484,3
11.310000,0.031685007720,-0.049672849217,0.006663125730,0.059293582352,3
11.320000,0.002718980172,-0.030099406002,0.028265927050,0.041380306026,3
11.330000,-0.043555371061,0.010841723314,0.050683612260,0.067701121589,3
11.340000,-0.022270800759,0.034118531852,-0.019314278645,0.045089956107,3
11.350000,0.021884734912,0.022180717733,-0.042464139728,0.052670001178,3
11.360000,0.062692912451,-0.024721316221,-0.021090773409,0.070614201619,3
11.370000,0.035293151388,-0.040147638620,0.023189517269,0.058268285824,3
11.380000,-0.013305397838,-0.020906953119,0.046524023752,0.052712608419,3
11.390000,-0.035907376061,0.009217424739,0.026255399383,0.045427376890,3
11.400000,-0.012707352491,0.033575572916,-0.006351144314,0.036457275516,3
11.410000,0.030867819648,0.026691273715,-0.044497465352,0.060376078087,3
11.420000,0.054331884006,-0.032782379659,-0.028811978254,0.069690516763,3
11.430000,0.010065805429,-0.046400430103,0.039281804277,0.061622889416,3
11.440000,-0.050402334049,-0.032983247182,0.043947299037,0.074563093853,3
11.450000,-0.065091627365,0.033019678952,0.024224462198,0.076902819974,3
11.460000,-0.003359764085,0.037014207794,-0.025071692124,0.044832235493,3
11.470000,0.040914002459,0.021843937229,-0.066598995954,0.081157497824,3
11.480000,0.030652450726,-0.026079579766,-0.026863943846,0.048387898231,3
11.490000,0.002814961613,-0.041689071791,0.042953998429,0.059924525002,3
11.500000,-0.039533509490,-0.018882218872,0.046174716882,0.063651716719,3
11.510000,-0.078829141321,0.040535797435,0.019086517227,0.090672374707,3
11.520000,0.010245924563,0.042356808281,-0.038409488191,0.058089301605,3
11.530000,0.026950070839,-0.007689342407,-0.074295333527,0.079405471403,3
11.540000,0.034658874751,-0.058825660156,-0.022816372595,0.071988073666,3
11.550000,-0.024239461859,-0.052125504818,0.017036501286,0.059957169211,3
11.560000,-0.073498575260,0.001487155810,0.057854340015,0.093548793986,3
11.570000,-0.047024236648,0.058822040378,-0.006089187587,0.075553884560,3
11.580000,-0.002865715610,0.037589799056,-0.070155060513,0.079642562959,3
11.590000,0.048171145802,0.005825223974,-0.045936898020,0.066817595901,3
11.600000,0.022430941920,-0.053769635498,-0.001908686369,0.058292057269,3
11.610000,-0.027290789949,-0.037230561367,0.065541991823,0.080166418206,3
11.620000,-0.066736124902,0.014805204970,0.052028187760,0.085905976409,3
11.630000,-0.041362908865,0.050540749509,-0.006450437293,0.065626715078,3
11.640000,0.032099012632,0.028059879615,-0.058655058689,0.072512891032,3
11.650000,0.065275887544,-0.021387046474,-0.034581991207,0.076904235042,3
11.660000,0.043746020038,-0.061554965931,0.015769518472,0.077145355095,3
11.670000,-0.036274775055,-0.049861922968,0.082272210659,0.102814334186,3
11.680000,-0.040430590437,0.020280719731,0.043865309337,0.063008773985,3
11.690000,0.004605778475,0.069913235261,-0.025790635556,0.074660769769,3
11.700000,0.047732153176,0.031784578392,-0.043907470043,0.072225229636,3
11.710000,0.079123122156,-0.017655175069,-0.038008190673,0.089536563619,3
11.720000,0.032093055704,-0.050094436593,0.005962379352,0.059791025828,3
11.730000,-0.012496499767,-0.026599077153,0.070789570034,0.076647482917,3
11.740000,-0.051200011621,0.040858910460,0.035773747648,0.074636805765,3
11.750000,-0.034041691193,0.069403981385,-0.039744724504,0.086921760781,3
11.760000,0.052918601119,0.022540268714,-0.075439993482,0.094866404352,3
11.770000,0.077431267538,-0.039718704694,-0.025337296369,0.090637493800,3
11.780000,-0.007186953683,-0.036798832935,0.038916644929,0.054039908042,3
11.790000,-0.046518684880,-0.032437581014,0.076993574036,0.095625285087,3
11.800000,-0.048858017263,0.014031727377,0.018758198698,0.054183625224,3
11.810000,0.005554769164,0.042876613105,-0.028158198393,0.051595964460,3
11.820000,0.042563989230,0.021080476413,-0.054910322432,0.072603189837,3
11.830000,0.044767243379,-0.027513241167,-0.041025771693,0.066664821775,3
11.840000,-0.005640004721,-0.057467145994,0.032780465369,0.066399107161,3
11.850000,-0.061440470902,-0.018117435294,0.066238583950,0.092145118861,3
11.860000,-0.060436776649,0.042324711407,0.011353916064,0.074651835727,3
11.870000,-0.007238418277,0.027690749657,-0.055255159344,0.062227847061,3
11.880000,0.026784876135,-0.008046356944,-0.066200156343,0.071865389093,3
11.890000,0.023341018687,-0.048090868114,-0.023002574264,0.058194958304,3
11.900000,-0.022729687840,-0.040873742567,0.039628638796,0.061300330779,3
11.910000,-0.064025834326,0.003779692373,0.036171977196,0.073634268312,3
11.920000,-0.049395358067,0.047579810362,0.000876131997,0.068589411427,3
11.930000,0.001477957897,0.040410727750,-0.035194332628,0.053608323290,3
11.940000,0.052411691406,-0.012760080049,-0.052214263603,0.075074192386,3
11.950000,0.042456272719,-0.048628795001,0.005457863903,0.064784898509,3
11.960000,-0.033325572636,-0.039144948897,0.043263648433,0.067191250110,3
11.970000,-0.070618449459,0.016525186487,0.046572057510,0.086191668583,3
11.980000,-0.034293463058,0.056675760434,-0.002321332528,0.066284025330,3
11.990000,0.017098183471,0.027185597129,-0.045926806406,0.056041735483,3
12.000000,0.056479746228,-0.014253494392,-0.052500036961,0.078417968077,3
12.010000,0.010514269196,-0.060000212482,0.005190538171,0.061135235675,3
12.020000,-0.038343488072,-0.024673928178,0.058698291059,0.074327082430,3
12.030000,-0.046291716139,0.015152981652,0.035226238137,0.060111759992,3
12.040000,-0.006049560196,0.033588045828,-0.008822333226,0.035250355525,3
12.050000,0.042525940266,0.017557700326,-0.039978273411,0.060950724205,3
12.060000,0.064018617307,-0.027715333062,-0.028232431635,0.075256848490,3
12.070000,0.036906876526,-0.033967342567,0.008187084685,0.050822497495,3
12.080000,-0.017994265148,-0.008163353170,0.051281423379,0.054956512780,3
12.090000,-0.033378945009,0.027673599310,0.027900469157,0.051559851123,3
12.100000,-0.008318779923,0.038930023138,-0.021322800698,0.045159834261,3
12.110000,0.044661248645,0.015457609767,-0.043699018756,0.064367453503,3
12.120000,0.065138854927,-0.030091284713,-0.013643379979,0.073039014603,3
12.130000,0.018902925044,-0.039964929729,0.023335178452,0.049990466460,3
12.140000,-0.025800206087,-0.001122714215,0.031817487961,0.040978819669,3
12.150000,-0.033284132839,0.025515627952,0.002430739936,0.042009394964,3
12.160000,-0.005483454903,0.052665777669,-0.036837379139,0.064503836451,3
12.170000,0.048456427586,0.012463286407,-0.033467493582,0.060194950030,3
12.180000,0.050694804278,-0.036098058167,-0.006850047272,0.062609553040,3
12.190000,-0.013826811009,-0.028269533688,0.031374447782,0.044437632827,3
12.200000,-0.026577532243,-0.005517900286,0.029999935272,0.040457490778,3
12.210000,-0.038758048696,0.045383208677,0.000511924688,0.059683197262,3
12.220000,0.005311614683,0.018773035155,-0.034933472468,0.040012343072,3
12.230000,0.018104381694,-0.009832442514,-0.030414371982,0.036735263513,3
12.240000,0.018502879526,-0.016840467571,-0.009249659446,0.026674221612,3
12.250000,-0.013530680340,-0.019294551608,0.029858162543,0.038037729989,3
12.260000,-0.033749225762,0.007820555358,0.034599672667,0.048962318922,3
12.270000,-0.032877957847,0.040193211156,0.004216605685,0.052098311861,3
12.280000,0.008396735201,0.036896553167,-0.040044811742,0.055094897633,3
12.290000,0.024936680135,-0.022352476930,-0.015470411536,0.036889088822,3
12.300000,0.019148158050,-0.023360080055,0.003610854339,0.030420117783,3
12.310000,-0.030152538111,-0.027588056829,0.033942773124,0.053126154402,3
12.320000,-0.037695724948,0.008128568203,0.023467970985,0.045141853778,3
12.330000,-0.021058905836,0.031098233616,-0.025457687182,0.045372585177,3
12.340000,0.010910774859,0.012533600150,-0.035631783240,0.039316155936,3
12.350000,0.015314041691,-0.015643721771,-0.029755374211,0.036940874356,3
12.360000,0.010756564422,-0.033370152263,0.017252335168,0.039075744509,3
12.370000,-0.018580482266,-0.015413792545,0.036238062980,0.043543271931,3
12.380000,-0.027419985845,0.020560845248,0.019561225946,0.039461950554,3
12.390000,-0.015911716424,0.019612346650,-0.006441079992,0.026063659991,3
12.400000,0.026615176449,0.015971422750,-0.039159216642,0.049968972474,3
12.410000,0.027865929922,-0.023065959049,-0.002224881108,0.036242221416,3
12.420000,0.007148131017,-0.026591106060,0.010171939522,0.029353893305,3
12.430000,-0.022796652918,-0.006334367333,0.038493942378,0.045184014802,3
12.440000,-0.024859104402,0.033957760742,0.017079946173,0.045418378963,3
12.450000,0.001707808476,0.032540579195,-0.022419974647,0.039553269995,3
12.460000,0.027297884424,0.006827472439,-0.021370166372,0.035333735787,3
12.470000,0.030794454958,-0.019590478210,-0.005782340193,0.036952953208,3
12.480000,0.004233391107,-0.024068117601,0.015534776822,0.028957299184,3
12.490000,-0.020459386865,-0.004189062828,0.023079465041,0.031125495415,3
12.500000,-0.021352077658,0.021229086670,-0.002839710608,0.030243169435,3
12.510000,-0.001020783446,0.016559320241,-0.019149482521,0.025336846026,3
12.520000,0.031943254719,0.001967496926,-0.023438893817,0.039668933809,3
12.530000,0.027500206956,-0.026253417086,0.015101383237,0.040909107385,3
12.540000,0.002532527616,-0.012579161895,0.024551868014,0.027702765802,3
12.550000,-0.035825050150,0.001069728683,0.038053973609,0.052275074798,3
12.560000,-0.028070279472,0.042484546086,-0.012651147229,0.052468359722,3
12.570000,0.012975660656,0.027774607543,-0.023552845826,0.038659192182,3
12.580000,0.035419367803,-0.005901312841,-0.035933031505,0.050799014380,3
12.590000,0.006572183647,-0.019864483479,0.007124619675,0.022103201290,3
12.600000,-0.003940245971,-0.020475110649,0.034799096612,0.040567632658,3
12.610000,-0.049289734967,-0.005226894836,0.033240635270,0.059680300233,3
12.620000,-0.022913619412,0.038183448472,-0.007985116726,0.045241261928,3
12.630000,0.018205571372,0.021263383412,-0.039160706049,0.048136630557,3
12.640000,0.030625708299,-0.016370332498,-0.025428914629,0.043041276632,3
12.650000,0.002006518421,-0.043900018583,0.012299338452,0.045634542554,3
12.660000,-0.021949001264,-0.013856987931,0.023983671184,0.035341070364,3
12.670000,-0.033886721189,0.022098086796,0.016924922878,0.043853030995,3
12.680000,-0.013552268774,0.037883951785,-0.016158008061,0.043358263530,3
12.690000,0.021258096858,0.017066329345,-0.045984918974,0.053458199112,3
12.700000,0.041816776855,-0.016230548395,-0.014365430932,0.047100309273,3
12.710000,-0.008076762468,-0.039249608978,0.031387966116,0.050901574768,3
12.720000,-0.027776774612,-0.026795347602,0.041963428887,0.057012886481,3
12.730000,-0.044049403191,0.033405495548,0.010827240488,0.056333881376,3
12.740000,-0.010167112533,0.044572016885,-0.029576868795,0.054450216107,3
12.750000,0.035684041729,0.023068237462,-0.038918969308,0.057621008198,3
12.760000,0.042023459909,-0.036318978187,0.000735654948,0.055548002192,3
12.770000,0.001977365773,-0.045012604282,0.019268027058,0.049003075274,3
12.780000,-0.049722317719,-0.013675468763,0.039818441418,0.065152402889,3
12.790000,-0.031374609997,0.028601882014,0.001503758879,0.042481703096,3
12.800000,0.005091276174,0.033161902301,-0.029935770020,0.044964243394,3
12.810000,0.043727405138,0.012324376890,-0.036939676370,0.058553530347,3
12.820000,0.043803721647,-0.036940685744,-0.003473326980,0.057405960437,3
12.830000,-0.002087628523,-0.037688034127,0.048554083877,0.061499960735,3
12.840000,-0.032435990087,0.005241043093,0.037291860243,0.049701557582,3
12.850000,-0.037054161474,0.040760952485,-0.000930012305,0.055093838612,3
12.860000,0.009932448640,0.035569881264,-0.044148953836,0.057558666714,3
12.870000,0.069917991448,-0.008938189298,-0.051353847457,0.087210288411,3
12.880000,0.049342654013,-0.056133758348,-0.006733952572,0.075040272178,3
12.890000,-0.014045692400,-0.018201899313,0.044057654941,0.049695750045,3
12.900000,-0.039311968847,-0.002432829065,0.046928526739,0.061266925611,3
12.910000,-0.011237861388,0.058329760988,-0.012710249889,0.060747024600,3
12.920000,0.022317750193,0.046420592576,-0.044868322948,0.068309002283,3
12.930000,0.054576528349,-0.005720217586,-0.036290314742,0.065789856968,3
12.940000,0.023030395746,-0.071321273700,-0.010764621667,0.075716578700,3
12.950000,-0.041053984328,-0.023559942897,0.076836967286,0.090246440817,3
12.960000,-0.044286268873,0.027740558491,0.022527494401,0.056906064704,3
12.970000,-0.041687160927,0.055340322837,-0.012279091708,0.070364385956,3
12.980000,0.017502980676,0.055466865255,-0.048271019699,0.075584514397,3
12.990000,0.054798428288,-0.020854568746,-0.041012886308,0.071553040632,3
13.000000,0.033409489796,-0.075861034099,0.022393042507,0.085863489655,3
13.010000,-0.049138892420,-0.031594059674,0.076282145371,0.096082157851,3
13.020000,-0.054322032948,0.060167685393,0.037103722262,0.089149985053,3
13.030000,-0.023642222141,0.047667453318,-0.032264885776,0.062226711529,3
13.040000,0.041959853998,0.021730407093,-0.068643106358,0.083334962593,3
13.050000,0.045998367024,-0.037450817311,-0.028260684838,0.065704488383,3
13.060000,-0.003248379072,-0.074111724352,0.036437254757,0.082648491742,3
13.070000,-0.063711863896,-0.018983680477,0.063309704336,0.091802507529,3
13.080000,-0.061449007818,0.040749960727,0.020337625185,0.076486331192,3
13.090000,-0.027481308643,0.065982977983,-0.040551885474,0.082179262127,3
13.100000,0.012964171916,0.008861049446,-0.062633647321,0.064572143587,3
13.110000,0.032245022405,-0.044933032942,-0.012244329818,0.056644880898,3
13.120000,-0.014597720618,-0.038007609696,0.063271399664,0.075239230841,3
13.130000,-0.069051364042,-0.017506475276,0.065089016164,0.096494287799,3
13.140000,-0.070728538314,0.047971768190,0.019062540712,0.087562532705,3
13.150000,-0.004062328467,0.057179862280,-0.062745772042,0.084988652608,3
13.160000,0.059468785519,0.004683500255,-0.064633329816,0.087954186648,3
13.170000,0.017663730918,-0.058828876316,0.003015701446,0.061497467702,3
13.180000,-0.038125697430,-0.088647942525,0.068861254277,0.118549141114,3
13.190000,-0.076494872439,0.000317849768,0.044690825298,0.088593658936,3
13.200000,-0.024942879803,0.074592803942,0.001095670166,0.078660245016,3
13.210000,0.047634960045,0.071870182914,-0.042802355192,0.096262423721,3
13.220000,0.070230301998,-0.008938855634,-0.078416124899,0.105646992872,3
13.230000,0.030221973942,-0.093041565778,0.010218155295,0.098359093982,3
13.240000,-0.031917281001,-0.045207774505,0.070787234182,0.089851478704,3
13.250000,-0.029761757306,0.019485293149,0.061053520896,0.070660959949,3
13.260000,-0.022211421293,0.063267167783,-0.013190456658,0.068337909699,3
13.270000,0.045793717431,0.050669620437,-0.060251461988,0.091075318628,3
13.280000,0.076943332309,-0.021782689110,-0.032055975651,0.086153046995,3
13.290000,0.055214734546,-0.073987019987,0.035515387266,0.098914552874,3
13.300000,-0.029527740790,-0.030954574970,0.070688582987,0.082625352964,3
13.310000,-0.046631323629,0.032816539006,0.060703367819,0.083284478988,3
13.320000,0.000222046310,0.047674901904,-0.016023954282,0.050296249234,3
13.330000,0.042889734398,0.026329892738,-0.079547200859,0.094130493108,3
13.340000,0.077879693657,-0.026561971822,-0.050742575569,0.096672612495,3
13.350000,0.021770507870,-0.068217638502,0.018016293784,0.073838933208,3
13.360000,-0.035574274809,-0.010962185990,0.055330148259,0.066686759227,3
13.370000,-0.046684433788,0.044381547612,0.017189820259,0.066668193669,3
13.380000,-0.012543657144,0.064540319438,-0.036420035091,0.075161260791,3
13.390000,0.050497178652,0.026488015807,-0.101257382100,0.116209455135,3
13.400000,0.052333269854,-0.070147063457,-0.021981416267,0.090236158531,3
13.410000,-0.025422872659,-0.064485070964,0.046977996386,0.083735171678,3
13.420000,-0.082693088621,-0.014174167071,0.072758154639,0.111053153869,3
13.430000,-0.057368823106,0.060925566338,0.010138360581,0.084296458131,3
13.440000,-0.009795018771,0.077054363330,-0.045914262939,0.090229911017,3
13.450000,0.062354481685,-0.005119303870,-0.062222324583,0.088237782921,3
13.460000,0.053994499625,-0.078195106675,-0.022789316354,0.097720180298,3
13.470000,-0.030338290118,-0.051984893832,0.048753320894,0.077457906841,3
13.480000,-0.068568202588,-0.008851684831,0.063858668562,0.094116312513,3
13.490000,-0.052050917732,0.064356878611,0.016309769868,0.084362992209,3
13.500000,0.009404656660,0.044032493247,-0.040422230436,0.060508385715,3
13.510000,0.060935152089,0.006329785385,-0.063300121487,0.088091227278,3
13.520000,0.048135541095,-0.044730701915,0.011967135322,0.066791304360,3
13.530000,-0.048186286104,-0.032624312096,0.061729939324,0.084834246134,3
13.540000,-0.065145239309,-0.001102182296,0.057942817280,0.087192242113,3
13.550000,-0.053460237256,0.059136941871,-0.006478320932,0.079982144904,3
13.560000,0.009133323856,0.029327823522,-0.055595186172,0.063516640046,3
13.570000,0.061014940689,-0.027290101164,-0.046526396529,0.081438800229,3
13.580000,0.046084438984,-0.064128039507,0.006298606571,0.079220284096,3
13.590000,-0.036456193829,-0.035565079638,0.065373701779,0.082871284788,3
13.600000,-0.042361527573,0.016586459534,0.027632669383,0.053227568754,3
13.610000,-0.004771297165,0.036659580075,-0.005049886335,0.037312081689,3
13.620000,0.030562723384,0.044656283358,-0.023923670949,0.059165917010,3
13.630000,0.066573444480,-0.022244178814,-0.054285322639,0.088734002812,3
13.640000,0.025350291867,-0.058351119363,0.006956905328,0.063999132497,3
13.650000,-0.026127937416,-0.021822492522,0.054662219414,0.064396028797,3
13.660000,-0.043094248129,0.034233037791,0.036235683156,0.065894156281,3
13.670000,-0.008624093220,0.061830925228,-0.017431805350,0.064817483260,3
13.680000,0.038593638574,0.020846869350,-0.044209379067,0.062277845961,3
13.690000,0.049169404295,-0.038872493084,-0.007695218491,0.063149959817,3
13.700000,0.010449100496,-0.040709158498,0.029456453373,0.051323502726,3
13.710000,-0.018836301801,-0.018789888137,0.062630113835,0.068047022865,3
13.720000,-0.019110191612,0.035168363790,0.022923416689,0.046124790166,3
13.730000,0.002265811985,0.042938968812,-0.033335006357,0.054406907607,3
13.740000,0.027047686366,0.005869492168,-0.029221238482,0.040248093799,3
13.750000,0.044756165597,-0.039170577943,-0.020584162469,0.062937717466,3
13.760000,-0.001706469696,-0.033217101412,0.034204600908,0.047709984158,3
13.770000,-0.044963250330,-0.011328974212,0.043927882727,0.063872516921,3
13.780000,-0.043275411662,0.029565496269,-0.000107324602,0.052410794143,3
13.790000,0.009143271147,0.031443771226,-0.029487178628,0.044065903595,3
13.800000,0.026170213780,-0.011481299043,-0.036215036354,0.046132734313,3
13.810000,0.022652390160,-0.044367229813,-0.001988487298,0.049855149613,3
13.820000,-0.005204717598,-0.046740446881,0.042695152115,0.063518772611,3
13.830000,-0.031220274399,0.001167997894,0.033882051096,0.046087559483,3
13.840000,-0.029720005894,0.042511621005,0.006306035010,0.052252107597,3
13.850000,0.005713605824,0.029535919382,-0.038984980740,0.049242710614,3
13.860000,0.024918929284,-0.001843347889,-0.029213336504,0.038441774124,3
13.870000,0.011913577547,-0.030403542474,0.010253921497,0.034226475585,3
13.880000,-0.027548981973,-0.022390062797,0.032038923953,0.047820016394,3
13.890000,-0.037921709224,0.011054567390,0.025423812009,0.046974777357,3
13.900000,-0.022214699999,0.028349823589,-0.010290646176,0.037458013726,3
13.910000,0.026440572251,0.034824095789,-0.022916239105,0.049365732277,3
13.920000,0.028898110044,-0.004098795451,-0.024816333098,0.038311242170,3
13.930000,0.006880128071,-0.041560768923,0.003804767280,0.042297871457,3
13.940000,-0.031825408445,-0.028183424928,0.035809652051,0.055583210085,3
13.950000,-0.044221749222,0.015908254749,0.019044145297,0.050708136857,3
13.960000,-0.026173244185,0.037375364171,-0.010273117502,0.046770647860,3
13.970000,0.013800887273,0.014273837963,-0.032370769894,0.037974645268,3
13.980000,0.026687177753,-0.015918767287,-0.026798443231,0.041033756445,3
13.990000,0.005751506935,-0.042933039941,0.022094149535,0.048625890164,3
14.000000,-0.028126404061,-0.026756464892,0.049723511634,0.063082728446,3
14.010000,-0.031657270529,0.023957598461,0.019234539843,0.044114814114,3
14.020000,-0.000181303173,0.033338724449,-0.018934163142,0.038340656654,3
14.030000,0.038516125638,0.009853371495,-0.035283411030,0.053155432064,3
14.040000,0.037778395657,-0.028420983828,-0.007574595793,0.047878324966,3
14.050000,0.007358832179,-0.021142672575,0.010865956564,0.024884413329,3
14.060000,-0.019777171944,-0.011742663479,0.040536768862,0.046607470490,3
14.070000,-0.035199406904,0.041408237375,0.005234565382,0.054598910646,3
14.080000,0.022088188824,0.041299502502,-0.036042053311,0.059097940736,3
14.090000,0.040939846876,-0.003116273333,-0.036201045585,0.054738450134,3
14.100000,0.041355240181,-0.024012405372,-0.000689087929,0.047826000715,3
14.110000,0.004099736942,-0.038949784287,0.021258671771,0.044562592659,3
14.120000,-0.027267744747,-0.004935019532,0.037854782395,0.046913418886,3
14.130000,-0.026918188449,0.031305361862,-0.008557109293,0.042164424224,3
14.140000,0.006419523927,0.035352346769,-0.029273742735,0.046345989289,3
14.150000,0.048662620066,-0.011791825316,-0.031048256434,0.058915973756,3
14.160000,0.036547260893,-0.033096114443,0.002597108770,0.049374082715,3
14.170000,-0.022456027905,-0.045259054373,0.031933986474,0.059769847616,3
14.180000,-0.038213397773,-0.002550426155,0.032405760428,0.050168732811,3
14.190000,-0.019502770639,0.032189639941,-0.014650421217,0.040387693967,3
14.200000,0.006675598987,0.017595333162,-0.043088146516,0.047018589314,3
14.210000,0.025019673907,-0.007680728418,-0.029665209876,0.039560110571,3
14.220000,0.023130488743,-0.048236516261,0.007119240951,0.053967254907,3
14.230000,-0.020583244406,-0.023853427447,0.036370777838,0.048119532747,3
14.240000,-0.041495880257,0.018700614182,0.020862330621,0.050068531914,3
14.250000,-0.027412368143,0.043532643579,-0.020310437505,0.055308614662,3
14.260000,0.024972414676,0.019243991181,-0.045869703308,0.055659521853,3
14.270000,0.022434203529,-0.021154360427,-0.021966957808,0.037859578556,3
14.280000,0.000628235576,-0.038363576190,0.024198755095,0.045362301596,3
14.290000,-0.045552569669,-0.023366502316,0.052750844218,0.073509738128,3
14.300000,-0.057716810152,0.038686682447,0.027845228742,0.074854835092,3
14.310000,-0.018822654331,0.041409684833,-0.028493961011,0.053674576180,3
14.320000,0.026530810750,0.002540542483,-0.069885992030,0.074795656005,3
14.330000,0.043442082901,-0.044296272606,-0.008952775532,0.062685935609,3
14.340000,0.004045040226,-0.038967739531,0.037680798866,0.054357057295,3
14.350000,-0.052741297711,-0.013822130578,0.049981948781,0.073965471552,3
14.360000,-0.046596239331,0.028467662657,0.022025681267,0.058879096225,3
14.370000,-0.005982459083,0.070397525465,-0.027216015142,0.075712039257,3
14.380000,0.058493477502,0.017989099056,-0.042307160264,0.074397516119,3
14.390000,0.051160933759,-0.034692830878,-0.005781498807,0.062084292586,3
14.400000,0.012240400368,-0.046217906317,0.039397858859,0.061952510427,3
14.410000,-0.027261376380,-0.004569080357,0.044037175195,0.051993575917,3
14.420000,-0.023395891430,0.045165714676,0.013008762740,0.052502737319,3
14.430000,0.010665521948,0.057948959639,-0.050124093049,0.077357998848,3
14.440000,0.070131539020,-0.015394645866,-0.049492054852,0.087206028348,3
14.450000,0.052640267961,-0.028076667190,-0.002929068051,0.059731704238,3
14.460000,-0.004201080078,-0.057672234738,0.067777561795,0.089092837065,3
14.470000,-0.044234704376,0.001747139302,0.040899807022,0.060270687581,3
14.480000,-0.021840796008,0.068385883541,-0.005536402403,0.072002091564,3
14.490000,0.034203558100,0.061668141877,-0.055848762738,0.089955141091,3
14.500000,0.068865954372,-0.004554251798,-0.036450614767,0.078050677113,3
14.510000,0.045439497657,-0.059312684351,0.002598556999,0.074762925108,3
14.520000,-0.024968395157,-0.029693308024,0.065373028492,0.076018064645,3
14.530000,-0.043931354046,0.014752917873,0.052998713521,0.070402244914,3
14.540000,-0.047726186621,0.041013390752,-0.013354836021,0.064329143904,3
14.550000,0.025538120962,0.046123924730,-0.027149022635,0.059301614521,3
14.560000,0.071906856377,-0.030480822566,-0.038221616925,0.086951529824,3
14.570000,0.012187070543,-0.070073215685,0.019911539202,0.073859661780,3
14.580000,-0.055881577209,-0.039221643843,0.081492328015,0.106311276648,3
14.590000,-0.079220546487,0.038834530579,0.056696134484,0.104873578257,3
14.600000,-0.027296467321,0.053061717747,-0.027701028584,0.065787460834,3
14.610000,0.039854933734,0.025681035776,-0.071438376817,0.085740148260,3
14.620000,0.054476413310,-0.029091812385,-0.019478876755,0.064756774122,3
14.630000,-0.019440760185,-0.086572622508,0.031122558460,0.094028590171,3
14.640000,-0.053735513707,-0.020978059697,0.062046889538,0.084719542748,3
14.650000,-0.080584546318,0.020444089111,0.011307288929,0.083902828723,3
14.660000,-0.027598688398,0.049723786514,-0.034883797890,0.066715979359,3
14.670000,0.048278614742,0.039334472268,-0.055120459070,0.083164237254,3
14.680000,0.039884723555,-0.031961491844,-0.013732909889,0.052923727646,3
14.690000,-0.015883986502,-0.080950651787,0.070467307221,0.108494011074,3
14.700000,-0.095008447850,-0.027836628525,0.088453174828,0.132760864669,3
14.710000,-0.064735811278,0.075467942011,0.005169254965,0.099563330249,3
14.720000,-0.001889776010,0.078730506084,-0.058375039342,0.098029123529,3
14.730000,0.074060587646,0.001238981049,-0.084567706486,0.112419761149,3
14.740000,0.055988124844,-0.049127716630,-0.008012069524,0.074915925696,3
14.750000,-0.008193263639,-0.038989090507,0.038886890102,0.055672874629,3
14.760000,-0.061524112341,0.016372649694,0.099324588264,0.117977344822,3
14.770000,-0.032098483169,0.062584132472,0.001711594438,0.070356348787,3
14.780000,0.037049956615,0.079122438919,-0.069554509059,0.111673136233,3
14.790000,0.076287311363,0.015240028853,-0.045881129338,0.090316611893,3
14.800000,0.054263714879,-0.081937355281,-0.013559022120,0.099207499837,3
14.810000,-0.023523815441,-0.057739876471,0.059022975547,0.085854381777,3
14.820000,-0.062542631788,-0.006355364304,0.043424212907,0.076404408989,3
14.830000,-0.022612131664,0.079099334396,0.015522149190,0.083719473934,3
14.840000,0.043381046436,0.048324131096,-0.052918654325,0.083770644092,3
14.850000,0.106062299459,-0.016031332100,-0.071174694057,0.128732482496,3
14.860000,0.080771719429,-0.051348460547,0.011848003476,0.096442263798,3
14.870000,-0.049279213667,-0.019818226719,0.071859640749,0.089358888637,3
14.880000,-0.066156115778,0.026146179522,0.043208110359,0.083229773274,3
14.890000,-0.014780126781,0.039412990244,-0.041458080936,0.059081371197,3
14.900000,0.058004071277,0.065866489935,-0.070548539310,0.112605342590,3
14.910000,0.073553963756,-0.042964674719,-0.052445921260,0.100033611924,3
14.920000,0.003362523585,-0.077661207255,0.017812535116,0.079748705848,3
14.930000,-0.034649626371,-0.025234114418,0.066237977357,0.078897571461,3
14.940000,-0.044521987597,0.032345015798,0.039827393873,0.067931058650,3
14.950000,0.010482507390,0.076555111833,-0.037991913163,0.086104317979,3
14.960000,0.046336582205,0.000137967968,-0.077359322725,0.090175177837,3
14.970000,0.067506179035,-0.034308125414,-0.009085101256,0.076267101309,3
14.980000,-0.002231781184,-0.085579912284,0.052708446933,0.100533987347,3
14.990000,-0.051670004831,-0.015064932292,0.055683140782,0.077442583580,3
15.000000,-0.080414588085,0.056864267270,0.035799948387,0.104793545477,3
15.010000,-0.002925753032,0.066233608195,-0.027727072097,0.071862656591,3
15.020000,0.063975924674,0.019137736785,-0.080710978108,0.104754159318,3
15.030000,0.036470861636,-0.048422780231,-0.024175329513,0.065263588246,3
15.040000,-0.007492873649,-0.063306678331,0.056067231815,0.084896484970,3
15.050000,-0.074442408545,0.003382258591,0.056260293972,0.093372011551,3
15.060000,-0.031461752572,0.045418073731,-0.014202202459,0.057046874157,3
15.070000,-0.001109346291,0.060053051336,-0.075090194239,0.096156834884,3
15.080000,0.062957054659,0.005306291613,-0.058865337254,0.086353201400,3
15.090000,0.034848572587,-0.061254090903,-0.001461137691,0.070488450026,3
15.100000,-0.041217507591,-0.054987108805,0.064417221324,0.094191525468,3
15.110000,-0.062969512104,0.007684937355,0.063110282432,0.089482542797,3
15.120000,-0.049200159127,0.056850623729,-0.009718296833,0.075809592861,3
15.130000,0.006714999541,0.039981787163,-0.050701273279,0.064917283028,3
15.140000,0.059969879331,0.008100798276,-0.026602179763,0.066103595423,3
15.150000,0.021068442630,-0.039098381448,0.015993159696,0.047205337238,3
15.160000,-0.033406619437,-0.052196006658,0.043875872810,0.075931005183,3
15.170000,-0.046567592894,0.014286135815,0.046756290679,0.067518775926,3
15.180000,-0.023619238227,0.058934858469,-0.002271672352,0.063532247343,3
15.190000,0.044585930586,0.032495467162,-0.064383869020,0.084788815196,3
15.200000,0.072101046354,-0.015949257297,-0.035772918769,0.082052674612,3
15.210000,0.027078545641,-0.061478136836,0.022033478121,0.070698536767,3
15.220000,-0.016658642064,-0.015853669489,0.051292117762,0.056211480466,3
15.230000,-0.039096427478,0.021230997404,0.032027138825,0.054818094765,3
15.240000,-0.012511600774,0.065744917568,-0.023319023788,0.070871088678,3
15.250000,0.052637671914,0.024769573273,-0.048480950516,0.075727530183,3
15.260000,0.062057644751,-0.026252020379,-0.024995850745,0.071868716424,3
15.270000,0.019633477548,-0.051828817232,0.027507807747,0.061873897755,3
15.280000,-0.015819081453,-0.005905397140,0.056685522617,0.059146982406,3
15.290000,-0.023144399901,0.038798818770,0.031468822079,0.055057227934,3
15.300000,0.005820013192,0.031221119082,-0.029018242779,0.043019637891,3
15.310000,0.053240159914,0.035554904941,-0.055848838949,0.084957393469,3
15.320000,0.036220666975,-0.027995275880,-0.024448122558,0.051897811942,3
15.330000,-0.007541613608,-0.043248328849,0.031080225218,0.053789165114,3
15.340000,-0.054378517334,-0.008916022318,0.040442810020,0.068353050289,3
15.350000,-0.035793930460,0.023937175857,0.023975408863,0.049285028923,3
15.360000,0.001188611775,0.069519553026,-0.042880902249,0.081689367904,3
15.370000,0.054429000417,-0.005131262167,-0.052343953996,0.075688410327,3
15.380000,0.035636233342,-0.048826541680,-0.002218091535,0.060488777713,3
15.390000,-0.026342281371,-0.037985559238,0.032035155542,0.056241174322,3
15.400000,-0.035753393450,0.010535505535,0.033224356542,0.049931552025,3
15.410000,-0.025906182365,0.030085234385,0.005186380070,0.040039357525,3
15.420000,0.000702655594,0.028779678482,-0.040349014500,0.049566183932,3
15.430000,0.024286491542,-0.003889119231,-0.031601050779,0.040044791548,3
15.440000,0.022380997698,-0.036451744032,-0.004217637510,0.042981707354,3
15.450000,-0.022018225596,-0.039581703729,0.046436556313,0.064868076052,3
15.460000,-0.062300376628,0.004733992840,0.036842358951,0.072533489019,3
15.470000,-0.032889030649,0.046460327256,-0.021213639446,0.060747583033,3
15.480000,0.019527272845,0.022702168210,-0.042313816147,0.051837841999,3
15.490000,0.028337925267,-0.016079148690,-0.012514935761,0.034902731242,3
15.500000,0.013106295232,-0.033454814731,0.006431866785,0.036501623439,3
15.510000,-0.018734810221,-0.029020609114,0.031797743774,0.046949817641,3
15.520000,-0.035869563230,0.019324835017,0.020334766943,0.045536551927,3
15.530000,-0.021835690502,0.045489806733,-0.011905926446,0.051844681317,3
15.540000,0.026680692306,0.020878837453,-0.042610932256,0.054437824561,3
15.550000,0.038716468504,-0.013548438216,-0.025188357715,0.048135002606,3
15.560000,0.009549217446,-0.033441467478,0.013604479155,0.037344359065,3
15.570000,-0.030324348132,-0.005934162874,0.030935838059,0.043724209028,3
15.580000,-0.034899587307,0.023014657704,0.012700878204,0.043691738012,3
15.590000,-0.010412833272,0.043622270044,-0.003349459009,0.044972751931,3
15.600000,0.041484475059,0.017814458610,-0.035101067190,0.057187424530,3
15.610000,0.065481122242,-0.008535609507,-0.016514765263,0.068068872999,3
15.620000,0.003259282850,-0.030978155411,0.022875408363,0.038646517892,3
15.630000,-0.042664464570,-0.012687761166,0.044358492951,0.062840366941,3
15.640000,-0.020926329492,0.031112890852,0.008983619921,0.038556823911,3
15.650000,0.008125613773,0.035970267571,-0.017930523355,0.041004748702,3
15.660000,0.044551085284,-0.000541256579,-0.036722715394,0.057737769134,3
15.670000,0.049172620844,-0.031378965419,-0.006330896718,0.058674239362,3
15.680000,0.004177924960,-0.020764013235,0.014215161567,0.025508236336,3
15.690000,-0.035240060504,-0.005784486255,0.035307573559,0.050218989399,3
15.700000,-0.022060966595,0.027455050847,-0.003596558650,0.035403408003,3
15.710000,0.004008155472,0.032858145716,-0.024694709888,0.041298326197,3
15.720000,0.052398355620,0.001074578379,-0.046564981489,0.070107345488,3
15.730000,0.037910939373,-0.035189571181,0.002958709950,0.051810223012,3
15.740000,-0.021781452416,-0.023578102071,0.033720904536,0.046555965991,3
15.750000,-0.045393039139,0.005540556522,0.027640590822,0.053434333811,3
15.760000,-0.036810708707,0.035498563188,0.013564141693,0.052907109199,3
15.770000,0.000994553787,0.030302442874,-0.032955647319,0.044780597044,3
15.780000,0.032481604124,-0.015442604912,-0.045443517571,0.057953791439,3
15.790000,0.005261333122,-0.056031502849,0.000663638624,0.056281891883,3
15.800000,-0.032561295492,-0.025960118667,0.027244974428,0.049763986545,3
15.810000,-0.051404184657,0.031519593974,0.036994309351,0.070742165141,3
15.820000,-0.029961526646,0.039214213967,-0.014385649055,0.051404227013,3
15.830000,0.007934058261,0.026042545873,-0.037298093757,0.046176956092,3
15.840000,0.052460992872,-0.018159079663,-0.026098598544,0.061343661394,3
15.850000,0.009676408333,-0.053952071699,0.016709188262,0.057303192679,3
15.860000,-0.035407993846,-0.033549514800,0.061994670063,0.078883680744,3
15.870000,-0.056931408614,0.021916582839,0.034892714085,0.070278185707,3
15.880000,-0.029839936280,0.031672831053,-0.006876065453,0.044055309558,3
15.890000,0.027397765261,0.034659868590,-0.056262266119,0.071535911407,3
15.900000,0.037382557576,-0.023607021524,-0.035912022862,0.056959814450,3
15.910000,0.007315403660,-0.047855373345,0.020693336124,0.052648514211,3
15.920000,-0.028945679612,-0.021504153009,0.046180935053,0.058591464627,3
15.930000,-0.056084750886,0.046475612948,0.016263853752,0.074632397923,3
15.940000,-0.009660403528,0.064023925339,-0.020837064453,0.068018891987,3
15.950000,0.054584931330,-0.002504869182,-0.053118614203,0.076206143274,3
15.960000,0.055098509869,-0.030365536037,-0.022117722364,0.066686619431,3
15.970000,0.020723682665,-0.054951397994,0.036541278376,0.069169300922,3
15.980000,-0.046556431185,-0.005058974950,0.056231266169,0.073178205821,3
15.990000,-0.032080633096,0.047639972629,0.030740763906,0.065143906680,3
16.000000,0.009134713643,0.050120581168,-0.038421941013,0.063810353401,3
16.010000,0.071284600657,0.020683426299,-0.068887645544,0.101266016623,3
16.020000,0.067115032824,-0.043993752765,-0.015811583522,0.081791711602,3
16.030000,-0.002523520821,-0.057995941144,0.037088741067,0.068887386802,3
16.040000,-0.040368466250,0.000540267343,0.036909410843,0.054701092905,3
16.050000,-0.018552201990,0.060350179618,0.001602490471,0.063157710173,3
16.060000,0.021127377033,0.041623835405,-0.054087601805,0.071444932662,3
16.070000,0.061181448315,-0.011735852025,-0.052134958941,0.081233944780,3
16.080000,0.046301467241,-0.038767475242,0.025581372854,0.065583150599,3
16.090000,-0.012456997748,-0.062695743232,0.075813264297,0.099164429388,3
16.100000,-0.047219743895,0.012320361196,0.059381101933,0.076860983472,3
16.110000,-0.049305592838,0.064976105670,0.001219414905,0.081574645362,3
16.120000,0.031606029226,0.050479409632,-0.047287646254,0.076047573061,3
16.130000,0.068110260908,-0.033272582909,-0.047377058829,0.089390481136,3
16.140000,0.047861932014,-0.070211342275,0.021664042450,0.087691093364,3
16.150000,-0.037078636295,-0.032725786772,0.049929737706,0.070276461897,3
16.160000,-0.078483809380,0.011409021465,0.060340256053,0.099653502729,3
16.170000,-0.011973448026,0.075032849432,-0.006680864257,0.076275329555,3
16.180000,0.033027035960,0.029696528152,-0.069358062362,0.082360243462,3
16.190000,0.072983402045,-0.020065836338,-0.042886301609,0.086996836884,3
16.200000,-0.005320492007,-0.072888532382,0.006650885150,0.073384467439,3
16.210000,-0.057529377124,-0.047403780026,0.058829090184,0.094961094375,3
16.220000,-0.093504079817,0.047506677031,0.050030466612,0.116202172503,3
16.230000,-0.056939811028,0.049995224297,-0.026358805162,0.080227496172,3
16.240000,0.024343229220,0.021734811220,-0.061938481280,0.070009787108,3
16.250000,0.058142605770,-0.038784066605,-0.019157103464,0.072469035051,3
16.260000,-0.006183011451,-0.086705596536,0.015278232567,0.088258226198,3
16.270000,-0.079022826317,-0.016293946120,0.091792067914,0.122212452276,3
16.280000,-0.068923040860,0.096196841073,0.028514374661,0.121726280466,3
16.290000,-0.015701756043,0.070706227733,-0.052636901723,0.089535240024,3
16.300000,0.084634260633,0.017152350946,-0.092299979128,0.126397972147,3
16.310000,0.038177266642,-0.078822409796,-0.035933188056,0.094666097301,3
16.320000,-0.012667013128,-0.071617536317,0.056212284012,0.091920322038,3
16.330000,-0.071301419611,-0.014568581371,0.084720714494,0.111685878544,3
16.340000,-0.042458471254,0.079699738827,-0.015240404445,0.091580784436,3
16.350000,0.010496997196,0.062127696022,-0.063439406744,0.089412504110,3
16.360000,0.095649796778,-0.007399053504,-0.077923782014,0.123595086552,3
16.370000,0.072266684939,-0.081124590527,-0.025173901748,0.111523084020,3
16.380000,-0.008683287496,-0.095532859985,0.054607350909,0.110380657690,3
16.390000,-0.066116863194,0.011207099234,0.056256284802,0.087531755675,3
16.400000,-0.015517400727,0.055390768553,-0.006725630659,0.057915119563,3
16.410000,0.022160881640,0.053742857171,-0.083194092355,0.101492149326,3
16.420000,0.071124683447,-0.006033981076,-0.046307677866,0.085085430906,3
16.430000,0.053399661446,-0.056217963515,0.006722683605,0.077827872509,3
16.440000,-0.027295757735,-0.028491858083,0.071297233268,0.081487053199,3
16.450000,-0.070451981220,0.018121585958,0.039218446085,0.082643572338,3
16.460000,-0.015632601375,0.071517509742,-0.031605643336,0.079737375904,3
16.470000,0.045867937497,0.061085695328,-0.055159090671,0.094222370739,3
16.480000,0.078118705491,-0.014293878070,-0.051038523841,0.094402214030,3
16.490000,0.029416874693,-0.079295625744,0.029444794018,0.089555260446,3
16.500000,-0.046024836584,-0.020007236009,0.079885781245,0.094341470841,3
16.510000,-0.073548610241,0.029248768036,0.019956958479,0.081628234648,3
16.520000,-0.017162436090,0.073431110167,-0.025397433054,0.079572022462,3
16.530000,0.052113135310,0.007888022916,-0.082123859337,0.097582416704,3
16.540000,0.032598616578,-0.047479545497,-0.044907147384,0.073031698116,3
16.550000,0.004646296506,-0.084459265060,0.055384404533,0.101105824714,3
16.560000,-0.047348042761,-0.030125474942,0.070634474076,0.090214246778,3
16.570000,-0.068889878161,0.030911877877,0.015950342852,0.077173654469,3
16.580000,-0.016253038589,0.068133477456,-0.044890007087,0.083195220715,3
16.590000,0.052860375628,0.028111747777,-0.075366750720,0.096252983272,3
16.600000,0.051770123180,-0.035514899398,-0.021941138618,0.066504641170,3
16.610000,-0.018426307837,-0.059663678450,0.018153983543,0.065029612217,3
16.620000,-0.060371511794,-0.014648832688,0.066465457903,0.090977826033,3
16.630000,-0.083488192934,0.040526997468,0.016481926811,0.094256934995,3
16.640000,-0.005608819821,0.070812500752,-0.039041144554,0.081056030563,3
16.650000,0.045282123081,-0.001473763239,-0.067343721032,0.081165383084,3
16.660000,0.046509832661,-0.049014177211,-0.006853033077,0.067915522262,3
16.670000,-0.012554496114,-0.045211897842,0.053782659441,0.071374403926,3
16.680000,-0.087396623823,-0.030990477543,0.047857654637,0.104350058272,3
16.690000,-0.038284623212,0.034592376855,-0.014369865561,0.053561534213,3
16.700000,0.006413216793,0.047975623527,-0.070102133682,0.085188608095,3
16.710000,0.064161185746,-0.005789288406,-0.034862544393,0.073250055414,3
16.720000,0.025803104207,-0.043891714048,-0.004951563817,0.051154674596,3
16.730000,-0.031414724759,-0.061806374921,0.040575354761,0.080332262054,3
16.740000,-0.040532623141,0.008545752098,0.050484270725,0.065303790152,3
16.750000,-0.035744663148,0.053256584825,-0.014295046019,0.065713720877,3
16.760000,0.015386004182,0.029367285717,-0.042204157825,0.053668962472,3
16.770000,0.057656904855,-0.014716420559,-0.020993544284,0.063100084098,3
16.780000,0.035746485784,-0.062021846855,0.016299638440,0.073417974274,3
16.790000,-0.008615543080,-0.043851543478,0.047933179413,0.065534533924,3
16.800000,-0.032002159690,0.026044168833,0.033910555819,0.053407515865,3
16.810000,-0.021960592598,0.055923190543,-0.000320992740,0.060081393992,3
16.820000,0.023082911240,0.015005781981,-0.040737026628,0.049168075238,3
16.830000,0.045744235406,-0.025003298865,-0.028391830220,0.059361570484,3
16.840000,0.023076273688,-0.048403328507,0.024083930236,0.058782925357,3
16.850000,-0.028219688772,-0.008644831151,0.036695383699,0.047091773430,3
16.860000,-0.063213105358,0.028328469646,0.025375369968,0.073772002023,3
16.870000,0.003582242432,0.050593544259,-0.026892702865,0.057408680954,3
16.880000,0.036647432033,0.025873134139,-0.042388120388,0.061718766148,3
16.890000,0.055847572322,-0.033242948149,-0.020358510445,0.068106636119,3
16.900000,0.010201831114,-0.037637490300,0.019599145261,0.043643837241,3
16.910000,-0.032555284027,-0.011456482895,0.047411331104,0.058642406460,3
16.920000,-0.033573179488,0.036119516777,0.014479920464,0.051394999463,3
16.930000,-0.008087285922,0.045946717440,-0.027113893649,0.053959876445,3
16.940000,0.033397935428,-0.001871821799,-0.047449989508,0.058055381422,3
16.950000,0.034737394158,-0.027536852060,-0.007506283637,0.044958970944,3
16.960000,-0.017579366462,-0.030978396200,0.019847034043,0.040774991314,3
16.970000,-0.046166281430,-0.011184299204,0.044390777244,0.065015038215,3
16.980000,-0.040271778904,0.025654263919,0.002399063397,0.047809130284,3
16.990000,-0.003893781326,0.026662622644,-0.028482086439,0.039208241827,3
17.000000,0.023159779499,-0.001061663736,-0.033297958615,0.040574087350,3
17.010000,0.022610396610,-0.039215864806,0.002111242992,0.045316348422,3
17.020000,-0.021768358431,-0.027645527494,0.031958779763,0.047534200562,3
17.030000,-0.048997899584,-0.010452431770,0.047879695078,0.069300163739,3
17.040000,-0.040816796902,0.026425906529,-0.003227159853,0.048731447813,3
17.050000,-0.002685218968,0.034084933185,-0.033492901848,0.047861963450,3
17.060000,0.034598108209,0.000922166923,-0.043401522083,0.055511905053,3
17.070000,0.012442735049,-0.033210561534,0.007264885804,0.036201403545,3
17.080000,-0.028988801409,-0.022268472764,0.042149337130,0.055792491492,3
17.090000,-0.042359789957,-0.003331419744,0.033215296018,0.053932421161,3
17.100000,-0.019455752347,0.047072284077,-0.014627118097,0.052993195898,3
17.110000,0.012855645635,0.028077856160,-0.039706935163,0.050301832286,3
17.120000,0.039321824542,-0.012871342437,-0.024706780864,0.048190272484,3
17.130000,0.020418714430,-0.038890986267,0.008177072664,0.044679942135,3
17.140000,-0.014997946759,-0.020830816239,0.029181179844,0.038863898019,3
17.150000,-0.029119867873,0.021847887984,0.031637262294,0.048230833289,3
17.160000,-0.007657864061,0.035016706183,-0.008682437209,0.036880852888,3
17.170000,0.037161734285,0.022328151051,-0.034197325774,0.055217731885,3
17.180000,0.044407291044,-0.031495806339,-0.011337330030,0.055610505905,3
17.190000,0.018362491516,-0.039438487756,0.020404142623,0.048051060834,3
17.200000,-0.026600159633,-0.014279176180,0.043008118581,0.052546756596,3
17.210000,-0.022808947664,0.029045719070,0.025366827203,0.044803770067,3
17.220000,0.006862711387,0.039707251762,-0.020522893129,0.045221143202,3
17.230000,0.025880944141,0.006424075600,-0.030956731353,0.040858429155,3
17.240000,0.032638432244,-0.033064330387,-0.012393188848,0.048084387623,3
17.250000,0.022888644295,-0.044195838747,0.026830497060,0.056542353795,3
17.260000,-0.023154371098,-0.006537234968,0.051419508257,0.056769940738,3
17.270000,-0.037255522530,0.039298847939,0.002650813333,0.054216235757,3
17.280000,-0.003275705619,0.044025257100,-0.032406799164,0.054764533615,3
17.290000,0.039291267712,0.019425876353,-0.038638082785,0.058430042202,3
17.300000,0.029542772795,-0.026910092927,0.001266592765,0.039981655581,3
17.310000,-0.008264720835,-0.040173887969,0.020012485097,0.045637116964,3
17.320000,-0.040230595767,0.001897173380,0.038804956839,0.055927853328,3
17.330000,-0.025326468711,0.043548641412,-0.002219274792,0.050426574015,3
17.340000,0.002634644038,0.034159892954,-0.028522166965,0.044579744775,3
17.350000,0.033877947993,-0.000330704507,-0.039841810776,0.052299088057,3
17.360000,0.016692028535,-0.030582269509,-0.003341296158,0.035000904059,3
17.370000,-0.013927109229,-0.019224292757,0.043015422891,0.049131094126,3
17.380000,-0.051176494135,0.016274918404,0.041758753518,0.068027200562,3
17.390000,-0.033083084987,0.023540255658,-0.010058020971,0.041830586113,3
17.400000,-0.003414616675,0.015666561809,-0.048205607306,0.050802375355,3
17.410000,0.046560605772,-0.011221901781,-0.037241177052,0.060668990082,3
17.420000,0.021644185737,-0.059294280592,0.008293615039,0.063663698742,3
17.430000,-0.032418568059,-0.037401050218,0.025295066534,0.055584552741,3
17.440000,-0.046894598707,0.026878772206,0.035560072285,0.064700004051,3
17.450000,-0.031645509024,0.045684379845,-0.002938284809,0.055651903120,3
17.460000,0.025640166419,0.024304276095,-0.055556160720,0.065837701694,3
17.470000,0.047469992594,-0.011378671323,-0.015405028702,0.051187784356,3
17.480000,0.007924217795,-0.046220584813,0.024134541968,0.052740987895,3
17.490000,-0.025902415036,-0.022946803485,0.050942316697,0.061584174309,3
17.500000,-0.041666879407,0.025239808144,0.038175616707,0.061891473287,3
17.510000,-0.000099212598,0.044067428280,-0.038313029968,0.058393803983,3
17.520000,0.050798162607,0.032611446998,-0.046818436100,0.076393231103,3
17.530000,0.040847611717,-0.041586284335,-0.026915066420,0.064205663521,3
17.540000,0.011257162109,-0.058490362064,0.029167108712,0.066321688638,3
17.550000,-0.028353141896,0.000308101528,0.044947724490,0.053144082631,3
17.560000,-0.035449950332,0.040184294461,0.017759444171,0.056452407895,3
17.570000,0.006498195405,0.045119019864,-0.028980408413,0.054016817463,3
17.580000,0.067774341537,0.008600040388,-0.064385066221,0.093876295292,3
17.590000,0.057558074450,-0.048443663497,-0.018831316063,0.077552169100,3
17.600000,0.006954263332,-0.060683952901,0.048327208594,0.077887245481,3
17.610000,-0.047296265456,0.019877769930,0.064451082878,0.082377208909,3
17.620000,-0.038407528218,0.035995318881,0.011779721025,0.053940365522,3
17.630000,0.014791379194,0.056199892063,-0.037607751797,0.069221064435,3
17.640000,0.062922282896,0.002562597367,-0.047603123834,0.078941991291,3
17.650000,0.045428296547,-0.049341831130,0.001836779505,0.067094859605,3
17.660000,-0.008234724414,-0.067492323813,0.055101413498,0.087516799698,3
17.670000,-0.059768411739,0.001184297765,0.068108874228,0.090622758464,3
17.680000,-0.035563886682,0.071869475458,-0.001917174308,0.080210268021,3
17.690000,0.029429675714,0.047512598882,-0.045108419126,0.071821461564,3
17.700000,0.070567413040,-0.010211175251,-0.055531790974,0.090375924294,3
17.710000,0.023998218512,-0.051013244778,0.013024513648,0.057861071458,3
17.720000,-0.056236381861,-0.046054198484,0.060021782645,0.094266294267,3
17.730000,-0.066053266417,0.001157770870,0.053127719517,0.084775757258,3
17.740000,-0.036810616295,0.061840172293,-0.012539840407,0.073051187388,3
17.750000,0.028476344201,0.047016166549,-0.056613284222,0.078908086065,3
17.760000,0.051597758016,0.005779420810,-0.055148887062,0.075743845172,3
17.770000,0.025853618475,-0.044838314208,0.010170804452,0.052747789266,3
17.780000,-0.051085457616,-0.026133112846,0.061332993210,0.083990473406,3
17.790000,-0.078998001837,0.029438434933,0.010807419075,0.084994741323,3
17.800000,-0.042159887335,0.070595164580,-0.037770084585,0.090485980415,3
17.810000,0.037436996681,0.046897919064,-0.057636708309,0.083204168632,3
17.820000,0.030362611590,-0.036110966606,-0.068409082565,0.083100497406,3
17.830000,0.001790721892,-0.045623908028,0.048854845903,0.066869601740,3
17.840000,-0.049147549276,-0.020572333601,0.079450429012,0.095661241785,3
17.850000,-0.066229016519,0.042194852967,0.016167600076,0.080175305040,3
17.860000,-0.002274138500,0.052144541975,-0.031936239527,0.061189446466,3
17.870000,0.072565667076,0.012820694648,-0.059206429189,0.094528024980,3
17.880000,0.069967468763,-0.054694711349,-0.016979704114,0.090417191321,3
17.890000,-0.005502146973,-0.070401376373,0.029442285404,0.076508009949,3
17.900000,-0.059341881897,0.012050229924,0.060124374133,0.085332334746,3
17.910000,-0.039731839508,0.043274044529,0.024284149113,0.063568717926,3
17.920000,0.023296695614,0.056361147780,-0.077118324280,0.098318619525,3
17.930000,0.087057689443,0.010999076746,-0.056939943673,0.104604866837,3
17.940000,0.047118750526,-0.053560761219,-0.002690306768,0.071387460692,3
17.950000,-0.014207966263,-0.052064295275,0.068920615196,0.087536325870,3
17.960000,-0.055768667984,0.013192162875,0.066540787317,0.087817161574,3
17.970000,-0.027026387909,0.065850404285,-0.003766900482,0.071280368455,3
17.980000,0.033851021860,0.070625427107,-0.077998351336,0.110533187080,3
17.990000,0.051215086562,-0.001718717057,-0.036630960389,0.062990208278,3
18.000000,0.064001158000,-0.068571694804,0.004813408750,0.093922278813,3
18.010000,-0.019991868719,-0.061102053552,0.073577338884,0.097707525608,3
18.020000,-0.035600440096,0.025095269361,0.066968675127,0.079887216296,3
18.030000,-0.000692032837,0.053309025135,-0.018337929814,0.056379169381,3
18.040000,0.029685922496,0.068193421070,-0.048525135314,0.088804760170,3
18.050000,0.053462915271,-0.039118764087,-0.024480340031,0.070624698662,3
18.060000,0.038826713393,-0.068775425712,0.010448822961,0.079666497073,3
18.070000,-0.026212275527,-0.035051688411,0.075628250574,0.087380412757,3
18.080000,-0.066462988758,0.010928320728,0.048273887921,0.082868120068,3
18.090000,-0.026141964934,0.054983519710,-0.013266728367,0.062310479470,3
18.100000,0.051336882339,0.031104329538,-0.053656093806,0.080510441601,3
18.110000,0.065515884290,-0.024282091260,-0.043739105628,0.082432156416,3
18.120000,0.023664214979,-0.086968720718,0.039715965852,0.098493204829,3
18.130000,-0.032980584447,-0.045398564911,0.061600816092,0.083327121573,3
18.140000,-0.081438817089,0.054192380894,0.033755499440,0.103482021715,3
18.150000,-0.027411025925,0.053396461677,-0.021369075454,0.063711724570,3
18.160000,0.037426705154,0.027894394143,-0.076345691844,0.089484748122,3
18.170000,0.053216582929,-0.039283759858,-0.022329684168,0.069812844679,3
18.180000,-0.031036854692,-0.062623841167,0.034588000764,0.077983085529,3
18.190000,-0.050205097967,-0.022042926492,0.036502830714,0.065870320482,3
18.200000,-0.075459225756,0.032496208798,-0.001582412618,0.082174219605,3
18.210000,-0.006363341420,0.047928969725,-0.063203172392,0.079575871049,3
18.220000,0.042009747608,0.007934816694,-0.038139974565,0.057292563827,3
18.230000,0.044615921003,-0.043116582432,-0.015180997861,0.063875525702,3
18.240000,-0.027604642331,-0.054705868405,0.028980146580,0.067783458247,3
18.250000,-0.066101864208,0.005829711151,0.047549102273,0.081635526034,3
18.260000,-0.037164686040,0.048059448024,-0.006187579084,0.061067262652,3
18.270000,0.012781472459,0.040218892806,-0.044227905097,0.061131276495,3
18.280000,0.039999264557,-0.007296960370,-0.039765827280,0.056872733494,3
18.290000,0.028168004385,-0.037286936979,0.007887372220,0.047391589769,3
18.300000,-0.009016817242,-0.044891657552,0.047093237388,0.065683612253,3
18.310000,-0.044865984829,0.010595786690,0.033018383845,0.056704858363,3
18.320000,-0.016604313404,0.051205068304,0.003498352510,0.053943495567,3
18.330000,0.021598503904,0.032381113142,-0.050441958285,0.063713601490,3
18.340000,0.058295684789,-0.011388848616,-0.033703548095,0.068293644595,3
18.350000,0.046417003286,-0.041212070702,0.001562096736,0.062091973006,3
18.360000,-0.015341087764,-0.035705103090,0.038029840570,0.054373450638,3
18.370000,-0.033932999809,0.005453745702,0.032100535795,0.047028036495,3
18.380000,-0.015157495889,0.041815428993,-0.007203679921,0.045057438763,3
18.390000,0.038441298177,0.013915938412,-0.033823617967,0.053060568031,3
18.400000,0.062181384936,-0.030993633393,-0.030859406457,0.076022581581,3
18.410000,0.027015919841,-0.033847242272,0.004054243930,0.043496351894,3
18.420000,-0.028264704548,-0.028955640672,0.044203921878,0.059927534233,3
18.430000,-0.037152369729,0.015649626322,0.011748353450,0.041990870309,3
18.440000,-0.019900254450,0.067705804099,-0.010688199913,0.071374600898,3
18.450000,0.031472405579,0.020301799167,-0.038532110557,0.053734522482,3
18.460000,0.043810986232,-0.009036644176,-0.025083113304,0.051285729259,3
18.470000,0.006589167782,-0.048263692621,0.010917395964,0.049919842669,3
18.480000,-0.017732670376,-0.009412091763,0.041440132607,0.046046928893,3
18.490000,-0.041710295272,0.020659804753,0.013258006891,0.048397840973,3
18.500000,-0.011676509394,0.039037677903,-0.021142247909,0.045905073950,3
18.510000,0.026641938740,0.001863188150,-0.046797737462,0.053882210435,3
18.520000,0.018070480218,-0.016347907702,-0.013270232875,0.027746989424,3
18.530000,-0.006173556940,-0.030988930559,0.025444052007,0.040568786092,3
18.540000,-0.035872086767,-0.001386477035,0.036722316780,0.051354235242,3
18.550000,-0.028526279616,0.045088160368,-0.001157722776,0.053366948162,3
18.560000,-0.009981022696,0.032241624298,-0.019763484298,0.039111871127,3
18.570000,0.010759306376,0.001040810607,-0.022633200117,0.025082019615,3
18.580000,0.018615197849,-0.022366322085,-0.019756940061,0.035172640434,3
18.590000,-0.006038685804,-0.025819922659,0.028321297639,0.038797294136,3
18.600000,-0.032779606059,-0.006695434258,0.018879820352,0.038415869504,3
18.610000,-0.033726500484,0.035206255453,-0.002751510979,0.048831629817,3
18.620000,0.000024511985,0.022972172229,-0.032835116998,0.040073260487,3
18.630000,0.020046515213,-0.010729140033,-0.037346011022,0.043723011759,3
18.640000,0.027371634903,-0.038907313800,-0.009264149559,0.048464522400,3
18.650000,-0.024103081437,-0.028846711810,0.028019216927,0.046884622577,3
18.660000,-0.033850817163,0.018358867764,0.016424224160,0.041865032992,3
18.670000,-0.021171076850,0.037470439270,-0.004516317841,0.043274073542,3
18.680000,0.015279090542,0.024061972628,-0.022164690650,0.036106822709,3
18.690000,0.037028939415,-0.014598830190,-0.026105051248,0.047599809850,3
18.700000,0.023085732319,-0.028878875006,0.013831156993,0.039474566015,3
18.710000,-0.012174464001,-0.012592954875,0.022998212033,0.028908784875,3
18.720000,-0.029029657711,0.018585520548,0.026439732149,0.043441938688,3
18.730000,-0.002101589539,0.032417295807,-0.007766677278,0.033400883550,3
18.740000,0.023552731086,0.021184511956,-0.029099632068,0.043015151690,3
18.750000,0.030565019267,-0.015421752574,-0.032205907981,0.047002886764,3
18.760000,0.018819635205,-0.026028510821,0.020948577250,0.038347163306,3
18.770000,-0.013436844060,-0.025258715304,0.031726052876,0.042721117824,3
18.780000,-0.019129663395,0.016311298762,0.014119620907,0.028833421293,3
18.790000,-0.005047355278,0.034288998207,-0.031779369368,0.047022755245,3
18.800000,0.027181515705,0.008477280638,-0.023197604645,0.036726393021,3
18.810000,0.046065372905,-0.028693324779,-0.014946288984,0.056291358325,3
18.820000,0.001848963776,-0.020478747427,0.021513318814,0.029759379187,3
18.830000,-0.025278585542,0.003985811682,0.025385651721,0.036046149518,3
18.840000,-0.018754094076,0.025191384737,0.012737803956,0.033890611667,3
18.850000,0.002881618429,0.032608945770,-0.016781456841,0.036786741670,3
18.860000,0.032601552886,0.008421093020,-0.032226522765,0.046608205584,3
18.870000,0.016113252322,-0.024595912622,-0.006142415283,0.030038726397,3
18.880000,-0.003430097018,-0.036671994882,0.018553308806,0.041241072268,3
18.890000,-0.029478435109,-0.008103205908,0.027532967068,0.041142488476,3
18.900000,-0.029240533723,0.025000403088,0.013516357282,0.040776474604,3
18.910000,-0.007636581572,0.023799719527,-0.038829103626,0.046178385811,3
18.920000,0.027740164054,-0.003884212254,-0.027108935381,0.038980741195,3
18.930000,0.022338461230,-0.036781995753,-0.007563666436,0.043693604928,3
18.940000,-0.010430452381,-0.021877924560,0.026752044567,0.036098612279,3
18.950000,-0.052368754288,0.004633054016,0.033637861618,0.062413599074,3
18.960000,-0.031940965974,0.027591828096,0.001634482424,0.042239860533,3
18.970000,-0.000487652937,0.029905353720,-0.039089614474,0.049219568733,3
18.980000,0.018362510678,-0.018694807473,-0.044184663013,0.051370828983,3
18.990000,0.021084817042,-0.041458877213,0.004864216348,0.046766105355,3
19.000000,-0.020472169498,-0.024972998600,0.026602710254,0.041838553701,3
19.010000,-0.041649919299,0.016891753860,0.023828422008,0.050870824856,3
19.020000,-0.035914107451,0.046397628014,0.005093443341,0.058894024862,3
19.030000,0.020096935994,0.027277874847,-0.037234871832,0.050342874102,3
19.040000,0.029070496649,-0.009922126948,-0.036888060283,0.048002826688,3
19.050000,0.024520250881,-0.044307808530,0.012848248246,0.052244636883,3
19.060000,-0.017633288304,-0.030356849882,0.036137294478,0.050382290970,3
19.070000,-0.046205072951,0.030247430982,0.033890888391,0.064795124534,3
19.080000,-0.009697609248,0.030561380343,-0.021897727837,0.038827207961,3
19.090000,0.040459949559,0.019043735245,-0.035578458536,0.057144536766,3
19.100000,0.043613943650,-0.030882942563,-0.015296893081,0.055587113254,3
19.110000,0.025915981785,-0.058438337473,0.032361688620,0.071651631446,3
19.120000,-0.026090766745,-0.015084167602,0.038147725545,0.048615935513,3
19.130000,-0.035206305850,0.035663477991,0.031218328579,0.059041948420,3
19.140000,-0.001254971417,0.047625558805,-0.023518205705,0.053130733143,3
19.150000,0.049143161902,-0.002410564156,-0.039141482704,0.062872226377,3
19.160000,0.061966828526,-0.019866677157,-0.019578439864,0.067955044010,3
19.170000,0.024145386088,-0.042632816886,0.035981747971,0.060788509868,3
19.180000,-0.041746069333,-0.008630244677,0.061845027676,0.075113400110,3
19.190000,-0.023863005007,0.064708035656,0.025264045210,0.073449607669,3
19.200000,0.012611555152,0.050864394529,-0.027856037123,0.059348098187,3
19.210000,0.051420386088,0.011418197477,-0.055243512772,0.076330053338,3
19.220000,0.042251867828,-0.044602703125,-0.017944588508,0.064004919481,3
19.230000,-0.015605656628,-0.046578849759,0.056913914839,0.075181909167,3
19.240000,-0.036471969957,-0.001425403296,0.055676159683,0.066573802086,3
19.250000,-0.028095632054,0.047286907577,-0.004361628688,0.055176444009,3
19.260000,0.008944103841,0.068983590703,-0.029783564677,0.075668973197,3
19.270000,0.052755393377,-0.009888301321,-0.055035862279,0.076875588909,3
19.280000,0.019927314829,-0.063583325716,0.002744961953,0.066689369479,3
19.290000,-0.007683038239,-0.045975024818,0.051811066722,0.069693031348,3
19.300000,-0.069142898430,0.010846580722,0.037617566292,0.079457347114,3
19.310000,-0.040808972368,0.055656265433,0.006866738631,0.069355203172,3
19.320000,0.001842488180,0.025429973540,-0.037937251404,0.045709007439,3
19.330000,0.025085385225,-0.028739105675,-0.057107797996,0.068676876303,3
19.340000,0.020089321044,-0.074086600276,-0.015951157037,0.078401814847,3
19.350000,-0.045159593146,-0.031023865605,0.086096543857,0.102051378993,3
19.360000,-0.074673874470,0.038550689348,0.042832547438,0.094323752563,3
19.370000,-0.036196126065,0.041338432181,-0.013033179264,0.056470251275,3
19.380000,0.035793439922,0.018802392274,-0.073757728695,0.084112441642,3
19.390000,0.050469902228,-0.035721020699,-0.038897318601,0.073049324056,3
19.400000,-0.009431456292,-0.064818937526,0.021738412037,0.069014531714,3
19.410000,-0.047459489586,-0.028079730587,0.050562308026,0.074815916853,3
19.420000,-0.067806842899,0.038144096125,0.041571509295,0.088209582236,3
19.430000,-0.011128103913,0.062774769475,-0.030376105952,0.070620210933,3
19.440000,0.045619263103,0.036326617811,-0.051763817776,0.077975849841,3
19.450000,0.070257353481,-0.021679850239,-0.020753304910,0.076399026755,3
19.460000,0.016065843818,-0.067913844775,0.018724260272,0.072256484639,3
19.470000,-0.042605689781,-0.032532834880,0.056961846963,0.078219448709,3
19.480000,-0.043535122087,0.053938787899,0.023573084908,0.073214684505,3
19.490000,0.019946324698,0.065440519910,-0.043220518956,0.080921757111,3
19.500000,0.047585905928,-0.003046291505,-0.037799238371,0.060848013578,3
19.510000,0.075675995047,-0.052262262076,-0.001305207582,0.091977735515,3
19.520000,0.010981785105,-0.043784764574,0.039749164218,0.060147329690,3
19.530000,-0.054579494889,-0.010410868284,0.047045540897,0.072805153382,3
19.540000,-0.024166494235,0.041175730747,0.031020962429,0.056936458936,3
19.550000,0.020355176194,0.051615645002,-0.037036994071,0.066710171163,3
19.560000,0.072546134084,-0.005991673103,-0.053911341401,0.090582969971,3
19.570000,0.070996561962,-0.061202070487,-0.026410957867,0.097384515904,3
19.580000,-0.013397419126,-0.034849861549,0.054900206481,0.066393044522,3
19.590000,-0.055555382810,0.011362748031,0.045190116856,0.072509718407,3
19.600000,-0.022128568210,0.060382063551,0.006713224577,0.064658599690,3
19.610000,0.021605592592,0.047889465902,-0.042256414732,0.067422601267,3
19.620000,0.059917975211,0.001597020698,-0.040772369244,0.072492070755,3
19.630000,0.030335144702,-0.053979041347,0.012414021740,0.063151134943,3
19.640000,-0.028183992134,-0.048877142258,0.022069659511,0.060583680301,3
19.650000,-0.079203791037,0.016953954494,0.060146365379,0.100887374611,3
19.660000,-0.025236323079,0.055874238239,-0.006304441420,0.061632365548,3
19.670000,0.011770097055,0.017910131511,-0.048066340425,0.052627759569,3
19.680000,0.052914129535,-0.026227763316,-0.050386987430,0.077631496026,3
19.690000,0.006753196083,-0.046961673678,0.030493021134,0.056398836777,3
19.700000,-0.045139254963,-0.038744696835,0.044695275286,0.074406797434,3
19.710000,-0.056212754952,0.014139979496,0.021315504078,0.061758914769,3
19.720000,-0.023635590018,0.059017212173,-0.017509715107,0.065941357063,3
19.730000,0.011104758481,0.015974976273,-0.064286427396,0.067165916023,3
19.740000,0.056300005857,-0.028159591999,-0.039083121233,0.074095503550,3
19.750000,0.010985549577,-0.054917646192,0.021635216137,0.060039259989,3
19.760000,-0.050887074407,-0.035460672461,0.029431094657,0.068652334016,3
19.770000,-0.062810235369,0.034021451737,0.033680734280,0.078974532016,3
19.780000,-0.019860938186,0.040346779106,-0.037185238593,0.058352904119,3
19.790000,0.033856110480,0.014624280016,-0.043935633901,0.057362406758,3
19.800000,0.028120258406,-0.044904724034,-0.019821273764,0.056569126448,3
19.810000,-0.011806084467,-0.042533579500,0.023571974954,0.050041253170,3
19.820000,-0.048241873433,-0.014523781231,0.034451659236,0.061033887290,3
19.830000,-0.037388695305,0.041131829718,0.031726435871,0.064002411561,3
19.840000,0.009096915602,0.048627527888,-0.030294778626,0.058010033218,3
19.850000,0.035190444230,0.011573773877,-0.042297353780,0.056226201576,3
19.860000,0.044196831717,-0.024048474017,-0.004324184273,0.050501362417,3
19.870000,-0.010869153074,-0.046154887786,0.031184307635,0.056752737359,3
19.880000,-0.038406336643,0.013209953288,0.033389405808,0.052577580588,3
19.890000,-0.001502103646,0.029248334906,0.010545823493,0.031127733668,3
19.900000,0.033674421808,0.053852784473,-0.041962071172,0.076124270089,3
19.910000,0.060754821595,-0.009009564924,-0.033436961512,0.069931044625,3
19.920000,0.032514479946,-0.039528834290,-0.006272255258,0.051566087039,3
19.930000,0.000271719029,-0.030482726845,0.027595854964,0.041119358924,3
19.940000,-0.028203980942,0.012866635645,0.037067463307,0.048321958671,3
19.950000,-0.022113362928,0.038292593298,-0.006318716302,0.044668217976,3
19.960000,0.020123353001,0.036395164582,-0.039480369580,0.057343325009,3
19.970000,0.034521108528,-0.011424738919,-0.026010372814,0.044707617777,3
19.980000,0.022311522705,-0.026556952460,0.013388317524,0.037179602143,3
19.990000,-0.012460878456,-0.026722657411,0.054230222886,0.061727554506,3
20.000000,-0.035839359152,0.016763977882,0.025784428890,0.047226342141,3
20.010000,-0.010592810571,0.025722852683,-0.006513001576,0.028570823850,3
20.020000,0.025632227704,0.016161617276,-0.029848320884,0.042533883312,3
20.030000,0.023106542701,-0.011359554588,-0.014718424196,0.029657778184,3
20.040000,0.019854802446,-0.041508271514,0.019919061138,0.050138994613,3
20.050000,-0.019625995405,-0.018533620139,0.031619275060,0.041574671693,3
20.060000,-0.024030135572,0.013283249680,0.006647166727,0.028250255984,3
20.070000,-0.010904766985,0.022577739540,-0.013990232348,0.028712277285,3
20.080000,0.021826089854,-0.001524972824,-0.036629864438,0.042666740082,3
20.090000,0.015985315855,-0.015547350972,-0.020501223878,0.030291098127,3
20.100000,-0.000236973843,-0.020339069168,0.006248737031,0.021278642008,3
20.110000,-0.030625427322,-0.016695829365,0.027771857609,0.044586361052,3
20.120000,-0.031529814029,0.022757962191,0.014120873104,0.041369712025,3
20.130000,-0.002242806246,0.033309700271,-0.027735691485,0.043403166868,3
20.140000,0.018603192119,-0.001731995801,-0.028259126949,0.033877084031,3
20.150000,0.016929765375,-0.032096260118,-0.002813729562,0.036396482567,3
20.160000,-0.002440026132,-0.031822918726,0.028039173923,0.042483492771,3
20.170000,-0.042454361896,-0.015031025298,0.032590411417,0.055591721343,3
20.180000,-0.023090150660,0.022416564999,0.005803443283,0.032700724729,3
20.190000,0.003152112152,0.026166344839,-0.017276971395,0.031513602680,3
20.200000,0.021022866069,-0.003527662167,-0.027219283008,0.034573033792,3
20.210000,0.026141915691,-0.032516010589,0.001366376535,0.041743953880,3
20.220000,-0.004708761887,-0.028605646008,0.032663107902,0.043673035616,3
20.230000,-0.020507020912,0.006382036260,0.021362999996,0.030292673410,3
20.240000,-0.014848104399,0.017649200632,-0.000373855872,0.023067298399,3
20.250000,0.015930834758,0.022737702983,-0.018791120730,0.033524630518,3
20.260000,0.027680111212,-0.006664808955,-0.027716464083,0.039734249915,3
20.270000,0.024491435855,-0.020597434300,0.002843262298,0.032127385055,3
20.280000,-0.006104880131,-0.016949455496,0.027348293767,0.032748782802,3
20.290000,-0.019059255652,0.010116248117,0.014001748631,0.025722415647,3
20.300000,-0.011621662469,0.025122297617,-0.014389974720,0.031197183344,3
20.310000,0.009982060422,0.003298895697,-0.017839383929,0.020706710556,3
20.320000,0.023712651379,-0.007836432572,-0.011880596396,0.027655886925,3
20.330000,0.016476319869,-0.020179820576,0.005308544741,0.026587119478,3
20.340000,-0.005069705314,-0.022393400560,0.034154272565,0.041154351350,3
20.350000,-0.009951644073,0.011987072151,0.017930564606,0.023753531645,3
20.360000,-0.000251012211,0.018092069917,-0.004970798654,0.018764190371,3
20.370000,0.021423579311,0.010128002529,-0.017396339145,0.029396918229,3
20.380000,0.027044788415,-0.018493590209,-0.007695940150,0.033655028659,3
20.390000,0.012061665124,-0.019904891603,0.005017825728,0.023808969955,3
20.400000,-0.013050040082,-0.004013641937,0.027011413273,0.030265976190,3
20.410000,-0.014284512581,0.021688682543,0.011158323895,0.028265782180,3
20.420000,-0.006427561286,0.024249303605,-0.008858070211,0.026604655181,3
20.430000,0.020171707980,0.003000368893,-0.040488010691,0.045334082389,3
20.440000,0.033816364983,-0.024014618353,-0.015691561953,0.044344938289,3
20.450000,-0.003538180534,-0.025947383515,0.021979565420,0.034188985490,3
20.460000,-0.026244679268,-0.003550537189,0.021166313431,0.033902836585,3
20.470000,-0.030557870722,0.026891783929,-0.001926229766,0.040751219209,3
20.480000,-0.004095143671,0.025583792775,-0.029774125455,0.039468965037,3
20.490000,0.026152744274,0.001605813185,-0.028707484539,0.038867265631,3
20.500000,0.018237571699,-0.033870039630,-0.016449651768,0.041837538758,3
20.510000,-0.012009544302,-0.013642061584,0.011406602780,0.021457995843,3
20.520000,-0.033860868778,-0.009871367284,0.034110477398,0.049066556785,3
20.530000,-0.029170142797,0.017802185267,0.000552344904,0.034177772250,3
20.540000,-0.008650304469,0.028246523275,-0.034990177556,0.045793082119,3
20.550000,0.027476253051,-0.003933738098,-0.024981676474,0.037343044019,3
20.560000,0.005084757299,-0.021753923078,-0.000001331562,0.022340275913,3
20.570000,-0.022215651188,-0.024672815725,0.020421160527,0.038978286145,3
20.580000,-0.033608162734,0.011206314241,0.030475198567,0.046731443471,3
20.590000,-0.003932342044,0.029609565628,-0.002667156969,0.029988388035,3
20.600000,0.020988927225,0.028576006517,-0.024681071560,0.043200445691,3
20.610000,0.047009374284,-0.019484129873,-0.022534379289,0.055653488996,3
20.620000,0.024324557505,-0.041601669251,-0.009289189334,0.049078223488,3
20.630000,-0.028401566190,-0.021947550806,0.045560046304,0.058000532477,3
20.640000,-0.029896720894,0.014236279164,0.035860312581,0.048810322505,3
20.650000,-0.024443459842,0.037218027824,-0.006291591263,0.044969416772,3
20.660000,0.025477056804,0.021786048823,-0.022518983087,0.040383374623,3
20.670000,0.035770403901,-0.019254007303,-0.026682329224,0.048602317695,3
20.680000,0.013112428526,-0.040615781951,0.006505022812,0.043172825332,3
20.690000,-0.017250351351,-0.011341236698,0.035224011182,0.040828044716,3
20.700000,-0.024876699699,0.019639322921,0.029582607715,0.043355321149,3
20.710000,0.009649548389,0.047928998402,-0.020234532985,0.052912559917,3
20.720000,0.045681686108,0.025922504242,-0.049691390386,0.072305096295,3
20.730000,0.038701913966,-0.023783559759,-0.014794161551,0.047774083722,3
20.740000,0.016545894537,-0.042240536712,0.036790339764,0.058408549612,3
20.750000,-0.028016827361,-0.002066098612,0.049593512032,0.056997612358,3
20.760000,-0.022482089407,0.031093721915,0.016089202716,0.041606806302,3
20.770000,0.013250334755,0.042620438090,-0.027877476583,0.052623443585,3
20.780000,0.047298456948,0.005359737285,-0.045667372318,0.065964988500,3
20.790000,0.048990857737,-0.047647743636,-0.013953621735,0.069750377597,3
20.800000,0.002676993475,-0.042731860158,0.031814444337,0.053341700715,3
20.810000,-0.025057210814,-0.004916472098,0.035885271286,0.044043026768,3
20.820000,-0.032103914779,0.050502657380,-0.002405787591,0.059891297870,3
20.830000,-0.000352026340,0.028190247010,-0.028786679345,0.040292516139,3
20.840000,0.028664779850,-0.008931554341,-0.031344468298,0.043404123763,3
20.850000,0.037347566201,-0.051269699760,0.003909875052,0.063550845293,3
20.860000,-0.023433755508,-0.040660103450,0.050285662903,0.068782503614,3
20.870000,-0.072888445357,-0.010220858535,0.050604876008,0.089319901990,3
20.880000,-0.039727105844,0.030568340649,-0.002680318096,0.050198112453,3
20.890000,0.010996903264,0.049613094095,-0.036710497455,0.062690123707,3
20.900000,0.059589712971,-0.018134727224,-0.034667789211,0.071285747750,3
20.910000,0.018566814631,-0.049020896520,0.013626803254,0.054161468482,3
20.920000,-0.035007458750,-0.046818074822,0.041163024165,0.071497194747,3
20.930000,-0.070861292094,0.019364009653,0.032517564150,0.080334796728,3
20.940000,-0.053720978398,0.049290504919,-0.027243247687,0.077831175885,3
20.950000,0.018408043884,0.042816865411,-0.069240111161,0.083464561563,3
20.960000,0.060314897120,-0.033522015621,-0.062444944428,0.093064404745,3
20.970000,0.013210225833,-0.048530639848,0.016061506457,0.052798722146,3
20.980000,-0.042850997242,-0.030135416252,0.047138475904,0.070472598845,3
20.990000,-0.064877944378,0.015835817538,0.031617416464,0.073888982993,3
21.000000,-0.021124798371,0.064952585291,-0.013395886210,0.069602767255,3
21.010000,0.043759662988,0.028495374921,-0.061019878973,0.080313885017,3
21.020000,0.046402781257,-0.023722391301,-0.031304291296,0.060794149480,3
21.030000,0.005799932809,-0.062400899990,0.017290433329,0.065011311515,3
21.040000,-0.033813782654,-0.014292679196,0.060894995976,0.071104522436,3
21.050000,-0.037463637594,0.014205573210,0.038111234900,0.055297275499,3
21.060000,0.005244020453,0.037408328911,-0.011340885179,0.039439808558,3
21.070000,0.049499194696,0.009796092823,-0.024120149807,0.055927768924,3
21.080000,0.053758735865,-0.036262554483,-0.018405316528,0.067407197063,3
21.090000,-0.008500332215,-0.039076721143,0.032565964627,0.051573130942,3
21.100000,-0.023372023264,-0.005633181977,0.058330840483,0.063090975283,3
21.110000,-0.042141200674,0.038399799114,0.020228875694,0.060494898777,3
21.120000,0.007293631519,0.044711017741,-0.033663833096,0.056440462674,3
21.130000,0.064819138107,0.010832442782,-0.040243014398,0.077060772701,3
21.140000,0.060100646836,-0.039170735184,-0.002237711772,0.071773543865,3
21.150000,0.000333406471,-0.045340937733,0.022113100873,0.050447012049,3
21.160000,-0.033499301382,0.011986517504,0.037197238016,0.051473433060,3
21.170000,-0.018350097548,0.056604626088,0.001947472120,0.059536563742,3
21.180000,0.007209863175,0.018843380777,-0.052783757037,0.056508230667,3
21.190000,0.044750003890,-0.006526001084,-0.023967050412,0.051181745220,3
21.200000,0.049963269544,-0.062470202606,0.006409540878,0.080249216392,3
21.210000,-0.008818671414,-0.038563284711,0.060790593508,0.072528560942,3
21.220000,-0.044557794258,0.009264679773,0.039788200203,0.060451072743,3
21.230000,-0.016859732389,0.041262896337,0.002427381474,0.044640445463,3
21.240000,0.008137228678,0.022451384566,-0.052240377367,0.057439848424,3
21.250000,0.053454372411,-0.011784186483,-0.045354541656,0.071086365991,3
21.260000,0.021101667273,-0.056767794326,0.002581436846,0.060617874019,3
21.270000,-0.051777827319,-0.035016408907,0.045202921584,0.077138812632,3
21.280000,-0.057125724027,0.011243533413,0.020031623199,0.061571351432,3
21.290000,-0.036301719931,0.056682256602,-0.021874558237,0.070775627030,3
21.300000,0.032448592122,0.030534961061,-0.044186613249,0.062751508094,3
21.310000,0.013042402455,-0.024454231638,-0.025390377226,0.037587031840,3
21.320000,0.017049937995,-0.049204524909,0.009040643237,0.052853749983,3
21.330000,-0.040287995602,-0.027648697837,0.034352814007,0.059730134036,3
21.340000,-0.068798023574,0.028738384726,0.037815769448,0.083600808748,3
21.350000,-0.018645690089,0.032501501296,-0.016345345843,0.040880064532,3
21.360000,0.030743011891,0.030829368040,-0.044986099615,0.062604567504,3
21.370000,0.039744109201,-0.027339127666,-0.039413881529,0.062293468156,3
21.380000,0.016810320544,-0.031375807965,0.023172327407,0.042473344108,3
21.390000,-0.038246328631,-0.005019764930,0.044754468794,0.059084195608,3
21.400000,-0.033038669939,0.044278943454,0.028000625555,0.061937174428,3
21.410000,-0.000142919931,0.041395235886,-0.029146848293,0.050627312249,3
21.420000,0.029308487390,0.022774431106,-0.044433713067,0.057896606138,3
21.430000,0.040430278455,-0.028244867584,-0.023105955050,0.054463429194,3
21.440000,0.004106198293,-0.036386996940,0.029422511277,0.046974020273,3
21.450000,-0.034550851620,-0.006885058589,0.027208612729,0.044513750529,3
21.460000,-0.027903532748,0.036438127926,0.008557562198,0.046685931257,3
21.470000,0.023649103348,0.040024461663,-0.028297657381,0.054424213672,3
21.480000,0.047913501533,-0.001691438746,-0.040490399949,0.062753781418,3
21.490000,0.031178210059,-0.019123445056,0.003889033596,0.036781945511,3
21.500000,0.007987241515,-0.021214192520,0.033128401120,0.040141362110,3
21.510000,-0.031551200079,0.008243100731,0.042553982011,0.053612203098,3
21.520000,-0.018949440761,0.038325264932,-0.006144696595,0.043193338995,3
21.530000,0.008886999932,0.027964650013,-0.038337413632,0.048277921477,3
21.540000,0.038372791844,-0.007228639773,-0.023192270009,0.045415919842,3
21.550000,0.026197341539,-0.028016699193,0.004457854536,0.038614875430,3
21.560000,-0.016738437979,-0.020754479409,0.037424581885,0.045951311742,3
21.570000,-0.034598364884,0.016269907872,0.030011592853,0.048605066201,3
21.580000,-0.020362658657,0.028845183800,-0.003614945602,0.035492961665,3
21.590000,0.009357197109,0.019762213754,-0.022908684275,0.031668755034,3
21.600000,0.025307155486,-0.006572011284,-0.013998468935,0.029658061023,3
21.610000,0.015699857119,-0.027493956553,0.004747274028,0.032014680558,3
21.620000,-0.024731044100,-0.015149695430,0.019902582138,0.035174573055,3
21.630000,-0.038758471802,0.017973314183,0.015023076310,0.045287437342,3
21.640000,-0.010048365359,0.026980986183,-0.013627887624,0.031853768740,3
21.650000,0.022481519318,0.014500687759,-0.042594691070,0.050299069212,3
21.660000,0.017116712047,-0.016121303363,-0.016509770242,0.028730659005,3
21.670000,0.014987069873,-0.024766542680,0.004733338583,0.029332548369,3
21.680000,-0.033679606856,-0.017459190853,0.042152674484,0.056709674918,3
21.690000,-0.023477855973,0.016403215207,0.010111803610,0.030373076276,3
21.700000,-0.007110401786,0.020608639192,-0.009160987499,0.023647357461,3
21.710000,0.010208494591,0.010325191945,-0.022496582254,0.026775346190,3
21.720000,0.015115659140,-0.021829436809,-0.000609197205,0.026558964284,3
21.730000,0.005145830676,-0.030007609293,0.022093499277,0.037617268629,3
21.740000,-0.020039819200,-0.010107438234,0.022432255752,0.031732645010,3
21.750000,-0.029945868427,0.020278754598,0.003198401714,0.036307198975,3
21.760000,0.000438647137,0.026474307585,-0.017060302615,0.031498179292,3
21.770000,0.017522402567,0.001012005796,-0.023721633017,0.029508890532,3
21.780000,0.021975170599,-0.024482137556,-0.000258985149,0.032899092016,3
21.790000,-0.000076352340,-0.017679088417,0.016959512822,0.024498593268,3
21.800000,-0.021848719121,0.000480893566,0.020999773047,0.030308220896,3
21.810000,-0.024183620390,0.025570526950,0.006446835738,0.035780735525,3
21.820000,0.006014569475,0.026636796239,-0.019089665374,0.033318302537,3
21.830000,0.029502491653,-0.008851548782,-0.020900776604,0.037223505910,3
21.840000,0.021205707176,-0.033237401328,0.002107001627,0.039482227897,3
21.850000,-0.001417199556,-0.011495639619,0.016763956958,0.020376173284,3
21.860000,-0.021187364316,-0.002662089141,0.028215657781,0.035385229536,3
21.870000,-0.008569807051,0.024829844858,-0.004467003810,0.026644266017,3
21.880000,0.014717427748,0.012547845123,-0.016751285502,0.025586259256,3
21.890000,0.026930018174,-0.007173998880,-0.015565979094,0.031921651648,3
21.900000,0.013528636447,-0.027427311638,0.005330171755,0.031043391547,3
21.910000,-0.007432853626,-0.011115089829,0.028503627452,0.031484112070,3
21.920000,-0.017313127888,0.008468541852,0.021601180895,0.028949466565,3
21.930000,-0.011280316674,0.026933942357,-0.003028552562,0.029357365784,3
21.940000,0.017958108230,0.008103608594,-0.018032050937,0.026707994766,3
21.950000,0.033900897728,-0.017969970271,-0.019029275958,0.042828775862,3
21.960000,0.009694974127,-0.025594831633,0.013513660297,0.030523874988,3
21.970000,-0.016973516449,-0.012171191306,0.027652839987,0.034654259735,3
21.980000,-0.023198418958,0.013122742903,0.008321761197,0.027921760919,3
21.990000,-0.003382951371,0.024010393731,-0.012213724551,0.027149925129,3
22.000000,0.013432692854,0.006260778698,-0.022874789062,0.027256018819,3
22.010000,0.021791945611,-0.018728968270,-0.016837964617,0.033304357048,3
22.020000,0.012078900168,-0.025248273620,0.013445396949,0.031050826868,3
22.030000,-0.020483027180,-0.011180069321,0.030068298671,0.038061147348,3
22.040000,-0.018958681890,0.017756282181,0.012686212741,0.028907735463,3
22.050000,0.001824449292,0.028115881097,-0.012371720981,0.030771591852,3
22.060000,0.026313628810,-0.001901170747,-0.024238380082,0.035826255461,3
22.070000,0.019337592949,-0.020931471748,-0.006646272572,0.029261612220,3
22.080000,-0.002000870892,-0.030822060570,0.019930466622,0.036759031569,3
22.090000,-0.028302275120,-0.002070108359,0.031639097035,0.042501018656,3
22.100000,-0.016578273397,0.019404035954,-0.002605698737,0.025654345169,3
22.110000,0.004406990937,0.015598164461,-0.028710552038,0.032969987898,3
22.120000,0.020983497659,-0.000674853173,-0.033327932657,0.039389258638,3
22.130000,0.008294188810,-0.012985102505,0.002638481651,0.015632275602,3
22.140000,-0.003797429605,-0.047393063531,0.030584884697,0.056532805648,3
22.150000,-0.043559158204,0.012691892503,0.014848934789,0.047738613963,3
22.160000,-0.026297910057,0.023903606651,-0.007649023976,0.036352029546,3
22.170000,0.013516883621,0.027297149984,-0.042373565338,0.052185817801,3
22.180000,0.046211829627,-0.019844344026,-0.035567463677,0.061598503713,3
22.190000,0.027428518403,-0.037775154081,-0.002267614175,0.046737864325,3
22.200000,-0.013877593458,-0.034216941408,0.020606770943,0.042285052776,3
22.210000,-0.016050761918,0.002847285346,0.017597966344,0.023987963886,3
22.220000,-0.013663579180,0.033141678080,0.006469204100,0.036426842076,3
22.230000,0.037821884321,0.016502713850,-0.032312458589,0.052411157954,3
22.240000,0.046686687026,-0.006250030863,-0.027714518046,0.054651661840,3
22.250000,0.017368882794,-0.038669070850,0.032064377290,0.053151664329,3
22.260000,-0.020822914011,-0.020154868239,0.029174328577,0.041121209972,3
22.270000,-0.038260499596,0.018355735713,0.026881071075,0.050233363864,3
22.280000,-0.002272151875,0.041354217874,0.001441105057,0.041441655298,3
22.290000,0.030241530652,0.035341803732,-0.042719161689,0.063154730960,3
22.300000,0.044723778120,-0.029869840006,-0.015827509402,0.056061874078,3
22.310000,0.000858447224,-0.048746680769,0.020521082590,0.052896981467,3
22.320000,-0.015281561963,-0.018520893059,0.046968984255,0.052750688125,3
22.330000,-0.043850245149,0.019396609443,0.017207140931,0.050942694830,3
22.340000,0.000797352390,0.052169144931,-0.027576559771,0.059014592284,3
22.350000,0.032668613355,0.003011420066,-0.035427616343,0.048284810749,3
22.360000,0.057852966619,-0.034751915248,-0.017557030807,0.069734573139,3
22.370000,0.013051157139,-0.039736133401,0.025392616476,0.048929316078,3
22.380000,-0.034200542153,-0.006824414554,0.056556894670,0.066444955055,3
22.390000,-0.034368026287,0.034674215942,0.017526886961,0.051871516737,3
22.400000,0.014165453651,0.040336184701,-0.040028184360,0.058565548034,3
22.410000,0.039628227141,-0.001073374647,-0.038954969255,0.055579116124,3
22.420000,0.021580583186,-0.031739921667,-0.032904374685,0.050555336725,3
22.430000,0.000572488486,-0.051829380169,0.029866983534,0.059821811216,3
22.440000,-0.052030716318,0.007530618650,0.047758271092,0.071026460672,3
22.450000,-0.031641240377,0.048762928006,0.007458801977,0.058605673507,3
22.460000,-0.002193945645,0.052312471089,-0.037689023860,0.064512561168,3
22.470000,0.054621164357,-0.006746827817,-0.049825001141,0.074239625672,3
22.480000,0.021764725717,-0.058069373339,-0.009746169364,0.062775339289,3
22.490000,-0.031925992258,-0.046016544184,0.054592235065,0.078211913732,3
22.500000,-0.066787835635,0.019455741689,0.040432836638,0.080460892066,3
22.510000,-0.025471371525,0.053571730066,-0.011777350908,0.060476665120,3
22.520000,0.011496593163,0.023723554811,-0.034349830043,0.043299994587,3
22.530000,0.034930311331,-0.018514848255,-0.047191631336,0.061562783593,3
22.540000,0.026408089405,-0.043544292909,0.020474999225,0.054888233932,3
22.550000,-0.041491794892,-0.040205196166,0.047524725159,0.074810603149,3
22.560000,-0.052163264038,0.012275411094,0.030908083582,0.061862763141,3
22.570000,-0.028250082462,0.058844115102,-0.002187982955,0.065310675319,3
22.580000,0.046318444067,0.031341554079,-0.063619070278,0.084705828465,3
22.590000,0.039667041153,-0.037570442021,-0.045424633616,0.071052161167,3
22.600000,0.015740841530,-0.064278660973,0.016898726312,0.068301444344,3
22.610000,-0.017159887287,-0.004540184060,0.064043064669,0.066457423477,3
22.620000,-0.044114986509,0.021647141609,0.044164621751,0.066069997645,3
22.630000,0.000965269155,0.057014030018,-0.035266492439,0.067046676669,3
22.640000,0.050123666311,0.018513687996,-0.053224598277,0.075418806868,3
22.650000,0.053551988511,-0.037208362261,-0.013781349413,0.066649855869,3
22.660000,0.010955269862,-0.039972335844,0.031113331353,0.051825138287,3
22.670000,-0.037428668301,-0.011747338055,0.059337236847,0.071132361403,3
22.680000,-0.050921014494,0.046205243137,0.043138718491,0.081171566718,3
22.690000,0.003215835753,0.041845859100,-0.023887909735,0.048291301027,3
22.700000,0.057149482583,-0.000674606496,-0.048398645995,0.074892906124,3
22.710000,0.053220577470,-0.043758147142,-0.005654684920,0.069131619170,3
22.720000,0.009040674354,-0.056489038038,0.053767001738,0.078508825536,3
22.730000,-0.022644819105,-0.000614536152,0.060329720162,0.064442537364,3
22.740000,-0.035889675666,0.047067047506,0.015934065490,0.061296575951,3
22.750000,0.030237678797,0.042779736043,-0.050673757958,0.072885202754,3
22.760000,0.062110709546,-0.005062653205,-0.041671348415,0.074965805381,3
22.770000,0.046898275703,-0.059009232797,-0.001988010316,0.075402188325,3
22.780000,-0.026306741370,-0.042826206031,0.065552854354,0.082603300651,3
22.790000,-0.058809141090,-0.002384394099,0.041282470377,0.071891882514,3
22.800000,-0.035497160352,0.053753411853,-0.016997309585,0.066621214429,3
22.810000,0.018429521612,0.045075538440,-0.040884422003,0.063584490209,3
22.820000,0.028591011265,-0.002553675649,-0.063557416622,0.069738887230,3
22.830000,0.019784556192,-0.042942889827,0.010384274320,0.048408197690,3
22.840000,-0.029900157535,-0.038814285331,0.038664140537,0.062413812012,3
22.850000,-0.049506395252,0.011878711117,0.033387198865,0.060882608327,3
22.860000,-0.032979479360,0.047430973266,-0.010533305095,0.058722174687,3
22.870000,0.013150758420,0.002597902839,-0.068797926039,0.070091698321,3
22.880000,0.033310269453,-0.010064115896,-0.024349321410,0.042470577261,3
22.890000,0.000794745232,-0.047824141957,0.017585652620,0.050961116078,3
22.900000,-0.049817321216,-0.028322924711,0.053409073385,0.078335704995,3
22.910000,-0.040588828427,0.026086275993,0.029332231474,0.056465268896,3
22.920000,-0.020807177702,0.066691483417,-0.013866559928,0.071224813714,3
22.930000,0.026248146800,0.027988173624,-0.048778714534,0.062061792311,3
22.940000,0.046139757735,-0.022228293409,-0.023011092052,0.056146991275,3
22.950000,0.007287457204,-0.034211816049,0.013337425731,0.037435842651,3
22.960000,-0.041407445983,-0.014796189119,0.046830139961,0.064238351505,3
22.970000,-0.035590609789,0.027684157320,0.018645999761,0.048793210376,3
22.980000,-0.016797304452,0.040125056468,-0.031498800962,0.053706089557,3
22.990000,0.037052358739,0.020616095471,-0.031932494743,0.053080927847,3
23.000000,0.024971120938,-0.030856226554,-0.011225847474,0.041251463605,3
23.010000,0.002885199816,-0.046057802529,0.028438259749,0.054206827700,3
23.020000,-0.024404558225,-0.007194743813,0.057016922962,0.062436177852,3
23.030000,-0.014809373756,0.030424768298,0.020638357120,0.039634907111,3
23.040000,0.008320118376,0.029593734375,-0.034070745131,0.045889314201,3
23.050000,0.039698138063,-0.002635952694,-0.032275993183,0.051231144319,3
23.060000,0.040036144753,-0.024106128691,-0.011918111641,0.048229033914,3
23.070000,0.004380818416,-0.030145883545,0.017030626704,0.034899972931,3
23.080000,-0.019498930082,-0.007476019212,0.031139700632,0.037493734050,3
23.090000,-0.022339967999,0.025590404418,0.011399082611,0.035831299905,3
23.100000,0.016520060564,0.027295610553,-0.019359008359,0.037319351028,3
23.110000,0.043480050878,-0.009235098682,-0.024135637075,0.050579945126,3
23.120000,0.032703862465,-0.031039940171,0.011234194041,0.046467489944,3
23.130000,-0.008672461896,-0.024362679586,0.026550287189,0.037063047659,3
23.140000,-0.033984138854,0.008157317324,0.011930587468,0.036929695868,3
23.150000,-0.019269528737,0.034374893465,0.002349670465,0.039477449130,3
23.160000,0.012738720412,0.019256599072,-0.030772401234,0.038471187703,3
23.170000,0.033973236822,-0.006959403981,-0.025285133720,0.042917969560,3
23.180000,0.007615307978,-0.020473874877,0.006438323551,0.022773328220,3
23.190000,-0.018753330493,-0.015048154180,0.024437196811,0.034282808181,3
23.200000,-0.035562549589,0.015324689479,0.016229145454,0.041987214757,3
23.210000,-0.014618508933,0.022269983755,-0.017425575024,0.031832430708,3
23.220000,0.008835948187,0.017118033334,-0.023468469243,0.030362313716,3
23.230000,0.015953084202,-0.020068631831,-0.022527001206,0.034127945477,3
23.240000,0.003681828781,-0.021860802011,0.003307200500,0.022414015769,3
23.250000,-0.023183831755,-0.006763364547,0.023312097141,0.033566158970,3
23.260000,-0.031204959464,0.015895261817,0.014146131698,0.037769324662,3
23.270000,-0.011324511860,0.025832689751,-0.008604572326,0.029489169089,3
23.280000,0.021372861856,0.007582642205,-0.036153960742,0.042677916585,3
23.290000,0.007013358547,-0.010236018871,-0.021586816417,0.024898873940,3
23.300000,0.000114844313,-0.025319390839,0.009422006347,0.027015901712,3
23.310000,-0.034180611327,-0.006136008389,0.025649038896,0.043172189960,3
23.320000,-0.031245295221,0.018920482739,0.007786923586,0.037348217085,3
23.330000,-0.005725875935,0.025416906958,-0.016098183073,0.030626072435,3
23.340000,0.020061787038,0.001400064899,-0.031498123036,0.037370673471,3
23.350000,0.031313965611,-0.023254874921,-0.011305808287,0.040610035101,3
23.360000,0.000774663383,-0.025675293610,0.029566444412,0.039166253848,3
23.370000,-0.026263438536,-0.010991601449,0.018183706443,0.033782106005,3
23.380000,-0.015907889693,0.017210196045,0.006678905302,0.024369234260,3
23.390000,0.001134240754,0.023455591915,-0.008155449401,0.024858854541,3
23.400000,0.032583348532,-0.008955890079,-0.027408613674,0.043509937626,3
23.410000,0.021075155567,-0.020535635586,0.000505241643,0.029430082912,3
23.420000,-0.000810231672,-0.022511732024,0.023357513437,0.032450084561,3
23.430000,-0.025296223891,0.006996422647,0.019871960435,0.032920262522,3
23.440000,-0.015755651674,0.024035558874,0.001965800146,0.028806475319,3
23.450000,0.015148205800,0.013647826167,-0.014958615400,0.025288168632,3
23.460000,0.036302115260,0.002719389915,-0.025437463992,0.044410620669,3
23.470000,0.022096794234,-0.017031732602,-0.001516676828,0.027940088394,3
23.480000,-0.008864931031,-0.014321276742,0.026014897141,0.030991302698,3
23.490000,-0.017136364865,0.015544557462,0.021211292615,0.031388010479,3
23.500000,-0.001911533526,0.028653179677,0.000948300003,0.028732524062,3
23.510000,0.012348743422,0.018092843105,-0.025162647057,0.033361673258,3
23.520000,0.029562172729,-0.010921774768,-0.018271522369,0.036428776403,3
23.530000,0.013332247884,-0.031353810235,0.005101461806,0.034450474053,3
23.540000,-0.012855997097,-0.007904369479,0.017778591770,0.023320249645,3
23.550000,-0.032932283447,0.011407802052,0.018516569854,0.039465638217,3
23.560000,-0.010416726390,0.034855255839,-0.016607644865,0.039990135237,3
23.570000,0.018194111534,0.008684969673,-0.026066940544,0.032953600442,3
23.580000,0.018716162819,-0.007117750204,-0.013277191968,0.024025839115,3
23.590000,-0.002306349474,-0.032900126864,0.009199890291,0.034239970458,3
23.600000,-0.032158303209,-0.007357734645,0.032994425452,0.046657527102,3
23.610000,-0.028502523165,0.015343988618,0.009160672347,0.033641488245,3
23.620000,-0.009746102529,0.030363655152,-0.025718977398,0.040968327609,3
23.630000,0.008863321389,0.012705217498,-0.026274299254,0.030501144552,3
23.640000,0.022729663272,-0.025009049275,-0.004756511597,0.034127914391,3
23.650000,-0.005541617747,-0.030459854793,0.032342578201,0.044772253081,3
23.660000,-0.030668563014,-0.005733427693,0.029608668351,0.043012860774,3
23.670000,-0.028033644435,0.026615596784,0.009843868681,0.039889559575,3
23.680000,-0.008787495919,0.032053816894,-0.027275950844,0.042995869063,3
23.690000,0.028196504822,0.003347684091,-0.025188111396,0.037956433298,3
23.700000,0.029729958099,-0.022690746880,-0.008324865233,0.038315059490,3
23.710000,-0.009132150282,-0.028015488141,0.028108147267,0.040722618866,3
23.720000,-0.032959406146,0.001516591733,0.028533930354,0.043621183907,3
23.730000,-0.052299520896,0.033491339773,0.003015878631,0.062177208442,3
23.740000,0.002247041106,0.026521309783,-0.024081256164,0.035893397231,3
23.750000,0.039367817403,-0.010771745728,-0.024148942749,0.047423907357,3
23.760000,0.034975325665,-0.036300091735,-0.010457021715,0.051481252593,3
23.770000,-0.030090106217,-0.021212089691,0.035843914378,0.051382423445,3
23.780000,-0.045573819847,0.013925148637,0.036824004024,0.060223667211,3
23.790000,-0.019591321190,0.040774032702,0.006233431540,0.045663960379,3
23.800000,0.009024351511,0.023607771214,-0.024297791198,0.035059213326,3
23.810000,0.051073864161,-0.013924006953,-0.017497746284,0.055754719037,3
23.820000,0.032293570157,-0.037765824427,0.003277981740,0.049798366765,3
23.830000,-0.010541635337,-0.018134373649,0.046476168289,0.050990350088,3
23.840000,-0.032223882052,0.018313432828,0.027190131494,0.045968072040,3
23.850000,0.009081348900,0.045738959506,-0.032642204989,0.056921321674,3
23.860000,0.033386855663,0.026981309297,-0.041976418746,0.060039094873,3
23.870000,0.041025973498,-0.017881132308,-0.027324055766,0.052435383260,3
23.880000,0.008752848667,-0.034583140489,0.005919728652,0.036161431847,3
23.890000,-0.032224911171,-0.008995570837,0.038166951229,0.050755111672,3
23.900000,-0.028584358007,0.014466611672,0.034365582498,0.046982354522,3
23.910000,-0.002966039131,0.055473191974,-0.026518935836,0.061557504609,3
23.920000,0.035283137914,0.006862072297,-0.041408147243,0.054832677442,3
23.930000,0.056478306269,-0.032441044861,-0.011241491373,0.066095322066,3
23.940000,0.008904893362,-0.057665344151,0.027112530475,0.064340332223,3
23.950000,-0.033785109507,-0.020614412410,0.050418039023,0.064096538770,3
23.960000,-0.038273702783,0.025296792193,0.010793509400,0.047130710424,3
23.970000,0.004927334054,0.034436107667,-0.041023708907,0.053787255225,3
23.980000,0.043973102437,-0.021770422920,-0.061802895682,0.078912501968,3
23.990000,0.051402284386,-0.049846895622,-0.009395519474,0.072216228297,3
24.000000,-0.005152440736,-0.055398598701,0.043891784520,0.070866361074,3
24.010000,-0.056764597642,-0.000322984092,0.039522464837,0.069168989374,3
24.020000,-0.046910597144,0.040031903735,-0.010496850125,0.062556704705,3
24.030000,0.010440861186,0.051835290361,-0.063133877834,0.082351657175,3
24.040000,0.058211471637,0.001028476695,-0.054490512508,0.079742392414,3
24.050000,0.029058377773,-0.038250851818,0.002880766482,0.048122923842,3
24.060000,-0.030949603597,-0.046937088960,0.035169473248,0.066316363979,3
24.070000,-0.078261718414,0.001303213188,0.044292391722,0.089935593056,3
24.080000,-0.049051718221,0.049961197046,0.002536719170,0.070061595863,3
24.090000,-0.002124498473,0.018377260187,-0.059656929033,0.062459477803,3
24.100000,0.048780378816,-0.015170843373,-0.034246864059,0.061502256413,3
24.110000,0.021649779946,-0.059326150770,0.010723426394,0.064056982528,3
24.120000,-0.029322339281,-0.065416265239,0.041736986878,0.082952175453,3
24.130000,-0.061033784853,0.027156927547,0.025131807681,0.071373870321,3
24.140000,-0.031778810124,0.040482665558,0.003592739064,0.051591149993,3
24.150000,0.027632040530,0.059255472332,-0.069945488863,0.095745036829,3
24.160000,0.062510414479,-0.023297167387,-0.029455266893,0.072924088437,3
24.170000,0.031436577379,-0.061117260221,0.028650815448,0.074461044312,3
24.180000,-0.042468597507,-0.042780452127,0.063378497759,0.087467610215,3
24.190000,-0.042386703444,0.027866933216,0.041836454590,0.065753232075,3
24.200000,-0.022452341103,0.053431292085,0.003418648152,0.058057710514,3
24.210000,0.053048893565,0.033433343765,-0.049065153711,0.079620116130,3
24.220000,0.077172624963,-0.039726330515,-0.023451915867,0.089909886763,3
24.230000,0.024812159570,-0.055531965392,0.045881219232,0.076187457767,3
24.240000,-0.031532414129,-0.026373484574,0.052586572629,0.066747295452,3
24.250000,-0.050058275947,0.059601791227,0.030193801708,0.083485748304,3
24.260000,0.003992441222,0.060846601029,-0.031492298843,0.068629536864,3
24.270000,0.047438367936,0.028834985718,-0.036054031546,0.066194775810,3
24.280000,0.063824157567,-0.041481126120,-0.010497497313,0.076840122092,3
24.290000,-0.006295327389,-0.062172461321,0.031652070809,0.070049266092,3
24.300000,-0.042022895820,-0.020923641596,0.034287800053,0.058132398739,3
24.310000,-0.051400310446,0.052104183825,0.005274324484,0.073380217939,3
24.320000,0.010268100549,0.075081113549,-0.054699982949,0.093459593597,3
24.330000,0.055252302603,-0.010971458166,-0.081829479619,0.099344116947,3
24.340000,0.029385820889,-0.066195258315,-0.014799270088,0.073921289815,3
24.350000,-0.024858790372,-0.045355966775,0.053043580513,0.074086062214,3
24.360000,-0.069035583173,-0.003088986343,0.069787743962,0.098212946132,3
24.370000,-0.037999939326,0.041452953813,0.000158025576,0.056234933455,3
24.380000,0.002689258396,0.039323853145,-0.047537820071,0.061753071777,3
24.390000,0.043396273157,0.000515213330,-0.038674873932,0.058131298303,3
24.400000,0.018775727567,-0.043669960318,0.018786428717,0.051112848520,3
24.410000,-0.028351516827,-0.059895911309,0.047700996129,0.081649946293,3
24.420000,-0.052214458013,0.014053171809,0.035749760645,0.064821961168,3
24.430000,-0.044356256329,0.039938986329,-0.000267086635,0.059688118079,3
24.440000,-0.009471405244,0.057464959238,-0.054032574276,0.079444623105,3
24.450000,0.048449552125,-0.019469893447,-0.031316166720,0.060886272262,3
24.460000,0.006543781466,-0.053860200793,-0.002424684383,0.054310417046,3
24.470000,-0.026086392831,-0.042793664591,0.051671541017,0.071984343930,3
24.480000,-0.061465630193,0.031359615000,0.029041500835,0.074865599034,3
24.490000,-0.035992732900,0.048969145312,-0.024024037358,0.065349892006,3
24.500000,0.036964787419,0.020517269757,-0.055836058912,0.070035843267,3
24.510000,0.043490345004,-0.014365056154,-0.019603406711,0.049820261958,3
24.520000,0.010061347539,-0.037811333486,0.015905296999,0.042236312895,3
24.530000,-0.021324911675,-0.017357266020,0.059034761571,0.065123955772,3
24.540000,-0.045892551964,0.038077390363,0.036933946002,0.070143640837,3
24.550000,0.005501330545,0.057089456902,-0.025654594719,0.062830159616,3
24.560000,0.049921776095,0.033056387055,-0.056282648968,0.082174479180,3
24.570000,0.048285942187,-0.026913637073,-0.009938249216,0.056166225357,3
24.580000,0.012763428099,-0.052827045781,0.040424702381,0.067732993625,3
24.590000,-0.038328212865,-0.021879537929,0.044389776652,0.062595673593,3
24.600000,-0.025646448308,0.035967454582,0.000011397030,0.044174633330,3
24.610000,0.029285305498,0.057256387096,-0.018006814733,0.066784491899,3
24.620000,0.039385553514,-0.001605412198,-0.033674187365,0.051843515203,3
24.630000,0.043369972349,-0.033104932057,0.004681522117,0.054761370302,3
24.640000,0.015765124048,-0.023066260900,0.026838924361,0.038741700905,3
24.650000,-0.020717887325,-0.006902803942,0.041788259179,0.047150166094,3
24.660000,-0.020650554402,0.038554720590,-0.001628363714,0.043767150298,3
24.670000,0.027639825819,0.045695066325,-0.022280551209,0.057865551237,3
24.680000,0.048414116336,-0.001851246372,-0.037182818202,0.061073036139,3
24.690000,0.033206482736,-0.025427352744,0.001596396804,0.041854142520,3
24.700000,-0.004919962036,-0.038306801155,0.018941895214,0.043016420533,3
24.710000,-0.027641501015,-0.001831207787,0.022024086725,0.035390200570,3
24.720000,-0.038025297674,0.040419976089,0.013603824536,0.057138093880,3
24.730000,0.007038215232,0.019370505767,-0.057175772588,0.060776820732,3
24.740000,0.030299429979,-0.005130897026,-0.026273415299,0.040431100811,3
24.750000,0.015681018672,-0.038742568912,-0.000689493667,0.041801392249,3
24.760000,-0.015618977753,-0.037413764364,0.035377290910,0.053807944972,3
24.770000,-0.046758567632,0.012270859563,0.024862433446,0.054360631327,3
24.780000,-0.012039355636,0.031215327070,-0.000334738676,0.033458254261,3
24.790000,0.018853781184,0.023645194149,-0.035540549304,0.046665735996,3
24.800000,0.017977197135,-0.011593402316,-0.017956601488,0.027928947905,3
24.810000,0.002055782704,-0.036518997437,0.003958701970,0.036790416382,3
24.820000,-0.039094926263,-0.016969551981,0.030099817226,0.052176411825,3
24.830000,-0.044036525536,0.018094535311,0.010652784212,0.048786366957,3
24.840000,-0.007797227126,0.024605851173,-0.011373110462,0.028206245840,3
24.850000,0.005241965011,0.006645009223,-0.027770272891,0.029031403707,3
24.860000,0.023380007555,-0.037565085418,-0.025517886793,0.051077616841,3
24.870000,-0.008227534616,-0.035834921470,0.014883392746,0.039665467377,3
24.880000,-0.035912354468,-0.016987979363,0.028652848687,0.048982388510,3
24.890000,-0.029011662395,0.026406608688,0.013497278584,0.041486890296,3
24.900000,-0.014419089522,0.029123883690,-0.014971038044,0.035780479650,3
24.910000,0.024015478835,0.006646194819,-0.044207040435,0.050746207280,3
24.920000,0.044479483929,-0.020977664574,-0.009123933420,0.050017327624,3
24.930000,-0.009168051142,-0.020134214304,0.019308809677,0.029364432202,3
24.940000,-0.022889458810,0.000177178328,0.025534018420,0.034292051753,3
24.950000,-0.029246765387,0.026611544082,0.001836254692,0.039584332701,3
24.960000,0.002567507501,0.023899428702,-0.016439853939,0.029121187897,3
24.970000,0.029499854610,-0.000225269213,-0.028875266601,0.041280421383,3
24.980000,0.026443581316,-0.022742199848,-0.009659728409,0.036190896641,3
24.990000,0.001464073743,-0.022930336409,0.038760530262,0.045059100590,3
25.000000,-0.019927936536,0.014391041822,0.030413453538,0.039105023915,3
25.010000,-0.020075188907,0.037707505512,-0.003405225758,0.042853993327,3
25.020000,0.036285089389,0.027658465155,-0.029948072932,0.054575502554,3
25.030000,0.039505849205,-0.004262202297,-0.028863634147,0.049111993098,3
25.040000,0.018224590142,-0.023187942650,0.007979957587,0.030553168302,3
25.050000,-0.010039865734,-0.025691290553,0.029043274476,0.040054376871,3
25.060000,-0.034094674210,0.006311484670,0.022766449874,0.041480029991,3
25.070000,-0.012081311003,0.026511356526,-0.000715691261,0.029143134944,3
25.080000,0.007274855554,0.025081033808,-0.021630155310,0.033909370371,3
25.090000,0.039564708756,-0.018044216879,-0.025047664283,0.050183118952,3
25.100000,0.006925119575,-0.034337894902,0.008838134392,0.036127011044,3
25.110000,-0.018791609099,-0.014400604262,0.040408259646,0.046832995028,3
25.120000,-0.030604043610,0.010366665732,0.017035741309,0.036527958137,3
25.130000,-0.018997600130,0.022969250644,-0.012171385196,0.032196861702,3
25.140000,0.009870640342,0.025573699300,-0.044210805705,0.052019601861,3
25.150000,0.029285734385,-0.012623392610,-0.013392887027,0.034588635451,3
25.160000,0.003553663955,-0.024067657698,0.017231098991,0.029812605505,3
25.170000,-0.026593193901,-0.011862980950,0.033943542019,0.044722391748,3
25.180000,-0.049701307277,0.032491432022,0.014225526981,0.061059632474,3
25.190000,-0.009293654624,0.040027192866,-0.020849760819,0.046078853189,3
25.200000,0.014028156499,0.019947710309,-0.055981699032,0.061062680484,3
25.210000,0.029109591736,-0.026713478351,-0.014930907040,0.042236361606,3
25.220000,-0.002326076773,-0.036035771853,-0.001584145731,0.036145497699,3
25.230000,-0.039879566141,-0.001900627744,0.042994445210,0.058672945216,3
25.240000,-0.050292182554,0.027813430995,0.011230261342,0.058557743634,3
25.250000,-0.005718372391,0.039415799951,-0.032681814042,0.051520928152,3
25.260000,0.008783663641,-0.004534512093,-0.036499132140,0.037814034351,3
25.270000,0.037051465372,-0.025937370557,-0.000495598487,0.045230563732,3
25.280000,-0.010957879848,-0.052085592739,0.019785073321,0.056784093090,3
25.290000,-0.042737352198,-0.000952883220,0.029714405928,0.052060879544,3
25.300000,-0.037676456547,0.035156907484,0.009059101574,0.052321991965,3
25.310000,-0.001014405768,0.039686237984,-0.041704622684,0.057578659741,3
25.320000,0.035120558799,0.006802283665,-0.032986633771,0.048660484184,3
25.330000,0.025998180651,-0.037950312544,0.003618333004,0.046143514746,3
25.340000,-0.017550977478,-0.033789890805,0.058519797911,0.069816618928,3
25.350000,-0.043745334494,-0.010670404206,0.047593053691,0.065518017183,3
25.360000,-0.033043230949,0.066824566443,-0.000606028421,0.074550285461,3
25.370000,0.015105941413,0.032817453777,-0.030599430781,0.047344481226,3
25.380000,0.067306567364,-0.009622578711,-0.044592464982,0.081309630207,3
25.390000,0.039061474219,-0.051965363772,0.015798287009,0.066901297989,3
25.400000,-0.012704197554,-0.029230029989,0.042566753122,0.053176308259,3
25.410000,-0.040362581770,0.029264261898,0.052882728287,0.072678180925,3
25.420000,-0.012297558150,0.068353959338,0.004926830919,0.069625910095,3
25.430000,0.064842767926,0.025422939344,-0.057630864340,0.090400370142,3
25.440000,0.051115851778,-0.014261878106,-0.040288815400,0.066628973551,3
25.450000,0.025638977268,-0.052645420995,0.013443571542,0.060080172461,3
25.460000,-0.033563238696,-0.037976667628,0.064759470977,0.082234465749,3
25.470000,-0.057301516846,0.033895776736,0.030305901496,0.073149403134,3
25.480000,-0.006738004823,0.047068479375,-0.022258849652,0.052500465213,3
25.490000,0.033399739460,0.049987744742,-0.068921686728,0.091457728606,3
25.500000,0.060703752228,-0.047106575725,-0.016617929748,0.078613806677,3
25.510000,0.041531331218,-0.052732297346,0.040047958178,0.078162558878,3
25.520000,-0.054193709410,-0.011189000707,0.056400832244,0.079013959236,3
25.530000,-0.065585559901,0.035716576101,0.026105862018,0.079111664801,3
25.540000,-0.023911178693,0.057507030413,-0.040504139586,0.074292586016,3
25.550000,0.054099430018,0.023019418314,-0.080592583585,0.099758741354,3
25.560000,0.041474841724,-0.049637626294,-0.014826157560,0.066361671077,3
25.570000,0.006319267292,-0.064627404328,0.043303372867,0.078050090525,3
25.580000,-0.078829073539,-0.011907853314,0.058284813222,0.098756970680,3
25.590000,-0.071952801121,0.046314232746,-0.001870267139,0.085590371206,3
25.600000,0.002577050709,0.062961518648,-0.052224777770,0.081842662676,3
25.610000,0.057148888484,-0.002299907229,-0.054770955645,0.079190546219,3
25.620000,0.026580551234,-0.052639764891,-0.030768306551,0.066514353637,3
25.630000,-0.015460069079,-0.075788374913,0.035005168500,0.084901433025,3
25.640000,-0.076115102037,0.008377273287,0.043436710438,0.088036556495,3
25.650000,-0.057455225163,0.066719311882,0.023916657605,0.091239114351,3
25.660000,0.001014965770,0.048816608885,-0.058538544802,0.076228949134,3
25.670000,0.039782362614,-0.037528033647,-0.038490296349,0.066876696970,3
25.680000,0.037108056634,-0.067947726962,0.020112604139,0.079990113837,3
25.690000,-0.041460132235,-0.014960174450,0.059542616444,0.074081526425,3
25.700000,-0.082238870771,0.006553828069,0.064186527796,0.104527962185,3
25.710000,-0.014723311471,0.063216991967,-0.016160576516,0.066890419399,3
25.720000,0.042454025542,0.062315796891,-0.056131242599,0.094001697977,3
25.730000,0.073820583192,-0.025333422579,-0.052402784890,0.094006982010,3
25.740000,0.057056309341,-0.070902015214,0.005146231962,0.091153726750,3
25.750000,-0.041848660974,-0.040298362162,0.052691071155,0.078432247180,3
25.760000,-0.064144582164,0.013608191038,0.033482179902,0.073625855888,3
25.770000,0.006051550224,0.065916716266,-0.019730708452,0.069071959575,3
25.780000,0.038686300544,0.038366879389,-0.078370725778,0.095449557060,3
25.790000,0.096663297309,-0.036394610151,-0.014881155281,0.104354249924,3
25.800000,0.055799030270,-0.059115468642,0.018391262120,0.083345119438,3
25.810000,-0.043545888330,-0.035193278696,0.064837267833,0.085666110895,3
25.820000,-0.071779974921,0.055948907350,0.018831037768,0.092936822717,3
25.830000,0.013952157716,0.057571869240,-0.017404052349,0.061742075369,3
25.840000,0.070789885486,0.032322414416,-0.082576566854,0.113467333423,3
25.850000,0.064072594077,-0.034110709524,-0.034692510951,0.080451278001,3
25.860000,0.024681860247,-0.048967339824,0.042583186187,0.069428541253,3
25.870000,-0.025549423937,-0.023270773517,0.065361012699,0.073934862850,3
25.880000,-0.047709481195,0.049524080533,0.025846171390,0.073463281468,3
25.890000,-0.014859038645,0.058640351967,-0.039435331097,0.072212375996,3
25.900000,0.071900879213,0.018285878081,-0.055331500274,0.092550984280,3
25.910000,0.065094839174,-0.035578938747,-0.022909701913,0.077640539740,3
25.920000,0.001032984179,-0.063942520259,0.061524493153,0.088741062711,3
25.930000,-0.058203420414,-0.026253697637,0.062666453452,0.089464960603,3
25.940000,-0.075402813964,0.062403848640,0.037828200632,0.104932346976,3
25.950000,0.006363798805,0.071177842197,-0.025261232881,0.075795204609,3
25.960000,0.037143567968,-0.002224404050,-0.049890285529,0.062238518659,3
25.970000,0.031668063330,-0.051389551249,0.001302097892,0.060377542775,3
25.980000,-0.040241510316,-0.069655788903,0.059413023081,0.100006076775,3
25.990000,-0.043131398647,-0.013624138607,0.056206155285,0.072146147464,3
26.000000,-0.057125589794,0.051712997936,-0.002188972997,0.077086696437,3
26.010000,-0.005076948544,0.056511752988,-0.068143432581,0.088672887831,3
26.020000,0.052955762494,-0.018151360163,-0.046418159180,0.072721593483,3
26.030000,0.026036470623,-0.055789920995,-0.012423468393,0.062807289816,3
26.040000,-0.048300733618,-0.030906323445,0.055083511524,0.079513237506,3
26.050000,-0.067829456977,0.017719564167,0.051451395880,0.086960130669,3
26.060000,-0.024225283797,0.046727333881,-0.013889686138,0.054435571897,3
26.070000,0.027947081128,0.036723618141,-0.044840530544,0.064345447799,3
26.080000,0.056745055977,-0.021724519385,-0.060793806394,0.085952562592,3
26.090000,0.033120835946,-0.047933019636,0.012322212579,0.059551667214,3
26.100000,-0.026718302323,-0.021794965404,0.041051072613,0.053610435166,3
26.110000,-0.075429812513,0.035201331193,0.029442612197,0.088293022071,3
26.120000,-0.019694502947,0.058188822907,-0.008963580890,0.062081868045,3
26.130000,0.041971115716,0.035754655032,-0.074350265782,0.092563124044,3
26.140000,0.061553622716,-0.026098154302,-0.040754622159,0.078300072508,3
26.150000,0.012667658179,-0.046889592529,0.026946915317,0.055544934030,3
26.160000,-0.030687987542,-0.029303077399,0.047879771345,0.063975740937,3
26.170000,-0.056780439521,0.032799947858,0.029681976854,0.071978292850,3
26.180000,0.005003224580,0.058421782433,-0.022111041549,0.062666060010,3
26.190000,0.051858480797,0.026971267156,-0.042704236888,0.072390628750,3
26.200000,0.044549507748,-0.045890521538,-0.010276703531,0.064778154057,3
26.210000,0.015158774643,-0.028885645314,0.042244983911,0.053374222425,3
26.220000,-0.040554246368,-0.013028900392,0.054339261062,0.069044582964,3
26.230000,-0.048844586758,0.054986413052,0.019993454685,0.076217042098,3
26.240000,0.016863166028,0.033623703454,-0.026867277900,0.046225214161,3
26.250000,0.040456230805,0.007528314113,-0.049123567388,0.064082033342,3
26.260000,0.046178492162,-0.038037616984,0.001774010205,0.059853659507,3
26.270000,0.003644067098,-0.031533265159,0.048614362975,0.058060161247,3
26.280000,-0.040970010329,0.002949322055,0.040544087331,0.057715364198,3
26.290000,-0.017508370842,0.032910270766,-0.007105608861,0.037948895223,3
26.300000,0.017582612660,0.025561795599,-0.036108108952,0.047606188613,3
26.310000,0.031035490868,0.001490135471,-0.037282116322,0.048532240774,3
26.320000,0.025278072921,-0.039708682793,-0.007165864448,0.047614179327,3
26.330000,-0.028135485163,-0.042880301261,0.037076514444,0.063285019435,3
26.340000,-0.040286222689,0.008566380212,0.036593901116,0.055095155934,3
26.350000,-0.045500957765,0.030427081589,0.007309238958,0.055222906711,3
26.360000,0.016228071218,0.030921173302,-0.030792123585,0.046557750469,3
26.370000,0.022455310006,-0.014993444757,-0.029609805778,0.040072246398,3
26.380000,0.016328392297,-0.039754860937,-0.001387252399,0.042999881771,3
26.390000,-0.044697336068,-0.032272960957,0.035837826238,0.065755194851,3
26.400000,-0.062380727231,0.009484257164,0.030324975954,0.070006502773,3
26.410000,-0.029093046274,0.027949334794,-0.025013914583,0.047468585187,3
26.420000,0.012967731691,0.018149167696,-0.034433047233,0.041026687595,3
26.430000,0.024524234420,-0.021373451256,-0.031660682626,0.045394507563,3
26.440000,0.010670893407,-0.037879217228,0.019108909221,0.043747611083,3
26.450000,-0.021059720836,-0.020936344973,0.049711096246,0.057905401065,3
26.460000,-0.039854520406,0.020011972806,0.020292743411,0.048996502809,3
26.470000,-0.013626461981,0.039265207360,-0.023404648703,0.047699209176,3
26.480000,0.036244469731,0.014042926757,-0.033392200468,0.051243579403,3
26.490000,0.028979758487,-0.016825184455,-0.004189447290,0.033770766981,3
26.500000,0.003015448161,-0.030307667705,0.021086235996,0.037044257286,3
26.510000,-0.027394007088,-0.007011575993,0.029480514684,0.040849658117,3
26.520000,-0.028777227808,0.024286225536,0.012038438255,0.039533196009,3
26.530000,0.000718555788,0.040739349516,-0.019214094055,0.045048777250,3
26.540000,0.036821178014,0.006526771060,-0.034553681634,0.050915172643,3
26.550000,0.034374398053,-0.025419344161,-0.011505046890,0.044273111513,3
26.560000,0.003275982136,-0.035110764385,0.029221217025,0.045797132652,3
26.570000,-0.017243384135,-0.002606977141,0.039002242850,0.042723595045,3
26.580000,-0.016963215890,0.030271756612,0.007565208801,0.035515663107,3
26.590000,0.015550566059,0.033618281125,-0.033747927275,0.050109196022,3
26.600000,0.047301731529,-0.004721289851,-0.030026937395,0.056225984676,3
26.610000,0.043344890076,-0.030235006288,-0.000364308396,0.052849482699,3
26.620000,0.006266380733,-0.037425573453,0.027928224284,0.047116099026,3
26.630000,-0.026744559144,-0.004842170112,0.025519394578,0.037282134526,3
26.640000,-0.021066027915,0.041766453085,0.011459089247,0.048161445803,3
26.650000,0.030076937211,0.028006286742,-0.050994713427,0.065493778685,3
26.660000,0.026757633398,0.000181555314,-0.040959286245,0.048925116628,3
26.670000,0.019727753028,-0.029646597448,0.003997519802,0.035834133788,3
26.680000,-0.022710932902,-0.015966077904,0.033237894537,0.043306578601,3
26.690000,-0.055834588260,0.015705615317,0.040742742877,0.070881158962,3
26.700000,-0.018898535407,0.031458514352,-0.006646363035,0.037295668748,3
26.710000,0.018309918102,0.028147279148,-0.034126193875,0.047876085186,3
26.720000,0.038274385289,-0.021160228781,-0.021924696020,0.048922143727,3
26.730000,0.000427857184,-0.036001884047,0.009722749642,0.037294109150,3
26.740000,-0.037191709862,-0.024033535571,0.036663148904,0.057489308589,3
26.750000,-0.048736040861,0.025249605329,0.021398105793,0.058911995210,3
26.760000,-0.029353741007,0.051904754051,-0.027723506791,0.065759702197,3
26.770000,0.024481965495,0.005864091123,-0.052684144229,0.058389838605,3
26.780000,0.033380092723,-0.041400593670,-0.029036045347,0.060591514883,3
26.790000,-0.007187141387,-0.043554568697,0.023027380942,0.049788710857,3
26.800000,-0.041659217164,-0.015913518820,0.042908797724,0.061886148516,3
26.810000,-0.065280860117,0.018094499196,0.023119597244,0.071578749468,3
26.820000,-0.007247242841,0.058358875080,-0.024518944796,0.063713887680,3
26.830000,0.012907713980,0.017872862495,-0.061397954864,0.065236164475,3
26.840000,0.041944136204,-0.036860467305,-0.023128935598,0.060439658120,3
26.850000,-0.017611586898,-0.032258823020,0.031713820273,0.048544474989,3
26.860000,-0.057417958581,-0.006801948639,0.059280127639,0.082808345025,3
26.870000,-0.037216585170,0.026167939614,0.011244696741,0.046864469272,3
26.880000,0.007673587485,0.054788824958,-0.047113866205,0.072666468704,3
26.890000,0.027571189696,-0.007086515434,-0.040822867517,0.049768420857,3
26.900000,0.043296517533,-0.053654052849,-0.002060189581,0.068975286870,3
26.910000,-0.017106054872,-0.041477514345,0.057597416019,0.073010024254,3
26.920000,-0.066350129312,-0.013852197298,0.048982709357,0.083627321167,3
26.930000,-0.022139699073,0.050190584259,-0.004662539973,0.055054521180,3
26.940000,0.042019554347,0.035446821655,-0.049425500749,0.073925639918,3
26.950000,0.049176062696,-0.001574627615,-0.034001054327,0.059806657571,3
26.960000,0.040959144034,-0.049060200357,0.009057426854,0.064549141901,3
26.970000,-0.005852263408,-0.039669142440,0.052024700154,0.065684543654,3
26.980000,-0.031718622987,0.021346045845,0.049459827763,0.062513992671,3
26.990000,-0.014823860603,0.076332473068,0.023963956550,0.081367465866,3
27.000000,0.031177775757,0.018552948659,-0.057365658152,0.067875506188,3
27.010000,0.074427670046,-0.021351471189,-0.043954996604,0.089035976531,3
27.020000,0.030407413060,-0.052709839742,0.007021704191,0.061255549172,3
27.030000,-0.017548987739,-0.030831627910,0.031326349178,0.047327543810,3
27.040000,-0.044840746639,0.036450125237,0.043458135142,0.072304313142,3
27.050000,0.003610520217,0.075093669664,-0.020740450697,0.077988854172,3
27.060000,0.037749988259,0.049216401643,-0.078158804504,0.099780331357,3
27.070000,0.078886029113,-0.040640231320,-0.014143203057,0.089859135227,3
27.080000,0.025627725544,-0.035364171985,0.014197598184,0.045923597104,3
27.090000,-0.048547188938,-0.035040072815,0.071953582966,0.093605311593,3
27.100000,-0.043556785857,0.069118032669,0.026861393514,0.086000177301,3
27.110000,-0.038552031266,0.064626861465,-0.016998229784,0.077148105313,3
27.120000,0.052690853177,0.014570664510,-0.073045509057,0.091237474024,3
27.130000,0.027181839901,-0.059073387515,-0.024335437961,0.069431484743,3
27.140000,-0.015034254177,-0.064289517393,0.050393071064,0.083058006577,3
27.150000,-0.059773381910,-0.010653862043,0.061146285520,0.086169775410,3
27.160000,-0.045567395252,0.034762553223,0.012387870076,0.058636865039,3
27.170000,-0.014239643259,0.064847223764,-0.051120495513,0.083792809545,3
27.180000,0.018141332366,0.025879596568,-0.057835098805,0.065907208349,3
27.190000,0.039735812222,-0.052798364275,-0.021128932346,0.069376032066,3
27.200000,-0.014117220401,-0.069643611490,0.028068568972,0.076402703469,3
27.210000,-0.102780126791,-0.010337305027,0.078262485577,0.129597959039,3
27.220000,-0.056727314168,0.077917370603,0.025706016898,0.099749206108,3
27.230000,0.010421587506,0.053109145700,-0.047330147152,0.071898078365,3
27.240000,0.055846751534,-0.005728150601,-0.067252008464,0.087604246522,3
27.250000,0.051724092191,-0.072556914081,-0.013943269789,0.090190366816,3
27.260000,-0.026104384182,-0.060030855724,0.059952231409,0.088766055243,3
27.270000,-0.057298695576,0.012406513496,0.067979984035,0.089768258985,3
27.280000,-0.020707238970,0.073635782508,0.010930091012,0.077268914195,3
27.290000,0.026880786563,0.047139996260,-0.073420647381,0.091298123724,3
27.300000,0.087183408822,-0.013923161348,-0.061343831020,0.107507519737,3
27.310000,0.036860080749,-0.064998131698,0.009380142394,0.075308762759,3
27.320000,-0.000217327268,-0.045522062130,0.081196098231,0.093086581952,3
27.330000,-0.068760202504,0.035702603889,0.077268996239,0.109421840382,3
27.340000,-0.010265787870,0.079334456696,-0.017635106302,0.081916661273,3
27.350000,0.069831435501,0.053493455959,-0.072953904554,0.114281456958,3
27.360000,0.092297103468,-0.008670021203,-0.048595992847,0.104668500978,3
27.370000,0.058136991143,-0.073131428530,0.031000000423,0.098433305360,3
27.380000,-0.064997383161,-0.049781319326,0.068729851297,0.106895425678,3
27.390000,-0.059460988369,0.009435016546,0.056894792091,0.082835053221,3
27.400000,-0.015399625711,0.072243011244,-0.029065834952,0.079378989078,3
27.410000,0.045930082175,0.045117602360,-0.068745008442,0.094186234010,3
27.420000,0.047064604874,-0.028727181780,-0.018699004255,0.058223541331,3
27.430000,-0.008449726334,-0.083060501571,0.035456266080,0.090706072567,3
27.440000,-0.073677097254,-0.020091915614,0.076236822755,0.107907612691,3
27.450000,-0.050416957057,0.060534107331,0.044515521965,0.090486901843,3
27.460000,0.010459638010,0.042582749389,-0.043260085106,0.061596505877,3
27.470000,0.020501019067,0.005487312033,-0.060198341359,0.063829794599,3
27.480000,0.068304244672,-0.051794946278,-0.032056215967,0.091519327370,3
27.490000,-0.038522950424,-0.048755978201,0.044161271239,0.076232414347,3
27.500000,-0.042788296386,-0.012054326453,0.057711972246,0.072847902059,3
27.510000,-0.072898526965,0.042440152853,0.021121500322,0.086956768476,3
27.520000,0.008194402648,0.052294857117,-0.043233989586,0.068345286386,3
27.530000,0.069188674194,-0.011747899558,-0.056039099504,0.089807942043,3
27.540000,0.036296878160,-0.054340252053,-0.016148951183,0.067313557191,3
27.550000,-0.019843223533,-0.061521904377,0.044137653341,0.078274074130,3
27.560000,-0.082724913530,0.009913010074,0.049748745043,0.097039253504,3
27.570000,-0.050336603294,0.069874330310,0.023332530391,0.089222209353,3
27.580000,-0.012078606627,0.045479910550,-0.058342301185,0.074954246773,3
27.590000,0.024333505645,-0.014062194209,-0.045030404645,0.053081090281,3
27.600000,0.025761983663,-0.052707073196,-0.010067772859,0.059523738269,3
27.610000,-0.023347626553,-0.034445025494,0.039248225598,0.057201351903,3
27.620000,-0.069468971300,0.003183980307,0.049707593467,0.085480527328,3
27.630000,-0.038532966966,0.061709924801,-0.011526512059,0.073659791219,3
27.640000,0.016923481795,0.024926162776,-0.048667832739,0.057238761083,3
27.650000,0.045866268329,-0.037035939338,-0.041418634509,0.072047752621,3
27.660000,0.007727395285,-0.052379275191,0.025725388214,0.058865072039,3
27.670000,-0.031645766030,-0.049303932920,0.074896477957,0.095088457340,3
27.680000,-0.044119683529,0.022633522736,0.045481129167,0.067285629494,3
27.690000,-0.020811842799,0.055123649637,-0.033380257902,0.067719946600,3
27.700000,0.058492722801,0.023525361993,-0.037534351207,0.073373488387,3
27.710000,0.059406776166,-0.023359168886,-0.010725358652,0.064729044051,3
27.720000,0.027556472732,-0.066174486521,0.017382309865,0.073760196258,3
27.730000,-0.026510978741,-0.017642206433,0.062138655043,0.069823290471,3
27.740000,-0.045350203786,0.041475124007,0.029160170886,0.068023102406,3
27.750000,-0.001513373679,0.051773518158,-0.020152092817,0.055577822261,3
27.760000,0.036155180416,0.025080327644,-0.042559717640,0.061217231817,3
27.770000,0.053887963197,-0.035033429482,-0.035031770956,0.073201630686,3
27.780000,0.032522633207,-0.045136804170,0.035684649214,0.066094227818,3
27.790000,-0.021752120564,-0.013140894958,0.050249150465,0.056309990159,3
27.800000,-0.018619395381,0.037651265638,0.003359733792,0.042137720627,3
27.810000,0.024882176799,0.039378943531,-0.043263125019,0.063572965184,3
27.820000,0.054529004164,0.015646563881,-0.054225923513,0.078477245347,3
27.830000,0.036941601187,-0.040104778903,-0.009452635499,0.055339204069,3
27.840000,-0.003555070696,-0.034463946499,0.034122010927,0.048628322669,3
27.850000,-0.037064421167,-0.001587035218,0.038208034656,0.053255458965,3
27.860000,-0.029738233768,0.029306017119,0.015740220115,0.044620171630,3
27.870000,0.010101624141,0.032577345341,-0.039720066203,0.052354654988,3
27.880000,0.047048488083,-0.005150244151,-0.049911931845,0.068784345502,3
27.890000,0.032221362873,-0.036531897035,0.002072264496,0.048755410023,3
27.900000,-0.018431988639,-0.047661451289,0.034691108236,0.061764270697,3
27.910000,-0.064259778872,0.005446008179,0.043929893275,0.078030851007,3
27.920000,-0.059571551207,0.040334872561,0.012780926616,0.073068623518,3
27.930000,0.003880615807,0.024931500874,-0.038060437712,0.045664382550,3
27.940000,0.028048761372,-0.013211338591,-0.025986573018,0.040454597502,3
27.950000,0.006557048985,-0.049617064686,-0.005445228383,0.050343803111,3
27.960000,-0.029647445889,-0.033285130418,0.040083782197,0.059946480714,3
27.970000,-0.051883340055,0.006713596486,0.037652986331,0.064456968070,3
27.980000,-0.029718698565,0.042571154516,-0.003369148689,0.052027448565,3
27.990000,0.008596126623,0.018142659973,-0.041385852858,0.045998242582,3
28.000000,0.042789400037,-0.021634638514,-0.035306836279,0.059544630548,3
28.010000,0.011982687851,-0.050244868125,0.016284911695,0.054160224612,3
28.020000,-0.038207964057,-0.031310440382,0.047484121079,0.068519588067,3
28.030000,-0.048471177261,0.016707951880,0.028356514583,0.058589270352,3
28.040000,-0.007054835452,0.040399032577,-0.024180169289,0.047608120350,3
28.050000,0.023888983340,0.009829000462,-0.056530613605,0.062153061466,3
28.060000,0.049989611565,-0.016986464460,-0.023784726506,0.057906946511,3
28.070000,0.005049484551,-0.046691827146,0.024565346961,0.053000757427,3
28.080000,-0.024641962580,-0.029061836249,0.042479616754,0.057064301323,3
28.090000,-0.037735289869,0.017478115750,0.019584710937,0.045967352917,3
28.100000,-0.005430514604,0.048572034075,-0.038652752600,0.062311862968,3
28.110000,0.029910443234,0.018076123136,-0.038346155565,0.051882641497,3
28.120000,0.047070648136,-0.017407551992,-0.014064767336,0.052119923854,3
28.130000,-0.003225551006,-0.038579155724,0.029536889817,0.048694797420,3
28.140000,-0.019436280944,-0.003388891193,0.029144620851,0.035194637731,3
28.150000,-0.026583502440,0.026953834173,0.009965734722,0.039147255934,3
28.160000,0.014227143797,0.030609222259,-0.025724061552,0.042438937907,3
28.170000,0.034378036895,0.014133147294,-0.033458413238,0.050010605772,3
28.180000,0.062037581621,-0.036633749893,-0.002788579128,0.072100411498,3
28.190000,0.003596312125,-0.039646405678,0.037864729537,0.054940956372,3
28.200000,-0.029783635701,0.003600944098,0.037005512591,0.047638636800,3
28.210000,-0.027727577789,0.037361774224,0.011519068710,0.047931301747,3
28.220000,0.003274760880,0.025357222853,-0.038253338084,0.046011201726,3
28.230000,0.051852763532,-0.004467897131,-0.038615150886,0.064805872177,3
28.240000,0.035711139332,-0.048111492750,0.008936412200,0.060579374955,3
28.250000,-0.015960667420,-0.026816292601,0.027008610754,0.041271315804,3
28.260000,-0.029967680509,0.002934206696,0.027529849372,0.040799069235,3
28.270000,-0.025399589030,0.044712715406,-0.014824822959,0.053517673881,3
28.280000,-0.001060433309,0.016909962184,-0.023548906253,0.029010727767,3
28.290000,0.029776020293,-0.019817208332,-0.033777425509,0.049196012080,3
28.300000,0.010296011984,-0.033482670819,-0.000959842265,0.035043093544,3
28.310000,-0.029888099910,-0.011852614701,0.025950002539,0.041318102852,3
28.320000,-0.054445119906,0.032206273623,0.028744362383,0.069482037326,3
28.330000,-0.023729903136,0.035344082449,-0.030978518941,0.052649606863,3
28.340000,0.020610568612,0.021357398759,-0.046708317791,0.055340771328,3
28.350000,0.053075336569,-0.025589540709,-0.019045558504,0.061923737325,3
28.360000,-0.001513335350,-0.037221133203,0.011488316696,0.038983129189,3
28.370000,-0.050676319160,-0.032196336610,0.040240724211,0.072277308332,3
28.380000,-0.060425452256,0.023245962518,0.028652369638,0.070799493922,3
28.390000,-0.013156155305,0.039520607523,-0.030980007244,0.051910728084,3
28.400000,0.047478027108,0.019175902395,-0.042042772853,0.066253098342,3
28.410000,0.054570954346,-0.030248940892,-0.023463040432,0.066659596080,3
28.420000,0.007637564812,-0.041435753052,0.037793251649,0.056600211108,3
28.430000,-0.042976450335,-0.022302942015,0.052808148255,0.071645635094,3
28.440000,-0.061319913690,0.040478275239,0.024009088068,0.077298505103,3
28.450000,-0.010671820277,0.052752199947,-0.039740362992,0.066902756281,3
28.460000,0.046757616022,0.010048420046,-0.039429667183,0.061983417586,3
28.470000,0.055062696057,-0.049178083857,-0.030939680319,0.080047787272,3
28.480000,-0.007747218036,-0.061670255896,0.054055106158,0.082372291162,3
28.490000,-0.039494945161,0.002730793278,0.037457837123,0.054501353076,3
28.500000,-0.037048134469,0.064485083191,0.012258250324,0.075373436453,3
28.510000,0.021482898346,0.056857446898,-0.036665474578,0.070983386895,3
28.520000,0.048096754018,0.017816275855,-0.046988763608,0.069560486901,3
28.530000,0.049168246943,-0.034239955383,0.009870262538,0.060723250363,3
28.540000,-0.007740092378,-0.048198581834,0.079562532385,0.093344570706,3
28.550000,-0.042129619717,0.016232078183,0.059374391224,0.074590237651,3
28.560000,-0.016316836086,0.058384393045,0.013471146524,0.062100308210,3
28.570000,0.031969374684,0.044428023184,-0.046675187121,0.071933742114,3
28.580000,0.062883795812,-0.022587913976,-0.041749032745,0.078788116926,3
28.590000,0.050146276675,-0.061789331808,0.012919110513,0.080619315341,3
28.600000,-0.030879898358,-0.051796482135,0.061585846223,0.086193155988,3
28.610000,-0.045797008140,0.025250856774,0.027463780913,0.059069712920,3
28.620000,-0.022923646729,0.046145235738,-0.033180290460,0.061284647635,3
28.630000,0.056502101155,0.056422920473,-0.044135096564,0.091235629763,3
28.640000,0.057210539303,-0.036822332748,-0.042091862271,0.080004092807,3
28.650000,0.034782769451,-0.039411504625,0.004770231891,0.052781273760,3
28.660000,-0.032421523701,-0.029010745114,0.058611454560,0.072993706145,3
28.670000,-0.054858794979,0.031952790535,0.043276009285,0.076832813232,3
28.680000,-0.029598026985,0.062752647445,-0.012558178815,0.070509898723,3
28.690000,0.019988091420,0.038585022070,-0.078269804374,0.089523684037,3
28.700000,0.062601437702,-0.043038592243,-0.030095415148,0.081712878040,3
28.710000,-0.008575995917,-0.048471921631,0.033503216931,0.059544440860,3
28.720000,-0.076426848326,-0.030024870676,0.074446819160,0.110837199925,3
28.730000,-0.063444113821,0.042630786396,0.002221501374,0.076468781837,3
28.740000,-0.019129607824,0.073913893784,-0.017840616706,0.078405951268,3
28.750000,0.047598403154,0.022730700835,-0.043057147198,0.068089725129,3
28.760000,0.045956267215,-0.067187858830,-0.043317679879,0.092209588766,3
28.770000,-0.001247995379,-0.052336625624,0.049102921721,0.071775878927,3
28.780000,-0.073504674533,-0.000481398797,0.075531592210,0.105395400018,3
28.790000,-0.060523967976,0.047527311768,0.018375382543,0.079117954644,3
28.800000,-0.001452358363,0.059859812649,-0.034332916904,0.069022139190,3
28.810000,0.043769801860,0.017235695815,-0.062549197429,0.078264084127,3
28.820000,0.054113272929,-0.062573872036,-0.016061455429,0.084271621079,3
28.830000,-0.003319246479,-0.055775167997,0.072653189094,0.091653546837,3
28.840000,-0.073395320149,-0.023739466371,0.053145459326,0.093674303468,3
28.850000,-0.058111891150,0.054861901652,0.000229098951,0.079917911837,3
28.860000,0.039393474401,0.058036007656,-0.060735030563,0.092783446517,3
28.870000,0.074226978904,-0.019717250878,-0.048170627459,0.090657728458,3
28.880000,0.081221541410,-0.069560466565,0.033315807538,0.112006876260,3
28.890000,-0.021200309795,-0.037889173841,0.057595486877,0.072126851716,3
28.900000,-0.057795027403,0.022475351529,0.051550432017,0.080640273189,3
28.910000,-0.009044513264,0.075637091055,-0.005738916363,0.076391805349,3
28.920000,0.058941128827,0.047303275272,-0.075562952326,0.106871026396,3
28.930000,0.090744743350,-0.012277103686,-0.044521774349,0.101821039632,3
28.940000,0.074895096981,-0.069957546915,0.022557456724,0.104938900204,3
28.950000,0.000222657346,-0.045679054555,0.088518918338,0.099610363442,3
28.960000,-0.062539699218,0.032673715890,0.056206191357,0.090210429747,3
28.970000,-0.018831438784,0.099052983457,-0.017790769087,0.102384706295,3
28.980000,0.061786903896,0.039701377218,-0.068335163161,0.100317074172,3
28.990000,0.073196067270,-0.037901131956,-0.024899794731,0.086105515764,3
29.000000,0.013057078404,-0.055755164231,0.019471958706,0.060483740053,3
29.010000,-0.052829809202,-0.023199151635,0.091018082173,0.107765860361,3
29.020000,-0.088551273045,0.028847535667,0.062485833057,0.112151627740,3
29.030000,-0.033438569081,0.077551375846,-0.044654824803,0.095532231084,3
29.040000,0.062218773291,0.029648904584,-0.072452216492,0.099997784813,3
29.050000,0.064226822744,-0.059464226133,-0.045019092658,0.098426610493,3
29.060000,-0.008866108183,-0.090935484228,0.015155811987,0.092615165081,3
29.070000,-0.067794427527,-0.011078197711,0.055736382061,0.088461037488,3
29.080000,-0.038027768034,0.045915066136,0.044092868197,0.074151773180,3
29.090000,0.021839387856,0.061877264755,-0.028182845621,0.071414477124,3
29.100000,0.050393143238,0.023013166623,-0.054920543497,0.078008594536,3
29.110000,0.028743477158,-0.067992246921,-0.027618501172,0.078815701021,3
29.120000,0.006218873578,-0.058383697355,0.030409721631,0.066121718634,3
29.130000,-0.078769555721,0.004924535335,0.064807360662,0.102121926895,3
29.140000,-0.070331325635,0.057882438919,0.000919145293,0.091091804949,3
29.150000,-0.010742535324,0.044577193766,-0.047119997537,0.065748174401,3
29.160000,0.038535245488,-0.005722802264,-0.072552932197,0.082350735157,3
29.170000,0.019111229624,-0.040555084245,0.007062805009,0.045385429055,3
29.180000,-0.015622390322,-0.046295975351,0.043445070763,0.065382341551,3
29.190000,-0.084951852940,-0.004884412309,0.055134850950,0.101392931661,3
29.200000,-0.047519885829,0.067819240484,0.013758228635,0.083945683535,3
29.210000,0.016907704114,0.053739767361,-0.055651823427,0.079189383791,3
29.220000,0.055211515826,-0.001178693368,-0.064637764646,0.085016124449,3
29.230000,0.040993021270,-0.043213428356,0.023669206989,0.064094145931,3
29.240000,-0.037672662721,-0.037571449292,0.063348457328,0.082727688015,3
29.250000,-0.069120927551,0.010377779348,0.027934511217,0.075271095692,3
29.260000,-0.011201261114,0.054792798587,-0.030223257510,0.063570152761,3
29.270000,0.025457444798,0.031975156530,-0.059124534675,0.071876301598,3
29.280000,0.063208375090,-0.010445836389,-0.022538625250,0.067914680354,3
29.290000,0.031449395582,-0.049198964706,0.011258333182,0.059467240366,3
29.300000,-0.027532627449,-0.030870402553,0.053230141383,0.067412723426,3
29.310000,-0.048772613888,0.023501136947,0.019631624898,0.057588818354,3
29.320000,0.009398967968,0.041483979800,-0.027480341531,0.050640204873,3
29.330000,0.065492521562,0.032379116096,-0.046280759853,0.086484601360,3
29.340000,0.058935294824,-0.017165517600,-0.039279310461,0.072875840995,3
29.350000,0.013759224585,-0.044971952043,0.035793040158,0.059101052914,3
29.360000,-0.019982337414,-0.022134600071,0.042205104950,0.051676931146,3
29.370000,-0.028598332641,0.031768861073,0.020854217700,0.047560735482,3
29.380000,0.008225280093,0.056707025732,-0.012426017571,0.058632311166,3
29.390000,0.055336288767,0.019169329494,-0.045963042219,0.074445747345,3
29.400000,0.038652191542,-0.034534462302,-0.010546548872,0.052894713258,3
29.410000,0.006597466333,-0.033243167600,0.032299293196,0.046817508425,3
29.420000,-0.022513414858,0.004448299420,0.053807831180,0.058497212861,3
29.430000,-0.040724484318,0.049368036687,0.018481656650,0.066612748793,3
29.440000,0.010249405098,0.041807373231,-0.041678053381,0.059916332456,3
29.450000,0.047660558610,-0.004522503333,-0.031298536326,0.057197729497,3
29.460000,0.018072807351,-0.035005785839,-0.011543001386,0.041052068020,3
29.470000,-0.009684158493,-0.031420795538,0.030386509662,0.044770406380,3
29.480000,-0.054265761570,0.009479914335,0.035254728193,0.065402886133,3
29.490000,-0.035970129117,0.034653853345,-0.001065340911,0.049958729883,3
29.500000,0.003942667516,0.034652897477,-0.021793527815,0.041125731426,3
29.510000,0.024525757779,-0.003543237941,-0.042034064804,0.048794773631,3
29.520000,0.021513280770,-0.035330126050,0.001622250399,0.041396506526,3
29.530000,-0.034354954891,-0.021562344975,0.026144733272,0.048257069164,3
29.540000,-0.041370640594,0.010807561954,0.034035065122,0.054650882485,3
29.550000,-0.035112178224,0.036717922777,-0.016337912330,0.053366640254,3
29.560000,0.019643692553,0.033927112577,-0.036714946626,0.053711366867,3
29.570000,0.028086049076,-0.008672766604,-0.023674217524,0.037742702720,3
29.580000,-0.003123455257,-0.037675053746,0.006496747089,0.038358484984,3
29.590000,-0.022848868322,-0.029080529202,0.041546044773,0.055622134071,3
29.600000,-0.055424842941,0.017356551541,0.033164620695,0.066880902821,3
29.610000,-0.015461683626,0.040155298248,-0.013612619817,0.045131087470,3
29.620000,0.022376992783,0.011670832014,-0.037888360424,0.045524344932,3
29.630000,0.036669501672,-0.021936435072,-0.021006280409,0.047614318783,3
29.640000,0.012493560329,-0.046085449655,0.011567435383,0.049130064940,3
29.650000,-0.022199559592,-0.021615591582,0.053608803729,0.061918963838,3
29.660000,-0.021758401861,0.028564864734,0.030579833428,0.047164666450,3
29.670000,-0.000977263268,0.030595881505,-0.009264046852,0.031982582333,3
29.680000,0.033571140726,0.005235731910,-0.036491046951,0.049860113175,3
29.690000,0.042837057707,-0.023456074114,-0.013369021367,0.050635280765,3
29.700000,0.013307521640,-0.030999877180,0.021300034824,0.039897042508,3
29.710000,-0.021496043373,-0.002546104685,0.030834066215,0.037673626971,3
29.720000,-0.023686851519,0.033376190983,0.012413985520,0.042768494197,3
29.730000,0.000250675580,0.046470254542,-0.024449197587,0.052510100534,3
29.740000,0.036517569545,0.006056185380,-0.032657920601,0.049363448470,3
29.750000,0.039593511272,-0.024850139570,-0.008322626741,0.047480961315,3
29.760000,-0.003610921393,-0.042253938232,0.049987537414,0.065552940027,3
29.770000,-0.035092991431,-0.002415486173,0.028940868728,0.045551361163,3
29.780000,-0.038641078667,0.046250545950,0.004962744023,0.060472099264,3
29.790000,0.022367002470,0.029444701328,-0.038705140436,0.053529068102,3
29.800000,0.044702540170,-0.006399389324,-0.039255013681,0.059834984586,3
29.810000,0.032709233887,-0.032303231397,-0.000215135106,0.045972154869,3
29.820000,-0.002045073398,-0.032352001556,0.035936858886,0.048397232942,3
29.830000,-0.033384175270,0.005679652882,0.017416134605,0.038079960083,3
29.840000,-0.024388352790,0.026267156492,-0.010947773555,0.037478113718,3
29.850000,0.009273272518,0.020005185835,-0.031205618883,0.038209837651,3
29.860000,0.024527329869,-0.005720566091,-0.025384073676,0.035758439329,3
29.870000,0.023075100216,-0.037610727245,-0.010499968254,0.045357208768,3
29.880000,-0.030017911504,-0.033001764208,0.051190429535,0.067901778532,3
29.890000,-0.052912253055,0.006272384128,0.018800214472,0.056502189251,3
29.900000,-0.020152114746,0.034058630290,-0.004382446230,0.039815874484,3
29.910000,0.015043063447,0.014487911993,-0.043693696885,0.048428633052,3
29.920000,0.027428185850,-0.024024556818,-0.014354971741,0.039186093490,3
29.930000,0.001282328404,-0.055607707249,0.007764322367,0.056161785704,3
29.940000,-0.040349259098,-0.008950943824,0.032029360821,0.052288259292,3
29.950000,-0.049671062153,-0.002333481917,0.026871376168,0.056521946272,3
29.960000,-0.015118029748,0.027186751045,-0.029503102924,0.042873154047,3
29.970000,0.022658528994,0.006354288221,-0.040038247137,0.046441868489,3
29.980000,0.047850802458,-0.046017897380,-0.021430604338,0.069761142318,3
29.990000,0.017958302086,-0.045985079230,0.037283516701,0.061864276793,3
