time_s,acc_x_m_s2,acc_y_m_s2,acc_z_m_s2,acc_abs_m_s2,acc_accuracy
0.000000,-0.000477886535,0.018545148249,-0.024002613288,0.030336056826,3
0.010000,0.019711821835,-0.003324460678,-0.021506466397,0.029362153458,3
0.020000,0.019318346372,-0.012276944448,-0.003259234577,0.023120218026,3
0.030000,0.017366648876,-0.026446639275,0.011597973273,0.033697747790,3
0.040000,0.000612219935,-0.019745683200,0.022804071596,0.030171054002,3
0.050000,-0.020837121826,-0.005765166181,0.021639911507,0.030589353657,3
0.060000,-0.023457920844,0.016975960682,0.009096950013,0.030351470985,3
0.070000,-0.008881648606,0.025334493936,-0.008182167865,0.028065425988,3
0.080000,0.013077691077,0.006306262698,-0.024235027462,0.028251221375,3
0.090000,0.036753322874,0.008022736568,-0.020926198827,0.043047379033,3
0.100000,0.032282986400,-0.017130002603,0.003400483427,0.036704107231,3
0.110000,0.011054844661,-0.028245355324,0.024260867430,0.038840692274,3
0.120000,-0.003601765106,-0.014803627303,0.040322612284,0.043104908706,3
0.130000,-0.020981744830,-0.000966703677,0.019608597112,0.028734390768,3
0.140000,-0.024695362054,0.015206334407,-0.010249997367,0.030759648228,3
0.150000,0.009689836658,0.031186942446,-0.026812597024,0.042254392349,3
0.160000,0.024588654843,0.018832399526,-0.031353512687,0.044071577878,3
0.170000,0.030245623575,-0.007442315397,-0.012011289816,0.033383482248,3
0.180000,0.028775410045,-0.029816377273,0.001426911507,0.041461749280,3
0.190000,-0.005331441515,-0.028772890299,0.023607579963,0.037598155760,3
0.200000,-0.025912729464,-0.015475523452,0.024918696727,0.039139530158,3
0.210000,-0.026305573527,0.009811828028,0.012475329302,0.030722776714,3
0.220000,-0.019593110145,0.028720668446,-0.021027311200,0.040631448134,3
0.230000,0.000107983042,0.024379439897,-0.022631092885,0.033264622577,3
0.240000,0.014582602178,0.011725776720,-0.027586875190,0.033334393781,3
0.250000,0.035640453906,-0.012376486011,-0.004367803726,0.037980219457,3
0.260000,0.011811633074,-0.027526560965,0.025236850677,0.039167906078,3
0.270000,-0.001519335764,-0.025160987159,0.020608053867,0.032558801271,3
0.280000,-0.032766161554,0.002346020180,0.027495310908,0.042838268822,3
0.290000,-0.033993128415,0.019026312708,-0.009639113389,0.040130360847,3
0.300000,-0.027020935462,0.041833073610,-0.024421687947,0.055466709323,3
0.310000,0.008275748588,0.030189835344,-0.033264467425,0.045677554290,3
0.320000,0.032724639913,0.010163589260,-0.030340507182,0.045768405917,3
0.330000,0.019089986134,-0.020961095254,0.006954214916,0.029191714405,3
0.340000,0.015329687022,-0.025355439540,0.022274654476,0.037068286317,3
0.350000,-0.020169031922,-0.018403354428,0.028738901482,0.039640859744,3
0.360000,-0.026401081217,0.011693993209,0.016794172973,0.033403754467,3
0.370000,-0.031038713955,0.016929584245,-0.003785551760,0.035557601000,3
0.380000,-0.014054557417,0.040456173442,-0.023277786689,0.048745132136,3
0.390000,0.035287046804,0.014641418049,-0.026235205841,0.046344717284,3
0.400000,0.043545216336,-0.013691575673,-0.013153420591,0.047504290158,3
0.410000,0.030408250095,-0.020881130633,0.022291935701,0.043100042780,3
0.420000,0.018602792571,-0.021368222275,0.039692432579,0.048766320537,3
0.430000,-0.007442244743,-0.015515353194,0.030751074542,0.035238356616,3
0.440000,-0.034423543969,0.022166509105,0.019418409378,0.045314557573,3
0.450000,-0.017699606872,0.035727721834,-0.018733413004,0.044053228640,3
0.460000,0.010878682152,0.030819883086,-0.046389562031,0.056746827085,3
0.470000,0.044700992763,0.025798805218,-0.020741947049,0.055623605350,3
0.480000,0.063935874711,-0.018694294400,-0.009719619999,0.067318227332,3
0.490000,0.014655923809,-0.035484110628,0.021026566403,0.043772533676,3
0.500000,-0.011565198414,-0.019084069607,0.045888121684,0.051026221091,3
0.510000,-0.024945674654,-0.005076947658,0.030676781136,0.039863855588,3
0.520000,-0.044221872679,0.028429460849,0.000943121157,0.052580393161,3
0.530000,-0.007249808017,0.024909133468,-0.023962692125,0.035316218091,3
0.540000,0.002881414216,0.024932414252,-0.039240650182,0.046580644639,3
0.550000,0.041660197872,-0.010138709177,-0.030020675916,0.052341250395,3
0.560000,0.043513412893,-0.022513041128,0.008760014497,0.049769387945,3
0.570000,0.011549903287,-0.034995604796,0.029754160348,0.047364571982,3
0.580000,-0.026332168545,-0.030143711203,0.036312725861,0.054042950371,3
0.590000,-0.039489498391,0.000719326341,0.012874785514,0.041541521585,3
0.600000,-0.035322378486,0.048833840494,-0.017180067596,0.062670320901,3
0.610000,-0.016871339118,0.045856208349,-0.040244879933,0.063301534646,3
0.620000,0.013207272837,0.034995929781,-0.039356417618,0.054296176336,3
0.630000,0.036835409416,-0.005178912761,-0.023316937124,0.043901572649,3
0.640000,0.018179105560,-0.035003197995,0.012598775985,0.041405711021,3
0.650000,-0.000697892390,-0.044110010447,0.044741112740,0.062832692482,3
0.660000,-0.028460004880,-0.016072515151,0.053752306043,0.062909522538,3
0.670000,-0.047917294207,0.018154780468,-0.003263886879,0.051345068853,3
0.680000,-0.028545458998,0.052841527961,-0.017373456818,0.062521254853,3
0.690000,0.002059565641,0.044340026332,-0.044637605351,0.062950739132,3
0.700000,0.039774489145,0.012611707991,-0.030219420740,0.051519690945,3
0.710000,0.054058072287,-0.026677466198,0.016220109243,0.062426391262,3
0.720000,0.046118995870,-0.045732376001,0.029710947289,0.071422352128,3
0.730000,-0.019432008611,-0.032269140407,0.058058026466,0.069207187621,3
0.740000,-0.038142907759,0.003806741829,0.039336204975,0.054924582088,3
0.750000,-0.052239825703,0.049232788892,-0.002935119503,0.071843453550,3
0.760000,-0.005380032295,0.046145265772,-0.055081790755,0.072057851574,3
0.770000,0.030254749284,0.034629539286,-0.038640978558,0.060063966480,3
0.780000,0.067559913478,-0.013125245179,-0.023394115160,0.072690429868,3
0.790000,0.057702551099,-0.032983382410,0.019503243911,0.069266618523,3
0.800000,0.031705479790,-0.051669034749,0.049808022605,0.078458687960,3
0.810000,-0.014924865096,-0.036939778241,0.055352946746,0.068200055191,3
0.820000,-0.065166003227,-0.002688788677,0.047685466979,0.080794438683,3
0.830000,-0.043574768717,0.033510485084,-0.017453133074,0.057674300459,3
0.840000,-0.002004113186,0.057005978301,-0.048674893175,0.074986287129,3
0.850000,0.047328881370,0.028257985641,-0.058133141604,0.080112414250,3
0.860000,0.049521617017,-0.014636521576,-0.015733773312,0.053983052326,3
0.870000,0.040576430679,-0.044912906068,0.031260220725,0.068123544080,3
0.880000,-0.007133031040,-0.073815099586,0.050040318842,0.089462744026,3
0.890000,-0.055763776525,-0.015328608545,0.057216380760,0.081352807201,3
0.900000,-0.064576411155,0.032721518333,0.011553067246,0.073309508268,3
0.910000,-0.065724272272,0.064916499272,-0.032809333321,0.098032056983,3
0.920000,0.012986061282,0.045217945892,-0.053658860667,0.071362271169,3
0.930000,0.051511026745,0.002114823624,-0.049147424954,0.071227296276,3
0.940000,0.053759655069,-0.043617894071,0.007589485180,0.069643531513,3
0.950000,0.027040531965,-0.045571210669,0.040718602696,0.066827615671,3
0.960000,-0.028159267280,-0.059251632491,0.056764926927,0.086752274988,3
0.970000,-0.061955292974,-0.021593504926,0.026190035744,0.070644573428,3
0.980000,-0.074081459138,0.062714192344,-0.017315985790,0.098595009373,3
0.990000,-0.019030528182,0.069671663325,-0.059614316134,0.093649177047,3
1.000000,0.035815870767,0.055492969166,-0.074895037239,0.099857462559,3
1.010000,0.056900863785,-0.015778362245,-0.038180339609,0.070316451469,3
1.020000,0.053267757236,-0.051761844478,0.012393224363,0.075301623587,3
1.030000,0.015342309214,-0.053164256986,0.070544489981,0.089656844355,3
1.040000,-0.028464909287,-0.037453149224,0.071134228020,0.085282283292,3
1.050000,-0.045409227642,0.019784855333,0.074888783350,0.089787350598,3
1.060000,-0.028663119104,0.065205456631,-0.032860933025,0.078442124464,3
1.070000,0.004536613552,0.073389523287,-0.070178611004,0.101644677349,3
1.080000,0.057189748597,0.019727268102,-0.036560516159,0.070685951880,3
1.090000,0.079505359056,-0.028956129712,0.008155795040,0.085006332466,3
1.100000,0.037554669061,-0.075286190157,0.061609032595,0.104278648313,3
1.110000,0.031267985199,-0.050308802939,0.084157745846,0.102913501240,3
1.120000,-0.025180625829,-0.011077502710,0.045571150373,0.053230674707,3
1.130000,-0.068794200127,0.056915913982,0.015316331772,0.090590580385,3
1.140000,-0.036582704915,0.071447288599,-0.055854565065,0.097789272344,3
1.150000,0.040472183139,0.057059112561,-0.075554611219,0.102967175404,3
1.160000,0.065717201879,0.028098627611,-0.048130684976,0.086167548026,3
1.170000,0.065317584240,-0.050931661236,-0.003059341928,0.082884139015,3
1.180000,0.012564343525,-0.039049889450,0.049180649413,0.064042898677,3
1.190000,-0.044329066947,-0.061212680778,0.070590711127,0.103417150231,3
1.200000,-0.091327963359,-0.001137072203,0.039955742990,0.099692282662,3
1.210000,-0.079622532987,0.055921982083,-0.000397975867,0.097299405056,3
1.220000,-0.027197384851,0.060439024835,-0.040138605202,0.077483424636,3
1.230000,0.041333490142,0.026350929404,-0.084022239056,0.097275719189,3
1.240000,0.065881346680,0.000261002088,-0.060808173777,0.089655194833,3
1.250000,0.067262629982,-0.035577334273,0.033240163422,0.083035634341,3
1.260000,-0.004892624884,-0.059352554226,0.056771401977,0.082277916562,3
1.270000,-0.084696862656,-0.049126278221,0.082092920475,0.127774008890,3
1.280000,-0.077258579166,0.054852120630,0.023716433158,0.097673498935,3
1.290000,-0.080703079358,0.065751021523,-0.047155057097,0.114279408727,3
1.300000,-0.008691913744,0.067933290754,-0.069742322464,0.097746984096,3
1.310000,0.048953424440,0.023179845511,-0.058689038592,0.079863297285,3
1.320000,0.053579516840,-0.040076983981,-0.015991845376,0.068794392129,3
1.330000,0.024044147233,-0.064479660688,0.034335679184,0.076906999185,3
1.340000,-0.032695109353,-0.080269145923,0.062065218630,0.106602989294,3
1.350000,-0.060808620492,-0.027780753136,0.073549994071,0.099393461549,3
1.360000,-0.079796503842,0.061740444805,0.016181679646,0.102182245553,3
1.370000,-0.030528102238,0.081952735165,-0.064633437927,0.108746021194,3
1.380000,0.015754422924,0.071932362606,-0.090758721920,0.116874343790,3
1.390000,0.085504444888,-0.012887198775,-0.066881866686,0.109317309147,3
1.400000,0.054972476938,-0.060860202940,0.019335027810,0.084260197146,3
1.410000,0.049588676442,-0.074819059586,0.070110499959,0.113896491224,3
1.420000,-0.011584948954,-0.027647393946,0.057025265170,0.064424143781,3
1.430000,-0.045360522365,0.014844898431,0.083743528918,0.096389452921,3
1.440000,-0.080422236712,0.032719820593,-0.032598017689,0.092741326143,3
1.450000,-0.002583275812,0.071402847188,-0.075824000263,0.104184062680,3
1.460000,0.063077055995,0.048938660582,-0.076207553032,0.110368920588,3
1.470000,0.102608948755,-0.029211801116,0.008812995223,0.107049495906,3
1.480000,0.057285403471,-0.051821861140,0.050981720402,0.092554084502,3
1.490000,0.038025694577,-0.069009039133,0.067586474813,0.103808152415,3
1.500000,-0.037953232433,-0.015344222223,0.051930952007,0.066126521034,3
1.510000,-0.080450682595,0.041451687516,0.025298821193,0.093971192828,3
1.520000,-0.051518892793,0.084656435030,-0.020197717160,0.101137807397,3
1.530000,-0.013233825409,0.084285457795,-0.073785819943,0.112798580467,3
1.540000,0.065631972060,0.035363174824,-0.054927436546,0.092602014965,3
1.550000,0.067423164559,-0.017219010917,-0.011722804167,0.070567709285,3
1.560000,0.026962555589,-0.086022766428,0.037008419750,0.097450084044,3
1.570000,-0.007663749385,-0.061790016231,0.071900850725,0.095112940736,3
1.580000,-0.072419472257,-0.001790882168,0.070051506195,0.100772023604,3
1.590000,-0.086755947199,0.028614557685,0.025301452745,0.094792145228,3
1.600000,-0.057534024892,0.073714190284,-0.062351485087,0.112390629334,3
1.610000,0.009995276353,0.053357221105,-0.094104290194,0.108639385245,3
1.620000,0.044837426081,-0.014650287472,-0.050385778266,0.069019941699,3
1.630000,0.012547885506,-0.048693201712,0.001501143860,0.050306368946,3
1.640000,0.002631329833,-0.078241783979,0.049016526629,0.092365147863,3
1.650000,-0.028518329739,-0.032094913424,0.086114962511,0.096224556986,3
1.660000,-0.076914496074,0.008338693944,0.022349763070,0.080528786358,3
1.670000,-0.063829396068,0.075356828612,-0.012727799858,0.099573291148,3
1.680000,-0.029007363947,0.093449648740,-0.068129457833,0.119230394772,3
1.690000,0.040754060230,0.053237420323,-0.044206880453,0.080307936266,3
1.700000,0.067157254182,-0.001769209789,-0.048770104025,0.083016564245,3
1.710000,0.063344620009,-0.047275811707,0.020130525807,0.081564583772,3
1.720000,0.026175717992,-0.071252597111,0.068364395878,0.102155721481,3
1.730000,-0.025808392594,-0.029404939678,0.071812779082,0.081778963342,3
1.740000,-0.042300542402,0.016192924709,0.021180222680,0.050001485287,3
1.750000,-0.025370232907,0.058146447323,-0.043128369894,0.076711891801,3
1.760000,0.026398613324,0.073608177429,-0.053544252611,0.094773612137,3
1.770000,0.062155237908,0.016485877051,-0.059681212702,0.087732006082,3
1.780000,0.090368348295,-0.054895895649,-0.017211635004,0.107127205285,3
1.790000,0.039947076004,-0.077765916816,0.038522249103,0.095536748821,3
1.800000,-0.008712553369,-0.058639621969,0.066935195638,0.089413837105,3
1.810000,-0.040482180336,0.012317659133,0.046426258930,0.062816631313,3
1.820000,-0.036330617542,0.061563328325,0.001090700945,0.071492284857,3
1.830000,-0.007062143253,0.076049880114,-0.029164908004,0.081756039480,3
1.840000,0.034065155176,0.059281362453,-0.069005692001,0.097141650490,3
1.850000,0.071187524137,0.006603099528,-0.018271340808,0.073790964292,3
1.860000,0.042059854433,-0.039416312667,0.021613414862,0.061561487646,3
1.870000,0.053618825893,-0.056289245403,0.052599058942,0.093862232233,3
1.880000,-0.034596302966,-0.049588669210,0.056410902343,0.082692987587,3
1.890000,-0.074953800878,0.005999535753,0.027155801406,0.079946883900,3
1.900000,-0.067497433876,0.027142384002,-0.021981454924,0.075998664131,3
1.910000,-0.014700104196,0.059264244841,-0.056015316139,0.082861688506,3
1.920000,0.022271969836,0.019595038985,-0.048495368314,0.056848983642,3
1.930000,0.036451664258,-0.015281057141,-0.034302249197,0.052334298835,3
1.940000,0.046319055843,-0.056707937344,0.015228740372,0.074787429594,3
1.950000,-0.000705103013,-0.047257468633,0.052665321133,0.070762995711,3
1.960000,-0.062780979034,-0.022911144902,0.040938928308,0.078373259089,3
1.970000,-0.096010513259,0.005850345190,0.022525480100,0.098790902662,3
1.980000,-0.051738530113,0.062890689625,-0.040625188171,0.091008352659,3
1.990000,0.007548531460,0.043079706038,-0.065121267304,0.078445018037,3
2.000000,0.054145404564,0.005357885291,-0.042494523672,0.069037789017,3
2.010000,0.070757746262,-0.014265774823,0.004546096051,0.072324532329,3
2.020000,0.033800771549,-0.028921841392,0.036085037698,0.057280843329,3
2.030000,-0.025396739587,-0.044961202650,0.055867116204,0.076076532508,3
2.040000,-0.042304675662,-0.024131561397,0.030532379469,0.057482554174,3
2.050000,-0.059693717835,0.031879696255,0.010732078370,0.068518847688,3
2.060000,-0.011551957164,0.054901605733,-0.035052908333,0.066153914540,3
2.070000,0.033055674922,0.035438135452,-0.049462563425,0.069246546985,3
2.080000,0.047817993686,-0.006374369939,-0.018736426639,0.051751780601,3
2.090000,0.056032518341,-0.050147334590,0.004485283382,0.075329383677,3
2.100000,0.041640932570,-0.050566680650,0.039421573229,0.076452710175,3
2.110000,-0.000837857177,-0.026618747641,0.049416760146,0.056136226396,3
2.120000,-0.024317875481,0.019781121718,0.019436146516,0.036883812652,3
2.130000,-0.041964621799,0.045731153036,-0.042448085589,0.075194466624,3
2.140000,0.012672748986,0.052562826472,-0.047316887888,0.071849406212,3
2.150000,0.031754156599,0.031984280092,-0.039172428040,0.059714317821,3
2.160000,0.060875228370,-0.015039186452,-0.014001148556,0.064249534778,3
2.170000,0.042732667142,-0.050978155586,0.028328411966,0.072300429546,3
2.180000,0.003811992739,-0.058705582156,0.052386949314,0.078773530601,3
2.190000,-0.040872217291,-0.001811255811,0.051016773520,0.065395183112,3
2.200000,-0.053652184131,0.009704912145,0.004936918439,0.054745916244,3
2.210000,-0.035406375223,0.035370599139,-0.014725484164,0.052168290884,3
2.220000,-0.006048268215,0.022099627489,-0.046547737018,0.051881277018,3
2.230000,0.022752199751,0.008845310512,-0.032806703560,0.040892320918,3
2.240000,0.035348730337,-0.033972637256,-0.001213831125,0.049042289960,3
2.250000,-0.002660673293,-0.064474001902,0.025501798760,0.069385285498,3
2.260000,-0.012174166212,-0.047245797497,0.037566517340,0.061576123044,3
2.270000,-0.059512240390,0.006941330045,0.016740454145,0.062210381964,3
2.280000,-0.058058456976,0.027604220517,0.007677143553,0.064743462604,3
2.290000,-0.022351780971,0.032024633230,-0.046261825453,0.060542016322,3
2.300000,0.006780782410,0.017320399681,-0.044415990573,0.048153457547,3
2.310000,0.030900399637,-0.011255443340,-0.034348804940,0.047553760138,3
2.320000,0.050606219250,-0.022500276263,0.009268936471,0.056153050157,3
2.330000,-0.010717929429,-0.051579302305,0.039547300967,0.065873268109,3
2.340000,-0.032381647022,-0.006447495920,0.044292610794,0.055244697831,3
2.350000,-0.049913960543,-0.009538375856,0.013492229642,0.052577793143,3
2.360000,-0.032102517043,0.033017196506,-0.017751976750,0.049354225190,3
2.370000,-0.003865180592,0.043318248123,-0.044466364633,0.062198615942,3
2.380000,0.026706223829,0.018288002062,-0.050494353665,0.059977938967,3
2.390000,0.046500354290,-0.021339011999,-0.014150652235,0.053083682435,3
2.400000,0.035226749869,-0.018903650754,0.031500653683,0.050897574605,3
2.410000,0.010230470030,-0.044913891029,0.061153915030,0.076561879861,3
2.420000,-0.009647484424,0.004105064011,0.026473701579,0.028474240666,3
2.430000,-0.028494890819,0.022867034977,0.011067495633,0.038175247884,3
2.440000,-0.015392521973,0.032177628155,-0.029425229080,0.046240389193,3
2.450000,0.014232510615,0.027833102294,-0.045928725049,0.055558021260,3
2.460000,0.031009636311,0.001918387332,-0.026958745921,0.041134556467,3
2.470000,0.054640462500,-0.019045783109,0.003185922932,0.057952326109,3
2.480000,0.029417837210,-0.029358669621,0.026369682952,0.049220938705,3
2.490000,-0.003979277902,-0.023711791355,0.049584919731,0.055106696205,3
2.500000,-0.021795117569,-0.000179749504,0.014654518711,0.026264317588,3
2.510000,-0.030550672448,0.028557617328,0.001483029452,0.041845913430,3
2.520000,-0.005989999984,0.040963847362,-0.019740110184,0.045864897695,3
2.530000,0.009726666250,0.017593343970,-0.034303330320,0.039759932839,3
2.540000,0.034316879423,-0.011249892248,-0.015527990516,0.039310644594,3
2.550000,0.020407457289,-0.020999154121,0.009350215962,0.030738499074,3
2.560000,0.008867228324,-0.028165733864,0.033971234408,0.045010899452,3
2.570000,-0.021305807572,-0.018494556715,0.036020113899,0.045754067247,3
2.580000,-0.044129566099,0.015143252093,0.021999493057,0.051582113013,3
2.590000,-0.031379187567,0.028590789375,-0.021347845265,0.047516493420,3
2.600000,-0.011159934740,0.032221422539,-0.042340140243,0.054364066161,3
2.610000,0.017193645979,0.007759257334,-0.034676074161,0.039474772395,3
2.620000,0.025984238671,-0.017664412613,-0.003876764571,0.031658196977,3
2.630000,0.016315843754,-0.033215357007,0.029633804575,0.047409166541,3
2.640000,-0.000638895816,-0.028846078063,0.034213586878,0.044755713987,3
2.650000,-0.026014006275,-0.001177710693,0.020798926480,0.033327329141,3
2.660000,-0.046446505659,0.016416630563,0.009335361655,0.050139132663,3
2.670000,-0.021763648920,0.037834405227,-0.014721620991,0.046063269074,3
2.680000,-0.001939283705,0.025517784220,-0.031433097190,0.040533415002,3
2.690000,0.030979538608,-0.005031766042,-0.021032673841,0.037781263224,3
2.700000,0.031017035152,-0.025904253099,0.003605613643,0.040572000789,3
2.710000,0.025217129358,-0.032615273696,0.021459804076,0.046477767613,3
2.720000,-0.006579148154,-0.021140293510,0.034853691353,0.041291367149,3
2.730000,-0.031104808072,-0.008742617435,0.029351101096,0.043651226562,3
2.740000,-0.024961205127,0.019599225294,-0.002285934015,0.031818499145,3
2.750000,-0.010885295438,0.045759861213,-0.021458331876,0.051700237542,3
2.760000,0.021515573145,0.027695606409,-0.044453837217,0.056622523305,3
2.770000,0.047578793769,-0.009787934923,-0.014321844840,0.050642477489,3
2.780000,0.044069416426,-0.027791027364,0.012056343318,0.053477192150,3
2.790000,0.008513546903,-0.028248470665,0.036400670186,0.046855793300,3
2.800000,-0.010905041459,-0.016804169138,0.027227988601,0.033803304467,3
2.810000,-0.032080301602,0.015536446972,0.018915084675,0.040352290686,3
2.820000,-0.024366439453,0.027852606562,-0.004001414941,0.037222337184,3
2.830000,0.003905914713,0.032364906955,-0.041555571643,0.052816748352,3
2.840000,0.029230765557,0.019307846458,-0.023096962184,0.041960698898,3
2.850000,0.031406646864,-0.021298707716,-0.006344803299,0.038474263430,3
2.860000,0.024044661116,-0.028267112437,0.019260236798,0.041810669634,3
2.870000,-0.000764448801,-0.030273497190,0.031226333239,0.043498883912,3
2.880000,-0.035258201644,-0.001832443564,0.034407569357,0.049298878908,3
2.890000,-0.046540966853,0.013683182298,-0.000558162157,0.048513942516,3
2.900000,-0.023689318639,0.043849691459,-0.029669971726,0.058002469610,3
2.910000,0.001391266192,0.023681459109,-0.028391671370,0.036997758450,3
2.920000,0.021036332552,-0.005679279603,-0.030552081794,0.037526140302,3
2.930000,0.023499385100,-0.020351732558,0.011589810174,0.033177369065,3
2.940000,0.013621389838,-0.042070754689,0.016548251988,0.047215837439,3
2.950000,-0.018334177857,-0.013079383259,0.036426383334,0.042826320726,3
2.960000,-0.051959432054,0.011540959669,0.029392393879,0.060802048875,3
2.970000,-0.039870951464,0.022084577890,-0.013336514506,0.047489830179,3
2.980000,-0.027562635825,0.036674055082,-0.035735046374,0.058152203304,3
2.990000,0.007946849830,0.030640629213,-0.041368563178,0.052089908813,3
3.000000,0.041051869650,-0.012861454331,-0.022970308590,0.048767900159,3
3.010000,0.024020473682,-0.020290178747,0.006172725327,0.032043361988,3
3.020000,0.002189302580,-0.027535326615,0.036427543247,0.045716005563,3
3.030000,-0.015371301334,-0.015960162946,0.047852450050,0.052733866554,3
3.040000,-0.021543783837,0.013324020460,0.017514099918,0.030796230924,3
3.050000,-0.024118806005,0.043726424423,-0.040749972954,0.064453683306,3
3.060000,-0.002322535957,0.042396863300,-0.056028014750,0.070299549272,3
3.070000,0.018657807934,0.014723423172,-0.034341566234,0.041764053421,3
3.080000,0.048554652615,-0.013037979346,-0.009335587586,0.051134102041,3
3.090000,0.040158168476,-0.033542376678,0.040571578201,0.066210440916,3
3.100000,0.008012479358,-0.031121405050,0.040909252867,0.052022193801,3
3.110000,-0.023781928258,-0.007793951645,0.020036146967,0.032058898596,3
3.120000,-0.027071948368,0.023868619457,-0.002952936084,0.036212169429,3
3.130000,-0.013424261158,0.052910015127,-0.035262839838,0.064985755068,3
3.140000,0.033955340699,0.046147258076,-0.050945808892,0.076668181363,3
3.150000,0.053588121031,0.002623404612,-0.028049157253,0.060541920931,3
3.160000,0.044125183990,-0.036066113361,0.003703288351,0.057109637888,3
3.170000,0.014517270511,-0.039491457977,0.057062010753,0.070897104789,3
3.180000,-0.012239402084,-0.029840489036,0.047507425937,0.057421365958,3
3.190000,-0.044555929102,0.011757144210,0.016163333313,0.048833539723,3
3.200000,-0.044534381244,0.041738606940,-0.005973195428,0.061327819835,3
3.210000,-0.007005264248,0.055191535021,-0.054400466902,0.077811246387,3
3.220000,0.045797921835,0.027239076910,-0.058240377923,0.078938954743,3
3.230000,0.063739758443,0.001847257919,-0.027210304145,0.069329429680,3
3.240000,0.035611797719,-0.059648768123,0.013766025551,0.070821459565,3
3.250000,-0.014953868720,-0.064571283600,0.031679055649,0.073461768439,3
3.260000,-0.055514307009,-0.017954479280,0.051401821840,0.077758272212,3
3.270000,-0.051634669673,0.024780219576,0.016308397577,0.059549661846,3
3.280000,-0.041325794206,0.038767264594,-0.042155042608,0.070624143804,3
3.290000,0.003901534544,0.054095545391,-0.052719116817,0.075636335719,3
3.300000,0.006913630100,0.012297272621,-0.031350200802,0.034378136736,3
3.310000,0.055810666205,-0.029753940428,-0.019646498834,0.066227730972,3
3.320000,0.023363011288,-0.061985967815,0.030311107458,0.072848155349,3
3.330000,-0.011001396067,-0.044923952461,0.050295714592,0.068328991845,3
3.340000,-0.056107844239,-0.013599831842,0.052586225435,0.078091976008,3
3.350000,-0.060108687816,0.052633121834,-0.002872876194,0.079947190586,3
3.360000,-0.037032484943,0.044487988939,-0.050366829587,0.076729418241,3
3.370000,0.025846396243,0.044704012837,-0.047501842500,0.070163452049,3
3.380000,0.062661773199,-0.001369788578,-0.022096667258,0.066457782427,3
3.390000,0.059990296425,-0.054356713323,0.024084685634,0.084460405105,3
3.400000,0.028763338005,-0.048221716842,0.054481847922,0.078236406751,3
3.410000,-0.022852220013,-0.033141378761,0.076808455632,0.086718589716,3
3.420000,-0.045716133162,0.033470418024,0.043245646487,0.071277062609,3
3.430000,-0.052037975271,0.048135781490,-0.006094807173,0.071148794821,3
3.440000,-0.007386561830,0.096929947381,-0.062659083920,0.115655249741,3
3.450000,0.065813028798,0.053348743913,-0.061312296472,0.104578396122,3
3.460000,0.076343302958,-0.019117826517,-0.010027998502,0.079336951991,3
3.470000,0.056611415372,-0.060280600180,0.037276105238,0.090708936331,3
3.480000,0.017271852387,-0.062654678269,0.067347286654,0.093592641877,3
3.490000,-0.032594016381,0.015575392896,0.071025447781,0.079684233072,3
3.500000,-0.072652963684,0.034036062613,0.009527363197,0.080794042724,3
3.510000,-0.041764190398,0.062364322727,-0.037208836006,0.083773825422,3
3.520000,0.000510542646,0.055708102356,-0.088641199575,0.104694391368,3
3.530000,0.073904529898,0.014873474784,-0.040854765726,0.085745038772,3
3.540000,0.070546278075,-0.037393585005,-0.001013729778,0.079850392596,3
3.550000,0.023904157519,-0.058062247367,0.062404380710,0.088526493479,3
3.560000,-0.035413295390,-0.043961104424,0.057980996284,0.080922655188,3
3.570000,-0.028611057266,0.003414812444,0.040374386406,0.049601861049,3
3.580000,-0.072521898568,0.038013961154,-0.017336812824,0.083696189241,3
3.590000,-0.017639663701,0.074766486359,-0.074613814516,0.107090646345,3
3.600000,0.012886577642,0.050696962311,-0.053988474978,0.075173142154,3
3.610000,0.073944346648,-0.009935988902,-0.054164702389,0.092197100072,3
3.620000,0.011141120608,-0.065946435466,0.008587820926,0.067430019927,3
3.630000,-0.011447222927,-0.054278585796,0.058805757774,0.080841331855,3
3.640000,-0.041498758980,-0.049415664456,0.065704770869,0.092093277744,3
3.650000,-0.076846025006,-0.003731372806,0.051029592257,0.092321470894,3
3.660000,-0.082537285551,0.063549444323,-0.034513689931,0.109736640065,3
3.670000,-0.032141095640,0.066432969974,-0.049644122788,0.088943400294,3
3.680000,0.040506200349,0.027507489155,-0.052546573395,0.071823092400,3
3.690000,0.111151992115,-0.028891310332,-0.022805285554,0.117087805570,3
3.700000,0.064576034721,-0.064641238190,0.044518304347,0.101638739450,3
3.710000,-0.020138090705,-0.062744533858,0.077997590087,0.102107998147,3
3.720000,-0.070888064384,-0.017345149015,0.084446569908,0.111611805091,3
3.730000,-0.060016502625,0.039521224621,0.006243321763,0.072131039432,3
3.740000,-0.055824946432,0.070571194757,-0.060790823166,0.108592091585,3
3.750000,0.040070964901,0.057071252203,-0.051860422947,0.086904047802,3
3.760000,0.065196756984,0.029048630408,-0.043263423254,0.083463547981,3
3.770000,0.073384925134,-0.025534720008,-0.016913780820,0.079520092709,3
3.780000,0.059780676828,-0.060187125861,0.071760150968,0.111111379743,3
3.790000,0.005553055168,-0.057915730245,0.077269894698,0.096724892650,3
3.800000,-0.051123927299,-0.004684575611,0.059910633702,0.078897941809,3
3.810000,-0.049075236662,0.067290868791,-0.035292755009,0.090454510292,3
3.820000,-0.005734529036,0.094129556205,-0.048800085644,0.106182421019,3
3.830000,0.066762905255,0.029248265255,-0.075140583046,0.104684544031,3
3.840000,0.057685237432,-0.004718524606,-0.026711630622,0.063744508019,3
3.850000,0.055347586789,-0.044415915970,0.013582422593,0.072253796843,3
3.860000,0.018340063120,-0.054861644655,0.076068315821,0.095564358635,3
3.870000,-0.047001238246,-0.049224157944,0.058583962033,0.089800972876,3
3.880000,-0.093636934363,0.009129223272,0.009774460237,0.094587305001,3
3.890000,-0.066795681717,0.074196083961,-0.030620352645,0.104423790236,3
3.900000,-0.035344941604,0.050110157771,-0.060302494426,0.086003974575,3
3.910000,0.053221116036,0.041874566394,-0.071682113341,0.098611824219,3
3.920000,0.056005449864,-0.039011311334,-0.033857853874,0.076189547153,3
3.930000,0.031256778771,-0.058402269493,0.039243582272,0.076992662317,3
3.940000,-0.006296622949,-0.073267793728,0.077346778265,0.106725541303,3
3.950000,-0.075231998899,-0.032444486184,0.041664676424,0.091915415484,3
3.960000,-0.118383835341,-0.001932064573,-0.004123135428,0.118471370337,3
3.970000,-0.080453894328,0.061267042243,-0.061278512564,0.118243543924,3
3.980000,0.037697238037,0.062903323518,-0.058089739918,0.093553876183,3
3.990000,0.044650061962,0.012570257472,-0.068194563443,0.082475074352,3
4.000000,0.072061384966,-0.037451563711,0.012914616117,0.082232901792,3
4.010000,0.062298925646,-0.079637586282,0.046253164578,0.111187483644,3
4.020000,-0.022393089254,-0.059058861253,0.071888583653,0.095694137743,3
4.030000,-0.075431211045,-0.003474664806,0.055199964776,0.093535966379,3
4.040000,-0.054908647193,0.052765823904,-0.013209631064,0.077289624541,3
4.050000,-0.020235903356,0.078891203016,-0.065490891854,0.104510145985,3
4.060000,0.060248199862,0.028908010921,-0.079484428671,0.103842636153,3
4.070000,0.098159045004,-0.031186213419,-0.016228803284,0.104264817074,3
4.080000,0.088507975224,-0.057388034108,0.016254645756,0.106729853582,3
4.090000,0.040582722870,-0.061300347440,0.098352403020,0.122792040343,3
4.100000,-0.008913487969,-0.021339680602,0.054631542044,0.059324848269,3
4.110000,-0.061834503853,0.007959087737,0.046436272021,0.077737894900,3
4.120000,-0.038128485993,0.078241352901,-0.024210703650,0.090341844785,3
4.130000,0.001893983808,0.048215582867,-0.082801151785,0.095835068439,3
4.140000,0.086136452074,0.044058339076,-0.062785766004,0.115337236098,3
4.150000,0.068210652057,-0.032451153888,0.010366139870,0.076244523072,3
4.160000,0.052210404667,-0.097921547637,0.057399323309,0.124936936746,3
4.170000,-0.011296520985,-0.071431757597,0.103250115979,0.126058295361,3
4.180000,-0.042969489389,-0.015425417963,0.072686977102,0.085835407484,3
4.190000,-0.071583261448,0.055302674489,-0.009025995962,0.090906642927,3
4.200000,-0.031555901430,0.089905634807,-0.034196538881,0.101233400400,3
4.210000,0.041398979118,0.057050783560,-0.097607268433,0.120398696953,3
4.220000,0.069893553919,0.013143663739,-0.062649499718,0.094777764222,3
4.230000,0.081500386096,-0.043046991229,-0.007410067335,0.092467645615,3
4.240000,0.020482091400,-0.054050636988,0.047060006949,0.074536109913,3
4.250000,-0.055597787899,-0.059141428877,0.069083522598,0.106589660490,3
4.260000,-0.071610102112,0.000361778587,0.036753250456,0.080491856900,3
4.270000,-0.103028581822,0.055581417572,-0.030749755256,0.121036069417,3
4.280000,-0.032688939349,0.055083608654,-0.039408092046,0.075204843040,3
4.290000,0.024798160176,0.035009995496,-0.068808154406,0.081087672586,3
4.300000,0.045974047125,-0.022503726504,-0.042609758659,0.066600467330,3
4.310000,0.051430211883,-0.059603048666,0.028244643421,0.083638208892,3
4.320000,-0.014450259964,-0.077737418233,0.056006175262,0.096894828934,3
4.330000,-0.058224490922,-0.041162914092,0.037869520894,0.080737707748,3
4.340000,-0.071076759427,0.040391195157,0.007123785163,0.082061578658,3
4.350000,-0.052472856002,0.079863800296,-0.024330896736,0.098608416226,3
4.360000,-0.002393307930,0.064831815981,-0.067587763334,0.093685634111,3
4.370000,0.057662009298,0.021369341393,-0.077282553678,0.098763096199,3
4.380000,0.063675856774,-0.028571237833,-0.008337122208,0.070288249188,3
4.390000,0.051922084474,-0.075966193447,0.057771925221,0.108647875022,3
4.400000,-0.029757180661,-0.050033649014,0.058106151324,0.082250718272,3
4.410000,-0.062188760578,-0.015636884382,0.065647847796,0.091769243299,3
4.420000,-0.062300198903,0.044482696537,0.000777104950,0.076554744899,3
4.430000,-0.043442310272,0.069202841227,-0.045520285943,0.093532689408,3
4.440000,0.062014755367,0.059037307715,-0.043435760665,0.096009889542,3
4.450000,0.081879521537,0.010164912642,-0.020384325250,0.084988835808,3
4.460000,0.083152674889,-0.069338555218,-0.015404761310,0.109359541202,3
4.470000,0.033603028220,-0.065284190880,0.070564723955,0.101835992416,3
4.480000,0.005838982792,-0.040590898981,0.052206390979,0.066386911807,3
4.490000,-0.068317409905,-0.005580675560,0.038295287150,0.078517141146,3
4.500000,-0.035184524240,0.056271766263,-0.010480609619,0.067188582381,3
4.510000,-0.018196256678,0.054887306136,-0.056233929711,0.080659624241,3
4.520000,0.033924294159,0.049479234906,-0.062490998720,0.086626654917,3
4.530000,0.059776357744,-0.011775397767,-0.036924468004,0.071241064528,3
4.540000,0.057982479499,-0.065643434946,-0.000558879119,0.087586190842,3
4.550000,0.007768573068,-0.071129180681,0.060006304075,0.093383443932,3
4.560000,-0.036987820626,-0.011603817416,0.055399111885,0.067615154004,3
4.570000,-0.075762186478,0.018149427123,0.011518337290,0.078752667883,3
4.580000,-0.069320988135,0.057391429950,-0.029871265395,0.094823352208,3
4.590000,-0.002368561284,0.043538519177,-0.058755352661,0.073166961129,3
4.600000,0.033441491384,0.025764613013,-0.059441935835,0.072907423254,3
4.610000,0.060492526549,-0.032134706293,-0.005120282050,0.068689172401,3
4.620000,0.015990002386,-0.069918443930,0.031710948000,0.078420999744,3
4.630000,-0.027096501952,-0.063563969063,0.063011947282,0.093515261222,3
4.640000,-0.055069480801,0.000019789144,0.034139367591,0.064793090116,3
4.650000,-0.070199240868,0.003335854735,-0.013560492192,0.071574774143,3
4.660000,-0.028770164342,0.050500655637,-0.048345643072,0.075599866270,3
4.670000,0.003392222517,0.038271693357,-0.046926562509,0.060649253540,3
4.680000,0.042875864424,0.017012497507,-0.038924809700,0.060356487901,3
4.690000,0.039574276920,-0.029908893746,0.002885623505,0.049688953922,3
4.700000,0.040229806696,-0.049920282573,0.027074704299,0.069595341595,3
4.710000,-0.034372033915,-0.041752270250,0.057816600437,0.079167215895,3
4.720000,-0.045203839539,0.009544813822,0.021676207116,0.051032818214,3
4.730000,-0.038098370853,0.045921417816,-0.028581357596,0.066160082209,3
4.740000,-0.004662749007,0.041999704112,-0.043288894142,0.060494997560,3
4.750000,0.044590674524,0.013660690051,-0.041294337442,0.062290970549,3
4.760000,0.052177317488,0.006532305193,-0.012415125466,0.054030350838,3
4.770000,0.036630661797,-0.025975329733,0.035412391374,0.057188815351,3
4.780000,0.010196716884,-0.029362485940,0.035129042610,0.046906057716,3
4.790000,-0.016037250861,-0.006464516121,0.029729202112,0.034391988051,3
4.800000,-0.039977356587,0.009242117353,0.014286591642,0.043447813220,3
4.810000,-0.018967834520,0.038026325795,-0.027791904945,0.050775684932,3
4.820000,0.012488834984,0.036227941137,-0.046438552167,0.060207755693,3
4.830000,0.042458255618,0.014833180320,-0.039197227466,0.059658606668,3
4.840000,0.050932201995,-0.031442702229,-0.002028800871,0.059890306031,3
4.850000,0.010859861699,-0.040211700318,0.020908914171,0.046605795030,3
4.860000,-0.013929506410,-0.036541058889,0.036805149275,0.053701947327,3
4.870000,-0.038043764041,-0.009420177199,0.041836426745,0.057326733063,3
4.880000,-0.031874445298,0.028120704060,-0.000882718608,0.042515096755,3
4.890000,-0.036823207470,0.057420973942,-0.019814506013,0.071033312645,3
4.900000,0.001567406725,0.030491431963,-0.039338853196,0.049796883013,3
4.910000,0.023886491064,0.004765936913,-0.031298118105,0.039659183135,3
4.920000,0.020721977300,-0.033571946351,0.004564442204,0.039715362993,3
4.930000,0.002353901891,-0.041863498277,0.033737607829,0.053817464861,3
4.940000,-0.021875734386,-0.019980538141,0.028115090483,0.040843946579,3
4.950000,-0.052333419652,0.014113552822,0.024290280929,0.059396943805,3
4.960000,-0.036245328078,0.029915886437,-0.015057820587,0.049349995235,3
4.970000,-0.007733209662,0.027429842920,-0.041817815606,0.050605617439,3
4.980000,0.022770452951,0.032981422278,-0.044351474945,0.059777262173,3
4.990000,0.023495983540,-0.015888964905,-0.011690981449,0.030678974812,3
5.000000,0.017456144306,-0.028755271976,0.009939759172,0.035076793651,3
5.010000,-0.007155757793,-0.025429929179,0.029611386907,0.039682746908,3
5.020000,-0.025849313774,-0.008488643406,0.025408794438,0.037227018740,3
5.030000,-0.040643491717,0.013725160150,0.019465132217,0.047108012188,3
5.040000,-0.034689913612,0.041797771715,-0.022240765778,0.058694935805,3
5.050000,0.011646321120,0.024952293094,-0.031461663419,0.041810166124,3
5.060000,0.033076980528,0.010152377246,-0.027344165046,0.044100575582,3
5.070000,0.033039282018,-0.020618779918,0.005248099053,0.039297210909,3
5.080000,0.020815649369,-0.030826167822,0.025563494095,0.045133536440,3
5.090000,0.008661232744,-0.029362013097,0.043614070577,0.053285381842,3
5.100000,-0.027071701679,0.004080165053,0.027380943891,0.038720031857,3
5.110000,-0.028222375469,0.036146504763,0.000144753433,0.045859494516,3
5.120000,-0.009676855048,0.027039603077,-0.026613201727,0.039154107886,3
5.130000,0.021717348757,0.013438353073,-0.039528525160,0.047060990976,3
5.140000,0.035758127887,0.003178005787,-0.019138295323,0.040681909722,3
5.150000,0.037647646843,-0.029203188199,0.011504843875,0.049015639814,3
5.160000,0.017319566870,-0.029703701860,0.021892894627,0.040762435353,3
5.170000,-0.005523996679,-0.007357326426,0.037517938335,0.038629528710,3
5.180000,-0.029214106154,0.008608426602,0.021314514603,0.037173613487,3
5.190000,-0.027184052815,0.027984759948,0.001199611897,0.039032788595,3
5.200000,-0.017279737732,0.029829084920,-0.040927031303,0.053510611420,3
5.210000,0.023231424235,0.006571321088,-0.037821414638,0.044870265634,3
5.220000,0.033424082869,-0.005173331435,-0.010712112291,0.035477908950,3
5.230000,0.020614118089,-0.027457088646,0.017672650230,0.038615491032,3
5.240000,-0.014597121192,-0.024931564153,0.034556058289,0.045041980448,3
5.250000,-0.025838956318,-0.013563296570,0.021901671755,0.036486955246,3
5.260000,-0.051138525544,0.010621448999,-0.010828675541,0.053340642925,3
5.270000,-0.028760230581,0.030063717400,-0.012423965581,0.043420420170,3
5.280000,-0.003145867732,0.028414076267,-0.024538325377,0.037674734587,3
5.290000,0.017458736887,0.001337359541,-0.020992189417,0.027336203846,3
5.300000,0.021547237145,-0.017025599380,-0.004236914928,0.027786793822,3
5.310000,0.022688939523,-0.037595127733,0.019191080741,0.047921594151,3
5.320000,-0.007831680426,-0.018353700984,0.035031545827,0.040316284069,3
5.330000,-0.027527892721,-0.002328795864,0.006370829698,0.028351289898,3
5.340000,-0.032014112064,0.017171161239,0.001477891585,0.036358442116,3
5.350000,-0.011456385088,0.035332539682,-0.023282477231,0.043837322748,3
5.360000,0.013608412404,0.027616371832,-0.035063050815,0.046661230307,3
5.370000,0.035676660362,-0.004605962578,-0.011718218354,0.037833260860,3
5.380000,0.035179893387,-0.019288279444,0.008147024000,0.040939426263,3
5.390000,0.015032297348,-0.029712906943,0.027601861477,0.043251468871,3
5.400000,-0.024999198349,-0.015154731738,0.039774421554,0.049362236802,3
5.410000,-0.017536661637,0.003480553463,0.016151536041,0.024094000711,3
5.420000,-0.021562636883,0.025603809970,-0.013514347411,0.036099030185,3
5.430000,0.010373309694,0.022723940400,-0.033267306993,0.041601643427,3
5.440000,0.037311103253,0.017008880339,-0.037419137058,0.055512271206,3
5.450000,0.041509027844,-0.013572786510,-0.000045782280,0.043671753139,3
5.460000,0.034538370445,-0.030238609912,0.013792166945,0.047932206620,3
5.470000,0.013768601959,-0.016465851107,0.031924959916,0.038469490746,3
5.480000,-0.019964187803,-0.010732084440,0.029484730972,0.037189995853,3
5.490000,-0.037223487783,0.018440567781,-0.001403308219,0.041564550482,3
5.500000,-0.016399333881,0.025376461307,-0.024386359216,0.038827792315,3
5.510000,0.018615745135,0.033302604203,-0.048764800963,0.061916195188,3
5.520000,0.030251475145,0.008815747141,-0.026996609754,0.041493205279,3
5.530000,0.031460089439,-0.019045014863,0.003637471365,0.036955121656,3
5.540000,0.010170441394,-0.027747008319,0.023104995398,0.037512333454,3
5.550000,-0.010060418106,-0.025474755097,0.032811773606,0.042740936430,3
5.560000,-0.041056397186,0.001025819017,0.007081337137,0.041675237134,3
5.570000,-0.042613512132,0.020066805537,-0.006860987522,0.047598962704,3
5.580000,-0.015199502956,0.037742004496,-0.026706450149,0.048669479893,3
5.590000,0.017023863288,0.014435608116,-0.032615970089,0.039522148320,3
5.600000,0.025546888533,-0.007656476666,-0.019105970176,0.032807060902,3
5.610000,0.024645739008,-0.021783811599,0.008709145090,0.034026403090,3
5.620000,0.003310727480,-0.037060532765,0.044393184265,0.057924078020,3
5.630000,-0.041043850376,-0.021760457575,0.032402916598,0.056639775526,3
5.640000,-0.042317195362,0.013816594242,0.017977366219,0.048008634597,3
5.650000,-0.033044053817,0.031519257029,-0.029866755427,0.054565521496,3
5.660000,-0.002252169278,0.032081687564,-0.037682758767,0.049540864463,3
5.670000,0.028237236914,0.016494826899,-0.045518404017,0.056047711525,3
5.680000,0.038147757242,-0.014932677475,-0.023739132369,0.047347467142,3
5.690000,0.026489552707,-0.036319959595,0.027416349478,0.052654459320,3
5.700000,0.001626977898,-0.038168917403,0.053997029877,0.066145238289,3
5.710000,-0.024184840237,-0.002430593699,0.043884569589,0.050166420353,3
5.720000,-0.039312524051,0.027072096730,-0.002161122686,0.047781203626,3
5.730000,-0.020227894914,0.043285790714,-0.037009966216,0.060436454311,3
5.740000,0.033079844390,0.043003292327,-0.049985766315,0.073770834955,3
5.750000,0.056362361803,0.015448723921,-0.024199181400,0.063253294611,3
5.760000,0.067971102877,-0.027118963927,-0.004550081393,0.073322658650,3
5.770000,0.034135206015,-0.045912782200,0.043747138168,0.072020885561,3
5.780000,-0.017737973050,-0.029503242377,0.056901155187,0.066504274000,3
5.790000,-0.033779389368,0.013551157271,0.016061112090,0.039782412333,3
5.800000,-0.014852750564,0.038391055924,-0.016679730792,0.044414983886,3
5.810000,0.000426983194,0.049728803282,-0.051086895011,0.071295210445,3
5.820000,0.021437410580,0.029978697247,-0.048864029831,0.061204397492,3
5.830000,0.064567389272,-0.016857890535,-0.020313872649,0.069755212369,3
5.840000,0.038355147618,-0.040025130324,0.015568712035,0.057580493231,3
5.850000,0.012508964950,-0.019287901098,0.050609549055,0.055586183431,3
5.860000,-0.019783378727,-0.024764514045,0.056587741573,0.064860124314,3
5.870000,-0.059565408362,0.019443739393,0.010811699279,0.063584508461,3
5.880000,-0.038579458738,0.041499616542,-0.020527250690,0.060265751722,3
5.890000,-0.002979007617,0.052582283324,-0.063562309876,0.082546582259,3
5.900000,0.033321599955,0.024275065316,-0.033348464408,0.053025728642,3
5.910000,0.044787941902,-0.017539264295,-0.014304859164,0.050181814709,3
5.920000,0.017889480336,-0.060962369089,0.022024486890,0.067242263305,3
5.930000,-0.013984136972,-0.026475460005,0.045055632620,0.054097283667,3
5.940000,-0.044720590751,-0.005919358013,0.039448765130,0.059926414098,3
5.950000,-0.067505811092,0.012098730951,-0.014478570398,0.070093101105,3
5.960000,-0.046078304672,0.044844189439,-0.033284483663,0.072402129392,3
5.970000,0.023571546871,0.025049759173,-0.051426233275,0.061868939909,3
5.980000,0.031704513317,-0.002838011482,-0.035249511306,0.047494826257,3
5.990000,0.054198592453,-0.051882293072,-0.009225468902,0.075593445713,3
6.000000,0.013335717338,-0.054734015602,0.044906122264,0.072043137339,3
6.010000,-0.035243021287,-0.021187781469,0.043206705101,0.059647397250,3
6.020000,-0.079662788434,-0.010283048680,0.028325017103,0.085171635802,3
6.030000,-0.044940988877,0.050210619127,-0.006977863733,0.067745769880,3
6.040000,0.002816797460,0.049080506951,-0.049398169703,0.069692249788,3
6.050000,0.054536691941,0.019120121075,-0.049552241399,0.076126568460,3
6.060000,0.084986184610,-0.030905535207,-0.020834323553,0.092800176287,3
6.070000,0.040373988983,-0.036973812151,0.012032948873,0.056052775399,3
6.080000,0.019582187274,-0.043837396183,0.045354613635,0.066047106981,3
6.090000,-0.009655501043,-0.022468208346,0.073458590542,0.077422306935,3
6.100000,-0.052339884080,0.026130363128,0.028344479526,0.065005144891,3
6.110000,-0.026808850841,0.062259997208,-0.011378605150,0.068734957561,3
6.120000,0.004936324353,0.034758092911,-0.058169660704,0.067942635711,3
6.130000,0.069698014441,0.027613096534,-0.063984270141,0.098561063015,3
6.140000,0.089787412773,-0.051109122842,0.001224239299,0.103321927450,3
6.150000,0.035967471549,-0.063263724130,0.036825597407,0.081560299318,3
6.160000,-0.010813381587,-0.057738492702,0.049529126030,0.076836170429,3
6.170000,-0.062921992002,-0.005390270184,0.058367324913,0.085994050420,3
6.180000,-0.058462733288,0.055228763730,-0.006332796270,0.080673489049,3
6.190000,-0.027023672226,0.058509925382,-0.046316825448,0.079365852533,3
6.200000,0.024814868837,0.054050246472,-0.068397460752,0.090638951320,3
6.210000,0.052802278085,0.015576016122,-0.038918080366,0.067418912988,3
6.220000,0.037304079446,-0.055829368013,-0.004282516157,0.067281889248,3
6.230000,0.029639513770,-0.055662651245,0.070633093638,0.094688253955,3
6.240000,-0.040723250589,-0.045247507111,0.074572181224,0.096263857448,3
6.250000,-0.082892773653,0.023928724965,0.044665815097,0.097153645534,3
6.260000,-0.083158723691,0.045535015358,-0.018903258985,0.096675457847,3
6.270000,-0.030285905513,0.050636896777,-0.050736363688,0.077817157415,3
6.280000,0.038882711682,0.032679004014,-0.058834087615,0.077725365464,3
6.290000,0.049531849062,-0.034132389224,-0.036837243445,0.070536561939,3
6.300000,0.045451561340,-0.070433198231,0.014983109211,0.085153822011,3
6.310000,-0.011746768650,-0.055090051788,0.080135615602,0.097952117219,3
6.320000,-0.045081520131,-0.039296657177,0.044926470707,0.074799455163,3
6.330000,-0.073106882017,0.019380095121,0.029825589569,0.081300492485,3
6.340000,-0.067384016171,0.086604619492,-0.028576781707,0.113391349782,3
6.350000,0.007528837118,0.074456975597,-0.049452844849,0.089700102938,3
6.360000,0.050829372781,0.016124044196,-0.063761596992,0.083121304065,3
6.370000,0.064469509474,-0.028706566188,-0.008311501145,0.071059592213,3
6.380000,0.058449548767,-0.067424205978,0.034168069938,0.095550145506,3
6.390000,-0.018463684822,-0.050058887522,0.065035816256,0.084121681350,3
6.400000,-0.044834546085,-0.000765308562,0.042543197657,0.061811373441,3
6.410000,-0.076913667402,0.050711341411,-0.010111906208,0.092680111287,3
6.420000,-0.015929675785,0.073296602787,-0.018470890300,0.077248432600,3
6.430000,0.034439380167,0.052304946999,-0.058622075283,0.085781268919,3
6.440000,0.086105559185,-0.015625450055,-0.045326295002,0.098553513538,3
6.450000,0.086855099249,-0.038665184462,0.020951206029,0.097353776450,3
6.460000,0.004690333303,-0.059030992233,0.061818744968,0.085604991092,3
6.470000,-0.021433173365,-0.025962442625,0.058002879518,0.067065366472,3
6.480000,-0.047851752505,0.013819379541,0.044972842158,0.067106795486,3
6.490000,-0.067790350048,0.072896299268,-0.030680516918,0.104166674732,3
6.500000,-0.004519893820,0.061763480651,-0.072820511764,0.095592802636,3
6.510000,0.053613787485,0.029905911202,-0.072866687143,0.095280406320,3
6.520000,0.086679443319,-0.056609179548,-0.009850099534,0.103994949704,3
6.530000,0.055847090798,-0.056051770823,0.023390573244,0.082509499330,3
6.540000,0.010033716371,-0.085374588187,0.039766113338,0.094714516007,3
6.550000,-0.039524061614,-0.019203287368,0.049209579115,0.065973482316,3
6.560000,-0.064664675356,0.025467867192,0.010965492307,0.070358897943,3
6.570000,-0.053578286462,0.080415813675,-0.051926457158,0.109698189694,3
6.580000,-0.012392651496,0.065259297498,-0.085762851882,0.108478663727,3
6.590000,0.062386163322,0.005156679876,-0.047323526777,0.078473823075,3
6.600000,0.034479819637,-0.034977305919,0.007064385648,0.049620312737,3
6.610000,0.041700573968,-0.099579884953,0.033178054648,0.112941908372,3
6.620000,-0.061088688323,-0.050541200792,0.087040666812,0.117738347609,3
6.630000,-0.065841946457,-0.001734710594,0.053533390499,0.084876351432,3
6.640000,-0.090956617596,0.031259768638,0.011398401991,0.096851448042,3
6.650000,-0.025901050419,0.039881306144,-0.038688129319,0.061303787344,3
6.660000,-0.002120817988,0.044855086321,-0.098004525646,0.107802428938,3
6.670000,0.053791924409,-0.021590863547,-0.028323762690,0.064513347869,3
6.680000,0.057961200426,-0.051117580433,0.046593672750,0.090241221869,3
6.690000,-0.011617203838,-0.068588727771,0.050527637159,0.085979155143,3
6.700000,-0.024264210003,-0.043953250320,0.089658661028,0.102758530536,3
6.710000,-0.084725475316,0.000758861415,0.034808639840,0.091600346319,3
6.720000,-0.053018653207,0.054764464111,-0.022056375876,0.079351167817,3
6.730000,-0.028280380763,0.080221153274,-0.079573135420,0.116477883091,3
6.740000,0.067651089832,0.034565696262,-0.055294372176,0.093962358995,3
6.750000,0.093347760701,-0.004526125751,-0.000776744788,0.093460652548,3
6.760000,0.050113522796,-0.075649678628,0.045931367311,0.101705110720,3
6.770000,0.015956900800,-0.042568099078,0.058820813693,0.074340795434,3
6.780000,-0.042776453985,0.005439605109,0.060946801710,0.074658736648,3
6.790000,-0.065427452262,0.027686933643,0.015193459092,0.072650939452,3
6.800000,-0.023557725159,0.053567769143,-0.050740166597,0.077453449322,3
6.810000,0.036787128727,0.075221151140,-0.065527263300,0.106326556675,3
6.820000,0.079218753389,-0.007865763115,-0.044906077354,0.091400420684,3
6.830000,0.070822541884,-0.040287629459,0.017210189715,0.083277344797,3
6.840000,0.023610133770,-0.067481313296,0.076407641831,0.104638873231,3
6.850000,-0.042452906938,-0.064241540165,0.061556683028,0.098582199284,3
6.860000,-0.064671367483,-0.000404380753,0.052247540558,0.083140572468,3
6.870000,-0.081052016688,0.064330338528,0.002131823643,0.103500562976,3
6.880000,-0.013148663385,0.092695731299,-0.048660081425,0.105513930238,3
6.890000,0.043457104889,0.033211056574,-0.049240240558,0.073594127037,3
6.900000,0.048750032217,-0.021562222778,-0.037818619969,0.065358573337,3
6.910000,0.063202169663,-0.045959597323,-0.005394853775,0.078332006763,3
6.920000,-0.006704037131,-0.046627426540,0.066143360266,0.081203479771,3
6.930000,-0.077642430057,-0.018110281043,0.050752993424,0.094510293440,3
6.940000,-0.073579173387,0.018124542724,0.030306234381,0.081614102014,3
6.950000,-0.061173059355,0.052437134889,-0.025618231690,0.084546378404,3
6.960000,-0.010888700770,0.050562984550,-0.085224417340,0.099691426522,3
6.970000,0.032366808358,0.005778660896,-0.059647496260,0.068108934914,3
6.980000,0.040366619903,-0.031137102800,-0.034948522218,0.061809241852,3
6.990000,0.034738026434,-0.055607500713,0.028683277424,0.071565739148,3
7.000000,-0.018497629173,-0.056877427675,0.071521080268,0.093233411322,3
7.010000,-0.045630192144,-0.018680256303,0.068823929596,0.084662859010,3
7.020000,-0.060245753025,0.027540603879,-0.005641142221,0.066482013396,3
7.030000,-0.016692232132,0.058119212928,-0.043301206011,0.074373839265,3
7.040000,0.003183078430,0.049892645713,-0.044773479250,0.067112387297,3
7.050000,0.050376266397,0.019217862021,-0.036210934998,0.064948643174,3
7.060000,0.062360600900,-0.050010893520,0.026029103895,0.084068116815,3
7.070000,0.029948258232,-0.063875265038,0.037386228145,0.079841578828,3
7.080000,-0.025737516012,-0.043272586961,0.044339157155,0.067088727593,3
7.090000,-0.029612776920,-0.015657975126,0.056642706688,0.065806420377,3
7.100000,-0.025027893630,0.046493158513,-0.008025635669,0.053408052538,3
7.110000,0.007981180226,0.049406899388,-0.015122729094,0.052282290311,3
7.120000,0.032592278953,0.035243062920,-0.033351484655,0.058452131355,3
7.130000,0.061792263218,0.003982982727,-0.018218495569,0.064545034866,3
7.140000,0.066157148331,-0.033264121864,0.026506759657,0.078650355283,3
7.150000,0.021777171774,-0.045210599052,0.050210468912,0.070988271324,3
7.160000,-0.036830657522,-0.017966650782,0.051795827570,0.066046238556,3
7.170000,-0.052170471346,0.026491981125,0.017611153273,0.061104303154,3
7.180000,-0.032146368101,0.044371927492,-0.011334222800,0.055952851026,3
7.190000,-0.008493061460,0.058939575114,-0.038893770800,0.071124756693,3
7.200000,0.030386491177,0.010154882478,-0.042775949743,0.053443824345,3
7.210000,0.044553587741,-0.024570598524,0.000503233980,0.050882116080,3
7.220000,0.020224846429,-0.040558656273,0.033126879748,0.056137680515,3
7.230000,-0.011253433217,-0.045396301345,0.034115095821,0.057890445653,3
7.240000,-0.050413679944,0.003051210140,0.023594512378,0.055745403606,3
7.250000,-0.048871246929,0.023528776422,-0.001717558763,0.054267412914,3
7.260000,-0.035778297600,0.052276477779,-0.030702779790,0.070395862059,3
7.270000,0.007831536272,0.032450110037,-0.040503062675,0.052486576263,3
7.280000,0.036491218283,0.001227849736,-0.037411789404,0.052275793759,3
7.290000,0.031985686077,-0.030430051920,0.012296463653,0.045828759442,3
7.300000,0.012179460337,-0.044598632577,0.029923523980,0.055070814132,3
7.310000,-0.031230497384,-0.039698492906,0.039081338677,0.063864429369,3
7.320000,-0.053401875595,0.007643271244,0.028246320362,0.060893632888,3
7.330000,-0.035510986631,0.030909619034,0.000193025176,0.047079422035,3
7.340000,-0.014519194084,0.045830067086,-0.035912870314,0.060007801994,3
7.350000,0.016161132173,0.018646575094,-0.033944337009,0.041965402070,3
7.360000,0.040223574486,-0.018342794179,-0.024571009248,0.050577945175,3
7.370000,0.039858137711,-0.024528945093,0.006512567657,0.047252024577,3
7.380000,0.003718480962,-0.031050688382,0.027273971919,0.041495082768,3
7.390000,-0.025865213768,-0.017976329674,0.037377698097,0.048879955266,3
7.400000,-0.017307811137,0.012454889016,0.006252648335,0.022221165540,3
7.410000,-0.023397744716,0.046487242973,-0.018266659391,0.055156042845,3
7.420000,0.008208336653,0.032871812754,-0.043119198810,0.054837926386,3
7.430000,0.026470619069,0.011965550040,-0.034532220662,0.045125849860,3
7.440000,0.044149448263,-0.023059493536,0.002380236550,0.049865614907,3
7.450000,0.021998509094,-0.034976099809,0.020459198283,0.046106840648,3
7.460000,-0.004386442543,-0.028751332161,0.022727896592,0.036911207820,3
7.470000,-0.012204626902,-0.005836220285,0.032713080744,0.035400000520,3
7.480000,-0.037525969829,0.031125223623,0.001427970556,0.048775168448,3
7.490000,-0.003851142607,0.037741958393,-0.031014480422,0.049001884847,3
7.500000,0.018671442061,0.020463365224,-0.030905188769,0.041503045163,3
7.510000,0.033052854000,0.006460625567,-0.011275702704,0.035515803690,3
7.520000,0.034661863488,-0.017776766473,0.009064398406,0.039995268785,3
7.530000,0.015852847335,-0.023472889588,0.029082239463,0.040596378735,3
7.540000,-0.023664004886,-0.021030001243,0.027056753672,0.041645095735,3
7.550000,-0.023511013370,0.006087897774,0.003853258581,0.024590198265,3
7.560000,-0.044554839298,0.018988273482,-0.011433326247,0.049763532670,3
7.570000,-0.008556498418,0.028490857815,-0.017932639796,0.034735028635,3
7.580000,0.019052880307,0.012327112401,-0.026365287691,0.034786467816,3
7.590000,0.017864170540,-0.003025910658,-0.006679431788,0.019310606759,3
7.600000,0.015388070752,-0.035078918131,0.004433585872,0.038561378378,3
7.610000,-0.011428569926,-0.019795029533,0.023177944273,0.032552611346,3
7.620000,-0.022952847358,-0.017336297329,0.026781520772,0.039301784460,3
7.630000,-0.032512224054,0.016202705988,-0.000785548602,0.036334411800,3
7.640000,-0.021594344242,0.025720752500,-0.015236042093,0.036878310578,3
7.650000,-0.002599732623,0.018497595456,-0.026221843697,0.032194793589,3
7.660000,0.022904899473,0.010485037928,-0.021861423025,0.033354044086,3
7.670000,0.021025129182,-0.023206650073,-0.001274124341,0.031340517825,3
7.680000,0.012996203651,-0.027111978761,0.011683535870,0.032256250744,3
7.690000,-0.006519082792,-0.015145927370,0.022804821569,0.028141738453,3
7.700000,-0.018028863249,0.000747344837,0.011551801313,0.021425278246,3
7.710000,-0.015513268152,0.017803307826,0.002173919526,0.023713818427,3
7.720000,-0.009425378105,0.013998797054,-0.026641986034,0.031537271462,3
7.730000,0.010228008799,0.022688499932,-0.029676782257,0.038731015973,3
7.740000,0.022947178119,0.003738977581,-0.013231815233,0.026751334010,3
7.750000,0.025820789591,-0.006612037190,0.004824670332,0.027087075418,3
7.760000,0.015891753289,-0.021972894721,0.022648616932,0.035331512477,3
7.770000,-0.011765483284,-0.020544767731,0.021123658644,0.031728899012,3
7.780000,-0.021190306519,0.003450443862,0.019959580774,0.029314152177,3
7.790000,-0.016016778740,0.025956100738,-0.004812995298,0.030877520795,3
7.800000,-0.002612124768,0.019457301882,-0.010123317426,0.022088262676,3
7.810000,0.018757056024,0.008813630361,-0.018210211106,0.027588385588,3
7.820000,0.025827172351,-0.007087716990,-0.006115509885,0.027471403767,3
7.830000,0.018271519183,-0.021285026032,0.011786641186,0.030427383339,3
7.840000,0.001535747841,-0.017879328707,0.021212038035,0.027784518604,3
7.850000,-0.012755952575,-0.004830351962,0.012857104423,0.018744379433,3
7.860000,-0.021611864039,0.006221230868,0.008379178799,0.023999729542,3
7.870000,-0.021063570812,0.020823498884,-0.010032943362,0.031272225274,3
7.880000,-0.002522415613,0.017589595256,-0.022243638865,0.028469912394,3
7.890000,0.021085340968,-0.000291030124,-0.022777851090,0.031040405966,3
7.900000,0.016893540946,-0.008676931315,-0.005430202086,0.019752669628,3
7.910000,0.004934093262,-0.028355089909,0.014713895950,0.032324219002,3
7.920000,-0.019777175928,-0.012764331244,0.018595451814,0.029997594370,3
7.930000,-0.032739160902,-0.000302385615,0.013446257352,0.035394151076,3
7.940000,-0.017751590318,0.020113371732,-0.004511662927,0.027203341406,3
7.950000,-0.015118864500,0.018557381779,-0.021169269843,0.031954568812,3
7.960000,0.005203363276,0.021921504792,-0.022306689740,0.031705137894,3
7.970000,0.022412274513,0.001915171471,-0.011996673739,0.025493099290,3
7.980000,0.013005079615,-0.013870535643,0.003602761726,0.019352099288,3
7.990000,0.007356292755,-0.027841102326,0.022485842893,0.036535669590,3
8.000000,-0.011086255853,-0.010943385737,0.020677436946,0.025888591288,3
8.010000,-0.022609139593,0.003375097887,0.018873253477,0.029643956815,3
8.020000,-0.039036237559,0.024123371063,-0.003272733382,0.046005169905,3
8.030000,-0.002223807122,0.023669235951,-0.016115715631,0.028720973851,3
8.040000,0.017098367846,0.006927145619,-0.013996073113,0.023156631707,3
8.050000,0.022810729715,-0.006792465237,-0.018240961345,0.029986657782,3
8.060000,0.024948509367,-0.018966011718,0.013249820688,0.034024924223,3
8.070000,0.000530619455,-0.021546064598,0.024460270136,0.032600909064,3
8.080000,-0.016729646479,-0.011440934630,0.017331389481,0.026667454282,3
8.090000,-0.029130523209,0.008055915186,0.011766785973,0.032433661588,3
8.100000,-0.011887321850,0.033002219384,-0.015398759466,0.038308963678,3
8.110000,0.007758039810,0.019962186767,-0.028088526773,0.035321967930,3
8.120000,0.030536865158,0.008825765424,-0.014072799911,0.034762594356,3
8.130000,0.037168377555,-0.002730670274,0.002496772780,0.037352091301,3
8.140000,0.019878700467,-0.026306357399,0.027206270155,0.042747728684,3
8.150000,0.000069972247,-0.017721121940,0.027301865964,0.032548962258,3
8.160000,-0.006662704910,0.005127899969,0.009948341541,0.013025225304,3
8.170000,-0.022117013028,0.019440572156,-0.006317225729,0.030116531206,3
8.180000,-0.006066550157,0.031455010312,-0.018577295117,0.037031562192,3
8.190000,0.007785554079,0.029386519030,-0.028441020230,0.041630205197,3
8.200000,0.020866664157,-0.002610861973,-0.020096835795,0.029088091760,3
8.210000,0.025473293758,-0.026859615723,0.006444637927,0.037574738983,3
8.220000,0.007285749939,-0.024466302874,0.023317579205,0.034574436055,3
8.230000,-0.031313875217,-0.011742416559,0.024318200665,0.041349945724,3
8.240000,-0.026083878130,0.007067470551,-0.000015047973,0.027024397583,3
8.250000,-0.026123196110,0.039122475394,-0.010418945697,0.048182402238,3
8.260000,-0.019268428936,0.023078605646,-0.030740098821,0.042998233309,3
8.270000,0.004958243541,0.013358147137,-0.036217263122,0.038919332240,3
8.280000,0.031391011737,-0.015068277069,-0.013223575626,0.037246631312,3
8.290000,0.009497448109,-0.036771227134,0.010105240892,0.039299370974,3
8.300000,-0.016851579670,-0.040514211096,0.045741832408,0.063385268557,3
8.310000,-0.039053699139,-0.006286683467,0.013749437932,0.041877927944,3
8.320000,-0.031406761629,0.013107432437,-0.003626178132,0.034224824746,3
8.330000,-0.036440279553,0.038328893482,-0.029200814929,0.060412628167,3
8.340000,0.000547494818,0.027104937171,-0.032423264084,0.042263996776,3
8.350000,0.016961802193,0.003699178593,-0.022647193884,0.028535627673,3
8.360000,0.030462128507,-0.032421890915,-0.001497156758,0.044512489955,3
8.370000,0.022946536051,-0.040528845020,0.036726775075,0.059312619254,3
8.380000,-0.006695472035,-0.026578285868,0.052490239490,0.059215368505,3
8.390000,-0.042562247119,0.021704894587,0.023288433870,0.053150714773,3
8.400000,-0.029650571631,0.038174902564,-0.010881321271,0.049546773219,3
8.410000,-0.005769038761,0.039138322562,-0.029249921492,0.049200081387,3
8.420000,0.034680538520,0.017919694588,-0.032549524615,0.050826437597,3
8.430000,0.047273228000,-0.008856632428,-0.024457188074,0.053956946467,3
8.440000,0.038220854030,-0.028831722167,0.008120940863,0.048559773130,3
8.450000,0.013699390864,-0.032870259487,0.045464939387,0.057751086416,3
8.460000,-0.002438103157,-0.014728286668,0.041541369165,0.044142407357,3
8.470000,-0.035071681000,0.026045449842,0.008212510199,0.044450349710,3
8.480000,-0.024127039269,0.035076972744,-0.020590572926,0.047291434047,3
8.490000,-0.001783626152,0.044549980252,-0.042911669166,0.061881284839,3
8.500000,0.035810888183,0.013059117598,-0.046749394402,0.060319699451,3
8.510000,0.041809869143,-0.018539887297,0.005725422718,0.046093091067,3
8.520000,0.030246358198,-0.041662661193,0.032610154368,0.060942937982,3
8.530000,-0.006930645063,-0.037432281630,0.052645799169,0.064967605152,3
8.540000,-0.046422820028,-0.006606939278,0.045149736676,0.065093998094,3
8.550000,-0.051703650254,0.022104057848,0.013478304228,0.057823191782,3
8.560000,-0.011819343215,0.039204494129,-0.023803915790,0.047363653163,3
8.570000,0.018055729647,0.062226036642,-0.048923986313,0.081188949039,3
8.580000,0.029758645406,0.001738806412,-0.038616311345,0.048783398057,3
8.590000,0.010910930268,-0.027152012458,0.003543336281,0.029476014178,3
8.600000,0.009669263241,-0.046035876626,0.043926877687,0.064361224131,3
8.610000,-0.009748772285,-0.045826162378,0.033777490263,0.057758069288,3
8.620000,-0.049397230133,-0.013993132012,0.032649392592,0.060843051575,3
8.630000,-0.041462459616,0.044413642742,-0.012498557404,0.062031614167,3
8.640000,-0.039778740448,0.052693199188,-0.054814655026,0.085811233751,3
8.650000,0.024660233817,0.024194763833,-0.059933279527,0.069177393155,3
8.660000,0.029845456833,-0.026705204086,-0.020543781385,0.045010733969,3
8.670000,0.043254629150,-0.054111553816,0.027309595251,0.074463663568,3
8.680000,0.007267046576,-0.052481072219,0.040266345745,0.066546611535,3
8.690000,-0.029507168237,-0.018155228094,0.041630960400,0.054161075953,3
8.700000,-0.047258997197,0.003375563331,0.024977366965,0.053560023379,3
8.710000,-0.019986852931,0.055026663026,-0.035471877156,0.068451895539,3
8.720000,0.014804054592,0.056691040648,-0.052568453204,0.078717700642,3
8.730000,0.037920278715,0.021647940085,-0.018552957938,0.047442524132,3
8.740000,0.064962794974,-0.014143814613,0.006568502742,0.066808363630,3
8.750000,0.041932361776,-0.049171378203,0.042609340243,0.077406093264,3
8.760000,-0.006566330277,-0.034324661296,0.053398113398,0.063817376793,3
8.770000,-0.048255214325,-0.000690801934,0.041986463778,0.063968008077,3
8.780000,-0.040365166605,0.028507663736,0.003459297634,0.049537867403,3
8.790000,-0.029561379389,0.052760507569,-0.027234277371,0.066326858619,3
8.800000,0.030957859484,0.035419522984,-0.071726578968,0.085776650685,3
8.810000,0.047740719575,-0.011938352316,-0.055364250370,0.074073617305,3
8.820000,0.077115046069,-0.041999318680,0.009896704719,0.088366384243,3
8.830000,0.022836092131,-0.044735000994,0.052272583883,0.072492278510,3
8.840000,-0.035762789062,-0.041039445614,0.055854687442,0.077993328478,3
8.850000,-0.037106233737,0.013952841736,0.024244978583,0.046469058104,3
8.860000,-0.093080689369,0.070571703603,-0.021712042623,0.118809902271,3
8.870000,-0.006801322346,0.070030686445,-0.048177025785,0.085273564737,3
8.880000,0.025572732949,0.063500889823,-0.059908571819,0.090969031303,3
8.890000,0.049342499404,-0.029201159866,-0.010852374338,0.058353783200,3
8.900000,0.041823331785,-0.068333132929,0.030254980626,0.085638612729,3
8.910000,0.001028635776,-0.057906281254,0.054340696281,0.079417295173,3
8.920000,-0.054141496733,-0.056836300443,0.065660342406,0.102337418775,3
8.930000,-0.077705089783,0.011430979187,-0.003889924424,0.078637648588,3
8.940000,-0.068801732700,0.052703966956,-0.025307446104,0.090287614786,3
8.950000,0.003736672331,0.066514976779,-0.090952029442,0.112740749136,3
8.960000,0.032780840764,0.001629002487,-0.052945879396,0.062293685999,3
8.970000,0.044192188038,-0.047065449147,0.000047866910,0.064560888147,3
8.980000,0.036808317951,-0.063908579731,0.046399724648,0.087132618927,3
8.990000,-0.034981950811,-0.057154407014,0.050772340701,0.084072550241,3
9.000000,-0.049101621969,0.005533009248,0.059783055444,0.077560281005,3
9.010000,-0.063180423607,0.036082464314,-0.007072007954,0.073100776019,3
9.020000,-0.043675268329,0.079166594548,-0.056782203716,0.106766555694,3
9.030000,0.019602747158,0.062704912013,-0.054743509099,0.085516229309,3
9.040000,0.060371849346,0.006194014905,-0.060103375143,0.085413943345,3
9.050000,0.078335476729,-0.063703405419,0.019023580527,0.102744670871,3
9.060000,0.039221353162,-0.060184233451,0.050161500264,0.087616394634,3
9.070000,-0.034589883096,-0.039978970139,0.070768234304,0.088334144318,3
9.080000,-0.052077546724,0.006668750591,0.055903590399,0.076692597601,3
9.090000,-0.036769853913,0.050985293529,-0.022612445713,0.066804528396,3
9.100000,-0.002013916007,0.088396084721,-0.040379123219,0.097202866437,3
9.110000,0.056632091469,0.039117746337,-0.060150406446,0.091408223144,3
9.120000,0.065239791585,-0.018328921837,-0.026025317813,0.072591300781,3
9.130000,0.068141806418,-0.045087257260,0.036748660537,0.089591464997,3
9.140000,0.021419454220,-0.056079297272,0.083991941156,0.103239172704,3
9.150000,-0.040819415993,-0.036493445250,0.070127509549,0.088971140623,3
9.160000,-0.049896926919,0.017996825179,0.011692034087,0.054316596852,3
9.170000,-0.046204021065,0.075123123530,-0.008166643554,0.088571944308,3
9.180000,0.017373726756,0.071104695089,-0.045526947011,0.086199924300,3
9.190000,0.053640586759,0.034159344852,-0.067518122778,0.092751659242,3
9.200000,0.061398497678,-0.019332867243,-0.024966146203,0.069042332878,3
9.210000,0.054571432766,-0.065427643523,0.052053234498,0.099841659806,3
9.220000,-0.020716856021,-0.045913614221,0.072384539978,0.088185995045,3
9.230000,-0.087707295764,-0.012426591472,0.026329058422,0.092413252422,3
9.240000,-0.072901844557,0.027466155087,0.000606504732,0.077906588059,3
9.250000,-0.044797343574,0.067567810361,-0.060056144957,0.100890790142,3
9.260000,0.005647364520,0.047094582616,-0.058784422416,0.075534103268,3
9.270000,0.048952058093,-0.009075463694,-0.039735018610,0.063698820529,3
9.280000,0.032150362142,-0.063897759556,0.021722160339,0.074755747016,3
9.290000,0.007844194464,-0.059893830567,0.043914867067,0.074681442650,3
9.300000,-0.071673524616,-0.042583144632,0.056377675478,0.100642240784,3
9.310000,-0.073635519376,0.018550703680,0.027217074243,0.080666520014,3
9.320000,-0.074652390807,0.030901367882,-0.021959681421,0.083726349486,3
9.330000,-0.020144438885,0.051971193122,-0.057200331233,0.079866646516,3
9.340000,0.041400283251,0.013104994741,-0.072702777862,0.084684226685,3
9.350000,0.069019608702,-0.018011060853,-0.021544915559,0.074513677166,3
9.360000,0.041631763111,-0.049159007792,0.028967868978,0.070632493797,3
9.370000,0.013368711224,-0.063895911242,0.045420453587,0.079526269354,3
9.380000,-0.039437905554,-0.005320353446,0.047499405291,0.061966507553,3
9.390000,-0.053881677121,0.015786774573,0.009795298028,0.056994782605,3
9.400000,-0.043561800983,0.061948759359,-0.035022694965,0.083437811894,3
9.410000,0.029739814517,0.043130697140,-0.052398025746,0.074096333953,3
9.420000,0.054061648277,0.003027699873,-0.031970271898,0.062880259749,3
9.430000,0.077971546707,-0.040608012452,0.005293210998,0.088071509888,3
9.440000,0.021687463817,-0.055393790937,0.030385670190,0.066799005337,3
9.450000,-0.015502213809,-0.055316424354,0.068487778143,0.089391281405,3
9.460000,-0.048288571682,-0.005349380554,0.044362543415,0.065790860198,3
9.470000,-0.057028704155,0.046437034257,-0.012315092212,0.074567638720,3
9.480000,-0.005719493182,0.054225387336,-0.037077434829,0.065938163513,3
9.490000,0.032777081716,0.060926375092,-0.042270761330,0.081075135098,3
9.500000,0.051723030581,-0.009971232690,-0.041036202334,0.066773252697,3
9.510000,0.051167431871,-0.033631534033,0.005146042381,0.061446463835,3
9.520000,0.002675604914,-0.053539554243,0.037584413353,0.065469312333,3
9.530000,-0.021712453078,-0.013361144120,0.053323133179,0.059104207320,3
9.540000,-0.058711438525,0.026962577685,0.005422824844,0.064833792410,3
9.550000,-0.042591312367,0.052399951555,-0.022146958139,0.071065199408,3
9.560000,-0.011979535584,0.051332916393,-0.062779734397,0.081974829241,3
9.570000,0.032655338788,0.019844930105,-0.057553051976,0.069083617407,3
9.580000,0.047651745525,-0.006378809742,-0.029155822835,0.056226684684,3
9.590000,0.014211244346,-0.054418461750,0.018810804408,0.059305773813,3
9.600000,-0.016468896834,-0.041470609921,0.036625655419,0.057727590328,3
9.610000,-0.033683894510,-0.004586164210,0.036694438327,0.050021190066,3
9.620000,-0.063550643536,0.013998886523,-0.000936152244,0.065080945743,3
9.630000,-0.037265331755,0.034242057659,-0.026806413384,0.057269601553,3
9.640000,0.002743031076,0.055841250829,-0.045183111190,0.071883816332,3
9.650000,0.034545108465,0.009098574399,-0.049031023511,0.060664568254,3
9.660000,0.031658901957,-0.037135277755,0.006156907290,0.049185591736,3
9.670000,0.025336577751,-0.036930493122,0.025177841618,0.051378275593,3
9.680000,-0.020689276416,-0.031411586845,0.040946078455,0.055599597908,3
9.690000,-0.054114333969,0.005920404461,0.010903082958,0.055518371264,3
9.700000,-0.032551951961,0.022960748340,-0.013238361368,0.041977133687,3
9.710000,-0.017180058332,0.051379100836,-0.037453866445,0.065861661979,3
9.720000,0.018931466764,0.027922163945,-0.032876542374,0.047105357569,3
9.730000,0.041748227731,-0.007407309154,-0.035045949877,0.055009102432,3
9.740000,0.033682245815,-0.033860026145,0.006637759937,0.048218823199,3
9.750000,0.012533072403,-0.030673511497,0.043373274589,0.054581894067,3
9.760000,-0.016624652817,-0.010952973536,0.031299128109,0.037094233122,3
9.770000,-0.031650975803,0.022582654129,0.020264091284,0.043845112982,3
9.780000,-0.025212135858,0.041510055432,-0.011460060753,0.049900596079,3
9.790000,0.005123710770,0.032818615937,-0.046705813908,0.057312712524,3
9.800000,0.036586327913,0.019784857049,-0.030871175653,0.051797967574,3
9.810000,0.038938718864,-0.020571633780,-0.013327324217,0.046011232476,3
9.820000,0.033319181130,-0.049547703036,0.021722706984,0.063537537771,3
9.830000,0.005670587349,-0.035798421034,0.038738123941,0.053050209763,3
9.840000,-0.030355552947,-0.008903742125,0.027270730489,0.041766361584,3
9.850000,-0.028196994318,0.017318297007,0.014150171314,0.035989182375,3
9.860000,-0.016237198503,0.022489663807,-0.023120354220,0.036110696097,3
9.870000,0.006857412027,0.025187739480,-0.034449420023,0.043222781721,3
9.880000,0.029323463311,-0.001382745915,-0.029373782942,0.041528262799,3
9.890000,0.035609169927,-0.022152888161,0.009447471399,0.042988581654,3
9.900000,0.009738493610,-0.040815943828,0.028158297217,0.050533842428,3
9.910000,-0.025750375598,-0.023066549754,0.034467530170,0.048817601303,3
9.920000,-0.060760685168,-0.003562766474,0.011830685142,0.062004187584,3
9.930000,-0.046859615130,0.034201932839,-0.008758168848,0.058671128007,3
9.940000,-0.011479001215,0.031022147494,-0.018546672310,0.037922554737,3
9.950000,0.007393136553,0.015400788511,-0.030663885302,0.035101518723,3
9.960000,0.030495165764,-0.005619719192,-0.013994739404,0.034020421952,3
9.970000,0.013145259225,-0.036825700811,0.006832955867,0.039694072179,3
9.980000,-0.004974667980,-0.030132705017,0.036565077147,0.047641705469,3
9.990000,-0.035073846536,-0.025000384652,0.025894395774,0.050256478946,3
10.000000,-0.040186583201,0.003246241438,0.009457534690,0.041411888573,3
10.010000,-0.020071120837,0.029643805653,-0.016497642706,0.039417982192,3
10.020000,0.009550443274,0.033009411696,-0.015803740094,0.037823146725,3
10.030000,0.018175856298,0.010536602971,-0.019953475077,0.028974521946,3
10.040000,0.022434116388,-0.011579865316,-0.004995621178,0.025735949367,3
10.050000,0.018260765262,-0.030332199797,0.018802662704,0.040087878682,3
10.060000,-0.001016688333,-0.020558080577,0.026663135659,0.033683692424,3
10.070000,-0.023967809568,-0.007601914466,0.032812394387,0.041338822243,3
10.080000,-0.020189142400,0.019615536170,-0.003432419124,0.028357578020,3
10.090000,-0.013225125513,0.032167520757,-0.019622839985,0.039933810056,3
10.100000,0.018823255614,0.021627142066,-0.021361230592,0.035754026323,3
10.110000,0.031116397664,0.009289823838,-0.023725575182,0.040217333927,3
10.120000,0.018917772098,-0.020550648389,0.001997051047,0.028003561618,3
10.130000,0.014257578705,-0.030518917745,0.020203351085,0.039279234793,3
10.140000,0.005286149043,-0.016911571201,0.017020922045,0.024569420006,3
10.150000,-0.018509841316,0.003169122405,0.023667210154,0.030212487465,3
10.160000,-0.008868972366,0.022296826136,-0.011727310305,0.026708368231,3
10.170000,-0.002730765375,0.023914132158,-0.028482186211,0.037290450893,3
10.180000,0.017483704514,0.005815221368,-0.023211772463,0.029635841543,3
10.190000,0.026456311787,-0.001410996784,-0.013886837911,0.029912733283,3
10.200000,0.023063932867,-0.024491508409,0.006834705355,0.034329173901,3
10.210000,0.003938418160,-0.015560589110,0.016323809956,0.022893445405,3
10.220000,-0.023065072311,-0.008223423247,0.019671412197,0.031409977848,3
10.230000,-0.022774066293,0.012087834380,0.004718676813,0.026211443043,3
10.240000,-0.016446246570,0.013724136799,-0.007992535373,0.022862886493,3
10.250000,-0.000377242527,0.024347061313,-0.023167016008,0.033610003529,3
10.260000,0.024331801956,0.003242059630,-0.020594844908,0.032042084418,3
10.270000,0.016383199608,-0.006425325991,-0.008323941945,0.019467461390,3
10.280000,0.007664620956,-0.026524061436,0.012391877416,0.030262697754,3
10.290000,-0.008635056417,-0.016773823199,0.021083141300,0.028291768964,3
10.300000,-0.025364898357,-0.006573683705,0.013134537741,0.029310535099,3
10.310000,-0.018602370029,0.012378875114,-0.000512388291,0.022350553943,3
10.320000,-0.008971630492,0.023608320527,-0.019368017282,0.031827080376,3
10.330000,0.001960763581,0.014141977503,-0.016099046587,0.021517886107,3
10.340000,0.017578015420,-0.005697561684,-0.012283800986,0.022188749444,3
10.350000,0.028314408243,-0.010752623377,0.012681966490,0.032835299568,3
10.360000,0.009248426219,-0.033273149309,0.020442087918,0.040131219903,3
10.370000,-0.004961979942,-0.011446178383,0.021309212393,0.024692484228,3
10.380000,-0.028327311920,0.002656367250,0.011947056733,0.030858144017,3
10.390000,-0.020411713597,0.016609625004,-0.008159511265,0.027551684501,3
10.400000,0.000988860763,0.017019188267,-0.008874106047,0.019219270876,3
10.410000,0.013254099131,0.012471378078,-0.018302879905,0.025810885838,3
10.420000,0.030080292785,-0.002967773371,-0.012064727270,0.032545189152,3
10.430000,0.017215031729,-0.019730206645,0.010089795144,0.028061402990,3
10.440000,0.008793848422,-0.014813317241,0.017692208110,0.024693731301,3
10.450000,-0.009337111642,-0.005103596643,0.024308031808,0.026535047822,3
10.460000,-0.018516816233,0.014720114248,0.006445505409,0.024517316061,3
10.470000,-0.008405018815,0.018368122162,-0.007730622641,0.021628563971,3
10.480000,0.013280871188,0.020219975994,-0.017880421495,0.030082194760,3
10.490000,0.019285173961,0.010247569493,-0.018637134773,0.028710162099,3
10.500000,0.027000762487,-0.016549929288,0.002529924001,0.031770140852,3
10.510000,0.017122424754,-0.017256864342,0.015771713461,0.028977987195,3
10.520000,-0.005973206193,-0.017874256690,0.024166657414,0.030646297901,3
10.530000,-0.012137366177,-0.005623134733,0.008471476319,0.015833547075,3
10.540000,-0.024083961149,0.015544281131,-0.000905128880,0.028678931619,3
10.550000,-0.008769287213,0.019324666935,-0.013873928537,0.025354073507,3
10.560000,0.006890689901,0.010178762179,-0.025685194177,0.028474866229,3
10.570000,0.024003015008,0.001327514230,-0.016618832107,0.029224862773,3
10.580000,0.018021017779,-0.012092273978,0.010562938422,0.024136193566,3
10.590000,0.007145419627,-0.018629544193,0.012416070632,0.023500547833,3
10.600000,-0.010465810666,-0.017702741128,0.017005141640,0.026685109678,3
10.610000,-0.038254943973,0.011488511462,0.006519553765,0.040471362903,3
10.620000,-0.025438527505,0.022598229132,-0.004067909571,0.034268739834,3
10.630000,-0.011566226230,0.026724886005,-0.022658714068,0.036897350100,3
10.640000,0.012846219590,0.010725257780,-0.033105360180,0.037094762229,3
10.650000,0.020684074442,-0.009931571480,-0.006379622769,0.023815260533,3
10.660000,0.006037184681,-0.023803127468,0.007242072756,0.025602423595,3
10.670000,0.000478885816,-0.026034829276,0.020132593786,0.032914480090,3
10.680000,-0.027216827623,-0.007646422801,0.022824074357,0.036334031675,3
10.690000,-0.023666164491,0.007265039871,0.004992200076,0.025254508660,3
10.700000,-0.012061287099,0.018659833355,-0.016563738654,0.027713200204,3
10.710000,0.005256777443,0.019387750808,-0.020886383281,0.028978605850,3
10.720000,0.032868769664,0.005827827101,-0.019190267664,0.038504362883,3
10.730000,0.023149795000,-0.009768447215,0.007875373090,0.026331674289,3
10.740000,0.022769798770,-0.022902994422,0.023116938523,0.039716542349,3
10.750000,-0.001842581307,-0.024377060628,0.019237462101,0.031108136216,3
10.760000,-0.016877224414,-0.006699531503,0.014842173075,0.023452388533,3
10.770000,-0.024556934597,0.013581845250,-0.002292364635,0.028156073818,3
10.780000,-0.005950681448,0.027514385196,-0.025364192305,0.037891875827,3
10.790000,0.028144673512,0.016431492650,-0.018828207500,0.037637986071,3
10.800000,0.048803894971,0.013071588954,-0.022858590456,0.055454501708,3
10.810000,0.034765738224,-0.024342180821,-0.001691813585,0.042474234008,3
10.820000,0.025988290977,-0.025938510847,0.020587504352,0.042095640490,3
10.830000,-0.012226154941,-0.023357896431,0.032374272951,0.041751212430,3
10.840000,-0.027386151693,0.009031282742,0.010825061009,0.030801742132,3
10.850000,-0.018562623897,0.020270289630,-0.004511603188,0.027853369831,3
10.860000,0.004984259071,0.035380909110,-0.034330846140,0.049550565734,3
10.870000,0.019804724271,0.011908650077,-0.032736826391,0.040071721354,3
10.880000,0.028855693516,-0.004532890261,0.004301818289,0.029524630107,3
10.890000,0.034034239810,-0.033136245070,0.025390611427,0.053861148943,3
10.900000,0.002717930157,-0.032654749382,0.046122559619,0.056577471730,3
10.910000,-0.033389229499,-0.008634457087,0.031476662581,0.046692341802,3
10.920000,-0.032961169290,0.027993661212,0.007625401236,0.043911621389,3
10.930000,-0.042377271019,0.046572632832,-0.021724474793,0.066609278880,3
10.940000,0.006354699954,0.033012577839,-0.021343364729,0.039821498277,3
10.950000,0.012585591011,-0.002350505835,-0.015552442638,0.020144489341,3
10.960000,0.024371862579,-0.028476159321,-0.002050410639,0.037537761241,3
10.970000,0.009555117578,-0.035059072598,0.022122458100,0.042542237785,3
10.980000,-0.014767450530,-0.031781574574,0.046799082037,0.058466230912,3
10.990000,-0.030368208531,-0.017845749930,0.015880217022,0.038637807554,3
11.000000,-0.039501765248,0.014526370614,-0.001558548812,0.042116908425,3
11.010000,-0.023138527584,0.046063434622,-0.025190320708,0.057374068404,3
11.020000,0.021897401366,0.039777042801,-0.042914334482,0.062476791087,3
11.030000,0.040863882039,0.001754604906,-0.026739020050,0.048866253047,3
11.040000,0.043247395918,-0.048246042735,0.018730309348,0.067445106432,3
11.050000,0.013428194765,-0.043345611477,0.046795172940,0.065183944799,3
11.060000,-0.017530067437,-0.021184711076,0.040671878286,0.049094774988,3
11.070000,-0.042713582946,0.011870365845,0.019838252086,0.048568631844,3
11.080000,-0.024079517571,0.056819756609,-0.012167824067,0.062899633147,3
11.090000,0.010527343887,0.051701177851,-0.046620509331,0.070408157558,3
11.100000,0.032057615568,0.007540826450,-0.032350171996,0.046163713105,3
11.110000,0.042208166499,-0.007229332900,-0.014921963651,0.045348181579,3
11.120000,0.055771425055,-0.036449047581,0.023194525631,0.070547650149,3
11.130000,-0.006471400167,-0.034160518663,0.058243592934,0.067831675295,3
11.140000,-0.040102048408,-0.003884382394,0.051588814047,0.065457378865,3
11.150000,-0.049048399171,0.019918850988,0.009523844244,0.053788564724,3
11.160000,-0.022436326209,0.051605820328,-0.025755556425,0.061886170606,3
11.170000,0.022784378124,0.045190583241,-0.041708642519,0.065581457448,3
11.180000,0.050179498448,0.012617474535,-0.034765371561,0.062336295911,3
11.190000,0.046281127172,-0.045021855633,0.005264640728,0.064781375865,3
11.200000,0.024846956860,-0.026861861277,0.023918734373,0.043715405871,3
11.210000,-0.034636461870,-0.036440075610,0.059455538784,0.077862216084,3
11.220000,-0.050846160490,-0.002455458767,0.027279550248,0.057754092289,3
11.230000,-0.053047642491,0.035948812701,-0.012122672101,0.065217548922,3
11.240000,-0.032190398487,0.062517389058,-0.033817694252,0.078027444748,3
11.250000,0.006248478800,0.033434064345,-0.051364347669,0.061605002698,3
11.260000,0.067337946706,-0.007912307799,-0.018109590730,0.070178066073,3
11.270000,0.025660930832,-0.045591367563,0.003050499123,0.052405741215,3
11.280000,-0.001179826176,-0.069415070078,0.050524519066,0.085863676667,3
11.290000,-0.058534673996,-0.027784059857,0.047047770883,0.080073433716,3
11.300000,-0.074334825868,0.039292734883,0.022566893005,0.087056590855,3
11.310000,-0.053570262367,0.045662039858,-0.012465924742,0.071485622147,3
11.320000,-0.007044564420,0.070585413979,-0.060252376406,0.093071345843,3
11.330000,0.034450124580,0.034394581250,-0.061766488484,0.078644118678,3
11.340000,0.052809485858,-0.041644387468,-0.006120685358,0.067531915370,3
11.350000,0.018579358325,-0.056874130442,0.051925626539,0.079222029517,3
11.360000,-0.007719511974,-0.047672115992,0.063304042101,0.079621751140,3
11.370000,-0.041352023275,0.002130693269,0.044455993370,0.060752489902,3
11.380000,-0.056216293881,0.024253128764,0.003354302336,0.061316696720,3
11.390000,-0.027296696731,0.076850738101,-0.039076647007,0.090433013553,3
11.400000,0.020354621035,0.038929618608,-0.075625935134,0.087459178292,3
11.410000,0.069174725167,0.000883192600,-0.026057506025,0.073925071873,3
11.420000,0.075306061156,-0.034964314391,0.004459940227,0.083146841158,3
11.430000,0.039296552682,-0.050851847918,0.074741927234,0.098572233291,3
11.440000,-0.021847064299,-0.044777781663,0.068203931620,0.084463721429,3
11.450000,-0.052563703625,0.009558878828,0.040775840222,0.067208513219,3
11.460000,-0.034181400226,0.074533314209,-0.017320774193,0.083806874820,3
11.470000,-0.015691197514,0.064835871008,-0.062526178509,0.091429901278,3
11.480000,0.055560915218,0.048348927403,-0.060920908600,0.095582379053,3
11.490000,0.079299207094,-0.006586305888,-0.035061917194,0.086954480668,3
11.500000,0.066224971807,-0.053154497851,0.015918897607,0.086397678405,3
11.510000,0.004325875527,-0.066431820799,0.050427621269,0.083515537480,3
11.520000,-0.042693490074,-0.035273628862,0.054557634203,0.077739941071,3
11.530000,-0.069676399065,0.029158044857,0.026686259044,0.080107106978,3
11.540000,-0.055988619666,0.056983829890,-0.042777058960,0.090618757299,3
11.550000,0.004475669085,0.058349525087,-0.070080534947,0.091301588541,3
11.560000,0.036618947178,0.022591659136,-0.040922061915,0.059379672501,3
11.570000,0.045624349248,-0.034947869532,0.002159026169,0.057511705097,3
11.580000,0.029843227148,-0.053778514612,0.052401214630,0.080799963707,3
11.590000,-0.029301680654,-0.066715083237,0.073555926327,0.103537264395,3
11.600000,-0.081873773917,-0.020239881539,0.035999238523,0.091700124505,3
11.610000,-0.084980012673,0.054661745692,0.002258377109,0.101067350134,3
11.620000,-0.038637130137,0.062418666159,-0.042356472093,0.084752512875,3
11.630000,-0.023193533057,0.042968703657,-0.067448196466,0.083267692872,3
11.640000,0.052899523169,-0.003017187829,-0.042676334206,0.068034788712,3
11.650000,0.076181017208,-0.061958149777,-0.025889910629,0.101551204714,3
11.660000,0.010409687619,-0.086876322318,0.077097300240,0.116618397691,3
11.670000,-0.013561251526,-0.059230762481,0.072329507922,0.094465594177,3
11.680000,-0.059722857921,0.010524916378,0.037582663025,0.071344587623,3
11.690000,-0.055970771750,0.047923653052,-0.025635548579,0.078016569798,3
11.700000,-0.025056836865,0.084637305800,-0.073886926209,0.115111235209,3
11.710000,0.035989632817,0.040512357205,-0.063718825742,0.083645642508,3
11.720000,0.075002450974,-0.017920055836,-0.013214413686,0.078237566311,3
11.730000,0.066445446838,-0.075072551072,0.032448900700,0.105374648216,3
11.740000,-0.016150748245,-0.075189454631,0.041357626256,0.087319837415,3
11.750000,-0.042698609547,-0.011991870104,0.075624640119,0.087670191051,3
11.760000,-0.044837072920,0.058711878347,0.031173087639,0.080182349429,3
11.770000,-0.023132766661,0.091834312582,-0.029886036767,0.099306802660,3
11.780000,0.030871643186,0.042014164642,-0.075732240550,0.091943573143,3
11.790000,0.069522521516,0.015738328815,-0.028405079965,0.076732812796,3
11.800000,0.087835444889,-0.019446456232,0.013110170165,0.090912631689,3
11.810000,0.049552200865,-0.058112145978,0.033420705140,0.083362975312,3
11.820000,-0.004765817375,-0.047903385866,0.066633537247,0.082203866568,3
11.830000,-0.039886320262,-0.003685531407,0.058342279983,0.070769508401,3
11.840000,-0.035028384684,0.036846755202,0.004954493949,0.051080506191,3
11.850000,-0.033246559671,0.055489147123,-0.042271374995,0.077273852772,3
11.860000,0.032643763294,0.028218545138,-0.053234957271,0.068526361697,3
11.870000,0.049018902342,0.006458763799,-0.031482719769,0.058615100961,3
11.880000,0.068892366546,-0.053044809709,0.002679143057,0.086989009725,3
11.890000,0.016915486222,-0.064410248843,0.028477566711,0.072427796017,3
11.900000,-0.043407100562,-0.046524545916,0.074606623505,0.098055382426,3
11.910000,-0.069766366056,-0.008968009967,0.035790632745,0.078922369628,3
11.920000,-0.060352051885,0.043321970026,-0.034922629256,0.082089909781,3
11.930000,-0.031890219153,0.065752826435,-0.077508065116,0.106526618363,3
11.940000,0.005758918164,0.014525421042,-0.047755830277,0.050247112557,3
11.950000,0.034493369505,-0.019899088201,-0.024291106841,0.046645729950,3
11.960000,0.038711879893,-0.069013500855,0.011512974889,0.079962625869,3
11.970000,-0.017164615090,-0.065184344829,0.079489016178,0.104221526159,3
11.980000,-0.056760294196,-0.030202372737,0.040099483984,0.075775213177,3
11.990000,-0.075593797783,0.015521972024,0.018371599544,0.079327608993,3
12.000000,-0.048115119068,0.072753532834,-0.056834004485,0.104106893569,3
12.010000,-0.002866316272,0.047692327918,-0.063180595459,0.079212130092,3
12.020000,0.028309350975,0.013077996884,-0.046838230178,0.056269646892,3
12.030000,0.069528694991,-0.035293376256,-0.008858149480,0.078475019254,3
12.040000,0.033864989276,-0.068259732245,0.033167057156,0.083104044577,3
12.050000,0.011200490666,-0.063514559670,0.086619261904,0.107992809085,3
12.060000,-0.060019203705,0.000123598263,0.043928938253,0.074377897967,3
12.070000,-0.042165759334,0.033665772295,-0.000947661113,0.053965114157,3
12.080000,-0.026654612625,0.060948507413,-0.054649939454,0.086091839406,3
12.090000,0.042246441611,0.052963967863,-0.063690374139,0.092986060668,3
12.100000,0.053914866677,0.015417954135,-0.031761061004,0.064446032885,3
12.110000,0.065031722829,-0.058862074268,-0.008475586015,0.088123233710,3
12.120000,0.042291360436,-0.047863518933,0.058081417663,0.086330334703,3
12.130000,-0.021116252948,-0.042666606817,0.045660239155,0.065963572641,3
12.140000,-0.046561378294,0.013198521457,0.027774330482,0.055799429665,3
12.150000,-0.031721797344,0.055272133779,-0.004328652284,0.063875021955,3
12.160000,0.024765729611,0.063626093021,-0.044863246980,0.081696585032,3
12.170000,0.033326913531,0.028925720146,-0.048855029260,0.065834598316,3
12.180000,0.070500304675,-0.022961318208,-0.003526072446,0.074229025859,3
12.190000,0.034607733835,-0.042328131738,0.020260005049,0.058308093625,3
12.200000,-0.002435503810,-0.035933186176,0.045531719175,0.058053966261,3
12.210000,-0.055027346486,-0.017658811600,0.048002878726,0.075127350908,3
12.220000,-0.060432139349,0.029939059888,-0.006643053638,0.067768141002,3
12.230000,-0.041285027475,0.047917593432,-0.029677614136,0.069866372703,3
12.240000,0.004026336604,0.043918781184,-0.044977846671,0.062992677498,3
12.250000,0.026710956553,0.018044056217,-0.044600117583,0.055029388995,3
12.260000,0.054707890713,-0.036563866968,-0.011894944692,0.066868224016,3
12.270000,0.015892500723,-0.053334256440,0.033080286628,0.064741175867,3
12.280000,-0.021811637515,-0.039584089659,0.060580744560,0.075582235325,3
12.290000,-0.060737943598,-0.000282917998,0.019679594528,0.063847194738,3
12.300000,-0.070118719477,0.028526960580,-0.017996249807,0.077809300910,3
12.310000,-0.018679588459,0.034784626557,-0.051801647719,0.065133002204,3
12.320000,0.017250781569,0.027042155720,-0.040314492736,0.051518210133,3
12.330000,0.033350947036,-0.010428506506,-0.038670549037,0.052119581531,3
12.340000,0.035262506089,-0.032673956627,0.004513899217,0.048284646250,3
12.350000,-0.003038576368,-0.053949477404,0.030357509857,0.061978685555,3
12.360000,-0.038277101740,-0.051358529529,0.058968930512,0.087064170809,3
12.370000,-0.053019821908,0.017927177974,0.030614752199,0.063794578746,3
12.380000,-0.046139039604,0.048379369461,-0.012267576793,0.067969609426,3
12.390000,0.004139498135,0.050588229114,-0.046107811583,0.068572841991,3
12.400000,0.039978157097,0.008120510713,-0.053755165901,0.067481950181,3
12.410000,0.049338691717,-0.015514545474,-0.004758377036,0.051938904240,3
12.420000,0.034993130713,-0.036213957610,0.011722792963,0.051704872089,3
12.430000,0.013820443735,-0.043563523579,0.047277648642,0.065756834723,3
12.440000,-0.035079032026,-0.009179196721,0.026633520534,0.044990449613,3
12.450000,-0.034525523300,0.012203568886,0.006306815744,0.037157970579,3
12.460000,-0.020112399993,0.040291142581,-0.023581767707,0.050832908358,3
12.470000,0.022642001222,0.044467709499,-0.037072922383,0.062164611970,3
12.480000,0.049656883914,0.016775815707,-0.021520260172,0.056660000975,3
12.490000,0.047854574468,-0.025030198916,0.000934425388,0.054013371549,3
12.500000,0.005143042211,-0.041115758229,0.019354373180,0.045733447488,3
12.510000,0.004320236149,-0.022401841545,0.027444186989,0.035688798586,3
12.520000,-0.032972695333,0.008221487642,0.022570898233,0.040795060285,3
12.530000,-0.041565258316,0.021703605431,0.011315826146,0.048236553659,3
12.540000,-0.013162064729,0.033871122736,-0.045536066989,0.058258272376,3
12.550000,0.006922600568,0.019872704642,-0.035819311972,0.041543590343,3
12.560000,0.019532053390,-0.006221119097,-0.017066586081,0.026673428593,3
12.570000,0.024645287413,-0.019922571602,0.011724270725,0.033789903447,3
12.580000,0.005393224932,-0.034037681471,0.037406643766,0.050861651890,3
12.590000,-0.024170898267,-0.014962463399,0.033298921684,0.043782711421,3
12.600000,-0.036190715050,0.008782795933,0.008298626228,0.038154587634,3
12.610000,-0.037530071782,0.029843586234,-0.016942833975,0.050854749536,3
12.620000,-0.003655882920,0.037284205440,-0.032118746018,0.049346644273,3
12.630000,0.016075432998,0.003003806506,-0.020965872731,0.026589663762,3
12.640000,0.030032925952,-0.020147841809,-0.009174933308,0.037310743386,3
12.650000,0.025234399486,-0.033858756836,0.009130593169,0.043203681134,3
12.660000,0.002996515714,-0.034873588516,0.025254259263,0.043161602071,3
12.670000,-0.031736275007,-0.014234796564,0.026057042621,0.043460212318,3
12.680000,-0.042891185434,0.012727667580,0.013684628308,0.046785856430,3
12.690000,-0.020370658393,0.036521621423,-0.009797942941,0.042951044697,3
12.700000,0.005030842631,0.024092967808,-0.031902791576,0.040293530320,3
12.710000,0.028813817609,0.001952167222,-0.014257363084,0.032207443925,3
12.720000,0.029773906341,-0.015175394009,-0.002076094174,0.033482655946,3
12.730000,0.010254971405,-0.034359545090,0.022996943768,0.042598147847,3
12.740000,-0.006333020506,-0.018280243872,0.019855329762,0.027721987388,3
12.750000,-0.022750721586,0.004016337605,0.025068849425,0.034090666053,3
12.760000,-0.027706688255,0.020917884611,-0.001068676484,0.034732701307,3
12.770000,0.000777037056,0.031175378014,-0.017674380069,0.035845385919,3
12.780000,0.019984642332,0.018320863830,-0.030770115654,0.041010242599,3
12.790000,0.040639211951,-0.007338871607,-0.013086544642,0.043320459775,3
12.800000,0.020396099093,-0.021266680120,0.010435737409,0.031259832961,3
12.810000,-0.000204172151,-0.021306940194,0.030954479518,0.037579345244,3
12.820000,-0.019054402246,-0.015129362569,0.038804160934,0.045800990846,3
12.830000,-0.029693635296,0.012636507879,0.007030014626,0.033027479682,3
12.840000,-0.017520610180,0.021439971283,-0.011814331065,0.030103530827,3
12.850000,-0.002571933086,0.028009078106,-0.026127153778,0.038389470701,3
12.860000,0.017981338979,0.012322220257,-0.023564176518,0.032100406205,3
12.870000,0.020690780511,-0.011162686296,-0.003617853506,0.023786610257,3
12.880000,0.013379133207,-0.020805623961,0.029136142184,0.038220282248,3
12.890000,-0.006609925351,-0.016171531643,0.017525110446,0.024745485345,3
12.900000,-0.036877050968,-0.000696518658,0.028076442922,0.046353949923,3
12.910000,-0.023916020987,0.010568342579,0.004920748753,0.026606008588,3
12.920000,-0.023022249368,0.028165289943,-0.024697418040,0.043968966117,3
12.930000,0.012483196954,0.024363786827,-0.032861786406,0.042770566054,3
12.940000,0.028213793486,-0.002315850110,-0.025041533697,0.037794969434,3
12.950000,0.023820595269,-0.021968443816,-0.005332283630,0.032840014181,3
12.960000,-0.009549458296,-0.025365001246,0.015428652983,0.031186836563,3
12.970000,-0.018682485572,-0.018853795158,0.038043308881,0.046387435902,3
12.980000,-0.023802081510,-0.002316279507,0.011782587481,0.026659587444,3
12.990000,-0.036675329503,0.031441547552,-0.009682032335,0.049268574738,3
13.000000,-0.005610551903,0.033663935682,-0.020617330889,0.039872461565,3
13.010000,0.007868930527,0.023512945747,-0.018602735573,0.030997426605,3
13.020000,0.025033269619,-0.004587659703,-0.010216618031,0.027424268329,3
13.030000,0.023952269967,-0.023760321808,0.004934582153,0.034097129352,3
13.040000,-0.005165262993,-0.033883567704,0.021094725061,0.040246285885,3
13.050000,-0.013902109354,-0.014190785145,0.018406002687,0.027081875165,3
13.060000,-0.030080007261,0.007217251527,0.002098594046,0.031004832743,3
13.070000,-0.016288425140,0.025654245773,-0.014638724984,0.033730481599,3
13.080000,0.005059149399,0.025230905882,-0.021999102620,0.033854898026,3
13.090000,0.031476397329,0.012041118711,-0.027427246588,0.043451190824,3
13.100000,0.030900607107,-0.012042288899,0.005714706534,0.033652965877,3
13.110000,0.013966114291,-0.029283569330,0.018674263293,0.037434047212,3
13.120000,-0.001118819505,-0.015304973175,0.032693861981,0.036116236961,3
13.130000,-0.007089159956,-0.006997550544,0.017025701276,0.019725526772,3
13.140000,-0.029460801057,0.018756722416,0.002721052859,0.035030808775,3
13.150000,-0.012426284111,0.024713336188,-0.016588539992,0.032254320353,3
13.160000,0.012224567135,0.024012888349,-0.016611259790,0.031654269860,3
13.170000,0.024037929144,0.000710075068,-0.010733498013,0.026335037948,3
13.180000,0.032070999358,-0.023383417842,-0.000974497905,0.039702429093,3
13.190000,0.008312987389,-0.028281861387,0.031474086443,0.043122935432,3
13.200000,-0.013811576282,-0.017770572988,0.031742328620,0.038911801936,3
13.210000,-0.038708868145,-0.010697819465,0.018369863694,0.044161880695,3
13.220000,-0.027086794942,0.026824383490,-0.005511516225,0.038517772793,3
13.230000,-0.003844008590,0.040120188131,-0.017585421832,0.043973320988,3
13.240000,0.010606017770,0.017118319912,-0.037392978168,0.042470687607,3
13.250000,0.022796926326,-0.001639069022,-0.023955253235,0.033109523626,3
13.260000,0.016793274133,-0.022312960134,0.015252611574,0.031820188652,3
13.270000,-0.006934115768,-0.032614586185,0.024790614886,0.041549582187,3
13.280000,-0.029240247002,-0.012618498855,0.031572994514,0.044844983451,3
13.290000,-0.036686546760,0.005262387526,0.006332761754,0.037599192905,3
13.300000,-0.027143679294,0.024644858138,-0.022312254891,0.042918353610,3
13.310000,-0.006813673981,0.020400420018,-0.033710213349,0.039987270150,3
13.320000,0.009593040792,0.003743808324,-0.021865870865,0.024169378169,3
13.330000,0.028519369775,-0.019007111717,-0.021252899714,0.040327540149,3
13.340000,0.014663451719,-0.023551311402,0.024396281411,0.036944006710,3
13.350000,-0.007718301807,-0.029502227581,0.044376845649,0.053844758749,3
13.360000,-0.026975369434,-0.007988901069,0.031456162119,0.042201697023,3
13.370000,-0.048660663369,0.039184704493,-0.002842880246,0.062541052068,3
13.380000,-0.007774524157,0.034431213511,-0.025290267298,0.043422912266,3
13.390000,0.020554085683,0.029261567114,-0.035966002298,0.050717482879,3
13.400000,0.060909556483,0.001050116849,-0.025606916671,0.066081699417,3
13.410000,0.045874487818,-0.028330108294,0.003369393824,0.054022370212,3
13.420000,0.016907567558,-0.028061051870,0.037034601346,0.049445426175,3
13.430000,-0.015431923489,-0.023153267419,0.044997316681,0.052905354769,3
13.440000,-0.042030017989,0.001274035943,0.013384767044,0.044128194712,3
13.450000,-0.025169778038,0.019262182189,-0.025376653916,0.040602019077,3
13.460000,0.007846378151,0.058850063256,-0.045062395458,0.074535327730,3
13.470000,0.035937487749,0.016783834053,-0.036892915756,0.054169062611,3
13.480000,0.047733557949,-0.007747870918,-0.004106223885,0.048532289590,3
13.490000,0.037067425898,-0.031582442996,0.014008835775,0.050672401247,3
13.500000,-0.006880702925,-0.047691727763,0.049224586011,0.068883269651,3
13.510000,-0.041246528573,-0.027276826505,0.035305226129,0.060759858258,3
13.520000,-0.031156944943,0.033908686385,0.008731054644,0.046869878874,3
13.530000,-0.032421621335,0.048621332958,-0.026336548531,0.064099994830,3
13.540000,0.009334229441,0.028395897500,-0.045165890661,0.054160987004,3
13.550000,0.044124039423,0.015916423991,-0.061759101745,0.077552885543,3
13.560000,0.051545593429,-0.028454660085,-0.009321118539,0.059611233282,3
13.570000,0.006223973728,-0.058942191843,0.028107347563,0.065596820161,3
13.580000,-0.026478222676,-0.034173039547,0.032558264112,0.054119621857,3
13.590000,-0.033998544062,-0.003827084879,0.024501041689,0.042081452219,3
13.600000,-0.059462002230,0.035007228641,-0.000661703360,0.069004881115,3
13.610000,-0.017897162492,0.051919103222,-0.047482297733,0.072598004811,3
13.620000,0.008761840044,0.032151028438,-0.068363534845,0.076052819586,3
13.630000,0.032967787841,0.007458533890,-0.038247690573,0.051043026920,3
13.640000,0.040208005589,-0.035304253503,0.014266038458,0.055376835248,3
13.650000,0.006443453408,-0.067113487178,0.051470584576,0.084823106107,3
13.660000,-0.037994703541,-0.047690612470,0.059251785939,0.085022150948,3
13.670000,-0.044825348110,-0.002253276969,0.028156611007,0.052982863585,3
13.680000,-0.057821834602,0.065105938266,-0.017472378419,0.088811214167,3
13.690000,-0.012218762230,0.066577052376,-0.041973334951,0.079646487056,3
13.700000,0.054293226806,0.034549850555,-0.042797686786,0.077285759650,3
13.710000,0.045896027847,-0.024344509716,-0.042246258188,0.066961532661,3
13.720000,0.035355361716,-0.064248871722,0.030515671654,0.079430002745,3
13.730000,0.000261750991,-0.034524923721,0.054344262556,0.064384297343,3
13.740000,-0.026221361016,0.004225339146,0.046789580294,0.053802212673,3
13.750000,-0.056279818981,0.031038493727,0.007166773382,0.064669689640,3
13.760000,-0.031919979382,0.052298316134,-0.030936577433,0.068637240457,3
13.770000,0.023400646690,0.030553664990,-0.063222438756,0.074014819274,3
13.780000,0.062610269081,0.003791981858,-0.051844135867,0.081377142642,3
13.790000,0.049808591290,-0.027544458806,-0.000164797649,0.056917661015,3
13.800000,0.030005099105,-0.055161443282,0.042909343823,0.076054602652,3
13.810000,-0.020494426105,-0.042097119413,0.062570586315,0.078149006622,3
13.820000,-0.045793835868,-0.000942957224,0.042903607549,0.062758936516,3
13.830000,-0.039522958904,0.044862497268,0.017758346460,0.062370400116,3
13.840000,-0.011304873595,0.041502670304,-0.070529268915,0.082611437362,3
13.850000,0.020512169916,0.042480713617,-0.090628700658,0.102171040550,3
13.860000,0.069659811240,-0.007979246561,-0.036416392256,0.079008298948,3
13.870000,0.057135365198,-0.042853493696,0.031022780499,0.077867096955,3
13.880000,0.017634518667,-0.075524972956,0.059536506095,0.097773172939,3
13.890000,-0.050742137060,-0.044106556600,0.077989502480,0.102968516089,3
13.900000,-0.081632613388,0.028460492272,0.048883741336,0.099315171831,3
13.910000,-0.062134120990,0.049303233492,-0.028451352927,0.084267059444,3
13.920000,-0.025247044700,0.045683040018,-0.065324276886,0.083615875060,3
13.930000,0.026117049277,-0.001393267217,-0.058526330584,0.064104390084,3
13.940000,0.039910299973,-0.025498327204,-0.030319108924,0.056233843014,3
13.950000,0.030681787834,-0.078157468865,0.037791505683,0.092076924069,3
13.960000,-0.026042291782,-0.067734650444,0.028059945498,0.077804526689,3
13.970000,-0.072375673911,-0.008142854677,0.047897631193,0.087170679303,3
13.980000,-0.076959672466,0.054052841538,0.011671628223,0.094766701798,3
13.990000,-0.067082564178,0.068245946697,-0.050118737809,0.108025309705,3
14.000000,0.002056979904,0.059748515255,-0.064715251478,0.088103234988,3
14.010000,0.081343356851,0.011741103635,-0.055214741631,0.099011428188,3
14.020000,0.067399602539,-0.040516670363,-0.004022059496,0.078743151844,3
14.030000,0.026829957411,-0.068531129815,0.055077693106,0.091923417290,3
14.040000,-0.019894112492,-0.036935887437,0.060815526051,0.073882093240,3
14.050000,-0.053555578227,0.008555643708,0.046007907626,0.071120507328,3
14.060000,-0.036978944707,0.059264255847,0.011479385326,0.070791741469,3
14.070000,-0.008848118887,0.089851626916,-0.076816331103,0.118542620147,3
14.080000,0.056732771167,0.027911442860,-0.071662597411,0.095567692420,3
14.090000,0.071522881704,0.003321459824,-0.051909681085,0.088437377239,3
14.100000,0.077110076498,-0.054307697235,0.031454642192,0.099421750095,3
14.110000,0.021674401500,-0.081540394086,0.082444980991,0.117965208594,3
14.120000,-0.016119583556,-0.034800359977,0.075553803469,0.084730651167,3
14.130000,-0.069641183634,0.032114970130,0.011940056007,0.077613341004,3
14.140000,-0.031775615072,0.076161255069,-0.001216962369,0.082533069034,3
14.150000,0.026825448282,0.062858821910,-0.068585611357,0.096823665767,3
14.160000,0.066013471487,0.022830559920,-0.062851422195,0.093964430269,3
14.170000,0.071064779470,-0.033003068606,-0.018562957270,0.080523219018,3
14.180000,0.034961255006,-0.061479216902,0.047779563241,0.085351450638,3
14.190000,-0.011950657782,-0.058840164801,0.089836397973,0.108053512743,3
14.200000,-0.029769538995,-0.031064363350,0.043621102678,0.061270063825,3
14.210000,-0.072795902235,0.046531986370,-0.012920206725,0.087357889624,3
14.220000,-0.053674215574,0.073491262819,-0.075857663828,0.118474774909,3
14.230000,0.019564214850,0.061980430927,-0.068010637154,0.094073264463,3
14.240000,0.044992975560,0.001190187670,-0.042847750557,0.062142691640,3
14.250000,0.033911411123,-0.046535918452,0.013558070530,0.059155699531,3
14.260000,0.059793803652,-0.095780792161,0.076445073866,0.136356548873,3
14.270000,-0.035639897005,-0.054223035489,0.058035131972,0.087054100301,3
14.280000,-0.098553637559,-0.010566256610,0.038228465643,0.106235026429,3
14.290000,-0.080299471208,0.050158843997,-0.016848415411,0.096165398191,3
14.300000,-0.037669949732,0.082110563504,-0.057257483011,0.106956014850,3
14.310000,0.022373506446,0.054856204558,-0.077335175660,0.097419229947,3
14.320000,0.069778683473,0.000889611104,-0.026269255424,0.074564937173,3
14.330000,0.036408619785,-0.061661844064,0.015532193015,0.073273594342,3
14.340000,-0.011965217273,-0.072100240669,0.067022083912,0.099164362857,3
14.350000,-0.038935436973,-0.028823969834,0.064121177400,0.080363641533,3
14.360000,-0.078389952745,0.027313133938,0.026785063593,0.087226324058,3
14.370000,-0.038445445165,0.084542189841,-0.027037462880,0.096728788455,3
14.380000,0.001708653098,0.075180736911,-0.078877856640,0.108980635738,3
14.390000,0.074312964382,0.026311784924,-0.069283157302,0.104951810784,3
14.400000,0.076912244900,-0.021860970914,-0.035300601828,0.087404393221,3
14.410000,0.057996263685,-0.082297786003,0.045890618615,0.110645565023,3
14.420000,-0.027738181670,-0.058056987791,0.058788099209,0.087155385160,3
14.430000,-0.069632973269,0.011422534493,0.051994531845,0.087650764984,3
14.440000,-0.067785216143,0.010794075584,0.016825511252,0.070671390422,3
14.450000,-0.014009795914,0.056091261525,-0.060472161894,0.083662335403,3
14.460000,0.025380980092,0.057294738073,-0.080885664600,0.102319948686,3
14.470000,0.081113492303,0.008178636407,-0.062156304680,0.102516803201,3
14.480000,0.085804934677,-0.038051171272,0.003985747885,0.093948201879,3
14.490000,0.053280871754,-0.077979123065,0.076029936483,0.121244159325,3
14.500000,-0.018744813499,-0.025648284263,0.070365903444,0.077204681764,3
14.510000,-0.098347121145,-0.015605523283,0.046573347122,0.109930729355,3
14.520000,-0.074931821299,0.064928191597,-0.030787563993,0.103818697757,3
14.530000,0.001371470766,0.095948434067,-0.056360456542,0.111285596524,3
14.540000,0.037151646438,0.041945569675,-0.049216523755,0.074578427571,3
14.550000,0.053201417688,-0.017581595475,-0.034847504775,0.065983724754,3
14.560000,0.067965831472,-0.087312736746,0.003925731759,0.110717115279,3
14.570000,-0.016358189363,-0.049756220948,0.059516025878,0.079280698903,3
14.580000,-0.072339496313,-0.019808598362,0.080304775807,0.109882848131,3
14.590000,-0.094913131074,0.019228240190,0.023075862255,0.099552614681,3
14.600000,-0.045067301161,0.081278086488,-0.031189988174,0.098030629599,3
14.610000,-0.001466720621,0.056680935168,-0.061343613786,0.083533937014,3
14.620000,0.033056542602,0.022385707176,-0.059600128523,0.071735836333,3
14.630000,0.051353110933,-0.035386372258,-0.013592751873,0.063828678880,3
14.640000,0.015952694283,-0.074669943995,0.038969563861,0.085724651639,3
14.650000,-0.039511771147,-0.052209820051,0.066355579025,0.093220750033,3
14.660000,-0.075591580370,0.004335684351,0.047810295217,0.089547247364,3
14.670000,-0.070959670988,0.049582345770,-0.002030553015,0.086589878533,3
14.680000,-0.042318086812,0.040924274103,-0.035763427022,0.068881342864,3
14.690000,0.028921453145,0.062222974491,-0.086822706910,0.110663144007,3
14.700000,0.047253686007,0.041749279415,-0.052778038562,0.082227942497,3
14.710000,0.069971499132,-0.050023431231,0.003934702675,0.086103636672,3
14.720000,0.036004168367,-0.078167227771,0.079053620839,0.116858421199,3
14.730000,-0.012792340646,-0.040607376392,0.056511229041,0.070753953984,3
14.740000,-0.057758370014,0.005951019104,0.035360351206,0.067983809635,3
14.750000,-0.046165083285,0.042541027314,-0.019082400475,0.065613199339,3
14.760000,0.005023282445,0.056718584863,-0.052331195536,0.077335536861,3
14.770000,0.062339520280,0.045047880902,-0.043989652357,0.088603706903,3
14.780000,0.057115713416,-0.016404483130,-0.010876701493,0.060412038711,3
14.790000,0.044148077075,-0.038934488848,0.034422534071,0.068189867159,3
14.800000,0.012648394204,-0.039609242916,0.048780871542,0.064097171769,3
14.810000,-0.028436306341,-0.030799646478,0.052801920023,0.067418725140,3
14.820000,-0.044692508325,0.029813322651,0.013127656784,0.055304519530,3
14.830000,-0.033075523927,0.069688748963,-0.030025827338,0.082777184794,3
14.840000,0.014663283724,0.075254346501,-0.054948968248,0.094327184143,3
14.850000,0.041982605643,-0.006841867531,-0.065071056992,0.077740547888,3
14.860000,0.082356862581,-0.041554976048,-0.009608713639,0.092745869053,3
14.870000,0.049468009542,-0.057656382142,0.018769782015,0.078253735289,3
14.880000,-0.009363557936,-0.055946590982,0.067019599808,0.087802756325,3
14.890000,-0.066138471915,-0.017103359661,0.031964806001,0.075422617308,3
14.900000,-0.061730000182,0.020407298951,-0.014455134360,0.066603315850,3
14.910000,-0.039414839712,0.031462415099,-0.052823197387,0.073032207522,3
14.920000,0.020010698899,0.030797588982,-0.049688050875,0.061788526097,3
14.930000,0.035506312305,-0.009364608219,-0.030020118268,0.047429965227,3
14.940000,0.035758983292,-0.064900000549,0.019522244566,0.076627886504,3
14.950000,0.003098948379,-0.060124643703,0.037990074637,0.071188636961,3
14.960000,-0.046046015876,-0.028508598749,0.027554470141,0.060763678340,3
14.970000,-0.067474798529,0.006956878386,0.020885044207,0.070974866431,3
14.980000,-0.050130638123,0.049537754893,-0.015108068427,0.072078594396,3
14.990000,-0.016767640624,0.054446845755,-0.046802595545,0.073729883592,3
15.000000,0.024195242853,0.018906940502,-0.050932532111,0.059472724866,3
15.010000,0.059094607117,-0.016403776716,-0.024085534397,0.065889069261,3
15.020000,0.044057348388,-0.046656775773,0.021094410932,0.067549084709,3
15.030000,0.007427694477,-0.041420282718,0.044237683348,0.061055573813,3
15.040000,-0.035589362209,-0.008041501221,0.040073822235,0.054195753273,3
15.050000,-0.055049724184,-0.000560516343,-0.001075891832,0.055063089765,3
15.060000,-0.042781076213,0.053951924017,-0.032021106419,0.075936696289,3
15.070000,0.006319238657,0.041151422631,-0.015954433535,0.044586055120,3
15.080000,0.036744786145,0.009440291727,-0.042568477797,0.057020818292,3
15.090000,0.054038423310,-0.027589647995,-0.008583170833,0.061278142040,3
15.100000,0.024252761858,-0.042585555798,0.034764272169,0.060085610921,3
15.110000,0.001574568002,-0.037161884812,0.055032780663,0.066423579358,3
15.120000,-0.031320133720,-0.012053570205,0.027645006949,0.043479716422,3
15.130000,-0.035602528740,0.038684545268,0.004160100175,0.052738416062,3
15.140000,-0.013186585174,0.041044037904,-0.044651825597,0.062066775373,3
15.150000,0.045133733318,0.003750997239,-0.039796531942,0.060290030835,3
15.160000,0.044658396552,-0.012499218272,-0.017112995980,0.049431340983,3
15.170000,0.048600389109,-0.038922403831,0.014269074203,0.063879244048,3
15.180000,0.003491595329,-0.026593810188,0.049561128961,0.056353593338,3
15.190000,-0.015898669200,-0.030174229064,0.022323051599,0.040762365174,3
15.200000,-0.043705926386,0.005804479043,0.017280653053,0.047355263152,3
15.210000,-0.043231333699,0.028709568922,-0.013955758837,0.053739657292,3
15.220000,-0.001737167316,0.033454995467,-0.045616331499,0.056595973102,3
15.230000,0.019387861266,0.020993976204,-0.036867818112,0.046646245440,3
15.240000,0.043675014865,-0.007738702296,-0.003291994556,0.044477316296,3
15.250000,0.015286299396,-0.022022743502,0.017866014684,0.032215938001,3
15.260000,-0.008238363593,-0.033396937367,0.036034083222,0.049816475326,3
15.270000,-0.037107342727,-0.025817155739,0.028887764303,0.053646839060,3
15.280000,-0.037889698587,0.017299393969,-0.004903501503,0.041939749852,3
15.290000,-0.040237447789,0.044285492821,-0.034714914827,0.069176458354,3
15.300000,-0.004119262158,0.033658756674,-0.046095476824,0.057224760421,3
15.310000,0.016768388634,0.012873242668,-0.042197217501,0.047196444771,3
15.320000,0.020684800768,-0.023158481003,-0.004318425164,0.031350040209,3
15.330000,0.012490362860,-0.029707176535,0.020597162061,0.038246157807,3
15.340000,-0.012117524481,-0.034074165016,0.030964224029,0.047609518909,3
15.350000,-0.051261104841,0.000991911607,0.028599620604,0.058707947136,3
15.360000,-0.031216147780,0.039037561648,-0.009637445727,0.050904414954,3
15.370000,-0.004177774167,0.031706223101,-0.026986963196,0.041845364891,3
15.380000,0.020143261882,0.020653842605,-0.033144422788,0.043941836278,3
15.390000,0.040314049557,0.001497126535,-0.009596018615,0.041467427613,3
15.400000,0.031512468810,-0.033625096509,0.004505076216,0.046303115634,3
15.410000,0.013641960351,-0.040759420752,0.031234122190,0.053131947557,3
15.420000,-0.021564189340,-0.014867622641,0.032896704096,0.042050607669,3
15.430000,-0.041682251573,0.013757855049,0.016865838177,0.047022815411,3
15.440000,-0.006422150243,0.034086966672,-0.018282212489,0.039209751391,3
15.450000,0.002010930294,0.031299132760,-0.023931197125,0.039451004398,3
15.460000,0.025264293589,0.010541383688,-0.034816271326,0.044289705911,3
15.470000,0.040530864461,-0.008835364904,-0.009693649913,0.042600252294,3
15.480000,0.027736504973,-0.039711937101,0.023021583476,0.053631566845,3
15.490000,-0.012038357273,-0.035503496076,0.030699905095,0.048455179829,3
15.500000,-0.030164430178,-0.003266714932,0.022923362915,0.038026896294,3
15.510000,-0.022484559642,0.010141363323,0.002644138633,0.024807138921,3
15.520000,-0.015443158431,0.026199982571,-0.021717861573,0.037371054847,3
15.530000,0.008802901744,0.028564998559,-0.030504398130,0.042707944542,3
15.540000,0.022817520001,0.013233916735,-0.019868864426,0.033023439323,3
15.550000,0.023007924183,-0.024740439043,-0.007972085053,0.034713225712,3
15.560000,0.015859718359,-0.042157017621,0.024821634052,0.051428186028,3
15.570000,-0.021273838238,-0.023456170925,0.035399678592,0.047496372412,3
15.580000,-0.030438961911,-0.004990816708,0.020795630664,0.037200764890,3
15.590000,-0.028709221596,0.019011665153,-0.002602361756,0.034531653642,3
15.600000,-0.014511712319,0.038339817164,-0.029217023947,0.050340499232,3
15.610000,0.004878753025,0.033650717976,-0.026390581206,0.043042256304,3
15.620000,0.030515722175,-0.006965061785,-0.015471484563,0.034915443863,3
15.630000,0.019546650248,-0.030652114097,0.015928443240,0.039690539661,3
15.640000,-0.005547877755,-0.024982009705,0.010684202828,0.027731425253,3
15.650000,-0.028527545647,-0.016504838477,0.035946772276,0.048768852671,3
15.660000,-0.046706205924,0.006295336077,0.012967548430,0.048880039284,3
15.670000,-0.041482853479,0.027013735533,-0.023289028456,0.054707841181,3
15.680000,-0.006481190479,0.027706287036,-0.041130192664,0.050013367413,3
15.690000,0.040200579013,0.017512018797,-0.033741848722,0.055328742173,3
15.700000,0.041808007703,-0.006128833699,0.001348649707,0.042276364160,3
15.710000,0.025908981963,-0.033075001755,0.024452525776,0.048612314327,3
15.720000,-0.017487302584,-0.033287126390,0.039521092051,0.054550483517,3
15.730000,-0.024832600360,-0.003668005374,0.022817716695,0.033922861012,3
15.740000,-0.028770655241,0.024440484261,0.006349499786,0.038280595886,3
15.750000,-0.011324228447,0.034037419145,-0.015350468104,0.039018212708,3
15.760000,0.017781926407,0.032809359735,-0.033697924167,0.050281220014,3
15.770000,0.035548529860,0.010395504539,-0.028822964058,0.046931095735,3
15.780000,0.035797061805,-0.016953757378,0.003513767996,0.039764382161,3
15.790000,0.024801769526,-0.037175496647,0.042551711531,0.061707321095,3
15.800000,-0.007730736118,-0.018321514014,0.039221141332,0.043974311638,3
15.810000,-0.034349775014,-0.000727542203,0.022800154544,0.041234492944,3
15.820000,-0.005482842226,0.037611004230,-0.000762456820,0.038016187847,3
15.830000,-0.005424531523,0.030172245421,-0.024260615017,0.039094339449,3
15.840000,0.018822922090,0.018165094233,-0.034046198101,0.042935028236,3
15.850000,0.047448100036,0.006401654679,-0.025778234663,0.054376656407,3
15.860000,0.023585551398,-0.036439044272,0.014770194086,0.045850199733,3
15.870000,0.005531632785,-0.038597076203,0.028920176776,0.048545956345,3
15.880000,-0.015215202359,-0.032143105981,0.035833586796,0.050484924359,3
15.890000,-0.045369300663,0.010323114232,0.011169523051,0.047850792839,3
15.900000,-0.046264430438,0.038783372400,-0.043130886772,0.074194480200,3
15.910000,0.015664590322,0.040030679832,-0.035945912864,0.056035197594,3
15.920000,0.033301786964,0.025588183963,-0.023530558401,0.048139914335,3
15.930000,0.043939830274,-0.004394408079,0.006690376505,0.044662967262,3
15.940000,0.009633304941,-0.051198775279,0.028635927973,0.059448562009,3
15.950000,-0.022720211834,-0.037508415641,0.051934801796,0.067972883618,3
15.960000,-0.052224665395,-0.022453140063,0.034128483955,0.066304695093,3
15.970000,-0.043048640192,0.014808295297,0.006956528951,0.046052842768,3
15.980000,-0.022287253276,0.031329136831,-0.036122298518,0.052754686269,3
15.990000,0.002583053425,0.030044865172,-0.043006606647,0.052525558573,3
16.000000,0.036399830994,0.006936984021,-0.019455405281,0.041851908419,3
16.010000,0.046936407146,-0.027551155079,0.004887846735,0.054644153463,3
16.020000,0.010898148809,-0.038389363786,0.035886257481,0.053668765361,3
16.030000,-0.025605511002,-0.031467148225,0.050338302133,0.064651127389,3
16.040000,-0.051529698776,0.006362144148,0.013073797049,0.053541674454,3
16.050000,-0.052656167548,0.035406241114,-0.007907504179,0.063943744909,3
16.060000,0.007115909484,0.034014494002,-0.039295462513,0.052457176288,3
16.070000,0.044174033268,0.007537076073,-0.041584759285,0.061134645952,3
16.080000,0.040017797773,-0.006527783966,-0.021580106029,0.045931874317,3
16.090000,0.043876226861,-0.037880034458,0.028377824362,0.064539299730,3
16.100000,0.014934647552,-0.054304004766,0.053162502813,0.077448178394,3
16.110000,-0.009729391608,-0.022228468480,0.049767191826,0.055367312146,3
16.120000,-0.017203706443,0.026857852373,0.002306285060,0.031978597534,3
16.130000,-0.040231223955,0.046991406514,-0.043248401817,0.075479586160,3
16.140000,0.012910303195,0.050118425669,-0.051341664824,0.072900610883,3
16.150000,0.057404427014,0.011937202906,-0.035221718827,0.068398351816,3
16.160000,0.067765321228,-0.039699396805,0.006111768036,0.078775215495,3
16.170000,0.026303496394,-0.051820372761,0.037468137377,0.069145399515,3
16.180000,-0.003977726647,-0.034747567852,0.068181979524,0.076628963928,3
16.190000,-0.041136016475,0.017136495293,0.038820626966,0.059100527920,3
16.200000,-0.045521583850,0.038198503679,0.026356884355,0.065007889002,3
16.210000,-0.013423146574,0.072686670603,-0.038662960028,0.083416769450,3
16.220000,0.034755866910,0.024849751573,-0.044424297153,0.061636017194,3
16.230000,0.048272548558,-0.002780335150,-0.020508162600,0.052521937713,3
16.240000,0.044329961297,-0.041691287916,0.030988612538,0.068290578147,3
16.250000,0.008510004543,-0.064891438779,0.039854887907,0.076627221627,3
16.260000,-0.056870249772,-0.036468451430,0.048889858953,0.083392994714,3
16.270000,-0.076091537027,-0.000289192184,0.009998961350,0.076746236828,3
16.280000,-0.065264087464,0.050801017092,-0.005646754893,0.082897709804,3
16.290000,-0.015032860291,0.051733963711,-0.055787523740,0.077554095281,3
16.300000,0.027388512632,0.030125296211,-0.055513237258,0.068843181266,3
16.310000,0.044161779421,-0.039345707859,0.003168442503,0.059231634423,3
16.320000,0.024699824001,-0.065533294786,0.026013711784,0.074708816294,3
16.330000,-0.001208756910,-0.033150357391,0.032143141080,0.046190787035,3
16.340000,-0.035237965457,-0.030388626010,0.041613715937,0.062425028269,3
16.350000,-0.065839925669,0.022944930240,0.016991935884,0.071764138125,3
16.360000,-0.048084967281,0.055311995953,-0.040107180820,0.083547393305,3
16.370000,0.000521786837,0.056377281332,-0.084664265677,0.101718769136,3
16.380000,0.039279152379,0.037295106050,-0.058264419632,0.079551991439,3
16.390000,0.071190021769,-0.027095616627,-0.004595506185,0.076310617328,3
16.400000,0.038234334488,-0.052054141071,0.067159389068,0.093176614428,3
16.410000,-0.020968165386,-0.057854149389,0.039188909365,0.072955720670,3
16.420000,-0.055265928231,-0.005357741961,0.055777135562,0.078702713255,3
16.430000,-0.064324504616,0.048938915618,-0.019432404486,0.083128080093,3
16.440000,-0.007233546638,0.076831977549,-0.044629932562,0.089147674403,3
16.450000,0.043577321833,0.037722444579,-0.069676378311,0.090425458239,3
16.460000,0.101234915924,-0.008231158198,-0.019956918737,0.103511056283,3
16.470000,0.081494441197,-0.050963704972,0.055623647237,0.111052389899,3
16.480000,0.037963777479,-0.086515256419,0.068380522810,0.116627757817,3
16.490000,-0.014652859770,-0.021925278286,0.061133154449,0.066578425186,3
16.500000,-0.058964994562,0.014664173185,0.026283803855,0.066202317966,3
16.510000,-0.058611589651,0.058302126707,-0.032411425014,0.088797279752,3
16.520000,-0.040128418496,0.060724560805,-0.059163463613,0.093798068650,3
16.530000,0.047180299043,0.025009679743,-0.057612622317,0.078553669226,3
16.540000,0.039518986724,-0.033002595813,-0.022203549009,0.056070662834,3
16.550000,0.072323952532,-0.051407677152,0.046234167551,0.100055492749,3
16.560000,-0.001830457853,-0.075344418742,0.077343700620,0.107991573917,3
16.570000,-0.051565484431,-0.027026791421,0.056759032212,0.081308267579,3
16.580000,-0.078734459307,0.028679476813,0.013643142255,0.084898544176,3
16.590000,-0.078031666048,0.080609010368,-0.048896996141,0.122383290078,3
16.600000,0.010035535274,0.065274992652,-0.065310397971,0.092881562848,3
16.610000,0.031356572395,0.023269577284,-0.071750957600,0.081687867985,3
16.620000,0.051729187141,-0.049492190078,-0.013189742356,0.072796668773,3
16.630000,0.013445892160,-0.052591164996,0.075425200091,0.092927840072,3
16.640000,-0.041017114745,-0.050603563464,0.047864392224,0.080833930872,3
16.650000,-0.065836471856,-0.026376501325,0.032283261641,0.077925411971,3
16.660000,-0.061834857593,0.025428906296,-0.000528719534,0.066861486921,3
16.670000,-0.023027840101,0.049628286771,-0.077447279077,0.094822620213,3
16.680000,0.034673765965,0.066941047067,-0.071459342011,0.103874016911,3
16.690000,0.077333383067,-0.005973280713,-0.025537048244,0.081659494562,3
16.700000,0.074131585277,-0.055158800040,-0.009062245494,0.092844544540,3
16.710000,0.003705455564,-0.069394951375,0.058837860740,0.091056485401,3
16.720000,-0.050823442650,-0.059979210360,0.077630965770,0.110485722356,3
16.730000,-0.066053109803,0.011695171495,0.042300572102,0.079304027332,3
16.740000,-0.036792767667,0.061288966706,-0.066158111080,0.097400928405,3
16.750000,0.024948860721,0.069331818407,-0.080681525010,0.109265068401,3
16.760000,0.071716375719,0.021867583070,-0.063044966919,0.097959673281,3
16.770000,0.091737307078,-0.039813799350,-0.003506581606,0.100065819555,3
16.780000,0.063225511142,-0.053671602015,0.040650300851,0.092360993289,3
16.790000,-0.009661541674,-0.078644054068,0.067566811403,0.104132159446,3
16.800000,-0.051293194542,-0.017856584001,0.069742956134,0.088396432783,3
16.810000,-0.044067360601,0.063285002348,0.006814206142,0.077416775946,3
16.820000,-0.013965696488,0.109800368767,-0.060563150826,0.126170745016,3
16.830000,-0.000901394281,0.044319549372,-0.075437095939,0.087497373743,3
16.840000,0.057532198554,0.029542303652,-0.064290364423,0.091191844664,3
16.850000,0.088454256911,-0.031911386106,0.007024495325,0.094296530495,3
16.860000,0.027657628143,-0.057870548804,0.065943739761,0.091991965014,3
16.870000,-0.023993440909,-0.052186521585,0.069924660911,0.090490753369,3
16.880000,-0.092497878698,-0.013846292767,0.042394291725,0.102688136403,3
16.890000,-0.111603362221,0.059353952852,-0.026424721432,0.129137400009,3
16.900000,-0.022626705438,0.083084828222,-0.040676087331,0.095234450490,3
16.910000,0.032145647785,0.043183933853,-0.065606478947,0.084866983536,3
16.920000,0.081634740928,-0.013020676840,-0.005215518630,0.082830976007,3
16.930000,0.042116721804,-0.102919460202,0.027081397141,0.114453639588,3
16.940000,0.016950687197,-0.072813179768,0.051904287531,0.091011757529,3
16.950000,-0.051457772811,-0.030447051509,0.067987373987,0.090538435760,3
16.960000,-0.091648881776,0.007417935317,0.014229972831,0.093043191164,3
16.970000,-0.074896214462,0.060905935727,-0.032730226999,0.101932544886,3
16.980000,-0.009217720173,0.049791395061,-0.085196566737,0.099109052922,3
16.990000,0.033000735386,0.013420460938,-0.029069928880,0.045980627148,3
17.000000,0.070030882028,-0.017093200524,-0.008300955027,0.072563129730,3
17.010000,0.038296457276,-0.078740642374,0.039461363457,0.096041171418,3
17.020000,-0.030735996993,-0.094868306856,0.063916705855,0.118448480126,3
17.030000,-0.052030294702,-0.040687142060,0.037960430714,0.076181292952,3
17.040000,-0.059847414772,0.046953356891,0.002201887128,0.076099796880,3
17.050000,-0.056865656668,0.087294678416,-0.074207161870,0.127909212572,3
17.060000,0.021882021562,0.071807470471,-0.074679104477,0.105887224577,3
17.070000,0.104503170855,-0.008818059674,-0.052354779886,0.117216440281,3
17.080000,0.099686593235,-0.048437543522,-0.003316683380,0.110881075400,3
17.090000,0.037094767234,-0.060721820356,0.061039061086,0.093749283740,3
17.100000,-0.000705186801,-0.050606298048,0.077732136610,0.092756561776,3
17.110000,-0.053759972410,-0.020369305367,0.042292053903,0.071369889014,3
17.120000,-0.056941305040,0.064091574846,-0.002791128862,0.085777809405,3
17.130000,-0.000382681278,0.070462576065,-0.043039193993,0.082568113036,3
17.140000,0.054585867435,0.050068408249,-0.047740455534,0.088122718540,3
17.150000,0.088736556548,-0.014833994374,-0.025289452645,0.093454696363,3
17.160000,0.069349128930,-0.056131038259,0.031681127765,0.094676760590,3
17.170000,0.000299288572,-0.071871844480,0.071946699364,0.101695521789,3
17.180000,-0.024699574457,-0.008275766714,0.064216896813,0.069299113482,3
17.190000,-0.072048811667,0.035354864366,0.006506640801,0.080519153444,3
17.200000,-0.040576449743,0.053457646336,-0.041464629531,0.078889059620,3
17.210000,0.020693606379,0.070010141344,-0.090595803570,0.116349666353,3
17.220000,0.059027515175,0.011538920170,-0.045470321372,0.075398569961,3
17.230000,0.065821685249,-0.059263829240,-0.018604527360,0.090503172008,3
17.240000,0.032122605061,-0.078779750559,0.045028931079,0.096258586568,3
17.250000,-0.034650999451,-0.046943436830,0.054604389025,0.079912560497,3
17.260000,-0.082648617175,-0.023375399346,0.061221615308,0.105476487411,3
17.270000,-0.076608038584,0.030187279810,0.006254396189,0.082578331963,3
17.280000,-0.047957315118,0.077451490549,-0.074078084217,0.117414649950,3
17.290000,-0.010604610006,0.043922014445,-0.076862128451,0.089159339928,3
17.300000,0.055390370302,0.004991712558,-0.048754749410,0.073959691092,3
17.310000,0.040910601665,-0.047575541995,-0.019755624258,0.065782932547,3
17.320000,0.010217474464,-0.070570420599,0.060543777394,0.093542129701,3
17.330000,-0.028739772309,-0.048423313929,0.063661785602,0.084991851317,3
17.340000,-0.043356117089,0.004168356896,0.025134764827,0.050288015383,3
17.350000,-0.075401793236,0.049723080874,-0.025284285086,0.093792911604,3
17.360000,-0.030782211481,0.066085437400,-0.047697197910,0.087119758198,3
17.370000,0.032541021789,0.011672028120,-0.066179004207,0.074664683334,3
17.380000,0.058459435573,-0.020617460119,-0.019990141748,0.065132104498,3
17.390000,0.081594929180,-0.049830725184,0.034070493212,0.101496956348,3
17.400000,0.015024287197,-0.039352818000,0.057326443381,0.071138559171,3
17.410000,-0.025427474539,-0.013408500283,0.046154734810,0.054374662175,3
17.420000,-0.067503810361,0.012167583674,0.018642935866,0.071080050390,3
17.430000,-0.023458465467,0.059762075261,-0.018368514070,0.066777298169,3
17.440000,0.003220599620,0.056422231913,-0.046806488960,0.073380432847,3
17.450000,0.064849382625,0.019822021454,-0.036849125898,0.077176505757,3
17.460000,0.079831954786,-0.011108652550,-0.004503271165,0.080726839512,3
17.470000,0.044467399679,-0.066244299656,0.033635622690,0.086585287346,3
17.480000,-0.001535403193,-0.050912795474,0.072237652484,0.088389754170,3
17.490000,-0.021962890421,0.010531091923,0.064604717023,0.069043768106,3
17.500000,-0.052846552886,0.045961318302,0.006338945393,0.070323418295,3
17.510000,-0.025842837264,0.052907242389,-0.038027507566,0.070093650688,3
17.520000,0.012914609176,0.056092013372,-0.040552893710,0.070410498383,3
17.530000,0.054745479809,0.019989931475,-0.050316491880,0.076996196497,3
17.540000,0.048428663362,-0.024515616585,0.011469592731,0.055478846861,3
17.550000,0.012804751066,-0.057748543483,0.054728196790,0.080585553594,3
17.560000,-0.025696580951,-0.022131391680,0.053665496795,0.063483055350,3
17.570000,-0.040168212024,0.011744678881,0.032110963658,0.052749755698,3
17.580000,-0.039709070321,0.043589349569,-0.010915747200,0.059966617367,3
17.590000,-0.016393741529,0.056671107889,-0.046674660601,0.075225615138,3
17.600000,0.024070564388,0.018250643576,-0.044165058744,0.053507293660,3
17.610000,0.042963466756,-0.032650380500,-0.020427655370,0.057699184799,3
17.620000,0.030580086243,-0.039900506334,0.027545010047,0.057322941819,3
17.630000,-0.001548799043,-0.032489453408,0.054698455688,0.063638702186,3
17.640000,-0.045010177039,-0.016352704496,0.044676384840,0.065492796121,3
17.650000,-0.055781655330,0.019163233702,0.009327847209,0.059714582229,3
17.660000,-0.046250206524,0.049133580069,-0.030100574337,0.073886635255,3
17.670000,0.012384297128,0.034782952085,-0.036822628821,0.052145283243,3
17.680000,0.041910006855,0.023586118085,-0.043080799372,0.064565539689,3
17.690000,0.052091656626,-0.009808580876,-0.005830914525,0.053326808578,3
17.700000,0.021267837946,-0.045171884721,0.035672484949,0.061362417510,3
17.710000,-0.003172976580,-0.045121282846,0.057637948026,0.073267530317,3
17.720000,-0.028752949611,0.002580625832,0.022909421551,0.036854217354,3
17.730000,-0.051313481610,0.031883395748,0.003402853140,0.060507881544,3
17.740000,-0.027772047091,0.044062123467,-0.022738653047,0.056831361645,3
17.750000,0.022503436321,0.034044634497,-0.039346580775,0.056688580887,3
17.760000,0.023011357969,-0.000480124494,-0.011545781112,0.025749916051,3
17.770000,0.038626487647,-0.035244625349,0.006902038924,0.052743030869,3
17.780000,0.018584426270,-0.036039472725,0.046406526221,0.061626213334,3
17.790000,-0.018953435045,-0.035752585888,0.036436997147,0.054453051877,3
17.800000,-0.026036211990,0.021277434189,0.031946647625,0.046381050386,3
17.810000,-0.026277524394,0.020445364617,-0.010433524388,0.034890968083,3
17.820000,0.004949325733,0.040838413165,-0.043282751131,0.059713217636,3
17.830000,0.036672959713,0.033217231081,-0.041438264896,0.064540066722,3
17.840000,0.036288246048,-0.008162708385,-0.019438259974,0.041967994475,3
17.850000,0.027147911860,-0.036872186058,0.021946492182,0.050776133588,3
17.860000,0.006670157269,-0.017160565362,0.037687852792,0.041944609304,3
17.870000,-0.029650831918,-0.006518300114,0.030384034042,0.042951712358,3
17.880000,-0.046478721734,0.007445051640,0.019397370409,0.050911279170,3
17.890000,-0.033304305120,0.030680946634,-0.020969058998,0.049901890357,3
17.900000,0.010628615344,0.027977447801,-0.028752682645,0.041502069935,3
17.910000,0.029688024183,0.003624243731,-0.050145342191,0.058387235472,3
17.920000,0.024426570251,-0.033376406499,-0.014468285762,0.043817498079,3
17.930000,0.021363065737,-0.046300213653,0.030236106587,0.059281637153,3
17.940000,-0.013428165566,-0.015543252046,0.031363361926,0.037490916045,3
17.950000,-0.031527503748,-0.003976244259,0.016027076460,0.035590183911,3
17.960000,-0.036948790496,0.015105358912,-0.015331847499,0.042760385109,3
17.970000,-0.015851952842,0.043070875655,-0.032838917501,0.056433848365,3
17.980000,0.017316457433,0.029043110970,-0.042702390941,0.054468855183,3
17.990000,0.025791344992,-0.009248002926,-0.022144619418,0.035229294682,3
18.000000,0.023425007729,-0.032465228755,0.009799307269,0.041215876652,3
18.010000,0.001866097289,-0.037626266778,0.026331336629,0.045962566936,3
18.020000,-0.027613836544,-0.019545620368,0.041480176641,0.053527192140,3
18.030000,-0.026676372225,0.001104585162,0.012237244149,0.029370037246,3
18.040000,-0.020026880710,0.023863710740,-0.010502765294,0.032876446281,3
18.050000,-0.010092396954,0.024440183029,-0.043028795419,0.050504022196,3
18.060000,0.026428907412,0.020114977498,-0.032585955951,0.046528958638,3
18.070000,0.031937677713,-0.011255820702,-0.016388980071,0.037620571834,3
18.080000,0.031004160042,-0.032532829154,0.018171313602,0.048475143638,3
18.090000,0.003872944260,-0.018998029022,0.019180886199,0.027273268952,3
18.100000,-0.017648976132,-0.009519915879,0.017812669242,0.026821751293,3
18.110000,-0.027164602825,0.013712152603,0.000319833754,0.030430922912,3
18.120000,-0.014988083373,0.049724416308,-0.022210911728,0.056484376780,3
18.130000,0.010732666627,0.032787845112,-0.029543002343,0.045420500960,3
18.140000,0.042170651431,0.003320019915,-0.020102251336,0.046834676076,3
18.150000,0.033446395113,-0.019751801074,-0.002933035688,0.038953789162,3
18.160000,0.025171427866,-0.034968085206,0.033213406851,0.054401269824,3
18.170000,-0.008289767892,-0.019148223145,0.034243279291,0.040099587004,3
18.180000,-0.024593691866,0.003392912267,0.020882662961,0.032441441792,3
18.190000,-0.035688817595,0.012293584130,-0.011573607179,0.039481290445,3
18.200000,-0.016125170289,0.039525891814,-0.021642936231,0.047861612271,3
18.210000,0.016787775828,0.013167065299,-0.036418549350,0.042207958522,3
18.220000,0.021849691092,-0.000010663768,-0.016454897259,0.027352746815,3
18.230000,0.029518041230,-0.035311002207,0.010271594671,0.047155988930,3
18.240000,0.000474398448,-0.036055231998,0.021696556583,0.042082601820,3
18.250000,-0.016495823479,-0.016206147664,0.033988245467,0.041109028744,3
18.260000,-0.038639021836,0.006681888337,0.017469825904,0.042928038126,3
18.270000,-0.043605282180,0.022306358176,0.000559982209,0.048982729907,3
18.280000,-0.005505533984,0.028809228670,-0.034006413697,0.044907891663,3
18.290000,0.013918989151,0.011511860182,-0.032660999768,0.037322943208,3
18.300000,0.026426367825,-0.005049695986,-0.003001336793,0.027071393915,3
18.310000,0.013444370110,-0.022478598877,0.019228531888,0.032492690466,3
18.320000,-0.008577829481,-0.041119776832,0.024777757455,0.048768355209,3
18.330000,-0.042636017872,-0.003897576744,0.033914170219,0.054618605494,3
18.340000,-0.035374925688,0.014768687420,-0.003084643623,0.038457957848,3
18.350000,-0.021536954156,0.028251294799,-0.033775000872,0.049017616588,3
18.360000,0.016481964960,0.032912776110,-0.038907941168,0.053560562788,3
18.370000,0.038278852333,-0.000069387226,-0.036208145680,0.052690655378,3
18.380000,0.031668117709,-0.017247238038,0.009757684505,0.037357051624,3
18.390000,0.016217665582,-0.041250713632,0.033708983545,0.055685991269,3
18.400000,-0.009573645314,-0.024403757668,0.048738159395,0.055340819059,3
18.410000,-0.027240077515,0.007356491415,0.014491938476,0.031719963268,3
18.420000,-0.022848753320,0.020954979637,-0.009872220738,0.032536709148,3
18.430000,-0.011027822445,0.041316724196,-0.027758306631,0.050982429848,3
18.440000,0.029311044210,0.031483866035,-0.040635135705,0.059174195279,3
18.450000,0.052772884859,-0.000631963316,-0.023560072289,0.057796658729,3
18.460000,0.037723937074,-0.029781112437,0.012096020257,0.049561313465,3
18.470000,0.020603283871,-0.038094714846,0.030046483126,0.052711419576,3
18.480000,-0.027087982136,-0.008406313326,0.029757791196,0.041109013815,3
18.490000,-0.043422863413,0.014614624901,0.021880069113,0.050772726462,3
18.500000,-0.021460179591,0.028697827249,-0.013099648262,0.038153707309,3
18.510000,0.007903961785,0.033196778449,-0.043205065995,0.055056120813,3
18.520000,0.025476211994,0.019089990286,-0.030507726903,0.044092930357,3
18.530000,0.039307887936,-0.017033404204,-0.021071007685,0.047741326727,3
18.540000,0.030608873828,-0.040144122850,0.032178552412,0.059865791498,3
18.550000,-0.010047755515,-0.039724570783,0.032187363197,0.052105904314,3
18.560000,-0.027511256711,-0.003682339246,0.024265980544,0.036868234022,3
18.570000,-0.036485882952,0.017269338388,0.009089679664,0.041377191538,3
18.580000,-0.029722111400,0.047888341706,-0.035891306187,0.066819780284,3
18.590000,-0.002759528494,0.017560178425,-0.035981242508,0.040132588706,3
18.600000,0.038510992017,0.004385886156,-0.029460832510,0.048685451171,3
18.610000,0.034919627339,-0.025909716307,0.003351402288,0.043611072790,3
18.620000,0.004449254815,-0.048537931545,0.029158404695,0.056797352328,3
18.630000,-0.020253480671,-0.035989708366,0.051858816254,0.066293283301,3
18.640000,-0.051645872119,0.000698321082,0.011586450746,0.052934200666,3
18.650000,-0.047825519671,0.031660443126,-0.006703610657,0.057746016197,3
18.660000,-0.031062937679,0.033607946498,-0.033060753538,0.056457183684,3
18.670000,0.006903678690,0.015255973905,-0.048127084779,0.050957058476,3
18.680000,0.054198033693,-0.019391487808,-0.025403062145,0.062918774797,3
18.690000,0.027996507624,-0.040801986836,0.009739609905,0.050432792605,3
18.700000,-0.003181750229,-0.040739178222,0.037552188434,0.055497486726,3
18.710000,-0.015857259651,-0.007866149162,0.032581093210,0.037079059063,3
18.720000,-0.058898559382,0.010511099237,0.013781201773,0.061395806264,3
18.730000,-0.029491502651,0.056863947640,-0.028484258485,0.070104281262,3
18.740000,0.023594173671,0.046517160735,-0.043734197288,0.068067696351,3
18.750000,0.052505221179,0.019842941352,-0.046330287311,0.072780739862,3
18.760000,0.067737893665,-0.021660557485,-0.014579615146,0.072595917011,3
18.770000,0.048671434983,-0.045882709285,0.037981084524,0.076920051847,3
18.780000,0.004035932687,-0.031027041535,0.068881861486,0.075654985962,3
18.790000,-0.024429942499,-0.010425715531,0.038152127531,0.046487659329,3
18.800000,-0.033405852785,0.037534217824,0.013447346942,0.052015378955,3
18.810000,-0.020263755023,0.055098371408,-0.023070518590,0.063076930232,3
18.820000,0.034797230469,0.040300280217,-0.035726704230,0.064119866102,3
18.830000,0.059572287012,-0.001921788358,-0.026572453564,0.065258301684,3
18.840000,0.034963465245,-0.032052458996,0.010200598599,0.048516556364,3
18.850000,0.041963218670,-0.064392034128,0.052612803219,0.093141574192,3
18.860000,-0.021873943946,-0.041539177351,0.060071718068,0.076240304239,3
18.870000,-0.054969048873,-0.003651664491,0.031800028756,0.063609534006,3
18.880000,-0.065390315163,0.059050429229,-0.010326977117,0.088710162697,3
18.890000,-0.014447328692,0.065921031304,-0.064456536484,0.093321770076,3
18.900000,0.035781878088,0.036174975440,-0.055314971278,0.075157951643,3
18.910000,0.028247317735,-0.026881040417,-0.032109550685,0.050512617615,3
18.920000,0.027199355960,-0.039199717391,0.012766457028,0.049390335424,3
18.930000,0.006457934334,-0.062783260133,0.041659761370,0.075623927339,3
18.940000,-0.044127495414,-0.003695931906,0.041967678280,0.061009685988,3
18.950000,-0.076365518890,0.028071170386,0.034972172142,0.088559222594,3
18.960000,-0.076207825129,0.046425902036,-0.038330958183,0.097119819533,3
18.970000,-0.001519334348,0.041877984763,-0.062641880617,0.075366300108,3
18.980000,0.050482832270,0.015631457989,-0.044279217902,0.068945688559,3
18.990000,0.040606643989,-0.039784524845,-0.006304865369,0.057196671935,3
19.000000,0.029723204827,-0.073526387180,0.034762355515,0.086591107383,3
19.010000,-0.041286067871,-0.048604622945,0.062255161841,0.089121568364,3
19.020000,-0.048482076633,-0.015621335532,0.051692831093,0.072571941305,3
19.030000,-0.077020784223,0.053138524187,0.008674909503,0.093974241205,3
19.040000,-0.024698996513,0.081046935424,-0.049014670297,0.097883012187,3
19.050000,0.000386111006,0.045714699551,-0.052033740182,0.069263936895,3
19.060000,0.058035539796,-0.007876683449,-0.053955274827,0.079632516620,3
19.070000,0.052516793649,-0.031064142466,0.005247525799,0.061241579742,3
19.080000,0.038789126780,-0.044967579905,0.051891869269,0.078863462358,3
19.090000,-0.019197012991,-0.044621377015,0.071176937104,0.086172785553,3
19.100000,-0.053251045595,0.011120665802,0.026872858899,0.060675313021,3
19.110000,-0.037681334301,0.057636646574,-0.017078765997,0.070947517440,3
19.120000,0.004834648881,0.084468191240,-0.060119212980,0.103790986750,3
19.130000,0.056773882261,0.039452625851,-0.059017263140,0.090900059087,3
19.140000,0.097165192181,-0.046022293410,-0.023747263559,0.110104761881,3
19.150000,0.074459381052,-0.059097956369,0.024523659708,0.098174221459,3
19.160000,0.017606227035,-0.064032913845,0.068902221241,0.095695921427,3
19.170000,-0.041765218444,-0.022249596966,0.058616396726,0.075334321541,3
19.180000,-0.047963546393,0.054228931844,-0.014470174072,0.073828617549,3
19.190000,-0.044040252733,0.079211891121,-0.037536251573,0.098097083228,3
19.200000,0.019906787004,0.080692660514,-0.071493158202,0.109630549116,3
19.210000,0.052638032207,0.013794445674,-0.048607354583,0.072963854652,3
19.220000,0.059050860476,-0.039488504145,-0.003245852153,0.071111754575,3
19.230000,0.038621841251,-0.038897955630,0.054820557864,0.077524132620,3
19.240000,-0.048140653182,-0.065411922486,0.065914370288,0.104598978497,3
19.250000,-0.053954888512,-0.016836111763,0.037063478131,0.067589097233,3
19.260000,-0.083243860685,0.059963769038,-0.005481798048,0.102738717380,3
19.270000,-0.054689899019,0.079253291340,-0.052449744225,0.109649646202,3
19.280000,-0.002966035185,0.030345252853,-0.070733315282,0.077024889654,3
19.290000,0.060929578273,0.006761787395,-0.026164680716,0.066653775544,3
19.300000,0.054469872745,-0.053081338145,0.015272747401,0.077574817494,3
19.310000,0.008899555663,-0.066711501003,0.053634204091,0.086059597405,3
19.320000,-0.067312164071,-0.045297416967,0.059696810800,0.100729800136,3
19.330000,-0.081294408773,0.015256561098,0.021452411938,0.085450275203,3
19.340000,-0.054061476640,0.074158034315,-0.041731807838,0.100814686903,3
19.350000,-0.001234164461,0.048140722832,-0.058576922289,0.075830786503,3
19.360000,0.043162284673,0.015827976100,-0.058697963756,0.074558424036,3
19.370000,0.083600228460,-0.038143717852,-0.024652206481,0.095140279033,3
19.380000,0.075225934065,-0.071754109263,0.055821580473,0.117998483883,3
19.390000,-0.001046927201,-0.056400795462,0.067672392314,0.088100502080,3
19.400000,-0.024199846251,-0.019356994377,0.056001784606,0.064004106657,3
19.410000,-0.086902031847,0.023604778870,0.003369296903,0.090113821838,3
19.420000,-0.021765602939,0.080164607061,-0.056372357959,0.100388985643,3
19.430000,0.019695108365,0.069751453170,-0.099009268442,0.122702884034,3
19.440000,0.068739335734,0.018426816886,-0.059037131044,0.092466354419,3
19.450000,0.093786705111,-0.050344450480,-0.011632932781,0.107078638742,3
19.460000,0.028550795855,-0.075086284418,0.037847741805,0.088800617179,3
19.470000,-0.023878273969,-0.035943018111,0.077126751475,0.088377645996,3
19.480000,-0.058797010233,0.002697459598,0.035823557342,0.068903497453,3
19.490000,-0.055246956559,0.038578383134,-0.017103666693,0.069520164475,3
19.500000,0.005787894638,0.075647432124,-0.038146566900,0.084918751036,3
19.510000,0.056049320093,0.059952832310,-0.080520484293,0.114975722549,3
19.520000,0.044537317163,-0.000719159371,-0.064717172444,0.078564637207,3
19.530000,0.058128548198,-0.078111406531,0.014407132625,0.098427056323,3
19.540000,-0.006674044048,-0.057207650427,0.043771584138,0.072340926931,3
19.550000,-0.065669196132,-0.033635854704,0.044426176486,0.086124904641,3
19.560000,-0.091053172956,0.005488121593,0.016403837076,0.092681636017,3
19.570000,-0.045448296812,0.046251684635,-0.030144169350,0.071508299941,3
19.580000,-0.006434638650,0.095895748130,-0.083873567833,0.127562433596,3
19.590000,0.064058499700,0.044992878185,-0.069629633900,0.104767057743,3
19.600000,0.046073854371,-0.044926249131,-0.030786383815,0.071337012455,3
19.610000,0.024419182365,-0.067624926971,0.027260776438,0.076893284149,3
19.620000,-0.020603765703,-0.072974292694,0.080461676046,0.110561493602,3
19.630000,-0.068692549614,-0.009652693938,0.062854835825,0.093608606759,3
19.640000,-0.083422672119,0.065285399334,-0.010460333124,0.106446907700,3
19.650000,-0.038052601747,0.073178829994,-0.063052703245,0.103820927782,3
19.660000,0.004830258580,0.052484433741,-0.091473517998,0.105571547673,3
19.670000,0.048370924378,0.009507493428,-0.049146512732,0.069609758441,3
19.680000,0.073375066772,-0.059438545286,-0.012681812440,0.095276804398,3
19.690000,0.042956211035,-0.076060649441,0.039641748009,0.095926673272,3
19.700000,-0.025493460671,-0.027385285776,0.070828145793,0.080103037711,3
19.710000,-0.064376045579,-0.014858891101,0.028707796373,0.072036098324,3
19.720000,-0.057110996677,0.038139044587,-0.024012405666,0.072751964161,3
19.730000,-0.008969169885,0.068672355075,-0.068448010390,0.097372832383,3
19.740000,0.043573473015,0.037893664273,-0.076927825503,0.096189748306,3
19.750000,0.069564606883,-0.011541637499,-0.027978758443,0.075863395989,3
19.760000,0.070752599439,-0.050598066465,0.006001411294,0.087190088857,3
19.770000,0.037612954567,-0.049409298848,0.045668670206,0.077082038130,3
19.780000,-0.015461149778,-0.059059359473,0.059686835674,0.085378998862,3
19.790000,-0.041871349138,0.026981915621,0.045552693261,0.067500233426,3
19.800000,-0.052494500559,0.053030538303,-0.042957417251,0.086100233905,3
19.810000,0.004890307193,0.056049322633,-0.049564104403,0.074980278189,3
19.820000,0.053782562871,0.024592905560,-0.050312097435,0.077644589130,3
19.830000,0.063783948311,-0.031022972421,-0.008781976532,0.071469853727,3
19.840000,0.051197727577,-0.056113738604,0.026269812398,0.080374510963,3
19.850000,-0.009492420720,-0.066228728479,0.060043356884,0.089897470670,3
19.860000,-0.051158638787,-0.015323002542,0.042103549200,0.068005217334,3
19.870000,-0.057951101196,0.032990124838,0.015372916577,0.068432485201,3
19.880000,-0.026212489238,0.066626550196,-0.037917536426,0.081018092743,3
19.890000,0.005307640741,0.023144023342,-0.054811620835,0.059733831664,3
19.900000,0.052635604170,-0.001683018610,-0.028366286953,0.059816265460,3
19.910000,0.027648353793,-0.031533847599,0.002398074950,0.042006734881,3
19.920000,0.028602718053,-0.054758024934,0.054206174424,0.082187992556,3
19.930000,-0.064771182743,-0.023443791870,0.071357728149,0.099180859332,3
19.940000,-0.077301429466,-0.009897293552,0.029053860741,0.083172076090,3
19.950000,-0.066514459006,0.052062373484,-0.005241876648,0.084629434953,3
19.960000,-0.041303414220,0.042581763892,-0.055782855042,0.081430372460,3
19.970000,0.014769739344,0.024263850721,-0.043523875827,0.051973141324,3
19.980000,0.035520601001,-0.013055841620,-0.018942750917,0.042320159595,3
19.990000,0.026712624265,-0.043193465981,0.019534921615,0.054413720338,3
20.000000,-0.008413940890,-0.031922197927,0.038280975680,0.050549522458,3
20.010000,-0.034876131954,-0.020388382489,0.040672022468,0.057325771973,3
20.020000,-0.051387847273,0.010681046007,0.012148170520,0.053873682240,3
20.030000,-0.031903139070,0.052797861162,-0.023061040575,0.065857695209,3
20.040000,-0.001990699122,0.036224568531,-0.060715190350,0.070728470841,3
20.050000,0.037001030084,0.029972981100,-0.062513745905,0.078583867622,3
20.060000,0.046347119516,-0.033903504637,-0.008557097092,0.058057962630,3
20.070000,0.056915405991,-0.055927592388,0.037564295724,0.088194871408,3
20.080000,0.008709820288,-0.024425299542,0.048297218779,0.054818587805,3
20.090000,-0.021437859657,-0.007985978495,0.037730835396,0.044124524007,3
20.100000,-0.042968476039,0.027047555683,0.016079343236,0.053257914721,3
20.110000,-0.015144584190,0.050426704394,-0.025389464883,0.058453707097,3
20.120000,0.022926358566,0.035480211684,-0.041509100959,0.059223887078,3
20.130000,0.038000096648,0.005259295286,-0.042557474649,0.057295778035,3
20.140000,0.052395675431,-0.030147174419,0.006908949146,0.060843179631,3
20.150000,0.002708748496,-0.035111869149,0.027868221165,0.044909001597,3
20.160000,-0.010329962767,-0.024648359145,0.042709671434,0.050382196987,3
20.170000,-0.053951426971,0.008526900342,0.028424573533,0.061574514876,3
20.180000,-0.037772068739,0.041141534509,-0.012320794385,0.057194029521,3
20.190000,-0.004180905380,0.024575170711,-0.034587932144,0.042635009502,3
20.200000,0.021191505006,0.028224500470,-0.033152000150,0.048422695352,3
20.210000,0.035378505111,0.000643114060,-0.025662930165,0.043710847672,3
20.220000,0.031941047696,-0.049731432481,0.006681612715,0.059481844735,3
20.230000,-0.004671042792,-0.033529279152,0.028744676164,0.044410444819,3
20.240000,-0.038509656664,-0.029746520621,0.030699065427,0.057535048132,3
20.250000,-0.057767073098,0.012993153236,0.007407192878,0.059671796284,3
20.260000,-0.044440105407,0.055173940447,-0.034027673278,0.078593697087,3
20.270000,0.003036203987,0.029094380728,-0.046393682751,0.054845923493,3
20.280000,0.006939008848,0.002537250421,-0.035348923435,0.036112793737,3
20.290000,0.022935716309,-0.025665600637,-0.002520483035,0.034512649469,3
20.300000,0.021810001246,-0.025846268939,0.016452674795,0.037608460223,3
20.310000,-0.018731557713,-0.023743461977,0.039075362703,0.049411610087,3
20.320000,-0.033207669159,0.007261942229,0.021609194136,0.040279552717,3
20.330000,-0.034411088670,0.015840983599,-0.000166780705,0.037882550081,3
20.340000,-0.011048613646,0.027712892795,-0.032832164817,0.044362454138,3
20.350000,0.013045186150,0.023195566314,-0.036020267586,0.044784716760,3
20.360000,0.025094340696,0.002211576679,-0.022606686683,0.033847884559,3
20.370000,0.032631628520,-0.024082328664,0.000532809893,0.040559408528,3
20.380000,0.007646555439,-0.035742517914,0.032244571667,0.048741253563,3
20.390000,-0.020808909862,-0.012817102691,0.034474690675,0.042258645840,3
20.400000,-0.025124890858,0.007421814357,0.016434428939,0.030926265916,3
20.410000,-0.022088825927,0.021268016955,-0.009148828555,0.031999153738,3
20.420000,-0.010366369501,0.034274575919,-0.017878022500,0.040022891695,3
20.430000,0.014299593881,0.014835943613,-0.019172713728,0.028145631273,3
20.440000,0.033792580861,-0.007067305038,-0.004844038847,0.034861870778,3
20.450000,0.021519823189,-0.026501203667,-0.003770360190,0.034345774148,3
20.460000,0.011570782691,-0.026414659774,0.035184471684,0.045492464329,3
20.470000,-0.007530598449,-0.008785440865,0.019885224245,0.023006869136,3
20.480000,-0.017838975247,0.012759203452,0.008157979418,0.023400404671,3
20.490000,-0.012342787053,0.025991973266,-0.017177697309,0.033511197403,3
20.500000,0.013765505142,0.021736044252,-0.030601074638,0.039979626319,3
20.510000,0.027656617462,0.001933637168,-0.024155075966,0.036770846293,3
20.520000,0.031453556874,-0.012358964221,-0.003330821417,0.033958277459,3
20.530000,0.011197390148,-0.028337819184,0.015753520301,0.034301413151,3
20.540000,-0.011892038944,-0.033361436488,0.027774254978,0.045009057693,3
20.550000,-0.025293806055,-0.002840732473,0.013686251388,0.028899132561,3
20.560000,-0.031895971028,0.011022328163,-0.000777925074,0.033755738081,3
20.570000,-0.013631101435,0.021627721529,-0.020830233429,0.032976717386,3
20.580000,0.005461231406,0.015819911170,-0.018365248104,0.024847071775,3
20.590000,0.015773433890,0.002038979447,-0.025428068077,0.029992420710,3
20.600000,0.013876156703,-0.012225070460,0.010310569353,0.021173282999,3
20.610000,0.006399451526,-0.019601026385,0.013806553634,0.024814796764,3
20.620000,-0.012031623217,-0.017161487119,0.016965076893,0.026964614430,3
20.630000,-0.032891823183,0.003253526052,0.004923893927,0.033417094360,3
20.640000,-0.029162697713,0.013405661463,-0.010906955706,0.033898914141,3
20.650000,-0.010203810891,0.023750410208,-0.034582388854,0.043175703359,3
20.660000,0.005479939269,0.016325753020,-0.026337740073,0.031468023424,3
20.670000,0.015319953930,-0.011315104355,-0.001151577822,0.019080322494,3
20.680000,0.012971344791,-0.025360357781,0.004144118696,0.028785017843,3
20.690000,-0.002827072532,-0.017606862498,0.016679955687,0.024417511500,3
20.700000,-0.020544254860,-0.007461022599,0.013111975254,0.025488373056,3
20.710000,-0.014945642729,0.009778470327,0.003102382079,0.018127754772,3
20.720000,-0.012626271069,0.038114700273,-0.010429143657,0.041483974441,3
20.730000,0.002007870056,0.012934442333,-0.017402937298,0.021775986022,3
20.740000,0.026855878760,0.008054373614,-0.026225481531,0.038391236497,3
20.750000,0.029481984327,-0.012928850463,0.001564708323,0.032230279029,3
20.760000,0.006666481776,-0.022225061983,0.012558940174,0.026384130414,3
20.770000,-0.006701296561,-0.010136228256,0.015951996063,0.020052847111,3
20.780000,-0.010296433831,-0.003418782272,0.025861260185,0.028044774919,3
20.790000,-0.011828392909,0.017320122746,0.001397768141,0.021020258955,3
20.800000,0.008527508205,0.026021717292,-0.016824140039,0.032138759389,3
20.810000,0.015940881299,0.012579057981,-0.020455368009,0.028823019909,3
20.820000,0.039717294592,-0.006342977186,-0.024037627715,0.046856209786,3
20.830000,0.022561962456,-0.022518697430,0.004470902412,0.032188862238,3
20.840000,0.003343387286,-0.021565086614,0.018444786358,0.028573437718,3
20.850000,-0.018395609587,-0.011235955829,0.025279732172,0.033222131391,3
20.860000,-0.023914082629,0.013517033856,0.013160418509,0.030459648186,3
20.870000,-0.019050681159,0.028634284406,-0.002426970403,0.034478121778,3
20.880000,-0.003335137170,0.023410559046,-0.023918064362,0.033634078219,3
20.890000,0.004301771164,0.016866073485,-0.033528415291,0.037777298764,3
20.900000,0.022528381636,-0.010616225878,-0.006310210451,0.025691457471,3
20.910000,0.012906973520,-0.030219665366,0.015541459112,0.036350448300,3
20.920000,0.001148355815,-0.030833688995,0.028407364234,0.041940594188,3
20.930000,-0.026267879924,-0.001254346899,0.016993308913,0.031310500629,3
20.940000,-0.029631768568,0.008150319069,0.006666688890,0.031447005424,3
20.950000,-0.020045685233,0.016573791430,-0.025396502006,0.036352474097,3
20.960000,-0.002942216497,0.018985049925,-0.029570738925,0.035263541500,3
20.970000,0.025175656666,0.004497779074,-0.021693840559,0.033536046627,3
20.980000,0.016868381796,-0.015445534995,-0.002154165997,0.022972750964,3
20.990000,0.016554696187,-0.024332825448,0.009665757913,0.030976946850,3
21.000000,-0.019036947137,-0.028701888052,0.027731549459,0.044218124898,3
21.010000,-0.037444238092,-0.002260320098,0.024300433791,0.044695537761,3
21.020000,-0.023799858176,0.008352195156,-0.013251904613,0.028492198740,3
21.030000,-0.006128824828,0.024066138879,-0.023984888501,0.034525590664,3
21.040000,0.006222175889,0.024902971241,-0.033732570176,0.042388202841,3
21.050000,0.038204479086,0.002294136892,-0.005617190540,0.038683305390,3
21.060000,0.029569541134,-0.024469755174,0.014393869817,0.040991586569,3
21.070000,0.016391484326,-0.031854403050,0.026719405574,0.044691278638,3
21.080000,-0.010688873213,-0.020927266553,0.025805007303,0.034901302237,3
21.090000,-0.032323653793,0.007917649746,0.010149487369,0.034792526006,3
21.100000,-0.021749590437,0.026803320393,-0.015585377322,0.037873033342,3
21.110000,-0.005177036592,0.020242713597,-0.015844434097,0.026222418910,3
21.120000,0.019688943979,0.008865815575,-0.027717596616,0.035135770420,3
21.130000,0.035381089886,-0.013170535354,-0.003350321183,0.037901308355,3
21.140000,0.022016145476,-0.038084189331,0.023942362990,0.050083459187,3
21.150000,0.006256502171,-0.026037161722,0.042437805497,0.050180125003,3
21.160000,-0.019932757652,-0.011515827274,0.023031899247,0.032563744999,3
21.170000,-0.040572377539,0.009605648974,0.004486068668,0.041934605322,3
21.180000,-0.009194339460,0.037540721355,-0.014329802937,0.041221170412,3
21.190000,0.004594565619,0.020182939860,-0.038024080684,0.043293091902,3
21.200000,0.021283269052,0.011026331957,-0.022101471954,0.032604180721,3
21.210000,0.023651098527,-0.013618511427,0.001307667540,0.027323036241,3
21.220000,0.004040079544,-0.050258322791,0.022014097915,0.055016740721,3
21.230000,-0.012689294292,-0.028719627109,0.033888553054,0.046198151467,3
21.240000,-0.033147179103,-0.000067130006,0.029267231383,0.044218896659,3
21.250000,-0.040750085648,0.034987134810,-0.008597042162,0.054392814015,3
21.260000,-0.013829575339,0.045036421333,-0.049715729469,0.068492263484,3
21.270000,0.011857282346,0.026176146974,-0.030237833659,0.041714654492,3
21.280000,0.039347727685,-0.018346338115,-0.025393980668,0.050295984436,3
21.290000,0.022786022366,-0.031820735034,0.013998089941,0.041565713218,3
21.300000,-0.008003022220,-0.041885091684,0.033028121842,0.053937613059,3
21.310000,-0.035219514097,-0.025111766669,0.027764598450,0.051399298882,3
21.320000,-0.032290035581,0.013465580212,0.014729070515,0.037959369943,3
21.330000,-0.039016449676,0.040475757624,-0.027037540925,0.062382681249,3
21.340000,-0.007398628125,0.035288770204,-0.037383973661,0.051938410520,3
21.350000,0.021661211726,0.004194703172,-0.041645280810,0.047128898162,3
21.360000,0.049226748021,-0.016937556260,-0.000589253844,0.052062469716,3
21.370000,0.023297998378,-0.028206833508,0.036390739477,0.051601435103,3
21.380000,-0.011392016332,-0.020372597821,0.047210366947,0.052665354127,3
21.390000,-0.033393536954,-0.003256454714,0.026451423242,0.042724824155,3
21.400000,-0.048943928529,0.036669061629,-0.003349007234,0.061248216872,3
21.410000,-0.006908153359,0.038935713335,-0.040901479302,0.056891505208,3
21.420000,0.013762665031,0.038066246080,-0.035192059893,0.053637031228,3
21.430000,0.050184371851,0.002225470564,-0.034910827342,0.061173440014,3
21.440000,0.057439921197,-0.054039534027,0.011910003190,0.079758786105,3
21.450000,0.023035026746,-0.028904906071,0.027024447891,0.045786753936,3
21.460000,-0.016638614199,-0.043122202012,0.054052941825,0.071120238391,3
21.470000,-0.031123077009,0.010601462971,0.029455191696,0.044143462228,3
21.480000,-0.040541501662,0.057804860299,-0.012855275606,0.071765404911,3
21.490000,-0.014683720980,0.044790825343,-0.039946033606,0.061786044521,3
21.500000,0.033990978814,0.021928650152,-0.042525849157,0.058691568259,3
21.510000,0.060793856470,-0.008566845183,-0.028194699094,0.067559047343,3
21.520000,0.053869013822,-0.041771416980,0.012287134679,0.069265399770,3
21.530000,0.005369127782,-0.045850222381,0.045533209799,0.064840910081,3
21.540000,-0.046453274298,-0.032083719410,0.035373958161,0.066622733809,3
21.550000,-0.054606275142,0.027413762956,0.015636078766,0.063070172375,3
21.560000,-0.057677692373,0.055049885139,-0.031770196608,0.085828616695,3
21.570000,0.010710232291,0.049442557516,-0.046661853749,0.068822991542,3
21.580000,0.030981403547,0.012754769144,-0.059066262316,0.067906957270,3
21.590000,0.046956814044,-0.039756099648,-0.016425217503,0.063681061662,3
21.600000,0.034755599402,-0.061621284400,0.021730799789,0.074009202403,3
21.610000,-0.016867568195,-0.049307492640,0.049325078154,0.071754491303,3
21.620000,-0.052056864186,-0.013611931366,0.033224479390,0.063238183206,3
21.630000,-0.057148011045,0.035844076999,-0.005816296917,0.067709100807,3
21.640000,-0.022533347560,0.064025337995,-0.047158962230,0.082649642324,3
21.650000,0.008137015474,0.026706605152,-0.061385636889,0.067436267660,3
21.660000,0.051553906284,-0.001524152625,-0.043701362616,0.067601312035,3
21.670000,0.035355158636,-0.060614575829,0.015863184384,0.071942717935,3
21.680000,0.014962378066,-0.061892663140,0.050066273907,0.081001273390,3
21.690000,-0.036116592286,-0.028408937232,0.055902200142,0.072363885562,3
21.700000,-0.071248111551,0.015560665497,0.015571340753,0.074571404460,3
21.710000,-0.046153942312,0.038513975809,0.003143175312,0.060194619980,3
21.720000,-0.004856262420,0.055201354993,-0.061127758625,0.082506822459,3
21.730000,0.051794823154,0.051602269961,-0.074540219054,0.104411408512,3
21.740000,0.074688087113,-0.018997190171,-0.029097601040,0.082376416390,3
21.750000,0.042201691365,-0.039210137631,0.025504788239,0.062999300553,3
21.760000,0.020658431160,-0.052634186548,0.049065906061,0.074863819760,3
21.770000,-0.036631763850,-0.029036915873,0.058416150589,0.074816276677,3
21.780000,-0.053017026733,0.018772501893,0.018084336486,0.059078381639,3
21.790000,-0.023076156800,0.064349370322,-0.022340934825,0.071919870984,3
21.800000,0.021557476134,0.035417658102,-0.068124872845,0.079750445659,3
21.810000,0.070736545870,0.020815725525,-0.056496451543,0.092891347217,3
21.820000,0.071613455052,-0.021532335229,-0.003423445965,0.074858856438,3
21.830000,0.057779996809,-0.070262133513,0.022166447496,0.093630373445,3
21.840000,0.007740184558,-0.039028701825,0.062283040972,0.073907558584,3
21.850000,-0.035871449320,0.017904028644,0.056007821270,0.068878089124,3
21.860000,-0.070955546195,0.029515475428,0.012702300856,0.077892241415,3
21.870000,-0.026591171493,0.054174533916,-0.046916359102,0.076440272617,3
21.880000,0.015081460429,0.052498988978,-0.049970425561,0.074031329335,3
21.890000,0.039736343213,-0.008699990520,-0.035494862750,0.053986591749,3
21.900000,0.070298642266,-0.048932593752,0.002700924802,0.085694765479,3
21.910000,0.004114254563,-0.059778330357,0.063071238625,0.086996304592,3
21.920000,-0.043787481111,-0.042929960740,0.059835742147,0.085677541220,3
21.930000,-0.081521282616,0.000831933013,0.030728424302,0.087124323193,3
21.940000,-0.061627221886,0.028933797132,-0.021645230308,0.071439450508,3
21.950000,-0.033642734974,0.064762032653,-0.053728694214,0.090624097634,3
21.960000,0.028705857676,0.029135328576,-0.071328558312,0.082223213675,3
21.970000,0.051271685981,-0.032448142452,-0.033766593613,0.069439546198,3
21.980000,0.038473112803,-0.063999426109,0.019271970476,0.077120138726,3
21.990000,-0.005996639908,-0.057982908922,0.067051102339,0.088847215726,3
22.000000,-0.048496669248,-0.010823687289,0.042113720687,0.065135586316,3
22.010000,-0.048107284750,0.033665972256,-0.009979263084,0.059559165757,3
22.020000,-0.046039006183,0.055163075826,-0.052471075809,0.088970606503,3
22.030000,0.023727766110,0.051563340701,-0.083345848540,0.100838065519,3
22.040000,0.049130171521,0.012505302194,-0.057681424563,0.076793899994,3
22.050000,0.072161651056,-0.043855786847,0.010403808466,0.085081567649,3
22.060000,0.038033843169,-0.059822154698,0.046560850596,0.084812594744,3
22.070000,-0.006711997698,-0.039523649939,0.063039562945,0.074707136967,3
22.080000,-0.029703224953,-0.010599142806,0.048144447818,0.057554419956,3
22.090000,-0.057380864591,0.057237490620,0.008663747737,0.081509229407,3
22.100000,-0.013506633031,0.065730151904,-0.053040612301,0.085534721362,3
22.110000,0.024007101596,0.051459489426,-0.057661119563,0.080927280248,3
22.120000,0.061620150292,0.002542047503,-0.031858641180,0.069415257295,3
22.130000,0.088565011942,-0.047796855991,0.010144647411,0.101149466899,3
22.140000,0.031534582383,-0.086957698373,0.053776083208,0.106995038752,3
22.150000,-0.030589958993,-0.017828144711,0.044246733031,0.056668877869,3
22.160000,-0.040843902623,0.029415549744,0.038943823396,0.063640555693,3
22.170000,-0.027913726408,0.065782485745,-0.014704672997,0.072957103566,3
22.180000,0.004160129547,0.076609329754,-0.073478682398,0.106232823789,3
22.190000,0.049875685603,0.029235440359,-0.054818081393,0.079670051054,3
22.200000,0.059714512721,-0.014413955127,-0.008266929486,0.061983282061,3
22.210000,0.053561105721,-0.036576957359,0.045508275386,0.079231742278,3
22.220000,0.002215755026,-0.044073078901,0.073968500226,0.086131787859,3
22.230000,-0.038588207514,-0.034258472075,0.050551848275,0.072236985209,3
22.240000,-0.068225715680,0.036701827347,-0.000228289428,0.077471443298,3
22.250000,-0.056529984600,0.060683553896,-0.030160026788,0.088248286602,3
22.260000,-0.000829389005,0.039135051498,-0.067631019388,0.078142145640,3
22.270000,0.041569339418,0.000228620893,-0.053639844818,0.067862325331,3
22.280000,0.058603411350,-0.039147832228,-0.010485838139,0.071252125522,3
22.290000,0.022144647859,-0.041662540953,0.036138122219,0.059431613010,3
22.300000,-0.037386965708,-0.053801946844,0.039535969188,0.076521418888,3
22.310000,-0.060950449643,0.006822839120,0.043417586192,0.075143830326,3
22.320000,-0.057435493290,0.025064909222,0.004503557284,0.062828079646,3
22.330000,-0.039089667280,0.072582099817,-0.046359490853,0.094579943403,3
22.340000,0.014566110797,0.025113712874,-0.057929264187,0.064797143512,3
22.350000,0.050850700358,-0.005097781792,-0.027059394095,0.057827259272,3
22.360000,0.074820868144,-0.051255713701,0.009124479414,0.091151339109,3
22.370000,0.018967409698,-0.063558282953,0.045995439116,0.080715539904,3
22.380000,-0.026290462296,-0.025621473428,0.072758839861,0.081495380767,3
22.390000,-0.070339030499,0.012685692614,0.024149767033,0.075443470602,3
22.400000,-0.042963664084,0.056405504775,-0.019888137552,0.073640990051,3
22.410000,0.020241760065,0.064194860182,-0.045867598007,0.081452719237,3
22.420000,0.041302706928,0.023291524439,-0.053561369743,0.071534809981,3
22.430000,0.083487580943,-0.023480954199,-0.011585775840,0.087497209005,3
22.440000,0.067621476451,-0.045887509698,0.049311890229,0.095446268349,3
22.450000,0.005686871594,-0.057501294442,0.058861900665,0.082483105670,3
22.460000,-0.029456113901,-0.003338282628,0.036954486413,0.047375530004,3
22.470000,-0.019479012584,0.029607340632,0.011611793873,0.037294239602,3
22.480000,-0.009652207472,0.046096881454,-0.038038729995,0.060539512457,3
22.490000,0.019777043708,0.042837284396,-0.053850562039,0.071596420470,3
22.500000,0.040317267988,0.003658876358,-0.042564449566,0.058741823610,3
22.510000,0.056067607434,-0.026934952749,-0.004285764053,0.062349306784,3
22.520000,0.027088294387,-0.043834729040,0.052866960379,0.073825298255,3
22.530000,-0.010498556999,-0.034905744427,0.050872845219,0.062583360998,3
22.540000,-0.040096236666,0.001339050552,0.023964488610,0.046731124163,3
22.550000,-0.061434410049,0.025514734797,-0.003195369133,0.066598789882,3
22.560000,-0.019302828734,0.048538728579,-0.032799478499,0.061679925089,3
22.570000,0.001312783012,0.037271927466,-0.047139273887,0.060108494565,3
22.580000,0.023523551298,0.003753498693,-0.036324454518,0.043438602811,3
22.590000,0.029548812819,-0.034604351292,0.002565454377,0.045576035628,3
22.600000,-0.004365684829,-0.057034892091,0.037860363077,0.068596247800,3
22.610000,-0.035980579501,-0.025142461444,0.036855312591,0.057315438888,3
22.620000,-0.048652248303,-0.005265513358,-0.003111479793,0.049035173115,3
22.630000,-0.051126747376,0.043069249660,-0.017641394288,0.069138436169,3
22.640000,-0.009472320207,0.038780789926,-0.043357377231,0.058936717569,3
22.650000,0.021106236287,-0.001055273674,-0.043277674986,0.048161644127,3
22.660000,0.032534754937,-0.033269704392,-0.005692033231,0.046880515691,3
22.670000,0.013097590055,-0.033431879112,0.024047514249,0.043214816299,3
22.680000,-0.015825768311,-0.026947712146,0.020819742369,0.037551242387,3
22.690000,-0.031928174192,-0.016046045285,0.034328143977,0.049551037784,3
22.700000,-0.045324621236,0.022954789970,0.006716029281,0.051247914319,3
22.710000,-0.009998887346,0.056204426674,-0.021824612361,0.061116520113,3
22.720000,0.006769044747,0.025269617913,-0.058828712022,0.064383157071,3
22.730000,0.031871000634,0.011617549702,-0.024783853084,0.042011516471,3
22.740000,0.052104898625,-0.018754803484,0.026277558817,0.061295784617,3
22.750000,0.017692786775,-0.038899157066,0.030329667307,0.052402937354,3
22.760000,-0.008906740489,-0.024125684889,0.053036606930,0.058942856837,3
22.770000,-0.045783142381,0.007419946842,0.030038998923,0.055258421925,3
22.780000,-0.019223113797,0.032266557635,-0.001391956932,0.037584523275,3
22.790000,-0.000674436595,0.024653043873,-0.033043917882,0.041232607799,3
22.800000,0.032369066807,0.020444335483,-0.033395082549,0.050803138464,3
22.810000,0.040488071389,-0.002837774308,-0.023835855090,0.047068937482,3
22.820000,0.039051625449,-0.039558750533,0.014617319244,0.057476866788,3
22.830000,0.022225634530,-0.037624577327,0.026499284416,0.051105769966,3
22.840000,-0.009880555852,-0.015673140857,0.021164154145,0.028128173580,3
22.850000,-0.031666467377,0.015020215007,0.005913571588,0.035543527454,3
22.860000,-0.036296993397,0.025649095128,-0.013306931886,0.046394204883,3
22.870000,-0.000131450790,0.023464867275,-0.028984026187,0.037291970310,3
22.880000,0.029035976058,0.017022099391,-0.035079248687,0.048614745311,3
22.890000,0.029191475817,-0.005613026655,-0.011664667085,0.031932942032,3
22.900000,0.017474108299,-0.029760816393,0.013510191117,0.037061785133,3
22.910000,-0.013764059506,-0.035746496344,0.032731865957,0.050384882495,3
22.920000,-0.029333589749,0.002446040416,0.023545892049,0.037694185675,3
22.930000,-0.038434972549,0.015587763487,0.000623792431,0.041480291735,3
22.940000,-0.023983780517,0.030087886426,-0.028903618733,0.048124025324,3
22.950000,0.000865858199,0.013841273636,-0.025238448088,0.028797739983,3
22.960000,0.023681967910,0.004450863309,-0.021509800457,0.032300422660,3
22.970000,0.019688697219,-0.019381045119,0.000794164107,0.027638748248,3
22.980000,-0.003510162241,-0.026068829525,0.023601118048,0.035340032327,3
22.990000,-0.019240564271,-0.028124354002,0.023489584107,0.041387669215,3
23.000000,-0.019031894991,-0.000018483322,0.018492090764,0.026536216561,3
23.010000,-0.015986458815,0.022781362781,-0.005994055898,0.028469036894,3
23.020000,-0.014142377078,0.031551150663,-0.020160736252,0.040024207972,3
23.030000,0.014891002390,0.010511074356,-0.026984519744,0.032563613776,3
23.040000,0.027534503588,-0.005108008207,-0.014477591657,0.031525248546,3
23.050000,0.020072347928,-0.021527586219,0.007455267273,0.030363088279,3
23.060000,-0.005872094358,-0.015981295742,0.027885396076,0.032672291320,3
23.070000,-0.019603793636,-0.010230054052,0.025467248635,0.033727488550,3
23.080000,-0.016482982798,0.013345321790,0.007153933974,0.022382249818,3
23.090000,-0.016756611720,0.019526152563,-0.004928380691,0.026198160364,3
23.100000,0.010504498160,0.013892058967,-0.024284517747,0.029884303341,3
23.110000,0.026347562160,0.001131526829,-0.020211769478,0.033226345122,3
23.120000,0.021234677278,-0.011339842460,0.001988339881,0.024154855446,3
23.130000,0.017863739550,-0.024597482939,0.021093726840,0.037001279298,3
23.140000,-0.003019081984,-0.009886397653,0.035165480194,0.036653331525,3
23.150000,-0.010592774262,0.001096898501,0.006412072564,0.012430797539,3
23.160000,-0.023388116637,0.013489707958,0.004938928731,0.027447572527,3
23.170000,-0.007412655089,0.019085039258,-0.013716101775,0.024643815185,3
23.180000,0.010692492192,0.018437327309,-0.017926964946,0.027850323153,3
23.190000,0.019209856756,-0.001051304166,-0.011053585420,0.022187960422,3
23.200000,0.017661691829,-0.014916666064,0.007604525874,0.024336620523,3
23.210000,0.001668028419,-0.019003772039,0.010584905130,0.021816642435,3
23.220000,-0.012626233405,-0.013667034527,0.030077264871,0.035367378541,3
23.230000,-0.030039387788,0.003879575790,0.004283612902,0.030590280589,3
23.240000,-0.017614779865,0.012185174781,-0.003597547833,0.021718685608,3
23.250000,-0.006629063485,0.018425197711,-0.020880712419,0.028625802077,3
23.260000,0.003312589743,0.011203244392,-0.025697633061,0.028228607487,3
23.270000,0.017776255207,-0.006011075288,-0.007781829918,0.020314653632,3
23.280000,0.012161853268,-0.023117376959,0.004282645657,0.026470074541,3
23.290000,0.003302840375,-0.019565617831,0.014835273352,0.024775138568,3
23.300000,-0.019499696747,-0.011326066384,0.014951023102,0.027056441835,3
23.310000,-0.026336882360,0.012044988377,0.009284475584,0.030412408723,3
23.320000,-0.018572308981,0.010697587671,-0.015079280771,0.026205986939,3
23.330000,-0.002715600036,0.013242041372,-0.017859594691,0.022398465701,3
23.340000,0.007978011882,0.002728303408,-0.026609932565,0.027913810635,3
23.350000,0.021933244594,-0.015293834726,0.002114135250,0.026822344545,3
23.360000,0.013808775747,-0.023392217791,0.010635185592,0.029171652565,3
23.370000,-0.012634748768,-0.021908886479,0.014405687350,0.029106013317,3
23.380000,-0.021498553149,-0.003269688592,0.020056553685,0.029582832805,3
23.390000,-0.025686169143,0.016586623989,0.003843267293,0.030816652707,3
23.400000,-0.005847874246,0.018165864603,-0.013346110443,0.023287656257,3
23.410000,0.009083566366,0.011565145388,-0.016150818186,0.021842909464,3
23.420000,0.024587230612,-0.004373792736,-0.011340437189,0.027427495105,3
23.430000,0.019649679175,-0.015985172950,0.003228508390,0.025535444237,3
23.440000,0.014934631724,-0.023994880922,0.025003430917,0.037735515006,3
23.450000,-0.001075775604,-0.013116742612,0.024092450703,0.027452730479,3
23.460000,-0.014191076349,-0.001042508986,0.008908063748,0.016787705998,3
23.470000,-0.005902861281,0.018518209637,-0.004470317692,0.019943710781,3
23.480000,-0.001000146860,0.026038770370,-0.017429575500,0.031349768074,3
23.490000,0.022652941420,0.015325304035,-0.025146771305,0.037153476362,3
23.500000,0.033842453251,-0.004611995197,-0.005679113224,0.034624189070,3
23.510000,0.010825657896,-0.026488334751,0.007594186993,0.029605716050,3
23.520000,0.002714708674,-0.021646758787,0.019962111205,0.029570892664,3
23.530000,-0.012678323062,-0.011490580832,0.019192365524,0.025712258125,3
23.540000,-0.027983432513,0.012004782936,0.008104290353,0.031509789442,3
23.550000,-0.019233122366,0.022539915612,-0.014328990098,0.032913230606,3
23.560000,0.001290602729,0.016262381093,-0.024344034741,0.029304653584,3
23.570000,0.009071747000,0.006473673724,-0.021643173680,0.024344034425,3
23.580000,0.019069759760,-0.016604625548,0.001350970451,0.025321817630,3
23.590000,0.008665511534,-0.019745269997,0.018615430921,0.028486857422,3
23.600000,-0.014497158785,-0.023341865773,0.026301102141,0.038036275901,3
23.610000,-0.022678384787,-0.001555147967,0.015206164711,0.027348767193,3
23.620000,-0.023417653573,0.011481900693,-0.003477551116,0.026311858622,3
23.630000,-0.018054340357,0.018928460701,-0.019453060184,0.032598579428,3
23.640000,0.010653834594,0.021167328627,-0.029091603394,0.037521745439,3
23.650000,0.016316358074,0.000355127677,-0.018583537514,0.024732519544,3
23.660000,0.014424748247,-0.017320695955,-0.002013509537,0.022630379825,3
23.670000,0.003844865050,-0.041578999675,0.031721311912,0.052438896162,3
23.680000,-0.034074842765,-0.010808909911,0.028993201276,0.046027526146,3
23.690000,-0.037054178561,0.008619064939,0.012174050744,0.039943809793,3
23.700000,-0.019061426986,0.025417636066,-0.015289783038,0.035258639895,3
23.710000,-0.004925234125,0.027502334903,-0.037646189957,0.046881467283,3
23.720000,0.021316839811,0.013466645528,-0.022826603268,0.034011939345,3
23.730000,0.026388374326,-0.013113050343,-0.008919912020,0.030787387342,3
23.740000,0.021734045213,-0.020262107755,0.018988244791,0.035262943330,3
23.750000,0.017325797900,-0.026144281910,0.038112684597,0.049358722397,3
23.760000,-0.019616348816,0.003069098640,0.022830791951,0.030256661555,3
23.770000,-0.035383372922,0.012846333695,0.017877835160,0.041672873176,3
23.780000,-0.005210739861,0.033074099016,-0.014381126820,0.036439877116,3
23.790000,0.013055485491,0.022753193089,-0.035114131808,0.043830990746,3
23.800000,0.036194738257,0.006845622446,-0.026300362024,0.045261801409,3
23.810000,0.040603398461,-0.015880971363,0.006880373391,0.044138200644,3
23.820000,0.025555550908,-0.030571383790,0.024126534765,0.046580955001,3
23.830000,-0.005377138409,-0.020348013645,0.048246532663,0.052637279478,3
23.840000,-0.029384066767,-0.005430168480,0.020688078955,0.036344280435,3
23.850000,-0.043042341560,0.022656629902,0.004072538456,0.048811388169,3
23.860000,-0.013070662525,0.027573888151,-0.037329094764,0.048214342705,3
23.870000,0.021092007430,0.025922089445,-0.035978567223,0.049104834773,3
23.880000,0.048755487134,-0.008773487087,-0.027495415764,0.056657475141,3
23.890000,0.028448673179,-0.036383462738,0.010710908950,0.047411042353,3
23.900000,-0.000403042083,-0.046657419186,0.037906664176,0.060116490225,3
23.910000,-0.021434935701,-0.029837266530,0.024968614998,0.044420160709,3
23.920000,-0.050633594138,0.025626045542,0.018693745150,0.059748733653,3
23.930000,-0.031474191705,0.032754558726,-0.025224161164,0.051959062417,3
23.940000,-0.020536182024,0.039060234261,-0.042883544783,0.061534015681,3
23.950000,0.030049502603,0.021249424662,-0.033632367622,0.049856261463,3
23.960000,0.031285925054,-0.025057577772,-0.014764133785,0.042716167393,3
23.970000,0.012943359955,-0.048330505049,0.027794478407,0.057235489996,3
23.980000,0.001136654239,-0.033039693472,0.037471719302,0.049970422002,3
23.990000,-0.042768322348,-0.007674412847,0.026659025372,0.050977736737,3
24.000000,-0.051397375244,0.029240674799,0.002925630710,0.059205291653,3
24.010000,-0.052586169713,0.062251519187,-0.018492473796,0.083561525078,3
24.020000,0.010362264680,0.036590225147,-0.052636487772,0.064937053757,3
24.030000,0.045446556974,0.012274144126,-0.032444182224,0.057172275755,3
24.040000,0.053933460423,-0.012255158658,-0.007338458995,0.055793010739,3
24.050000,0.034319140135,-0.052443630366,0.039740118164,0.074211958183,3
24.060000,-0.018311454897,-0.029271543153,0.038849733196,0.051975324804,3
24.070000,-0.038164440397,-0.004685411923,0.020509559374,0.043578889631,3
24.080000,-0.035820428827,0.033829398194,-0.001899408970,0.049306582298,3
24.090000,-0.001439808027,0.074063569757,-0.046043459410,0.087220900974,3
24.100000,0.032505324832,0.042958971917,-0.054983559423,0.076975718362,3
24.110000,0.060683407975,-0.006239326269,-0.011884429416,0.062150179873,3
24.120000,0.047883249679,-0.045759454631,0.007104553841,0.066612371022,3
24.130000,0.011811723497,-0.054872208322,0.056039743033,0.079315375920,3
24.140000,-0.015996777616,-0.031039891569,0.057445295263,0.067225989844,3
24.150000,-0.043936507427,0.006519989437,0.012223106208,0.046068766779,3
24.160000,-0.038398376454,0.056335006570,-0.019949908705,0.071035675100,3
24.170000,0.022018171680,0.055360934656,-0.063147468657,0.086817255013,3
24.180000,0.040465044757,0.018272496617,-0.045670365926,0.063695261234,3
24.190000,0.065785134449,-0.015651674246,-0.018168373110,0.070019630124,3
24.200000,0.042806831681,-0.058890514123,0.045236580341,0.085713859399,3
24.210000,-0.012988193400,-0.037293678870,0.045009883989,0.059878220650,3
24.220000,-0.056136161263,-0.009888395012,0.039458209614,0.069325314735,3
24.230000,-0.070791488739,0.023269734473,-0.009634687829,0.075138156950,3
24.240000,-0.029508599508,0.051199892635,-0.049870160315,0.077325411997,3
24.250000,0.010108861858,0.037951368087,-0.065985547704,0.076789243606,3
24.260000,0.031445962748,0.006478952799,-0.016918527485,0.036291348483,3
24.270000,0.039445464951,-0.047779801601,0.003208774525,0.062041521421,3
24.280000,-0.002160816280,-0.050795786093,0.031526290238,0.059822972076,3
24.290000,-0.043686213855,-0.046986961059,0.045612720010,0.078719629173,3
24.300000,-0.086905333803,-0.001537280022,0.024287570096,0.090248469984,3
24.310000,-0.070499348759,0.054569625289,-0.018271498873,0.091004669389,3
24.320000,-0.012889496072,0.053048815510,-0.050997801332,0.074706704363,3
24.330000,0.019445063465,0.015652214277,-0.057780794162,0.062942215395,3
24.340000,0.061987597185,-0.015563521481,-0.046777520664,0.079201148004,3
24.350000,0.047176039554,-0.037319180058,0.028128412724,0.066404122692,3
24.360000,-0.004470437631,-0.063221962357,0.066296657206,0.091718308388,3
24.370000,-0.041658638096,0.004852628709,0.049221770986,0.064666628739,3
24.380000,-0.082264290123,0.023566762175,0.011400653034,0.086329488580,3
24.390000,-0.037505795864,0.056559855279,-0.043344693871,0.080526172387,3
24.400000,0.013822298553,0.061539830490,-0.053493639691,0.082702939254,3
24.410000,0.059422818740,0.005026291059,-0.042757669598,0.073379515522,3
24.420000,0.089956983776,-0.029238773180,-0.000809745855,0.094592919796,3
24.430000,0.062987133283,-0.066891452274,0.033327649798,0.097737288624,3
24.440000,0.012326572767,-0.053569866888,0.072152522331,0.090706457947,3
24.450000,-0.055333897788,-0.004453110848,0.035234007125,0.065750328507,3
24.460000,-0.030099655660,0.034003720950,0.000652328050,0.045416603145,3
24.470000,-0.018747527788,0.056430455391,-0.041129659325,0.072301555792,3
24.480000,0.005150231653,0.054228132565,-0.066541195492,0.085993871555,3
24.490000,0.095811482019,0.009792867705,-0.053434657594,0.110140832468,3
24.500000,0.088730278814,-0.036841492720,0.021922781150,0.098544235233,3
24.510000,0.023472440968,-0.088195050636,0.056459463558,0.107317256147,3
24.520000,-0.024481851951,-0.044272662958,0.042340897536,0.065971064600,3
24.530000,-0.059567332889,-0.005702256541,0.034367577641,0.069006617582,3
24.540000,-0.043589882164,0.069170422041,-0.020653293061,0.084327834235,3
24.550000,0.006000005582,0.046558831605,-0.054636562060,0.072033872457,3
24.560000,0.024734158114,0.034061275743,-0.057770894759,0.071480244572,3
24.570000,0.056547321478,-0.025844894931,-0.047260216005,0.078096646388,3
24.580000,0.031577518110,-0.055891707875,0.020606136885,0.067421328498,3
24.590000,0.003716881122,-0.064900879751,0.094149731218,0.114412024220,3
24.600000,-0.058377879203,-0.034191510876,0.029264000255,0.073711721640,3
24.610000,-0.071413167317,0.026390390069,0.017908904965,0.078211393232,3
24.620000,-0.067916507375,0.078413152987,-0.025975567242,0.106939256725,3
24.630000,0.005668726782,0.071985186348,-0.093814586704,0.118385717869,3
24.640000,0.024164210976,0.034495584337,-0.049036206663,0.064640575452,3
24.650000,0.054841047145,-0.031623967798,-0.020831098680,0.066644958275,3
24.660000,0.032986102661,-0.045533948025,0.062764701275,0.084266429363,3
24.670000,-0.032342649118,-0.065883229001,0.087833601108,0.114461296075,3
24.680000,-0.053171232076,-0.015647979880,0.052296309364,0.076203301555,3
24.690000,-0.070934921440,0.028678816767,-0.020208751822,0.079136788292,3
24.700000,-0.026946891346,0.058457834161,-0.060599704705,0.088406886261,3
24.710000,0.021911518394,0.036475178414,-0.062373427658,0.075504951868,3
24.720000,0.049786963093,-0.011384859610,-0.057516879726,0.076919101501,3
24.730000,0.064603004482,-0.040938634241,0.008336064804,0.076935102118,3
24.740000,0.050737874947,-0.076030300284,0.045835906841,0.102253943060,3
24.750000,-0.037323400759,-0.029206824708,0.083840576864,0.096308448137,3
24.760000,-0.061770561478,0.027444363685,0.051427164867,0.084932612403,3
24.770000,-0.053564445544,0.046630272087,-0.028344950406,0.076465471390,3
24.780000,-0.005858921607,0.063154798037,-0.062212463618,0.088843942432,3
24.790000,0.052409474186,0.037914930121,-0.064476792408,0.091332095507,3
24.800000,0.098852532813,-0.025172603841,-0.025215139063,0.105077525978,3
24.810000,0.091692285029,-0.043952160358,0.024870793468,0.104679625056,3
24.820000,0.002807501094,-0.058275059404,0.067805022795,0.089450465215,3
24.830000,-0.049188043440,-0.016355066192,0.079740267284,0.095107633942,3
24.840000,-0.047533875963,0.042655503640,0.029981688504,0.070553972251,3
24.850000,-0.055127819615,0.042379434880,-0.023202825047,0.073303915901,3
24.860000,0.016783718192,0.035835004609,-0.054468605224,0.067325104580,3
24.870000,0.049889862313,0.018577733047,-0.052317372876,0.074640726359,3
24.880000,0.064507332632,-0.036202113938,-0.007903029201,0.074392519028,3
24.890000,0.006926550258,-0.071810541907,0.031922528532,0.078890930120,3
24.900000,-0.011217163230,-0.058339817565,0.066884390399,0.089458821497,3
24.910000,-0.049884466662,-0.008999690089,0.036484431094,0.062454528644,3
24.920000,-0.077197251293,0.050128053570,-0.013209402400,0.092987771635,3
24.930000,-0.047580053716,0.073370290644,-0.048382421068,0.099939580393,3
24.940000,0.008272816549,0.042417368636,-0.060274871361,0.074166925062,3
24.950000,0.042330204111,-0.006283600271,-0.035501989269,0.055603246798,3
24.960000,0.053246519472,-0.043319307411,0.022767985708,0.072319675080,3
24.970000,0.007552399461,-0.059486550789,0.045713842133,0.075401882105,3
24.980000,-0.017776326289,-0.058306828552,0.050523243732,0.079172483789,3
24.990000,-0.070417799456,0.006666206337,0.028229616324,0.076157836268,3
25.000000,-0.056129996444,0.063349746797,-0.037252871771,0.092474555285,3
25.010000,0.001257502958,0.041665239216,-0.085636473125,0.095242737266,3
25.020000,0.031913875193,0.034867011510,-0.041471553587,0.062881584573,3
25.030000,0.051338690557,-0.023055571812,-0.007410529729,0.056763866064,3
25.040000,0.029360785509,-0.036967767291,0.028226040027,0.055003462435,3
25.050000,-0.004351067737,-0.063852376009,0.075802579219,0.099207301791,3
25.060000,-0.029315324234,-0.005485642160,0.045240969133,0.054186952239,3
25.070000,-0.041642040521,0.029169999959,0.002409928447,0.050899471426,3
25.080000,-0.003730934810,0.052900444263,-0.031602105540,0.061733863903,3
25.090000,0.007803349098,0.046150566488,-0.055454704293,0.072567150093,3
25.100000,0.060660180141,0.020291697720,-0.037128613807,0.073959072563,3
25.110000,0.057418685574,-0.044667568569,-0.004705935007,0.072898854307,3
25.120000,0.032331504355,-0.066447436880,0.025976451603,0.078328564902,3
25.130000,-0.008919870376,-0.036786055366,0.061667599508,0.072357935197,3
25.140000,-0.035072510634,0.008527640606,0.050396095864,0.061988451624,3
25.150000,-0.038468664125,0.024567540483,0.006367192611,0.046086259413,3
25.160000,-0.004140918546,0.054322098471,-0.041500407540,0.068485921288,3
25.170000,0.032370120087,0.037582559549,-0.071378040039,0.086920067053,3
25.180000,0.055973728807,0.002046832803,-0.029797530246,0.063443996168,3
25.190000,0.036336133855,-0.041917424561,0.023234765951,0.060143490539,3
25.200000,0.011271881799,-0.031842623052,0.034965390391,0.048616730529,3
25.210000,-0.030722287973,-0.019348729514,0.061136279525,0.071104690325,3
25.220000,-0.053554990575,0.004931855697,0.017694920149,0.056617757066,3
25.230000,-0.046883896355,0.056521635830,-0.015419423726,0.075037015415,3
25.240000,-0.016744196876,0.043554733593,-0.066110141059,0.080919303619,3
25.250000,0.004736506981,0.023809797103,-0.037235920465,0.044450587278,3
25.260000,0.032937074024,-0.013567627872,-0.013905797253,0.038240064966,3
25.270000,0.013062400475,-0.033313331935,0.018036051619,0.040071230936,3
25.280000,-0.013058823077,-0.038618487857,0.051923285553,0.066014756283,3
25.290000,-0.034628246905,-0.008442465830,0.031693071737,0.047695298606,3
25.300000,-0.044258213264,0.027653923945,0.003235961422,0.052287669648,3
25.310000,-0.034888669137,0.056957773327,-0.034013371637,0.074955430935,3
25.320000,0.000984114797,0.039854065385,-0.053727026646,0.066902230171,3
25.330000,0.015624921609,-0.006115091834,-0.016786853303,0.023734594313,3
25.340000,0.039740803465,-0.039826611238,0.006155988162,0.056598468292,3
25.350000,0.025196589349,-0.040432440158,0.036405469655,0.059958390178,3
25.360000,-0.021178009498,-0.024925470230,0.053240496184,0.062484698819,3
25.370000,-0.042274674584,0.004715759160,0.037806275461,0.056909585834,3
25.380000,-0.041483970174,0.028480306309,0.005736924747,0.050645433500,3
25.390000,-0.005574654240,0.031602647242,-0.023944017365,0.040038981633,3
25.400000,0.033106024326,0.021730161018,-0.042688651772,0.058228255466,3
25.410000,0.039569479664,-0.002814732344,-0.014104803387,0.042102398004,3
25.420000,0.036612499363,-0.032044878783,0.013024010192,0.050368384998,3
25.430000,0.010054634082,-0.033323424837,0.028675826838,0.045098218970,3
25.440000,-0.028099224818,-0.015302190136,0.031820644122,0.045125124384,3
25.450000,-0.030732537911,0.009847680681,-0.001820064128,0.032323031026,3
25.460000,-0.016629320579,0.024145831863,-0.013325966609,0.032204609691,3
25.470000,0.010820274368,0.027524945943,-0.044989194183,0.053839841937,3
25.480000,0.021681868224,0.009010133406,-0.032576958540,0.040156495631,3
25.490000,0.039872955800,-0.000478532080,-0.007591448393,0.040592015050,3
25.500000,0.025982531785,-0.042646027087,0.030289889855,0.058405933018,3
25.510000,-0.000521072274,-0.032074874474,0.040661773764,0.051792363669,3
25.520000,-0.017698843053,-0.013614116828,0.019558216481,0.029683615924,3
25.530000,-0.027264508256,0.026514512957,0.013428716273,0.040332409158,3
25.540000,-0.028640951284,0.022665014160,-0.023799141647,0.043593647478,3
25.550000,-0.007966337358,0.030412980700,-0.032614636266,0.045300402037,3
25.560000,0.031127777864,-0.001763322280,-0.017712042325,0.035857555738,3
25.570000,0.019675191128,-0.025880039158,-0.000098369729,0.032509986917,3
25.580000,0.015291191469,-0.024644957385,0.024510502007,0.037973137475,3
25.590000,-0.010473154493,-0.025772240250,0.029769320882,0.040744420457,3
25.600000,-0.042657957103,0.005514526462,0.009470744981,0.044043232361,3
25.610000,-0.031885476314,0.024588340793,-0.004256012242,0.040489304056,3
25.620000,-0.018651862734,0.040093413504,-0.050634255284,0.067225007237,3
25.630000,0.008340600457,0.017564654175,-0.036546906746,0.041397573419,3
25.640000,0.026488254341,0.001796991260,-0.006069552063,0.027234101011,3
25.650000,0.012875784762,-0.017157300369,0.000866514297,0.021468806120,3
25.660000,-0.001625615884,-0.024883462888,0.015292225973,0.029252034588,3
25.670000,-0.017357490060,-0.012399258007,0.025151440589,0.032979069484,3
25.680000,-0.029282518011,0.008481427048,0.004898243355,0.030877066794,3
25.690000,-0.028378311110,0.022454729074,-0.012342164488,0.038234440280,3
25.700000,-0.011564065544,0.019722270023,-0.032175825523,0.039471246431,3
25.710000,0.023307694135,0.013844033531,-0.039166464804,0.047633158992,3
25.720000,0.036031417370,-0.008495742908,-0.004433418704,0.037283989683,3
25.730000,0.015100635992,-0.026239254883,0.020484387886,0.036553219438,3
25.740000,-0.005249947472,-0.020292219749,0.028052021414,0.035017881664,3
25.750000,-0.017335949516,-0.007809200993,0.014756720964,0.024068227591,3
25.760000,-0.028517441282,0.017806653724,0.003433838796,0.033795156798,3
25.770000,-0.006673049507,0.031849522780,-0.014289263446,0.035540184874,3
25.780000,0.015609284530,0.025988220001,-0.023788826399,0.038534991940,3
25.790000,0.032303246207,-0.003792902058,-0.015651950254,0.036095281801,3
25.800000,0.038913650014,-0.018899546935,0.007318468740,0.043875107025,3
25.810000,0.011865353308,-0.024343836410,0.017277004892,0.032123260705,3
25.820000,-0.007800849162,-0.019392802765,0.026956120722,0.034111090441,3
25.830000,-0.026806886912,-0.003776949118,0.014392729055,0.030659830075,3
25.840000,-0.026968337507,0.024557785128,-0.010772999970,0.038032007134,3
25.850000,-0.005336464160,0.024606906471,-0.012211121736,0.027983730807,3
25.860000,0.010582008122,0.012291504470,-0.027337881131,0.031787099942,3
25.870000,0.020293416906,-0.003872368019,-0.008290557136,0.022260982490,3
25.880000,0.019501620969,-0.031746418322,0.005917626710,0.037724880419,3
25.890000,-0.004692578810,-0.021963664236,0.020169518892,0.030186625100,3
25.900000,-0.027240568763,0.001152555688,0.016202484488,0.031715886787,3
25.910000,-0.032010078332,0.001234889271,0.008678286768,0.033188593335,3
25.920000,-0.023602542435,0.023741185968,-0.014223891140,0.036373658047,3
25.930000,-0.006133388648,0.021984139438,-0.035578627054,0.042270078616,3
25.940000,0.017448131865,0.006648242645,-0.021384314977,0.028388824613,3
25.950000,0.021676179739,-0.008414018146,-0.011635138804,0.026000556233,3
25.960000,0.007681739077,-0.031018383272,0.020245636358,0.037829023350,3
25.970000,-0.018677262511,-0.024045679628,0.032970643669,0.044878705280,3
25.980000,-0.027372666072,-0.013510034786,0.017222262159,0.035048397990,3
25.990000,-0.033114124959,0.015910790245,-0.003348700908,0.036890545073,3
26.000000,-0.015824494936,0.040581048987,-0.027674623061,0.051605435163,3
26.010000,0.002602839978,0.014767632572,-0.024184954928,0.028456454322,3
26.020000,0.025153196494,0.004998628466,-0.024844465435,0.035705980496,3
26.030000,0.035313276928,-0.024178525611,0.009833759938,0.043912771065,3
26.040000,0.013547354028,-0.032085837934,0.023183413173,0.041839006244,3
26.050000,-0.013881411591,-0.020928081106,0.026461089400,0.036481055615,3
26.060000,-0.026407588881,0.008118814741,0.017708065229,0.032815415241,3
26.070000,-0.017019691467,0.029164812072,-0.005981900171,0.034293429261,3
26.080000,-0.008705951236,0.020264489982,-0.015188432336,0.026779313247,3
26.090000,0.017197630769,0.016995678382,-0.025186852764,0.034914024974,3
26.100000,0.037504604007,-0.002380161412,-0.012169384354,0.039501321568,3
26.110000,0.030641568408,-0.029418663111,0.010096827289,0.043661302947,3
26.120000,0.006774748694,-0.022709188854,0.031553556428,0.039461771393,3
26.130000,-0.020557049761,-0.015188781831,0.028672834450,0.038411233042,3
26.140000,-0.023936332605,0.009897126097,0.003402520640,0.026124285067,3
26.150000,-0.016104767512,0.030762984335,-0.016412360483,0.038406904567,3
26.160000,0.018112431456,0.028389267992,-0.023326263330,0.040964927332,3
26.170000,0.026735733773,0.002037449826,-0.021089447999,0.034113274236,3
26.180000,0.023154588288,-0.021603402262,-0.002012116881,0.031731538923,3
26.190000,0.026288909674,-0.048802040187,0.024557972507,0.060628705346,3
26.200000,-0.003194852795,-0.032337972551,0.045679762088,0.056058828185,3
26.210000,-0.041959196535,-0.002048431490,0.024765858166,0.048765950991,3
26.220000,-0.034063338246,0.023519024989,-0.013956737709,0.043683476010,3
26.230000,-0.015827130897,0.040327045522,-0.016035805544,0.046194325760,3
26.240000,0.007361180841,0.035810695533,-0.038913033898,0.053393043602,3
26.250000,0.018090338431,0.002416371668,-0.017455593022,0.025254641639,3
26.260000,0.021456999395,-0.031639645752,0.001585225438,0.038262030082,3
26.270000,0.012864843991,-0.057686938576,0.026345917618,0.064710080114,3
26.280000,-0.029229188990,-0.006913921875,0.037353957949,0.047931888959,3
26.290000,-0.043078985071,0.000970596739,0.009533246972,0.044131891083,3
26.300000,-0.042234988506,0.037030575642,-0.020969938507,0.059956618546,3
26.310000,-0.005759246665,0.034761933298,-0.043060285936,0.055639456805,3
26.320000,0.016957874013,0.023164936202,-0.024877034127,0.037987505673,3
26.330000,0.033785436823,-0.009696810428,-0.013159829388,0.037532185965,3
26.340000,0.031172842654,-0.039136753704,0.032441704984,0.059631332635,3
26.350000,-0.006460424168,-0.046557491591,0.036603241822,0.059574612173,3
26.360000,-0.039953529146,-0.010872517985,0.033734607450,0.053408986869,3
26.370000,-0.043269971960,0.007745150999,0.002216198328,0.044013513521,3
26.380000,-0.016553942548,0.047918494855,-0.019493617605,0.054315893534,3
26.390000,-0.001142930562,0.045507712097,-0.038675302779,0.059733049441,3
26.400000,0.036055241138,0.002407057570,-0.026152996449,0.044606653796,3
26.410000,0.062386035865,-0.029145073322,-0.001187141883,0.068868440346,3
26.420000,0.032944697515,-0.051397557273,0.044574811260,0.075590844597,3
26.430000,-0.000523511816,-0.022944541791,0.052447661254,0.057249307713,3
26.440000,-0.032772232145,-0.000924475826,0.043931043460,0.054816151222,3
26.450000,-0.035284260597,0.039026253065,0.000723253404,0.052617017871,3
26.460000,0.000887653244,0.043394775712,-0.047739821059,0.064521198084,3
26.470000,0.025576120722,0.038558300846,-0.041731783516,0.062309086582,3
26.480000,0.071690898966,-0.001068161227,-0.026674931416,0.076500182543,3
26.490000,0.063540627500,-0.021493721897,0.013861067315,0.068494675787,3
26.500000,0.015780474548,-0.046521216714,0.042154799700,0.064732326694,3
26.510000,-0.017393475408,-0.027368048760,0.041491885679,0.052660418313,3
26.520000,-0.047215809699,0.014864597768,0.011556728989,0.050831554543,3
26.530000,-0.029456481198,0.026293034344,-0.020219626150,0.044360356415,3
26.540000,-0.008620212578,0.059092890664,-0.056155876745,0.081974144002,3
26.550000,0.011771847251,0.022137910998,-0.045889652907,0.052292673817,3
26.560000,0.053577906658,-0.018378996320,-0.015342685963,0.058683708132,3
26.570000,0.040021012621,-0.043588513214,0.019490158766,0.062301735322,3
26.580000,-0.012092561111,-0.064628800078,0.044230026757,0.079242710079,3
26.590000,-0.040932422190,-0.014351071112,0.040513529059,0.059352864002,3
26.600000,-0.058813109533,0.021795772682,0.006363891121,0.063043926512,3
26.610000,-0.057570110910,0.050185079362,-0.049452194287,0.090985599853,3
26.620000,0.007858335626,0.043617535446,-0.061834404990,0.076077174485,3
26.630000,0.036621209248,-0.006797901050,-0.041159565629,0.055510668058,3
26.640000,0.056346746238,-0.052007723689,-0.020992754584,0.079501288543,3
26.650000,0.024662808053,-0.068743031883,0.037314244794,0.082013483026,3
26.660000,-0.017017231106,-0.049793383315,0.070920900568,0.088310482469,3
26.670000,-0.068095727370,0.002254419401,0.029338954331,0.074181431195,3
26.680000,-0.063561852263,0.024858594691,-0.006420982497,0.068551351623,3
26.690000,-0.030963153664,0.061667982472,-0.069616595506,0.098021055478,3
26.700000,0.010403449677,0.034781170314,-0.043166310895,0.056402942919,3
26.710000,0.060877809477,-0.000221736223,-0.034124052650,0.069789740098,3
26.720000,0.062409918038,-0.044667493871,0.010531177465,0.077466693340,3
26.730000,0.050928292064,-0.060517418995,0.040656861796,0.088932723704,3
26.740000,-0.038960192520,-0.042708676297,0.061403992780,0.084334915436,3
26.750000,-0.034768755741,0.031428958982,0.010622147160,0.048057006240,3
26.760000,-0.034640640306,0.049293730077,-0.047689059319,0.076838090584,3
26.770000,0.028795327874,0.057873143371,-0.039914207087,0.075971149514,3
26.780000,0.058951683858,0.031828646875,-0.041184148805,0.078641578725,3
26.790000,0.080451210236,-0.020534652854,-0.005107917355,0.083187499157,3
26.800000,0.065405445448,-0.055923443726,0.029130715690,0.090850990358,3
26.810000,0.012796168341,-0.066896774273,0.080251258320,0.105257706579,3
26.820000,-0.043915820526,-0.025230283396,0.061142467855,0.079395011607,3
26.830000,-0.037756662610,0.046293728800,0.036746625508,0.070135507298,3
26.840000,-0.001660509564,0.076255426151,-0.049882284866,0.091136653729,3
26.850000,0.015826537678,0.044652482609,-0.064635305225,0.080137670165,3
26.860000,0.081602499541,0.031173562839,-0.057016551757,0.104315128940,3
26.870000,0.072942686723,-0.056720617418,-0.004638437958,0.092516912472,3
26.880000,0.007370837141,-0.076430928913,0.039551814656,0.086373388131,3
26.890000,-0.025695997351,-0.060170388707,0.079549362265,0.102999325210,3
26.900000,-0.078323984100,0.019354764025,0.047669670889,0.093710463122,3
26.910000,-0.052853774586,0.035940255786,-0.021925174966,0.067571715764,3
26.920000,-0.037439140933,0.076734463843,-0.082250665603,0.118553950619,3
26.930000,0.008080532093,0.024326954480,-0.063308112749,0.068300899357,3
26.940000,0.062777384716,-0.022646718643,-0.045317613947,0.080669449179,3
26.950000,0.020577939816,-0.048414094750,0.039530565767,0.065803053177,3
26.960000,0.015996156486,-0.079282034577,0.035268663608,0.088234894807,3
26.970000,-0.067067682660,-0.028152300473,0.062586611746,0.095956813458,3
26.980000,-0.086691033302,0.022475340867,0.001480452985,0.089569347118,3
26.990000,-0.074575393384,0.075304689752,-0.027761894718,0.109558242024,3
27.000000,-0.013371571119,0.054800455831,-0.065898890659,0.086744179422,3
27.010000,0.050403174837,0.025652991673,-0.065208547747,0.086317499470,3
27.020000,0.056193694441,-0.037880295409,-0.013891676766,0.069178224598,3
27.030000,0.053626529922,-0.054024662613,0.033062063655,0.082991378679,3
27.040000,-0.035572116413,-0.107495464428,0.062098166514,0.129138811451,3
27.050000,-0.031536986035,-0.012225286384,0.068022923572,0.075968133100,3
27.060000,-0.056761439273,0.024738705245,0.014039158517,0.063489861375,3
27.070000,-0.015195970438,0.068580052576,-0.062852498119,0.094258037581,3
27.080000,0.041202107389,0.066410337771,-0.070119637415,0.104998619835,3
27.090000,0.076674803984,0.011096114812,-0.068825777445,0.103629807347,3
27.100000,0.075160297532,-0.065005305399,0.026962550717,0.102964747348,3
27.110000,0.039227397704,-0.050858600162,0.051771968585,0.082496804012,3
27.120000,-0.012397706647,-0.045522615928,0.069894060918,0.084327880577,3
27.130000,-0.053060288353,-0.002633516328,0.034105619558,0.063130997884,3
27.140000,-0.058602054208,0.082268399876,-0.010764841692,0.101578404162,3
27.150000,0.008843027259,0.070303223605,-0.052587298245,0.088239256100,3
27.160000,0.015550310552,0.034200375516,-0.060638573866,0.071333824264,3
27.170000,0.071376162305,-0.016442379270,-0.027748269201,0.078325441748,3
27.180000,0.078016010041,-0.049956493485,0.031717670964,0.097919148870,3
27.190000,-0.008337665968,-0.062919951291,0.047388884687,0.079209490190,3
27.200000,-0.047208063027,-0.018490393988,0.062126765518,0.080188720393,3
27.210000,-0.060592109468,0.040606096941,0.029735704398,0.078768464214,3
27.220000,-0.068295087151,0.080339872252,-0.045641083450,0.114899184074,3
27.230000,-0.008501200689,0.079744645301,-0.066850847084,0.104405529658,3
27.240000,0.057184716770,0.008184680216,-0.059989532882,0.083281599875,3
27.250000,0.061812042452,-0.031331752426,-0.004232012617,0.069428504471,3
27.260000,0.032176001505,-0.098654766250,0.041809733843,0.111875429925,3
27.270000,-0.020743056882,-0.086647401654,0.043498965056,0.099147398267,3
27.280000,-0.081357689200,-0.016654913568,0.053354980995,0.098707718720,3
27.290000,-0.094671455563,0.068221501648,-0.012849057700,0.117396576055,3
27.300000,-0.071594539448,0.067042244727,-0.047506667029,0.108983136627,3
27.310000,0.020838122594,0.041110518025,-0.095442617106,0.105988656023,3
27.320000,0.063059833995,0.021071220600,-0.058390522834,0.088487242911,3
27.330000,0.064143262046,-0.061727335602,0.013357452684,0.090016907126,3
27.340000,0.019252901718,-0.049114261113,0.069691518884,0.087405907544,3
27.350000,-0.069048021783,-0.032972536541,0.078078318171,0.109320817993,3
27.360000,-0.077275997506,-0.013592464878,0.052871818868,0.094613762860,3
27.370000,-0.050718821526,0.047356110229,-0.015070519408,0.071007891028,3
27.380000,0.010271974975,0.077056955442,-0.066262024092,0.102146677326,3
27.390000,0.050939587741,0.035105127976,-0.056648792057,0.083882639747,3
27.400000,0.063964079685,-0.022996241868,-0.036514176597,0.077159028781,3
27.410000,0.064544585558,-0.077517261170,0.041943240646,0.109243602742,3
27.420000,0.029205395456,-0.056609413729,0.084119264790,0.105516025111,3
27.430000,-0.023161161667,-0.015593677825,0.062969265794,0.068882005142,3
27.440000,-0.059167768275,0.033368613853,0.001153265671,0.067938348632,3
27.450000,-0.014984066756,0.078829330403,-0.028252275081,0.085069246121,3
27.460000,0.015854433254,0.064938817618,-0.066597186616,0.094358880624,3
27.470000,0.083368789078,0.022580182804,-0.045509039777,0.097628337839,3
27.480000,0.100907411850,-0.043611434291,-0.002005438042,0.109946735963,3
27.490000,0.070893493233,-0.080448549663,0.047005945705,0.117078672085,3
27.500000,-0.005657758064,-0.060720734724,0.065026583467,0.089148608565,3
27.510000,-0.033832033207,-0.009611863421,0.057496013995,0.067400192987,3
27.520000,-0.057426887139,0.031580423773,-0.015939436462,0.067448025671,3
27.530000,-0.025895868792,0.089493906449,-0.053685240079,0.107526091319,3
27.540000,0.010575529297,0.062504245851,-0.080998361973,0.102856002312,3
27.550000,0.065834248452,0.002205578231,-0.041727107911,0.077975408810,3
27.560000,0.056773746549,-0.040526599495,-0.009412363529,0.070386477046,3
27.570000,-0.008435873891,-0.074496677415,0.043708425970,0.086783324521,3
27.580000,-0.039059196940,-0.031142754699,0.075823863785,0.090800607681,3
27.590000,-0.083001662236,0.014766244435,0.041796253400,0.094096996269,3
27.600000,-0.076724484747,0.022477213239,-0.016780378058,0.081691203703,3
27.610000,-0.022594848219,0.064600864263,-0.064299382790,0.093905321770,3
27.620000,0.043045461273,0.017250899486,-0.051110058146,0.069012631547,3
27.630000,0.084013615428,-0.013059651471,-0.015085506419,0.086350533165,3
27.640000,0.026495304308,-0.064404768153,0.045985182943,0.083454253106,3
27.650000,-0.027293730023,-0.067889811582,0.079511946482,0.108056114351,3
27.660000,-0.061563737069,-0.049130304166,0.049455801671,0.093004068880,3
27.670000,-0.073954106511,0.046737100788,0.008575592747,0.087903966070,3
27.680000,-0.061380205189,0.049914342258,-0.028208508716,0.083992208663,3
27.690000,-0.007901382574,0.062170990437,-0.097030050689,0.115509716627,3
27.700000,0.038761957379,0.020796604449,-0.040540860355,0.059820978384,3
27.710000,0.075461363223,-0.022514713234,-0.018117153167,0.080805698378,3
27.720000,0.039504940288,-0.073044714865,0.021686837780,0.085828256476,3
27.730000,-0.026413260929,-0.050895116326,0.042433586543,0.071334300905,3
27.740000,-0.038774538417,0.004417029559,0.027952243853,0.048003155271,3
27.750000,-0.048653175238,0.065384469705,-0.003950751088,0.081595764434,3
27.760000,-0.017768421428,0.046188653000,-0.031217540571,0.058511907380,3
27.770000,0.032153950491,0.038382320850,-0.043713612574,0.066467729089,3
27.780000,0.076403757405,-0.002805793401,-0.029017293359,0.081776585500,3
27.790000,0.053767727730,-0.038046088475,-0.001052746778,0.065875501283,3
27.800000,0.020252605617,-0.040060645386,0.049702985151,0.066973204164,3
27.810000,-0.014678173954,-0.020686940761,0.064903829710,0.069684326930,3
27.820000,-0.042458788903,0.014178401064,0.025480988226,0.051507830209,3
27.830000,-0.014355934781,0.036566535542,-0.013672384047,0.041594933231,3
27.840000,0.017040771447,0.047751155860,-0.054890485558,0.074722996342,3
27.850000,0.047907866258,0.023940725224,-0.055880463294,0.077401215440,3
27.860000,0.056173528903,-0.010228691047,-0.013158545047,0.058593845903,3
27.870000,0.029841167278,-0.037557235059,0.017640135765,0.051109838188,3
27.880000,0.006992992248,-0.038224975560,0.047223083919,0.061156114591,3
27.890000,-0.060716682714,-0.019806338489,0.041704390322,0.076276226809,3
27.900000,-0.080420952353,0.020364580570,0.006628927122,0.083223724946,3
27.910000,-0.046767305362,0.050576641758,-0.043912898987,0.081691616705,3
27.920000,0.010769363019,0.029338042741,-0.056303309415,0.064395361501,3
27.930000,0.028493396982,0.003391374910,-0.023146392427,0.036866388184,3
27.940000,0.030488690624,-0.040577586476,-0.028941207743,0.058426828477,3
27.950000,0.020331418953,-0.059270343844,0.029850122499,0.069407276774,3
27.960000,-0.019817995131,-0.040662702816,0.043483597557,0.062745769481,3
27.970000,-0.059615610324,-0.019799112756,0.022713570032,0.066797695498,3
27.980000,-0.055918978613,0.006010786884,-0.010209507936,0.057160263999,3
27.990000,-0.022764931452,0.056715154535,-0.052202886671,0.080374076882,3
28.000000,0.022197811962,0.030137735509,-0.032129355920,0.049328708369,3
28.010000,0.035618905677,0.000560132352,-0.013292567937,0.038022526905,3
28.020000,0.027795776366,-0.029919836421,0.009036867766,0.041826627575,3
28.030000,0.001847660934,-0.039923921045,0.038563171756,0.055537838799,3
28.040000,-0.038882334334,-0.031526023608,0.034816511368,0.060974712395,3
28.050000,-0.054144736559,0.003034978114,0.015101153775,0.056293058493,3
28.060000,-0.034432541075,0.049094517521,-0.018923391415,0.062880571547,3
28.070000,-0.009220071606,0.042622048519,-0.048855580200,0.065486765511,3
28.080000,0.023804390621,0.025636714932,-0.031253958310,0.046911619834,3
28.090000,0.034904508926,-0.017867548257,-0.019910533737,0.043977305259,3
28.100000,0.043436469679,-0.034906665152,0.024373619845,0.060821669778,3
28.110000,0.008575690860,-0.043447150932,0.032644185017,0.055016726668,3
28.120000,-0.036099986904,-0.013100290636,0.038327265626,0.054256851730,3
28.130000,-0.037515597099,0.017435582811,-0.001308318904,0.041389989998,3
28.140000,-0.008060348787,0.039267452739,-0.021985549932,0.045719432116,3
28.150000,0.013029158561,0.037545999010,-0.054695901042,0.067609929784,3
28.160000,0.039119500204,0.004810063977,-0.036721112988,0.053869399020,3
28.170000,0.050528977143,-0.036124421179,0.004770913949,0.062296973896,3
28.180000,0.015753131299,-0.029885041669,0.027491816056,0.043555445255,3
28.190000,-0.011519922790,-0.038414949768,0.025755468568,0.047662995583,3
28.200000,-0.025668715064,0.001031356715,0.028077522759,0.038056456929,3
28.210000,-0.034806540364,0.036051620326,0.007562103181,0.050679384218,3
28.220000,-0.016209957290,0.051688260349,-0.040178292352,0.067444304055,3
28.230000,0.004036482320,0.031656885905,-0.038644563563,0.050118398894,3
28.240000,0.030002708919,-0.007809671069,-0.016441856580,0.035092565487,3
28.250000,0.016060061142,-0.018940005840,0.008854167667,0.026363718823,3
28.260000,0.008014978031,-0.027764641033,0.035804390090,0.046011623687,3
28.270000,-0.043487156076,-0.020609386268,0.044618694897,0.065625509371,3
28.280000,-0.033985263869,0.008976487531,0.010161225727,0.036589971261,3
28.290000,-0.033095634594,0.031751205750,-0.015755119895,0.048494163553,3
28.300000,0.000363469022,0.028149475129,-0.029723936897,0.040939436787,3
28.310000,0.015296025734,0.012507859170,-0.028213056593,0.034444034412,3
28.320000,0.023018670449,-0.015528442874,-0.001604174949,0.027813038392,3
28.330000,0.033280018319,-0.021997206512,0.015880916738,0.042937631864,3
28.340000,-0.000536778584,-0.039415449471,0.056177388920,0.068627726278,3
28.350000,-0.034138577642,-0.011388725339,0.019212826559,0.040795566581,3
28.360000,-0.042627348832,0.012443907557,0.002749093121,0.044491563433,3
28.370000,-0.014690271403,0.032418914407,-0.018532685151,0.040127926736,3
28.380000,0.005246746863,0.023766439977,-0.023058311725,0.033526970657,3
28.390000,0.022449381703,0.014488826074,-0.016018541882,0.031152760775,3
28.400000,0.041631235143,-0.020092344159,0.007158075267,0.046777131965,3
28.410000,0.016332633887,-0.034322459503,0.031679348773,0.049480979121,3
28.420000,-0.012440585573,-0.018022275916,0.040462498703,0.046008525296,3
28.430000,-0.036572466977,-0.010293450888,0.026538696312,0.046344394202,3
28.440000,-0.018479475632,0.017534241660,0.003229846416,0.025678250682,3
28.450000,-0.007778986595,0.036130383294,-0.031954906265,0.048857274420,3
28.460000,0.028733505672,0.024808822640,-0.038007746048,0.053718533009,3
28.470000,0.029559941115,-0.005424343357,-0.017876295808,0.034968208009,3
28.480000,0.043658596632,-0.037487278536,0.006629117554,0.057925074980,3
28.490000,0.004946695614,-0.042018899168,0.033507391929,0.053970390017,3
28.500000,-0.010389481022,-0.020989724162,0.027531845472,0.036145710000,3
28.510000,-0.034073856709,0.010670358499,0.013964768655,0.038339262188,3
28.520000,-0.035814318262,0.040838908144,-0.014354008809,0.056182910034,3
28.530000,0.004058555482,0.034568218761,-0.018324256790,0.039334615898,3
28.540000,0.016443072921,0.015713095834,-0.029931185693,0.037591912757,3
28.550000,0.044164821830,-0.023466488504,-0.012101101192,0.051455264260,3
28.560000,0.011752048254,-0.024282053159,0.017847139107,0.032345774347,3
28.570000,0.002760838178,-0.026392816419,0.025400794899,0.036734226104,3
28.580000,-0.032507923275,-0.018972199174,0.019616713839,0.042444373938,3
28.590000,-0.042806126755,0.013447498894,-0.004575158063,0.045101350152,3
28.600000,-0.035892964392,0.046554624375,-0.032155204022,0.067004440817,3
28.610000,0.000140055931,0.024963586043,-0.041477000195,0.048410141385,3
28.620000,0.025519952741,-0.005937655805,-0.021448567607,0.033860962727,3
28.630000,0.026373040917,-0.041845306970,0.006372010123,0.049871530112,3
28.640000,0.010603882039,-0.053786183285,0.029090495615,0.062061685135,3
28.650000,-0.011448998551,-0.022869658000,0.038458463694,0.046186082910,3
28.660000,-0.032633530818,0.006306552476,0.010009830062,0.034711909133,3
28.670000,-0.028695447317,0.035009997807,-0.015752915844,0.047929980188,3
28.680000,-0.008856348474,0.021227685619,-0.023417905620,0.032824500737,3
28.690000,0.019777787582,0.028882439023,-0.033140702769,0.048204380979,3
28.700000,0.041252211550,-0.007088757454,-0.016303831608,0.044920044136,3
28.710000,0.031092171888,-0.029662442350,0.011630143376,0.044517905093,3
28.720000,0.011279328992,-0.053898044256,0.036623122659,0.066132258017,3
28.730000,-0.017982344316,0.001471946281,0.041585205979,0.045330571244,3
28.740000,-0.040829333855,0.013323043268,0.006835260941,0.043488605141,3
28.750000,-0.024343999431,0.029085847359,-0.008466629475,0.038862586630,3
28.760000,0.017070769201,0.053042970518,-0.035362664353,0.065996105284,3
28.770000,0.036359153992,0.014128659528,-0.029215500910,0.048735537265,3
28.780000,0.036159579716,-0.022791433198,-0.011904333712,0.044369784692,3
28.790000,0.032688120405,-0.035516546682,0.020135891486,0.052300979243,3
28.800000,0.002459427540,-0.033292526056,0.051744587854,0.061578758084,3
28.810000,-0.026940640777,-0.020086938081,0.017743617001,0.038001567747,3
28.820000,-0.029263047439,0.028099565144,0.008659182574,0.041483646773,3
28.830000,-0.023365762004,0.051840340616,-0.031823245579,0.065162095642,3
28.840000,0.016612074851,0.035107847134,-0.032263517409,0.050492143120,3
28.850000,0.027326833883,0.001508080652,-0.019577202892,0.033649621549,3
28.860000,0.054751070626,-0.026224105904,0.014427895324,0.062398298283,3
28.870000,0.019337170475,-0.042251230253,0.041487310594,0.062291970271,3
28.880000,-0.024174572585,-0.030137834142,0.033292173070,0.051000664644,3
28.890000,-0.034147868815,0.007478384257,0.018895185098,0.039737025500,3
28.900000,-0.043505661937,0.048157512095,-0.003676561081,0.065003120642,3
28.910000,-0.013391737026,0.053909540230,-0.058929998322,0.080983466527,3
28.920000,0.028239942960,0.007547698689,-0.047642803099,0.055895427550,3
28.930000,0.035411187698,-0.003002250797,-0.034482665696,0.049517875132,3
28.940000,0.018512913200,-0.039549329804,0.018734897339,0.047517089783,3
28.950000,-0.015987049962,-0.062534433197,0.040446118402,0.076171054840,3
28.960000,-0.049685216014,-0.023425204041,0.049292624760,0.073804632174,3
28.970000,-0.051400962192,0.018387423521,0.028998368780,0.061814736511,3
28.980000,-0.028113236341,0.039289515466,-0.028091066747,0.055884954273,3
28.990000,-0.004808230426,0.067036816712,-0.048988637215,0.083168145650,3
29.000000,0.036346700012,-0.011087671754,-0.037354821243,0.053286036978,3
29.010000,0.053439708585,-0.026698567571,-0.006056098109,0.060044086206,3
29.020000,0.025262791566,-0.058862265533,0.025060518822,0.068782298196,3
29.030000,-0.016845987357,-0.026199159591,0.045314321759,0.054987007645,3
29.040000,-0.034707264698,0.004039426068,0.030197958046,0.046182549257,3
29.050000,-0.059510052058,0.055273963454,-0.019679248607,0.083569911796,3
29.060000,-0.005307658055,0.075960520423,-0.042820504673,0.087359988080,3
29.070000,0.026287064943,0.066583960552,-0.048197706990,0.086298624237,3
29.080000,0.054481618199,-0.005243383872,-0.016314776258,0.057113148402,3
29.090000,0.058636736624,-0.040529874587,0.015366400718,0.072918199971,3
29.100000,0.033543517290,-0.051805650181,0.041989258441,0.074646438410,3
29.110000,-0.018373721667,-0.028991434175,0.058165590787,0.067537640283,3
29.120000,-0.053777292113,0.012009057694,0.026184202415,0.061006778884,3
29.130000,-0.034274499268,0.056790221010,-0.036914715050,0.075911571514,3
29.140000,0.012496401938,0.053874169792,-0.052719147670,0.076406117316,3
29.150000,0.042298677843,0.052101560306,-0.039036565602,0.077637646716,3
29.160000,0.059105797674,-0.009421074401,-0.011165642563,0.060884509815,3
29.170000,0.037135620638,-0.049995258027,0.045257323187,0.076985748339,3
29.180000,0.010855981560,-0.047936198586,0.062262923483,0.079324668996,3
29.190000,-0.041568133670,-0.033285810615,0.051392231651,0.074006867243,3
29.200000,-0.053615802163,0.029838829205,0.031294271113,0.068879179542,3
29.210000,-0.044999559245,0.061397192221,-0.033663464059,0.083233432930,3
29.220000,0.015990173992,0.051377793299,-0.084510443473,0.100186717505,3
29.230000,0.047845644422,0.016083803562,-0.028974533848,0.058201529524,3
29.240000,0.051379593898,-0.026863894092,-0.012565670734,0.059324763429,3
29.250000,0.017740802064,-0.058799059479,0.035208951067,0.070793613333,3
29.260000,-0.027404527210,-0.051609109410,0.093590917123,0.110334799830,3
29.270000,-0.071587296098,-0.026578785637,0.073317621397,0.105861449149,3
29.280000,-0.080221273714,0.038229052704,-0.016724776324,0.090424727647,3
29.290000,-0.052593500041,0.078155511362,-0.040559075960,0.102564120654,3
29.300000,0.003571988165,0.035999661263,-0.069407925134,0.078270012022,3
29.310000,0.052450066832,-0.022924714364,-0.032987160441,0.066065912491,3
29.320000,0.048423045918,-0.031686432042,0.028164785423,0.064358965882,3
29.330000,0.000942880843,-0.053698384321,0.049672556851,0.073155781775,3
29.340000,-0.047863867446,-0.024917211654,0.034675892221,0.064142300745,3
29.350000,-0.087801079031,0.020739727402,0.007436521752,0.090523298810,3
29.360000,-0.075350846904,0.059975215996,-0.037305152627,0.103278512167,3
29.370000,0.001744534073,0.040251956570,-0.055490380000,0.068574380634,3
29.380000,0.063525415620,0.044381440685,-0.065836044843,0.101683703255,3
29.390000,0.084717126486,-0.020522300563,-0.016710595530,0.088754720119,3
29.400000,0.052342578934,-0.074441463505,0.006573737700,0.091238649079,3
29.410000,0.033637014937,-0.081010893503,0.057847707682,0.105074121096,3
29.420000,-0.051396274911,-0.017679491982,0.073428236698,0.091355609877,3
29.430000,-0.054340238177,0.037552754238,0.020267231000,0.069092919234,3
29.440000,-0.025227980972,0.095157768087,-0.047406994893,0.109265159204,3
29.450000,0.017333155650,0.064481266065,-0.088353530767,0.110745737422,3
29.460000,0.100303058096,0.018636996014,-0.061021836649,0.118876850698,3
29.470000,0.077880973643,-0.036892513523,0.010991931746,0.086875348478,3
29.480000,0.066273471522,-0.075574687231,0.064965121626,0.119683638838,3
29.490000,0.002000514957,-0.042285539059,0.083213152218,0.093362184934,3
29.500000,-0.061194821146,-0.018407881935,0.039403502143,0.075075243813,3
29.510000,-0.061427039957,0.070692558221,-0.007580309049,0.093958395639,3
29.520000,-0.000179925135,0.065498716545,-0.057721081259,0.087303135475,3
29.530000,0.029252271929,0.027966308279,-0.067996054879,0.079128207934,3
29.540000,0.089610402771,-0.004595207185,-0.061632907692,0.108856582366,3
29.550000,0.041972322560,-0.094225837663,0.012807336122,0.103943312449,3
29.560000,0.014158747814,-0.072032316521,0.051280896654,0.089548060419,3
29.570000,-0.031376610027,-0.023851465325,0.056772515526,0.069112246195,3
29.580000,-0.093004249047,0.019519451211,0.018592111245,0.096832153321,3
29.590000,-0.056740638631,0.089526919924,-0.028732808348,0.109818685746,3
29.600000,-0.051925348576,0.061877458659,-0.073156060432,0.108981057495,3
29.610000,0.011837173714,0.015948313956,-0.060888131854,0.064045546295,3
29.620000,0.069002518551,-0.025718696262,0.007053473180,0.073976688137,3
29.630000,0.034427693320,-0.077803899017,0.040914274627,0.094407047607,3
29.640000,-0.006230895359,-0.094863585132,0.082030515291,0.125566433731,3
29.650000,-0.078959479875,-0.036866862020,0.067039647588,0.109945801766,3
29.660000,-0.101679735772,0.016849378850,0.018984516298,0.104800200827,3
29.670000,-0.056150524291,0.077993682309,-0.063051369597,0.114940728492,3
29.680000,0.008530477972,0.080065441708,-0.072811728789,0.108557781203,3
29.690000,0.070069744007,0.010484842809,-0.075657054733,0.103651777046,3
29.700000,0.060768280002,-0.057862115156,0.002696179330,0.083952829658,3
29.710000,0.017343685214,-0.084083284719,0.058277094595,0.103764261383,3
29.720000,-0.036985098351,-0.047835697521,0.073927876262,0.095506451855,3
29.730000,-0.061600329828,0.025999334940,0.056941199129,0.087822925313,3
29.740000,-0.064634197346,0.053739954176,-0.015797291040,0.085528454596,3
29.750000,-0.008460800787,0.095974414284,-0.085153645621,0.128583889775,3
29.760000,0.042913566500,0.036026407924,-0.057297036179,0.080140043752,3
29.770000,0.096937441514,-0.013868147296,-0.043623784977,0.107201808252,3
29.780000,0.100175368912,-0.066557686983,0.008859971081,0.120596556007,3
29.790000,0.032000565256,-0.073357415238,0.068638887762,0.105435494310,3
29.800000,-0.059099288859,-0.023620794017,0.096479323099,0.115580827300,3
29.810000,-0.052267251121,0.016858935132,0.053018343843,0.076335011740,3
29.820000,-0.014734385536,0.095684027071,-0.048834434690,0.108431255481,3
29.830000,0.028470601737,0.096860400422,-0.078311428014,0.127770075099,3
29.840000,0.059316204398,0.042366578596,-0.077857160923,0.106654004112,3
29.850000,0.081685386032,-0.034182471347,-0.016311307090,0.090038893694,3
29.860000,0.046414449894,-0.065398520276,0.049473645853,0.094227964253,3
29.870000,0.018342681672,-0.060204825353,0.061692478512,0.088130794117,3
29.880000,-0.101028946152,-0.010505590675,0.077756477905,0.127919057424,3
29.890000,-0.086657408005,0.045407108140,-0.011313723157,0.098485085995,3
29.900000,-0.049911648312,0.107091799362,-0.068107573308,0.136376199059,3
29.910000,-0.014002446051,0.090193214674,-0.067637461462,0.113603303920,3
29.920000,0.068470967262,0.001623707592,-0.044424570988,0.081636096744,3
29.930000,0.062470156272,-0.038260909277,-0.000053208133,0.073255855974,3
29.940000,0.013059414512,-0.080213754887,0.056889059376,0.099202620213,3
29.950000,-0.051134753703,-0.036719529200,0.083717930351,0.104746258755,3
29.960000,-0.074992024155,-0.003070270948,0.004959243154,0.075218510642,3
29.970000,-0.094869321619,0.055465714464,-0.004077269109,0.109969349315,3
29.980000,-0.045861125483,0.068983426882,-0.071357059971,0.109333371039,3
29.990000,0.030287250244,0.030738285590,-0.072837093873,0.084660510111,3
