time_s,acc_x_m_s2,acc_y_m_s2,acc_z_m_s2,acc_abs_m_s2,acc_accuracy
0.0,0.005626476946876553,0.008852100330350537,-0.0023865379870471504,0.010756973861451205,3
0.01,-0.011055850315574722,0.005620405120942149,-0.004513254356371628,0.013198115199118923,3
0.02,0.027165458723356545,0.024543922664326354,0.018043821969287777,0.040815999297606,3
0.03,0.008618102419998509,0.010823157928978764,0.0032756749683090164,0.014217682067594783,3
0.04,0.020959474307806276,0.002261273200472756,0.01766603685268381,0.02750457739771964,3
0.05,0.0025638862088072974,0.005821941214138591,-0.0005269296002064104,0.006383272420645344,3
0.06,-0.005184108978329715,-0.004505733864646962,0.009042768934947034,0.011355540214761619,3
0.07,0.0026794346978205627,0.010667145839620525,-0.010671833867414698,0.015324992944772197,3
0.08,0.011104665611044671,-0.002806283614121903,0.0016058599915799278,0.011565794930248603,3
0.09,-0.010228911907130978,-0.000743923085017621,-0.009667814630087566,0.014094349934707992,3
0.1,-0.0007416042400877915,-0.005742421595242727,-0.0010409040027199365,0.00588292986268786,3
0.11,-0.0124275362260828,-0.017280718853610242,-0.002141061302029512,0.021392780189754886,3
0.12,-0.03223928287784973,-0.0068796563930104936,0.000870184982457653,0.03297663194547921,3
0.13,-0.011890014381420618,-0.008258644571466578,-0.004778933630285106,0.01524519133336389,3
0.14,-0.006585623659805112,-0.006029783835234818,0.0021225588969286807,0.009177907624245031,3
0.15,-0.00827391339627065,-0.010604039865104518,-0.0086286072938162,0.01597986758958318,3
0.16,-0.011486103371566062,-0.011094229981866176,-0.007039561534109808,0.017451874860465795,3
0.17,-0.0063130254310522485,-0.008150602604935189,0.0012297028297171657,0.010382619224747824,3
0.18,-0.014179214626994363,-0.01241022601058402,-0.015483624053855328,0.024388654143131273,3
0.19,0.0008389167716225431,-0.0011089671188080942,-0.006487841254119998,0.00663518451581932,3
0.2,-0.00892240652208202,-0.00882165839973207,-0.0035408686029439213,0.013037206201106478,3
0.21,0.007981149014991907,-0.003528522192365501,0.002605678736750762,0.009107072534062588,3
0.22,-0.01669329618872686,-0.012108517784306173,-0.006210126035659305,0.021537130866394326,3
0.23,0.0027610619674477976,0.003524478113571175,-0.008854171444243218,0.009921782154692823,3
0.24,0.009282008778758916,0.012148339540258997,0.0021304729438970083,0.01543621571237766,3
0.25,0.019855933919273892,0.022036244708400946,0.007400219403797889,0.030571513535961006,3
0.26,-0.00031990489182347724,-0.0033641912847857855,0.0010117705942222094,0.0035275773380287483,3
0.27,0.02100948732219119,0.01688061923832581,0.014536908621589538,0.030621488789461103,3
0.28,0.01270456062628441,0.014285187656055173,0.005988588034883062,0.02003336301590903,3
0.29,0.028293155583292817,0.014801524505409266,0.0061450231757284235,0.03251690468625333,3
0.3,-0.010396792729562109,-0.006111836842964974,-0.0027353988718768806,0.01236649730702938,3
0.31,0.009371173388631922,0.008668829368414831,-0.006294618767492679,0.01423340151638271,3
0.32,0.00503298140159796,-0.011404746356740967,0.002849736279629861,0.01278749929086473,3
0.33,0.006057586597355643,0.003647991271101908,0.005620156297918072,0.009032627110178222,3
0.34,0.012964999415029533,0.009638830484394779,0.005451409115312962,0.01705039953435495,3
0.35,0.01748189053570745,0.00620011503575617,0.011791316311081386,0.02197937814195482,3
0.36,0.0028927161451456143,0.008962091913716684,-0.006630733152579289,0.01151753099874301,3
0.37,-0.02210719338656188,-0.002076949326782174,0.003652844550286362,0.02250299960550644,3
0.38,-0.00904311643587874,-0.003992634992132069,-0.00961091092597953,0.013787265786963357,3
0.39,0.03191647998224056,0.012574618045228449,-0.0012768449387742641,0.03432802130094044,3
0.4,-0.018581184266696603,-0.015116285914993999,-0.01604593588226536,0.02883113884248332,3
0.41,-0.005806624845647375,-0.011685778107835103,0.014985528221955115,0.01987059028249188,3
0.42,0.00032199787931542004,0.01599213522116548,0.00668500770132242,0.017336129889138036,3
0.43,0.0035020884127801005,-0.0022002274984878243,-0.006029303887576678,0.007311506661747486,3
0.44,-0.015346460679615436,-0.009714343494953346,0.0001406498716719374,0.018163207517267604,3
0.45,0.009971822853372267,0.015387321046271725,0.012158891789720317,0.02200103519278587,3
0.46,0.008407780934304634,-0.0011675894267140375,-0.004930114088019451,0.009816316530629948,3
0.47,0.00040791602880940574,-0.005839008701859071,0.007504542438920939,0.009517277726561888,3
0.48,-0.014221139269585497,-0.0005028039160242578,-0.008873570055514417,0.016770028605611803,3
0.49,-0.008205785987221801,0.003455876273840622,0.0004945253709997084,0.0089175422528151,3
0.5,-0.007646252172610579,-0.013363395035124678,0.0023202987768919654,0.015570140833209994,3
0.51,-0.0008510803794250345,-0.00897000634335712,0.00524340893114306,0.010424907137778256,3
0.52,0.020205359566201883,0.018436659253815046,0.007885865999252535,0.028466714636553286,3
0.53,0.008607566397324948,0.010251910156943187,-0.00106367162806366,0.013428449593409511,3
0.54,0.01366943857999204,0.0047467663493027355,0.009302708019742294,0.01720249163254048,3
0.55,0.008878198192725487,0.008156367775121619,0.008920106814488635,0.014997234545550159,3
0.56,0.025672749070034036,0.008846672164072126,0.014350671977039197,0.030713115103878346,3
0.57,-0.011399060974176896,-0.004148133373966991,-0.005507929114917455,0.0133222702538335,3
0.58,-0.03837024134788769,-0.02516176367150628,-0.013233953642623888,0.0477548667799524,3
0.59,0.005520218312559559,-0.009598107653783662,-0.007300136418981966,0.013262295144042197,3
0.6,0.004668615546996874,7.902607294846698e-05,0.006488102503495543,0.007993603088828698,3
0.61,0.002877832636994398,-0.0007905281830972934,6.361567963497606e-05,0.0029851134734741086,3
0.62,-0.006536970511774131,0.00018672700641071162,0.0037252484430586015,0.0075262425159729075,3
0.63,-0.015695810088398973,-0.019485589448459052,-0.0061017771637585,0.025754190630675047,3
0.64,-0.0031294405238803296,0.006412165503415385,0.002204460699379427,0.007467858555891581,3
0.65,-0.008016176856347604,-0.0054421966660127006,-0.00010700771505577295,0.009689584438709648,3
0.66,-0.002383849384000202,0.0064538369987780335,-0.003309685295531107,0.007634708026365463,3
0.67,0.0017125099546499555,-0.010016305333309904,-0.003734417874153109,0.010826123024132961,3
0.68,0.0064196771687678,0.006445392092069173,0.008502376169793546,0.012451736212447627,3
0.69,0.0015239148797237178,0.002191003853439883,0.0026316482336470933,0.0037481177772436176,3
0.7,-0.008959424902638168,-0.004878381827408542,-0.002374875165757586,0.010474251089836207,3
0.71,-0.0031251809246096727,0.00035589352961007577,0.004126734153817915,0.0051887716072544325,3
0.72,-0.02216828621449663,-0.013555157222858738,-0.006259970702004859,0.026727559451139943,3
0.73,-0.017282403581694975,-0.03006112472621062,0.00038260909717086934,0.03467706854805655,3
0.74,0.014483774226313448,0.02322313306054749,0.00441514595446303,0.02772340417023001,3
0.75,0.007984751797036376,0.00032617507825753646,0.006800719210430052,0.01049344715625253,3
0.76,-0.020400325440514643,-0.01905665864091813,-0.0011640923595430466,0.027940734200391643,3
0.77,-0.009419992272141754,-0.006141976120766076,-0.007947022180598525,0.01377008665964728,3
0.78,0.02298546783286753,0.019874681035913538,0.004543989669785668,0.03072429852566545,3
0.79,-0.0067146372244709105,-0.015284535905033463,-0.0036067302605486203,0.01707957534779084,3
0.8,-0.01806271843757218,-0.02462696336143392,-0.0079084605779572,0.031548262558713465,3
0.81,-0.0006871447111249989,0.011300724159916441,0.0010593171483191915,0.011371046003480477,3
0.82,0.0006534194017250097,-0.002333691721107661,0.0050388113142858315,0.005591305162901772,3
0.83,0.020959781073131734,0.017040769239023822,0.012622741755301604,0.029816670644327588,3
0.84,0.017908932240452764,0.004384458755471176,0.023739222616235258,0.03005834365022018,3
0.85,0.0018430020889028224,0.014169385194226924,0.008498310624424719,0.01662496366766819,3
0.86,0.006368099535652468,0.011112647505187319,-0.0007704757310513042,0.012831105140347894,3
0.87,0.009784138770706668,0.002363040492834141,0.009781765706108302,0.01403553604905832,3
0.88,0.013768620611196391,0.02189757628257474,0.005978602172361375,0.02654849232106422,3
0.89,-0.0008762924894811087,0.004712000782937669,0.0034738386526604486,0.005919323854144488,3
0.9,0.005428050270287573,0.010290248386027363,0.0043832258514156916,0.012432441853772193,3
0.91,0.017296748491038204,0.019186212989255037,-0.002796231979379854,0.025982824914042694,3
0.92,-0.0034059049050873024,-0.005364049780056885,-0.005792180803357891,0.008597823952850728,3
0.93,-0.001696944760475639,0.01323997486490366,0.00015383036153216346,0.013349165506634321,3
0.94,0.00240242510862534,0.015710205777711688,0.005613830937972053,0.016855186435656276,3
0.95,-0.013056532025765698,0.0051959152449368145,-0.012487671966413198,0.01879926899943597,3
0.96,-0.01779443249444876,-0.030947174184063973,0.00032494169313716445,0.03569978998372719,3
0.97,-0.0030601599843576924,-0.0018370337649333244,0.0040251496388928965,0.005379693466996869,3
0.98,-0.001017204943262436,0.0021974496309999664,-0.0063434431973603544,0.006789901499691787,3
0.99,-0.008779377236193858,-0.008668031551701445,-0.003980164423313082,0.012963562183030474,3
1.0,-0.014839883930943685,-0.010290191428221362,-0.0012504175750995064,0.018101760655401415,3
1.01,-0.011819745752284977,-0.008500851915814511,0.0018228987483708712,0.014672894492569559,3
1.02,-0.0018206425996422355,0.009509133658948916,-0.008929976131059787,0.013171288324256089,3
1.03,-0.017523243716093297,-0.0025811341389799323,-0.011787509187233362,0.021276082736634623,3
1.04,0.01087207310638045,0.010419934269847535,0.011112710937112465,0.018715484182629184,3
1.05,0.01889260579819326,0.016788010664731866,0.001692981136710874,0.025330496265457084,3
1.06,-0.01610100221002342,-0.011008134381157695,-0.0036322712796397092,0.019839725032613244,3
1.07,0.010277544339031561,0.023303627249677404,0.004585644534084058,0.025878854233246918,3
1.08,0.014637622170526828,0.013314638251333714,0.005353412484023318,0.020498746298129412,3
1.09,0.016847098422536712,0.02580346002751894,-0.0064885154579193945,0.03149196893650928,3
1.1,-0.0125300768838978,-0.0009428720780849595,0.0007614835451902873,0.012588553994070082,3
1.11,0.003960465517662146,0.007550754941816837,-0.002641877168533411,0.008926292751281486,3
1.12,0.0011746640412923877,-0.011273544466798645,-0.0030466478178879245,0.011736894963363732,3
1.13,0.00481196291448482,0.013280872180892606,0.005061317070288684,0.015005115243195567,3
1.14,-0.0077384970210492,-0.019168672803717778,-0.0034482320896486282,0.02095740102552937,3
1.15,0.02676501446598578,0.017266113732528822,0.012047004956735583,0.03405312043288633,3
1.16,0.009965342513794068,-0.0038976750441390923,0.0035970075927765762,0.011288861137839746,3
1.17,-0.009041144606312442,0.00155453823142283,-0.007409664744513105,0.011792455916020557,3
1.18,-0.0051928140311204565,-0.006845179236369266,-0.006071557519245114,0.010520722743677085,3
1.19,0.016436727168191584,0.01680843390973563,0.010957071275289505,0.025937364195910355,3
1.2,-0.0033744871939518145,-0.019087875475083,-0.007185442058473846,0.02067280173440709,3
1.21,0.011501521453606589,0.015285616422867196,0.0012613104926061163,0.019170966833562626,3
1.22,0.002783875824665537,0.008702795159976693,0.0015494596276117818,0.009267655223478579,3
1.23,-0.02282118124271526,-0.024118355489968876,-0.006534549338323584,0.033840829184704616,3
1.24,-0.019276075026737283,-0.01779502875441752,-0.013204877813950133,0.029370034301789697,3
1.25,-0.02197439984856177,-0.004601899701992587,-0.014802202002392524,0.026891577002684398,3
1.26,-0.0023860333955132993,0.0006084332633870917,-0.002826350668441199,0.003748546985366277,3
1.27,0.015214624640818802,0.017527734206309566,0.0014683955658542098,0.023256449748529234,3
1.28,-0.004871135222069628,-0.01748615040179544,-0.0029461590759850614,0.018389487962608076,3
1.29,-0.007167818253857221,-0.006267499538106526,-0.01670234650095044,0.019225700185384813,3
1.3,0.0019347469464614051,0.009655917973666156,0.009869966187505273,0.013942604857181753,3
1.31,-0.003813386341885582,-0.0084293491317881,-0.002148071719529591,0.0094978973615374,3
1.32,-0.005202847019094466,-0.00875729976719015,-0.013104442123365596,0.01659778056491793,3
1.33,0.002971070249807264,0.0020778137917290794,-0.002160615484448669,0.004220524594648008,3
1.34,0.011542196318592195,0.002022781927822454,0.005504713838825015,0.012946652734656937,3
1.35,-0.0020312527193700773,0.010058724796278631,-0.0016979743196402493,0.010401300347907308,3
1.36,-0.00646491572689813,0.0013459693881788474,-0.010939360314994543,0.012777964354743161,3
1.37,0.018054420564802526,0.012698681002392213,0.015486882028202874,0.02696408937989107,3
1.38,-0.01912695434768762,0.0035620353101168,-0.003530657616091835,0.01977356875657787,3
1.39,-0.007946491317557798,-0.00638830958366924,-0.011497196245971468,0.015366936751194172,3
1.4,0.008070429066994152,0.009790632567033997,0.00551074803631695,0.013833172279264866,3
1.41,0.01823398366608331,0.005575022030272927,0.002593123384877511,0.01924274720153596,3
1.42,0.009235509365444441,0.006300887146051449,-0.00411229482004584,0.01191246325297435,3
1.43,-0.0011860511096244515,0.004881782104008974,-0.006148229032990365,0.007939725057441806,3
1.44,0.013970091425195723,0.015222101188071057,0.01057908348574492,0.023211911304469573,3
1.45,-0.006772255360117207,-0.011825584304578272,-0.009260864782835304,0.01647639230333156,3
1.46,0.008866467272060065,-0.004051805900552285,0.0054312229428614255,0.011159281141602575,3
1.47,-0.006347761806997438,-0.0036626114526919482,-0.011609912962596948,0.013729489488354703,3
1.48,-0.016993887772865986,-0.00859688021423567,-0.0037219018777936534,0.019404925267637717,3
1.49,0.004221734475060709,-0.0126685449836361,-4.097947862960363e-05,0.013353529619467517,3
1.5,0.013218797696420651,0.02666435321056558,0.008270230072570611,0.030888849932134834,3
1.51,-0.01163346690628612,-0.005509875687464402,-0.012847814457339608,0.01818688039992539,3
1.52,0.0043334620038561365,-0.01304840776630076,0.014603957673373075,0.02005780192095323,3
1.53,-0.03176014683971899,-0.01873398672684545,-0.0029221331881969462,0.03698929640222555,3
1.54,-0.02436732987797304,-0.02982444101029122,-0.026449249099998046,0.046720732281419194,3
1.55,-0.01935426591599019,-0.021642599975704183,-0.0012266802771146064,0.029060187324886126,3
1.56,-0.00879818857221124,-0.0023336663957064215,-0.0031853741123793844,0.009643688569964016,3
1.57,5.2470916355407994e-05,-0.009926381064923127,0.002770037712861589,0.01030577038235391,3
1.58,-0.01894084489782359,-0.02076110341671814,-0.006125403347426394,0.02876281604244859,3
1.59,-0.013870252107382014,-0.0027861530156598514,-0.0008770303250580959,0.014174474393785374,3
1.6,0.008838347034969935,0.005397326772585253,0.00028998953251189574,0.010360096936302955,3
1.61,-0.009321068734174327,-0.010050812000617668,-0.013321659085231377,0.01911459507816187,3
1.62,0.019148491688149263,0.012128039984727083,0.004537475329853793,0.023115855384806597,3
1.63,-0.004608958316771048,0.01047651866696189,-0.006919606639259964,0.013374636301112063,3
1.64,0.01942186906959797,0.020430300383076118,0.008770053022498031,0.029521517608631732,3
1.65,0.01630870880068733,0.0004278816641483246,0.0071832576405738155,0.01782571894188262,3
1.66,0.008235523619279053,0.017858497375834982,0.0005598110691830056,0.019673920967605514,3
1.67,0.010196835898626496,0.00381361911993801,0.00037099636234433613,0.010892969817104402,3
1.68,0.009006913086199908,0.005687250019233902,0.008035608007571322,0.013343173991782448,3
1.69,0.020553733264671782,0.006682745160570497,0.0028151986855276387,0.021795421024504213,3
1.7,-0.020071523477703794,-0.017707354832951546,-0.004523867326690931,0.027145567695032072,3
1.71,0.0008251424424869647,0.002193156426655271,2.3874282572542522e-05,0.0023433661991974332,3
1.72,0.005684807241718479,0.004608940630339384,-0.0008374917818228475,0.007366190303956914,3
1.73,0.01621427266279364,0.02522061616342275,0.0012528429186459576,0.030009194141544678,3
1.74,-0.006915226803168609,-0.013886667353806592,0.00522300768552226,0.016368863772955163,3
1.75,-0.026912025613190945,-0.019991435100399912,-0.02258869483308193,0.04042479108468774,3
1.76,-0.0337969642229941,-0.040367208235462124,-0.012622532802824023,0.05413939993917436,3
1.77,-0.00429214381178448,-0.007557627062693855,-0.002760452222937994,0.009119228135918395,3
1.78,-0.022246776915167674,-0.007232613349649699,-0.011609231632612826,0.026115207027294012,3
1.79,-0.010301406433738098,0.00487212789091575,-0.012386489898814714,0.016830975512784122,3
1.8,-0.023466889337415614,-0.0036717572862077046,-0.01520320793837094,0.02820131607497556,3
1.81,-0.012708527328552533,-0.011927018844962764,0.008209558031113597,0.01926544285644338,3
1.82,0.015214292730993648,0.008174414304740519,0.0133918344225387,0.021854907497644665,3
1.83,0.007564700630228853,-0.0024407495163493,0.009433620233246145,0.012335929009671513,3
1.84,-0.006942306686724344,-0.0064075972390114505,0.0011363570940954803,0.009515473291183463,3
1.85,-0.00880517408809554,0.0032813467105068314,-0.0023818412211595395,0.009693889547495262,3
1.86,-0.014679135132672647,-0.0036082906137237672,0.002090416179024117,0.015259967535937854,3
1.87,0.004430071158177502,-0.0009553111108128115,0.003337757975700256,0.005628390363977007,3
1.88,-0.004777701361239621,-0.0059333006122362884,0.012061586987735155,0.014265776078260042,3
1.89,0.017486416101261577,0.009943397466753401,0.015582275515154145,0.025445101915269868,3
1.9,0.004418844714027346,-0.001276266911244211,0.004198043881212369,0.006227248049018834,3
1.91,0.006454176682048111,0.006385076136292485,0.006895375659584448,0.011400517505628198,3
1.92,-0.014224122485128946,-0.004032879408032637,-0.006666427133834126,0.01621823133151098,3
1.93,-6.658769169973992e-05,0.01836759675568277,0.010520333614945226,0.021167202551820603,3
1.94,0.02978658831824619,0.02094663881611778,0.010002451735538789,0.037763097887426496,3
1.95,-0.010907193329841016,-0.002071448426163516,-0.0008435080496543993,0.011134148855957308,3
1.96,0.004331749667384336,-0.00504890279146653,0.002810470514814315,0.007221787804498514,3
1.97,0.003981250615830658,0.0036403005455138177,-0.0028533994111177652,0.006102788930242254,3
1.98,0.00877928259654517,0.004900818122519152,0.006595057605570004,0.012024500239128436,3
1.99,0.009049348474971432,0.011664363088406985,-0.012273556454552553,0.01919865261216911,3
2.0,-0.003721963159660593,0.001315793089865905,0.0037954151224276703,0.0054762667181906125,3
2.01,0.011472316023996454,0.013542197629836487,0.014587415369102325,0.02297385119545083,3
2.02,-0.00824100132798269,-0.006876028973661888,-0.006755785042178313,0.012682054599731481,3
2.03,0.004333537491486314,0.0002899135796092618,-9.790918094880474e-05,0.004344327713406692,3
2.04,-0.022907151674365397,-0.02565372258252145,-0.011335906546304913,0.03621262013994446,3
2.05,-0.015057406969419498,-0.008873253396862762,-0.0005178656347733122,0.017485088369903614,3
2.06,-0.025279109537765885,-0.018486190008658764,-0.0020790861693497278,0.03138622626819259,3
2.07,-0.004774949275623646,0.00759964240564205,0.005821997763370126,0.010698147654388512,3
2.08,-0.004813145110190869,-0.004669503795275429,0.005014475442653019,0.008373505568805463,3
2.09,-0.013527176479899995,-0.013785061716014084,-0.003711908697381205,0.01966699509865122,3
2.1,-0.00521925928038045,0.0009016275259740645,-0.014343456792606589,0.01529013905734031,3
2.11,-0.021978508451306118,-0.02636445144052054,-0.011012222938078482,0.03604730485822265,3
2.12,0.008114399378803937,0.007994986022884171,0.009301348459098056,0.014706405473208357,3
2.13,0.005377014725880245,-0.0012149269399385479,0.00797344197817497,0.009693508746116868,3
2.14,-0.015071271004311916,-0.020270382239356198,-0.00787110255310809,0.026457245911405157,3
2.15,-0.016415215296132192,-0.01043648740649221,-0.018515450984500113,0.026855194800329954,3
2.16,-0.006135596161615979,-0.02340236636106563,0.002634042113099464,0.02433627887351627,3
2.17,0.004304168764238751,0.007617566473153736,-0.0032484093990450946,0.009333024769482234,3
2.18,0.004645805089698591,0.003949485723251522,-0.003073790555768634,0.006828625834702717,3
2.19,-0.008027202810414667,-0.010426949910735674,0.0026513161161117126,0.01342336569374736,3
2.2,0.0007907658882768814,0.008131351852113621,0.0014100722186871698,0.008290506455871517,3
2.21,0.010716909663447996,0.011574440821167023,0.010315918232461082,0.018847758541429418,3
2.22,0.0023882704473137855,-0.008501508581428579,-0.007124879575305286,0.011346514568457514,3
2.23,0.008536919201965549,0.010715720940621313,0.00338264311804873,0.014111978571491691,3
2.24,0.018874712391025207,0.017288541633248507,-0.0013727710263170545,0.02563265378261063,3
2.25,-0.0012311127716520794,-0.004404122009759439,0.005656845469943113,0.007274051828533277,3
2.26,0.015966366965499197,0.00939738703582014,0.012139572672254222,0.022149604552743736,3
2.27,0.003346785932628216,0.01546965281668814,-0.004225930569576687,0.016381990829157124,3
2.28,0.0007696547515831705,0.003829866359660712,-0.0010460398784784418,0.00404406283295185,3
2.29,-0.015684935632574327,-0.020829136525101894,-0.00335130562353057,0.026288807191685994,3
2.3,0.00814103086065743,0.006723885446869451,-0.0022586137823222673,0.01079760877206132,3
2.31,0.02063867554949835,0.0022339053636505086,-0.0010261539658803324,0.02078456767827754,3
2.32,-0.016951899183681427,-0.007728045448269139,-0.007856055410384253,0.020218980661626838,3
2.33,-0.017083424942268423,-0.01644055731792709,-0.003036971743042861,0.023903107121255297,3
2.34,0.01164979863240901,0.004450311397162199,-0.0007082839801949388,0.012490986586494736,3
2.35,3.068408759378076e-05,-0.007349620067560393,0.00808094409714895,0.010923347204587262,3
2.36,-0.016225318173373054,-0.013975473432876022,-0.004877011821361655,0.021962696824523047,3
2.37,0.012151369492643997,0.01041484938180274,0.013256872016226752,0.020781470685372873,3
2.38,-0.013074950079712426,-0.014281134862169663,-0.012164373064801084,0.02286650617383661,3
2.39,-0.006439867723890465,-0.010510427659823931,-0.00892574165993006,0.015218733523963456,3
2.4,-0.0015873858180647455,-0.0004554152880676674,-0.004691221412815178,0.004973404785863953,3
2.41,0.004912480722552779,0.0009915581996167168,0.01099075558944176,0.012079418981868505,3
2.42,0.002715968359391048,-1.8577742364333074e-05,0.0016525146047836573,0.0031792505061331586,3
2.43,0.023959192489456563,0.01131728006318056,0.009624299904030647,0.02819132635081259,3
2.44,0.017477445997429914,0.0046548364407832535,0.01608524032345766,0.024204618921745306,3
2.45,0.021606340706746458,0.014109478156767984,0.0024127530973519634,0.02591780681502784,3
2.46,-0.003561535041337825,0.0032993503511083975,-2.1315783987435133e-05,0.004854966421375469,3
2.47,0.009657228139021772,0.006190522181217522,0.0037606547627377284,0.012071749850363947,3
2.48,0.027084317161511585,0.016545057541028692,0.02185673644327749,0.038535906543017716,3
2.49,0.0028530833170342575,-0.009429547780419056,0.006976090529905877,0.012071548982570034,3
2.5,0.0033034146428738524,-0.0014919925001356635,-0.0014476735320555286,0.00390312036435319,3
2.51,0.018986408579872965,0.00900053817208323,0.018798870811619,0.028193810348034583,3
2.52,0.013079148079198955,0.00984116225500826,0.006992441151434031,0.017799068016704726,3
2.53,0.006393689950723278,0.00484587448263664,0.00637549976628651,0.010247378589540258,3
2.54,0.008717315789598428,0.02471745103427591,0.006318353009804711,0.026960444450415087,3
2.55,-0.017874662586574903,-0.015396183969470328,0.0022116299905279423,0.023694669244804376,3
2.56,-0.0016993204897324354,0.005244171645267317,-0.015253361538433518,0.016218941537412764,3
2.57,-0.009654975965044933,-9.392314233828448e-05,-0.0011162531741742972,0.00971974297968399,3
2.58,0.017976827623246473,0.01760411135257639,0.021701902629531707,0.033227152235054715,3
2.59,-0.005152090315458828,-0.0035509113531232263,-0.009891920063710672,0.011704831848566891,3
2.6,-0.003589124780408857,0.01773391577857724,-0.007465110867244722,0.019572977948980348,3
2.61,0.007261183569767753,-0.0017033632871348786,0.004691722086858861,0.008811270592947614,3
2.62,0.01162058299789388,0.012016152242575384,0.012794154953430021,0.021050326954707085,3
2.63,-0.004493076515625921,0.002659094314382192,1.2943875342033735e-05,0.005220985222346233,3
2.64,-0.01820799298812753,-0.025897647482204446,-0.009479042079297128,0.03304650348386826,3
2.65,-0.014460159742017052,-0.02141028800164107,-0.0065649514556032065,0.02665699232269636,3
2.66,-0.0038291429822140104,0.007200816066142441,-0.003903526388546124,0.00904165948610817,3
2.67,-0.0025868059797638054,0.0005959853578916972,-0.003938706795042894,0.004749755250650305,3
2.68,-0.0149493767144743,-0.019650535970939305,-0.01488357949895502,0.028829643889548135,3
2.69,-0.028475791224335745,-0.010210207096897045,-6.100077367013866e-05,0.030250995618456455,3
2.7,-0.021517350615701553,-0.01648491693653439,-0.00861489150535617,0.028442313892729058,3
2.71,-0.01450029866471208,-0.002613006321785941,-0.012595128418617738,0.019383594178712483,3
2.72,-0.0010946665428947114,0.01280719606930223,0.0062578245160411685,0.0142962559319302,3
2.73,-0.0005524228266006355,-0.0019305330153906548,-0.014240839436278257,0.014381711878379458,3
2.74,-0.015135933371824851,-0.026066771855928914,-0.014552347657436931,0.03347153860174759,3
2.75,0.0032034507911796847,-0.003963261433278513,0.0032506720495813195,0.006044535295120033,3
2.76,0.02713072106346275,0.0029369995417696457,0.011926514746513581,0.029781600791941698,3
2.77,0.012037998593207255,0.0011641547855038873,0.008822126278942835,0.014969922463936986,3
2.78,0.032020595796312494,0.03345937816162568,0.008932545227541708,0.047166077920000694,3
2.79,0.00788205638364792,-0.0003600243909759023,0.0009579877322787754,0.00794821809541605,3
2.8,0.006938007046588519,-0.004055174752987359,0.0019359748321606746,0.008266098390809148,3
2.81,0.00969406600633763,0.01916331604284458,-0.0005606265092466733,0.021483060759026992,3
2.82,0.026879677623277583,0.017220963821958535,0.005379076391694712,0.03237303085774055,3
2.83,0.022376253365139282,0.01744616162684295,0.019429312780111698,0.03438842051153624,3
2.84,0.010894550395116135,-0.0011597660997830798,-0.0014069117144196583,0.011046071079352262,3
2.85,0.00512693277432573,0.013374419584328607,0.0007484411112623933,0.014342967021755143,3
2.86,-0.012096938985848389,-0.008224266529303038,-0.011262929540284992,0.018461529584565227,3
2.87,-0.019608447540363262,-0.007495999990346348,-0.012515840348894738,0.024440284172600614,3
2.88,-0.010398923397389657,-0.018962427746592785,-0.013383756363174171,0.02543297482124997,3
2.89,0.01207010716738684,0.018744796168418287,-0.002316524048196913,0.022414753045564135,3
2.9,0.014183870455923207,0.012429725725477717,0.004187252848131855,0.019318730525974062,3
2.91,-0.02713458008300134,-0.024931802560432266,-0.014226077186394017,0.03950014540867451,3
2.92,0.008195685662577886,0.002263354756661322,0.005272899926788642,0.010004774453840218,3
2.93,0.014161965828508902,0.0055888950028673955,0.018942621917590233,0.02430267369228538,3
2.94,0.007853920482581347,0.007459629935520491,0.004845444817602385,0.011866274950550156,3
2.95,-0.011568476511870988,-0.00723137069352992,-0.00826822668954162,0.01595261556932287,3
2.96,0.005037522083490747,0.01617663969072665,-0.011944396573669268,0.020729903760855522,3
2.97,-0.02175980993804248,-0.03157002788846944,-0.017641632826273262,0.04220643550686924,3
2.98,-0.018354500270056525,-0.008091510084289964,0.0022860589395146402,0.020188766210014076,3
2.99,0.030289487927751744,0.008162176220845235,0.017936914102897036,0.036135952832605046,3
3.0,-0.0033825290337084397,0.0177229850644163,0.0003481721667567563,0.018046244099953538,3
3.01,-0.009905256372711588,0.004958514286274073,-0.0011819196201047553,0.011139923775534383,3
3.02,0.0009965546786705262,0.00027739406129192063,-0.006604320955372277,0.00668484285338029,3
3.03,0.02888276573381682,0.023517977327835164,0.015055877175310985,0.040174480102985306,3
3.04,0.021360877629344858,0.015427974185964375,0.008164475579811826,0.027585651017729713,3
3.05,-6.501558950447461e-05,-0.005065767404935083,0.006624589469196646,0.008339748920871207,3
3.06,0.007242122187879897,-0.0008816215490361646,0.0023180263283838366,0.007654987681178062,3
3.07,0.013729697720515934,0.00922506990224523,0.0012889270128361406,0.016591197878467665,3
3.08,0.015213559370588998,-0.010765946182087625,0.008658254965391415,0.020550507657081576,3
3.09,0.012175636958183748,0.018958742459206732,0.002764804674105515,0.02270075320023487,3
3.1,-0.00663828443103649,0.008954448704574647,0.000498764472579545,0.011157855429665128,3
3.11,0.00039934193645274835,-0.0018606443384484505,0.0002820791983429706,0.0019238087250420496,3
3.12,-0.011852889965263827,0.0031727286101696783,0.0005222815535876595,0.012281285982488116,3
3.13,0.011090318630968658,0.0036011604976445497,-0.0006870228071644479,0.011680561827402404,3
3.14,-0.0032856567947510615,-0.006884901979843651,0.0078549694198676,0.01094979271182811,3
3.15,0.00023201305797595703,0.0017190503803789137,0.002459814829264582,0.0030099257903845717,3
3.16,-0.013242764355174727,-0.005164575932752176,-0.005804518115888148,0.015353699322623295,3
3.17,0.0012515231785954553,-0.0059552213082262875,0.006532599576083453,0.008927812067800252,3
3.18,0.0008229161509955615,0.0031966434416535274,0.0045429301825477605,0.00561550843006573,3
3.19,-0.024823805797938775,-0.015168659860077142,-0.007282085384162338,0.02998897036889938,3
3.2,0.0017549635346905627,-0.016887774313445774,0.0034892205475260244,0.017333536231803663,3
3.21,-0.021288773716971555,-0.017186633536213677,-0.005299491076815852,0.02786892291341333,3
3.22,-0.014837619455858101,-0.012255132009612275,-0.008154412662868623,0.020900661653790637,3
3.23,0.005476059966963954,-0.0011263610904265692,0.005995251794785895,0.008197497554174425,3
3.24,-0.01195966056532699,-0.013306161410963952,-0.008608034690542875,0.01985410973995191,3
3.25,-0.0011049048724357223,0.003021196599778267,-0.0052308365304649124,0.006140854539890207,3
3.26,-0.0018677986918129857,-0.014146225241673785,-0.0038866461733635437,0.014788859963439654,3
3.27,-0.01620724471588787,-0.0027267942628700186,-0.0176570773770292,0.024122242220222658,3
3.28,0.019793532161018847,0.01277878256830442,0.0014980132058710028,0.023607736928859833,3
3.29,0.021586373740384555,0.024989098000161445,0.0077509250426504375,0.033919071171510905,3
3.3,0.011460862675179505,0.0029349610436139153,-0.004515737946017876,0.01266322465977603,3
3.31,0.0034368483110880153,0.01013097326904242,-0.0008226587301031945,0.010729646456323507,3
3.32,0.008977700321475266,0.010645730667967384,0.009034892886932717,0.016599999216730877,3
3.33,0.02428959011225612,0.002688086826556116,0.008963298390868814,0.026029804391356198,3
3.34,0.0020005167144497944,-0.00010063968889636055,-0.0014615505895776118,0.0024795817384528425,3
3.35,0.00268159929764934,0.022135738729713604,0.00018353001171714256,0.022298331488443193,3
3.36,0.004358421301349131,0.009817437438923347,-0.013803412142218426,0.017490343074827625,3
3.37,-0.020304297815786704,-0.023051420366869385,-0.008521077930440683,0.03187853917322631,3
3.38,0.012844768489304608,0.005217734947314603,0.009949822504392799,0.017064929047411307,3
3.39,0.005163532901535624,0.010236508082137635,0.007934484219659551,0.013942891004843166,3
3.4,0.011036626034064093,0.010431013616947057,0.0020026144261168053,0.015317428760480898,3
3.41,-0.006378253529069572,-0.01658933227098939,0.005908360613723074,0.01872956989415861,3
3.42,-0.019850002788310186,-0.02797517071111374,-0.0075001599937640166,0.035112464837204704,3
3.43,-0.0024330264448528707,0.003982170592071163,0.004771878788782705,0.006674438364427684,3
3.44,-0.019410832006027414,-0.015844360320169063,-0.010729226322982037,0.02725693399139633,3
3.45,0.00032909335961947735,0.008781144650588109,0.008800114297865633,0.012436189748849804,3
3.46,0.0006233919053311131,0.0031761366601010255,-0.0027346325880257235,0.004237295947035364,3
3.47,0.018085819630792057,0.006111409425399447,0.01026426149110168,0.021674899327104553,3
3.48,0.00935304382223206,0.006227940271072899,0.004327981035141613,0.01204151521201507,3
3.49,-0.0037485991425629415,-0.006038543837453674,-0.009194675581390617,0.011621448543770016,3
3.5,-0.009229469316679907,-0.004150892488548858,0.0051033380014512955,0.011333890376921955,3
3.51,0.00562445683401877,-0.003253225969694889,0.0004771126122328326,0.006515031107553465,3
3.52,0.00014521334126122842,-0.012047787132233449,-0.007228822475434675,0.014050841116439956,3
3.53,-0.00747057462585584,-0.006510572488307924,-0.008396738041305921,0.012988542993742877,3
3.54,-0.024823246679978903,-0.024240079898751495,-0.006404426274290699,0.03528160604530022,3
3.55,0.029350541387789773,0.02810478719118775,0.022919311044148183,0.04665434772405166,3
3.56,0.016321798959854524,0.009512705445465926,0.001954258984376971,0.018992414653122004,3
3.57,0.012812778304010449,0.011058778419516116,0.008437009381536234,0.018911557188761762,3
3.58,0.007142444674173154,0.0019836461843543473,0.00021880305303194434,0.0074160126000664345,3
3.59,0.030249355803416568,0.02245468723192934,-0.00048587910155228724,0.03767588862531032,3
3.6,0.01879248659986117,0.018009343611493797,0.012698397415362946,0.028961065360951596,3
3.61,-0.008309478735451731,-0.0039050649914813265,-0.010001620073035799,0.013576795407163288,3
3.62,0.005194840987652327,-0.00945297935447081,0.0064847861536210215,0.012585612540565474,3
3.63,0.016801257447542788,0.00820193561303432,0.01086754301797579,0.02162538995871582,3
3.64,0.021304230413612044,0.031250862730198836,0.006932746146719143,0.038451913138787416,3
3.65,0.0020586340972861446,0.004418001513828939,0.00314641521133675,0.005801434340301993,3
3.66,0.022404496579883363,0.012097562891980558,0.01518801314751071,0.02964773580380783,3
3.67,-0.013584034654920127,-0.013593478566302525,-0.01635538837492617,0.025235042816156805,3
3.68,-0.0025212355312281914,0.009458096028516196,0.0007423829830916591,0.009816483157533832,3
3.69,-0.003822924126428916,0.0015497841832368573,0.001178203008291453,0.004290074850138451,3
3.7,0.00845347075095407,-0.00419348799434896,0.0025093892478742306,0.009764401860499783,3
3.71,0.01114613480875367,0.023792724857304028,0.014507551463259279,0.030013315824303714,3
3.72,0.009556312583521756,0.00894829582902785,0.005603464340326839,0.01424057305908326,3
3.73,-0.023470371307745878,-0.014358112425017732,0.002797257941339209,0.027655711412351968,3
3.74,-0.005681233249998304,0.007861891240807726,0.006265727510044245,0.011547514293271118,3
3.75,-0.02600902616005505,-0.016904620988771473,-0.0006620086851039046,0.031026986770674236,3
3.76,-0.006967449256258608,-0.0014714060442053466,0.001432713537436292,0.007263818070809309,3
3.77,0.01316408525251938,-0.0029463341296003132,0.012954461456700522,0.018702729666334413,3
3.78,0.01843126539874489,0.012189240636065128,0.0068436910503671365,0.023132774124080907,3
3.79,0.00117911469394662,-0.009275944441165838,0.013253138299955019,0.01621971428647283,3
3.8,0.0004461673389210075,-0.0038378620403718166,-0.006280779192931456,0.007374038080021522,3
3.81,-0.003403317501830031,-0.0003849085693992866,0.00945424225703943,0.010055516957364728,3
3.82,0.0002133606034679341,-0.01778262820034466,-0.000719576597357208,0.01779846001591906,3
3.83,0.01972446835456338,0.0164035771965226,0.0008098445028642664,0.025666862777349083,3
3.84,-0.0064303135433699645,0.00220985098409113,0.000903003603938662,0.006859139096611319,3
3.85,0.0022355712456683125,-0.013092962174685863,0.0006225346472884995,0.01329702924300343,3
3.86,0.006902996148130562,-0.0006024513153743,0.007058692315569246,0.009891382138729548,3
3.87,-0.0009060683171833415,-0.01274861156997511,0.011471973899715255,0.01717423191625334,3
3.88,0.014191362973550815,0.014085275250966565,-0.0004601614893026849,0.020000037763434286,3
3.89,0.02686624046124681,0.014785744292215061,0.021533346680233427,0.03747129741612139,3
3.9,0.015559393347204688,0.019884190397573633,0.011664595954773656,0.02781256097320272,3
3.91,-0.001107457885412384,-0.01126943834364463,0.004780342573780825,0.012291394496633462,3
3.92,-0.0027349221320220113,-0.0003379970935872287,-0.011837553909537236,0.012154082592474741,3
3.93,-0.010351815233969417,-0.013930987932666422,-0.0014322081553109012,0.017415043026604266,3
3.94,0.001975199019152331,0.0015155319053337727,0.0077213034471445815,0.008112753850834606,3
3.95,-0.008445335591098443,-0.00853520609896282,0.008507935318049881,0.01471592334086335,3
3.96,0.002637825790630737,0.007470165817039141,-0.00799894992392253,0.0112580949596811,3
3.97,-0.01048911392129029,-0.005037442509387407,-0.0064438785852661135,0.013301161945891805,3
3.98,-0.020650662854554656,-0.00527297402785829,0.007515120866410293,0.022599362227012226,3
3.99,-0.028532267992271695,-0.02074481000928207,-0.025150788507147304,0.04332435367821746,3
4.0,0.001030128903107633,-0.006582111374979622,0.007664934573194504,0.01015561803737253,3
4.01,-0.024065298377987716,-0.01193927104148185,-0.008866828953781747,0.02828967010622725,3
4.02,-0.0019329357733677867,-0.001947149774690181,-0.004575481421980229,0.005335041067501464,3
4.03,-0.01579556873944521,-0.01318631598917127,-0.009199490811530596,0.022539067246899292,3
4.04,-0.004530705988988788,-0.0004499118833979727,0.013548550637430368,0.014293108193688887,3
4.05,-0.0075421589354470525,-0.011347878705572696,0.0021888391488878766,0.013800345261754804,3
4.06,-0.004123823762127053,0.011355916722114816,-0.002419049181850824,0.012321305367732096,3
4.07,0.006921306280620014,0.013252314393812697,-0.001254852690987551,0.01500343203066165,3
4.08,-0.011435991134831923,-0.005080564467118924,0.0006212188321340637,0.012529163634413261,3
4.09,0.016664551755772496,0.013711650537204674,0.005970480105448168,0.022391142855263058,3
4.1,0.009785558294068514,0.007185519561288493,-0.0006408167116220146,0.012157281297649024,3
4.11,-0.001652670091758346,-0.005309729384741314,-0.0017272730964971988,0.005823059069016984,3
4.12,0.001259430517174696,0.0049281142222391385,0.0035244373812496777,0.006188225421667885,3
4.13,0.006865137726407422,0.0014167202301171035,0.002320506161918046,0.0073838987710060835,3
4.14,0.0015250023821061307,0.014202562103128596,0.011766796011186288,0.018506644507514686,3
4.15,-0.013406399155642814,0.0020977333665370464,-0.0008325822440995419,0.013595043831878331,3
4.16,-0.003858515254219595,-0.0009364501513730653,-0.0032336144029634847,0.005120677783272917,3
4.17,-0.0038648041934387697,0.004695576794170608,0.0033516513425696165,0.006943970017628542,3
4.18,0.005195700739582638,-0.008399339434356461,0.0007812174753801489,0.009907295789097771,3
4.19,-0.007817639979630062,-0.0041438041989115834,-0.004309910822999729,0.009841846340613015,3
4.2,0.015641777713331303,-0.0030722077264071015,0.007312647093841785,0.01753791543674835,3
4.21,0.005823731990905771,0.004905025930145145,-1.0026668931709722e-05,0.007614146978577797,3
4.22,-0.002333425509832592,-0.008074801042732234,0.0059555291719150544,0.010301243333072871,3
4.23,-0.008942495319162884,0.0009813020426935786,0.0026144625645776924,0.009368382503603428,3
4.24,-0.0006860793565588107,0.00016281170972750085,-0.0059306575548315615,0.005972429285391433,3
4.25,0.008578359638761553,0.003018171645316226,0.014280467524046365,0.016930131921454924,3
4.26,-0.026894717367013914,-0.02168082550566104,-0.008884059146322783,0.03566946206173908,3
4.27,-0.023744080389879307,-0.03419524824778507,-0.023225447958311215,0.04767093232938623,3
4.28,-0.019225668004387665,-0.006387416511967451,-0.0072026838170038,0.02150125703488097,3
4.29,-0.02337056483911527,-0.005330668404234514,-0.0066337448757055936,0.024871789191997132,3
4.3,-0.025391313483767566,-0.011535517932122718,-0.015509368559764834,0.03191124390424014,3
4.31,-0.007868909427065529,-0.009483764815421673,0.010956877815111165,0.01648983632729161,3
4.32,-0.007999610895983939,-0.01254868090864703,-0.008895777552935077,0.017337762984465183,3
4.33,-0.011264272939422474,-0.021288463047028725,-0.0016511078303038593,0.024141430380692105,3
4.34,-0.003155935670380019,-0.0053051006695253415,-0.0055115439148157586,0.008275333189323426,3
4.35,-0.005071565965214533,-0.02202589978194024,-0.006084435023557452,0.02340686634514518,3
4.36,-0.011575069264658388,-0.025202215197366016,-0.004485779393294087,0.028093702071839654,3
4.37,-0.005877345649668617,0.003622088656383254,-0.007507822505265783,0.010199515522364493,3
4.38,0.0037096137335382064,0.015409615605636508,-0.0003960990798886196,0.015854790495197977,3
4.39,-0.011713662056477428,-0.013177154946107232,-0.009251957886587874,0.01991095216161881,3
4.4,0.008031031045768768,0.009391545601462504,-0.005949451530107343,0.01371475708685896,3
4.41,-0.03269137400538028,-0.026832241253253272,-0.016617662844465572,0.045440530624595174,3
4.42,0.0065329253688282945,0.013994224739180055,0.015481318144504649,0.021867525040953496,3
4.43,0.011454274168040825,0.009836019318050162,0.0017197552316185476,0.015195566155901617,3
4.44,-0.0036360427022669155,0.002386021643411324,-0.001997105796700563,0.004785638659442516,3
4.45,0.02064809706591199,-8.292966435405683e-05,0.009876845423075773,0.022888924511297728,3
4.46,0.021121833404401276,0.014036073930383086,0.020000927001478253,0.03229830179221383,3
4.47,0.009031343027504385,0.0021090204396126792,0.00672610180871345,0.011456595028032302,3
4.48,0.02474562524540208,0.02828634842249056,0.0057268052443790645,0.03801657236221412,3
4.49,-0.005780207507155353,-0.008412906513514099,-0.012845741558955074,0.016407341985537102,3
4.5,0.012720948533814851,0.00691299967076766,0.00011046496915669002,0.014478408011843387,3
4.51,0.01731633851191142,-0.002754840919304287,0.008526840422390904,0.01949748023562787,3
4.52,-0.015135844035445762,-0.009369726433178203,-0.013900679999395054,0.022585713461024847,3
4.53,-0.0022421860233117993,-0.0007453622316038129,0.006957308916676812,0.007347592148554986,3
4.54,-0.022477501512719197,-0.018049434025202878,-0.012175663116470843,0.03129324072719592,3
4.55,0.003957226191918521,0.01296298508002033,0.009864890148752392,0.01676349244536435,3
4.56,0.012916859069187218,0.009201277585018427,0.0034659816681670537,0.01623335413073579,3
4.57,-0.014300893972590462,-0.015044142970547129,-0.011468641556797683,0.023714374233612903,3
4.58,-0.008404366478263231,-0.012287415981337268,-0.009635757215925132,0.017733070363691407,3
4.59,-0.013984161581558886,-0.003794972200848787,-0.0032824995573014835,0.01485709906031615,3
4.6,0.0226146186510354,0.0028618983818170327,0.01782303150030727,0.028935650864298012,3
4.61,-0.017270285248505872,-0.017393063648335816,-0.00508394560145432,0.02503253719698359,3
4.62,-0.01606214744260462,-0.012257482959988858,-0.014459791862917218,0.024846006715391396,3
4.63,0.00309168558255436,-0.0011194541489462678,0.0018880697417902018,0.0037916361485289206,3
4.64,-0.0029661088651199395,-0.002663186286087185,-0.0024020065032347646,0.004654030321745664,3
4.65,0.030037517429397857,0.03007662297722079,0.0005281773239729018,0.04251040665908555,3
4.66,0.02552769413777274,0.015705408744649634,0.011721455531360395,0.03218253488465216,3
4.67,0.01080731475228983,-0.00040843372814590613,0.010176414560110137,0.014850060052557705,3
4.68,0.016128569633498315,0.023601702279783737,0.017038248614814108,0.03327871729478719,3
4.69,0.015011067997747606,0.00829045071121184,0.011668512228385663,0.02074169503806333,3
4.7,0.019747757885376308,0.017211092121718032,-0.000676122114587811,0.026204060270033372,3
4.71,0.0140870281060087,0.021685069285456823,0.0011163728260178132,0.025883061624568545,3
4.72,-0.00410782174141501,-0.00863431297924214,0.0038081479852738677,0.010292111112910536,3
4.73,-0.0020860453794711896,0.012809769387806029,-0.007786079750878065,0.015134887346162144,3
4.74,0.01882858365573581,0.027446901609835497,0.012100441737876767,0.035415655587787476,3
4.75,0.0001813425865709829,-0.005719047506305858,-0.002834465226697327,0.006385497837635202,3
4.76,0.02100807964609422,0.01012382744573799,0.009073459876578866,0.025023168598313095,3
4.77,0.012074018108542412,0.01433690322520271,-0.0012778756991503768,0.01878727424819037,3
4.78,-0.012601950681190341,0.002777294464878094,-0.0035712315240601492,0.013389407011299535,3
4.79,-0.01393721845684773,-0.003124741007942252,-0.008823536861084865,0.016788831627589106,3
4.8,-0.017631358089961295,-0.012672043425147002,0.0026952697436975065,0.021879441301288893,3
4.81,0.005765770526240978,0.008315895028378711,-0.0001377234248844477,0.010120137727622328,3
4.82,0.008806716124052807,0.011866887951277532,0.018087981148956586,0.02335714752667449,3
4.83,-0.011076310535904941,-0.005237909796092779,-0.0019409663105478675,0.012405148299737706,3
4.84,-0.007372663109749074,-0.008765689008318004,-0.004495177655300604,0.012304474278615718,3
4.85,-0.004016285908458345,0.0037307699805629287,-0.005952845385269233,0.008092315201922858,3
4.86,0.002512141673566299,-0.0003356742950242485,8.118619879552954e-06,0.002534481985021251,3
4.87,-0.011911506279696575,-0.023452095656424813,-0.007990346558400658,0.027490551297722203,3
4.88,-0.0018496185148660863,-0.012196263537361706,-0.0008045483922627871,0.012361926671793791,3
4.89,-0.006903054521557838,0.005549335228800656,-0.004564425259899183,0.009963998251827118,3
4.9,-0.023403245521447683,-0.024914735341604044,-0.0011023410833254053,0.03420045458679346,3
4.91,0.013307893134568514,0.010186562308494167,0.01037716520086552,0.01971171298877863,3
4.92,0.0024213631451528907,0.011945116240268512,0.007061280423280502,0.014085825594917598,3
4.93,-0.0018542906572761343,0.00014933800231428868,0.00626952953172077,0.006539701539804064,3
4.94,-0.006866794378190547,0.013637342900423647,-0.005643220769466729,0.01627808118510979,3
4.95,-0.004605418548288227,-0.003973110636425856,-0.009498763502779143,0.011279272858474814,3
4.96,-0.011989032934264936,-0.014952058853524422,-0.0030090149523373127,0.019399874887265044,3
4.97,-0.006921780572655351,-0.016363475016860963,-0.003004452649094614,0.01801946438282985,3
4.98,-0.0038303733660117268,-0.017472033726472377,-0.0025668909262920774,0.0180702144893059,3
4.99,0.0012399139344821683,0.013245349315998096,0.014778606182214781,0.019884261760415727,3
5.0,0.023844891141014152,0.007792943979421624,0.014339390163563573,0.028895102001137193,3
5.01,0.014804593593758771,-0.002507260746726728,0.0004985923632813529,0.015023679385329095,3
5.02,-0.004109628209416908,-0.00572727056207265,-0.0001401358509880346,0.0070505538908337785,3
5.03,-0.013281881758812883,-0.01395437406880276,-0.0031603131813446937,0.019522308216789897,3
5.04,-0.0065440037046357955,-0.009883744549342315,-0.007164702243044972,0.01385082485032695,3
5.05,0.02020368736887981,0.02451627160623412,0.013844721583767,0.03465418982608162,3
5.06,0.009070665208095812,0.008166164546646813,-0.002720054252833612,0.012504475433165095,3
5.07,-0.002870274581815104,0.004990776764262945,-0.006120676311801072,0.008402916600774017,3
5.08,-0.0026836772368138903,0.016490099892226894,-0.003015211172392262,0.0169769554508791,3
5.09,0.009615701256955662,0.00039978673564968967,0.001854068659710458,0.009800974986803133,3
5.1,-0.005829196732952211,-0.0022124760154878793,-0.0019144650668361748,0.006522251234252319,3
5.11,0.020475108141283997,0.0032132014543404565,0.004730218760914875,0.0212586379269595,3
5.12,-0.006534914653550258,0.007750276445152321,-0.0005348350252744869,0.010151745810929721,3
5.13,-0.01912110765980391,-0.015018344028158244,-0.006594617906672512,0.025192387755449738,3
5.14,-0.032201005888916154,-0.047187158116544364,-0.03379093810988171,0.06637288730889765,3
5.15,-0.002261428676740165,-0.012230741099934371,0.007000470456603966,0.014272759863719125,3
5.16,-0.009298774450040077,0.005417099385786436,-0.001191830961185916,0.010827401953758217,3
5.17,-0.016903024741444853,-0.02642721867361667,-0.008666137143496372,0.032545538330513726,3
5.18,0.004062864979714835,0.0020543452534249815,-0.0031449564916750565,0.005533349582142091,3
5.19,0.0006374488478010521,0.00441125141476665,0.004457794387150863,0.006303761644919437,3
5.2,-0.006349833015995528,7.257306017183565e-05,-0.006649886227298713,0.009194924307252706,3
5.21,0.0046448569903469435,0.0237336748663651,-0.0005022837016211744,0.024189136157374856,3
5.22,0.001087598618863171,0.0001363723949105557,-0.0013117818072197387,0.0017094559648026624,3
5.23,0.01544689549709969,0.0031051604964282015,0.004643192976174399,0.016425828539860392,3
5.24,0.006839471742905254,-0.0022289541069538807,0.0015193591979352273,0.0073522148027146475,3
5.25,0.002268647059351531,0.010914415800298328,-0.008941409135309296,0.014290557339260728,3
5.26,0.02255652986660312,-0.003850615985417548,0.012678770803209925,0.02616057170954871,3
5.27,-0.004854419779976027,-0.0015228442355915961,-0.0071262260136724246,0.008756000409093105,3
5.28,-0.008971314888122667,0.0068632916317623825,-0.004945828873878518,0.012330875317436367,3
5.29,0.00029089706133757134,0.0009271212865578295,-0.0028312155616073515,0.0029933186493541096,3
5.3,-0.014780856519775174,0.00019224680744746835,-0.006774685417228836,0.016260597799452735,3
5.31,-0.012978303803278371,-0.026211404535780067,-0.00691324333240336,0.030054401187205863,3
5.32,0.0011411517927558648,0.011008433272665525,-0.002017611654885529,0.011249826101890164,3
5.33,0.003061899274514037,0.003784036146092219,0.002209163665108596,0.005345517825378387,3
5.34,-0.0026019319956159526,-0.006139695927376936,0.004106318304814669,0.007831204646215994,3
5.35,0.004800260263250049,-0.0008303093458302104,0.00399421305230745,0.006299654761328879,3
5.36,-0.008600406267487723,0.007922793437946076,0.002495024652532982,0.011956704890685847,3
5.37,-0.027358773538349562,-0.025813428027863714,-0.00493632205220023,0.03793682685037633,3
5.38,0.0030232816745278538,-0.0041312617919699954,-0.0013463569813345249,0.005293414134423575,3
5.39,-0.007986812243016662,0.007326824838503281,0.006138812567124398,0.012456185280959571,3
5.4,0.0006789642649266091,0.0028770692434771945,-0.0020853665259773363,0.003617633681355335,3
5.41,-0.0004821053851062282,0.003633402758620739,-0.007973428745071193,0.008775511789145337,3
5.42,0.005107171794545045,-0.004672015956922066,0.003609886146891209,0.007806549483238284,3
5.43,-0.01800410174810086,-0.020970196677191258,-0.004720173111868753,0.028038845601095288,3
5.44,-0.020736410298445987,-0.00043780207724540034,0.0024689660878302044,0.02088746457249402,3
5.45,-0.00634149109916894,-0.0017651868699935392,0.0022886620560073666,0.0069691009501545,3
5.46,-0.005564583211105446,-0.004121147199066004,0.005195755143168043,0.008657038295944136,3
5.47,0.01288901888100573,0.006349875558497024,0.01335371535823338,0.019615540808043966,3
5.48,0.005839502418605357,0.002799182157525766,-0.0008402866668175673,0.006530029933341791,3
5.49,0.003287015824972744,-0.004040851293955977,0.0046718527305355615,0.0069970822597207995,3
5.5,-0.011335715936889349,-0.004859775912882249,-0.008816993891202248,0.015160978167742853,3
5.51,-0.0036669310934353888,-0.00796705560542778,-0.0009976956744628842,0.008826990162157393,3
5.52,-0.013263608505024473,-0.012720022751451569,-0.005555928342390269,0.01919871425689175,3
5.53,-0.0026925643990867556,0.0017525349838290183,0.000836440455990448,0.003319776279991094,3
5.54,0.00995754047451633,0.018196328267559812,0.014299443813484934,0.02519390934526517,3
5.55,0.013414332824512657,0.019169667236623694,0.014115919583688921,0.027325439663120774,3
5.56,0.015533104657578586,0.005560158717889709,0.007056255531584912,0.017943897218788262,3
5.57,0.01644132850220799,0.009703465300604964,0.0052678991854269355,0.019804678325723524,3
5.58,0.013154273153138787,-0.004482165886070337,0.013230402228441861,0.019187711076207082,3
5.59,-0.002155741527693539,0.0033668398513523484,0.0004711778137826279,0.0040255236493005175,3
5.6,-0.005633380851440907,0.001832157797825095,0.005440367753218558,0.008042971049542123,3
5.61,0.01742514477780456,0.012107069847942043,-0.006139758722472915,0.022088762935044123,3
5.62,-0.004652313768979994,0.006733636140003753,-0.0018727690651877181,0.008396019476068975,3
5.63,-0.005913648148800366,-0.009110191590251946,0.005080263962050132,0.01199065916299069,3
5.64,-0.004886152937678171,-0.0028662877913629824,-0.009455093028181105,0.011022199435904635,3
5.65,-0.022906986499202305,-0.025540693234918446,-0.01915379182562573,0.039292808282104914,3
5.66,-0.008482552002789856,-0.007239487695266443,-0.01240901180774837,0.016683747918701808,3
5.67,-0.025999807172140017,-0.022251760772373785,-0.010920229952865113,0.03592189099536477,3
5.68,-0.00026957551437156377,0.004421299899212688,-0.004191393829787711,0.006098224823102975,3
5.69,-0.013304214739397024,-0.012563778424769608,-0.00357801576809823,0.01864545132131306,3
5.7,-0.014758455440200147,-0.0009932706800951738,-0.000806013463382365,0.014813785853976143,3
5.71,-0.03015866731027246,-0.03492336882949123,-0.017449657857140036,0.049332316625753804,3
5.72,-0.0022972128336276884,0.0027148061804040946,0.0021479579136620386,0.004154645905369963,3
5.73,0.023882492522130386,-0.005561344107038044,0.011280448064082675,0.026991674751170352,3
5.74,-0.01014372759122779,-0.008207323417426162,-0.016631910419625112,0.0211394373465734,3
5.75,-0.0021378706311150943,0.007770179610950774,-0.006733934758292564,0.010502002635248208,3
5.76,0.019193996865056778,0.012374078701234031,0.011773591804449464,0.025693283233910427,3
5.77,0.030476926555641503,0.03088458707840342,0.017350455171090736,0.046730493961924684,3
5.78,-0.010782264996981494,-0.01571811939096536,-0.013255767645805253,0.023217060355121426,3
5.79,0.01975488728195741,0.015066377018837458,0.008096198970532056,0.026130436769542152,3
5.8,-0.026852634013664348,-0.025568663024370747,-0.02498965139218201,0.04471356795233871,3
5.81,-0.030433569879578636,-0.00967609799592806,-0.013838304321954606,0.034804133584231435,3
5.82,-0.013588728150735505,-0.016507686839129353,-0.002512816148512886,0.021528388293822257,3
5.83,0.003540859125205885,-0.005552751305147684,-0.007847162341966413,0.01024444665282361,3
5.84,-0.016264344268497818,-0.001447505498488738,-0.013387819653752228,0.02111534706638201,3
5.85,0.022736399727689822,0.005655963399289159,0.002152373692491159,0.02352799411474596,3
5.86,0.006474142328496293,-0.002311286770503067,0.003987273591892248,0.007947006739756247,3
5.87,0.012052459322518794,0.012634743076079804,0.010041499612113472,0.020142746157850267,3
5.88,-0.0011235500739741615,0.0007940037602110114,0.009441813920003289,0.009541522773641765,3
5.89,-0.005818195649150391,-0.009913165570224921,-0.011711857312269766,0.016410053441029745,3
5.9,-0.0015229948723946337,-0.0022020811334826835,-0.0009291090431994199,0.002834063921991822,3
5.91,0.021077865572707116,0.028857087855147442,0.015485217425259644,0.03894611527852778,3
5.92,-0.0015676152567411943,-0.009423450494664469,0.0010535593626645602,0.009610870103649197,3
5.93,-0.003481865808401122,-0.002646212872324202,-0.00983928624139679,0.010767422431274223,3
5.94,-0.019236404222511647,-0.01602608009014849,-0.009763868554744976,0.026873920808509793,3
5.95,-0.019493056763761,-0.00584812738878556,-0.002715392076012296,0.020531761007695923,3
5.96,-0.016048006090372303,-0.021303874668202574,-0.007116427066800889,0.027605019644119187,3
5.97,-0.0005895281247011884,-0.0060590514335601055,0.0038083002942907954,0.007180724115006496,3
5.98,-0.0037148165865641307,-0.005496744919516685,0.003987707562352126,0.0077405347738308625,3
5.99,-0.03059576843659246,-0.02713526688015331,-0.022200666059761315,0.04653271245457082,3
6.0,-0.00041489024722278847,0.0029272287641827852,-0.00512492393357717,0.005916557063026753,3
6.01,0.004235024433982186,0.008316044342886224,-0.0023426509773030145,0.009621852164252726,3
6.02,0.0042919243377994055,0.006137156617158816,0.0012841602017968576,0.007598313845111299,3
6.03,0.005817628236339951,-0.01031266563599557,0.0021545668617089482,0.012034867227255903,3
6.04,0.007932155996956751,0.0026369503164613162,0.008928384441605788,0.012230644074154504,3
6.05,0.006960985827457482,0.0026428680409656883,-0.0015005320144735887,0.007595503373607434,3
6.06,-0.011824092852623626,-0.017692456080128115,0.0035614791943020295,0.02157582693632329,3
6.07,0.017232822299611653,0.004737618996750837,0.016263036349955073,0.024164054905754684,3
6.08,0.027420522047355685,0.03310715105354133,0.017711737550101248,0.046493807407817105,3
6.09,0.022739779871002175,0.02211084025240796,0.020468343270855345,0.03774837640882994,3
6.1,0.011240789211261447,-0.002086622536042141,0.003967056104185017,0.012101523450941301,3
6.11,0.007060867585543206,0.009892713550602917,-0.005746064964233962,0.013443916655054598,3
6.12,6.4474958711494e-06,0.004390648805620305,-0.007719828988111018,0.008881080908885878,3
6.13,-0.01574974190007545,-0.01754966362295126,-0.005931481633204163,0.024315170934270013,3
6.14,0.017200439471733785,0.01570591397099044,0.005418760510037911,0.023914301519176274,3
6.15,-0.013621293947080376,-0.013509329492281556,-0.010513431443762886,0.021876331338835105,3
6.16,-0.0017784089085036243,-0.016058072496244632,0.004056099706411597,0.01665762214029498,3
6.17,-0.0038089362339299854,-0.006497947169003111,-0.00251832245776441,0.007941867579265023,3
6.18,0.014020875161008719,0.0009264130524046735,-0.0016122133833708354,0.014143635085004741,3
6.19,0.005161282940616625,-0.0015194626504040046,-0.004800500543821461,0.00721057652412781,3
6.2,-0.011798029472060653,-0.004376796666911883,0.0006875106025904677,0.012602480681031692,3
6.21,-0.0071697611167601885,-0.0011288151583193208,-0.01186131887585851,0.013905775189030462,3
6.22,-0.00939340582517788,-0.0037084634979721197,-0.012177278956273956,0.015820078928096087,3
6.23,-0.00014570185576009802,0.0022003568794526167,0.0068750993438750265,0.0072200962885461024,3
6.24,-0.020103252169570228,-0.022712815233062005,-0.004506814253614835,0.030664704438835365,3
6.25,-0.0043782416222456644,-0.009517867911583782,0.0068356389360449445,0.012509387233157913,3
6.26,-0.009876980867347368,0.0022845289711982226,0.0005342358331938265,0.010151809277151452,3
6.27,0.022814297650930723,0.030149781449872397,0.013884961456541417,0.040277706655543005,3
6.28,-0.014875168112802066,-0.01053623924724061,-0.005187475315790575,0.01895238412472566,3
6.29,0.010754424132051287,0.009876843903646394,0.006436952049207106,0.015957569852356454,3
6.3,-0.007345600214827247,0.011812695811723093,0.003196634110810908,0.014272914716159775,3
6.31,-0.0015689985547864165,-0.004547683163313112,-0.005913762649352765,0.007623369812076759,3
6.32,0.01760260001828269,0.01361381423395749,0.006313357304587936,0.023131060197400015,3
6.33,0.009662664331005058,0.0014380036175124069,-0.0021144903658675005,0.009995299189369105,3
6.34,0.003336628603770591,-0.014668962780350021,0.0028179973231674885,0.015305315037730307,3
6.35,0.001774800511403136,-0.0035314747714853853,0.004903557335924301,0.006298103322716421,3
6.36,0.02374908731754169,0.019596980696875047,0.01358196424716241,0.0336530912942795,3
6.37,0.0034494523050800805,-0.010253012018083776,-0.004471180158927021,0.011705316256367245,3
6.38,0.003710817797525431,0.006560928245199846,0.008415971237651853,0.011297987433081871,3
6.39,-0.00026802018149572546,-0.010572749796861415,-0.003883775009391649,0.011266702330686525,3
6.4,0.029059106937858115,0.015358810476570759,0.01149131515167176,0.03481917688855,3
6.41,-0.008631474657087256,-0.007642588174254095,0.0019632685907176313,0.01169469676034768,3
6.42,0.008658193378290945,-0.0013684957068586176,0.004278441209412202,0.009754083875893634,3
6.43,0.007731636840496446,0.005620049941740337,0.002118729829378877,0.00979041294690256,3
6.44,-0.012357533893460226,-0.009592846025764292,0.009535235321876726,0.01832080924647177,3
6.45,-0.0030236209111177493,-0.001589472009833805,0.0005777248086975462,0.003464458202775473,3
6.46,-0.006045315798878876,0.0075125390931876646,-0.0024900235277677783,0.009959131684222505,3
6.47,-0.010549867891110176,-0.013973766614667957,-0.006244680491784423,0.018589295316540626,3
6.48,-0.003584042945165762,0.001267492721882387,-0.0038941106708644045,0.005442058392718449,3
6.49,-0.0024026710530296743,-0.007698004415501971,-0.000690555476078555,0.008093760994475722,3
6.5,-0.010598991141622657,-0.007338307263964705,-0.009406688463918799,0.015958544876578683,3
6.51,0.01632120517243294,0.0191040195553195,0.0024679712364733576,0.025247498558763033,3
6.52,-0.01588435506834084,-0.003211029149928945,-0.00955874704140362,0.0188147040673076,3
6.53,-0.00468785907741727,-0.006989840347000122,0.00208778816249769,0.008671375335997154,3
6.54,-0.005756598857691215,0.0032368732926992385,0.0035247727273113225,0.007485973677522457,3
6.55,0.0010540250022382557,0.0030073968972976887,-0.010139993993804063,0.010628964342663005,3
6.56,-0.0024329984783235644,-0.0007301588307946661,0.0006622232547576958,0.0026251005986160014,3
6.57,-0.013485740461417199,-0.007227556550402943,-0.007090735674680562,0.016863608803876027,3
6.58,0.0060876735457853865,0.00407159257067037,0.018057444520973985,0.01948612167389003,3
6.59,0.00031791158660160885,-0.0067389362876787385,-0.0013401064760179512,0.006878242176119862,3
6.6,0.013644725459097139,0.008442265399617222,-0.0006712715939695794,0.01605929585892788,3
6.61,0.012991866398431424,0.020542693428698862,0.01047608127225023,0.02646769964774028,3
6.62,0.012328457994883857,0.003662386278508291,0.009981945861774835,0.016280147203635024,3
6.63,0.017563064196839444,0.03819468893118939,0.0065635177339317475,0.04254850469260067,3
6.64,0.0005217546372758121,-0.005641448381860779,0.0029254087276155234,0.006376220194623731,3
6.65,0.00898191904547201,0.013272629676475235,0.01083630020735581,0.019345877350283276,3
6.66,0.021371088201775395,0.003295166276427652,0.01738642436291406,0.027746518409427535,3
6.67,0.01060894229315061,0.010765352221483527,0.008102769595373083,0.01714926646092195,3
6.68,-0.0020954856214297195,-0.014758427355083238,-0.004814093365659013,0.015664537430711768,3
6.69,-0.006325747293787058,0.002688380401027159,-0.010548065315469812,0.012589843124713609,3
6.7,0.014079608238373339,0.010109708119375532,0.0024091532894399753,0.01749987388460435,3
6.71,-0.0033969363351187636,0.005582940015188928,0.004323919413269472,0.007836113499082083,3
6.72,0.0008793425260838185,-0.00900171726671144,0.0037341876825468003,0.00978510677900219,3
6.73,0.016604193332299875,0.013222961959325383,-0.0034599755117011083,0.021506217466949626,3
6.74,-0.012185284562823053,-0.0036108291575994225,-0.017255367644305682,0.02143051468403163,3
6.75,0.010427950673329942,0.012148110965825158,-0.010762750954862167,0.019291333893740742,3
6.76,-0.01728318736956313,-0.019202984874927827,-0.004990781722930974,0.026312945406473887,3
6.77,0.0078940221279118,0.006709240280800798,0.0014238396153271188,0.010457380635305191,3
6.78,-0.005320149413162834,-0.0078097809980844455,-0.004574622024614958,0.010498754006286174,3
6.79,-0.028376908773923383,-0.01825973158860203,-0.013076588021682201,0.03618927884802574,3
6.8,-0.022590395759883305,-0.02916854093404278,-0.012746314640641108,0.039033297295095436,3
6.81,-0.017986572055210502,-0.0007345121118959384,-0.011397344469630345,0.021306237192409514,3
6.82,-0.005369376090497734,-0.008599881668085814,0.006150277715342501,0.011858080800961247,3
6.83,0.00759380048186548,0.00920365277791644,0.008305253537436254,0.014537890718255066,3
6.84,0.0001173167659274674,-0.009209424783184043,0.005695937005780099,0.01082917201056975,3
6.85,-0.013288119397281653,-0.022599657095887148,0.0033109143888449414,0.026425002782560984,3
6.86,0.01613779350948454,0.01666077924213251,0.01393625351163704,0.027059732191033425,3
6.87,-0.00013999901136280135,0.005092707914668492,-0.006073877166031646,0.007927626218191059,3
6.88,-0.008599267638350791,0.0007930479563147781,-0.0003464403812067558,0.00864270501143785,3
6.89,0.002644449232322802,0.004716168307237872,-0.009784696138201588,0.011179250143075995,3
6.9,0.005604048167521085,0.013361337649546244,-0.0021212142868220043,0.014643437086275071,3
6.91,-0.0035898619527301116,0.0002394744332075054,0.0042452702592326655,0.005564779997245595,3
6.92,0.018900970360365536,0.005855535155781943,0.0047816705827845715,0.020356776416866253,3
6.93,0.0035843710632508137,0.02174428579494923,0.00429208323226913,0.02245180748011675,3
6.94,-0.0019844490333730085,-0.00806212427578798,0.008928888550016636,0.012192659125183608,3
6.95,0.014923852258531833,0.01718836093269965,0.006327541877988533,0.023626233385898393,3
6.96,0.011593618122381435,0.012103138334828241,0.003619054610509083,0.017146296830320158,3
6.97,0.015180105300276695,0.0191151941007736,0.00514419423928791,0.024945720611144136,3
6.98,0.01350364981201745,0.008701785962473566,0.0037681625852511954,0.016500566246380393,3
6.99,-0.005220151388163428,-0.0009638264657868506,-0.005120860401482947,0.007375781533029014,3
7.0,-0.00044073605596979114,-0.005325380433254726,-0.0009033801358823973,0.005419411471721906,3
7.01,-0.027844866357871485,-0.014848339791805911,-0.010407569156604627,0.03322841062720512,3
7.02,-0.0010043860208914237,-0.01097228299016539,-0.002034690640565642,0.011204452297994771,3
7.03,-0.001381843917202663,0.009192663466065478,-0.002242383945156039,0.0095625749654232,3
7.04,-0.008103637339540004,0.01313652918790258,-0.0031924068820608363,0.015761624248028273,3
7.05,-0.018304816541377347,-0.0040025584431816145,-0.015048040211904125,0.024031860038782885,3
7.06,0.005105862413159409,-0.01301166829931107,0.0010996623699601146,0.01402079171235765,3
7.07,-0.02248104607246551,-0.019992126096935074,-0.006092785848622354,0.030695351077732313,3
7.08,0.010093615328174687,0.014922984588371047,-0.002467583006330644,0.01818421032959789,3
7.09,-0.02574429094708201,-0.026956433273473423,-0.008577935414153304,0.03824916714341136,3
7.1,-0.009879792809964181,-0.017689623557396894,-0.00019884566783308962,0.020262591817678383,3
7.11,-0.03289780499331676,-0.021917795566792464,-0.003944608921828794,0.03972675767580556,3
7.12,-0.01317969982916416,-0.013050094835333108,-0.00392046138799255,0.018957306778464026,3
7.13,0.00044342562532363695,-0.003966270684100272,-0.004247290898353424,0.005828156603934277,3
7.14,0.003098065591239702,-0.00900045645786663,0.0010808221101105836,0.009579895787078293,3
7.15,-0.0017594485353742142,0.012324572162244595,-0.003912339419940746,0.013049794552705694,3
7.16,-0.0031546845737418635,-0.01002626840628584,-0.0025422626085012745,0.010813935087898123,3
7.17,0.032813375526908266,0.019523583861756164,0.0069352646729522426,0.03880703333625011,3
7.18,0.004871656580666157,0.006763736897645483,0.001778965522493482,0.008523256008752719,3
7.19,0.0409486656891642,0.026833213327482373,0.02607066482703295,0.055466152955875744,3
7.2,0.026054366100143056,0.014403822960827942,0.019663777869610037,0.03567862481756441,3
7.21,-4.9724892483959254e-05,0.007471988499486802,0.004030770939510289,0.008490005834402957,3
7.22,0.0020661177712227577,0.004381271666021137,-0.0037866577953401676,0.0061484275481664885,3
7.23,0.026818032118313927,0.021359018124122966,0.01522715161579194,0.03751373945977455,3
7.24,-0.010150197242154399,-0.010480510499207778,-0.005640394980892938,0.015642303536216314,3
7.25,0.022160169658881672,0.005006345204138807,0.008214262891443936,0.02415803647780954,3
7.26,0.0025091488603855155,0.010912385125938028,0.0083103039733864,0.013944071473943656,3
7.27,-0.027596475800677485,-0.025116123763621302,-0.014271365488948346,0.0399506823777275,3
7.28,-0.013189815873633414,-0.02016495682257855,-0.00801663274077076,0.025394155369635883,3
7.29,-0.004275425235466189,-0.0059371888769440655,0.0009672754339655797,0.00738004705064424,3
7.3,-0.009328002354951435,-0.007114539788052241,-0.01226888358211859,0.016975093775332642,3
7.31,-0.013344366046986737,-0.020659200708731194,-0.007013786823073569,0.02557475092193729,3
7.32,-0.02382376665039779,-0.020283937669381524,-0.003009569745755854,0.031433540921164606,3
7.33,-0.007492618566933255,-0.00540927927918841,0.005618415004744567,0.010815092347055985,3
7.34,0.0105889036625362,-0.0029547387883319494,-0.00046077284086607113,0.011003075646955523,3
7.35,0.01003879198498202,0.015887801851258904,-0.0012911898772891986,0.018837907619526622,3
7.36,0.006636034023047924,-0.005791386698961995,-0.0004387268353390444,0.008818706746910805,3
7.37,-0.009431288720919908,-0.001441104646685721,-0.023747610298545302,0.02559247905990401,3
7.38,0.008205555372035163,0.006939540253590132,0.014023610293905971,0.01766776736234883,3
7.39,-0.02406532599907279,0.003458919690786339,-0.00650118821804676,0.02516683311653312,3
7.4,0.003750785929643437,0.0030901336736935143,-0.004877350521808132,0.0068851920324626975,3
7.41,0.017182919161241025,0.0007877114441723846,-0.000411252662886938,0.017205880650921525,3
7.42,0.008774983188436518,-0.004016141514147434,0.004083187030230697,0.010478651580372646,3
7.43,-0.01779393846724383,-0.015020452452299857,-0.005768577532301353,0.023989887969601536,3
7.44,-0.0073544721687696345,-0.025122468850839415,0.009120715030390737,0.027720283994003368,3
7.45,-0.00288627989884108,-0.012836868995567297,-0.004163622345842758,0.013800419135033985,3
7.46,-0.006746316853527833,0.0002599243938187709,-0.0016086629542879057,0.006940327678085095,3
7.47,0.0032373729046666555,0.019569628918677046,-0.0013199373674047123,0.019879466642555126,3
7.48,0.0065858539970910825,0.003785898706683251,0.0019861759854551933,0.007851840353284407,3
7.49,0.005231175886405584,-0.004825774077075468,0.013717509100077383,0.015453910589497749,3
7.5,-0.003045754615257085,0.006096715961177734,0.015146645373472205,0.016609257441480223,3
7.51,0.020468031993047774,0.024764431979603128,0.013479184408298584,0.03484115149150121,3
7.52,0.004016754293592833,-0.0008211936715340953,-0.006053173466859338,0.007310922179941051,3
7.53,-0.012186425961318043,-0.0035367435883456146,0.00018514886831543995,0.012690619095372325,3
7.54,-0.001989005324823735,0.009052586128858625,-0.0006069199851653018,0.00928836959164383,3
7.55,-0.005066097759374251,-0.0009032808284480365,-0.000557628636849504,0.005176119440199696,3
7.56,-0.022018915734786412,-0.02093847639860516,-0.01069742407744716,0.03221315454784452,3
7.57,-0.006549121579938493,-0.008767779082922766,-0.006276524860454446,0.01261585145123613,3
7.58,0.011763298694517678,-0.0016329688638356682,0.008500860909150509,0.0146050135119219,3
7.59,-0.008190131893377531,-0.012010793344985258,-0.006988796239489343,0.01613011748512584,3
7.6,-0.008629775316453118,-0.001059776549313311,-0.005437042251811294,0.010254636843639035,3
7.61,-0.0007232582065254869,-0.0022771170586516126,-1.7376818129389638e-05,0.002389281583639094,3
7.62,-0.015017201589107918,-0.022692050377409102,-0.004876050823533475,0.02764455399409546,3
7.63,-0.021105428302303404,-0.012042271543398406,-0.018239076662308916,0.030382878817554373,3
7.64,0.0006767940704385245,0.009291016907853365,0.002606631743911811,0.00967344687503718,3
7.65,-0.007322040148701271,-0.006548412980466961,-0.005971203214288023,0.011495618831897009,3
7.66,-0.02662268670353307,-0.019299240278626586,-0.008699735284041473,0.034013431415531065,3
7.67,0.0001911751694920836,0.011898735239476776,0.013410497031767974,0.01792924646725719,3
7.68,0.0006564676214828461,0.009858289495923241,-0.004748692863066364,0.01096206665876573,3
7.69,-0.022403997068219408,-0.011313253805285847,-0.010416970605208084,0.02717429066020616,3
7.7,-0.02830405093344547,-0.008418909548890945,-0.014889755227263527,0.03307116792560105,3
7.71,-0.005827769653622245,0.005318056809093666,-0.005788575559015974,0.009785307065333461,3
7.72,0.03436454841725364,0.023120655532237945,0.008535997066280127,0.042288889156345995,3
7.73,0.03383806360735072,0.026787361127084946,0.016107636867826958,0.04606553191176406,3
7.74,0.024701167629052796,0.018265625820162015,0.005646263950500147,0.03123557371714905,3
7.75,-0.001656381840967911,0.014677772213938272,0.009253124465780999,0.01742988555173503,3
7.76,-0.0020733707029124016,0.0020006545437489705,0.0010250865707288758,0.0030581509368583417,3
7.77,-0.007610870560869433,-0.0024860978674139055,-0.01092301542836703,0.013543201222348178,3
7.78,-0.007184757916303805,0.009945761329108333,-0.0009859092557260307,0.012308977690775267,3
7.79,0.014371787121169577,0.011451923474774202,0.007125034494053525,0.019709412291333113,3
7.8,0.026684048973085572,0.016007648482472304,0.005295169106902178,0.03156457025538473,3
7.81,0.0014611913290472132,-0.01625489069996583,0.00046865648168784165,0.016327161133085764,3
7.82,-0.0036909364979024117,-0.006011681345557764,-0.0003262085879828776,0.00706185081086744,3
7.83,-0.00996102055591982,-0.005435214242996845,0.008467086018319567,0.014158214224412472,3
7.84,-0.0032825025264288836,0.0055724820449660865,-0.008017976192256488,0.010301229110988323,3
7.85,-0.012797745029634955,-0.009007792035640465,-0.0035457453361441497,0.0160466477866775,3
7.86,-0.021015160817481667,-0.02161089544096411,-0.01643466556326379,0.034333162075772,3
7.87,-0.0033772953547259728,0.0008182959079239306,-0.0035456846310043194,0.004964636100311776,3
7.88,-0.01635575194400163,-0.025574677776119763,-0.013331727883218313,0.0331558401093721,3
7.89,-0.013816992896245968,0.0007156353051442736,0.0025318693994827654,0.014065268900412736,3
7.9,-0.0077648044302896305,0.006030629974192124,0.004256388070765249,0.010713427329068074,3
7.91,-0.03280416180997153,-0.036982211111115146,-0.008010473321270308,0.05007958320066838,3
7.92,-0.025958646219566183,-0.024925576854388072,-0.015406579132500023,0.039147137515309974,3
7.93,-0.005225148638404653,-0.0008300217355406416,-0.007340636829273831,0.009048539298372045,3
7.94,-0.01963992747645804,0.00034978026161039746,-0.008698501058201316,0.02148285405088144,3
7.95,-0.0036831609878967136,-0.002992377496080533,0.00957245958631163,0.010684193019287086,3
7.96,-0.011439244575074467,-0.004880678796129398,0.0009312252544491622,0.012471748972533149,3
7.97,0.0024863793422406862,0.003774081876038944,0.015907768589559605,0.016537317731105793,3
7.98,-0.018263613705330525,-0.025201320079994878,-0.010076976345363406,0.032714088274272655,3
7.99,-0.007249162504021748,-0.007795760720844954,-0.0032853818863983857,0.011140824761473385,3
8.0,0.02357937365946422,0.01043897929758405,0.014962010986310368,0.02981309986738205,3
8.01,0.010156712529830667,0.00899305992449108,0.0042334922052245025,0.01421113621322389,3
8.02,0.017966487284240537,0.007113294218920697,0.007755543092000137,0.020821673050731983,3
8.03,0.007702724142407062,0.005652804597668029,-0.002638646910143507,0.00991204401472508,3
8.04,-0.007290676961350743,-0.005519483776894269,-0.008456640905537568,0.012455257810394003,3
8.05,-0.0009516394333360413,-0.0004209466174214929,0.013439490819926767,0.0134797153962795,3
8.06,-0.0003807453997672185,0.008277780303907495,-0.003407684914718509,0.0089598510198107,3
8.07,-0.0011696484307154153,0.0022719195868707315,0.006154437800317263,0.006663842787660578,3
8.08,0.02118727364604331,0.012878075396055845,-0.0004221284962621502,0.02479765277049779,3
8.09,0.0012976725030348314,0.004887562799116819,0.0009265387929156255,0.005141079475676375,3
8.1,-0.014336612420062466,-0.014363841895287957,-0.0126881574242538,0.023934237997031906,3
8.11,-0.007587600391217904,-0.0139178849154469,-0.004684723744829332,0.016529544360985946,3
8.12,0.003642284345626546,0.011139886092471211,0.007221658614340956,0.01376646833976364,3
8.13,-0.021160346673980434,-0.020073050272035747,-0.011250428612386568,0.03126115421012339,3
8.14,0.00849671388040196,-0.0021445825591851512,0.015355145824691852,0.01767975917302405,3
8.15,0.011524098876303478,0.020220605665589992,0.007189109595287258,0.0243590033697432,3
8.16,-0.017118948058348786,-0.004950093491912606,-0.006491843504726917,0.018965912587929543,3
8.17,-0.0013721394806523457,-0.002432231240755972,-0.0027510671029507133,0.003920061959690415,3
8.18,0.0033507437999914323,0.009487961269976667,-0.003720599716918427,0.01072808255595061,3
8.19,-0.020159632894403076,-0.017828251842870124,-0.013400845163701613,0.030063932099966655,3
8.2,-0.012445286214616661,-0.004857079986387992,-0.0026641500102617044,0.013622557404359716,3
8.21,-0.00981690745150251,-0.0064253073373216,-0.008948777419082572,0.014755909446275632,3
8.22,-0.0008428750025774633,-0.0034971877194615525,-0.001991310339812178,0.004111700023659987,3
8.23,0.013682263669291761,0.0116523643656971,0.004169283896765151,0.01844897998911631,3
8.24,-0.0053361649034609085,-0.012692186017489655,0.007721305056589361,0.01578558815997682,3
8.25,-0.018724867679537845,-0.017671828115215744,-0.007451077144817136,0.026803595452251305,3
8.26,-0.019868241357905506,-0.03031672866617193,-0.007279432457473584,0.0369708153626235,3
8.27,-0.006163707810782215,-0.006925087741723483,-0.007914614982039943,0.012189719624388317,3
8.28,0.001174083245198374,0.0028547643498062812,-0.004551535950993592,0.00549951183949699,3
8.29,0.020259678502534087,0.002642170976631308,0.002912715890335949,0.02063781854638736,3
8.3,-0.013962096757947198,-0.006726207967545776,-0.006939459264180819,0.016980521616846198,3
8.31,0.005331423376208314,-0.01384725570770641,-0.007573543047055969,0.016659205267256838,3
8.32,0.025529924327632042,0.013159222030771679,0.015998043908950644,0.03287673295116895,3
8.33,0.012349631495044287,0.007852872196195064,0.00830224018767253,0.016825819205226474,3
8.34,-0.00785106967912504,-0.005669783633377892,-0.01084699851016417,0.014541083805387413,3
8.35,0.008116444592533774,0.00754022216506114,0.0022250962381944843,0.011299675941874497,3
8.36,0.004116460038704912,-0.01038215974930825,0.008790697160313554,0.014213051779078115,3
8.37,0.018115885031958132,0.014009566459671078,0.007916674668468397,0.024230703264359346,3
8.38,0.010133564276469574,0.012534149654994085,-0.002929446691654197,0.0163821759982724,3
8.39,0.0028685229432286663,-0.0015697903553826384,0.008506178378676376,0.009113053069391348,3
8.4,0.0044147408655501544,0.001161971433111406,0.008045300774522727,0.009250242108932149,3
8.41,-0.0035560422924797537,-0.014019398691003902,0.005716458546469372,0.015552069790118913,3
8.42,-0.014798066436237798,-0.003466659973631934,-0.012555868631275712,0.019714216664882805,3
8.43,0.0017665317447743533,-0.00892099952676581,0.01950464109704996,0.0215205922615197,3
8.44,-0.015944948315184223,-0.0025343175280125012,-0.005060754074484945,0.016919674166753437,3
8.45,-0.004134539173214292,0.014662379934154098,-0.002292498589900451,0.015405692106913725,3
8.46,-0.0002574998265936499,-0.004177302659071459,0.0017037498579687566,0.004518730711683293,3
8.47,-0.02347222855359969,-0.022614793199803022,-0.005444217255631281,0.033045633391853624,3
8.48,-0.010513923376948668,-0.008856971672024545,0.004622273821771055,0.014503583945315826,3
8.49,0.011830842612588356,0.016234251642360985,0.0002395290974475748,0.020089229390393773,3
8.5,0.010468934180912349,1.5754863716643114e-05,0.002719556123091532,0.010816414221295811,3
8.51,0.001168546292155499,-0.016379876336484776,-0.004147335041447342,0.016937126001227636,3
8.52,-0.004451823254992335,0.005900568011279873,-0.01187599670003699,0.013988378418126933,3
8.53,-0.003758807554643597,-0.002475231878490976,-0.0001653936747977409,0.004503638768019349,3
8.54,-0.0067477502717451536,-0.006578290462920634,0.0026130265214456545,0.009779261053176141,3
8.55,0.002125134846745622,0.0018936998257376757,-0.003774866474142429,0.004727781091004101,3
8.56,0.019964976528086487,0.007372196958325627,0.005032938156259978,0.02186961458837644,3
8.57,-0.0018595239112564879,-0.0028861577979520355,-0.004762205285490478,0.005870803624067783,3
8.58,-0.00868988405995971,-0.004036351748836541,0.002009415111124557,0.009789993335273185,3
8.59,0.018854408740897662,0.017036371369167306,0.005335430712520206,0.0259652363610487,3
8.6,0.002840235371091279,0.002193987549658845,-0.012017060470650584,0.01254154139994478,3
8.61,-0.0048907386077321376,-0.022795409105596808,-0.0017218371162830972,0.02337765436214031,3
8.62,0.0066422995528609575,0.001985744223256877,0.0003695039803081942,0.006942611660002203,3
8.63,0.001199738578827706,0.0011527018972276647,-0.00586356412793991,0.006095037211031899,3
8.64,0.004484275741403148,0.0041218801381514925,0.002086033011768581,0.006438179752415493,3
8.65,0.008142257729268142,0.0021675467229528953,0.004740833193366656,0.009667994574540147,3
8.66,0.004762784878369312,0.018921050302533354,0.00030044659454844303,0.019513598655932142,3
8.67,0.004065698801443198,-0.0008308389384601611,0.0007932391643512304,0.0042248583949736,3
8.68,-0.0015752598722168806,0.002365269307756328,-0.010949945133975831,0.011312702639082838,3
8.69,-0.02626445948270298,-0.022200084700666946,-0.01769153147593427,0.03867371043227306,3
8.7,-0.0053953060781006664,-0.00010933556048603162,-0.0007051549853698384,0.005442290464002149,3
8.71,-0.023081151283387974,-0.028097382399142095,-0.006104494041870094,0.0368709545544659,3
8.72,-0.017100405765618887,2.5002918862902096e-06,-0.01238792348369108,0.02111597811701026,3
8.73,-0.017390967243517616,-0.009604951442938868,0.003216887943281654,0.020125834192051443,3
8.74,-0.0021343996023099557,-0.005846633585025215,-0.00230807999767243,0.006638224101033443,3
8.75,-0.030111546168586127,-0.024409522736923518,-0.0179100179887165,0.04270010254394512,3
8.76,-0.010309329573901767,-0.01323674703410193,-0.0036970063369104245,0.017180267872279747,3
8.77,-0.007979924990290233,-0.00854714434736997,-0.0015521008514564451,0.011795842335269187,3
8.78,0.003841035519744151,0.0024061397265897236,0.0019646056219026244,0.004939912701396745,3
8.79,-0.002659547919898615,-0.006471691203008104,-0.0014712328916092392,0.007149860724984957,3
8.8,0.004454062062974636,0.008878740669680384,0.005271313775948729,0.01124533030483201,3
8.81,0.0010951605686151805,0.01842933088201631,0.008515238578386815,0.020330983780347096,3
8.82,0.02201251422770144,0.013500913386531126,0.004023496936751628,0.026134536010716233,3
8.83,-0.002068495525161887,-0.01940357289131736,-0.005896088666498267,0.020384827108648484,3
8.84,0.032548048125360336,0.01989694784533788,0.015135665669623714,0.041040861901201514,3
8.85,-0.0009385086416240857,-0.001613775217756057,0.004658106162276586,0.005018268819312672,3
8.86,0.015896474984517545,0.01706597940536292,-0.0039007333513933476,0.023646591523438124,3
8.87,0.02527223876389349,0.011903890883960997,0.012191680339055563,0.030479923553155517,3
8.88,0.004747394656253368,-0.0023211432597455748,0.012063617250223492,0.013170281819853937,3
8.89,0.005723028216595822,-0.0018436283357692778,0.0040777040559354565,0.007264963026485119,3
8.9,-0.010321518914635928,-0.017626283964656875,-0.0012482448351073877,0.020464060063347146,3
8.91,0.045376484036121496,0.017396236778814377,0.0210418610266217,0.05295672075391965,3
8.92,0.0008075256417527012,0.001131476159312961,0.0020963936321878244,0.0025153930552220625,3
8.93,0.018828826493120614,0.001477748545694768,0.012587205488160561,0.02269683215502822,3
8.94,-0.008444689442264107,-0.008459900911522888,-0.00854731334707187,0.01469487218937632,3
8.95,-0.018508385401419615,-0.007850487391671771,-0.0163351594228966,0.025904206527622646,3
8.96,-0.011032520672526625,-0.015168717710580776,-0.001493117288657159,0.018815841958591734,3
8.97,-0.0028035430218755026,0.007075046327951976,-0.0010050106275130387,0.007676338995874774,3
8.98,-0.0049007296550885,-0.009394644540688649,0.009037101183902486,0.013926438705076276,3
8.99,-0.015278705611384745,-0.022988217248763133,-0.015300102797219751,0.03155931119402295,3
9.0,-0.013545949133280954,-0.012931482905239709,-0.0005626752952447864,0.01873586377880189,3
9.01,-0.006724543696954636,-0.0020841769921730075,-0.008919571407458336,0.011363187746389827,3
9.02,-0.017806763011729045,-0.006169151580042652,-0.00676246831455204,0.020021743627335373,3
9.03,-0.013527331550173955,-0.006539534447336804,-0.002116713255601842,0.015173486239578461,3
9.04,-0.020030161166565415,-8.46083461530922e-06,-0.009020897722234656,0.02196779514788241,3
9.05,0.0036565425179086826,0.004025878570613823,0.0022510498000874236,0.005886019593330895,3
9.06,-0.020125768772626538,-0.018404781369004315,-0.009852503991808093,0.028997489216114423,3
9.07,-0.006311908441743062,-0.0049344686715837565,-0.0026022569124585443,0.008423829906059782,3
9.08,0.005590962909066941,-0.006563627380481642,-0.004842195328918355,0.009888727230729408,3
9.09,0.008319009062588149,0.012445074574781575,-0.0018041119564525575,0.015077818572549332,3
9.1,-0.01087477653553233,-0.01876268365355911,-0.005098908614688905,0.022277745210012783,3
9.11,0.01379418890607113,0.001302971636260128,0.006545006033150567,0.015323657743347426,3
9.12,0.011419789498415314,0.006835418273187623,0.00452345365750486,0.014056890415349264,3
9.13,0.01485291569274991,0.002730887573965457,0.0002135521538518285,0.015103392203077765,3
9.14,0.006216579528189906,0.0072679492556967165,0.008629091372131675,0.012881388330544561,3
9.15,0.013265306584204595,0.011545423825108501,0.00781596321990517,0.019244595374526198,3
9.16,0.014996350492928787,0.01624072801320172,0.008381393514708516,0.02364105606257805,3
9.17,0.03705704020864187,0.030507433567220733,0.016877696531884864,0.05088009799622722,3
9.18,-0.014233497519029152,-0.008216452852453909,-0.012634842738813844,0.020730214666890547,3
9.19,0.010128012140306772,0.00639444865684916,-0.0052957477865652304,0.01309620357806765,3
9.2,0.012426077845475576,0.014274396779903477,0.005962680661009111,0.019842363133384836,3
9.21,0.00558137417209874,0.0038724483509118253,-0.0014311015731612834,0.006942308376336743,3
9.22,0.012377192327566365,0.01983374159618062,0.002054269692038964,0.023468962899652446,3
9.23,0.009940303622571997,0.014086210621514078,0.00857008195627836,0.019252980821678027,3
9.24,0.0010106838693605801,-0.001497109204195087,-0.000672815330532984,0.001927562793288854,3
9.25,-0.006042877521516273,0.005246964627058036,0.0011800178657685764,0.008089465291425508,3
9.26,-0.03084542937495341,-0.009583388446682967,-0.017821373930252196,0.03689015066663632,3
9.27,0.018924647964719304,0.030185876249848108,0.006508715699631122,0.036217299811254884,3
9.28,-0.03541074210947358,-0.01572380654990123,-0.016758435624092412,0.04221378819448939,3
9.29,1.7773215926844554e-06,-0.008553663957859349,-0.01084882021586447,0.013815283939861813,3
9.3,-0.00306418506252119,-0.009812792249558035,-0.006088349561223737,0.011947724562025084,3
9.31,-0.022492698280877778,-0.024155423114278565,-0.002005293042542834,0.033067009873450855,3
9.32,0.021534184722415698,0.023113588382369224,0.005666548923599621,0.03209468579488298,3
9.33,0.006532507517496525,0.024893787927178383,0.003869384751589313,0.02602588077636015,3
9.34,0.0009070549970307891,0.0035566649308721265,-0.004061529982264621,0.005474362062831486,3
9.35,-0.016608394936720085,-0.011287254812582775,-0.011853693512159046,0.023318468077008058,3
9.36,0.01929469742234228,0.017526057979573482,0.009971192312980945,0.027908291475215095,3
9.37,0.021913427204015144,0.01989011615114373,0.0027036656381124458,0.02971741610931828,3
9.38,0.006287584585456566,0.014526699197087652,0.007532301539487854,0.017529811064689465,3
9.39,0.028007420390446576,0.014915410112496152,0.01691080794804728,0.035956369132698784,3
9.4,0.009755754223643505,0.010486544112220018,0.00790943093424374,0.016361584446295114,3
9.41,0.012798310580532251,0.0155016844351363,-0.006976933747200983,0.02127854737887769,3
9.42,0.007896462383722215,0.007550884533587057,0.003683167078358557,0.011529774288519635,3
9.43,0.017804937618185336,-3.827931993871138e-05,0.019255158955422364,0.0262255298381632,3
9.44,0.015196176541262926,-0.004429266195585422,-0.0043655975244454755,0.016419519549914663,3
9.45,0.0013728033413467683,-0.0100810046833481,0.01022195193845218,0.014422189357782177,3
9.46,-0.0070400413398114025,0.003939481200774823,-0.018243164619633052,0.019947299304330472,3
9.47,0.0028839498207892797,0.014612178037451287,0.004677464400387599,0.015611264740049013,3
9.48,0.012411959192713883,-0.00011343528896686113,-0.004335211990475936,0.013147762606951193,3
9.49,-0.00020695872659228648,0.0063683059038152825,0.0010126146919547192,0.006451630841379862,3
9.5,-0.011153444809273947,-0.02409396261586856,0.0016566557933879447,0.026601933652765874,3
9.51,-0.0026526022503318334,-0.00681437707107921,-0.008952197456963195,0.011559146719104048,3
9.52,-0.01757303284992883,-0.009345832522027316,0.00482381563627733,0.020479874666785802,3
9.53,-0.011632861117252122,-0.0014286958690059208,-0.012024171744317127,0.016791227941881596,3
9.54,-0.028047886257593007,-0.02504524471656835,-0.010534536276454943,0.03905028375046223,3
9.55,-0.005666342617717965,-0.0048105838675466155,-0.008874602192676415,0.011576170346289988,3
9.56,0.0017763597525360716,0.000684875528094133,0.008204412173381897,0.008422403906851611,3
9.57,-0.007380045635388636,-0.015845465962664503,0.006995973867485835,0.018827838843290614,3
9.58,-0.002695920527705486,0.006515638720396089,-0.003576168630746758,0.007906359307669097,3
9.59,-0.004894140619155521,-0.0018808436110535178,0.0071038695443964685,0.00882922123367132,3
9.6,-4.5113355728238803e-05,-0.006412301319404668,0.001568650553547063,0.006601538304429311,3
9.61,0.002762777536430435,0.0014195373937698763,-0.0005395984310180729,0.003152648504808736,3
9.62,0.004607786275704315,0.012020230295036304,-0.004487488576225865,0.013632871466790672,3
9.63,0.012712208318604428,0.002459437590946018,0.0010962426323391046,0.012994261098974107,3
9.64,-0.01870366662717075,-0.022288339324829872,-0.0029615091964560383,0.029246670782839407,3
9.65,0.011778705983825624,-0.0006064316412897567,0.0006553087385549172,0.011812497768541309,3
9.66,0.0013851755582855664,0.02018309901999651,0.004681629932878824,0.020765207829604858,3
9.67,-0.00024219816917038246,0.0069412122329976286,-0.0020715709151807988,0.007247792303404425,3
9.68,-0.016566516072054747,-0.01942293664426705,0.001981018976480133,0.025605162737972094,3
9.69,-0.011559296546313064,-0.007191527279867084,-0.009230335850408552,0.016447933036525135,3
9.7,0.0018946399743241006,0.003353082994979097,-0.009023259891170747,0.00981081267108569,3
9.71,-0.0020021560655396967,-0.0009410752178111734,-0.008541103088952829,0.008822963983405764,3
9.72,0.01955497250338476,0.009122925490778401,0.011649533243990191,0.02452216026212334,3
9.73,0.01569589260639137,-0.00017477636615152378,0.006745077977984259,0.017084720320175707,3
9.74,0.023789679545543993,0.01084596890077871,0.010793949187333469,0.028285919347531732,3
9.75,0.002514616230544663,-0.0023492620249791897,0.005134035750386864,0.006180667434442528,3
9.76,0.010588118375718748,0.014032843248626622,-0.002435058569752191,0.017747068789433437,3
9.77,-0.017922946451027343,-0.011182111554611018,-0.012072188209781697,0.024331242394882987,3
9.78,0.027852232857013427,0.023946824798755668,0.009916804138241773,0.03804655434306564,3
9.79,0.01894972623485448,0.004256520043808068,0.009418912836091678,0.021585319230281598,3
9.8,-0.0141841778443943,-0.011937166722975609,-0.011607669238469547,0.021872924716261302,3
9.81,0.01355961784437943,0.017920999508115987,0.0032871167572723495,0.02271190428016654,3
9.82,-0.020585750884138634,-0.02460817740121831,-0.012494217223147096,0.03443023378504467,3
9.83,-0.015648485462501104,0.0025702543254373777,-0.016412376456942983,0.02282208153372418,3
9.84,-0.007840841487218113,-0.004580212118252658,-0.006645472002626909,0.011252530222735122,3
9.85,-0.018458741308684815,-0.007740571043121938,-0.005865012086486543,0.020857611022099303,3
9.86,-0.00025285692004958695,-0.015413803893788106,-0.007074393541401608,0.01696161345735715,3
9.87,0.0069379891931461045,0.010634473102152656,-0.005704744582277253,0.013920194788638634,3
9.88,-0.02259256199357235,-0.022767630531498526,-0.012338971639684993,0.034366249119989575,3
9.89,-0.002701887550977851,-0.0012933541143015652,-0.005438818121750712,0.0062091628875874895,3
9.9,-0.014360142533740124,-0.01962647100713603,-0.01791053738243087,0.030202639075265214,3
9.91,0.0025941940179330103,0.009854675784160223,-0.010432532189203592,0.014583627987999502,3
9.92,0.004685213612191151,-0.005162627610117002,0.0077455103805838,0.01042098275060155,3
9.93,-0.004785170362653122,0.00043255495683809783,-0.0068745497582767285,0.008387156465055463,3
9.94,0.0024965334803678588,0.004651605614651772,0.0061924183980023376,0.008137331247330133,3
9.95,0.007083999556138849,0.007137031999042134,0.006739917251837211,0.012105649921765441,3
9.96,-0.0012869363143910252,-0.0023352836480329516,0.00921625104164809,0.009594218991494197,3
9.97,-0.012445619464619249,-0.004299991772421021,-0.004148954216697504,0.013805694266977303,3
9.98,0.01728881317932123,0.011647178904833034,0.0038406776943356712,0.02119694890172703,3
9.99,0.01712392060192062,0.00987095640280232,0.011508051032397543,0.02287137240419061,3
10.0,0.016087307741493917,0.01717937627253989,-0.005823490905521843,0.02424552506772605,3
10.01,-0.005354122861887284,0.012671414693674447,0.0030889154943700334,0.014098680111649175,3
10.02,0.002570678530413024,0.0015779128911894461,0.012008944164575552,0.012381960149620959,3
10.03,-0.01567761307671382,-0.0216062277944445,-0.014272565149550342,0.030270823365688836,3
10.04,0.02725054702924343,0.016884574880040585,0.010682787785611658,0.033790577638524014,3
10.05,-0.015510450168415955,-0.005748713613056613,-0.006455489460568485,0.01775655137709369,3
10.06,0.013646428085321008,0.006723377415194876,0.00380230480452575,0.015680762901769483,3
10.07,-0.012425229112176599,-0.020201253105240093,-0.006365111853738713,0.02455588716423535,3
10.08,-0.001056370598555293,0.001300791437270999,-0.005360733015404904,0.0056165323525483035,3
10.09,-0.009109137728878596,-0.007974732538467625,-0.007914217002484937,0.014464009816997341,3
10.1,-0.011681488473065101,-0.013198989685065927,0.012175615037085604,0.021422327212143287,3
10.11,-0.002845181449448857,0.00022579318703598496,-0.0005932980520925081,0.002915140240574462,3
10.12,-0.014616909687026877,-0.0030343655210839354,-0.022118846444669726,0.02668529165958509,3
10.13,-0.02721801983781562,-0.022363729689811485,-0.0157593464749283,0.038591631357685764,3
10.14,-0.009305642303201026,-9.114539055605879e-06,-0.0068482889790305295,0.011553965712700454,3
10.15,0.0069721145883856715,0.0057487284660356205,0.012860880133871965,0.01571815824540557,3
10.16,-0.004960342024125714,-0.011509314304900233,0.006510150926061562,0.014122725439708475,3
10.17,-0.014932373319870003,-0.025940526835390776,-0.0061402626034049775,0.03055469735245905,3
10.18,0.03122539355654405,0.023695326099710905,0.007141774289353003,0.039843426330233786,3
10.19,-6.273500408533754e-05,-0.0004963936967487891,0.001269638514885786,0.0013646700485432002,3
10.2,-0.008564485513853545,-0.011704849512092018,-0.009217351273117326,0.01718468733232483,3
10.21,0.02913823222511131,0.015656372956255965,0.014874941807292956,0.03626875356446993,3
10.22,-0.015879179891616958,-0.020468742355975476,-0.001276668385028162,0.0259373793940515,3
10.23,-0.004985414356344929,-0.0013577164007719826,-0.0058438772181747785,0.007800554536087645,3
10.24,0.01943804884784451,0.005178916689644639,0.009862862315785698,0.022403905332544473,3
10.25,-0.0035956264308608073,-0.004710410503722156,0.0028770722500893273,0.006587415371457527,3
10.26,0.01676817237943786,0.007928658243630517,0.010537696909138979,0.0213325639021593,3
10.27,0.01810077486744843,0.0006598356428086354,-0.0018238103313852339,0.018204387328400837,3
10.28,0.03202517549118912,0.02729897237463097,0.014012644174326567,0.044353127902196636,3
10.29,0.018989400374151522,0.011919264271127772,-0.009208977605630914,0.024237810459606716,3
10.3,-0.0005485201776140522,0.01868330176444347,0.0015758076080132038,0.018757660003955144,3
10.31,-0.0054293747283475375,-0.010698570068718374,0.0026039322003641326,0.012276724903661756,3
10.32,-0.010978390112590665,0.006619830760617348,-0.002337813311380904,0.013031215593424655,3
10.33,-0.013506037164748205,-0.009014936735973086,-0.004149470578168043,0.016760078470229162,3
10.34,0.002824564019481027,-0.0018179962400683269,0.003033822142666085,0.004526295286697546,3
10.35,-0.02493077516217085,-0.025341107585517504,-0.007754961681612637,0.03638481433964956,3
10.36,-0.0031823400821002273,-0.012891846643958059,-0.0068409314655527576,0.014937380680891283,3
10.37,-0.029517364105151645,-0.02580751309971161,-0.01717484939420344,0.042805116140730785,3
10.38,-0.004207932216970122,-0.008858402293343018,-0.0011716782566513753,0.009876781594751883,3
10.39,-0.014416255424632776,-0.013456696725631885,0.0009942015970330793,0.019745874101934027,3
10.4,-0.0004012239647019217,-0.006144262965785356,0.002964626522303749,0.006833883118646339,3
10.41,-0.040152582233210936,-0.020962495711149172,-0.013797232628082743,0.04734997058740528,3
10.42,0.004280053695427436,-0.005687530728122815,0.00010574462252607589,0.007118851546722722,3
10.43,-0.00593473873693749,-0.010125294308754092,-0.002082715688922013,0.01191974887971539,3
10.44,-0.01035309023746947,-0.009319569289125335,-0.005128631908087741,0.014843979063871299,3
10.45,0.0031164783636569013,-0.004441112912615676,-0.006142121466997099,0.008195216739604261,3
10.46,0.0039165557754621706,0.010237709568137177,0.0035701092100539214,0.011528043464332767,3
10.47,-0.016149933397490462,-0.01874958450004349,-0.008325103841523577,0.02610889928050969,3
10.48,0.004051175861235318,0.0001887042824574147,0.007081163086062319,0.00816030059595142,3
10.49,0.012628757720972928,0.0056003620706611065,-0.0033824658890761073,0.014222891843373355,3
10.5,-0.013794411245033831,-0.012826772841667836,-0.009099631232048985,0.02091925361211878,3
10.51,0.00897797092132788,0.02325954277647728,-0.007072136943879647,0.025915736782657225,3
10.52,0.021850717723622418,0.025163198130113716,0.012183367333036762,0.0354834446572552,3
10.53,0.009944922414232671,0.01078765816605877,0.009349181780071046,0.017397765675213995,3
10.54,0.0023408439337694936,0.0037221246608625264,0.0033400628234079325,0.0055217553348168354,3
10.55,-0.008767406438614192,0.008378252811076486,0.007854932904457379,0.014448616084583737,3
10.56,-0.006247450025620213,-0.006048683806860212,0.0004946832592581272,0.008709874806504694,3
10.57,0.0010214793847607437,-0.0019353010255393813,-0.0048070367256156585,0.0052817054323733995,3
10.58,0.013831668640641559,0.008823230460272124,0.01352677024361523,0.021263536073831545,3
10.59,0.010024300164040625,0.005688593538175859,0.016861589665636077,0.020424492558534874,3
10.6,-0.0036431939360682787,-0.0004287455565499701,0.0024607176381582535,0.004417218140731693,3
10.61,-0.010571945712612815,-0.007176991118503038,-0.009176460152918921,0.01573158156714107,3
10.62,-0.009759519270817557,-0.02431716557617179,-0.008271874288617979,0.027477202592387617,3
10.63,0.009782684968425546,0.008606106360062196,0.006528074586293493,0.014573323220061135,3
10.64,-0.023848736186875212,-0.013217488599513497,-0.013142679308674392,0.03026870069890841,3
10.65,-0.006490350666768122,-0.0011699964572378509,0.003602504001069404,0.007514757385657078,3
10.66,-0.014045273308063988,-0.015431919122880042,-0.00769907377770589,0.02224161790760474,3
10.67,-0.0003003926556138887,-0.011641790953845071,0.004977266391543995,0.012664703434860569,3
10.68,-0.01093280264920539,0.0011974322153748057,-0.0007347151195370525,0.011022695858262902,3
10.69,-0.02316567172425331,-0.01921916973602361,-0.018741652312508586,0.03545806485386524,3
10.7,0.011636059630712252,0.0042777663200179086,0.004726682028852807,0.01326795731904693,3
10.71,-0.003616346102141487,-0.007561199327008085,0.004614576044214279,0.009567863212915292,3
10.72,-0.00290163390096584,0.001769007461023727,-0.0021537845054120214,0.004023388421237099,3
10.73,-0.01999069562838744,-0.006911829487057221,-0.006936790131999174,0.022260286518829525,3
10.74,-0.005395321211585736,-0.0007636306092611892,-0.0014094271066746168,0.005628419623004025,3
10.75,-0.008484399420126439,-0.0032007589002807893,-0.008825836553509199,0.012654061874640398,3
10.76,0.0009987391056734735,-0.0024500485031414823,0.010816037172674504,0.011134939496450977,3
10.77,-0.01884344615468288,-0.01692526018808928,-0.012990258105939696,0.0284655353204166,3
10.78,0.006631710278797709,0.0013417494895804519,-0.0025831618609709834,0.007242416593560168,3
10.79,0.01618680857255385,0.014260848016111542,0.013605951750581848,0.025505028542275668,3
10.8,0.0003818478011876703,-0.0043252183232517175,-0.0031004541553098872,0.005335366646842802,3
10.81,0.010613691776829467,0.011706592369535501,0.005226229121793065,0.016643564187801906,3
10.82,-0.005139263518272425,0.001220231872136315,0.00023714195300815217,0.005287459847403068,3
10.83,0.027075425606004597,0.024110794666113607,0.018300270055606943,0.04061168520618082,3
10.84,-0.006190023900776157,-0.0077767249926690785,-0.015376678869604104,0.018309453857576236,3
10.85,0.0026307073027673007,-0.005158671283412132,0.00031236415348895297,0.005799144910029327,3
10.86,-0.006191894258590745,-0.004331880043741413,-0.004567286388864694,0.00882977033567934,3
10.87,-0.009405940080221397,-0.010483724578856733,-0.00448642228258,0.01478202201106704,3
10.88,0.01909202207948887,0.008329689592405518,0.013228465674131266,0.024675521066052253,3
10.89,0.015983534694608968,0.008925958584545908,0.016063396677394655,0.024355262897413587,3
10.9,-0.009366906481541315,-0.0018826739583801665,-0.003004201480297803,0.010015419352265138,3
10.91,0.03613268494786035,0.01840626886294154,0.011617970628255845,0.042182210664156054,3
10.92,0.007032037811695182,0.018258979090106667,0.004542569813492934,0.020086682496333746,3
10.93,0.004949076437263305,0.007553344275565922,0.005699261341436355,0.010678386917746061,3
10.94,-0.007838902396016307,-0.009234776259074767,-0.0018372317132028387,0.012251730640911078,3
10.95,0.006062445419583807,0.009913987306884805,0.009080579212707753,0.014747789923400926,3
10.96,-0.006627448534108607,-0.011767295815518566,-0.0070425218292614515,0.015231199512769937,3
10.97,-0.019457283127791644,-0.012393864036810252,-0.012479281818181526,0.026228347396959267,3
10.98,-0.006989849543017621,-0.0014498453593516825,-0.002086952779340248,0.007437433704124914,3
10.99,-0.010846285276337454,-0.0024031456442225674,0.002040548955620101,0.0112951694685526,3
11.0,-0.018832376439687305,-0.01434301826158707,0.0018851265904012305,0.02374730042510406,3
11.01,0.009803013898568616,-0.0017913060633165641,0.007654938019631494,0.012566062827807438,3
11.02,0.0015635615049022866,0.0009827077221318072,0.0026631880911687058,0.0032408347467423578,3
11.03,0.00045686483582466704,0.01006469055862977,-0.005469384818294223,0.011463895141258562,3
11.04,0.02405828023805081,0.011432836529564387,0.015200449944973798,0.03066862040676075,3
11.05,0.006660044176295938,-0.0010097829532495686,-0.0037679922501752507,0.007718394628435865,3
11.06,0.020833345823713878,0.012638175300164652,0.015855639527685605,0.029071516609218282,3
11.07,-0.005615604859570554,0.0005778984909752313,-0.0014889320498231889,0.005838313391185382,3
11.08,-0.0017639432427993288,-0.010035996129039444,6.780805507433153e-05,0.010190059469809049,3
11.09,0.007980356753294136,0.0006503170881894749,0.011432414567115785,0.013957403378115851,3
11.1,0.008981765161918764,-0.0018935657259000144,0.004903149362532261,0.01040665989900032,3
11.11,0.010840070052034209,0.018480536017241523,0.0027277809073157494,0.02159810452090383,3
11.12,0.01837500490078677,0.005355900085584012,0.009967227051763691,0.02157943664538318,3
11.13,0.04851601292540442,0.03487340162096964,0.016762088930678726,0.06205582386944387,3
11.14,-0.015785487169027987,-0.01641911210186494,-0.005608708623896225,0.023456906441492297,3
11.15,-0.005472526375194023,-0.0007925815738908351,-0.003405982966886151,0.006494416867524296,3
11.16,0.004881681765258255,0.01097645797041372,-0.0018215994667761895,0.01215037740363949,3
11.17,0.021705566833967675,0.013774224873700407,0.024166474666413494,0.035282848528109374,3
11.18,-0.0061577045356034895,0.0017049892800511642,-0.00386511627873267,0.0074674920449241495,3
11.19,-0.005239243841076439,0.0009059536413785645,-0.0058447689734027536,0.007901376612909674,3
11.2,-0.011195585550124895,-0.0059695400471636625,-0.015160974754087581,0.019769463818701233,3
11.21,-0.0008813440834029365,0.006357489352643347,-0.0048173303823061875,0.008025030235121432,3
11.22,-0.008184164485195891,0.012184977855014056,0.0008702607057112341,0.014704135042355591,3
11.23,0.0017795302527405209,0.011080649575414707,-0.008413554825086988,0.014026240684099979,3
11.24,0.006887202307781994,-0.007926002456102182,-0.003783449817396469,0.01116107356320228,3
11.25,-0.011766075462269989,-0.019285823396352826,0.0005780149016413718,0.022599062305451115,3
11.26,0.005248782231725933,0.002913552946908919,0.0001768871600851961,0.006005813413512488,3
11.27,-0.013933257954732013,-0.026002334488753803,-0.009120087372377007,0.030877711537254975,3
11.28,-0.0007242552480230028,-0.001742786241460765,0.00013315263253871676,0.0018919775821255897,3
11.29,-0.009723738822217297,-0.018988603244199216,0.002798064510838961,0.02151621051335772,3
11.3,-0.019780438251914875,-0.012614455605520556,-0.014604886276442318,0.027634994677207363,3
11.31,0.012983641212455748,0.012120227807704158,0.01758947121830444,0.02499728703247584,3
11.32,-0.008652964235270563,-0.007317274684200526,-0.003375179475266545,0.011824049025235556,3
11.33,-0.0037383770324599932,-0.005459047888075641,-0.0019702493276268396,0.006903517153896375,3
11.34,0.0020608171954067337,-0.004279270765547277,0.004734546528606452,0.006706344505711816,3
11.35,0.03010294518557385,0.02176525899046405,0.0005490406237276032,0.03715124834206979,3
11.36,0.027336447788772332,0.009372611650179118,0.014008755209629348,0.03211498792428025,3
11.37,-0.012190223035850635,-0.0158430475256873,-0.004359014509666774,0.020459831379081684,3
11.38,-0.007150348275615344,-0.001701872845839341,0.007713581176464411,0.010654726003605475,3
11.39,0.029555409077848108,0.017811012687851187,0.027074216530130826,0.043860774952640215,3
11.4,0.032235942658602044,0.018747705586947085,0.015575690149418127,0.04041329716187739,3
11.41,0.01040832480819783,0.014840246235367387,0.005384999530583644,0.018909372109715022,3
11.42,0.0047334210977445085,0.002878824829249672,0.0010847852687019693,0.005645322556353183,3
11.43,0.0005990080516299958,-0.003450494852283217,3.7534060855931524e-05,0.00350230412404104,3
11.44,-0.0030924234123722387,0.0031538745409217398,-0.003735920166011093,0.005785076202442853,3
11.45,-0.017220776526261205,-0.019319775119172482,-0.001754302412675178,0.025940054583172004,3
11.46,0.006015024734233211,-0.021385651728724746,0.01099226311013271,0.024786215336314043,3
11.47,-0.01669384428829249,-0.0008126529651053139,-0.0001550181076443195,0.016714331352978135,3
11.48,0.0012611379530575954,-0.008658004692921141,0.008386407805094602,0.01211954413633774,3
11.49,-0.007018758729244824,0.008328949573546499,-0.00018151492831264228,0.01089345320673069,3
11.5,0.00523222876514993,-0.0008775618480342095,0.00699771992830655,0.008781481471995839,3
11.51,-0.01620550448318113,-0.0264853871149007,-0.0029913054939546165,0.03119362137903701,3
11.52,-0.02295517722472691,-0.02359672501350032,-0.019204275536798595,0.03811233122854929,3
11.53,-0.019048300874005074,-0.010421362452972541,-0.010220390720335901,0.0239978946584732,3
11.54,-0.006085374444112168,0.008135957225163318,-0.006238762176786693,0.011922572524134417,3
11.55,-0.006309232142413467,0.002693616096468848,-0.0035010585473967694,0.0077019081307374265,3
11.56,-0.01822336324298146,-0.004703678648339716,-0.009125571637881878,0.020916300304561725,3
11.57,-0.00747841447267477,-0.015395894282447285,0.0003365495046566769,0.017119389865018236,3
11.58,0.0016730188911938588,0.007689137589350995,-0.0018545975135112816,0.008084637345941016,3
11.59,0.010984331394826762,0.005749530031587985,-0.008849021025636526,0.015232130674586083,3
11.6,0.0038734805310157144,0.016703977376855084,0.003669750634078356,0.017535500601550066,3
11.61,0.013998435576626455,0.01341742407614333,0.004723444147183242,0.019957314249256876,3
11.62,0.007232412113543912,0.008133450770337,0.0060696819962387195,0.012462016126979482,3
11.63,0.008104896984161973,-0.005456487270580335,-0.0034150198821808137,0.010350119286924829,3
11.64,0.013947542820819071,0.014799491398280892,0.008939118901600637,0.022214111351195786,3
11.65,-0.00635243370790182,-0.00937988264019744,-0.007974471787485761,0.013853801378920188,3
11.66,0.03019700020665872,0.026521076880607,0.003538400568072664,0.0403453419736176,3
11.67,0.007700028390287937,0.0038470055911163075,0.0013985298991569211,0.008720422874388388,3
11.68,0.004581980759813667,-0.000830276411808569,-0.00843004046583174,0.009630653604967263,3
11.69,0.007206649117944704,0.009106269432947458,-0.0007767986064421504,0.011638872392529136,3
11.7,0.016251653492020082,0.012612882250622973,0.007945054850488303,0.02205277616242536,3
11.71,0.005802498769741041,-0.0059756201426685186,-0.005627288409401688,0.010052034764409572,3
11.72,0.0066471691886649895,0.016762489801220134,0.004794839217147354,0.01865894974742792,3
11.73,-0.0016914449751060543,-0.0028567777365009466,-0.009055984450458063,0.009645362590722923,3
11.74,-0.017348742227241552,-0.005272768809760165,-0.013635294391757324,0.022687049189754546,3
11.75,-0.036919150143676235,-0.02679419803186365,-0.023077170731323676,0.05112248531189282,3
11.76,0.0030857367716487756,-0.0048747377888760015,0.004987057519098378,0.007625980765317781,3
11.77,0.004493778254551481,0.0015607459071226455,0.0031303061233526556,0.005694627925824388,3
11.78,-0.022348582906786832,-0.011221011101691821,-0.013037281942065486,0.028201790165213316,3
11.79,-0.02372265441592395,0.0026967709873566732,-0.023752455823286917,0.03367812441233629,3
11.8,-0.02151030310400425,-0.006959034736717263,-0.010222071458544266,0.024811530565375398,3
11.81,-0.01431617050534581,-0.01437836609263822,-0.013766816220837558,0.024519693682637594,3
11.82,-0.01689736287527126,-0.02397284952420846,-0.015337595393603843,0.03309773736838872,3
11.83,-0.003070842937068703,-0.0019263991861701647,0.002188732640665915,0.00423457680777409,3
11.84,-0.0010103823604540138,-0.0002666363627207799,-0.00574259582654723,0.005836897659829171,3
11.85,-0.0006773582730948595,0.007431912095512415,-6.501246092959083e-05,0.007462999279487431,3
11.86,-0.005803158729645024,0.006502004725393954,-0.008232890579399212,0.011988878345485907,3
11.87,-0.00873032542913803,-0.0010843132298794366,0.0012694645562503493,0.008888523923505049,3
11.88,-0.014018855105040067,-0.0022140331472181697,-0.0032384190922471467,0.014557389857049222,3
11.89,-0.0018450365314472668,-0.0028916494992421325,0.005096590693232627,0.006143373122575876,3
11.9,0.013646146863005124,0.01644686689999015,0.013161247452164238,0.025098509707347085,3
11.91,-0.012730815448481193,-0.006374686960426647,-0.014763661255251113,0.02051038735583811,3
11.92,0.0061770833265175126,0.02033872855721082,0.014557399820690948,0.025763115636236556,3
11.93,-0.005802599373796584,-0.0022386949467449874,-0.017501720578421406,0.018573963975482062,3
11.94,-0.009234915030560776,-0.007957901864760798,-0.007772473576650941,0.014457634772347024,3
11.95,0.01708763729220287,0.018109256589736517,0.004966685959402388,0.02538898367170538,3
11.96,0.019063773257089495,0.025546931510470258,-0.0019800498908019264,0.031937341122398454,3
11.97,0.008792892877674183,0.012675617793998444,0.0008088994851638653,0.01544799566270271,3
11.98,-0.013149939209468617,-0.005726960364904832,-0.00031940530843359814,0.014346462838796419,3
11.99,0.00937175706617355,0.006195463572305558,0.004890157574799639,0.012252642184015223,3
12.0,0.0064575688989836014,-0.002498439634899082,-0.006826709726935691,0.009723495379244714,3
12.01,0.019813270684889982,0.023341250086663795,0.006856239893822259,0.031374953009089004,3
12.02,-0.012120136508603815,0.0010085440673283444,-5.428572687523302e-06,0.012162026952458858,3
12.03,-0.0025080975514437144,-0.0186080789696177,-0.00601571110536222,0.01971648894631762,3
12.04,-0.018694152856114962,-0.019881411563361137,-0.010839459304229568,0.0293638511569513,3
12.05,-0.031433732910646536,-0.016257139285522807,-0.011477875769775124,0.03720370646364611,3
12.06,-0.030854354486893783,-0.025591785020977257,-0.009310508466014847,0.041153568730531165,3
12.07,-0.007979296829845167,-0.0011248981892038037,0.00023685440863488276,0.008061679344016413,3
12.08,-0.016991054066496748,-0.0198203640190834,-0.009846779722650549,0.027901645454094525,3
12.09,-0.0008858666709663328,-0.0072975592780114154,-0.010441366070201132,0.012769544102542068,3
12.1,0.0018981796518432658,-0.007868492772269477,0.002379987848886797,0.008436859999951262,3
12.11,-0.004101939718673352,-0.0037800310077200816,-0.010992057057861875,0.012326388856362044,3
12.12,-0.021193581923000686,-0.014851417983271609,-0.010432237358492982,0.027902761640108697,3
12.13,-0.01260681720604639,-0.018511146408909503,-0.010807368025364486,0.02486752068611628,3
12.14,0.003861547660844669,-0.0055526425733537065,0.0005201025817669043,0.006783354375230267,3
12.15,0.006775490903051391,0.0012991557128543408,0.010412493629399382,0.012490600711169055,3
12.16,0.008473167151264522,0.0031632346148163736,0.0053954374571258575,0.010531446251840123,3
12.17,0.01594257883653258,0.004969172527943118,0.013615620596511085,0.021546313369104658,3
12.18,0.0035990285351095185,0.007288243921642859,-0.002976680119962242,0.008656334697461453,3
12.19,0.009583913592363753,0.0033142394058504544,0.006083558109540027,0.011825618878407038,3
12.2,0.013940303812865783,0.010979410058097836,-0.0002960390359585431,0.017747314014511364,3
12.21,0.0186229685481661,0.016301528656229063,0.00692982173014015,0.02570169689509554,3
12.22,0.006215922833115731,-0.0028420407366357616,0.005749696672774999,0.008931623819041336,3
12.23,0.00479902995557804,0.007547380133269027,-0.00964782358507619,0.013155764338089663,3
12.24,0.007761530429170693,0.006673078011121597,0.002541905716453533,0.010546687129937832,3
12.25,0.0030693482399455803,0.0028072051248657645,0.004275980294899573,0.005965342128788515,3
12.26,-0.002488622434995648,-0.008492368789359635,-0.003982019032807498,0.009704125146353711,3
12.27,-0.008639087150057406,0.001172124696374459,0.0008983214756541364,0.008764398699497834,3
12.28,-0.02342818447083757,-0.029566102017609605,-0.011271893228952197,0.039371179726802596,3
12.29,0.0019159721485768316,0.0001809170153538877,-0.007739348998555121,0.007975036248319052,3
12.3,-0.0004184453097756235,-0.007128908347138179,0.0015536540739558844,0.007308233143564136,3
12.31,-0.004049526426858845,-0.006274661191430261,-0.0015342562202316072,0.007623908413562467,3
12.32,-0.0031883359559890497,-0.013589583597995244,-0.0025070878061235124,0.014181951833325594,3
12.33,-0.010615724065217245,-0.013214968305120907,-0.005185226581668311,0.017726126464555708,3
12.34,0.013712304546725736,0.000626755062556288,0.010483041329150032,0.01727177678755903,3
12.35,0.0021899459457701666,-0.010550866392103909,0.0007976365107085735,0.010805224147264984,3
12.36,0.01557507919862253,0.015020417358844834,0.01052086210841258,0.024060020140920145,3
12.37,-0.014612456696060823,-0.01608133730738076,0.0021963985215060194,0.021839355914341496,3
12.38,-0.006004680419299239,-0.005989943759784852,0.0015633213155599943,0.008624360075912033,3
12.39,-0.004414676909845557,-0.0003431381302366767,-0.0020421978422147874,0.004876237076013899,3
12.4,0.0154223400798695,0.012922632081781366,0.006566348933644112,0.021165063944590466,3
12.41,-0.024967657999287,-0.01878723346903477,-0.01303608202316402,0.03385680909217584,3
12.42,0.0090061202586334,0.0006621628969642893,0.004325320257423862,0.010012844608020455,3
12.43,0.0058968313362653835,0.0008400206954040936,0.0032911832887303153,0.006805155546869319,3
12.44,0.017980618710227988,0.013955527743241694,0.003874696541040339,0.02308836670447131,3
12.45,-8.999059742137959e-05,0.008210479953739849,-0.0031201978998512273,0.008783832552628958,3
12.46,-0.013378580997870752,-0.02810138880832331,-0.011393800144964862,0.03314352371454412,3
12.47,0.030640550200641995,0.024457972413882895,0.018144839487694447,0.04320035799886981,3
12.48,0.007836310881974264,-0.004159330904492099,0.004826200265419002,0.010099505473731958,3
12.49,0.019083623737866533,0.009089085163261368,0.008364846216278785,0.02273250571968419,3
12.5,0.0031793803622586652,0.00036427463798658147,-0.002607644340376956,0.004128070312591134,3
12.51,0.019436930952083934,0.012575567657080887,0.012287620058208285,0.026209250150066865,3
12.52,0.013673207902244714,0.004383170609061743,0.0022053806201289376,0.014526957789082693,3
12.53,0.017436034142146187,0.021254207563385294,0.003586295768096135,0.027723963336612183,3
12.54,-0.0029334240191136473,0.002332192326209138,0.0029932085311249884,0.00479618544607494,3
12.55,0.015449886322988477,0.007012657561924741,0.004482670972425792,0.017549093780623415,3
12.56,0.003785322616830306,0.015121303332642506,0.003254493198866526,0.015924013557289535,3
12.57,-0.025954943857620847,-0.024018716536981316,-0.014917810534493809,0.03838097088244596,3
12.58,0.010763822683722047,0.0011649262840532724,0.003349894345422169,0.01133308096412352,3
12.59,0.0002119323915537527,0.0008006072299891552,-0.00021468645129716978,0.0008555568640781122,3
12.6,-0.011076616909893061,-0.012571235547977965,0.0011836508440547736,0.016796679275734992,3
12.61,-0.009482753007300494,-0.003646693974919861,-0.0020664938586884125,0.010367804898443078,3
12.62,-0.019972919403723213,-0.016553591227275212,-0.00610058022479547,0.026648751773891994,3
12.63,-0.005697306203003019,-0.0015307551804109214,0.000311934413852018,0.005907606323349309,3
12.64,-2.7297140050709656e-05,-0.007388953026031235,0.006058476660338185,0.009555234764181025,3
12.65,-0.004155332283455395,0.011343714059157201,0.007862452532725606,0.014414048524658527,3
12.66,-0.0013241961375311194,-0.005117474771383278,0.0026163938082533183,0.005898097999038586,3
12.67,-0.009008446760899888,0.004947208566536409,-0.009552164790942123,0.014031066881677004,3
12.68,-0.011730395359459425,-0.019220756981075227,-0.003563058619003805,0.022797698588612764,3
12.69,0.001526480232875641,0.015242278560116708,0.008544702402616854,0.017540499900368853,3
12.7,0.005988507062268844,0.00297132625442844,-0.004953556007597485,0.008320379418362164,3
12.71,-0.0004395312821273067,-0.002407088501718312,0.00976490007054479,0.010066803673003593,3
12.72,0.011548135364368156,-0.012359844002041941,0.009440843941512327,0.01937149215926777,3
12.73,0.017324842815465966,0.0013030819319941565,0.009692527315433831,0.019894554201150706,3
12.74,0.01937482245036757,0.005610169766665783,0.0069894068364665714,0.021347354817862648,3
12.75,0.0021707567334134413,-0.007701756465866131,-0.0022089377875834106,0.008301123032733851,3
12.76,-0.011987715108366994,-0.0037035699834573853,0.0007036440061318015,0.012566497484546043,3
12.77,0.012660266003888233,0.005015222593832471,-0.0020953485510495804,0.01377770947963708,3
12.78,0.0031629714597702276,0.0018765889826638502,0.01462972487163117,0.015084920433492516,3
12.79,0.0057034140942130085,0.005228330446117159,0.008062498092175517,0.011174446163913318,3
12.8,-0.0018469332085576324,-0.027181208158956454,0.0024035800393502043,0.027349706328641935,3
12.81,0.021888558623312057,0.012567125111783765,0.012158678582032588,0.028015622374713948,3
12.82,-0.004505935245042982,0.012955322001428005,-0.0061287701713256,0.015023503067065801,3
12.83,0.021153474349914055,0.02298505995714599,0.010771704219163477,0.033042579652490994,3
12.84,0.006292803808786454,0.007797263857812523,-0.005902856953333164,0.011629291623127369,3
12.85,0.007983854589874696,0.006293373375488446,-0.00274466886098367,0.010530037498129979,3
12.86,-0.007547876951193053,0.005717507222209337,-0.012920089038632572,0.01601839680094612,3
12.87,-0.01700424927136167,-0.0075449151882413905,-0.007179332597832578,0.019940237085618137,3
12.88,0.0007184498546222379,-0.0011303974635571987,-0.002334373718946624,0.002691332249822001,3
12.89,-0.003845301150538094,-0.0001844362636930284,-0.002885322700552119,0.0048109712907079384,3
12.9,-0.013884647928086975,-0.003587854138180205,-0.004949351942860115,0.015170768934305207,3
12.91,0.0012260558475151555,0.010571843872784458,0.008029060516280953,0.013331650632455765,3
12.92,0.0006575916049861756,-0.01112687517031085,-0.008786132920240358,0.014192811894292116,3
12.93,-0.025825164512193285,-0.01738803646638375,-0.003076705351128887,0.031284965239804945,3
12.94,0.003775706379529949,0.010060276641310631,0.0023474023080691103,0.010998882777812103,3
12.95,0.009612513933039267,0.0017159022178442783,0.0015257527045776983,0.009882948236715757,3
12.96,-0.01843903333653523,-0.014804056921943426,-0.006749093674177749,0.024590817740710143,3
12.97,0.025079670202202663,0.03035360117366233,0.013706451740302546,0.041691699185452374,3
12.98,0.0201714259509514,0.015653933512361468,0.01606311299668372,0.030165471294981927,3
12.99,-0.015725343732051183,-0.017347410699722697,-0.008151839714175466,0.024792571149471834,3
13.0,0.0018921976050712032,-0.010414177713242927,-0.006874832804967978,0.012621364241471948,3
13.01,-0.00354485463082876,-0.0037165183827095006,-0.009824829477834586,0.011086287814740026,3
13.02,-0.006446152654789866,-0.009552764907112415,0.0013725062087193369,0.011605687171054802,3
13.03,0.0117745792658631,0.017995379702377686,0.008353444070302205,0.023070640115881204,3
13.04,0.009603348635640128,0.00048461862644113163,0.015168356291167064,0.01795934834025256,3
13.05,-0.003696728017301044,0.004243475726489483,-0.010184273593983275,0.01163582025094531,3
13.06,-0.0032742708585328777,-0.002788326633861029,0.0013123893761477895,0.004496440919967924,3
13.07,0.005115541495760293,-0.0004012729720165686,0.007507636617148018,0.00909364571379698,3
13.08,0.008374690645311277,0.0032244098823297654,0.005632269072675093,0.010595032675784554,3
13.09,-0.008181749351444605,0.003995943355757771,-0.004686307290020406,0.010240608466726345,3
13.1,0.0007591091957032724,0.006533518826111481,-0.0014910775576780387,0.0067443626314994,3
13.11,0.004758562085680441,0.0048021423073955505,0.00030530462671088626,0.0067673994103233425,3
13.12,0.007424910328642357,3.823403423664634e-05,0.0048616060691422805,0.008875019369064782,3
13.13,-0.0015533439773260565,0.0045254924787684215,0.006495027247695018,0.008067114641281938,3
13.14,-0.004425912913249104,-0.002423327948944575,-0.009510058902248313,0.010765799728214969,3
13.15,-0.010146456807032746,-0.010732326599939853,-0.006801753932247473,0.016260297553845737,3
13.16,-0.01273404545302647,-0.01653704860053907,0.003313665635571404,0.021133155702845283,3
13.17,-0.0058483100827336175,-0.008904984290016994,-0.010368614027797596,0.014866392732828441,3
13.18,-0.006595165743745102,-0.013470036139634801,-0.0002945767634102022,0.015000828652447095,3
13.19,-0.0021303506578426914,-0.008321718373728167,-0.017165889749307685,0.019195237990251707,3
13.2,-0.015250505991393482,0.010686541679949141,-0.009739269774523211,0.021015077487645868,3
13.21,0.0029405130060726863,-0.012843477055064325,-0.004153163694955061,0.013814857519349926,3
13.22,-0.021412913276451388,-0.008112733767060355,-0.0028766011260629365,0.023078217829773942,3
13.23,0.00673736270742334,0.008473049590924913,-0.0039667350762249195,0.011529076840172622,3
13.24,-0.0021901917310095985,-0.014377340616613304,-0.007646811893015913,0.016431025383458912,3
13.25,-0.011427315695042857,-0.0015643739347036053,-0.010441939758114728,0.01555843551626737,3
13.26,-0.009674910461851921,0.009745258965479665,-0.007536839883238309,0.015664543407794725,3
13.27,0.011895168697859589,0.008138468422337055,0.00274881699675726,0.014672617404320798,3
13.28,0.008011414287137881,0.01294564763318623,4.85434693537597e-05,0.015224155411424113,3
13.29,0.009869142276110963,0.005649296478986042,0.006134132664420125,0.012920607707004757,3
13.3,0.005609026719863655,0.007180701496514134,-0.004065797393077924,0.00997769327889688,3
13.31,0.003108700506135025,-0.012894490812856017,0.004046838397726274,0.01386754531908889,3
13.32,0.009113105863899478,0.006368491110214803,-0.0004854192257193815,0.011128432474172724,3
13.33,0.006551568200186782,0.004655302196268891,-0.009682288283300882,0.012583385507137185,3
13.34,-0.0032565867041859905,-0.005832663277458134,-0.002451421581956022,0.007115812367015406,3
13.35,-0.015603777168508262,0.0007530941594981883,-0.004321774911498056,0.016208724537210943,3
13.36,-0.005481261890734564,-0.0042547632136132555,-0.008227200291376595,0.010762623590610367,3
13.37,0.003026289728720154,0.0008588485615941331,0.001854133027594817,0.003651555785953069,3
13.38,0.009302278079757318,0.0035249774045970758,0.001259376110070262,0.01002715669383246,3
13.39,-0.02638693187517154,-0.021970331049160595,-0.015396061579934957,0.03762983301009723,3
13.4,-0.010094274798831598,-0.00824660356684199,-0.0009646028223120407,0.013070245319342332,3
13.41,-0.002973273130403474,-0.004396580552503722,0.0024921958599762742,0.005863558123453377,3
13.42,-0.005230942460622182,-0.0001623725965027847,-0.009300404031058779,0.010671768317732984,3
13.43,-0.006882351656220171,-0.00040921770456843476,-0.009034517274772648,0.011364714067576632,3
13.44,-0.014265178066601209,0.0016597182154894988,-0.0021902627669551453,0.014527464362887897,3
13.45,-0.01733676201111492,-0.015704838432509985,-0.014245370422545887,0.02738860795471039,3
13.46,-0.002252426146677665,-0.009593297661559638,-0.006511514252074213,0.011811206603242887,3
13.47,-0.004112441955185205,-0.0015988760693248223,-0.003651926725524744,0.005727578225430795,3
13.48,-0.006652069497939072,-0.0031786671421591773,-0.006639569688317075,0.009921584503095897,3
13.49,0.019658114307978505,0.02127063054324231,0.005672123843336398,0.029513626865344884,3
13.5,0.011881246252606992,-0.0027630895524500855,0.0036750546677939335,0.01273988631037265,3
13.51,0.004961636156361384,0.0028642611604269034,0.0007523500117762323,0.005778222553992044,3
13.52,0.011968895165015462,0.017610501259203822,0.006604585159749926,0.022293603369665002,3
13.53,0.010409783085594758,0.01437944555105242,0.005171259742103368,0.01848983411405075,3
13.54,0.000986998644464073,0.01011681815170815,0.010775176546109958,0.014813122744335293,3
13.55,-0.0076693038988371555,-0.008215411229320884,0.00024643113291465983,0.01124152713214891,3
13.56,0.018375395760999676,-0.004783659752884788,0.00779151098273054,0.020524283505124977,3
13.57,0.007403241523839774,0.00716687763854527,0.01316262181884928,0.016716062134732354,3
13.58,0.018761079417723002,0.01686660685421946,0.0030855580073223003,0.025416160133062256,3
13.59,0.017754196681085375,0.007130174220283634,0.019513356863466003,0.027328043842969003,3
13.6,-0.010505796845823616,-0.004520310803981087,0.010595330307168128,0.015590574121830826,3
13.61,0.01421251614992893,0.01086956846307843,0.011571855663546168,0.021308471962660423,3
13.62,0.026325479245673578,0.00660840596117938,0.01091631735166753,0.029255219557960236,3
13.63,0.0019373732360645369,0.009606983394692115,0.006678114673363551,0.0118593743760918,3
13.64,0.0066008322363111036,-0.007477182695694526,0.01029775317198306,0.014336072253856864,3
13.65,0.013140062299738374,0.014851651741795466,0.00024882810210597253,0.01983165933866805,3
13.66,-0.018713053849678248,-0.020265956355733646,-0.003640171171376834,0.027823339439225873,3
13.67,-0.02732750001907385,-0.017712158176408102,-0.013675546454425544,0.035320438493678594,3
13.68,-0.0063605438015179525,-0.003687573000095398,-0.0077726102128723145,0.01069898040017403,3
13.69,-0.024663903401502003,-0.016525544585128994,-0.009155047490896557,0.031067936033703294,3
13.7,0.009213059573847462,0.015129805918999066,0.004680139989519893,0.01832198690588291,3
13.71,0.0026792431613414,0.008633021886111831,-0.006854272507983216,0.011344093723932957,3
13.72,0.007641789680206332,-0.0008736168493378473,0.011859921960572476,0.014135696121055528,3
13.73,-0.008419189504593886,-0.005469675654374157,-0.0026396045923903766,0.010381118248169875,3
13.74,0.006067667526476212,0.009052145212914196,0.0077377194779425645,0.013365261871241846,3
13.75,-0.005406613090959488,0.0005556885175521283,0.003151152846139489,0.0062825169401766676,3
13.76,-0.0005064163893987389,0.003951681196162928,-0.004369159227219157,0.0059128499210070965,3
13.77,0.02188020179448716,0.01579797940628066,0.02296734429127053,0.03543752654577494,3
13.78,-0.0172178212098982,-0.005166741652803848,0.004891826370798021,0.018630044330727544,3
13.79,0.020470919388834278,0.020568351496428355,0.00348499740848278,0.02922774077553565,3
13.8,-0.021094472704117607,-0.011925720668224338,-0.009175826151290055,0.02591129826311245,3
13.81,0.0029816886876774043,0.0003953342247311946,0.0026335883580903535,0.00399781743196663,3
13.82,0.011459798406123052,0.02122821598448334,0.0014317324383072796,0.02416638142477594,3
13.83,0.00015538423455882609,-0.0023477542046527215,-0.0020824051598073417,0.0031420543145219827,3
13.84,0.010529929513590075,0.0002997757283481686,0.019244768318484835,0.021939243120049506,3
13.85,0.012171636009497616,0.006086064352400372,0.0026914751216802492,0.013872020068464481,3
13.86,0.015446750662870063,0.01217499716558843,0.018715625917037612,0.02714972035748164,3
13.87,0.0054613934151908254,0.001366540449236705,0.009919593713189685,0.011405813880194701,3
13.88,-0.0008468101148933881,-0.007263119325408925,0.0025113322980615874,0.007731544452248958,3
13.89,0.008639341291908124,0.005161178295285638,0.012040198236634575,0.015692111168713233,3
13.9,0.0012666197528941798,0.00987006731187143,0.006256473959575969,0.011754404312688364,3
13.91,0.003955736384222542,-0.008118547365190618,0.00557344643330185,0.010612349730723666,3
13.92,-0.0018034852401901114,-0.00010377216048669926,0.005577677972163563,0.005862919002854661,3
13.93,0.002517935738796451,-0.0072411171351501324,-0.0016347115523146904,0.00783875370253106,3
13.94,-0.008955599614424145,-0.01510662416515338,-0.004948887416266015,0.018245666465765125,3
13.95,-0.009137034454270231,-0.019693370567852517,-0.012232056714100457,0.024918616622883607,3
13.96,-0.018252126863640097,-0.012765221201491532,-0.003529423242064321,0.022551005205778418,3
13.97,-0.004348779511815919,-0.017111795535399286,-0.00548645241886405,0.018488552940459133,3
13.98,-0.017995450958908053,-0.011553627353540548,-0.01673246211513811,0.02715322906531518,3
13.99,-0.0040858885803117875,-0.004022950519165864,0.002031230719251568,0.006083133617241233,3
14.0,0.004231001937422202,0.006529470719287906,0.000571860024259374,0.007801435070283831,3
14.01,0.011018118137919274,-0.00938750685327951,0.015116824717338953,0.020929467307035442,3
14.02,-0.00849455872384462,-0.01958573660731784,0.0017270968222875237,0.02141825085756609,3
14.03,0.027070990700627948,0.015658515448257516,0.020803403701893493,0.037560740795952896,3
14.04,0.002494341174310688,0.0015242956715341338,0.0009198784963309705,0.0030645377524402347,3
14.05,-0.0018272392010969041,0.00654565146492756,0.001317046380797114,0.006922352733536795,3
14.06,0.021659926678151673,0.013778498231596124,0.015780615536297903,0.03013349073581504,3
14.07,-0.010426907989960519,-0.01392614583921891,-0.019258842886738535,0.025953053336792112,3
14.08,0.0017806144988610666,0.010271856752583953,-0.008395142351998746,0.013385067958343799,3
14.09,8.155433360717028e-05,-0.005036494400691272,-9.36930094578449e-05,0.005038025936569393,3
14.1,-0.010330162715845066,-0.01926772130545492,-0.014519626762336903,0.026244559576378626,3
14.11,0.01828654091440746,0.01541962708505474,0.0036593474081684863,0.024198208642585945,3
14.12,0.010856333520052592,0.007687865244610694,0.008697264166318011,0.015893572710269706,3
14.13,0.01587169524596033,0.017896275452585944,0.009550735118433467,0.02575662878479923,3
14.14,0.015814368509872993,0.002638824183678794,0.01149291858492955,0.019726753966079914,3
14.15,-0.012564101059241304,-0.008440952019292383,-0.011991769892795545,0.019310848028519678,3
14.16,0.021394753879354054,0.009525116195716336,0.015297297243674107,0.02797267658021578,3
14.17,-0.0029723000308934117,-0.00010456435725949686,-0.005945360088412396,0.0066477671258359464,3
14.18,0.016423320793178504,0.005847788393669342,0.011081553970334893,0.020657273134908883,3
14.19,-0.011885722233534401,-0.008218729105788955,-0.0008174089675104142,0.014473633218623546,3
14.2,0.005764448035759324,0.013245903906007455,0.015613169898389078,0.021270963911400816,3
14.21,-0.007952748789382708,-0.005066202516229657,0.007122492771152095,0.01181704381465998,3
14.22,0.0005179024712453919,-0.0022857779459598583,0.004803698092044265,0.005344952679628536,3
14.23,-0.005733592865420767,0.0072822422516946005,-0.004228178882554296,0.01018737630706003,3
14.24,-0.0018729444032048598,-0.00240668800990357,0.0002950116289314553,0.003063837426449844,3
14.25,-0.00925310150899284,-0.004613620317857935,-0.0016229425714538149,0.010466103504328354,3
14.26,-0.013143652854370802,-0.00244420700071293,-0.009283005018606759,0.01627586988133114,3
14.27,0.007130913413796392,0.003543182990796391,0.0075075993441600245,0.010943862194571082,3
14.28,0.007049486260227866,0.003945558676370444,0.00807716568477334,0.011423803889296398,3
14.29,0.015204302458754777,0.00958504993368001,0.011738456022991943,0.0214670758440024,3
14.3,-0.0062790067955124824,-0.00189812058799312,-0.009191824337807351,0.011292405534772598,3
14.31,-0.006769663689353427,0.014584616627041011,-0.003004046311427966,0.0163573739599581,3
14.32,-0.003161769191915762,0.0070892207766373415,0.004586177825728365,0.009015922731038501,3
14.33,-0.010614971448297431,0.0006927107942124059,4.1925081910499165e-05,0.0106376324812,3
14.34,-0.015449617400051834,-0.01797457794961356,-0.007682884277229744,0.024915915417500167,3
14.35,-0.005289300977952646,-0.007100095655336218,-0.0024595463821164877,0.009188984250507634,3
14.36,-0.0058517265132864635,0.0005190039811666892,-0.0048773011127624935,0.007635452472730145,3
14.37,0.011366525111791755,-0.006979136949066152,0.008879710393413367,0.01602359205489538,3
14.38,0.015466935755911026,0.004470257069314757,-0.0026794235867438594,0.01632141570760444,3
14.39,-0.01623724420533219,-0.0017714035620740257,-0.012885779295690975,0.020804549454880788,3
14.4,-0.0014734617758183537,0.007395457023776353,-0.003937271735662837,0.008506819788603154,3
14.41,0.013174266087210267,0.011470261200843386,0.009418617624055561,0.019845365627782264,3
14.42,0.010231321502395068,0.01282340787430543,0.013477644977170904,0.021231265702421755,3
14.43,0.005623098255021931,0.021520378197256072,0.004905117074419603,0.022777315145827173,3
14.44,0.00449441020465602,0.001127336819257156,-0.0049441741180551455,0.006776095417083158,3
14.45,0.010285050845638657,0.02438214843849129,0.0034582089698688813,0.026687649627744992,3
14.46,0.009574569796977909,0.010508118264362817,-0.0011944457349090248,0.014266030872975123,3
14.47,-0.012512246156009668,-0.010279825777489583,-0.007075224829862175,0.017671726805188456,3
14.48,-0.020081287146099983,-0.002586945210318062,-0.01450513972756615,0.024906815482544645,3
14.49,-0.0014665212215926914,-0.007210981317033381,-0.002795339257089933,0.007871648976562298,3
14.5,0.006548261845023625,0.005040257445019084,-0.0019737253855816707,0.008495853117889458,3
14.51,-0.00915027539621514,-0.008144246179306109,0.00822796271352386,0.014756546210779174,3
14.52,0.020878743254871053,0.027287167929334853,0.011890807526828471,0.03635798065276212,3
14.53,0.003568043709664519,-0.0005222917203877983,-0.003562125776102749,0.005068773480837134,3
14.54,-0.012718065889598184,-0.010880407926572919,-0.005917156036577535,0.01775232976772338,3
14.55,-0.028234540097415828,-0.020265298491028837,-0.002090665141910329,0.034817272411529834,3
14.56,0.0013527865242003445,-0.014116865986671666,0.0058563149758049885,0.015343153579415908,3
14.57,-0.01703614068949688,-0.0019046755610238816,-0.008587234100435104,0.019172857587766316,3
14.58,-0.013055536352057744,-0.009389542400745052,-0.009182411261835648,0.018518293995851143,3
14.59,-0.01421550803330444,-0.013250492211956837,-0.004369181083542656,0.019918482769650376,3
14.6,-0.01883687425446474,-0.006574595417195244,-0.011551640054749035,0.02305414332680361,3
14.61,-0.008277837602873407,-0.007600033253791426,0.0032838670987188354,0.011707556703271973,3
14.62,-0.006641138393291487,-0.0017651456298477097,0.012351204913180381,0.014134097815594453,3
14.63,-0.008522057065070015,-0.013059020473278827,-0.0026302685327377544,0.015813974354858925,3
14.64,-0.004306205607452041,-0.008241852220953553,-0.0012331715142250483,0.009380418260887119,3
14.65,0.02629396795098333,0.020555958898903104,0.004830209249559372,0.03372315403777145,3
14.66,0.01480318530386667,0.005660940204650229,0.01608800481904847,0.02258327784443539,3
14.67,0.005420958773126265,-0.00894247025243104,0.005849220642528621,0.011981984408291126,3
14.68,-0.012729523060706554,0.0025136065766364953,-0.01596821451287691,0.020575297084232416,3
14.69,0.014502357224142226,-0.0012041809821497305,0.008791047206872302,0.017001497813071018,3
14.7,0.029895031022618774,0.027764534827835113,0.013497607821111961,0.042974035078660586,3
14.71,0.02813601126679498,0.018147681003751068,0.0136578897510592,0.0361595272130487,3
14.72,0.0048704118062677885,0.012337556750097987,-0.0001040830146377251,0.013264503420726203,3
14.73,0.009421239917771466,0.006992364216928958,0.00503838951684697,0.01276864471484239,3
14.74,-0.009506279169580254,-0.007514081116017918,-0.010572847329167412,0.016081537840454654,3
14.75,0.005269499024010988,0.0074756472920278864,0.0031178887874998085,0.009663030212623453,3
14.76,0.008537979184165174,0.00629436065870669,0.008875180022554422,0.013830577901297597,3
14.77,0.004566008240833594,0.004986112182793938,0.0010797663235450742,0.006846578800264295,3
14.78,0.010872707567057983,0.006884264623227239,0.000793901653779276,0.012893376170625422,3
14.79,0.0031170804107728727,0.009260653105166827,0.010133936566585032,0.014077377474410112,3
14.8,-0.025708546494278537,-0.02325033572856777,-0.004564199383877433,0.03496197063032036,3
14.81,-0.011705690193568341,0.0031117743635645633,-0.011324138625341245,0.01658138830748153,3
14.82,0.004187885219684223,0.00594254082230602,-0.00041647147860253766,0.007281869439265748,3
14.83,-0.027577468019562238,-0.01047828754093025,-0.012029002401861175,0.031859192565794475,3
14.84,-0.007007390192910302,-0.010313920239934986,-0.001224679102469324,0.012529178222671314,3
14.85,-0.012362852917629997,0.007369269369725229,-0.0016066596853381394,0.014481975647369865,3
14.86,-0.0211758843412634,-0.009849659726567312,-0.011137693924350526,0.025874352171914198,3
14.87,0.00623322743606254,0.019962862819846307,-0.0026854055118774385,0.021085075740838746,3
14.88,-0.012948965774638256,-0.011720013278057535,-0.004015509068021874,0.01792090229162482,3
14.89,0.02358891342531103,0.008203862149791517,0.006391189962705307,0.02577959464186716,3
14.9,-0.002600825847201481,-0.002797566054124988,0.002525984297135018,0.004579439658302798,3
14.91,0.01466936614382285,0.016825462842867175,0.010075289999302938,0.024490773191312147,3
14.92,0.02361390283185815,0.026730098532016175,0.021542901110282987,0.04166786726880995,3
14.93,0.008960222255006069,0.0018252512259477596,0.012229821279983556,0.015270417592104953,3
14.94,0.0072948816100479345,0.013964978539883441,0.007600012826209666,0.01749274473267623,3
14.95,0.016455428640012943,0.01460811418140424,0.005434097665929412,0.022665117451854542,3
14.96,0.027689033964981482,0.027173658838731206,0.007678832301632303,0.039548132726011785,3
14.97,0.011909006600097754,-0.0004695785217349001,0.012024232668675618,0.01693006537080388,3
14.98,-0.0006298966209705107,-0.0064216168650633515,0.0023937010011897174,0.0068821317480757946,3
14.99,-0.01014164117655398,-0.017392877575400093,-0.009088996704297126,0.022090154757211516,3
15.0,0.010290893528351764,0.007135261501072608,0.005765216159793603,0.013785940797410471,3
15.01,-0.007248162908718506,0.0029253402196670157,-0.00402531233415507,0.008791849654061715,3
15.02,0.014395782599832364,0.020384199981439484,0.004842901320867185,0.02542061877194595,3
15.03,0.016708044399962915,0.00640594932490363,0.008558467903349376,0.01983538018987856,3
15.04,0.006757096457582223,0.008306490360840692,-0.0005357489014077644,0.010721154860236335,3
15.05,-0.0027280768077389984,0.0015828157327072727,-0.008209405535285211,0.008794432781902454,3
15.06,0.003687945349605974,-0.011270391568927184,0.013051740342607195,0.017634358309546322,3
15.07,-0.004879198261007045,-0.0009507282450042409,-0.0032279318922796467,0.005927056956640376,3
15.08,-0.009581461272115444,-0.021380098208432573,-0.000509523238565087,0.02343443221932009,3
15.09,-0.012593666651265639,-0.009631345430588871,-0.014814032959968687,0.02169836000866342,3
15.1,-0.0064702389224076005,-0.009721888133357491,-0.01080733002412616,0.01591155186777626,3
15.11,-0.007764300920914353,-0.0006821940671120526,-0.008842082010665803,0.011786949215935993,3
15.12,0.007237617540793044,0.010785599691748391,-0.002232514931179823,0.013179392675513504,3
15.13,-0.00012368391387177977,0.01094807326448932,-0.005957012850608956,0.01246441366521092,3
15.14,-0.02184402513109926,-0.014702407886120806,-0.015332968162675632,0.030470020417708747,3
15.15,0.001392617253513779,0.0036131292861207886,0.005472764112718844,0.006704120605006391,3
15.16,-0.0018696121783415567,-0.008064059228695271,-0.005185514191994719,0.0097680119971613,3
15.17,0.0021472237532577996,-0.0033434642429329524,-0.011958077379462294,0.01260098954858441,3
15.18,-0.002414151444653156,-0.005869412410353542,-0.00028474928546132607,0.006352890003463293,3
15.19,0.002778996384322357,0.0009158142886095944,-0.0015888708567633775,0.003329571641333194,3
15.2,0.023771998113276883,0.032892527292316606,0.019881842175461385,0.04519196714310395,3
15.21,0.0010809694466610634,0.001850005781238577,0.00010452789933976323,0.0021452138394508053,3
15.22,-0.0009816558029797882,0.010143372302228558,0.0071647554240016455,0.012457342014366563,3
15.23,-0.0008994848977773081,0.004152725669917097,-0.001878700678322872,0.0046458282156843335,3
15.24,-0.004841620873475942,0.0031079584743456835,-0.005768262197663042,0.008146996215889851,3
15.25,0.015242605667295222,0.012195337808811121,0.010438359191150152,0.022136454874327718,3
15.26,0.02176994521431512,0.014327812668553118,0.0023616456546114812,0.026168570856991376,3
15.27,-0.00020649314323837892,0.0012351358078480864,0.006668020757779637,0.006784592891855276,3
15.28,0.012197392632386887,0.0022617735806783838,0.003187362576336061,0.012808250737391438,3
15.29,0.016875525903178583,0.007124756870780992,-0.0017327683802186153,0.0183996744872315,3
15.3,0.005533387597489352,0.003822863892283124,0.005601084031074505,0.00875241732129638,3
15.31,0.0012770302772048972,0.0017569469611193166,-0.0006988735187322045,0.0022816864701947002,3
15.32,-0.008647882210810623,-0.02215427530166145,-0.01112373601211267,0.026255195366651413,3
15.33,0.0049301575775699095,-0.004680670108250899,0.004658738068319111,0.008241296426603593,3
15.34,-0.007018866244787701,-6.82596724236274e-05,-0.006158410636661435,0.009337835097860975,3
15.35,0.0016122688300181228,0.007092336157635543,0.004987810357637276,0.008819234383828688,3
15.36,-0.012890551112262998,-0.022063751683310186,-0.006621442529141332,0.026397328415719637,3
15.37,-0.003639255543070344,-0.0011288175383531614,0.0010800293329299485,0.003960413274224172,3
15.38,0.005132443794331013,0.03101017622370808,0.0005673888973624708,0.03143715856893315,3
15.39,-0.0021412059641583514,0.0076265658530746665,-0.010069080013500915,0.0128115433110346,3
15.4,-0.015170583666756818,-0.019980772462018744,-0.0016536952916842984,0.025141849277385588,3
15.41,-0.01988152781797574,-0.012594712474657547,-0.013425036978421892,0.02709489893998929,3
15.42,-0.004743159465400268,-0.001665994869781694,-0.014192208597619882,0.015056290562376604,3
15.43,0.012489707155190231,0.007141824519906378,0.0031928540718743847,0.014737461091376318,3
15.44,0.006969907048615671,0.012878336261809495,-0.0009846320124285378,0.014676533968838787,3
15.45,0.02297757397537432,0.025258933894292616,0.015738274165736546,0.03759888191138048,3
15.46,0.03394188503609873,0.01945913148388908,0.01130312174811109,0.04072431606747556,3
15.47,0.0016122324865017663,0.0062190109507554905,1.8654764005020274e-05,0.006424619739437382,3
15.48,0.012040126263866753,0.002723614327977927,0.008677249009493244,0.015088981603480472,3
15.49,0.005767537607247183,0.0031127311044096473,0.0029062361669053385,0.007169364939602287,3
15.5,0.0003750146559698686,0.013113711075130681,0.006246050593145367,0.014530079220924051,3
15.51,0.012940012697567862,0.0016632117763799806,0.01214201097965728,0.017822419382800544,3
15.52,0.011037504099136737,0.014368609566162854,-0.0006449820700664306,0.018130070034999703,3
15.53,0.007346464681241903,-0.005157758311922533,0.0054813118455141994,0.010517499401697866,3
15.54,0.0032279470077228416,-0.0025309702314016426,0.011198872471427274,0.011926449464455034,3
15.55,0.008230926166972245,0.000434259393632056,-0.0014260906025922349,0.008364834797765463,3
15.56,0.0010130451969819826,-0.006242244770911692,-0.006445464302037822,0.009029722610354458,3
15.57,0.002299491555665165,-0.009653609905115965,0.005149864939174475,0.011180382574244363,3
15.58,-0.010962605762888874,-0.01798767850826154,-0.009463967791931517,0.023093332145790818,3
15.59,-0.00923327605028651,-0.021037522179757098,0.007768112639879074,0.024252305046539704,3
15.6,-0.00776237410166799,-0.01205410275451408,-0.0055662313980591755,0.015379817192911288,3
15.61,-0.0006466616388990892,-0.007842311253136542,-0.005786999684760977,0.009767772643633724,3
15.62,-0.0036697339586762947,-0.002956603967935141,-0.004836626624041508,0.0067528817145763005,3
15.63,-0.013072750903318171,0.001552108654838005,0.0027063695826940242,0.013439876999986293,3
15.64,-0.013029233932814787,-0.005226440959923946,-0.01353227378168716,0.019498693691786657,3
15.65,-0.0051915669735733295,-0.0011125710584815023,-0.0044219948352926235,0.006909719265254025,3
15.66,-0.01371651191642367,-0.015285147787059378,-0.0077145046780398895,0.021938368773752027,3
15.67,-0.019309808332179663,-0.009862967695721722,-0.02405454630998567,0.03238468816850967,3
15.68,0.0008516742632752377,0.005332734091055235,-0.0025102074470135603,0.005955211445756604,3
15.69,-0.022778715065239024,-0.021014537778366926,-0.011393844287673005,0.03301969632981952,3
15.7,-0.01767364001876445,-0.003942860224628671,-0.013160735153625164,0.02238545617242803,3
15.71,0.00975832800489787,0.003982898087213179,0.008732734206317483,0.013687552350310406,3
15.72,-0.015888005999551934,-0.013804626982756207,-0.002388034891612689,0.021182520421762812,3
15.73,0.017721206397366372,0.01521122646236756,0.008816282998900608,0.02496296081365738,3
15.74,-0.01231154212737073,-0.01906864001965243,-0.012503408643832915,0.025913747885394543,3
15.75,-0.008260943327690161,-0.010219012364013187,-0.009141370071480389,0.016007374711142372,3
15.76,-0.007751752304913357,-0.006712690849868167,0.0029639605265173678,0.010674031302436136,3
15.77,-0.009546828494886979,-0.011857666801209636,0.009626726032331938,0.01801166428681349,3
15.78,0.023930052032941265,0.02052989726195089,0.01633219697745794,0.03550865711338604,3
15.79,0.02219500850125049,0.008977707705495065,0.012782053552845231,0.027140348764223544,3
15.8,-0.008694782326636338,-0.01098557213342463,-0.009777946851161172,0.01708479673365756,3
15.81,0.026716721681686047,0.0257749252574359,0.012597967174284588,0.03920253520331858,3
15.82,-0.0074497434773720134,-0.005546818538626856,-0.011200690180405138,0.014550647212290095,3
15.83,0.04184580325051168,0.034817908232874714,0.022197196091496924,0.05878837893425694,3
15.84,0.003252637459947115,0.006561549132454511,-0.0007907358747219432,0.007366060051821329,3
15.85,-0.0037187115979787078,0.011271192101160779,-0.008786852090416193,0.014767442466082673,3
15.86,0.007763725918774101,0.0014911729101971909,0.0007646708289558378,0.007942528455511301,3
15.87,-0.010576080458584313,-0.01774867439839513,-0.0024096171480450226,0.02080084554932439,3
15.88,-0.01878194682708765,-0.026410696503746618,-0.007274023841290603,0.03321442215773482,3
15.89,-0.008756608549974065,-0.011162556581499535,-0.003648262635765297,0.014648914055047858,3
15.9,-0.004067157812398569,0.005433257952299919,0.0001466267517241421,0.006788487611501268,3
15.91,-0.03225274805937148,-0.01760681288654875,-0.021082840207453192,0.04236420385911005,3
15.92,-0.017998837686573996,-0.01424871341586172,-0.014226130164262246,0.027006791211203272,3
15.93,0.015624034073973905,0.02803997977952768,0.0016691857687116647,0.032142449936361235,3
15.94,-0.008077494445596045,-0.016141787229715647,-0.011685449173197502,0.021502393677621762,3
15.95,-0.03649506865318919,-0.01780109654135207,-0.016503872017520082,0.04383088940058382,3
15.96,-0.007065335683021464,-0.009482433786556574,-0.012140487740008771,0.016947771576095463,3
15.97,-0.0017830884034166937,0.012695230344427285,0.0005195813650236262,0.012830364084754036,3
15.98,-0.004968397939407151,-0.006765153051826709,-0.011748269269409917,0.014438632370328807,3
15.99,0.0062274054837400785,0.012920415267199564,0.007136361405484187,0.016020154925764103,3
16.0,-0.004933687928547737,-0.0051035257296994235,-0.0007234654339191055,0.007135170193070201,3
16.01,0.012536187086729197,0.028934171854209864,-0.0035005682832796392,0.03172690129634991,3
16.02,0.0019722695636726745,0.003163488665807932,0.0036204520292440444,0.0051966509086662895,3
16.03,0.00520088647704431,0.0036504524371796373,0.0016176605854058418,0.006556816980272418,3
16.04,0.009451752849816822,0.009287139052694966,0.011019072569167655,0.01723387779934323,3
16.05,0.014858533441547028,0.01593628973472156,0.005868587926788982,0.022565054194417896,3
16.06,0.011663797047314715,0.020998638702946944,-0.004826245942427609,0.024500604866709876,3
16.07,-0.0010309627659856099,0.011055062394126063,-0.003159034757595324,0.011543690456806449,3
16.08,0.02722019636525685,0.00316352482135129,0.011048908596562488,0.02954700256597343,3
16.09,-0.0017116763623855101,-0.0033630633801108806,-0.0039936392353772995,0.005494468637688006,3
16.1,-0.0034321029049620136,-0.007427842242160001,0.0015693055588703335,0.008331559917672472,3
16.11,-0.017415481022261658,-0.006105079015671489,-0.0017315231830054645,0.018535618186551903,3
16.12,0.0015045896624194888,-0.003595081080931098,0.003513869549125302,0.005247444829533547,3
16.13,-0.0030123396436438532,0.013894074647076007,-0.007519753271918827,0.0160831026141638,3
16.14,0.002031402286872165,-0.005352687191820965,0.0030019897937799806,0.006464502931127253,3
16.15,-0.01054303481682366,-0.019223325273282063,-0.005233763911344496,0.022540720982054962,3
16.16,0.01743034180027538,0.01365717803902766,0.003098783638561144,0.022359288613521246,3
16.17,-0.011070928603636968,-0.0017026599514817012,0.003631413980501639,0.01177504473685725,3
16.18,-0.012523331057387573,-0.016717690039955883,-0.005158317279176154,0.021515650540888036,3
16.19,-0.0075071334468690114,0.004883755791642739,-0.00821461836984836,0.012152698391046884,3
16.2,-0.002986192257987068,-0.007132620995578376,-0.0021330847357742284,0.008021326383972937,3
16.21,0.006589346670129994,0.0018100891260763629,0.004258125157446885,0.0080515552559723,3
16.22,-0.0016612633101398518,-0.0002383200487260413,0.009268131556807524,0.009418856341697385,3
16.23,-0.0015053163062375315,-0.005645980194440209,0.002421724260732283,0.006325173352000325,3
16.24,-0.0054091698063924686,0.011886982306492842,-0.006347511279608146,0.01452068751106553,3
16.25,-0.01556567861819302,-0.021339973812271255,-0.003036326202523613,0.02658766838144003,3
16.26,-0.01173210843901023,-0.020129894028548687,-0.004407600051585295,0.02371248490226256,3
16.27,-0.029330299548474895,-0.026383548972067742,-0.02255546903801578,0.04544345179989799,3
16.28,-0.004707831673201529,-0.012540305261320215,-0.01017871579842111,0.016823471413930077,3
16.29,0.008541013319874434,-0.006788161614375132,-0.0009208402364422577,0.010948789584890173,3
16.3,-0.00048547414241588167,0.001690882827546287,-0.0061808142692621896,0.006426292470045263,3
16.31,0.009452587796357647,-0.002833510901476294,-0.002304792929357302,0.010133719481209745,3
16.32,0.028469225081310834,0.01880985491822478,0.015516991481779253,0.037484456024072334,3
16.33,0.008071844381137,0.0016705745221811666,0.009290511777818734,0.012420108696836851,3
16.34,0.014463259128936671,0.021056805145220167,-0.0012692011432090654,0.02557705571594322,3
16.35,0.009356730520991487,-0.0035718548770301336,0.0033378483723616368,0.010556883302466444,3
16.36,-0.0018745390518644656,0.0021496879924530476,0.006349238530669003,0.006960451496935642,3
16.37,0.0049499616863474885,0.002941747169283727,0.00749394322289192,0.00945067098846556,3
16.38,-0.006374159313526262,-0.009940624414764121,-0.004782690118952643,0.012740488431906578,3
16.39,0.01572277058166539,0.010164370826293356,0.004174762572711967,0.01918198612231285,3
16.4,0.01525360383941831,0.013874338175820336,0.015964662869025276,0.026077579458772183,3
16.41,0.0013425337286245979,-0.011255525568492753,0.008846414671054292,0.014378744909335217,3
16.42,0.02191467870291883,0.01668411626005883,0.018870933760438826,0.033387497944922344,3
16.43,-0.003844331920087615,-0.0025395736327728635,-0.003022174460972294,0.005510159763621457,3
16.44,0.007590417747104432,0.011799476280061266,0.0020874689802252502,0.014184484791584394,3
16.45,-0.0074564095623129096,-0.0017776634283009842,-0.009999756619383831,0.012599732666694993,3
16.46,-0.0004994124525558004,0.012795767993498283,0.0013296531647473866,0.012874357027817957,3
16.47,-0.023662118524071882,-0.0076946079910378135,-0.013218070832488682,0.028174815735256493,3
16.48,-0.013594557801467368,-0.011311992974929975,-0.006099754358813721,0.01870775748506938,3
16.49,-0.007185958309991569,0.006178668813043707,-0.017079417416690758,0.019532548334197854,3
16.5,0.002303958578343193,0.003226143094632921,-0.0014360177651939184,0.004216440610244784,3
16.51,-0.006845878480701525,0.003746976390544497,0.004844585539989674,0.009185635160298232,3
16.52,0.009851798015294086,0.006356856081962832,0.0053682832562351596,0.012895193232368218,3
16.53,-0.009689365726360769,-0.0037195501414414257,-0.020860889620847103,0.023300119682247086,3
16.54,-0.014976735541067787,-0.024598181871592656,-0.002648849296613444,0.028920400437255397,3
16.55,0.020247288897904774,0.01584013455510705,0.016638226043031404,0.030621775524912378,3
16.56,-0.01861060872127661,-0.008253019832912514,-0.017516999753924085,0.02685725923689684,3
16.57,-0.007418184137292448,-0.0003548251398782041,-0.001956197209516215,0.007679978144316943,3
16.58,0.0030342922951177315,-0.01157770920847713,-0.0004423203018162033,0.01197689139541917,3
16.59,0.0011855664756372573,-0.0021634891505667286,0.0034447128827757123,0.004237015461092377,3
16.6,0.007558930796472241,-0.0010783897200425507,0.00759400312269129,0.01076890164323154,3
16.61,0.008246886767027294,0.005410454191794395,0.0027032527315018415,0.010227009887550105,3
16.62,0.0340846269354234,0.00664295980480914,0.015754168314702627,0.03813246028757233,3
16.63,0.005129512888251898,-0.0022788526902177047,0.013120496431882551,0.01427068669242996,3
16.64,0.012172533349788035,0.009125579142589619,0.029748158548445217,0.033412567992640176,3
16.65,0.007933955123091314,0.0018197080488450978,0.008386507383577293,0.011687278869482622,3
16.66,-0.022776879358234792,-0.0024577916869329107,-0.008433516044712108,0.024412111054809563,3
16.67,-0.009265750524699728,-0.009458424294836195,-0.007459096165472909,0.01519717205709317,3
16.68,-0.022922809927106293,-0.01664565466014813,-0.010589965048855678,0.030243683534833168,3
16.69,-0.011499435395729559,-0.02173875707657378,-0.004594846771674236,0.025018456996985437,3
16.7,-0.0022590683310634014,-0.009632851442208204,6.221824154470238e-05,0.009894396785132846,3
16.71,0.008321489782430875,0.012524508420668795,-0.009115826869860653,0.01758433401922798,3
16.72,0.012359377835010446,0.003834867772848266,0.0021568188556387556,0.013119157704662925,3
16.73,0.02490683984134984,0.01647768030966662,0.009941115507913649,0.0314752346585678,3
16.74,-0.005543515254443961,-0.008274559446911236,-0.004412305668965462,0.010893453847752128,3
16.75,-0.007191467436147548,0.00041383797737437784,-0.0008167208850322718,0.007249517139833232,3
16.76,-0.025556041088574732,-0.027525865993673522,-0.0005330727229762404,0.037564194405717975,3
16.77,-0.02041253819228512,-0.01905184038998058,-0.005440744447238067,0.028447250092705725,3
16.78,0.001506513926502408,0.004428551942801604,0.0037026505116747243,0.005965842550088182,3
16.79,0.01558966503477702,0.008239383887686346,0.011841889340137794,0.02124042009681738,3
16.8,0.010133444799810251,-0.008467642683583852,0.013234815033507274,0.018696202959392658,3
16.81,-0.012703894298449156,-0.00962661355504327,0.011791831813784515,0.019826949246136996,3
16.82,-0.017659128498734848,-0.025998783776553912,-0.005921725190235297,0.03198200128859199,3
16.83,-0.0238655719155743,-0.017281769268114342,-0.008870601947992014,0.030771945840546218,3
16.84,-0.0012433620497633725,0.005774034208723645,0.0018767149929904484,0.006197376815654976,3
16.85,0.024957191641731692,0.012531389663595589,0.013832960498921658,0.03116485099768198,3
16.86,-0.0029473192932356444,0.005884183606437027,-0.005261353450047427,0.008425683821320811,3
16.87,-0.002901434983835941,0.003153074482395054,-0.0004148830933909843,0.004304919469413984,3
16.88,0.0029127311673743583,0.0084873408972923,-0.002687719054287122,0.00936711225912354,3
16.89,0.003534315390662702,-0.011173882073891413,0.007952143071512317,0.014162754157003096,3
16.9,0.008366328776383939,0.0034285771352999066,0.023132899826984556,0.024837102342514784,3
16.91,-0.022690959373032955,-0.011006975575545211,-0.007927424465259778,0.02643628580647592,3
16.92,-0.004587593159000986,-0.007825621503512415,0.0034814996520905264,0.009716336899071327,3
16.93,0.0019211842533530471,-0.01315868606089657,0.008633032213782345,0.015854690567424175,3
16.94,0.008825890209058666,0.013949652738014434,-0.0019297166771992964,0.01661965571086875,3
16.95,-0.002591993723923427,0.005185657389517588,0.00393089050063837,0.007004382496289432,3
16.96,0.005209962929890591,0.01416585268569347,0.005259302315488323,0.015983596494196915,3
16.97,-0.006592573084072687,-0.020109794491693193,-0.011625574528662877,0.024145803724218182,3
16.98,0.009229697276615597,0.004477656380383609,0.0034411824652559758,0.010820279813292288,3
16.99,0.001208776511293004,-0.002982538379505054,-0.014894653267078407,0.015238352003611276,3
17.0,-0.0020247458824500858,-0.009732010952595144,-0.011050264432963924,0.014863377042528322,3
17.01,0.003973444488272817,0.0037661682684252866,-0.005689097375122593,0.007895448908776874,3
17.02,3.622983584524158e-05,0.0021661908741583765,-0.00856828233657074,0.008837938543771537,3
17.03,-0.014614163043859972,-0.012842312088776986,0.0020481392608162254,0.019562556471222438,3
17.04,-0.017949583596973604,0.00023388993925656937,-0.015160657495136164,0.023496548501711005,3
17.05,0.007860908561249555,-0.0108108094942834,0.005289402816253847,0.01437516147674901,3
17.06,0.01542686773957733,0.013923968528296877,0.006313525037903849,0.021719248288917654,3
17.07,0.006893503542316532,-0.005990155559473597,0.0023353918182324983,0.009426367787185598,3
17.08,0.0076603174773504645,0.005938481970077174,0.0006794929732376683,0.009716364683533242,3
17.09,-0.016960916918347058,-0.008664997544286259,-0.011893396290044517,0.022454571037220976,3
17.1,-0.004970585157800577,0.0067934100009503055,0.002290308889546845,0.008723683342573613,3
17.11,-0.004774441623367248,-0.005949749064062442,-0.01693019112854421,0.018569495911017364,3
17.12,-0.0033862596395417203,-0.0013496948603214634,0.0046517523675316495,0.005909926450574804,3
17.13,-0.0073285302521542035,-0.023446228595340582,-0.005903662275926921,0.0252643270100335,3
17.14,0.008129661786882729,0.014618739071665748,0.004960734630396461,0.017447286920543342,3
17.15,0.009711682603523925,0.011282622149074726,0.008408876520920608,0.017097471915299957,3
17.16,-0.004337547712583704,-0.0019946377443114125,0.005886807534612697,0.007579406496523633,3
17.17,-0.0014404281656878624,6.26244865760653e-05,-0.005103966674910705,0.005303699741258441,3
17.18,0.010256489093376892,0.001692996914204793,0.002038591189442424,0.010593283773775644,3
17.19,0.007509341243843214,0.0013730091944075345,-0.006064746749045065,0.00974969298462598,3
17.2,0.00028111582450480836,-0.00585223810577292,0.0024263039994117113,0.006341503611211532,3
17.21,0.00430329873590033,-0.004280295992219288,0.014157658608809742,0.015403850527547145,3
17.22,-0.010133100013033147,-0.005807619609423073,-0.007756385163632031,0.014020330674006902,3
17.23,0.012204027684881137,0.01972306453806834,0.004043553845028752,0.023543319523886195,3
17.24,-0.0021610338658650152,-0.0053864958239891216,0.0018918245170363454,0.006104375859539412,3
17.25,-0.004340291335575109,-0.0021076807577248683,-0.002479861008261715,0.005424956928349648,3
17.26,0.004748447982994596,0.0017732581490554086,0.006968685837206294,0.008617121619663753,3
17.27,0.009832072585329548,0.005231147354127836,0.004149477866478817,0.01188497877693457,3
17.28,-0.004309655276461638,-0.005426721853484415,0.003948152101376284,0.007975609299145798,3
17.29,-0.013265813587168135,0.0032238091881267774,-0.008750965410682977,0.01621586110664232,3
17.3,-0.0020497434280049376,-0.002295734515758053,-0.0003424643413841732,0.00309663154292079,3
17.31,-0.006904851979111364,0.0023178965285509893,-0.008839549867812472,0.011453701019148804,3
17.32,-0.004225543377732344,-0.0034029213391648916,-0.005775940697123182,0.007924429406230159,3
17.33,0.0017743649172032583,0.014985862281207636,0.0014835009172659767,0.015163285070928808,3
17.34,-0.009606718396167682,0.003580166851833922,-0.0043061648538046705,0.011119788162477717,3
17.35,0.005603948314753231,0.010315067065054643,0.00841386563087471,0.014442921453965443,3
17.36,-0.012426218395915647,-0.0029699191945531346,-0.0035809249161745317,0.013268547279203069,3
17.37,-0.012270651664529363,-0.003554710879801722,-0.006231620689709602,0.01421400570323562,3
17.38,0.008365319606715403,0.0019768887154247065,0.0009370589312438387,0.008646660659254216,3
17.39,0.004693585535385578,0.005256023975391054,0.0030272704884615233,0.007669413264271027,3
17.4,-0.000701320158803642,0.018243350287343148,0.0053027744994852185,0.01901134127472963,3
17.41,0.0027665974193940893,0.005406297535239889,-0.002815290048404033,0.006693875736610422,3
17.42,0.0009695943720485836,-0.004114328020236171,0.01705413954341246,0.017570187360144835,3
17.43,0.0035060599177942,-0.00924492631150764,-0.006570985256353287,0.01187177180927858,3
17.44,-0.007810318461199339,-0.009325782407275097,-0.008366252152239973,0.014763653580603038,3
17.45,-0.0016197809156720767,-0.010380740520616317,-0.003498722758846723,0.011073595843916872,3
17.46,0.006133649652008627,0.007227826815661947,0.00838036692708477,0.012652813456435834,3
17.47,-0.01093583114534241,-0.0185938379129773,0.003838756411925737,0.021910254721559358,3
17.48,-0.018528040183748984,-0.025002271174546026,-0.010337905000570273,0.03279137259611083,3
17.49,-0.012867236454896618,-0.007464229071808421,-0.011004801835658738,0.018503679446660558,3
17.5,0.019403561962205863,0.0013888692574796288,0.003289714798340949,0.019729404402818593,3
17.51,0.026802954398894265,0.020339058602510025,0.017797258856926852,0.038063343155403516,3
17.52,0.0054390654671188365,0.01655140231161617,-0.0049057028837440775,0.01809967603080654,3
17.53,-0.001800405945838042,0.0019313885524409433,0.000981783102233629,0.00281702349477962,3
17.54,0.012276552051375714,0.014209201672002635,0.007858895334384058,0.020356261402884945,3
17.55,-0.016387916568825767,-0.006717774388362382,-0.005285710096138853,0.018483263603058738,3
17.56,-0.0011200705652706635,-0.016181166779225542,-0.005225060390568492,0.01704071514031573,3
17.57,-0.002365396899536244,-0.019331314049374045,-0.008583865894292858,0.02128326946357317,3
17.58,-0.01017810475449083,-0.0036198737649198653,-0.0045658962770447915,0.01172794573998684,3
17.59,-0.030039530957128215,-0.015610548268029538,-0.009794563502176992,0.035241965205574474,3
17.6,0.005314892079869489,0.00741421182157902,0.00015893920124378626,0.009123808219465901,3
17.61,-0.014724464857939556,-0.007940468713556753,-0.00280527332917588,0.016962619703190192,3
17.62,-0.015721539712834028,-0.016516210736943815,-0.007953322106344921,0.024149686552347432,3
17.63,-0.024480071928148998,-0.013993830274535386,-0.007406224286748293,0.02915395968895944,3
17.64,0.002007819269741363,0.008462025133048525,-0.005374215367570236,0.010223472912338435,3
17.65,0.0008444080907365884,-0.003309160042299323,-0.0009554391257292828,0.0035463261457776563,3
17.66,0.004630147765314018,-0.003259275326754823,0.012313762759882703,0.013553224608590726,3
17.67,-0.0055684418457223805,-0.01483113945236131,-0.00602996990512014,0.016950834171250536,3
17.68,-0.001915724289057974,-0.011900826804482376,0.001294504037137961,0.012123341902468122,3
17.69,-0.004954189045125822,-0.006935359324079523,-0.002387088534659505,0.008851067151549825,3
17.7,0.007812569416395323,0.006852628779194043,0.00046845165092600704,0.010402605876446983,3
17.71,0.006077191156546925,0.01542830526890307,0.007721089407574003,0.018291530211095676,3
17.72,0.003373936808585282,-0.002431854478756061,-0.002538407851646836,0.004872461412415173,3
17.73,-0.007087422282915767,-0.014663998577631805,0.0033410360116400825,0.01662609185985192,3
17.74,0.004107740705209334,0.0049526795384175724,0.006132457344462032,0.008888734521468176,3
17.75,-0.010054029436472354,-0.011378132493488397,-0.012791310234830157,0.01985353934371652,3
17.76,-0.00046038895771671404,0.009512536194968247,0.004610623990703613,0.010581028137029982,3
17.77,-0.003785664000243644,0.003106985154472682,-0.0010619178150876342,0.005011215233738702,3
17.78,0.001959397383858775,0.005926272616779733,-0.005567986883860719,0.00836435431907992,3
17.79,0.006457697298449326,-0.006668586231497989,-0.0003076899476632793,0.009287979857278831,3
17.8,-0.00040788734725574803,-0.005181682367828486,-0.00509618569065076,0.00727923847958765,3
17.81,-0.007461583648081318,0.00283983179390638,-0.0012685113477736232,0.008083872598849297,3
17.82,-0.0052576556552104,-0.00556722381802984,0.009197668854795261,0.01196804229568376,3
17.83,-0.0019335695119590086,-0.019130036506312426,-0.0009863721115410673,0.0192527898688177,3
17.84,-0.00014758717585516227,0.013210695718714837,-0.003322976823298408,0.01362301135267551,3
17.85,0.009663292415565622,0.0042388705055439995,0.004226260487554436,0.011366992618109804,3
17.86,0.02117426358392357,0.017291290257590942,0.008824390915243719,0.0287264343787872,3
17.87,0.00954336690327294,0.009978553625160622,0.007580793715739605,0.01575169253322603,3
17.88,-0.00809483823371085,-0.006713512858704926,-0.006266856582917218,0.012242187401146751,3
17.89,-0.018923134351426264,-0.0037764720905084925,-0.025980638200671362,0.03236263766207418,3
17.9,-0.011463043793062212,-0.009372581998711093,-0.004599486415047651,0.01550490056744748,3
17.91,-0.0035979891094132157,-0.00511134531637889,-0.003446575404807667,0.007137944984079777,3
17.92,-0.00972598864746115,0.012804298225910168,-0.010979248112051521,0.019470202806714066,3
17.93,-0.007027358301265829,-0.01795363612414005,-0.004756388560595218,0.019857997051861937,3
17.94,0.006417113491776871,0.005774474421357107,0.010261816512698725,0.01341002530010844,3
17.95,-0.0019223873780015365,0.001689323398865452,-0.0060836653631481654,0.006600028108108528,3
17.96,0.00608221575495765,0.0091406017353646,0.0019845715203634967,0.011157171357196379,3
17.97,0.0012272985093540866,0.016460544757769712,-0.0020739406886759277,0.016636015909277928,3
17.98,-0.018701939533305078,-0.011984533164486522,-0.016716934307427503,0.027800134354296263,3
17.99,-0.017533448362701952,-0.021111338382009202,-0.006355304793753038,0.02816913770048226,3
18.0,0.011971933439880053,0.010350551480863623,0.0050044728131662585,0.01659836902784869,3
18.01,0.006823326083965671,0.004358802713755827,0.016639579379197963,0.01850493290617941,3
18.02,0.009653696954906942,0.016149975988835778,0.008582701544325834,0.02068038575888092,3
18.03,0.010939951009286224,0.013283006936681635,0.009827457244832069,0.019816652524190796,3
18.04,0.009495330746877658,0.0050030354748851575,-0.0007410227670099391,0.010758289115690592,3
18.05,0.005187950382446153,-9.430219828800721e-05,0.006790684568800121,0.008546175693739581,3
18.06,0.01975516431113035,0.017069555477740517,0.012211122155104906,0.02882269497209297,3
18.07,0.005348062992647719,0.005960538324817449,-0.01210670513176068,0.014515581422814108,3
18.08,0.003917843807156251,-0.009981232536311694,0.008544779814457407,0.013710863033330854,3
18.09,-0.006955553260144135,-0.016128784813894247,-0.003798311696231761,0.017970659210761814,3
18.1,-0.01641829459447343,-0.0077207435428420425,-0.012794327651711214,0.022200565269933886,3
18.11,0.021849516149225326,0.007458025467134678,0.009207287031179318,0.02485553528488595,3
18.12,0.004223332024457044,-0.008146146623603523,-0.001824031546437496,0.009355390386533888,3
18.13,-0.0037683220516186696,-9.858264637655975e-05,0.00033515899060367776,0.0037844816252512866,3
18.14,-0.010363409811219679,-0.01692738722692858,-0.0070475766798583465,0.02106193339425781,3
18.15,-0.000497181583077805,-0.0025628511566270283,0.010073868115658023,0.010406642801078914,3
18.16,-0.014050609782128774,-0.003913236308161618,0.004003809206394899,0.015124931134202883,3
18.17,0.0008635614670810506,-0.008692741268686882,0.0019145440725570903,0.008942872479104389,3
18.18,0.011168566419450257,0.011972937466637655,0.008455529006711988,0.01842780720077773,3
18.19,-0.006578497785993024,0.0017665728938255649,0.007189735598126494,0.009904024983837717,3
18.2,0.014390094470687925,0.0018509363029177456,0.00451319617681604,0.015194397776917943,3
18.21,-0.005739059195322298,0.008020390904775524,-0.003632772912944824,0.010510019493314225,3
18.22,-0.02216094192854707,-0.021822309089633986,-0.006333593032863303,0.03174011534115609,3
18.23,0.010884373479559839,0.010036711732530536,0.004581873582945425,0.015498346169012835,3
18.24,0.0015679461190031432,-0.0074155983592907255,0.002310710122525725,0.0079239469539337,3
18.25,0.014328723871162628,0.003412944063398006,0.004454570056552833,0.015388427773643626,3
18.26,-0.007661479001849407,0.0061166084809704336,-0.009354895598018989,0.013550838773120057,3
18.27,0.0010491756385239111,0.014365337837733168,-0.005596908114040502,0.01545280172492007,3
18.28,0.02374101924636479,0.02404525666454437,0.017823817070032322,0.03820338751820385,3
18.29,0.011515721576625627,0.004071965750611052,0.007543407830186168,0.014356035323062717,3
18.3,0.025880441241870222,0.009703574254045631,0.01711196809708422,0.032508091982355755,3
18.31,-7.455964595515143e-05,-0.014735600062940358,-0.005425499375635947,0.015702850436489512,3
18.32,0.034947875208474664,0.025903985661782116,0.018535901768477407,0.04728583412739565,3
18.33,0.032746133420882687,0.00865918726795198,0.018407131839114146,0.03855013982727224,3
18.34,0.01301597355310706,0.006079501848006421,0.002003115783857978,0.014504771046060565,3
18.35,0.004141054786162338,0.0066782445434441454,-0.001015226558477231,0.007923255005935189,3
18.36,0.005723406294811438,-0.0037149544172435595,0.011378830082368235,0.013267857399787386,3
18.37,0.011243622822526266,0.006963985013854723,0.003851509551774963,0.013774987015450884,3
18.38,-7.025326789517668e-06,-0.00397425112297032,0.0043158596880306255,0.005866972489318078,3
18.39,-0.00877865041461689,-0.0024887074885751883,-0.008906495048959084,0.01275084397688546,3
18.4,-0.018290436358696625,-0.013073378300386077,0.0004515075388188128,0.022486821505809735,3
18.41,-0.03307130833416288,-0.028841212525417482,-0.017111054573645788,0.047098993232253424,3
18.42,-0.011238322529304115,-0.019053322552043814,-0.005950330663790595,0.022907104324932308,3
18.43,-0.03270411266030618,-0.0075383655500791975,-0.011816764662931354,0.035581201035992625,3
18.44,-0.009697674070476652,-0.012169073149921883,0.012495225417513491,0.019956499741683665,3
18.45,0.01138954058740891,0.0005814562236916444,0.002258386891692939,0.011625834915603917,3
18.46,-0.007301528044669858,0.004195058939923636,-0.0029291395716354238,0.008915755151789119,3
18.47,-0.016542821762831717,-0.012919782411859568,0.0002303391880969577,0.020991397895047097,3
18.48,-0.00987229419405463,0.0005287806372115175,-0.0035303584076892486,0.010497867978927756,3
18.49,-0.01181425609075298,-0.00844010312791278,-0.004633104184209569,0.015240657537305836,3
18.5,0.02016942715611911,0.01595824576345984,0.022051019768086634,0.03387799982976455,3
18.51,-0.006322647732797071,-0.0007059822676176329,0.005204238125146989,0.008219390474875125,3
18.52,-0.018167656141604892,-0.013213478015276482,0.005317263564375211,0.023085342162351006,3
18.53,0.03541179583854508,0.016590327869005477,0.012698421303770226,0.04111549789215673,3
18.54,0.003861592977100404,-0.001042543715402115,0.007400868922162116,0.008412589287629621,3
18.55,-0.0034160824583487825,-0.019834895735455573,-0.000740618196177646,0.020140536822814366,3
18.56,0.007876522309158397,0.010700963407335643,0.003341117508756883,0.013700849891124573,3
18.57,0.005159460216275154,-0.002490386934916368,0.0027291778958471154,0.006345901732307923,3
18.58,0.013451503705429427,-0.0006227297189580344,0.010849455479965889,0.01729281435891269,3
18.59,0.00528599958392723,0.0086619269374821,0.0031069426587327876,0.010612439048409675,3
18.6,-0.019414425538994202,-0.013849568833473767,-0.013313376395359164,0.027312569760584316,3
18.61,0.002862040388772542,0.010963929320593504,-0.003204050469453037,0.011775608720772674,3
18.62,0.014118408416540208,-0.007202301380702778,-0.00010452020006237149,0.015849716901791263,3
18.63,-0.0046759204312920915,-0.0062294932132878015,-0.00161831397179452,0.00795548601189638,3
18.64,0.008710902839744596,0.0012405433917657936,0.008175252937201996,0.012010559386537919,3
18.65,0.009508251697551538,0.01281524043987665,0.011400523690426791,0.019611455282355365,3
18.66,0.01062348370065368,0.008836722274207015,0.008146015734255458,0.016040686981306576,3
18.67,-0.017491779201407955,0.0006274644695263426,-0.0059885475304967545,0.018499155462245963,3
18.68,-0.017515251742134474,0.0013037897964835402,-0.0005092478425711578,0.01757109116671252,3
18.69,-0.006993923869685112,0.0005833590506847701,-0.01110319491005856,0.013135304187102684,3
18.7,-0.029600364049244564,-0.01848414292132071,-0.009731732740027341,0.03622915557264536,3
18.71,-0.020960650638642872,-0.025873954424609928,-0.006381297364963894,0.033904739326857045,3
18.72,-0.004185910507019532,0.0017047158939287191,-0.008516751286383867,0.009641729903181845,3
18.73,-0.03213577849621584,-0.005540747027238294,-0.025290518854850674,0.0412676444823939,3
18.74,-0.02765531548042425,-0.00893875968491742,-0.012436823678074778,0.031613169442908116,3
18.75,0.0013163335448018176,-0.0034805559131450376,0.004979932102359669,0.006216649194687746,3
18.76,-0.02269367247536746,-0.018174997173402145,-0.01797243592723221,0.03418101440611285,3
18.77,0.03077612432450833,0.03583169842708293,0.010269492649112049,0.04833780011416714,3
18.78,-0.011941784044363196,-0.017394365426894102,-0.005422207474443087,0.021784638823318662,3
18.79,-0.010921160739337184,-0.0055442878874504605,0.0015637780127397503,0.012347318808004356,3
18.8,-0.013269244776062328,-0.014578946738392017,-0.0031113459765122206,0.01995743016306176,3
18.81,0.004803096378258537,-0.0003951225463871646,0.00490860530190898,0.006878972499976483,3
18.82,0.0038363174150540446,0.005909635399502356,0.0003229189505360283,0.007053041791504827,3
18.83,0.011786788371499001,0.012959283863929444,0.014569053989350156,0.02278439712884688,3
18.84,0.004646265111412053,-0.000609274398452298,0.0047294829875220365,0.006657852815089459,3
18.85,0.018801150520684887,0.020126701605422546,0.005367583423316033,0.028060262475989514,3
18.86,0.00464913675939677,0.00911032387736442,-0.0003031007594172445,0.010232514052197042,3
18.87,0.0022415893096360048,0.007760720072205158,0.0003529529918401814,0.008085670936085107,3
18.88,0.008415454800015338,0.007618050236387759,0.002245518754203194,0.011571383813991611,3
18.89,-0.019204419800473882,-0.0014575772743132317,-0.01871836715404522,0.02685724372114657,3
18.9,-0.010735420189014133,-0.015503243502733119,-0.007919897551300306,0.02045298469570692,3
18.91,0.021411569254436692,0.016400064813508433,0.012556701807727787,0.02975043166263324,3
18.92,-0.0222174928058769,-0.01840092551770993,-0.014591571634109894,0.0323283932363002,3
18.93,0.007973448851149298,0.008382122310627757,0.004381241691271016,0.012370575563390288,3
18.94,-0.03297824872805002,-0.014171818555908114,-0.021407214249987327,0.041793230938700764,3
18.95,-0.0250881127542414,-0.027959168906501564,-0.024012156896348447,0.04458376617477115,3
18.96,-0.016368976123170658,-0.011411215384882833,-0.009098050026151829,0.021930201325101397,3
18.97,-0.0026895493384135128,-0.006252248349425983,7.094917840834046e-05,0.00680656439421367,3
18.98,-0.010063049889789519,0.0025303977635302184,-0.007603203048416974,0.01286377015192392,3
18.99,-0.0036275905831677667,0.010081084092689034,-0.007567108078496258,0.013116737193166549,3
19.0,-0.014428571852436185,-0.0192981397414187,-0.0026274694331876796,0.024238512305885713,3
19.01,-0.009221059236286765,-0.0016460147358184863,-0.004318969672405144,0.010314591459713586,3
19.02,-0.005762240841506561,0.022654594525325613,0.0012886701738026875,0.023411423353553028,3
19.03,0.006613867037684079,0.0063468965201461235,0.014388836655989147,0.01706062580746509,3
19.04,0.017635955264570003,0.012128806597823137,0.01074215843041766,0.023948462065976294,3
19.05,-0.014279924840788653,-0.006661806682373062,-0.0035671084580143147,0.016156119103396104,3
19.06,-0.001492290138136787,0.006318173516647674,-0.004956030551405612,0.008167526263766415,3
19.07,-0.002627024531823527,0.009377308893997816,-0.001312607498261825,0.009826399057067973,3
19.08,0.0075829640607414945,0.017884070562096798,-0.003992669356758538,0.019831357301227596,3
19.09,0.022174566936518075,0.007622763347526464,0.004038943370462522,0.02379350758976735,3
19.1,0.0076250625931382965,0.014806078496880759,0.0051863086883160185,0.017443031210646102,3
19.11,0.00047652522637676477,-6.762950713108836e-05,-0.0015881880847113357,0.001659515421449069,3
19.12,0.020056199789686313,0.01265512331881161,0.005507240715865034,0.02434610844715484,3
19.13,0.00477919402456768,0.0012603471124951167,0.0029025973225493803,0.005731861964955979,3
19.14,0.005488648076038577,0.009824997349801995,-0.0008447426358932668,0.011285806162924919,3
19.15,0.013742288060941637,0.005513533870193661,0.0046536404223965,0.015521143838926126,3
19.16,-0.01047815616137659,0.0035671699427728644,-0.0029714064717036364,0.011460615793355024,3
19.17,-0.012679507183458477,-0.010067296968418545,-0.008516974167701263,0.01829369343896948,3
19.18,-0.009709179940663235,-0.00027288135876877336,-0.010032315997699943,0.013963882111857256,3
19.19,-0.002841268772354925,0.00253891579826164,0.006220462730281248,0.007294728113249996,3
19.2,0.011205541078961663,-0.00017339907631451663,0.016677140563640055,0.020092815519268885,3
19.21,-0.011006312246040966,-0.014893357528277053,-0.004954321436991314,0.019170193233858386,3
19.22,-0.010764342682636086,-0.0021880371720070946,-0.005847166674989279,0.012443791149822912,3
19.23,-0.0037965657288640477,-0.013578361567462513,-0.0014948085654724976,0.0141781616169988,3
19.24,-0.01819851515143984,-0.01158268246350146,-0.012353477366475952,0.024858658246404274,3
19.25,-0.0133943634028226,-0.013123192686169185,0.0009346162653275005,0.018775001060149437,3
19.26,-0.008485714171999548,-0.009236650930594508,0.0018561593002599493,0.01267944765242035,3
19.27,-0.0011141901036618614,0.002259701228359932,-0.003298203970858803,0.0041503998195280166,3
19.28,0.0038798493251027983,0.013281495171964091,-0.00023157370707962174,0.013838532117613368,3
19.29,-0.00849210276579158,-0.0016214491323388348,-0.0015253077526490209,0.00877903584762123,3
19.3,-0.00893983942508869,-0.017166566180782293,0.003044787829557284,0.019592918524624366,3
19.31,-0.0064673457024463105,-0.004134405606477726,-0.0002753811303416939,0.007680866156936566,3
19.32,0.00022644232135937692,0.00691695962895839,0.003516427555747859,0.007762787475408925,3
19.33,0.017179607751377193,0.009408633436242524,0.010275841042956316,0.02211909163525631,3
19.34,0.02746811835371993,0.018408516842376783,0.013617347201234834,0.03576035742311608,3
19.35,0.02529582106376302,0.01332220416819428,0.013701728304441194,0.03170326553712874,3
19.36,0.017477944334493532,0.021135966204422107,0.01266386412826297,0.030208956622386575,3
19.37,-0.006241763888059697,-0.012444466817887485,-0.0008106304670307033,0.013945662141679296,3
19.38,0.00966355688608313,0.0034439907629338663,0.0031596323923235737,0.010734462302340014,3
19.39,0.003336511876138294,-0.006096269317971438,0.01571341801959566,0.017181627308127875,3
19.4,0.006351907552377872,0.010764279391916595,-0.006588304667894199,0.014128772019471183,3
19.41,0.028739544273175436,0.011869620022612456,0.018305553300530884,0.03608244124431703,3
19.42,0.02326166749813018,0.010323350690553006,0.007626970263319122,0.026567789137812377,3
19.43,0.016568402299418427,0.009055464938366006,-0.0023602063766641045,0.01902850425403415,3
19.44,0.03655113413955477,0.026554431369062225,0.004263825499850594,0.04537954869889231,3
19.45,0.01357094764583534,0.006390848196035609,0.0050227859603764625,0.01581903724866119,3
19.46,0.01980850502848401,0.013896508239723845,0.021240905886494535,0.03219729640201344,3
19.47,0.006837490007277057,-0.010583097416252775,0.014127017570894138,0.01892949671728917,3
19.48,0.0007422705450379535,0.005947528049147163,-0.0029616370991494825,0.006685458081873055,3
19.49,0.021013552667519992,0.017260845253990152,0.005917175976064056,0.027830184083554685,3
19.5,-0.014303930246560036,-0.009475734358330552,-0.008736416204810896,0.019254010757028872,3
19.51,-0.025545661596033442,-0.037851461863087486,-0.01017973500705277,0.04678611969768,3
19.52,-0.018710617519686563,-0.012846698079911675,0.003244694767486362,0.02292712157377287,3
19.53,-0.013270180061805241,-0.014787397655409668,-0.00017607918879171576,0.019869469348039324,3
19.54,0.0030001412728412544,-0.0030636417878746247,0.005349130077308202,0.006855650315278662,3
19.55,0.007296527351647909,0.004922352879376044,0.004908494672496468,0.010077806765977105,3
19.56,-0.016620623162708133,-0.0020618676401395683,-0.018872328919455568,0.02523214638762077,3
19.57,-0.013527494026171354,0.005248071351031161,-0.01758425463002268,0.02279783670498343,3
19.58,-0.010243328390166645,0.002453728230424837,-0.009165277466068864,0.01396240916774779,3
19.59,-0.002842179500736523,-0.0030458150968958753,-0.0085087471792121,0.009473845706925757,3
19.6,-0.0016294667279313818,0.01181369085695494,-0.010638607763223262,0.01598118983745736,3
19.61,0.004498239585883058,0.014991517033713661,0.007866080463882992,0.017517276164073396,3
19.62,-0.009403435748313593,-0.005998492801232764,-0.005570283624193249,0.012467340510833046,3
19.63,-0.009254186398191257,-0.021299853875929524,-0.009228319058391062,0.024989710155819772,3
19.64,-0.005293486445808989,-0.010518170908449025,-0.010057015413213365,0.015485363316142054,3
19.65,0.00689589366975764,-0.012581665282803262,0.007554246251712237,0.016214755231720543,3
19.66,-0.007341341061401264,-0.008895000508243604,-0.0036263608010815513,0.012089946868414725,3
19.67,-0.002965240370647387,-0.0014954513751913002,-0.010191122216668451,0.010718581870114716,3
19.68,0.014150374561979632,-0.003771496634585531,0.0036786637993889465,0.015099332914335817,3
19.69,0.025376391033176564,0.024898619920549505,0.022707425596751974,0.042184471942276286,3
19.7,0.011747838693473452,0.009696438123723011,0.01148123262477133,0.01907488738732616,3
19.71,-0.006984064520742946,-0.019544710305964903,-0.0027830885058279017,0.020940831879494724,3
19.72,0.013044210425665002,0.010874218684054136,0.008137341600918651,0.01883126086983293,3
19.73,-0.003704780400561921,-0.016857392134417403,-0.0043264156535625315,0.017793676961136966,3
19.74,0.018270653258596444,0.029453958719865017,0.006609664235895971,0.03528512598926998,3
19.75,0.004796115300926061,-0.006895823916070602,-0.004647275611982374,0.009599597912149994,3
19.76,-0.012350645965273757,-0.016192277521043377,-0.009653851723831057,0.022537195038063975,3
19.77,-0.00239241960881532,-0.00526661968716933,0.0018697213455194863,0.006079211496881386,3
19.78,-0.022130755917767357,-0.014593738413062593,-0.0013815260761491886,0.026545360661700827,3
19.79,-0.0044399915001119145,-0.0064328327624950075,0.00010589421818134673,0.007817037511534624,3
19.8,-0.010587895801684021,-0.020053696629348944,0.0010861620138159942,0.022703172331846846,3
19.81,0.017322456093402147,0.012738310103511098,-0.004533978591724452,0.021974735294680428,3
19.82,-0.005467552878023842,-0.008548268730148969,0.0004308668465985671,0.010156410733931906,3
19.83,-0.006944278980358224,-0.009733395599406593,-0.0010966265871954844,0.012006855971624575,3
19.84,-0.03559484606742827,-0.012218040190279443,-0.02066336911925944,0.04293306879334346,3
19.85,0.0017054786987440998,-0.0020995471761025017,0.00038394091095374065,0.0027320626932143864,3
19.86,0.009510737582605872,0.003897626013562904,0.012282718100306587,0.016015953978405193,3
19.87,0.011195713086011102,0.00897261710907556,0.007591796138271359,0.016232289360882758,3
19.88,-0.002649765918756091,0.0020366041503039295,-0.0031564533746410734,0.0045969787682258794,3
19.89,-0.006742439134038886,-0.0026175342015001797,0.007985281509224666,0.010773889342006794,3
19.9,0.0173345663470216,-0.006860126552731178,0.007949700138775797,0.020266875907629007,3
19.91,0.0030332438203906995,-0.00039885611449391256,0.01046533548328847,0.010903343572124297,3
19.92,0.005084419101236808,0.00035942449588999194,-3.532976613542134e-05,0.005097229812127629,3
19.93,0.0027045019132042715,-0.007799095039626892,0.0014458348039816113,0.008380373041581317,3
19.94,-0.01946528944736995,-0.023968736007557896,0.00014520626928743625,0.030877481826252197,3
19.95,-0.0019189411320116902,0.007437851277097586,-0.006731335827160015,0.010213464089443723,3
19.96,0.009140215179284301,0.00733861699851079,0.01832815041464494,0.021755917139856463,3
19.97,0.014777980137279361,0.005934465925591333,0.0021581653952965204,0.01607060237306876,3
19.98,0.006443335823928356,0.007089935297950711,0.006933952571250408,0.011826388177689589,3
19.99,0.012164606638010174,0.018170179621209724,0.008701655259604063,0.02353405800922445,3
20.0,-0.016265546599664664,-0.007296116336465148,-0.014055532907781505,0.022701526933288543,3
20.01,-0.008794222407075383,0.00463938916639646,-0.013128300366158932,0.016468592838687596,3
20.02,0.028526705947964668,0.02202462964793351,0.005165391357730417,0.03640794599052232,3
20.03,0.0075676684554066495,0.010729354491443544,0.0022038313218916746,0.013313358935646835,3
20.04,0.013573006991589871,0.007636599461655964,0.010232332926589236,0.018634505822588212,3
20.05,-0.007565305437316688,0.004283664067315253,-0.005095666151423554,0.010077174094371151,3
20.06,0.0066617058992424795,0.018149924023504852,-0.00026037407833548855,0.019335611244738805,3
20.07,0.005079952808946913,0.005061316411834534,-0.0015559769674490468,0.007337840873517575,3
20.08,0.01828854569574448,0.0025137451720171865,0.006985476941806493,0.019737950920996936,3
20.09,-0.0026164611064613966,-0.0008441343925427495,-0.003240357601160733,0.0042495116163741515,3
20.1,-0.020482488208540886,-0.015070737672412331,-0.011970299653669142,0.028106005248030468,3
20.11,-0.016658492679085125,-0.006272245254439787,-0.013633985027121745,0.022421685632234588,3
20.12,-0.003014753040858194,-0.004939939388913234,-0.006313635879397923,0.008564679508371633,3
20.13,-0.03679289441198194,-0.02492916295255803,-0.011573643174884287,0.045925259510056,3
20.14,0.0008987732469183767,0.005418625518786994,-0.0037357857553505297,0.006642694564113704,3
20.15,0.004343085430701596,-0.0022003983788475203,0.0068379422461183285,0.008394140709164758,3
20.16,0.017151191169378972,0.01454734477462626,0.008409864162600788,0.02401071456149996,3
20.17,-0.020617131741507456,-0.012550196732696323,0.002203640934158032,0.02423694685068135,3
20.18,-0.010390340513540923,-0.025004638324824836,-0.0037501974216521904,0.027335967047902213,3
20.19,0.005923787722278093,0.0030257743671851314,0.006147234781123868,0.00905732117979628,3
20.2,0.00537731731329248,-0.008025343409995675,-0.0039166845100282975,0.010424111275657589,3
20.21,0.007205885682886639,0.016120141684277778,-0.005013420768707817,0.018355330130513357,3
20.22,0.019371183019820805,0.008741980766185905,0.020130063147825047,0.029272587887632727,3
20.23,0.012143238246900421,0.004824622118377581,0.010950227381846995,0.017048246051141892,3
20.24,0.026317147742607138,0.02479664060766293,0.004103689620264883,0.036391014264942935,3
20.25,0.02183712201582912,-0.003887321086876932,0.01371507136572558,0.026078235096218313,3
20.26,-0.00156411897737247,-0.010528636731354799,0.003746610623424446,0.01128431436817351,3
20.27,0.00892361442363392,0.01644748222308945,0.013677372172212314,0.02317803001546375,3
20.28,0.010660375046740124,0.006948973157641885,-0.00034584721277233603,0.012729942434173427,3
20.29,0.024988035544230392,0.005642996983415985,0.01032264002693464,0.027618874568675615,3
20.3,0.0031574526015575085,-0.004026804190944179,-0.0016298787751104521,0.00537039698205295,3
20.31,0.00562590718171561,-0.006883823768011439,0.0038457805122697458,0.009686479702909217,3
20.32,-0.00872561356946503,-0.011529135059726222,-0.006288381764999661,0.015767087004625202,3
20.33,0.001868106788237925,-0.001825954017507668,0.005129391120684047,0.005756264788494823,3
20.34,-0.018859633687816506,0.0007426472069097956,-0.0168346101987621,0.025291132996701018,3
20.35,-0.014879293007436808,-0.019203363441123666,-0.005664772362495483,0.02494498293789626,3
20.36,0.007552942425107322,-0.005914221595792444,-0.004985872943072444,0.010811285093160095,3
20.37,0.0024113055097638465,-0.0007192428233204738,0.008097206200681412,0.008479177599075807,3
20.38,0.008573947792570367,0.006173819693157566,0.0022828586527602448,0.010809258715648579,3
20.39,0.019950922961190283,0.011177682476540995,0.007997652805157095,0.02422689338197447,3
20.4,0.005059299871930162,0.002969949631116245,0.007246497843697722,0.00932356407197354,3
20.41,-0.002028117769426755,0.011453934866020142,0.00033150944310954646,0.011636828782471933,3
20.42,-0.010166436288769478,-0.0160614741907899,-0.004542588347269817,0.01954386064440111,3
20.43,-0.008238141416798402,-0.007438829040854503,-0.007298099327419438,0.013284028202887465,3
20.44,0.00023090019137628833,0.011401592534749785,-0.0011310036696105482,0.011459877683793668,3
20.45,0.0011293089046523676,0.014564532650553097,-0.0053058284408169865,0.015541967873295093,3
20.46,0.013950884418461287,0.012469504972190062,0.0002485590371112548,0.018713030537667284,3
20.47,-0.005504271201960414,-0.01833094651485722,-0.0004145559555253234,0.01914399274539009,3
20.48,-0.00040577538766453994,0.006008618226212098,-0.008213069148217756,0.010184431819547365,3
20.49,0.011612892262043028,0.014895053480844057,0.003935955421696633,0.019292838826067214,3
20.5,-0.009833007230552799,-0.004031161346519678,-0.0030362700474404133,0.011052476138800832,3
20.51,0.02565832040731869,0.014592649726572223,0.01361415757498531,0.032506001271205065,3
20.52,0.0182192542352359,0.007025505683922835,-0.005612204341038129,0.02031737661629967,3
20.53,0.009702292798984017,0.014252856319023757,0.0003812934984590193,0.01724597876433575,3
20.54,-0.006021423879811696,-0.0008293633446425017,0.0022134765365775474,0.006468760891838751,3
20.55,0.0032687972449622106,0.01117329034169589,0.004942848450655335,0.012647497906489372,3
20.56,0.011954856833943477,0.006306697092384163,0.005639878753530411,0.014645861616500944,3
20.57,-0.005878183033224108,-0.00026525352703559487,-0.005797486073390996,0.008260401925866025,3
20.58,-0.019843666349534245,-0.0222301835035619,-0.010096800333218345,0.03146263704400112,3
20.59,0.003673270563544816,0.015054086294843338,0.0039329708112892485,0.015987078851624148,3
20.6,0.0001525079046802453,0.01449682166562715,-0.002160154765031999,0.014657672587245124,3
20.61,-0.01096544372143901,-0.00780173261095933,-0.0019108163596456684,0.013592615896185767,3
20.62,0.02175387790552652,0.0009200005414926327,0.015480621898924452,0.026715674412268933,3
20.63,-0.017140866384401526,-0.002179044169705489,-0.009760330761330536,0.01984493866133148,3
20.64,0.008878490297866564,0.022842666947627262,0.0073693440798595355,0.025591448872951575,3
20.65,0.00010781118459591427,-0.0025767460947559457,-0.0030843244563897006,0.004020485174782717,3
20.66,-0.003276910019423711,-0.0050417204450281874,-0.0036303012308612275,0.007023971194987012,3
20.67,0.020922586462097714,0.0119277364900006,0.012956440366767723,0.027347666610086765,3
20.68,0.007978974901832803,0.0033470629826231075,0.015232641482741938,0.017518568367177557,3
20.69,-0.012564205560104773,0.00010104485801430002,-0.006935388139856141,0.014351622907196108,3
20.7,-0.009813606774236728,-0.0027870140196326774,0.009865920376793416,0.014191924110077591,3
20.71,-0.01041733802222304,-0.015844506178691323,-0.007947192506902607,0.02056033015925596,3
20.72,0.004306680755144457,0.0008223100127154178,0.00828721560133878,0.009375587197974137,3
20.73,-0.006100811403264026,-0.0018565395399993867,0.0034839499155369306,0.007266673644505255,3
20.74,-0.02123934839307476,-0.01992250551258886,-0.0020486594064744726,0.029192690034069782,3
20.75,-0.00025459068746442725,0.003337305321144921,-0.002306011626100789,0.0040644941683311364,3
20.76,0.017820512215180224,0.013463237234163693,0.011124050429845137,0.024951431029111276,3
20.77,0.02396356114280616,0.025709673085736403,0.011881445134082583,0.037099976971619035,3
20.78,0.018160055404569057,0.01873479966119046,0.0072893924112630805,0.027090876183086803,3
20.79,0.006707115993193423,0.001091954244938928,0.0026045000338898064,0.007277443881317337,3
20.8,0.020542477788055756,0.014721652015367263,0.0009945275208373683,0.025292479449908308,3
20.81,0.03059853829096618,0.015289992818059787,0.01335388940444903,0.03672030484822123,3
20.82,0.012393702941545962,0.025187188162013405,0.0031198888694912376,0.028244150308868003,3
20.83,0.005187484191372124,0.009067330747014914,0.0009741283971151566,0.010491682669884934,3
20.84,0.024021127832657346,0.005664931758561146,0.0035301213549265376,0.0249312613191256,3
20.85,-0.006274945358365598,-0.006278604933723666,-0.00463240362915408,0.01001274101071495,3
20.86,0.008766241263767611,-0.006870981021179483,0.005661996666647609,0.012494621736616088,3
20.87,-0.039216363901093836,-0.030855187541882843,-0.023011259039231034,0.05494983019480925,3
20.88,-0.008381523739186348,-0.005253888985152209,-0.0018280464636314566,0.010059574719243526,3
20.89,-0.032111153480438935,-0.015583209956065762,-0.013759907559960623,0.03825307394756393,3
20.9,0.0027315364780348622,0.009942586512178908,-0.0008238452236491033,0.010343840632740168,3
20.91,-0.016747648672376998,-0.022681438410950265,-0.004047487440920889,0.02848356612202049,3
20.92,0.0003024605485561979,0.0016171414531160383,0.005959992960493852,0.006182891310055146,3
20.93,-0.01457012555666306,-0.007634395923129646,-0.009215264009338102,0.018854539257426226,3
20.94,-0.013166645281041,-0.008531346106440772,-0.010114651539565124,0.01866683128202182,3
20.95,-0.014496709792820592,-0.02218265464126288,-0.0027866632160196986,0.02664564230095269,3
20.96,0.0014046496622123657,-0.005532374737280367,-0.002959932818827106,0.00642972885891941,3
20.97,0.0002036907488562542,-0.0013442083444025524,-0.007121107259134596,0.0072497278976821275,3
20.98,-0.012927943844956338,-0.002858626992437094,-0.0016007878772047873,0.013336641337609714,3
20.99,-0.0015053089455293973,-0.008490749073468386,-0.0038504882580529544,0.009443782858341182,3
21.0,-0.006899811090903239,-0.009282908077906805,-1.7366307863308193e-05,0.011566333777894686,3
21.01,-0.0025791890587830713,-0.003918066260394528,-0.009102599432609564,0.010240155069740508,3
21.02,-0.0010274094863651634,-0.01379931943161764,0.0009841002740058928,0.013872463385346952,3
21.03,-0.0005941735799726029,-0.0035778696958769962,-0.00022524078601209488,0.003633858447366347,3
21.04,0.015525530239738086,0.013901595031120578,0.011844950475830465,0.023970800683522742,3
21.05,0.016120364780130417,0.00346407143899795,-0.0031602297734204003,0.016788478305068723,3
21.06,-0.010537312924400265,-0.01125873825554009,-0.012523914994281314,0.01986561344528477,3
21.07,0.005485113822527903,-0.0008986208600827625,0.009799227116122649,0.011265826430831249,3
21.08,0.03912557267885146,0.03247916906889101,0.017022972133740124,0.05362358101730792,3
21.09,0.022554728212084874,0.002470727866956684,0.003246938818675364,0.022920795636403955,3
21.1,0.03201432657744739,0.01790273859330692,0.016824597586830733,0.04035458139178904,3
21.11,-0.007510847153577789,0.006889667178179024,-0.006424257299205878,0.01204788033792189,3
21.12,-0.0016860917956487303,0.007742864539473064,-0.005024049391175367,0.00938274635194584,3
21.13,-0.009186873839163378,0.001913248957433211,0.0057898394547970895,0.011026396211915694,3
21.14,-0.0004895709774961632,0.010532236971924255,-0.0029822358539223987,0.010957254494771718,3
21.15,0.0006405950973961336,-0.007318119045983862,-0.011676676297215652,0.013795288971237881,3
21.16,0.0020432484962309766,0.011585424486386272,-0.0011424836387153778,0.01181956825826735,3
21.17,-0.010918324045643756,-0.024438633068863354,-0.009742117343479594,0.02848447711604252,3
21.18,-0.014439757716116448,-0.014582750945559983,-0.02075692283716111,0.02918926298672571,3
21.19,-0.017936925077251288,-0.007569977058721816,-0.004140027586036664,0.019904212175055943,3
21.2,-0.009451649148586231,-0.005096759031464769,0.0032205115052323253,0.011210812575728946,3
21.21,-8.930307992118403e-05,0.0016986577006573942,0.0020030548332929535,0.0026278587650907606,3
21.22,0.002046488755510328,-0.006336518474733913,-0.00020186978668854734,0.00666185664945232,3
21.23,0.00929152512885976,-0.016149655703986132,0.0013656922009442074,0.018681780797484056,3
21.24,-0.0004577274428492189,0.002713114260618657,-0.0014781203230899416,0.003123354461575106,3
21.25,0.006177790473554532,0.012362444201194277,0.007833944952797354,0.01588602578640241,3
21.26,-0.01870435210317655,-0.012272843037080362,-0.021086285854792094,0.030742591220689616,3
21.27,0.012441868627644927,0.0106201524469035,0.005319071221329078,0.017201170064871072,3
21.28,0.015618006541609488,0.013831020934668054,0.013208732993608762,0.024691899394850763,3
21.29,0.025030756664279986,0.01069939128500159,0.0031378605215464355,0.027401859822074937,3
21.3,0.030643244661912913,0.020145824325760606,0.019188186041502842,0.04138899811227117,3
21.31,-0.007165415579138386,-0.014598134645907514,0.006315220839235927,0.017445077523763664,3
21.32,0.018752801105716244,0.02125136232832489,0.004854800719467517,0.028755121981066976,3
21.33,0.004053457383264998,-0.015804893281425637,-0.0064137312765685725,0.01753171746530364,3
21.34,0.002837002247219737,-0.0002603249471976395,-0.0025543067236975516,0.003826334233648416,3
21.35,0.004051508870988839,0.0166396614938989,0.003825670633907357,0.017547900574210698,3
21.36,0.002056532603381756,0.005136794832670943,0.01574585474086108,0.016689755211566897,3
21.37,0.00511443320309005,-0.0056114315058203084,-0.0024485294174105923,0.007977523854010578,3
21.38,0.0005539076116065226,0.0037336459756155335,-0.004203446972666575,0.005649415223316968,3
21.39,0.00980807802831199,0.013222392011495577,0.003661527283668375,0.016865255028138956,3
21.4,0.010809081190142237,0.00881699307162998,0.005565814383426352,0.015018451742806695,3
21.41,0.014900309467338314,0.014932402348951221,0.006555041852922659,0.022089917062474082,3
21.42,0.005350814953478576,-0.006163186773894291,-0.007645215302769482,0.011183264679957106,3
21.43,-0.0038403083325681975,-0.008299247760415558,-0.009130453128688038,0.012922486440817981,3
21.44,0.0040668642146572,0.005474002116594136,0.006651996993870506,0.00952644465261824,3
21.45,0.006624637093498057,0.0019896674921863573,0.01066108329802078,0.012708394487005475,3
21.46,0.0006587505508566151,-0.0031201358046636465,-0.007716261932498437,0.008349245351450782,3
21.47,-0.000626161745405824,-0.008624836983838202,0.006996251093708475,0.011123282829066694,3
21.48,0.025601943230839024,0.029045703238356486,-0.002449418191316022,0.03879577326567582,3
21.49,-0.01411820589217289,-0.009142202686628534,-0.004800876713568894,0.01749148435085117,3
21.5,0.004578532253680133,0.010970069420010024,2.2929951551026867e-05,0.011887216093791956,3
21.51,-0.003459401984501935,-0.019948305239128064,0.0005226433232504752,0.020252789932430012,3
21.52,-0.023987720880830742,-0.009331487308223554,-0.01899316252437099,0.03198792945967824,3
21.53,-0.023077828805595356,-0.025270478554871655,-0.005587990066263542,0.03467576822152979,3
21.54,-0.023392397475297914,-0.018594863003888032,-0.012467837811648955,0.03237931700134009,3
21.55,0.0014080346567461326,0.0024773943406351346,-0.004066649581230059,0.004965650322981655,3
21.56,-0.016526059282860238,0.004229706003054371,-0.010265303774344325,0.019909231775044788,3
21.57,0.0033248544139237416,0.01682957411426751,0.005831711535531008,0.01811899779720326,3
21.58,0.007810143556577269,0.004893867798936392,0.0030410145064843803,0.009705465142715234,3
21.59,0.0013702242378643677,0.004317919076425544,0.0024861670241038045,0.005167491275689953,3
21.6,0.005009831410613656,-0.0013119414340801976,0.006318131798447573,0.008169356799147775,3
21.61,0.019628106605457666,0.014061270370991119,0.0044147818857710065,0.024545308970560044,3
21.62,-0.0018746212030146658,-0.001485781139586148,-0.004718239241594723,0.0052899462937223115,3
21.63,0.009157959754443314,0.008985759820825251,0.019566282225371302,0.023397681648925004,3
21.64,-0.019190982267912684,-0.017920791911104444,-0.016769858879688012,0.03115568567650368,3
21.65,0.00971422914399627,0.010733671416550754,-0.008525295736402582,0.0168005540781746,3
21.66,0.020986254200573762,0.01762015235367664,0.004622622826383314,0.027789589348043205,3
21.67,0.013266068008989666,0.0007055466250738725,0.003975979362134232,0.013867038917786649,3
21.68,-0.001005782291462582,-0.00157043222349359,0.003848346591146289,0.0042764034973320755,3
21.69,-0.004804356923394415,-0.007610802704328854,-0.006262826575768107,0.010964905834968878,3
21.7,0.018571370021065455,0.029301704348163538,0.012862086361715668,0.036998904412735616,3
21.71,0.004347296028384884,0.013282198124254128,-0.001058337671269621,0.014015557370179014,3
21.72,-0.0039273271913866795,0.005122200583375434,0.0011834293385124639,0.006562114193138433,3
21.73,0.0019510881944403624,-0.002611840048729403,0.007392862113623166,0.008079781173625691,3
21.74,-0.013487246455905745,0.005309031705001039,-0.009963322433964231,0.017588616447298613,3
21.75,-0.009006261866814722,-0.009052174517584095,0.0009125976154849219,0.012801853409496166,3
21.76,-0.016103653641598485,-0.016950785107706205,-0.014319664158349638,0.02741732222490238,3
21.77,0.0036964475376507567,0.02072240839047654,0.0019356076579688985,0.02113831854490524,3
21.78,-0.017561599085869926,-0.006951159273430585,-0.006883163208178479,0.020102395714139378,3
21.79,-0.011224340003450885,-0.014138136662508453,-0.0043885257867249386,0.01857772524776872,3
21.8,0.001102783294116119,-0.00231722873131626,0.001839553585134939,0.0031574732587310965,3
21.81,-0.03310663043981469,-0.01693145993801157,-0.013818177374014565,0.039669450974908683,3
21.82,-0.010132737795499717,-0.00949981340185347,-0.02280713434472429,0.026703636586066056,3
21.83,-0.00988644525213282,-0.0076292419618908276,-0.00352101200971744,0.012974770063822706,3
21.84,0.004983696753125822,0.016945046803668238,-0.007875104881976437,0.01933879834446166,3
21.85,0.006434781170896544,-0.0007734425903457662,-0.0008227084414146445,0.006533105795673324,3
21.86,0.029535616636042115,0.016957364481161134,0.01797613725052179,0.038510341087398724,3
21.87,-0.0043085981791243675,0.019363359597492837,0.0009461322672176594,0.019859478327439575,3
21.88,-0.010570640411262605,-0.0035711170383810305,0.00388077183628862,0.01181320048299208,3
21.89,0.022488789877563538,0.01978726571403422,0.012300044536200875,0.03238167151626863,3
21.9,0.00021625878772581208,0.01250492154177687,-0.0047692092827481235,0.013385260095041663,3
21.91,0.00909615227354681,0.011005772124368101,-0.003933364682085063,0.014810076433271466,3
21.92,0.0005857552097203985,0.011032939467200948,0.007217811693040102,0.013197184096951189,3
21.93,0.012918152251230164,-0.00217426006681184,-0.0008763513097600562,0.013129130056565581,3
21.94,0.008275611540907678,0.009771488793336907,-0.003535998642585455,0.013284239760508663,3
21.95,-0.0019923426912564365,-0.002665185628626207,-0.0007596421451915366,0.0034131656893842425,3
21.96,0.0009776150657502774,0.004840784248886429,0.007383494892953092,0.008882844150119558,3
21.97,-0.006946071819163671,-0.022420498040192346,-0.0029523174529119626,0.02365677121734953,3
21.98,-0.0022035089403174427,-0.012958638685305706,-0.0031212939937998816,0.013510153382626405,3
21.99,-0.009887199305642724,-0.00724648406874214,-0.0091922553480277,0.015322069046032245,3
22.0,0.011713732530586331,0.014233604575165534,0.00732004049635436,0.019834062162566633,3
22.01,-0.01025201066441322,-0.01757429682618565,-0.015608593660078985,0.025643475342542386,3
22.02,-0.013147086174677296,-0.013556616323326467,-0.014707637891128653,0.023936213847616666,3
22.03,-0.02959074274112922,-0.01780809806758285,-0.018376559084278696,0.03912081717620844,3
22.04,-0.020947722738285414,-0.015393938880622609,-0.014315950303381892,0.02967704289967793,3
22.05,-0.00029775868675647587,0.008112209864688337,-0.003934956669804642,0.009021113740416187,3
22.06,-0.008545524114987213,0.003185797750271462,0.001668352232362447,0.009271390881453087,3
22.07,-0.009372855287965165,-0.014949179687038317,0.0033449847967555084,0.01795876701934242,3
22.08,0.004903542652820304,0.0027939964678111036,-0.003588958979728508,0.006688181618971094,3
22.09,0.013443785264617921,0.005259580059352334,0.0041854810782085625,0.015030528816310375,3
22.1,-0.010654582095385971,0.002720701294407945,-0.009670092891376766,0.014643532076946731,3
22.11,-0.0014696609579631576,0.0062169521703906525,-0.004469003952520014,0.007796306429837513,3
22.12,-0.022015604292381925,-0.022843057006447523,-0.006961463778240488,0.03248005639918612,3
22.13,0.016114562541887874,0.022340574433762445,0.013784864175053688,0.03080264391690386,3
22.14,0.04017316626229139,0.01758302770607966,0.025300026292576834,0.05062743802776861,3
22.15,0.0028074965460390365,-0.0016775270755363713,0.001283110918586367,0.0035131905121376893,3
22.16,0.003178982060721743,-0.006417288212571093,-0.009763739087624394,0.012108596777364379,3
22.17,0.007010889662886573,0.001339117052246746,-0.005242239502201124,0.008855895400422574,3
22.18,0.010723814715119365,-0.01034367905010002,-0.005729942256198034,0.01596321197613602,3
22.19,0.010703664372344981,0.007478925170973863,0.010693924274431214,0.016877878098152707,3
22.2,0.009765744778185351,-0.006875647661281387,0.0003569466349155233,0.011948711760475109,3
22.21,-0.011508851447069788,-0.011904930104863511,-0.004629685436428187,0.017193458339516257,3
22.22,0.003014526096176866,0.01136303580199811,0.010210927197926763,0.015571415621689079,3
22.23,0.009669183571467736,0.008065857892356218,-0.002337663936755793,0.01280686718755353,3
22.24,-0.014123689825538577,0.007979289050868492,-0.008429737359003648,0.018281360452305336,3
22.25,-0.017939468378691918,-0.003910548300340129,-0.007850705951436323,0.01996873800857976,3
22.26,-0.010008419326995439,0.001430791402391894,-0.013451479570686986,0.016827296993360035,3
22.27,-0.002802390739670589,-0.006351667609971077,0.00339035207542256,0.007726031483282296,3
22.28,0.0012833411778249261,-0.001302051376310104,0.0075612512521749595,0.007779127384467328,3
22.29,0.0022036832049357564,0.005787471563326343,0.004860550243417855,0.007872483434902633,3
22.3,-0.018153723299331893,-0.0167078914782768,-0.0042149064492958,0.025029517447503764,3
22.31,-0.030572966262455682,-0.021282848653103186,-0.013379068907969782,0.03958112426043951,3
22.32,0.011051275906867346,0.016791712117075946,0.006929149660290774,0.021262770515790494,3
22.33,0.007629746259635146,0.006482833697978118,0.01048296737207171,0.014495956873072478,3
22.34,-0.011612269070265,-0.019713538010874394,0.0011345544983665566,0.022907544341901568,3
22.35,0.004188881339670113,0.008478318206872658,0.004185228783935402,0.010341409307667224,3
22.36,-5.2679231375894926e-05,-0.0034105587310861362,-0.0053219351409125116,0.006321208713820934,3
22.37,-0.0038834604609686704,-0.006925512296710986,-0.017502452312521597,0.01921925655887591,3
22.38,0.021667417982770838,0.034588219680386605,0.017662631910576314,0.044472356680383976,3
22.39,-0.005941610528724246,-0.002954496998968776,0.00728085830287074,0.00985102460754434,3
22.4,-0.013277636367909008,0.007502650459163254,-0.009646006316001321,0.018045243951776875,3
22.41,0.006871690342252051,-0.001165531806772987,0.009840007444202157,0.012058372156072871,3
22.42,-0.0006208975449599327,-0.005770925572368444,-0.013316736831516249,0.014526684947468737,3
22.43,0.00940547821497336,0.0028043030041509957,0.008412717390055974,0.012926753253480899,3
22.44,0.004318285503595481,0.002239560075347641,0.0042738078266163475,0.0064752337687917615,3
22.45,-0.0004771464211598929,-0.0027254689042928207,-0.004189269471299236,0.005020540624141247,3
22.46,0.005117792432099718,-0.004333152863762488,0.01405118653472742,0.015569324203461606,3
22.47,-0.011210385205532868,-0.00029835541175731416,-0.006659621280629388,0.013042710914896753,3
22.48,-0.012315652098170232,-0.007809580186334902,1.3250052439549471e-05,0.014583038258670557,3
22.49,0.0017093460930338983,0.00796746177909856,0.011937065217605805,0.01445322930270398,3
22.5,0.007895815347882513,0.0081282928582192,0.0028144766770681513,0.011676229004374436,3
22.51,-0.018679813391126114,0.007406678316645661,-0.0031366306483740277,0.020337963610889926,3
22.52,0.005094633840713198,0.004790357604035403,0.0020041549849931085,0.007274576080387959,3
22.53,-0.007949976005048771,0.002318999930278339,-0.001654852603831158,0.008445023167398,3
22.54,0.0008749497123537856,0.011025467026481226,-0.005459359760088849,0.012334142416124847,3
22.55,-0.002475047442288474,-0.011010957803845516,-0.00033603318559595485,0.011290702808127887,3
22.56,0.005200785067407789,-0.004720022555948524,0.003360282719807455,0.007785774091448535,3
22.57,-0.009160240496069998,-0.014327138139318829,-0.003447388874994632,0.017351120518986712,3
22.58,-0.0275782289484056,-0.022191850942997124,-0.0054766444540473485,0.035819416448107114,3
22.59,0.01644904081276718,0.00914694746828087,0.009060343532443109,0.020888451751469132,3
22.6,-0.006475097528460941,-0.0025708059067285722,-0.009098887972058132,0.01145974228947648,3
22.61,-0.005143485913312072,0.009232647731380848,0.0008976588123532901,0.010606744213735295,3
22.62,-0.007538347828276767,-0.01798911248109763,-0.006952743557227635,0.020706894958207468,3
22.63,0.012298279187963623,-0.003673005894377912,0.006620482016079533,0.014441932883463578,3
22.64,-0.017620062983769953,-0.016901091654361683,-0.007153527875651426,0.025441825400880264,3
22.65,-0.017778215923930366,-0.0201831001842417,-0.0037531058491353173,0.02715710400613148,3
22.66,-0.007767745516912216,-0.0174341854951933,-0.0023284615597265264,0.0192278555104682,3
22.67,0.0071035936399499785,0.0023255919992961074,0.006801727252092915,0.010106083037487437,3
22.68,-0.004623963528866787,-0.0013295194485753727,-0.0012139262958229158,0.0049620840109898074,3
22.69,-0.003669138600177849,-0.003122615241681348,0.012144860138325489,0.013065639356510002,3
22.7,-0.0067091898408643555,-0.009121145798019308,-0.005045919654389091,0.012396363747003912,3
22.71,0.01775567620774874,0.012559816403273258,0.004769887269883599,0.022265777557627407,3
22.72,0.012220682015261683,-0.0052161955613085585,0.009216631880297092,0.01617096373964348,3
22.73,0.017510486856274994,0.017928008213224385,0.005309558399800091,0.025616831163087054,3
22.74,0.0011154577578306821,0.0008335826166899988,0.005300344675496881,0.005480215293893163,3
22.75,0.005949158113289362,0.007097897294284989,-0.004585742583216461,0.01033448901962064,3
22.76,0.014740845286867504,0.010940293133429799,0.0076380910652383335,0.01988273041454842,3
22.77,-0.00540579032371342,-0.01657809611599595,0.00041972493605487923,0.017442247816067166,3
22.78,0.014731279958301122,0.006844662942290558,4.64638840915188e-05,0.016243835104307568,3
22.79,0.006100802107855856,0.015337083119114277,0.005170645729004112,0.017296863363532335,3
22.8,0.014595747165363824,0.015087368303305251,-0.00510361694980398,0.021603504891686734,3
22.81,0.008607120812563311,0.004455156963056488,0.004164584138240535,0.01054868301220659,3
22.82,-0.02392392010283851,-0.01011533402081778,-0.003563327139488295,0.02621776565122833,3
22.83,-0.012566072629384091,-0.0005481391927265149,-0.010712593271842808,0.01652169157530459,3
22.84,-0.034871362851051135,-0.013194092204828398,-0.016021854527079885,0.040580732357685376,3
22.85,-0.031016867109135024,-0.015239670742271052,-0.01892137039886911,0.03939938917508461,3
22.86,-0.01980888689217671,-0.001931718450320091,-0.004673254189829918,0.020444139522149622,3
22.87,0.008087395311941024,0.006244718276810895,0.008572823220498758,0.013337757204952576,3
22.88,-0.0077607185043637806,0.0021474836741085263,-0.00018320743239698227,0.008054439943150768,3
22.89,-0.0013904638626499252,-0.008928756473763068,0.0039559690802358615,0.009864368874128919,3
22.9,-0.011586160271079712,-0.0016799662926432505,-0.00917075389518145,0.014871587796114749,3
22.91,-0.008041894276496386,-0.003917361320388827,-0.004138125122765256,0.009856057163008176,3
22.92,0.00554879531217186,0.008861327029261895,-0.00439081650269123,0.01133981991462887,3
22.93,-0.002780569824805852,0.008186114301256524,-0.006656357411692912,0.010911055397900635,3
22.94,-0.0014876390164890749,-0.00819481665988289,-0.0017434217569556893,0.008509266087924457,3
22.95,0.009077300274959885,0.0180643702609086,0.011277044762059547,0.02314931082711709,3
22.96,-0.008424375214300684,-0.0003708290976449178,-0.008893118101617008,0.012255413560557307,3
22.97,0.008023713038259491,0.008064328455399297,0.005575197363729612,0.012668709089778475,3
22.98,0.00967558104066335,-0.0027349523080826745,-0.0008149263833081124,0.010087662643652516,3
22.99,-0.013660024852364984,-0.014293776512079998,-0.013253186475823986,0.023802421677373137,3
23.0,-0.00534189288361309,0.003878877325618416,0.005917764850647539,0.008865745863420198,3
23.01,-2.569679690868701e-05,9.34766839814126e-05,0.00688853542110037,0.006889217550896036,3
23.02,0.0014800322859906713,0.010536314567767647,-0.003966078178031407,0.01135491947804054,3
23.03,0.012353134643892226,0.015365176437747284,0.0036125161532922674,0.020043424244650217,3
23.04,-0.005774787517430762,-0.009902549957318967,-0.001505940301800569,0.011561856370032418,3
23.05,-0.007460034090957528,-0.005369065937241512,-0.009329205245574205,0.013096299026470984,3
23.06,0.009719848763467437,0.006106511800758925,0.007465375963378326,0.01369294652848956,3
23.07,0.011768271215243438,0.015529393716304542,-0.004255308066103127,0.01994396959807572,3
23.08,0.010373567581617062,0.008023805670574298,0.001547994005544802,0.013205629377304186,3
23.09,-0.016718574696861194,-0.011997795352262405,-0.009607511200212299,0.022710396400580538,3
23.1,-0.015837585448029476,-0.007342417975448951,-0.004383865633106739,0.017998846975263865,3
23.11,-0.026636990628951362,-0.020586634517684103,-0.004435836219600453,0.03395608095023135,3
23.12,-0.03836669044236691,-0.020174809720606333,-0.023584673484427693,0.04934838098793259,3
23.13,-0.02278073475075879,-0.014388899552166755,-0.011147160950673318,0.029159243875090276,3
23.14,-0.015962848181097607,-0.0010331652395395002,-0.003804569496001474,0.0164424664060739,3
23.15,-0.0054912625780101495,0.0026450112525791365,-0.003058484769313694,0.006819411874278365,3
23.16,0.002631813477193815,0.003661063319588555,-0.00010236578634949126,0.004510022789630971,3
23.17,-0.007736242895485625,0.006523156967166547,0.0012466421481319447,0.010195839720285146,3
23.18,0.011943254327788576,0.003986051586681977,-0.005947960401746568,0.01392509117135955,3
23.19,-0.01456667247133105,-0.008610511773404893,-0.008021556437434676,0.018726297753852143,3
23.2,0.014348731423365225,0.011343609905389416,0.006645736010326555,0.019460970845887125,3
23.21,-0.010251754930593484,-0.0036599108586820583,-0.004927309120538211,0.011948715488276793,3
23.22,0.007416156428449968,0.0010520722169067845,-0.0015341270266583107,0.0076458994143756825,3
23.23,0.005924099772578488,0.005463319076439205,0.007839923540522886,0.011243096306965173,3
23.24,0.01906058662220575,0.008946739364435139,0.010171754870896969,0.023384069466013787,3
23.25,0.02390961172592287,0.0056351154607102195,-0.009344377149504028,0.026281960418737732,3
23.26,-0.005005560618793743,-0.004459550639162631,0.0012634366535465252,0.006821986601364699,3
23.27,-0.019922508951795988,-0.011567313749304553,-0.010005811761984638,0.02511623736401437,3
23.28,0.005439749285726608,-0.0041940595858501505,0.007613270141360057,0.010253920730459606,3
23.29,0.01244337995143913,0.006101365297931519,0.013501191591306253,0.019348037045133,3
23.3,0.007017261121609158,0.009430467351104194,0.0035307434055371787,0.01227362281907155,3
23.31,0.04109288469150245,0.03432405152649275,0.013824575421094384,0.05529814256406785,3
23.32,0.011424341633762991,0.01426857840336955,0.010532764031329935,0.02109613778770209,3
23.33,0.009839399386392774,-0.0010220165674905517,0.013251332987586541,0.016536508824327792,3
23.34,-0.013967886458506955,0.008401482016647446,-0.004344007999833285,0.016868822060132356,3
23.35,-0.00676199216256395,-0.016802373968964755,-0.0033822910467429215,0.01842509706146478,3
23.36,0.003744206270266424,0.001247632141315933,0.007338399338075214,0.008332332890578109,3
23.37,9.647989829327441e-05,-0.01828595861625965,-0.005103315912083743,0.018984978909255136,3
23.38,-0.00434876807013601,-0.010892655431888193,-0.0013634813234410007,0.011807658845217804,3
23.39,0.008708190756915628,-0.0008796807376036013,0.0012495668492983844,0.008841257929152791,3
23.4,-0.015453246703873238,-0.0006445668970018643,-0.0035282327119386934,0.01586400725684006,3
23.41,-0.002794465886112963,0.011598154656459879,-0.002499025526605707,0.012188985175413005,3
23.42,-0.01581854435474772,-0.009156328286939242,-0.008155975695487327,0.020014610482013,3
23.43,0.02638321706327218,0.014710188922947239,0.015278915600079303,0.03385127859728319,3
23.44,-0.01618331878338423,-0.03188778974778862,0.0010143475201684453,0.035773731182747515,3
23.45,0.01897118570808919,0.006869125134863946,0.01238024631954817,0.023671951043839057,3
23.46,-0.0075841122545360126,-0.019904992108571475,0.0015039382666592197,0.021353905962179797,3
23.47,-0.010841213480680635,-0.012921812439997935,0.001417829487999696,0.01692676540054887,3
23.48,-0.0017863329641503826,-0.0038083043744153635,-0.0026337885695150204,0.004962963821740943,3
23.49,-0.01323306999702888,-0.00755391323198825,-0.004709390706447788,0.01594848292122639,3
23.5,-0.008764825235882984,-0.007657999374711116,-0.004586819231007497,0.01251023686812473,3
23.51,0.023552139536417507,0.012831322710916696,0.01066178864114775,0.02886208336698989,3
23.52,0.010871229147070068,0.003600167843995347,0.002732950251253717,0.01177343827218165,3
23.53,0.01769623519034447,0.011269480320946993,0.0069970606701544235,0.02211598482179845,3
23.54,0.0018730617490154196,0.010036730008501946,-0.0008238224802018656,0.010243192522747687,3
23.55,0.016294854851957995,0.01685509733399823,0.0029510687253981593,0.02362891041514518,3
23.56,0.009713905424283742,0.0014870613591136238,-0.010371672016498516,0.014287858149334923,3
23.57,-0.0008235514792018332,-0.0032320124595110918,-0.00016038799593157656,0.003339141489450456,3
23.58,0.0451037649790464,0.04725742605336333,0.02963167415414332,0.07173318650144772,3
23.59,-0.01082185107640136,-0.012371066949756794,-0.001733213603712896,0.016527546327004188,3
23.6,0.005517490841513936,0.00907722616879632,0.0015852333067525191,0.010740191094319895,3
23.61,0.009615347832154368,0.014622713645382325,-0.0036333556699067035,0.017874001838206498,3
23.62,0.004861341155860475,0.003598861854951055,-0.003034872750743587,0.006767192704356109,3
23.63,-0.006009951196300405,-0.009391290211798329,-0.013651811750178395,0.01762633851049164,3
23.64,-0.010177629225789697,-0.022119373064904115,-0.0021727550731613894,0.024445279013543757,3
23.65,9.906562222000356e-05,0.004918535129087061,-0.004764242430405863,0.006848343431023949,3
23.66,-0.014320816130994628,-0.008192604562082179,0.0002440901693626825,0.016500427999878827,3
23.67,0.007230667054672256,-0.0007314430703278607,-0.010718495073974337,0.012950046010399558,3
23.68,-0.00463573819030965,0.001103833523443802,-0.005347951089223618,0.007163036916650775,3
23.69,-0.009968366224196074,-0.005854096648853233,0.0014447618038599718,0.011650154909858514,3
23.7,-0.006444459650180024,-0.010685788397605318,-0.010800399615095024,0.01650350767888268,3
23.71,-0.0011577846369520183,-0.012217875468831654,-0.008493538619360957,0.014925050904972365,3
23.72,0.009151174960609468,0.0029740051350829826,0.0004642955535448948,0.00963349781046465,3
23.73,-0.0007495556637823397,0.010928325157901183,-0.007314935527679595,0.013171879373272185,3
23.74,-0.0017077336081746386,0.0042235164976892154,-0.0034612936652537074,0.005721450822987784,3
23.75,0.008418407618358716,0.008975936001692613,-0.01001534052439713,0.015866444458509064,3
23.76,-0.017853442271623842,-0.009057666357636088,-0.001184183632148999,0.020054650624408976,3
23.77,-0.0054670424104577495,-0.010606047157241925,0.0020266262307441145,0.01210305758469831,3
23.78,0.0009715364602696005,-0.003160414669676144,-0.003148850921045112,0.004565891599775887,3
23.79,-0.0060768312184391006,-0.0037277930681572785,-0.01412429178962727,0.015821502374140387,3
23.8,0.01454908335718059,0.009702119869486653,0.0008586121688677418,0.017508402878406833,3
23.81,0.007258773285471781,-0.003393444602563316,0.007354064062425444,0.010876006349520136,3
23.82,-0.005886104943633261,-0.013034054280644247,0.0016644758260717135,0.014398030496349896,3
23.83,-0.006863248713042901,-0.005449286349969892,-0.007225985440117138,0.011358422874758542,3
23.84,0.00788862811743148,0.0015782515567391957,0.005909916459004853,0.009982406729035673,3
23.85,0.015434740119006137,0.008585066622346432,-0.0026134348706772443,0.017853980320215887,3
23.86,0.007772638514900557,0.0038762548766978298,0.0025907617437547718,0.009063735861406295,3
23.87,0.03672378907344341,0.03690496453687062,0.00840681988919977,0.05273791531742495,3
23.88,0.0017557294731389145,-0.002400902057584366,0.0025829387174913206,0.0039393513541289005,3
23.89,-0.004608699870905771,0.0006706583849883201,-0.005099145122531214,0.006905879969278056,3
23.9,0.016329336355592305,0.0029667854028719264,0.005353285394283789,0.017438655508765995,3
23.91,0.0027245471635547426,0.01298187318465359,0.000750917094653587,0.013285934860291358,3
23.92,0.013127490901603894,0.02324903409079179,-0.005220700820841078,0.02720485840042588,3
23.93,0.012610761029041488,0.005699123974141168,0.0054450829068097084,0.014871457079461092,3
23.94,-0.010108610332303862,-0.017100462617385275,0.0019830573241840536,0.01996352526308797,3
23.95,-0.014035935871078806,-0.023651999435527555,-0.005983440974188883,0.0281465120213293,3
23.96,0.0011123434568056003,0.00224812104452655,0.006616247301037297,0.007075739151864256,3
23.97,-0.017684895242982935,-0.014779083200056643,-0.010528329948790115,0.025338163933088517,3
23.98,-0.013501239776632604,0.00177595228982764,-0.004741083906486435,0.014419270392437167,3
23.99,-0.03055562101526671,-0.019022633087702138,-0.011708673350053248,0.03784969718288636,3
24.0,-0.008244056882440067,-0.011211533978416025,-1.1050363567647638e-05,0.013916288662593179,3
24.01,0.012490136118655733,0.016035402769048836,0.011164380929757318,0.02319010659252985,3
24.02,-0.003358678068924513,-0.019070942997667838,-0.009930509842811977,0.021762274948386163,3
24.03,-0.021881453137316563,-0.015532789801754454,-0.014549988214513313,0.030524870310429563,3
24.04,0.02453329094492313,0.01783207999081502,0.013944447933182308,0.033381328157344264,3
24.05,-0.006247803761525206,-0.0004081098960151304,-0.0006177385635426453,0.0062915186133907074,3
24.06,0.003824323457603023,-0.001635890961191318,0.0015544206844887013,0.004440474390157713,3
24.07,0.008832107739557029,0.00498107955988943,0.01967166766691728,0.022131240125730194,3
24.08,0.016535956328024,0.007424654386201965,0.008005966294439379,0.019815621129416167,3
24.09,0.012812716634293796,0.013028787932064152,0.007506307984555821,0.01975499132088941,3
24.1,0.006095335082001496,0.010228113392277024,-0.005369604015363911,0.013061395813961348,3
24.11,0.00786312465782032,-0.00124957643458157,0.009192744685814498,0.012161279764434917,3
24.12,-0.0005334751097879013,0.005420952220270528,0.00030963022492831477,0.005455931592625437,3
24.13,-0.0051999453625261975,-0.013239068790845637,-0.0019662533752286084,0.014358918014864441,3
24.14,0.002672647995064371,-0.00013614154129709633,0.012592011665354922,0.012873241223764232,3
24.15,0.02366767277038353,0.023704335425055758,0.009636271504336665,0.03485558751211631,3
24.16,-0.009210295721127148,-0.01018653399032688,0.0025483610690119445,0.01396743233900754,3
24.17,-0.014029017567804121,-0.013690807517055559,0.0002945573000333818,0.019604548155716942,3
24.18,0.002188366471237799,0.0030784212886213985,-0.00017598889058425323,0.0037810841741865897,3
24.19,0.010518067479072529,-0.017011874002030625,-0.0038834127201118245,0.020374358760707412,3
24.2,-0.011553925409761872,-0.01373017127342279,-0.009022074412309948,0.02008503478396598,3
24.21,-0.016692680421490753,-0.014806851065037032,-0.0008680573557742488,0.02233029201979058,3
24.22,-0.0018788632691902228,-0.003106738342392669,-0.003192813533571931,0.004834874204419904,3
24.23,-0.005212159922262165,-0.0019675005117676505,-0.009848026704657235,0.011314649764561162,3
24.24,0.010405780531983334,0.006948523804977659,0.005531390726973837,0.013680589713992474,3
24.25,0.0064626250527243054,0.014292554509358086,-0.003549333002039043,0.016082300884339762,3
24.26,-0.022942445685863594,-0.0020723621896963484,-0.015935117929371023,0.02801032814011728,3
24.27,-0.019538562001766464,-0.014525152971112343,-0.014867106473108491,0.028526589856024336,3
24.28,-0.03964136947613287,-0.03302068373257305,-0.011970593356888937,0.0529631837546223,3
24.29,-0.002517675612336391,0.008221900757369624,0.006397156910615601,0.010717367171653006,3
24.3,-0.012485565069632996,-0.010819656416337885,-0.013799491593858612,0.021526269261639735,3
24.31,0.022233992546992775,0.010461651156878558,0.01123702744803435,0.027019758610613568,3
24.32,-0.005776643811147229,0.002424078120695082,0.0004327257840030952,0.006279571646238243,3
24.33,-0.001951111815026768,-0.0012301793414964265,-0.005058427801057684,0.005559484719422737,3
24.34,-0.004711219765793015,0.0034959460931010943,-0.006975533943009405,0.00911456551666309,3
24.35,0.006287961047317702,-0.0012707094799553073,0.012667548125646928,0.014199293370820041,3
24.36,0.022644358214883267,0.01359543420224393,0.002595791496098211,0.026539422066102176,3
24.37,-0.017943503962242126,-0.005809534731375042,-0.004485000374740888,0.019386470968164312,3
24.38,0.021287272756041767,-0.0027820145863582165,0.012223165421758315,0.024704116245607654,3
24.39,-0.015558067251702517,-0.014634114201323843,0.007331521010427583,0.02258233724378917,3
24.4,0.0041592416388982305,0.011002735106372931,0.008626706611739905,0.014586964653305813,3
24.41,-0.005993990331052468,-0.00619889317643455,-0.012156033755976119,0.014903803319221176,3
24.42,-0.006414651294899469,0.004085963163620827,-0.010292174862758921,0.012797332128816083,3
24.43,-0.012027141724273098,-0.014332040584223727,-0.009601902421207125,0.02102988481827635,3
24.44,0.00773546495039789,0.007379049466549029,0.003920404620722095,0.011386718641416889,3
24.45,-0.0040913877184184325,-0.005224433891776199,-0.01233964678004831,0.014010747503553177,3
24.46,0.005888380120776875,-0.008967962074665117,0.004728443884521467,0.011724143712376636,3
24.47,0.005602286143742304,0.0012611949487133355,0.004053483209361687,0.0070290076727518355,3
24.48,-0.007292988759214309,-0.008809276607353873,-0.005933429939937237,0.012883967953974505,3
24.49,0.0024294836283560517,-0.0034455530076407865,0.008056650802489015,0.009093065950610907,3
24.5,-0.00574013328888551,-0.01105555327696079,0.0008949442057630385,0.012489007709394645,3
24.51,-0.013220084892364033,0.0019630653272793216,0.0011711538728421938,0.013416254001559127,3
24.52,0.0030612388307207482,-0.003304172743229827,0.017063224364669765,0.017647729780764305,3
24.53,0.009718298193457733,0.009422227762305252,-0.0010970696298528869,0.013580399756798959,3
24.54,0.007453932413612047,0.004211630650328729,0.006444484127004589,0.010715890855393163,3
24.55,-0.02731636209442055,-0.012471163375707691,-0.015770509265805654,0.03391787900974869,3
24.56,-0.005040976534456266,0.010340384683475798,0.001996309693127,0.011675626416345822,3
24.57,0.011234155095830922,0.020233664472427776,0.0026330780783423552,0.02329249919752316,3
24.58,-0.017520151352912107,-0.016505094447143546,-0.010077943307085481,0.026094803839824238,3
24.59,-0.0021765334888390678,0.0029640632063267073,-0.007281936784640779,0.008157792106608393,3
24.6,-0.008233641826493492,0.0036873170307820374,-0.0005850928941498537,0.009040547456170063,3
24.61,0.005771585747945869,0.0017214288868463178,0.012863425565908948,0.014203599429301038,3
24.62,0.03924061770273809,0.0355613787355987,0.011429348981447221,0.05417626559120554,3
24.63,0.00550550718867677,0.0041037026481498574,-0.009727762900783268,0.01190715565879858,3
24.64,0.0047368865435112074,-0.00693778473224089,0.006254333942152655,0.010473186915976204,3
24.65,0.03423990608900401,0.03986323819066118,0.023155848936298188,0.057425101375529704,3
24.66,0.010323378795120308,-0.006596022112419711,0.020151893566755195,0.023583436386177884,3
24.67,0.0004118196651587804,-0.010711702310739849,-0.0005479878620988472,0.01073361320933117,3
24.68,-0.012275283942186136,-0.012358045844158207,-0.006285685436448466,0.018517930077457067,3
24.69,0.01976547676706729,0.021180162259528467,0.012533423923927974,0.03156517163625633,3
24.7,-0.008662372536323844,-0.0013693580022884847,-0.009114156385311557,0.012648307630367176,3
24.71,0.0017862711094482637,0.016404777187966166,-0.0034894918115991537,0.016866654444983514,3
24.72,0.007685520665583508,0.013450000388000191,0.008911016434620929,0.017871092642488335,3
24.73,0.008371973056924005,0.007229216213577207,-0.004425087838496327,0.01191355959849604,3
24.74,-0.0207799230584954,-0.004839720375753396,-0.015394552493670912,0.026310080617756776,3
24.75,-0.015778708699796692,-0.0132905162671091,-0.01595648810366079,0.026080931415146964,3
24.76,-0.0017927808903129162,-0.0002929644445260409,-0.005169219959257891,0.005479117307889819,3
24.77,-0.024849026452848876,-0.02130504189876601,-0.013264542239099382,0.03531751699617925,3
24.78,0.0012658587671102294,0.009472581363791494,-0.001009277437491113,0.00960993428998078,3
24.79,-0.023643033848141464,-0.01941238988010927,-0.011987945427346484,0.03285642655510135,3
24.8,-0.01153347550857523,-0.018675649475731325,-0.0006231648249047216,0.021958808598061208,3
24.81,-0.01405103984201627,-0.02050519831407533,-0.007349059709505791,0.025921102545134297,3
24.82,0.0020106820144436734,-0.007541073448305638,-0.003943449211839761,0.00874422224113198,3
24.83,-0.012924771701184314,-0.005235271972727229,-0.012928298359405864,0.01901574859494031,3
24.84,0.003058337330985288,0.0007966368926743438,-0.0008649609730104486,0.003276616403196937,3
24.85,0.009805185027178968,0.00701879361465284,0.015947185744920905,0.019992945015812818,3
24.86,-0.0028222802046405627,0.0011148997016416856,0.0002856193987481029,0.003047924759433527,3
24.87,0.0023751288262903,0.005697796733006654,0.011307570276810154,0.012882828498320426,3
24.88,-0.007105755011576323,-0.007620382397681763,-0.015671567507837873,0.01881913946821586,3
24.89,-0.01029363436478119,-0.00806040065175405,-0.01030684175987925,0.01664812164076753,3
24.9,-0.010862480450854134,-0.011329617513952145,-0.01583305751506038,0.02229438101479495,3
24.91,0.007142617790056489,0.007850735555385704,0.00242009447688831,0.010886133148758288,3
24.92,8.554281278204661e-05,-0.0008318295939905578,0.002809251975167279,0.0029310671616731027,3
24.93,0.012726330214007046,0.0017892876264050802,0.01129375195536157,0.01710876571103796,3
24.94,0.004405974850324689,0.0037532781059395138,0.006418021005595539,0.008642378408197836,3
24.95,0.0017869342214843868,0.006580261393509301,0.006537948539806828,0.009446573189680119,3
24.96,0.004952449771269718,0.017514440937288867,0.0008483054852645509,0.01822092265169521,3
24.97,-0.01915802109011026,-0.02287802479750793,-0.011983803257386842,0.03215657524109576,3
24.98,0.01616323031492469,0.0009500684938765769,0.0016781174938262592,0.016277859892487194,3
24.99,-0.0006656014422903919,-0.011975940657907918,0.00904999087568555,0.01502559532170698,3
25.0,-0.00275661895941219,-0.007060087740845449,0.0034433944609578216,0.008324707346782945,3
25.01,0.019274477232165972,0.011916603417084268,0.0063433423155173085,0.023531869906685727,3
25.02,-0.005464241294759436,-0.007494572225006581,-0.0021495114205346017,0.009520868926216928,3
25.03,0.003691142142472328,-0.008991060327088619,0.007804268183527751,0.012464762252113182,3
25.04,-0.028535365154675734,-0.008545328098262061,-0.017046359782090032,0.034320082730641625,3
25.05,-0.013844000449247926,-0.024645274187583943,-0.004630130235419379,0.028644091785513342,3
25.06,0.006615683222795756,0.01877529201203587,0.001830603175685557,0.019990746925225913,3
25.07,0.002629512790424386,0.006339663136349315,0.008813240583874468,0.011170446534791878,3
25.08,3.107301979833263e-05,0.011431396886556196,-0.0018424368558047912,0.011578962556211759,3
25.09,-0.01757801979345095,-0.020260184575234177,-0.003746199107606745,0.027083128819162382,3
25.1,-0.004506664660305635,-0.006033410735868174,-0.007945977069697716,0.010947630933690583,3
25.11,-0.010988442435840667,-0.00936890859154467,-0.011539833460097706,0.01848486060670445,3
25.12,-0.0008799674465469198,-0.004239477913669753,-0.007742375921164305,0.008870845539862632,3
25.13,0.00712027512070906,0.006908997782881394,0.009076274623329087,0.013446610323666555,3
25.14,0.0005717227898138378,0.0024246516957903974,0.004136635426051105,0.004828825472343432,3
25.15,0.01262344224074874,0.001710473825280041,0.013686396011241362,0.01869744502569833,3
25.16,0.015152857983567799,0.02575791062621214,0.01061753004076372,0.031714523629791866,3
25.17,-0.010686680552758312,-0.016397355386778348,-0.004020634167401617,0.019981088659657385,3
25.18,-0.0181904434502841,-0.008802933258329024,-0.009834529749703563,0.022474470900699383,3
25.19,0.018672874055751434,0.015070362716300592,0.014567989295034434,0.02807166489546097,3
25.2,0.00822956649016999,0.00797740168909142,0.007455528015588058,0.013672951412056794,3
25.21,0.024758387874205902,-0.002546872334156035,0.006341611732556123,0.025684243578166923,3
25.22,0.012149468189492106,0.007012487381191576,0.0020879458803643096,0.014182527086460365,3
25.23,0.02686814278401442,0.0173745578190312,0.01307775528955259,0.03456587970068844,3
25.24,0.016296087779174746,0.014423548942869733,0.007426522488812388,0.022994661930342948,3
25.25,0.010810663976907454,-0.0030803165291992196,0.009624685123576216,0.014798424553635827,3
25.26,-1.2829858561067518e-05,0.002574330486583768,0.0040600167475195745,0.004807398262008749,3
25.27,-0.0030751067375651693,0.00441056448256634,-0.005965322104798875,0.008030842316737171,3
25.28,-0.01988515029053245,-0.008579577448060764,-0.015428489360601622,0.026590724608677608,3
25.29,0.007218135829631334,0.005387355599059554,-0.006636494563282675,0.011187857046557507,3
25.3,-0.012062320429458016,0.0010935709913048285,-0.005430968818313061,0.013273691798494962,3
25.31,-0.007085140014827732,0.0022242083327645382,0.007661395863383334,0.010669737499710083,3
25.32,-0.005778755338093506,-0.009606062140343416,-0.0038502812411433038,0.011853063263881762,3
25.33,-0.013152186781415182,-0.007600590272403271,-0.006041695887851411,0.016347815720256457,3
25.34,-0.0052325522697589215,0.004305905057198533,-0.0008124956926774836,0.00682499603428358,3
25.35,-0.03728530030489748,-0.012966998403299176,-0.01667534793320144,0.042853283364415344,3
25.36,-0.0077207031294242385,-0.010305815381234106,-0.010775031436456164,0.016790485101431742,3
25.37,0.0002295498491333304,-0.00670272169599732,-0.004031602600698244,0.007825151167689169,3
25.38,-0.028362015829356657,-0.028045420452910072,-0.014263817172183332,0.04236043000969957,3
25.39,-0.01443578459277516,-0.020338467791384568,0.002953248588437012,0.025115071692816196,3
25.4,0.012214529695788717,0.008760134293413921,0.01271462975989841,0.0196874705957684,3
25.41,-0.004171161808036233,-0.008059220782336278,-0.008736524603936504,0.012596685778507337,3
25.42,-0.009937357316110456,-0.0022129529283723753,0.003562095550097907,0.010785951779943818,3
25.43,0.00975858898412235,0.002134532565177945,0.01485629284663149,0.01790239440347892,3
25.44,-0.011470379137170254,-0.016935551226546303,-0.002495598442127912,0.020606079308829125,3
25.45,-0.008731497023181531,0.0016535546562971232,-0.0075469864138376025,0.011658914494833523,3
25.46,-0.006157279307241043,-0.0045915672196379575,-0.0023677654296225085,0.008037467955117958,3
25.47,0.023489535427850084,0.023297782131395096,0.019988051964644843,0.03865316478892148,3
25.48,-0.005214554928718108,-0.007597853468322407,-0.009124742000287943,0.012968418446462002,3
25.49,0.006961724472008519,0.018843009253372928,0.0006574833427266569,0.020098678804658356,3
25.5,0.02199298873203778,0.018360801209480263,0.012317250994283215,0.031185337042875832,3
25.51,-0.004867527912516382,-0.012195074629028834,-0.004290791586778254,0.01381389031474754,3
25.52,-0.014839223497552697,-0.023426200429573257,-0.01678934716072096,0.03241714976150845,3
25.53,0.031700439524685584,0.024681161602838286,0.007335092973083434,0.040839701187048924,3
25.54,0.005921107387121652,0.007669284295390862,-0.005555212641160818,0.011168608766622118,3
25.55,-0.005261278926845673,0.002078434013619739,-0.00503683214949873,0.007574339707015114,3
25.56,-0.0010470339047875103,-0.014972384152735633,0.010340449896298428,0.018226175442827324,3
25.57,0.00830389217427388,-0.008199721311173734,0.012047413674443088,0.016772901688916025,3
25.58,-0.021829556878208735,-0.029681070201805843,-0.009607480370006674,0.03807622829119949,3
25.59,-0.010105753555632554,-0.014458386200828987,-0.0006608749055656508,0.017652420290155922,3
25.6,0.004157030512351265,0.007820164489478995,0.0029284105494404816,0.009327993550019318,3
25.61,0.011280517959972092,0.008074609855264493,0.003924019720874972,0.014416911615523038,3
25.62,0.010383752924597763,-0.006301736200076358,0.004898682142212517,0.013096995482356906,3
25.63,-0.006634489208835729,-0.016753589902799803,-0.004918605106012632,0.018678648181339214,3
25.64,0.010592187043980822,0.010151768336969725,-0.0028650873174029005,0.014948630441566184,3
25.65,-0.028472703280227343,-0.010725517861258332,-0.01263122571991965,0.03294357947557612,3
25.66,-0.0049235073401977525,0.0006938955636035071,-0.007012842679407896,0.008596649232596076,3
25.67,-0.03787577468716693,-0.014027644570900883,-0.02014699903158498,0.04513591353167947,3
25.68,0.013392869139106056,0.012621401283876853,0.008786857230420123,0.02039307662256125,3
25.69,0.002932355288036775,0.014379620032223808,-0.008240888361799089,0.016831055249093715,3
25.7,0.02102744427841783,0.03415108005052366,0.0027889770160577426,0.04020233916447326,3
25.71,-0.006309273516149694,-0.00599078886313886,-0.0029038493529289344,0.00917217665381573,3
25.72,-0.013666081606247132,-0.00380421519189902,-0.013265319361892292,0.0194217027437832,3
25.73,0.01419654763485069,-0.0072726461729080965,0.0025233291748008877,0.01614932002374406,3
25.74,0.0038507495830898504,0.008574726602002841,0.006855353155943659,0.011634005137675868,3
25.75,0.020281787453144927,0.00571759796858615,0.007440471167409725,0.022347313932953618,3
25.76,0.017180907668770225,0.016994803747404134,0.0031973794811472845,0.024376836921185054,3
25.77,0.004245795021932229,-0.0005649145970286805,0.006610068293577703,0.007876478065478367,3
25.78,0.00751260300339638,0.008916629755132337,-0.007036601783604766,0.013618342584095227,3
25.79,0.004544795327944796,-0.0062466796610378805,-0.006706571035219705,0.010230066784287437,3
25.8,0.0068725522570917946,0.002008819794606102,-0.005182492163467138,0.008838866246191143,3
25.81,-0.0008239023563448638,0.005506674270573523,-0.004466259780729838,0.00713790957101251,3
25.82,0.011212176086695152,0.010753664331517877,-0.00440826859283823,0.016148901545944925,3
25.83,-0.018708547663281366,-0.028556946659078375,0.0026173229632579214,0.03423973331748826,3
25.84,-0.022893186838532014,-0.017144928568640166,-0.025905299455882814,0.038589261707716975,3
25.85,-0.006825314009690152,-0.009794550901524406,-0.0006011011965128257,0.011953219706082307,3
25.86,-0.010733757551178174,-0.015454548184360487,-0.0073010414037493025,0.020183206294577087,3
25.87,-0.011062591246005813,-0.013421314413510903,-0.004635766775242516,0.018000081645841565,3
25.88,0.008826360562144557,0.012370604935397704,0.0005183296327025263,0.01520543234665836,3
25.89,-0.0055370458588124075,0.008652923014859266,-0.0039058956179987636,0.010990358234487843,3
25.9,0.0015544160309029515,0.006028835556057046,-0.005289644545808164,0.008169663810714845,3
25.91,-0.0017870553662414374,-0.006308506430461273,0.006278237956628964,0.009077835210293267,3
25.92,0.010235437555192989,0.0075629071727368,-0.0033171700164670408,0.013151629700072791,3
25.93,-0.01502771785874508,-0.010158433248123945,-0.007745553166313271,0.019723581417958082,3
25.94,0.0004793485406754377,0.0076708193648112695,0.014532818158241256,0.016440013636597688,3
25.95,-0.0077702822983200266,-0.005224529355445465,0.0011983963542673529,0.009439764181557623,3
25.96,-0.016986053570651687,-0.0069643734458147,-0.015079448207292356,0.023757488748481614,3
25.97,-0.016587262040537044,-0.01108389721475803,0.00017455799469567445,0.019950451372394415,3
25.98,-0.002825734254871954,0.0023098089007764088,0.0006019392652396361,0.0036989623026329847,3
25.99,0.014294277521282827,0.017207545694282164,0.0036911414142169604,0.022672682320713792,3
26.0,-0.0036550754216833395,-0.01122944314622842,0.0031274238486317966,0.012216413125036376,3
26.01,-0.001181766277468757,-0.0020912971655878644,0.007392968225239794,0.007773421032516084,3
26.02,-0.002149527809650111,-0.003492387254971506,-0.005402262986684389,0.006782454122251529,3
26.03,-0.007251281587742812,0.0010942722870392295,-0.006055882751453668,0.009510637854648552,3
26.04,0.0019372576449763748,0.001209848798052638,-0.0021612957289283397,0.0031445032238896983,3
26.05,0.021544943218115557,0.009165132584534285,0.013046371343629997,0.026802836394676694,3
26.06,0.010928183165150561,0.004225454760046052,0.010207716919768964,0.015539534739959674,3
26.07,0.00031488653050588695,0.001363386929825649,0.0039549634080249,0.0041952011878251295,3
26.08,0.0016435388341635854,0.005968318862042846,-0.0050768260492789485,0.008006011033783147,3
26.09,0.008917836359783837,0.0006559617530874492,0.015353069305419485,0.017767240310706953,3
26.1,-0.003884981860830469,-0.0071994817990984426,-0.006720999878917561,0.010587608871078558,3
26.11,0.012310343866895796,0.0038223025604780412,0.0071292219454736246,0.014730253512172786,3
26.12,0.0147274022498681,0.0058475476637515275,0.0055452226126582824,0.016788081621591035,3
26.13,-0.01580645077965018,-0.01443044504272986,-0.013443574124626757,0.02527471692472706,3
26.14,-0.007279581289478832,-0.0020261908762726107,-0.0018165298964778827,0.0077715850430924716,3
26.15,-0.0003437107198576818,0.007215751527657924,0.0002963312179309266,0.0072300082543910816,3
26.16,0.009230300330206224,0.0018160813083569483,0.008366143002347691,0.012589239224039706,3
26.17,-0.038615237685833734,-0.040868269141052814,-0.017601140047407673,0.05891648440875798,3
26.18,-0.015520427871393388,-0.008565922583125406,-0.005588854660043076,0.018587469096741163,3
26.19,-0.03857418056903772,-0.039677566145759346,-0.006512888282386071,0.05571978441812816,3
26.2,0.0013510110357468925,0.011604504204553865,-0.0004987783436835679,0.011693525066819924,3
26.21,-0.007061624909417472,-0.0056433763387421345,-0.013040959872629545,0.015867604647882862,3
26.22,0.0062624224194699225,0.005946237888994374,0.00840758000989336,0.012052513481226653,3
26.23,-0.00758084659616494,0.0029013235598127976,0.0017911450442545623,0.008312347086284838,3
26.24,-0.005892830774676891,-0.006280270973932587,-0.011072772142431535,0.01402759925871876,3
26.25,0.0028795498820791948,0.005020542221763226,-0.006053412750878219,0.008375049710681396,3
26.26,0.0013581162391123037,0.004033161898326207,-0.0024209817225091116,0.004896123682850953,3
26.27,-0.004141674839394944,0.0106298097668604,-0.007420335843858848,0.013609103945174873,3
26.28,0.014341783870206907,0.026424709030100628,0.0043377143125045824,0.03037709297089035,3
26.29,0.0186261548596134,0.012586599532695182,0.006570223484896451,0.02342058857698131,3
26.3,0.0103950136703196,0.019227873733518277,0.004087910205222837,0.022236871348375844,3
26.31,0.023991709651899496,-2.207349018309296e-05,0.01842127296420571,0.030248072944929774,3
26.32,0.02558361472498653,0.015839205703837306,0.02408015456477612,0.03853901430483826,3
26.33,0.0008098736549981625,0.005622997689811686,-0.007166526078194172,0.009145113142335898,3
26.34,0.007821227951331593,-0.0058905335616543505,0.004175356915392118,0.010644416267629695,3
26.35,0.011392315435996118,0.025179526365512052,0.011699603545180109,0.030011233265214925,3
26.36,-0.01336320400938544,0.002467861760299282,0.0013992492756530897,0.013661019786231857,3
26.37,0.005685021977177209,0.001063874903831938,-0.006141405361135512,0.008436122598787626,3
26.38,0.0012497791741585857,0.01808753879572218,0.000572101445192369,0.018139688744146263,3
26.39,-0.007842746060877537,0.000804818475892059,0.0019773420453884634,0.008128116640342237,3
26.4,0.0022111205768255583,0.0034607841835509116,-0.004031692853424156,0.005755052444133673,3
26.41,-0.013850455980953153,-0.006132563004302658,-0.009962473725879288,0.018129929470930044,3
26.42,-0.022828076851400127,-0.022072213459455328,-0.004672841060716591,0.032095780771184086,3
26.43,-0.03429902916271684,-0.02267636413315142,-0.018263367472576366,0.044991015583586653,3
26.44,-0.02745184866816363,-0.025723403469832117,-0.00871981230279515,0.03861777580295771,3
26.45,-0.02218555712412544,-0.015518703049907753,0.0002550436895720626,0.027075711191816176,3
26.46,-0.007741008997005584,-0.00458157137603157,-0.002150255204498494,0.009248654713517317,3
26.47,-0.004195494327921368,-0.0012082200215324215,-0.003946574591441382,0.005885356342810764,3
26.48,-0.014989942705745954,-0.010595111804502693,-0.0027838157504888805,0.018566216809143662,3
26.49,0.0002882588509651113,0.019020232451963572,0.0027431070001865438,0.019219182389122604,3
26.5,-0.0020869773182680532,-0.014361102647325888,-0.0038887072142146785,0.015023940474185898,3
26.51,-0.015277319339355172,-0.025114604611512995,-0.006282255619254316,0.030060049678184462,3
26.52,-0.014383636930721349,-0.017084957465754107,-0.0017423589823583538,0.02240135258828901,3
26.53,0.013651271013041937,0.009414672552511692,0.00775812724268417,0.018307970883093907,3
26.54,-0.0055626905284717155,-0.007071060559020776,-0.0077866551707702954,0.011898547058081164,3
26.55,0.02335245383468191,0.005030849656229207,0.01542885795595695,0.02843758439441767,3
26.56,-0.01114171355574312,0.007465467906003034,-0.006224118143526623,0.014785487434588303,3
26.57,0.002420037335690153,0.006008983060309973,-0.00078828670889799,0.00652578378899054,3
26.58,-0.011706739482559979,-0.010855752317046037,-0.015026165916066717,0.021924433169839174,3
26.59,-0.016600750302437208,-0.019005338872049127,0.0006751168294487526,0.025243684338437912,3
26.6,-0.0005776696223506773,-0.0025603154491580923,0.003035173401243878,0.004012629433102777,3
26.61,0.016201722220159167,0.007277129620645253,0.004967765390456775,0.018442643828624244,3
26.62,-0.0005899819516133132,0.0026601017166235498,0.0035418837598075858,0.004468686654264509,3
26.63,0.013263894034172876,-0.0011178855551641376,0.01268557272931578,0.018387612910189612,3
26.64,-0.005496316227184517,-0.010117093466487878,0.002853222595087454,0.011861953947642065,3
26.65,0.019846418493659788,0.020713319592453337,0.006908311865605007,0.029506723105032374,3
26.66,-0.007953892534493998,-0.010409710419520135,-0.009265797779236501,0.016046229649180815,3
26.67,0.017847825357233154,0.017538683036978087,0.004692784645142051,0.02545923212470397,3
26.68,-0.0010190306806588676,-0.0012880977891020322,0.0016950209317296429,0.0023602363020289395,3
26.69,-0.015817932579503986,-0.013203275009546357,-0.014865363731589889,0.02540693804731127,3
26.7,-0.015305286640561029,-0.016369315633733054,0.003941071107160461,0.022753864175963787,3
26.71,-0.0017333186260248667,-0.0006691147842565053,0.001186161037005043,0.0022043334728539237,3
26.72,-0.021077047491453678,-0.01641699274582762,-0.0030252761069591745,0.02688702061026637,3
26.73,-0.004804896224084921,-0.02261347799291428,-0.007506184251521358,0.024306361650358765,3
26.74,-0.01716527957526462,-0.003081013681880792,-0.006763826161444906,0.018705315088155556,3
26.75,-0.02141741975555172,-0.01238759945967525,-0.013131701017951688,0.028010713325149664,3
26.76,-0.018064679796194593,-0.024118848321227574,-0.018965722029182105,0.03560547868755069,3
26.77,-0.025822634753748974,-0.019577910629013838,-0.007982032304922625,0.03337388035485244,3
26.78,-0.004334300073521624,-0.0057825846448364,0.005653131822072577,0.009175093552643312,3
26.79,-0.00200308933484551,-0.009060604511597011,0.013398135396898785,0.0162977591439,3
26.8,-0.011905385307801374,-0.003165033029661462,-0.0035585396239859587,0.012822590910636544,3
26.81,-0.010518754211135553,0.003921086514388716,-0.00720489556447145,0.013339026565028776,3
26.82,-0.017226986575106493,-0.015702018029762874,-0.0023129158075378712,0.02342374897830525,3
26.83,-0.005233873247021427,-0.007049221862264653,-0.006588384353115585,0.010976874164063958,3
26.84,0.009386555489349349,-0.0009956518732256803,0.0007025978457633301,0.009465325685900272,3
26.85,-0.003137244092266232,-0.02000355429437419,-0.0018349050225670953,0.020331044275793544,3
26.86,0.009199331176997807,0.009808587019653425,-0.0013658133729011071,0.013516712603136645,3
26.87,0.013910916359922037,0.024939482652212068,0.0009881565883065341,0.028573901420277683,3
26.88,-0.00718092140679792,-0.00628884312723376,0.00592665645666521,0.011235676966026361,3
26.89,0.033281906810390095,0.02184698280467471,0.009722992495590823,0.04098185649372852,3
26.9,0.01738848374744589,0.011626777250204216,0.01128509515404906,0.02376751330907375,3
26.91,0.0011982681522431197,-0.0032450136416534653,-0.004475071856068814,0.0056561672726481846,3
26.92,-0.01684803074700777,-0.02096745519561474,-0.008478020333685584,0.02820225427533439,3
26.93,-0.009596051187831165,0.013750794401472026,-0.0021713487634585898,0.016908083880901568,3
26.94,0.024449649667052632,0.02084222262414088,0.011697042507053695,0.03419070657602264,3
26.95,0.0046596341999850304,0.007987002148682226,-0.0029262441206691337,0.009698829767269622,3
26.96,-0.009109421426364105,0.011688778180293756,0.0012602454938152336,0.014872703613529534,3
26.97,-0.009629085831042224,-0.005133069176577595,-0.0035869283003496172,0.011486241671885462,3
26.98,0.01107099676851529,0.0009768252998882815,-0.005238354917255953,0.012286639872402767,3
26.99,-0.0018766878998661054,-0.010022995610663174,0.004629210511238735,0.011198749414208727,3
27.0,-0.01272372021220004,0.006456890631160575,-0.005277117746895248,0.015212904534496816,3
27.01,-0.02828071699487174,-0.013421033187543181,-0.013687362012853165,0.034165288882666546,3
27.02,-0.011035668126955504,-0.008527327774907102,-0.003413097845905786,0.014357942989674058,3
27.03,-0.0013532440229505078,-0.005329741746081402,-0.010701133984033323,0.012031279441929983,3
27.04,-0.0018703008433636724,-0.0036112844449369356,-0.005712239503896765,0.00701206679494777,3
27.05,-0.019083018833421235,-0.010195091068397846,-0.007519167574469077,0.02290500754644238,3
27.06,-0.005745964185062964,0.010627161370404845,-0.008575831801898696,0.014815449851526896,3
27.07,0.0027770390415049937,0.0014116019455984315,0.005444395157854314,0.006272639358812824,3
27.08,0.014932628666521652,0.0035908564114385533,-0.0009471524813227826,0.01538748668505255,3
27.09,-0.004780006272594924,-0.013606794332344936,-0.0031154077962586204,0.014754629026368982,3
27.1,0.022928791546718095,0.021091728126156607,0.01852142701589297,0.03624408552916747,3
27.11,0.009169595092729554,0.015071833555509995,-0.001087525055650942,0.01767552974131965,3
27.12,-0.002334337905503251,0.013073904308700108,-0.0009783982987664694,0.013316657634750007,3
27.13,-0.006270233462485381,0.01713589937634471,-0.008320355145761826,0.020054505350715776,3
27.14,-0.01942230445978864,-0.025633546478803726,-0.01801280691044209,0.03686144094311272,3
27.15,-0.004714613004253007,-0.00305005566082113,0.0015633010708809084,0.005828749913334418,3
27.16,0.02551014998518073,0.014731633918681156,0.011171142127415535,0.03150528854988273,3
27.17,0.0018251468106825581,-0.00024329275027660494,0.0012477494149530331,0.002224237137851426,3
27.18,-0.013039742933128873,-0.015771597250451786,-0.004089070672025405,0.020868604997779823,3
27.19,-0.004623660693003442,-0.000502114197942956,-0.00708740184267438,0.00847712343612768,3
27.2,0.0046424995832827515,-0.0068362508167323114,-0.005166191105746199,0.00974559685966667,3
27.21,-0.001591192060115077,0.00277982352545816,0.000388921484340234,0.0032265416355356873,3
27.22,0.0053308434747247335,0.013071951843619027,0.011278262802794098,0.018069118102519533,3
27.23,-0.005013238741561802,-0.0076048233974411366,-0.00034706063803685073,0.009115171565727047,3
27.24,-0.009936806961779706,0.0021317423979762083,-0.012957321134852647,0.016467441490368263,3
27.25,-0.005254460438011392,-0.0025942304145141464,0.015268362759723552,0.016354274282300945,3
27.26,-0.019552849455427818,-0.006116182782894602,-0.016213468646857108,0.026126579937355343,3
27.27,-0.005054278118729277,-0.001019398983014935,-0.013263961332399425,0.014230866868024048,3
27.28,-0.019933301686253093,-0.021365862399099895,0.0015890777173150558,0.02926365937753032,3
27.29,-0.010717569253760773,-0.007692294203452403,-0.009702470997152093,0.016376068645196966,3
27.3,-0.004754609126943607,-0.006855386923625113,-0.005110787372595047,0.009783802194980365,3
27.31,-0.012612616575444609,-0.0020848276736853194,0.0012829728647178245,0.012847981268656428,3
27.32,-0.007796065645334495,-0.0073490717124832915,0.006499579099214649,0.012531241879739403,3
27.33,0.0018702427311512709,0.009754598526540642,-0.00024810990916744266,0.00993536908295007,3
27.34,-0.013701784060519615,-0.0054554100210882665,-0.0017181957596114862,0.014847645658744909,3
27.35,0.01676112109377777,0.013344319816125334,0.018413883430279665,0.02825025937330922,3
27.36,-0.01682507067117129,-0.009791834904972135,-0.014657174516047465,0.024367925613191004,3
27.37,0.014897539756375405,0.018307129232816632,0.008442169191948741,0.02506706788209031,3
27.38,0.007070273036148098,0.010284481767125063,0.0008707317570224868,0.012510695416990143,3
27.39,0.009178144857682136,0.014070144826472876,-0.0031244437174140476,0.017087114063229242,3
27.4,0.0171268562777983,0.0037293871378051326,0.013290423724971615,0.02199711110971788,3
27.41,0.0063912657736540125,0.00012426146789549456,0.010054781799747937,0.011914795681942142,3
27.42,0.00938182857785992,0.006612924760631095,0.008063617719944875,0.01402752337683049,3
27.43,0.008423737977724393,0.0037770117465016624,0.007245227667100523,0.011735352708746621,3
27.44,0.017790809348731687,0.004946520267696761,0.006351496069021211,0.01952747967241153,3
27.45,0.01954178058103799,0.02370375238900303,0.010717342754857745,0.032536295138225285,3
27.46,0.00640027728783731,-0.004647058339912068,0.006240139665909184,0.01007462374611606,3
27.47,0.0010488612090112735,0.008563728396010373,0.014538262284280245,0.016905579674265193,3
27.48,-0.008635274400610383,0.008204154425932617,-0.013572448222134891,0.018057892029827827,3
27.49,0.00461550798423367,-0.0008032597577023143,-0.00157511469402865,0.004942582977574955,3
27.5,-0.005305404626905501,-0.021435522096912907,-0.003536735431381775,0.02236375244304996,3
27.51,-0.022668430245350972,-0.0196863333734021,-0.007326428075252453,0.03090446569379441,3
27.52,-0.00464944329749342,-0.009405023795246386,0.006838699612150079,0.012523562111115945,3
27.53,-0.004090843721420721,-0.01412074489457621,0.004293515051305199,0.015315505549167214,3
27.54,0.0034740622505460023,0.0057834038762903835,-0.00018873021568607319,0.006749258330459155,3
27.55,-0.007518732381109274,-0.0017386992246520333,0.0004808469155796395,0.0077321164870149985,3
27.56,-0.020368576818354935,-0.010550806559994876,-0.009852283008478324,0.0249652943333502,3
27.57,0.0038870153717054795,-0.004706903431916029,0.003282088094339219,0.0069307958183935,3
27.58,-0.033272701493542695,-0.014640531359836149,-0.008776063228238516,0.037395683025755584,3
27.59,-0.026339628992301016,-0.023693728899102384,-0.027799165644294695,0.045032904138142794,3
27.6,-0.010244180004450702,-0.015584392199514421,-0.0062266832802573375,0.019661843475740258,3
27.61,-0.009718461472708259,-0.015511765984180569,-0.010227445477872469,0.020968166785566882,3
27.62,-0.007520458830349,-0.011207069624319197,-0.008672825322869674,0.016042867875299658,3
27.63,-0.012988503601944364,-0.008205551590102497,-0.009517307002298232,0.018072394287740358,3
27.64,0.010103794415704347,-0.0013454076606503997,-0.0066790966576380775,0.012186349557198302,3
27.65,-0.0019260651979910736,-0.007861286983792385,0.0068342497556316256,0.01059323038127685,3
27.66,-0.014306670169655634,0.0026828370344944737,0.008878403985841141,0.017050058159219558,3
27.67,0.0081652332901273,0.0005705141907011557,0.004828293775524499,0.009503101699274985,3
27.68,-0.004401616711025878,0.003963253804487954,0.007723615025391496,0.009733233761192823,3
27.69,-0.005393138391644898,-0.0031107713247113416,-0.006350843018097149,0.008893595841199092,3
27.7,0.005625836972593161,0.011572003136485076,0.010528667890599712,0.01662570737693774,3
27.71,0.026240833448522072,0.020056937534487795,0.009039104041372183,0.03424277274413057,3
27.72,-0.019231789621241335,-0.013371292843304737,-0.012082077862620692,0.02635583066070063,3
27.73,-0.013504038270868088,-0.012079386941208636,-0.005091626917534456,0.01882007712959416,3
27.74,-0.005674244382028107,-0.010322379704752561,0.008342989109844932,0.01443447398982922,3
27.75,0.02393616253184472,0.01879482328134643,0.01772373164858385,0.03521811923540128,3
27.76,-0.010973816842327795,-0.012054326807085921,0.0038931660157208274,0.01675971934391955,3
27.77,0.013097960027126829,-0.006411218459428287,-0.00265822391729498,0.01482317217741214,3
27.78,0.009231034719589899,0.00923083087086378,-0.0024224413428436137,0.013277366554414468,3
27.79,0.010440013635109211,0.006456951505180123,0.0017919909625187117,0.012405536628911418,3
27.8,-0.015672931698440126,-0.007944293927332865,0.0018573610902014983,0.017669249679803094,3
27.81,-0.005178106876896702,-0.0036233833374388104,0.0018625253903741803,0.00658867956941166,3
27.82,0.0008196762702146225,0.006847378255122086,-0.010322739870663704,0.012414403593973488,3
27.83,-0.0038649365391902764,0.0009028738887628452,-0.0033909017352183367,0.005220261515373016,3
27.84,0.02485809190439236,0.016378760435153822,0.007176544018004266,0.030621745713817983,3
27.85,0.013544326779188312,0.012675399480401505,0.005292546221730124,0.019290556897050698,3
27.86,0.004914364495151707,0.0140129371319195,0.015850632105854495,0.021719942992776967,3
27.87,9.962896332722793e-05,-0.006738913471568214,-0.001100220226094276,0.006828862661785208,3
27.88,0.0019803307234342715,-0.014544047286801462,-0.0014854299619728023,0.014753220781470778,3
27.89,0.00705234224559499,0.012547151903951783,-0.0038732998333564717,0.014905334737902532,3
27.9,0.016789486701048704,0.01667228490467411,0.012598740312907765,0.02680634635864057,3
27.91,-0.012117058072672696,0.013782326061445227,-0.006188790583768632,0.01936689796767304,3
27.92,0.013472987256284659,0.010312817907463023,0.0009217299007985248,0.016991915277876267,3
27.93,0.004319139941497683,0.0009607577969839016,0.005852358618640053,0.00733676541671304,3
27.94,0.015484693095518219,0.014454418964995771,0.004794670901989689,0.021718536252160404,3
27.95,0.005485498590467785,0.010769486540309164,0.0012164889238420904,0.01214711407823911,3
27.96,0.00038662201886200363,0.00518164521394921,-0.005972635259252815,0.00791652042558987,3
27.97,0.0015345216302959166,-0.000751408156684777,-0.010880704798463375,0.011014041391019119,3
27.98,0.008764424589708166,0.01640609969121897,0.008794063929623027,0.020574518362897178,3
27.99,0.013881409611105231,0.0019140280112252845,0.008670553231178437,0.016478335151153423,3
28.0,0.002340728760251087,-0.003696305004480281,0.0028761776915064634,0.0052358456746099775,3
28.01,-0.010810737727149595,0.005103098689958097,-0.005732587813920615,0.013258062810568471,3
28.02,0.013753297388531201,0.015220732451826372,0.0027810084500114866,0.02070163987288193,3
28.03,0.003070990900675551,-0.0012039546507769108,0.0019454856032780896,0.003829543856090657,3
28.04,-0.02206900360786792,-0.014334530786803128,-0.005868007416019854,0.026962069730574433,3
28.05,-0.018060969537495954,0.003926099875461761,-0.005823035367729233,0.0193783544647187,3
28.06,0.0027948654510105858,0.0002462926426502383,-0.0030019064104147963,0.00410893843370349,3
28.07,0.005459196661277336,-0.0017226486142835357,0.008226891936346084,0.010022579376942386,3
28.08,0.009300741330068413,0.007109552545580366,0.004507308780153452,0.012544535030317362,3
28.09,-0.011758232903161593,-0.0010452962458430233,-0.00509743990866775,0.012858171676760429,3
28.1,-0.014458974413757576,-0.00704012848397873,-0.009827805610021018,0.018847045213427633,3
28.11,-0.0010365634862022624,0.007773543289877621,-0.00324007356528845,0.008485311770878556,3
28.12,-0.0184417854678238,-0.01956940131640523,-0.007061558952748,0.027801556322747386,3
28.13,-0.018157050683918666,-0.022116869060367958,-0.016184111603770555,0.03287491224285098,3
28.14,-0.005674542707803139,0.004904966217048276,-0.0050308796315308695,0.009031549058717383,3
28.15,-0.004020388780695553,-0.011913490486443967,-0.005025799791844779,0.013540806662316711,3
28.16,0.0003301699507208466,-0.008950466702356117,-0.0010938705093800937,0.009023104736044908,3
28.17,-0.0035333912859089496,-0.008303464881088244,6.26543676222216e-05,0.009024206811713995,3
28.18,-0.015307132508862722,-0.01804568768081839,-0.015268706426034178,0.02816182780719213,3
28.19,-0.005842990847373906,-0.009141443304962645,0.007482164806051288,0.013179124323157973,3
28.2,0.0012137899861738232,-0.012883131031756567,0.0003387911692052808,0.012944617830136059,3
28.21,0.0172408588982648,0.02328991479596713,0.011192818474213634,0.031063588526601096,3
28.22,0.011965505319307252,-0.0038624651511141982,0.011028205227453274,0.01672463049304138,3
28.23,0.007179340085472866,0.023292725335783332,0.014212092084997454,0.028214846075489543,3
28.24,0.014123036878288857,0.016548870532902375,0.00733405192553782,0.02295895477208744,3
28.25,0.02267481064851623,0.03783987852527898,0.004787117388445182,0.04437251331223743,3
28.26,-0.007856504654578827,-0.01116482405715901,-0.01108128513976617,0.01758331146182476,3
28.27,0.008115845439060477,0.002511590777748135,0.006371129950003486,0.010619149319291995,3
28.28,-0.012131128771622418,0.0026397660714713653,-0.00755272685309444,0.014531907414487281,3
28.29,0.006802520049805003,-0.0030051624204013895,0.01289026336858119,0.014881672282118629,3
28.3,-0.00021792852958976618,0.006645455596510483,-0.004386645506688585,0.007965690913571327,3
28.31,0.02038677286289819,0.013753154719256632,0.003147891984057272,0.02479272063405921,3
28.32,0.0164425268184476,0.0193987597662406,0.0010172506814871626,0.025450017045036917,3
28.33,0.02539386761288702,0.02907525046168386,0.025505040620360568,0.046267978114422965,3
28.34,-0.004251107462102281,-0.00692623181136957,0.007718614967198024,0.011208105048179325,3
28.35,0.00035651183910110316,-0.00571897107619381,-0.005906839241957227,0.008229488483015603,3
28.36,-0.004903986387252078,-0.013552946742379494,-0.00419561656618851,0.015011150730660328,3
28.37,0.01013968131537153,-0.004411576783586916,0.0022333731852192335,0.011281094923775525,3
28.38,-0.007116830153777202,-0.009086658241772568,-0.013708364938178272,0.0179202650292556,3
28.39,-0.01903516042567915,-0.013072115303183354,-0.009248130521434595,0.024874594450413703,3
28.4,-0.02835585271422109,-0.02410604458200858,-0.00873375779552322,0.03822871033361245,3
28.41,0.007183942609508005,0.007457249485465826,0.003702875349881229,0.010996858058643071,3
28.42,-0.0035621091224635523,0.0036467135996899494,-0.0031222125456284913,0.005977905373839706,3
28.43,-0.004382660004737223,-0.007219443957578799,-0.004318294175165724,0.00948555450972765,3
28.44,0.012932359917349426,0.005761773256756453,0.0033585912905379064,0.014550742233680624,3
28.45,-0.002334807116723364,0.008292373108404765,0.0001610653994224818,0.008616305362751932,3
28.46,-0.020258070683102692,-0.010912624426060924,-0.00047873236987414775,0.02301529891936691,3
28.47,-0.015714586167747135,-0.012156996986865766,-0.009257650494750299,0.021919053055393687,3
28.48,0.00837866806791355,0.0008303940847020855,-0.0007823524147367376,0.00845598653197998,3
28.49,0.011449380218283737,0.015348901427802819,-0.00027194290464689717,0.019150745034244025,3
28.5,0.03130243760554751,0.020020945632709706,0.025391443351728785,0.04500451376874507,3
28.51,0.006840210301703265,-0.010377583793210025,0.014227162462563515,0.018891661496353337,3
28.52,0.029849973710241173,0.004824286359225331,0.013198228248108531,0.03299223997043951,3
28.53,-0.005358238616601333,-0.009930388487639235,-0.001679876639605297,0.011408125267201759,3
28.54,-0.0003272574937033725,-0.008129004999270458,-0.0016216805829379183,0.008295641485649376,3
28.55,-0.0046339193275520395,-0.0026632846387863,-0.00875264131893158,0.010255487480335772,3
28.56,0.010695878456713156,-0.007254989574264429,0.004686601134326902,0.013747760540384036,3
28.57,0.021723698215551743,0.01572237377836956,0.000980212174566692,0.026834174429154655,3
28.58,0.004006619354648791,-0.004893234251478317,-0.003025418434064728,0.0070106987379337255,3
28.59,-0.006690787142076667,0.0036989367518084817,-0.005971945797790762,0.009701180458387972,3
28.6,0.010554319936490364,0.0014077683847730565,0.01118364331176859,0.01544180555737673,3
28.61,-0.00031511596314900807,0.006927499764436319,0.00025193667232077096,0.006939237936787918,3
28.62,0.007178031230464834,0.004475172119349758,-0.002633504638651738,0.008859268848225238,3
28.63,-0.0033873754892019517,-0.00622671873491229,0.005043738232286019,0.00869974909203579,3
28.64,-0.005021084202458939,-0.013721965132733518,-0.003011280802441072,0.014918827894418759,3
28.65,0.019096698627076015,0.006923881994222115,0.0026306790605040795,0.020482785763724982,3
28.66,-0.01888033119928533,-0.0022456399553499543,-0.004753526928216364,0.019598617891602697,3
28.67,-0.0019352043620887134,-0.0021464083187914726,0.00011743910513953087,0.002892382501924736,3
28.68,0.0014226375688008181,-0.0059156761959298036,-0.012732942740141041,0.014111943641148957,3
28.69,0.0055859867534461365,0.006372380534008698,0.0034640770394905587,0.009154797180463059,3
28.7,-0.01969114656449092,-0.0176569014996963,-0.01298201432494706,0.029462520590190017,3
28.71,-0.0009228956616058647,-0.00636134902220219,-0.0053704226409591015,0.008376152883454899,3
28.72,-0.010136284016539179,-0.01052381916722888,-0.006473825977704768,0.015981409397111592,3
28.73,-0.00382603923575447,0.004953007441230466,-0.012706835475313358,0.014164551766402602,3
28.74,-0.0065107103365106035,-0.004886876196845183,-0.004368203418614614,0.009238620522330942,3
28.75,-0.005787081482811668,0.0014913346635819606,-0.0009883785689490652,0.006057333023952094,3
28.76,0.020909624228523282,0.01110516363727156,0.004409139454016132,0.024082723174790432,3
28.77,0.016183605996468838,0.006322091231977454,0.005506227048939672,0.01822625789647626,3
28.78,-0.011174283788137972,0.0038418387159658233,-0.0047812703227564325,0.012746956060040704,3
28.79,0.003470109632946749,-0.00616269724381433,0.004365099838035252,0.008311112728125035,3
28.8,0.006200579476996774,0.0017533215360612817,0.006478200417341053,0.009137198854496256,3
28.81,0.024659899200638095,0.026157823203955852,0.007370074250416622,0.03669687095396141,3
28.82,-0.005378804966669813,-0.0075017398701970744,-0.004073043560156309,0.010089466179759317,3
28.83,-2.2270952829882285e-05,0.01478817901794879,-0.00925390708515625,0.01744492851813804,3
28.84,-0.0013376085470117368,-0.00810176887333082,-0.004538820470915431,0.009382363602478428,3
28.85,-0.016966451929846527,-0.006819520531552225,0.00025784315008506656,0.018287504872401293,3
28.86,-0.018113769684241242,0.0009659860024991244,-0.01406333429204729,0.022952541308984387,3
28.87,0.006720134362112385,0.006208257492946905,0.010043677093256796,0.013585952910899783,3
28.88,-0.007094419545203708,-0.001717076522978801,-0.009958437153421505,0.012347048676010764,3
28.89,0.0027954310885582494,0.008560664259496559,0.005452015613169114,0.01052729223404288,3
28.9,-0.021088576648763405,-0.0352257354764449,-0.008079128155642561,0.0418431931941449,3
28.91,-0.017196594142010146,-0.0006140347693148005,0.0022031458758406354,0.017348018346000756,3
28.92,-0.01019232096630477,-0.004407868125288638,-0.019206473709777752,0.022185611112937487,3
28.93,-0.024181996538274853,-0.01644325913851209,-0.015687672615743158,0.033185129196255,3
28.94,-0.010900779479670974,-0.006377919697761594,0.005083556125796716,0.013614235043499009,3
28.95,-0.011628194796283313,-0.024512168957255713,-0.004641809006653733,0.027524674967447166,3
28.96,-0.012827364110252589,-0.0017388440049102135,-0.0025056673632864006,0.013184961790837583,3
28.97,-0.02422061300840822,-0.013951312466436978,-0.015983309775997656,0.03219850004945472,3
28.98,0.00698219994874361,-0.0027655334290537237,-0.0033230923343787987,0.008212322079305953,3
28.99,-0.020627546654091906,-0.011151724022126188,-0.0020645153662700397,0.023539729253540056,3
29.0,-0.006917834635562847,-0.0004721739836964856,-0.0034755185967354847,0.007756198413664193,3
29.01,-0.005276915793684341,-0.00812432891426941,0.017087831611086148,0.019642926201808738,3
29.02,-0.0011152445881960535,0.009430734805073192,0.00038497865719621424,0.009504248419607732,3
29.03,-0.016304881693309507,-0.012402541656944505,-0.0026521116106734003,0.020656860908195414,3
29.04,0.0053600126610891035,0.0015267876447186543,0.00874105501549718,0.010366622353642937,3
29.05,-0.0046361381056877204,0.002115552038990607,0.0008707124683940176,0.005169862393459215,3
29.06,0.011610855254292889,0.0011698673452940648,0.010099739365566095,0.015433252560432346,3
29.07,0.01730003728789007,0.00838231205806601,0.01569953654737734,0.024819949504453518,3
29.08,0.00790480857096013,-0.0036499638534709493,0.0033637493127071484,0.009333972579449065,3
29.09,0.0009647256539501471,-0.0007234335744628218,-0.00296548639197643,0.003201274943682123,3
29.1,0.027149700801868158,0.016353403084135378,0.018120478301657184,0.03650879044756205,3
29.11,0.01255602008816149,0.009827101679779335,0.015411475630576411,0.022175192197383255,3
29.12,-0.0024822856512403168,0.006415585120092109,-0.005399370086266606,0.008744979806493067,3
29.13,-0.007868292705627535,-6.920104404355577e-05,0.006624320818965359,0.010285739895530416,3
29.14,0.008989404875236712,0.007323336652662568,-0.002879359547264985,0.01194702352645154,3
29.15,-0.0011398507138800176,0.009504131586843701,-0.0001770344347534699,0.009573876856376493,3
29.16,-0.012134557222595318,-0.013475563174687373,-0.01461595387179679,0.023290864935547634,3
29.17,0.00028970214697585203,0.004162810639753108,-0.010984883893579473,0.011750769928469617,3
29.18,-0.017524807224385566,-0.004946270620579558,-0.009252958472513766,0.020425515949369536,3
29.19,-0.0031399007155455613,0.012943191033749126,0.0015798639659246694,0.013411977512299762,3
29.2,-0.0023612642484085893,-0.0004833280163104609,-0.0017218970025455072,0.0029621114276033554,3
29.21,-0.016954345014431042,-0.014969054902244792,0.0036025291823813766,0.022901978867440498,3
29.22,-0.0035309991769764387,-0.00234829008585773,-0.008876418047410812,0.009837337997016589,3
29.23,-0.01716372628851181,-0.011486412238817745,-0.00774302999772592,0.022056420375316955,3
29.24,-0.008495153030505638,-0.011330518962607672,-0.008186350004065123,0.01635740234153266,3
29.25,-0.02641017628542833,-0.018331875437500724,-0.0144618821307109,0.03525196594866758,3
29.26,-0.005933969984119968,0.010031033782614936,-0.006537034035868878,0.01336287590702342,3
29.27,0.0069084499646301575,-0.008585831972280673,0.0006076738212516778,0.011036868171862436,3
29.28,-0.022469774010654423,-0.0351082812798425,-0.011003980210591088,0.04311113242527388,3
29.29,0.005943203862303388,-0.007974062477673655,-0.0049499824784957035,0.011108990551987847,3
29.3,-0.007853893037111016,-0.01295691999869654,0.002650096753599808,0.015381431158850059,3
29.31,0.01147266383414352,-0.0015072411108644854,0.012455318170908915,0.017000845330633372,3
29.32,0.02333892905818393,0.009876682549430056,0.0112676767059826,0.027734725636207425,3
29.33,0.005230886184877144,-0.004601377583186789,0.001206001624612299,0.007070310167224629,3
29.34,0.012107085856762678,0.012080740260813237,0.0037923348221111323,0.017518778969872684,3
29.35,0.011141563195025107,0.00024232129722077164,0.010732979095165313,0.01547223288013338,3
29.36,0.01903126366189613,0.004085489178685836,0.0024833847402641867,0.019622625159900094,3
29.37,0.0051741095178467564,-0.012026055811181274,0.005621609820402764,0.01424780420447895,3
29.38,0.015843105044050114,0.01905036594002892,0.00488647458469652,0.02525466399999622,3
29.39,-0.0010380815636717496,0.009990142807195441,-0.0031775819112667475,0.010534590331085667,3
29.4,0.020050438463377354,0.016070619784397125,0.00822878181182104,0.026981433485545114,3
29.41,-0.007296857378538669,-0.004089845773581959,-0.002369532753351877,0.008694000892778178,3
29.42,-0.0016089207672288653,0.004140548511192179,-0.009353708521389264,0.010354932694704791,3
29.43,-0.0053153407929509774,0.0027901846214597294,-0.008133171589158673,0.010108731773359947,3
29.44,0.0051524637112184205,-0.005632702025056859,-0.0014619569134081403,0.0077725499300528265,3
29.45,0.007955180613827799,0.0035809809796836347,0.005196976677789573,0.010154648687422246,3
29.46,0.003417200605498043,0.010227093488188536,-0.009481917367511389,0.014358880811493585,3
29.47,-0.010946077977036105,-0.012009460177187957,0.0005839019361270226,0.0162599107715212,3
29.48,0.01159868870768089,0.009381183846433595,0.014432713873984185,0.02075667169530237,3
29.49,0.007005892550511496,0.014600392571311073,-0.0017493167363250737,0.016288465327024982,3
29.5,-0.0045028674049875095,0.015987369364028902,-0.0019900021447382997,0.0167281769055941,3
29.51,-0.015337707985383475,-0.002851383633072661,-0.0009628683260114726,0.015630188427561798,3
29.52,-0.024149343121290183,-0.027048168742935294,-0.011411006260845492,0.03801322492792689,3
29.53,0.0009665251411642558,-0.004882041174635037,-0.0013654004714732419,0.0051606991122166565,3
29.54,-0.010288007259094178,0.0024973563576423143,0.000728691011023486,0.01061182702128985,3
29.55,0.006133789230228202,-0.0016808373821034306,0.01020594359578489,0.012025384372496475,3
29.56,0.008496356860160825,0.01291538332789043,0.0004370298435160099,0.015465645847673987,3
29.57,-0.007481099416299,0.008537617203193286,-0.007014624517562256,0.013344014130208222,3
29.58,-0.00023570421619823024,0.008379228225984903,0.002666727478961622,0.008796502577031667,3
29.59,0.001077593437431457,0.015099376436972425,-0.0033278617390907475,0.01549925934218463,3
29.6,0.02051835932683552,0.005252315746674858,0.0031050229682439865,0.02140633218935999,3
29.61,0.0003120239829370137,-0.015296431425586971,-0.00345036020639036,0.01568385025679137,3
29.62,0.013857977251183623,0.0034100582529369783,0.00014115392316264418,0.014272069058576286,3
29.63,0.007915507369919875,0.0055779116596547185,-0.004237403239229033,0.010569954664897888,3
29.64,0.026276758937892084,0.011087662437147674,0.021436960480967736,0.03567839112492041,3
29.65,1.7188398349412062e-05,-0.006222377568659222,-0.00783964533503346,0.010008911880274658,3
29.66,-0.004675218407264698,-0.004420130906293861,-0.0018218210819020298,0.006686871947245852,3
29.67,-0.015304926937287836,-0.014422007479822089,-0.018133922820602732,0.027768223658839606,3
29.68,0.008321316402707089,0.012495567614437722,0.013198928354576362,0.019989878098432386,3
29.69,0.007943019867020907,0.005674554613553557,0.003900819332253259,0.010512303559780393,3
29.7,0.0009669507910451828,-0.004069276884466747,0.009460921656016072,0.010344227703218457,3
29.71,0.012762626997975961,0.016565795218595965,0.000938248379007316,0.020933000958644983,3
29.72,0.01831852832000997,0.03568180698133659,0.022596166679884296,0.046036361475354254,3
29.73,-0.011038713283587917,-0.004047021204936312,-0.01200785812008695,0.016805363079166205,3
29.74,-0.006178885354558488,-0.008616191053671021,0.0005581309464234747,0.010617385867128192,3
29.75,-0.025280969480539584,-0.03098955724449204,-0.026160246673055033,0.0477895237691349,3
29.76,-0.005548198985141607,-0.006087438609206768,-0.005261988339879434,0.00977383967991161,3
29.77,-0.01487531643892938,-0.01999627062783389,-0.007113593491760904,0.02591773698735825,3
29.78,-0.012983472632877174,-0.005095495433642513,-0.005838796013125214,0.015120389353645267,3
29.79,-0.009860390662544643,0.006479741622088774,-0.007356827247777071,0.013904577039977247,3
29.8,-0.002033399379524497,-0.008343661337239565,0.0015211359583911727,0.008721539551656438,3
29.81,-0.010476143124908684,-0.012046411050032287,-0.007863867231380824,0.017796235607360805,3
29.82,0.01735702623096924,0.01784298406297663,0.016487712643660897,0.029857714381280556,3
29.83,-0.006315602414936787,-0.010302592457537991,1.1633737288883634e-05,0.012084303064451726,3
29.84,-0.020646316125777567,-0.028518555147649473,-0.017302048739147854,0.0392293161786809,3
29.85,-0.010885402407993586,0.001849345011809069,-0.002488081495063843,0.01131824244672002,3
29.86,0.007136318710401541,-0.006261428306667683,0.0028655372731215306,0.00991684592194591,3
29.87,0.009459499195612259,0.005807227905244497,-0.009664665805303778,0.014717737125776079,3
29.88,0.0030133255328393662,0.0008960280752977117,0.010477648945679846,0.010939109859009982,3
29.89,0.00456349057579815,-0.00036164084709047924,-0.004046669911991119,0.006109972807983442,3
29.9,0.008080802027008694,0.01036907707075955,0.004305290168616374,0.013833027294668513,3
29.91,0.01470968051914931,-0.0020619333005485185,0.008916122128076753,0.01732407295396009,3
29.92,0.00682981097467366,0.007473447136051238,0.003174096174669198,0.010610071468711927,3
29.93,-0.0076796816651134945,-0.01237335779047991,0.0012396847561289533,0.01461555034144417,3
29.94,-0.0014424556354416373,-0.0007722489659710563,0.004571037144244377,0.004855041431308541,3
29.95,-0.0006806827638068634,-0.00726214785858695,0.0008284639857796179,0.007340876863199425,3
29.96,-0.008779509476497353,-0.00539560653632001,-0.009687680390811767,0.014143673776540694,3
29.97,-0.01068494684075574,-0.0010083344929305103,-0.004203527004553714,0.011526251199649512,3
29.98,0.00628293386677495,0.0029025625018222314,0.009872231275491744,0.012056578179900362,3
29.99,-3.4496173842621033e-05,-0.0027679585444272837,-0.0008031338775437479,0.002882326927143457,3
