time_s,acc_x_m_s2,acc_y_m_s2,acc_z_m_s2,acc_abs_m_s2,acc_accuracy
0.0,-0.008055118220378202,-0.013536269836534385,-0.0022138950711874006,0.01590650376474879,3
0.01,-0.007517885281941631,0.01347163993000748,-0.010128732362490284,0.01845521337690693,3
0.02,0.01329799294443276,0.002799093123680092,-0.003314900809962216,0.013987855662863582,3
0.03,0.007861149063365096,0.001071670861466323,0.0001619170131906245,0.00793551259534773,3
0.04,0.00594843821869986,0.007363540958978301,0.0012437403669728155,0.009547384081342801,3
0.05,-0.007122782306591669,-0.01529171495943708,-0.005567397527713707,0.01776419121208055,3
0.06,0.004824032547510707,-0.009617479681894596,-0.005766985751563569,0.01220759313336725,3
0.07,0.00205738196425809,-0.007633906991034583,-0.0009739210402468392,0.007966045360607523,3
0.08,-0.007471943096465117,-0.0064239340218779,-0.005369920520760192,0.01122198326293238,3
0.09,0.012794523678897222,0.009822095029352423,0.014850260891801612,0.02192495462914493,3
0.1,0.012423785167849668,0.013810833642970446,0.008591093630283778,0.020466960047231933,3
0.11,-0.014795635022303626,-0.006933391689268084,-0.017574389373852774,0.023996705980067735,3
0.12,0.005723129756676552,0.01718339021176413,-0.0014478985170222826,0.018169191602740702,3
0.13,0.026644740657033122,0.019125712446008733,0.015420943700494415,0.03624280046935923,3
0.14,0.010481197600937651,0.007615123949641993,0.0016738936675408734,0.013063213078280003,3
0.15,0.026390102432491826,0.011158807435285353,0.00715429081977932,0.029532022736500275,3
0.16,0.011371410844097023,0.007942122208004644,-0.001814503726145016,0.013988520776848498,3
0.17,0.01310529373537959,0.0031154264042805883,0.006203402664782561,0.014830266693235814,3
0.18,0.004253122470359557,-0.006685616939459459,0.012650497428329868,0.014927210382159328,3
0.19,-0.0037730197646812062,0.01190846647938839,-0.007233071262944593,0.014434838825917898,3
0.2,-0.005238215341806172,-0.013724631180340507,0.00462665558270634,0.015401634422505169,3
0.21,0.016238538992855957,0.0260171544818132,0.009877664515275515,0.03222034655663047,3
0.22,0.0008620765923294509,0.009933070727806147,-0.0030593610141254213,0.010429226239246718,3
0.23,-0.003194153050731321,-0.0028982995234565104,0.0015190293091392993,0.004572767639098739,3
0.24,0.02173103158045725,0.0042679030980490255,0.0005339070174317766,0.022152602264935595,3
0.25,0.023496066674282272,0.015120942096667263,0.014565274985550858,0.03150960606636959,3
0.26,0.0016670535469608325,-0.006731189479655591,-0.0003462136728758922,0.006943186822111804,3
0.27,-0.020200233821686765,-0.001233616085031355,-0.009551222752562774,0.02237849662432977,3
0.28,-0.00378402457577627,0.0024192665723762503,-0.0014794268612517223,0.004728678100282259,3
0.29,-0.014739081274162404,-0.002155472657898422,-0.0010613154010837358,0.014933618769939523,3
0.3,-0.017650174268336708,-0.014551727440469961,-0.012925592244270243,0.026274557238315562,3
0.31,0.009740876186716069,0.006268696345188613,-0.009141121432181744,0.01475606057831851,3
0.32,-0.019625878424936544,-0.008993302304440003,-0.02333859709602057,0.03179221138423396,3
0.33,-0.014163180804141019,-0.012876593148583635,-0.008633868869494458,0.020998715038319966,3
0.34,-0.009282489562778808,0.005608063785656258,0.009265872640697705,0.014264339721862942,3
0.35,-0.020160999879314308,-0.018639378718090828,-0.011422966139003182,0.029738468530557217,3
0.36,-0.014347852225181017,0.0008837030622058338,0.0022148212380150127,0.014544663203187147,3
0.37,-0.02014935599949706,-0.021351118420730057,-0.013380322645438997,0.032262979389798364,3
0.38,-0.021995105669671708,-0.019744912698378157,-0.005359523769343027,0.030039486445689323,3
0.39,-0.009275452186486429,-0.008746756789081747,-0.007896932333422162,0.014996709901501459,3
0.4,-0.008149585880565094,-0.008940898137062933,-0.011915720498997431,0.016980571384151624,3
0.41,-0.02252530496050751,-0.021881202123558253,-0.01002207473920144,0.032963894673020876,3
0.42,-0.021306860715870148,-0.031442328872944084,-0.00829626766034562,0.038877119435626405,3
0.43,-0.02053063951321638,-0.013291877014615896,-0.007896167924893506,0.0257007902853479,3
0.44,-0.019971802402311965,-0.019884843092738993,-0.0024819285283194954,0.028292045617797412,3
0.45,-0.006281115580268726,-0.007871569629920033,0.00044683579194600967,0.010080361283026416,3
0.46,-0.0009424294593627005,0.0043947593500202305,0.0073579150469774346,0.008622122526907272,3
0.47,-0.0083094550616232,-0.01179706409334806,0.003991187688939032,0.01497155114916407,3
0.48,0.01222341713685078,0.007963965252784967,0.005290975833695753,0.015518733657156955,3
0.49,0.014128339722327065,0.003853002558068597,-0.004503270600292133,0.0153210658285063,3
0.5,-0.020354064004861564,-0.0009219396592830935,-0.011840075943073056,0.023565340918117385,3
0.51,0.0022101452715303964,0.008197282168259705,0.003955947914180633,0.009366413452706793,3
0.52,-0.018180028178501537,-0.013065744048686078,-0.00743255799882285,0.023589616582783857,3
0.53,0.004185691664145308,0.003302586029442919,0.012272733219332749,0.013380847127969166,3
0.54,0.015376087879937304,-0.002948673892956456,0.014879524131766565,0.02159905078021674,3
0.55,0.008708290188354178,0.0008048459182843264,0.007744817217986429,0.011681793042884454,3
0.56,-0.0040642362446428534,0.009192713115519991,-0.00022127561671999533,0.010053504541953355,3
0.57,0.019171879272443966,0.008655892143764027,0.006826389975113724,0.022115266757015965,3
0.58,-0.002057686008933586,-0.0026750589337118597,0.0035871619098928084,0.004925214977843961,3
0.59,0.009723240580597857,-0.00677216698855498,0.004122676738394965,0.012545920316914249,3
0.6,-0.0032241415912101917,0.0015370088559476468,-0.008149530616253339,0.008897883708426594,3
0.61,0.011328228088666025,0.006779865034525705,0.012052013655203565,0.0178758595502549,3
0.62,0.004506859343283201,-0.005733057750999774,-0.00959123567333641,0.012048715037626152,3
0.63,-0.012564023431968897,-0.019768353788600417,-0.009856717777243127,0.025412543785511846,3
0.64,0.003017039495605071,0.01837713895343613,-0.001086210557428701,0.018654801441103843,3
0.65,0.015422507448618722,0.00671487076623894,0.0012669608275460336,0.016868562924817466,3
0.66,0.021061057545703255,0.00911051033601417,0.0039355683278754095,0.023282144265282374,3
0.67,0.0017864087664715474,0.007025353872684763,0.0018384411255291757,0.007478416883900641,3
0.68,0.018037415561643948,-0.004034572118243264,0.005228790788478143,0.019208497740073664,3
0.69,-0.0013042980790935578,0.011095332384887847,0.002363862306820231,0.011419082240525008,3
0.7,0.028862619839768767,0.01605101560549735,0.013514290754384697,0.035683637434782076,3
0.71,-0.005217596616729884,-0.006192063340140589,-0.0019441931732471684,0.008327355520099106,3
0.72,0.0030216655634052294,-0.00493998823381084,0.005016865268702455,0.007661780710224715,3
0.73,-0.013114165443059485,-0.009315899957452096,-0.011703189423588958,0.019893013094290066,3
0.74,-0.002286541590118928,-0.007586378500858558,-0.01305368955584932,0.015270239756536966,3
0.75,0.006416585878669532,0.002779998958526291,0.0072293920462283,0.010058085200763489,3
0.76,0.03204472848215008,0.013696621785218929,0.013265009245438882,0.03728837006498988,3
0.77,-0.010788433888320315,-0.0069932313669203786,-0.001966717874980276,0.013006289629010428,3
0.78,-0.029694460602815283,-0.024562023852784932,-0.029486132711918092,0.04852304636501887,3
0.79,0.00944109744887231,0.0072682766529214475,0.0006814597531038741,0.011934259672791046,3
0.8,-0.004758666235802848,-0.0065684533642853225,-0.0032513833155283396,0.008738476835642313,3
0.81,0.009994914511677782,0.019469389437878893,0.005346556903904977,0.02252867310576083,3
0.82,-0.020169725734128778,-0.01599214965762094,-0.0029187204996921874,0.025905320229965226,3
0.83,0.01693428463505676,0.01681845577849089,0.003799161225057738,0.024167417671074318,3
0.84,-0.014724221533404455,-0.011467045962505789,-0.01925222889094918,0.02681313409768597,3
0.85,-0.010191405983756747,-0.0010344619870043753,-0.010256155606029486,0.01449564056340388,3
0.86,-0.0067382765129845625,-0.009832529294605166,-0.005106693377772544,0.012967702955778024,3
0.87,-0.02155259879746567,-0.018342957041638425,-0.007275694923161379,0.02922181247922222,3
0.88,-0.012043087391806512,-0.00869004043944984,-0.003342625175318707,0.015222545773576672,3
0.89,-0.028065965517203893,-0.03682661302013322,-0.01966362848153328,0.05030463330556432,3
0.9,0.0002249761051151362,0.0024943837492816564,0.006067304529878979,0.006563897378451553,3
0.91,-0.012173425415313695,-0.01500688766206461,-0.014743451518998234,0.02430572620468444,3
0.92,-0.038034170166646654,-0.030114330456573465,-0.0021695718253743005,0.0485610753692564,3
0.93,-0.009983065161927459,-0.0004885808050456089,-0.005830693135783854,0.011571399382703273,3
0.94,-0.0011387346397166579,-0.0012499936960260669,-0.007641663599597101,0.007826507739036797,3
0.95,7.312070858020046e-05,-0.004403906387906335,-0.0027050755711108994,0.00516886563540652,3
0.96,0.017803782243342114,0.013980125518728168,0.0020091131019779676,0.0227256486627836,3
0.97,0.000403198247550064,-0.004969651982446936,-0.005412309424248716,0.0073588791916485265,3
0.98,-0.0037676893451203688,-0.0031609270954333834,0.0026620803448361907,0.00559228172272657,3
0.99,-0.0013747587529843708,-0.008843270777549244,0.005628204922685966,0.010572137453027656,3
1.0,0.02087323074089365,0.02188341607127032,0.007172404001315513,0.031080846829985288,3
1.01,-0.008934761987332649,-0.01613767420859897,-0.005245341340026955,0.01917728099618297,3
1.02,-0.0019656936000468197,0.0017794083928336184,-0.008319304248461156,0.008731613180633667,3
1.03,0.012957339232923366,-0.006829884765415179,0.01214186103783444,0.01902537135952903,3
1.04,0.0074600212807041915,0.004400254464703854,0.0001000382228758148,0.008661649064049048,3
1.05,-0.007334872298488022,-0.002297151120856833,0.0024683136741051504,0.008072783119900796,3
1.06,0.009322939645654518,-0.0014946464690557167,0.005314713922559874,0.01083500603519118,3
1.07,0.028276694653320122,0.023145174492794195,0.009576753021293457,0.03777545183382784,3
1.08,0.0064002669396510965,0.00422923511077749,-0.0038180351915880727,0.008568969555625043,3
1.09,0.00257079775710349,-0.0015909075539247424,0.011388682771822959,0.011783127056527915,3
1.1,0.00788009174121803,0.006455576438592,0.006531851289355633,0.012101049304534447,3
1.11,0.005646491371330017,0.014171617710679308,0.002246222408128501,0.015419569658421806,3
1.12,0.03427035431573189,0.025854607783991703,0.02175319980937312,0.04812608056487001,3
1.13,0.01826669119633826,0.003400744118450944,0.00932426148518736,0.020788913393097505,3
1.14,-0.017744122035783946,-0.019990814209846247,-0.010357758440873993,0.028666525417512332,3
1.15,0.0228295305689644,0.008789458144449556,0.0013197564947656816,0.02449864889494494,3
1.16,0.000718037978971838,-0.003284949298728447,-0.007561321824012049,0.008275267860362187,3
1.17,0.008583459184704448,0.009093414454340693,0.008776987797966478,0.015277482541948847,3
1.18,0.01652080431854665,0.016455332373101803,0.003843919137357534,0.02363240684262831,3
1.19,0.021679177051403504,0.01870398095952256,0.003977076020221653,0.02890748614167107,3
1.2,0.008178086607782855,-0.01987330342365599,0.007864283061847579,0.022883973378982,3
1.21,0.0027147911261695074,0.004661854542871907,-0.0009953124175960438,0.005485765711935301,3
1.22,-0.0032740950141300156,-0.005603980754049522,-0.004382868821494438,0.007831592274865726,3
1.23,0.000349426838286317,0.004961764814930764,-0.008336289475735177,0.009707467816956838,3
1.24,0.021294312817345142,0.023747020910115657,0.002366511055028213,0.03198388867917706,3
1.25,-0.01929051845997259,-0.025883492183070372,-0.008787813372688384,0.03345601491389567,3
1.26,-0.004886372851772855,-0.005164113418591765,-0.0029059370210304507,0.0076804411993594245,3
1.27,0.005170474754065383,0.009649307987124503,-7.307855389222621e-05,0.010947524573521229,3
1.28,0.021378716674093228,0.0177131663703181,0.018854324643501896,0.03356026440980885,3
1.29,0.017500704602339226,0.020887229161541676,0.007574885569095768,0.028283031927464737,3
1.3,-0.0020264795128925673,0.007648860553248357,0.0010698881258595886,0.00798475720238677,3
1.31,0.0029038108458487068,-0.0003176669197268371,-0.006468401159379742,0.00709741102508672,3
1.32,0.00488498222466091,-0.002979121522696951,0.0009814412554735657,0.0058052944214910225,3
1.33,-0.010763295494906639,-0.01423298723251298,-0.006452835692614274,0.01897539311707222,3
1.34,0.002876780412735107,0.00908700465639525,-0.0022099974117501435,0.009784355253586598,3
1.35,-0.013426129167149067,-0.00420467377737728,0.006405461900780659,0.015458659972633062,3
1.36,-0.022948248305513563,-0.01389838666873906,-0.011720157346675898,0.029277112912924504,3
1.37,0.0007496882541030009,0.00023292064566173112,0.0017555955013540331,0.0019231224791702692,3
1.38,-0.0070442130233325136,-0.0010518754495002602,8.256341660377786e-05,0.007122794100429273,3
1.39,0.004618109066969661,0.0041129606730583666,0.0009616471176122799,0.0062584456561804655,3
1.4,-0.0019268348994518772,-0.004671313512430166,-0.0011905086512899593,0.005191451965486594,3
1.41,-0.01473284670432801,-0.0006504444105317232,-0.0019891872844246834,0.014880749846595013,3
1.42,0.01162092841522289,-0.0014055640120475832,-0.0030927096380478584,0.012107288727414251,3
1.43,0.0046721545304888,0.009979196059861547,0.011290384478240103,0.015776126382113207,3
1.44,0.006665124413515053,-0.004492651607139592,0.005086811065498687,0.00951227883983897,3
1.45,-0.0151045073069093,-0.008214832363176704,0.002061926682256886,0.01731707692951021,3
1.46,-0.00891926003489444,0.0027939385994643203,-0.00021962450359868865,0.009349199291395107,3
1.47,-0.005794836638507937,0.002168996097960174,-0.01338216692701121,0.014743373677769721,3
1.48,0.0010948343900079077,0.001542763074207829,-0.004898281478652136,0.005250899131462128,3
1.49,0.027384546446263255,0.004917239741970916,0.009766826350772008,0.029487006082573083,3
1.5,-0.012890870946596873,-0.017387519924437538,-0.014830293699370719,0.026238102334088922,3
1.51,0.0049858912255397545,0.006691700729869191,0.0009903090909693913,0.008403492254218051,3
1.52,-0.006635050157154242,-0.007075816557818988,-0.010310171475028143,0.014155942440980108,3
1.53,-0.004832789409275313,-0.007978118263570817,-0.004214829205922369,0.010235771086587568,3
1.54,0.002594891557769146,-0.02021253109204317,-0.004247106208902182,0.020816286568288038,3
1.55,0.012771420171000504,0.006061010303779533,0.00439257379580139,0.014803368658461536,3
1.56,-0.02178275995456787,-0.015089192014026585,-0.0028823946959009254,0.02665484094976834,3
1.57,-0.009853528578506618,-0.01171884045575741,-0.009143336063798508,0.017833222968675674,3
1.58,0.0017996755348670254,0.0010039176496818155,0.001884553338484648,0.002792530029155498,3
1.59,0.005553628471582975,0.00031419508412259666,-0.0031072112213765615,0.006371520173829184,3
1.6,-0.0029311481377860393,0.003018621677844616,0.0017189000832324452,0.004545142872972918,3
1.61,0.0038341424747786266,0.0011504353700248933,-0.002390035122087719,0.004662233149716854,3
1.62,0.003201850224130675,2.5529295649374603e-06,0.0037224962972807786,0.004910074343478327,3
1.63,0.014324948112405927,0.008734954349811499,-0.005262286509570906,0.017583947941950492,3
1.64,0.010437285223987363,0.0027098389190859905,-0.0035315990612732042,0.011346908907003872,3
1.65,0.005670773984157395,0.011681917336989766,0.0053869840383740635,0.014058608298027062,3
1.66,0.02013022007556459,0.008716259965752957,0.016408380277843568,0.027394048467205008,3
1.67,0.015333864100992052,0.01601056306071911,0.012544580023598557,0.025472181016894174,3
1.68,0.001031457105501734,-0.006230613858870983,0.0016925058594892692,0.0065382741532648125,3
1.69,-0.01252591238965764,0.003999405828615651,-0.00970499614503335,0.01634260316933798,3
1.7,-0.00011044003805986457,0.018972741838762144,-0.0077656946990400325,0.020500808375306098,3
1.71,-0.016093750059198372,-0.008059974126500958,-0.008407693868078301,0.019866083913724263,3
1.72,0.007232981244949694,0.009268943021470435,-0.003411943485303457,0.01224216814016064,3
1.73,0.02243683172161696,0.014991444415431312,0.00705110111365902,0.027890371999673425,3
1.74,0.0029837195445442354,0.002566076877009978,0.003814994144799611,0.005481013882857428,3
1.75,0.008131378905013269,-0.00084692172202967,-0.00015075969415748788,0.008176755333597976,3
1.76,-0.015097588769786622,-0.01877316263337031,-0.009680719706628971,0.025963149962184347,3
1.77,-0.002432015255124737,0.0018388472731206609,-0.002612731395808366,0.00401527369449026,3
1.78,-0.007440672900951399,-0.012199941319648976,-0.0009494193252822672,0.01432143772381287,3
1.79,-0.016552159815845208,-0.007007754513101514,-0.009672219388359014,0.0204116252606627,3
1.8,-0.008585717707513546,0.0006034242686172638,0.003159956035361927,0.009168641750362383,3
1.81,-0.02089631747512427,-0.004857854482725332,-0.004958261344861564,0.02201906423444164,3
1.82,0.0028911548432822426,-0.005125650233167952,0.008426524993972895,0.010278005162221847,3
1.83,-0.01349568300658303,-0.018417643252928086,-0.004011082989249142,0.02318257599044906,3
1.84,-0.01819170282102244,-0.007748930636073048,0.0009502935910183103,0.019796136881730177,3
1.85,-0.005561732682047784,0.0014534825713579383,-0.001555596632342695,0.005955280253216943,3
1.86,0.0007876713714429617,0.0055069954684313135,0.0032211445776969376,0.006428312194436439,3
1.87,0.004681652855181177,0.009128216251927024,-0.007797217904173843,0.012885604853616296,3
1.88,-0.015428712139464874,-0.018256445932140028,-0.004847725362801713,0.024389411996782004,3
1.89,-0.00646695882190891,-0.004910046064785741,0.000573764511481173,0.008139982461726723,3
1.9,0.006837068062526876,0.0025836124524017145,0.00533790870065722,0.009050625519398219,3
1.91,-0.01763356839245088,-0.006378662545888607,-0.0030029543765482504,0.01899072945184558,3
1.92,-0.0033992970949237224,0.001716243088670715,0.0002472583170693094,0.003815998919591933,3
1.93,-0.0025587055488780876,0.002262698805341296,-0.0019425411106572174,0.003929407835303663,3
1.94,-0.014340513085246111,-0.008129851455356427,0.0012320063926336772,0.016530657578746413,3
1.95,0.012001209669692902,0.009115011094117066,-0.0013165400868377607,0.015127648151053039,3
1.96,-0.004081604232597072,-0.005666990123653464,0.0026221614901900192,0.007459892831252724,3
1.97,0.016156939485248344,0.012650740691565155,0.0069135853594280835,0.021653766325914245,3
1.98,-0.011127911171240526,-0.003544757895546995,-0.00265961229707938,0.011977865132979179,3
1.99,-0.026786055352561854,-0.011001146901260604,-0.015400420909962548,0.03279772795023513,3
2.0,-0.0031792847199048307,0.0072520336169732864,0.0019874269271606547,0.008163927284263024,3
2.01,0.009437055694141671,0.011062028598555956,-0.0018007798593121021,0.014651597352893155,3
2.02,-0.0008024880797414197,0.009230131966515455,-0.0028855451682914444,0.009703900976188269,3
2.03,0.007152365520632846,0.010331815295133509,0.004619809188665945,0.013388255180312877,3
2.04,0.006245357824827882,-0.007931375420116162,-0.0021988073618006585,0.010331793853405635,3
2.05,-0.0036202427532155837,0.004073411111675751,0.004611628670155564,0.00713904438061105,3
2.06,0.04111486951698231,0.020582992234090103,0.024554331574821335,0.052124919796517316,3
2.07,0.006522602831808493,0.016021050607164838,-0.0007570725758327805,0.017314490149696327,3
2.08,0.00024138809985044599,-0.01592121662667971,0.004176826986068202,0.016461752359939068,3
2.09,0.03999282166093709,0.011497878369796818,0.014660301596943443,0.04411973973544611,3
2.1,-0.003078275854730146,0.011401073833691728,0.007614430329712773,0.014051327910384647,3
2.11,0.00924880063638636,0.021619094151322092,-0.00931434360483481,0.025291946186963885,3
2.12,0.0006356988543559814,0.00980145211973573,0.004975572728390879,0.011010399659613115,3
2.13,-0.0075252944929229525,0.0060343110812575715,0.001651963795877095,0.00978631451637914,3
2.14,0.017778429911299933,0.0023140493497175417,0.003949633833840871,0.018358295180254426,3
2.15,0.006179508097128129,0.01273888823296394,0.005163438720042396,0.015070723046690637,3
2.16,-0.01000364423594817,-0.013961240606800904,-0.008290819152935223,0.019071623410372884,3
2.17,0.028250943448865973,0.02878581614901491,0.008744611196665687,0.04126993145253287,3
2.18,0.003757869455615262,-0.0008426521564176108,0.007575724065188217,0.008498425772696569,3
2.19,0.018232248970317787,0.01197836809830779,0.017080644869954746,0.02770640059603057,3
2.2,0.01815215466634161,0.02082188437464758,0.002854834748660654,0.027770517989121862,3
2.21,-0.01811379117878066,-0.012971727359083031,-0.0020139228783563516,0.02237031575340014,3
2.22,0.008473213954672543,0.009961244798261881,0.009329281646177965,0.016064160379125638,3
2.23,0.011292660709689154,0.0024349676679911152,-0.004132452291797047,0.012269083722605281,3
2.24,-0.0006490040888492226,-0.006251689437717965,-0.004230416407672985,0.007576361271436716,3
2.25,0.00932213093240702,0.004390492237994191,-0.0016213888362581006,0.010431080910968404,3
2.26,-0.00977025858686734,-0.015460200529262606,-0.003891097152778623,0.018698031722928183,3
2.27,0.014373866499400218,0.015471899974086125,0.002021395065438694,0.021214942021162492,3
2.28,-0.01156840912835808,-0.005462724536166305,-0.005208888244083549,0.013813108479211467,3
2.29,0.012949016033793205,-0.0016657411266241783,0.011285139479049472,0.017257058926884433,3
2.3,-0.0008989279208828855,0.011066087322531611,0.002487155236406728,0.011377710719069239,3
2.31,-0.001984860894222136,0.01047603183298698,-0.0048259961231984505,0.011703723950789993,3
2.32,-0.022666133987762023,-0.016239177436781917,-0.004738181578879654,0.028282766456782515,3
2.33,0.01087196137282241,0.0034724095491424287,0.010426474717701443,0.015458607544277247,3
2.34,-0.01807174752383072,-0.002579884781919903,-0.0022988374295165107,0.018399144479578657,3
2.35,0.013905721831826598,0.002646300194446027,0.011427759494323422,0.018192462489816024,3
2.36,-0.002194345393867739,0.011306207792175539,-0.008109148043418996,0.014085587255685351,3
2.37,-0.0008723161651380193,-0.000643545225966635,0.004507552608296579,0.004636066917807252,3
2.38,-0.01179100123484589,0.0025186776121919312,-0.007293027177537674,0.014091121050029954,3
2.39,-0.009725961823755201,-0.0007008383096279288,-0.00649828866520542,0.011718074215062942,3
2.4,-0.02446880441119,0.0044512001295692015,-0.011091538533403047,0.027231558878340268,3
2.41,0.006585347025061984,0.010917535422003903,0.003261938951104266,0.013160532696358983,3
2.42,0.0021072973313153915,0.017104249849530843,-0.010024695982577275,0.019937166160235657,3
2.43,0.01793861624101665,0.00880642239501198,0.010951380520609828,0.02278771079659006,3
2.44,-0.0038095555172633334,-0.010218271683558273,-0.0010464931092108672,0.01095540675948393,3
2.45,0.02530667623154045,0.016055040641728347,0.012539262832421778,0.032487309895959646,3
2.46,-0.010755150565662772,-0.006486645506761243,-0.013545223713091348,0.018472220198399385,3
2.47,0.006176995263414182,0.005221942358647073,-0.0022277825676946944,0.008389694133292236,3
2.48,0.012024290061654896,0.008581845594973587,0.0029999864350284786,0.015074201269491366,3
2.49,0.01077389106783045,0.010345167748178915,0.0069817134790944625,0.016487678659641788,3
2.5,0.0008659820485755112,0.007072265917220549,0.0053464291473420055,0.008907927634409847,3
2.51,-0.010099181822972455,-0.01724052735448884,-0.008702520107613358,0.021793648459534028,3
2.52,0.0073815154725905725,0.0040709628424240585,0.008052396584390772,0.011657641266088075,3
2.53,0.0011626010366123088,-0.0025169280089510303,-0.0033638179908426495,0.004359109914660434,3
2.54,0.03101350934359639,0.023583559254213318,0.011064057309156028,0.04050228873832465,3
2.55,0.015132217546951652,0.01006952614285006,0.005865669366045864,0.01909935710283415,3
2.56,0.01043770319310401,0.018234217118326887,0.0015840144382522356,0.02106991750354544,3
2.57,0.02650169862485475,0.022384936013835132,0.013835675449027375,0.037347708169002014,3
2.58,0.01828470324439376,0.02142608698219823,0.0040010212810901525,0.028450232817957825,3
2.59,-0.013963291672653505,-0.011652503297745226,-0.003406231835184601,0.018502885254861823,3
2.6,0.020737026530575804,0.021709121302199926,0.009761367002587501,0.03156888504212081,3
2.61,0.013860146005272656,0.0055596331755703495,-0.0014461787100238542,0.015003486301380231,3
2.62,0.012780030731908032,0.0012475222937931322,0.011006156288012266,0.01691215461194039,3
2.63,0.0070353293927504085,0.015730070473833197,0.0054637073622203595,0.018077142332687368,3
2.64,0.00031248410567379613,-0.00019597794571602333,0.0014502411134360304,0.001496413364884851,3
2.65,-0.006971788468650713,-0.005108540626249781,-0.006510622838582331,0.010820870183489192,3
2.66,0.014627031715894846,0.003965105591849158,-0.0025359883920165124,0.015365655088435041,3
2.67,-0.001990923399459828,-0.008983048044096983,0.0011821348458052787,0.009276657314935072,3
2.68,-0.005399630441265375,0.00921282456383645,0.013515149021074929,0.017224732172319273,3
2.69,0.038639136044595596,0.03532561730858397,0.0018600244625416006,0.052386465461095454,3
2.7,-0.004950538969920866,-0.010468947038303516,0.0032993317126239832,0.012041273933161532,3
2.71,-0.008054459119267976,-0.011532453253727214,-0.010257037305915448,0.017409152881409932,3
2.72,0.006062655767895662,0.005932697233836143,0.00630577384858725,0.010569554165521477,3
2.73,-0.00619904959370669,-0.007601952597239776,-0.009029234553958366,0.01333210320190747,3
2.74,0.014376396517332878,0.003913440966935826,0.010236355729238004,0.01807702341760878,3
2.75,0.0021129657420266845,-0.004469771411286835,0.008072915341051668,0.009466543339568189,3
2.76,-0.003208118345934034,-0.0038187743720573195,-0.0011441584133072978,0.0051170459740891685,3
2.77,0.003649430992178267,-0.008669832911117517,0.004540406745395672,0.010445077438056753,3
2.78,-0.0013889490427179815,-0.007349640985486646,0.0008020821106126087,0.007522615088583031,3
2.79,-0.01603130372775282,-0.0025074925234835985,-0.011732569638119248,0.020023571316828206,3
2.8,-0.0028337731594654265,-0.0106441745064476,-0.0020349361608023725,0.011201325208275884,3
2.81,-0.021644038820835633,-0.015840845269870913,-0.0065976225104034305,0.02762110457841275,3
2.82,-0.0224507883359877,-0.013529961861719177,-0.0023271236429367147,0.026315646853847463,3
2.83,-0.014851940148109878,-0.002182921272433998,-0.010142659935080447,0.018116810480969574,3
2.84,-0.010243057957263975,-0.01756285034260004,-0.0017776379216811163,0.020409163261952558,3
2.85,-0.005849064170778584,-0.010916784167088751,-0.004716746919612899,0.013252751779474449,3
2.86,-0.03999858193229553,-0.028528934213597517,-0.014281966725060064,0.05116406177673989,3
2.87,-0.011363673101916019,-0.00017123794148819673,-0.00082885430051346,0.011395147574792281,3
2.88,-0.024017515725250647,-0.01169680084545067,-0.011530037559450427,0.029096356778008054,3
2.89,0.0022915322451311894,0.014499049838554944,0.0035591420819689303,0.015104339065679713,3
2.9,-0.009514169993227382,-0.011752280322685639,-0.013191704071389858,0.020066304586299297,3
2.91,-0.005868605332187378,-0.010105960730272761,0.0007534742203083242,0.011710623135745703,3
2.92,-0.014957578758738259,-0.015864834093466656,-0.004476141202411679,0.02225888503948496,3
2.93,0.005863401435155272,-0.0014224336378896854,0.008869546093945399,0.010727145088820373,3
2.94,-0.01755521469438405,-0.01950946277142549,-0.018915905979196283,0.032351448184113,3
2.95,-0.0029793514231538105,0.0012331288527622033,-0.001963102936374712,0.003775038385098393,3
2.96,-0.004620149241342678,-0.0170029903652048,-0.00935033573533594,0.019946835306259156,3
2.97,0.023377369026168597,0.02605227063233814,0.0035075969517389914,0.03517847955870327,3
2.98,-0.019217203756466662,-0.014703459120589386,-0.02066492233064222,0.03182030240679486,3
2.99,0.02337333759081934,0.019563753991837626,0.01204057225715414,0.032772378013615384,3
3.0,0.0015111733411386245,-0.009882895444731745,-0.0028942462135078412,0.010408262505474775,3
3.01,0.003363907332793795,-0.004050073043399922,0.002171753230149869,0.005695215210434541,3
3.02,0.02152493568469266,0.010193777015656762,0.010457602424560175,0.026011485819638493,3
3.03,0.018172351929361848,0.008582861628774998,0.010716513395263314,0.022775942301782762,3
3.04,0.010093781498569243,0.0026960875514305096,0.008288844850593323,0.013336351149510303,3
3.05,0.014791077860057709,0.010239609629550773,0.014479089509709315,0.02309263134980621,3
3.06,-0.013091765333319468,-0.013723645008968435,-0.006259210301311995,0.019972743063258483,3
3.07,-0.0052833475319591355,0.0016010432614868872,-0.004488106817502141,0.007114787661899717,3
3.08,0.01439104246594311,0.016446713752510077,-0.0004639147362878772,0.0218589046705485,3
3.09,-0.004776851424255106,0.010724769515429002,0.000820565324987086,0.01176912563196835,3
3.1,0.007863080541067676,0.007334486177360123,-0.0012837922516729721,0.010829166432678899,3
3.11,0.0022464931483858084,6.739752010103675e-06,0.0021326387764737846,0.003097567600702387,3
3.12,-0.00961958852127722,-0.005869194359890084,0.007627337343066239,0.013607358329146285,3
3.13,0.018297035279786364,0.016221998338220245,-0.0009738002486075845,0.024472086487244103,3
3.14,0.013541329963429327,0.0038238849371049965,-0.0006962159855978421,0.014088095325106562,3
3.15,0.0021311074829610177,0.008274989409423698,0.0015345721267197073,0.008681703775303086,3
3.16,0.0227713521815632,0.02170507809902053,0.0035011617246705805,0.03165285182860562,3
3.17,-0.016043386559698433,-0.02462065975956885,6.141851088514207e-06,0.02938651352274883,3
3.18,-0.00961042363838716,0.008437021298754808,-0.010308679666757093,0.016425968689143547,3
3.19,-0.008995798322434403,-0.003892895693481678,-0.004508305273187205,0.010789061162793052,3
3.2,-0.004609844960715881,-0.010424511730145426,0.0005126799061152382,0.011409818406088306,3
3.21,-0.00424947619409276,-0.010657148413945439,-0.010014111103086646,0.015228764934359717,3
3.22,0.007437555522938519,0.0070864504546750435,0.003601374008966556,0.010885995910150676,3
3.23,0.023153017437213576,0.00971129571292146,0.01853792586760175,0.03120939243792517,3
3.24,0.0026765655061942355,-0.005386941186507021,0.004193824191190186,0.007332891626258123,3
3.25,-0.004997121026819853,-0.006661414617623176,-0.004576454881478925,0.009502084115960093,3
3.26,0.011654317824731853,0.0122144336476089,0.009359719395167283,0.019303363967142453,3
3.27,-0.004496468161991496,-0.005834129473673417,-0.015892973102608243,0.017516902885145454,3
3.28,-0.006376989066722782,-0.011132507621092743,-0.006330560735050696,0.01430645709849072,3
3.29,-0.00356179157758371,0.009957237293342382,-0.010695004246839496,0.015040480364602371,3
3.3,-0.0035772263914309026,0.0014921101158861098,-0.00027371023538625533,0.0038855962922612814,3
3.31,0.003508298439788419,-0.004373192814708143,0.001973981021825282,0.005943868640184031,3
3.32,-0.033106827273103885,-0.021406540283082337,-0.020383300790427543,0.044382214118894585,3
3.33,-0.0009885108585901041,0.0004631671262780757,0.005660331679501852,0.0057646363481478596,3
3.34,-0.004583327894807537,-0.0032069923975576297,-0.014061209806830153,0.015133053758610977,3
3.35,-0.009179900023846508,-0.006043043090805341,0.005557238926954764,0.012315512118316828,3
3.36,0.0053645984048204635,0.002508824718934443,0.00835037243570964,0.01023727685131149,3
3.37,0.004199940759186536,0.006662612039550797,0.002421388556854404,0.008239722332306415,3
3.38,-0.011435104945919865,-0.008165095330085685,-0.008434912848799483,0.016388354451879257,3
3.39,-0.0030543999971649563,-0.0004470337074538261,-0.003053390226677787,0.004341933941765193,3
3.4,0.004280727687537332,0.006623944942384207,0.0036805119832148386,0.008703300787240095,3
3.41,-0.003783225723837474,-0.0029780049834580644,-0.005738648816673034,0.007490887851256982,3
3.42,-0.011468237828478339,-0.0020757518831952234,-0.006159566938775078,0.013182165590083485,3
3.43,0.001624408516336095,0.011859439807667464,0.002530379273066371,0.012234697987494289,3
3.44,0.018483725847970842,0.010941134612775917,0.011671616221841964,0.02444551437519352,3
3.45,-0.0005021422824859237,-0.00453486544966899,0.007734633822690745,0.008980073044779388,3
3.46,0.009471843651458794,-0.004121031512618157,0.012940256854018891,0.01655744455928073,3
3.47,0.032765703884532364,0.028634890686695003,0.014129195126430572,0.04575131113540443,3
3.48,-0.021394102013519763,-0.01608293651350011,-0.019180014557810814,0.03292782115931755,3
3.49,0.01589803848518257,0.0020627648160473876,0.006928461935211686,0.01746442702038479,3
3.5,-0.0033191297778836313,-0.006485264282149251,0.006319080371930455,0.009643964539476045,3
3.51,-0.0008344498900891032,0.0030938128297326103,-0.0011259898738268806,0.0033964448531440183,3
3.52,0.003928459960142926,0.00916599648043553,0.011250871170651945,0.015034307141880858,3
3.53,-0.0012249343239994796,0.003675243448534545,-0.008031286090508436,0.008916806310092331,3
3.54,0.015311341879132422,0.010440473267021659,0.009318372756645795,0.02074301672879012,3
3.55,-0.006804843063166938,0.0011599382711827413,-0.0006414128549229355,0.006932730800899888,3
3.56,0.01776361136095836,0.01340984716171458,0.018253213505400198,0.028784539127063295,3
3.57,0.020813550610516818,0.016358856005126366,0.009638942024414019,0.02817313014492743,3
3.58,-0.011616427477305805,-0.01432347444911794,-0.0026731270163551854,0.01863461605924865,3
3.59,-0.010756904619705594,0.0012462253941909552,-0.0007887789938132638,0.0108575433239592,3
3.6,0.0001683087971358953,0.00570104466564833,-0.006440777833837279,0.008603130664808029,3
3.61,0.018954844311292254,0.010439193016733806,0.0049473657424761565,0.022197731899808566,3
3.62,-0.0034399867862513426,0.006579300578574928,0.00038436797746284205,0.007434274943457438,3
3.63,0.006793946680049672,-0.005187215159421072,0.004068374031363449,0.009466603396179551,3
3.64,-0.014111032743325074,-0.016041357253872818,-0.008125837906033408,0.022857725812177813,3
3.65,-0.007135820842076861,-0.014577188202795998,-0.0008605009766637518,0.01625284027241985,3
3.66,-0.010973010272719238,-0.010754675552592392,-0.0040144609499349615,0.015880362004856288,3
3.67,-0.008900431873123244,-0.011904412544242307,0.001691561103932206,0.014959749480521327,3
3.68,-0.0016365092408134954,0.006577235558029676,-0.003997340775497371,0.007868730733512987,3
3.69,0.0006491985116278793,0.0016328332814311624,0.0020740438714286656,0.0027183195568328457,3
3.7,0.0013663577939518538,-0.0010979870008083624,-0.0017137405232673345,0.0024514109521101756,3
3.71,-0.018073957450095535,-0.009090035849610191,-0.011275819883733607,0.02316119175917907,3
3.72,0.01255514370142271,0.015225254874005103,0.013285826073635225,0.023789770780751045,3
3.73,-0.008468628949453168,0.0046229788594281595,0.0018836218330034152,0.00983044459971181,3
3.74,0.008394775361458624,0.00537780307714313,0.004387281040234267,0.010892256617977835,3
3.75,0.002929704461937007,0.002151916690429202,-0.0019815747336873434,0.004140114986570957,3
3.76,0.0004945431813952808,-0.00765806169290039,0.008066459536226554,0.011133653995886223,3
3.77,0.009218986588973096,0.008144586850718016,0.015024994213082416,0.019418405181675313,3
3.78,-0.01667283311147151,-0.009428457991686958,-0.016157530723338153,0.02505883044237306,3
3.79,-0.0012645994791796976,-0.005190065083985744,-0.0042837140680627465,0.0068473493875855496,3
3.8,-0.03827387637818649,-0.026248352911270284,-0.02053048079914391,0.050748066814523186,3
3.81,-0.004406213656548218,-0.004782931586101142,-0.0033626629458024526,0.00732111025948584,3
3.82,-0.001685568232262547,0.001895449286499083,-0.00316662197468232,0.004057260528218952,3
3.83,-0.016827791739607995,-0.01335705796090047,-0.008484225607355662,0.023099083452790572,3
3.84,-0.0053179417408237995,-0.0019236189896605599,0.0015170882439006256,0.005855114953266098,3
3.85,-0.027321033020878977,-0.023285644916452842,-0.014168861679554728,0.038592962386909874,3
3.86,-0.018805793119665647,-0.00687223850280605,-0.011064432034592364,0.022875908138196992,3
3.87,-0.005030085657548715,0.0004907703581834471,-0.0029909204413408825,0.005872667396778022,3
3.88,-0.01929678417087661,-0.00476330651693543,-0.007281935214161778,0.021167936809593016,3
3.89,0.02064808560090136,0.015461491703473003,0.009861967685665841,0.027616291773368704,3
3.9,0.004573616148668155,0.0028072150633012454,0.0038885435538946475,0.0066271556536359666,3
3.91,-0.0021131479555497323,-0.012681210499272084,-0.001231217197834382,0.012914890235582172,3
3.92,0.002757626704302074,0.00889580667412786,-0.0022677691437656003,0.009585544236669772,3
3.93,0.00590480911347091,0.004818618305991427,0.004517250509812236,0.008859537528210133,3
3.94,-0.01188708407816608,-0.010183435116881846,-0.014701248046536063,0.021473979900961823,3
3.95,0.009105892551078671,0.012947478707593395,0.007439252036907734,0.017489910088505606,3
3.96,0.008721356665104756,0.012234796353478718,0.009262782207386806,0.01765081975752245,3
3.97,-0.002388131615508514,-0.004695018652825282,-0.007622007216043879,0.009265061616891362,3
3.98,0.011400702603791748,0.010706924217652744,0.010666289965526857,0.018931032398983468,3
3.99,0.0032827335760692465,0.0027102370110722363,0.010217883879115347,0.011069185848775124,3
4.0,0.013095429879738623,0.018313788876841174,0.0006664389879778828,0.022523971401272904,3
4.01,0.02186505889433412,0.007276444667673824,0.01141378675119161,0.025715792335763165,3
4.02,0.007432457928212093,0.015821456608820297,0.001017948391620525,0.017509886893050712,3
4.03,0.030412266755663695,0.02972721183523355,0.012619191509574029,0.04436053524327454,3
4.04,0.0029780861353279897,-0.0010006538772254466,-0.001849923363117949,0.003645891065411684,3
4.05,-0.00456072771218146,-0.007317888117748818,-0.009512755879113863,0.012839168516074731,3
4.06,0.010550504879652697,0.010582894257276513,0.013266130423942035,0.019982517871912738,3
4.07,-0.004804646065417797,-0.013977003891848534,-0.0025340194478450312,0.014995416505343912,3
4.08,0.012293087288870505,0.01050248102804007,0.006191651864560893,0.017313539662589264,3
4.09,-0.007219018773981168,-0.0036231421622030316,0.0009452677170471201,0.008132338055166995,3
4.1,0.014603968773231002,0.014382222367595988,0.009706371339972805,0.022679018249252548,3
4.11,0.0025053140251541646,-0.003472474764783816,-0.001823830884392713,0.004654142074707141,3
4.12,0.02575438580359108,0.037444958681152565,0.008803195744684317,0.046291571307017276,3
4.13,0.022501780228181945,0.017265474748950953,0.008578934986933281,0.02963148422293576,3
4.14,0.015597420565285635,0.020402718583836507,0.01340138588853889,0.028968044422003226,3
4.15,-0.010383170911925019,-0.003825193295855773,-0.007137692993949687,0.013167725817801046,3
4.16,-0.009390211960241611,0.00032709670159950053,-0.007673922938450518,0.012131453588739434,3
4.17,0.0010271311465530682,-0.008482218523075076,-0.002992951312730438,0.009053219704933278,3
4.18,0.00558138566930076,0.018060620834417885,0.002742803649415095,0.019101331439806232,3
4.19,-0.002535641298776622,0.002467199940227377,0.0008350702008780655,0.0036350921008296475,3
4.2,-0.005781821536226953,-0.00033990595814651064,0.01350396445490291,0.0146936058316685,3
4.21,0.002441410490733914,0.0064996766360255484,-0.005780628989939551,0.009034486874000734,3
4.22,0.012205513303657222,0.012344651320745728,-0.0011542119846898926,0.017398194634563224,3
4.23,0.016340231579793654,0.012990014517334728,0.016721857482626806,0.0267462925077689,3
4.24,0.014513037645663817,0.008410757900549811,-0.006662967063560478,0.018048940142185853,3
4.25,-0.028253465124912648,-0.028329476334661242,-0.0068535025346970245,0.04059295527494747,3
4.26,-0.04338236138546264,-0.016719833369656524,-0.02387343849880673,0.05226397586334461,3
4.27,2.353709906087638e-05,-0.00787176395229377,-0.0008223617035863939,0.007914638367429644,3
4.28,0.0047889954091501034,0.011547442580614508,0.0012795997102375755,0.012566434760897376,3
4.29,0.004036906018283208,0.006661548250648331,0.010676625066580715,0.013216018996222224,3
4.3,0.003818898742331392,-0.0024690384316006166,-0.0003600509275578903,0.004561773235413661,3
4.31,0.005159623681897493,0.009446962010973125,0.0071869401079750865,0.012942909869545867,3
4.32,-0.007043458078480176,-0.008077737410684984,-0.005909211672951447,0.012238420076751454,3
4.33,-0.0019976150242250407,0.01363492382729898,-0.005593906145011773,0.014872572054639894,3
4.34,0.0021944459647601717,0.0011876941539067428,-0.0028323695266271737,0.0037747221925385046,3
4.35,0.0034977760758336312,0.009379151731157885,-0.0011933658939407839,0.010081024096270038,3
4.36,-0.007940756532387596,-0.009228658784957967,-0.011458166857294423,0.016718652607355607,3
4.37,-0.016091027444366426,-0.018314562306018474,-0.00897859384585403,0.025979982758369838,3
4.38,-0.021283836106146994,-0.015228450769043115,-0.0016241112324154646,0.026221081776192118,3
4.39,-0.006613070996464474,0.0077412557362556015,0.0014967384806456796,0.010290771324727579,3
4.4,-0.01567341449705001,-0.02302834239236929,-0.00729636420655708,0.02879578799010816,3
4.41,-0.00018747097476002714,-0.004709648214769569,0.002284890620584097,0.00523800122387279,3
4.42,0.0111174366669636,0.007477657891083347,0.002861375446365724,0.013700373535969465,3
4.43,0.006078787999079976,-0.0026714447017359604,0.0032237227800522164,0.007381102146347757,3
4.44,0.002547907714570188,-0.006999131036094997,0.0033699452414667685,0.008175340966154196,3
4.45,0.010761970751723807,0.014883087850342461,-0.0032217184909887064,0.018646870741686087,3
4.46,-0.006568500589516478,-0.009836409203387944,-8.576629143867065e-05,0.011828250160853064,3
4.47,0.015343712467335936,0.0048582849078595055,0.00967662021064397,0.01877949475431272,3
4.48,0.009269674038017924,0.0019835616650502744,0.00022071171952607518,0.009482092981683775,3
4.49,8.074729630356148e-05,-0.001356305039918878,-0.003053616097969517,0.0033422529468830247,3
4.5,0.017381280025893252,0.015953207889036813,0.013666735573388305,0.02726524158195301,3
4.51,-0.02920190669774098,-0.02933692410520313,-0.006283484602698526,0.041867513055952675,3
4.52,0.008345533309337053,0.004216479371982114,0.0014263358656916424,0.009458385618770429,3
4.53,0.0028848099687247206,-0.00264773336754968,0.00507709953789747,0.006411673748640693,3
4.54,-0.0007672761218919851,-0.010234007695146386,0.008652510162046342,0.013423470425186487,3
4.55,0.00159944175994646,-0.0026738594034304577,0.0019491724997767702,0.003675188632799701,3
4.56,0.013931774739052114,0.016426160851818684,-0.0012728179899937145,0.021576217772009135,3
4.57,0.002856162712199346,0.004360377792053273,-0.0015204133500560458,0.005429752911783182,3
4.58,0.02161692167756958,0.020507270415672626,0.0009441078441233333,0.02981158805459774,3
4.59,-0.010162494797630959,-0.024774646148516186,0.002955222902743729,0.02694054072770191,3
4.6,0.006877562156145078,-0.0004434936467718059,0.015368212094263957,0.016842787500905152,3
4.61,-0.007993800719381192,-0.0020749921499438446,-0.0012190223846789052,0.008348200880300862,3
4.62,0.020730660113008077,0.011489357962547887,0.0040527442006932255,0.024045589006486803,3
4.63,0.009429925153112896,0.006903511230550877,0.009632881890282257,0.01514511040619319,3
4.64,-0.011022744504680803,-0.007329701708856967,-0.010252567702612623,0.016743373855138848,3
4.65,0.008371213838333464,-0.005771655339193298,0.015192005401220118,0.01828076187121985,3
4.66,0.014169535620619081,0.0065385037334867585,0.001505940740208044,0.015677870655475875,3
4.67,-0.0037402341097993895,-0.009731084379368116,-0.0006587500306152181,0.010445922936597058,3
4.68,-0.002820187910737297,0.00026398157665084637,0.00414709888474541,0.00502210864921663,3
4.69,0.0008165493989025349,-0.00249799607381101,0.001379781186964191,0.0029682542730574187,3
4.7,-0.004580240495238266,-0.012723389066222486,-0.012727192317111355,0.018569993446456268,3
4.71,0.009327826963215912,0.0057275471180997595,0.007030693853258918,0.013009373847499478,3
4.72,-0.0029689048810459776,0.009149926364891274,-0.006196163492708996,0.011442376969144602,3
4.73,-0.0010738547367422965,-0.013909784732955411,0.0009602806243245819,0.013984184430642943,3
4.74,0.0003355288926990838,0.007881708827731645,-0.007241027749284179,0.010708239656866217,3
4.75,-0.0036111792167587264,-0.007909634903584276,-0.00026936308589504444,0.008699166403488999,3
4.76,-0.006774114737236051,-0.00500403817868172,0.0007596111291142916,0.008456124267914776,3
4.77,-0.011713733359107952,-0.020847768921710384,0.0010467974908376513,0.02393609832884499,3
4.78,-0.0037924307199763843,-0.0007686073108076408,0.00337446142987459,0.0051342261253044565,3
4.79,-0.0029122023876646417,0.0003903474240227367,0.007734401588363673,0.00827370907080031,3
4.8,-0.0026779986620323083,0.011803978680079511,0.0026328480098217182,0.01238698826012363,3
4.81,-0.02798675569270367,-0.016187322473224033,-0.014209395286208569,0.035315645505284925,3
4.82,-0.00011054438717866474,-0.01437358038028266,0.0007931609265531818,0.01439587223010103,3
4.83,-0.002027658921720672,-0.000539027907639358,0.0035769270325052027,0.0041468492598494555,3
4.84,0.0026303366872404933,0.0037966659533334775,-0.00833523123379144,0.009529397838804783,3
4.85,-0.019702992427083052,-0.024671731310180734,-0.02077819478783448,0.03779729639887801,3
4.86,-0.004595509659132951,-0.020074093577765288,-0.00018721097659679426,0.02059424652532401,3
4.87,0.0018150977103667813,-0.013109831388300876,0.013665286158630042,0.019023730037116892,3
4.88,0.00021364977568465952,0.001962840701385793,0.006796137102118869,0.007077137087584459,3
4.89,0.007939250451214956,0.0034467551266005366,0.0018076679394794602,0.00884191619555885,3
4.9,-0.0005582289703011081,0.007022108091477165,0.005770879393667913,0.0091062984031896,3
4.91,-0.016141530206269794,-0.0010253769887557523,-0.008918086524735459,0.018469777005466474,3
4.92,-0.029804755843738137,-0.015182507995270919,-0.018180708785067102,0.038070594845086465,3
4.93,-0.008961230879906284,-9.17991025990144e-05,-0.011743698509622539,0.01477249270242279,3
4.94,-0.00697630778429107,0.004103128039339622,-0.003842017695912199,0.008959108771751668,3
4.95,0.017807422530959818,0.015449660854596464,0.0033450810621736974,0.023811465411240417,3
4.96,0.01943881899706995,0.017022624727309577,0.013984720734599233,0.029380433125336815,3
4.97,0.017694715179390544,-0.0034006918609435152,-0.0012813210127471195,0.018064037033579977,3
4.98,0.006201026158977161,-0.000381492351713004,0.006834849254608467,0.009236526737467741,3
4.99,-0.011881513674886972,-0.016997434326145235,-0.010390325116792375,0.023195732299515635,3
5.0,0.0017940147954549172,0.010933765577006252,0.0019609763100837552,0.011252161875299684,3
5.01,0.028525993037174513,0.012044209248478474,0.008915551479187484,0.032222388386898095,3
5.02,-0.003910725105125084,-0.01087128588925541,0.004082135120337072,0.012253263029677799,3
5.03,0.01463236099919271,0.007351419232021013,0.005071581635546544,0.017142645461586063,3
5.04,0.007580516262506743,0.016910114601776348,0.008031381494430109,0.02019701194138413,3
5.05,0.0032893969598119634,0.01575736852491724,0.003072820909720875,0.016387709526730406,3
5.06,0.00450238425415175,0.0019555726466739063,0.007771417006051726,0.009191879602692953,3
5.07,0.017559332796943022,0.015372373062075197,0.004933284504767649,0.023853245436174814,3
5.08,-0.013662664685614759,-0.010141536320685825,0.0024975060401066203,0.017197578366610327,3
5.09,0.007423876160101494,0.009603084862974925,0.00027940006426677415,0.012141303081709711,3
5.1,-0.020957864141196134,-0.03027274805311528,-0.00880021990307648,0.037856508217091724,3
5.11,-0.00019393711793981843,0.009100344394600675,-0.0005796642402348778,0.009120849211420054,3
5.12,0.009700545705131982,0.0065701116585002665,0.008892049108594143,0.01470834768191742,3
5.13,0.010177366355303304,0.0027283908947058387,0.01343978682970242,0.017077785946433926,3
5.14,0.005174677640273501,-0.0011922292880223615,0.002040561392881813,0.0056888127191958605,3
5.15,-0.002989426997243493,0.0008704982265228603,0.004484362986262138,0.00545929961870436,3
5.16,0.0049191859491352664,0.014749968838945594,-0.004275724475441603,0.01612581132662559,3
5.17,0.018692146756670514,0.02374898906021772,0.010144702249673072,0.031879865361851376,3
5.18,0.002637814270928737,-0.0038450445533982935,0.01097502307833564,0.011924494258270793,3
5.19,-0.0321883284293218,-0.017002285983841153,-0.013947890548632876,0.03898345631812102,3
5.2,-0.0011767706789704855,-0.007290458512365779,0.0018040912739617793,0.007601994466993273,3
5.21,0.007107979121576027,-0.0005868011766965824,0.00990283421707403,0.01220384481811308,3
5.22,-0.004579228666525301,-0.004232644641567026,-0.005182778846554412,0.008108379148412156,3
5.23,-0.015733244511725256,-0.007580910882021404,0.005532310676666632,0.01831970671408369,3
5.24,0.007390938628174533,0.009181845399513267,0.00190485935115406,0.011939880564464808,3
5.25,-0.00920781840698643,-0.004807899370965936,-0.0019027481696603575,0.010560315656954512,3
5.26,-0.023008388155333452,-0.027667812010388405,-0.02003440749639561,0.04118581346386537,3
5.27,-0.008025197803621601,-0.0009791664852113954,0.0030577797703113955,0.008643644134087186,3
5.28,0.0030594963745975857,0.01905035493189712,0.003172245122463808,0.019553508130625258,3
5.29,-0.00729110113330273,-0.00029314326944268956,-0.004036204167913004,0.008338886784070534,3
5.3,-0.014708645550576235,-0.0009307548110060147,-0.01246867255883238,0.019304879016198897,3
5.31,0.0005861005542807463,0.005677813378360437,0.01214723281974541,0.013421488136429469,3
5.32,0.001855971638721447,0.008147584018044215,0.004069398029481227,0.009294501405517864,3
5.33,-0.016657275386525054,-0.022820532032204077,0.0028629348449722295,0.028397850296491493,3
5.34,-0.008815750883271856,-0.012676138949658751,-0.0021574749747442805,0.015590274550937581,3
5.35,-0.013311764077686186,0.00024134097522296276,-0.004029217863978053,0.013910280547914832,3
5.36,-0.0004250667954920763,0.006640140525521493,0.0015813935540954038,0.00683907548958463,3
5.37,0.01841264555982785,0.01051115025176132,0.004719290673796853,0.021720531775044925,3
5.38,0.016637370520035968,0.013298787512667819,0.004774558887803138,0.02182787803935947,3
5.39,0.0009481563205131386,0.008364556158377086,0.0009990479119904468,0.008477198644907733,3
5.4,-0.01749016219409666,-0.009651218058721728,0.002998030671102875,0.020199999294496968,3
5.41,0.002824616210626181,0.009982901983226097,-0.012049781826942132,0.015900755668235914,3
5.42,0.0005369213094491483,-0.00223768169226436,0.0077973611406174145,0.00812984284015664,3
5.43,-0.007730053860020579,0.0034417398963676954,-0.00910142962539379,0.012427201109624962,3
5.44,0.016846800232768373,0.014440094602066704,0.007075882534812482,0.02328946379472711,3
5.45,0.017142140729847002,0.004466017867181085,0.004660200407764591,0.01831708962232782,3
5.46,0.007060634048742293,0.020579682612813406,0.007235346249738652,0.02292871834551597,3
5.47,0.004740618968621636,0.019874805735723488,0.010947300551009419,0.0231802666203936,3
5.48,-0.0038795150202628626,-0.0068578711361997335,0.00266159221555918,0.008316556164368267,3
5.49,0.011892752449517367,0.005350213312854322,0.000505327344078264,0.013050582325828152,3
5.5,0.016418886586471747,0.017276263290092797,0.008871390845409898,0.02543129343033996,3
5.51,0.015065311828260411,0.009512947425881987,0.011998634552293264,0.021480852411620063,3
5.52,0.010281502235950455,0.00703590052425379,0.006808833713221556,0.014197654769339596,3
5.53,0.02899131846213982,0.03135843460197136,0.017679774277102437,0.0462214494077005,3
5.54,0.012354949688732034,-0.0009887144681364497,0.012205970352692528,0.01739563308308758,3
5.55,0.0035689895043583063,-0.002135593054885206,-0.0013933608190148617,0.004386330830005808,3
5.56,-0.0006000779565150226,-0.00037298251350603506,-0.00010277606577671186,0.0007139834934878145,3
5.57,-0.007202473751544201,-0.003934213564823711,-0.0007678928463169016,0.008242774043897526,3
5.58,0.03073306378856977,0.033039986106445235,0.018721298596254127,0.048853340856859516,3
5.59,0.013886174986501635,0.01763589665664084,0.007212489536119966,0.023576910568352656,3
5.6,0.0188690098689038,0.007926502756905537,-0.0005732891650069433,0.020474316590663885,3
5.61,0.004183866446713327,0.006186197177052821,0.0022412091282563705,0.0077972297846023225,3
5.62,0.004502028114960107,-0.00158102674868075,0.0009754441266896082,0.004870256047912525,3
5.63,-0.010383424369225852,0.004104919344105586,-0.00822283801316832,0.013866539923277596,3
5.64,-0.004275539556859689,-0.005944552591470086,-0.007651875373910245,0.01059099337894608,3
5.65,-0.005574895260594486,-0.011729013341499131,-0.008990325785479772,0.015794782963394146,3
5.66,-0.014866704116442545,-0.001595923034938584,-0.009326206669804299,0.01762225843832735,3
5.67,0.0023234709874338857,-0.012876674769442051,-0.0027308953767656665,0.01336656500774498,3
5.68,0.03904945812176989,0.022986810740699627,0.01589858986522536,0.04802102463853984,3
5.69,-0.020852677060834192,-0.0351399486317301,-0.011185577375230153,0.042364693692523395,3
5.7,0.00036032661070986745,0.004523892115257347,-0.006769495530086068,0.008149938948773083,3
5.71,-0.013002218578849624,-0.016575363758108783,-0.019270237313959625,0.028550699077643096,3
5.72,-0.0038691795316032813,0.007711547224280004,0.0061066830426880474,0.010570245438206824,3
5.73,0.012494526509749398,0.01777977779939517,0.007481212501932387,0.022982650669532558,3
5.74,-0.028412276493433482,-0.024267936905248037,-0.016981134953588703,0.04104325963527269,3
5.75,-0.021631498854630317,0.0024489898542994822,-0.009699379218680993,0.02383269290768702,3
5.76,-0.011695216247682336,-0.0155086088987323,0.004201496715290844,0.01987328879935305,3
5.77,-0.007470767509476609,-0.01395815583219421,0.0050779086897720874,0.016626113138016697,3
5.78,-0.015358357813579072,-0.01494664796898246,-0.016580885547924123,0.02709625815111695,3
5.79,-0.010339718830874905,-0.006058888134476567,-0.005670028632819292,0.013257795277671196,3
5.8,0.004366659409180994,0.008835223101859264,0.0036958021151734842,0.010525580028194995,3
5.81,-0.019844714932174615,-0.0012681565989586772,-0.0005161440940184645,0.019891891227948807,3
5.82,-0.012638107230871597,-0.007689656357655611,-0.011902921074875669,0.01898768283368357,3
5.83,-0.013127023924269138,-0.011836884908111757,-0.0061491536365227365,0.018714772023238194,3
5.84,0.010565914906280763,0.006955081054555777,-0.0005871804925037215,0.012663194352649872,3
5.85,-0.006963901425265961,0.0009812983635879317,-0.005335569444608081,0.008827636764017708,3
5.86,-0.008387467179971594,-0.013654402729885641,-0.0033805234725198764,0.016377431378371485,3
5.87,-0.0036848873473156875,-0.007901439947099029,-0.006754683930060792,0.01102891214014515,3
5.88,0.0008278132492054679,0.015621331321873488,-0.0019712043358796226,0.015766956382799326,3
5.89,0.016809181581979468,0.005276729865287304,0.008113112388045263,0.01939626397397773,3
5.9,0.007740285096166467,-0.004324234912946469,0.008822910184899573,0.012508187921641028,3
5.91,0.026545920985255215,0.03201607870968927,0.007134254827097,0.0421973080757338,3
5.92,-0.0019117800176767273,0.0019643899403172732,0.0013902503886346952,0.0030735202645674306,3
5.93,0.015734672199409064,0.020995163611573286,0.006451797346718873,0.027018558312810033,3
5.94,0.022931343715430166,0.0036666331001995855,0.014916520510448901,0.027600603381544405,3
5.95,-0.00850150207288708,0.005897346328601718,-0.013418625998268591,0.016944431383088227,3
5.96,-0.009756439998575114,-0.03501998499812561,-0.010216334060925751,0.03776189815619933,3
5.97,0.002376420977919913,0.0013656885822585097,-0.0032723563257283993,0.004268582655934375,3
5.98,0.029569348415016964,0.03447446907599626,0.005383138970045992,0.04573634844334773,3
5.99,0.010113078091628326,0.017838989437480017,0.005283901845239687,0.0211760126404388,3
6.0,0.011624559798587078,0.015112859018545949,0.005001928354601249,0.01971162564300409,3
6.01,0.005005441042404328,0.01661062455095998,0.004248909661509746,0.01786114557674314,3
6.02,0.013469742377949715,0.008546712410554014,0.0068485813344362715,0.017360395129473332,3
6.03,0.009069058252949468,-0.003124385712920603,0.015776295128774105,0.018463507025174682,3
6.04,-0.009527702566114776,-0.010338428329591596,2.332984179350111e-05,0.014059187771559574,3
6.05,-0.02094484870377842,-0.025039003259147152,-0.00605463458122403,0.03320085799114089,3
6.06,0.020847552467259032,0.01276830925284798,0.008350872994597273,0.025833839142167303,3
6.07,-0.024020762504195582,-0.028395575225389963,-0.0009396910747015135,0.03720468711035778,3
6.08,-0.002017340239067738,0.005760957209893881,-0.0026051473526881586,0.006636646920215681,3
6.09,-0.003952140454763378,-0.017560046239530894,0.0017306194111455838,0.018082302996434783,3
6.1,-0.0006839104679321043,-0.0037045109416741417,-0.0021957871246352273,0.00436034585117332,3
6.11,0.00024390320212132853,-0.005264043556488691,0.0015303881277813397,0.005487415708534321,3
6.12,0.016456698806476034,0.008656406611699443,0.010445343701251242,0.021327482647312424,3
6.13,0.003049686177992083,0.00019507751756233272,0.006871131803635266,0.007520046095937329,3
6.14,0.01377458157565281,0.022154603106143304,-0.0001222410619687673,0.026087937428096526,3
6.15,-0.008117877585481733,-0.009155334416288182,-0.0027241181709112532,0.012535585529843688,3
6.16,-0.005987795519819124,-0.013325825888311767,-0.008463770167699416,0.016883919457412865,3
6.17,-0.018962665589578827,-0.009747863269411869,-0.01062795651827897,0.023823454500466017,3
6.18,-0.01068739758232632,-0.008324312596375444,-0.004217532531822641,0.014188101632772147,3
6.19,-0.0009293162009333805,-0.0018194071108137374,0.0013040195278946475,0.0024237033162760294,3
6.2,-0.031274936677855095,-0.024635762748930732,-0.01430072896493355,0.04230311240740967,3
6.21,-0.0033590702696541944,-0.0052947626480795516,-0.007231897987930124,0.009571740337253245,3
6.22,-0.023272248204933933,-0.015341120502530857,-0.005778640636471663,0.02846647506086247,3
6.23,-0.016648425685410174,-0.017956812028841,-0.017350462229724455,0.030010926603936255,3
6.24,0.0044045017452032115,0.008994820402980164,0.0038556647410814427,0.010731848876171571,3
6.25,-0.0200636111219901,0.00493203244153192,-0.00829777449018549,0.02226491627535889,3
6.26,-0.01774710764167934,-0.017539733219217844,-0.007610818596738251,0.026086905350369637,3
6.27,0.0016103573280997173,0.00014406580149703635,0.008805501899381278,0.008952701792159321,3
6.28,-0.005736408617319568,4.192060604843537e-05,-0.0013101769312349994,0.005884276060248195,3
6.29,-0.02629347232075553,-0.011743559987606223,-0.001173493273317762,0.02882073861522923,3
6.3,-0.010104999160370075,-0.0027025126671727994,0.0042707399706704155,0.011298398233572373,3
6.31,-0.010057493860883457,-0.014685031942991466,-0.0080315103202993,0.019527122265030818,3
6.32,-0.004554317501684944,-0.016622663835446378,-0.0018625386487511491,0.017335622605216764,3
6.33,-0.0020221287344511373,-0.01326362748153933,-0.003497081414041874,0.013865150450109635,3
6.34,-0.010201938195747256,-0.001145936777335454,0.0031943404365404873,0.01075158243571682,3
6.35,0.03494550951505448,0.021111877910465347,0.01903689132030823,0.0450477885729631,3
6.36,-0.00486502257791063,-0.00905287057375958,-0.008664887419802635,0.01344258845262609,3
6.37,0.005272215652642093,0.0005705742513255124,0.007649101893185387,0.009307554600246631,3
6.38,-0.021964078455359994,-0.010857228493479596,-0.009196467996493719,0.026170119918780797,3
6.39,-0.00495080370319805,0.009397407987083443,0.0031802264249670654,0.01108763159098272,3
6.4,0.0038053280002283254,-0.002970852715689663,-0.0059013645978465,0.007624473172905675,3
6.41,-0.010905178917449306,-0.01610156971742016,-0.005409594271840859,0.02018532102227894,3
6.42,0.00017582820637533636,0.002868862744620082,0.0025948347289628175,0.003872267588410927,3
6.43,0.008447788172527752,0.00840213129200925,0.0004822859876549039,0.011924493072242068,3
6.44,-0.010118267059558515,-0.011279864822696186,-0.001655540570592232,0.015243211383685612,3
6.45,-0.0009499681571220418,0.004917049418880536,-0.003450966439908874,0.006081856941480669,3
6.46,0.007729457408142707,0.008158856023180595,0.004661463861739397,0.0121671972436377,3
6.47,0.015587148240546578,0.002938295936788184,0.011920709123001154,0.01984177611203501,3
6.48,0.015628022640418807,0.00909150668222344,0.009198116473336036,0.02028536250746858,3
6.49,0.007967853111923716,0.01431484140423614,-0.004877443336848953,0.01709359006018917,3
6.5,0.00589173193912494,0.011777919274190658,0.011328854110956976,0.017371667252719398,3
6.51,0.02438837702954829,0.018674649638237683,0.01613545910233304,0.03469709661757583,3
6.52,0.02812674993698295,0.03992780875780225,0.01464404442996802,0.050988155599943775,3
6.53,0.02775873674614097,0.02219686071545817,0.023736497768430606,0.04273955331626336,3
6.54,0.008757201896280247,0.008761537259688718,0.0036763500772159733,0.012921635736058106,3
6.55,0.0026037201042473897,-0.0005434405629357513,0.005924208153644177,0.006493914711051425,3
6.56,0.005719950590492351,0.00254512543124484,-0.00856273423682679,0.010607351970636626,3
6.57,-0.00924763900254844,-0.0024491866076746466,0.004975831202754147,0.010783146030679995,3
6.58,-0.0045927473790092505,-0.008041146083145809,0.0024661356224575572,0.009583067553045926,3
6.59,-0.0016239553553814446,0.004605027588655026,0.008647228230440741,0.009930662926405131,3
6.6,0.0050720521741462335,0.009434735406994443,-0.0012295994948925246,0.01078201559890803,3
6.61,0.009119163030683124,-0.004887805701835844,0.016979524560604177,0.01988351159285596,3
6.62,0.016111198634804546,-0.000712723950847604,0.01203778621583372,0.02012428865471662,3
6.63,0.01779793076372017,0.010163006349091331,0.013220303701467312,0.02438912600895895,3
6.64,-0.007472195468467353,0.008943199474467622,-0.008462534704239442,0.014402396174927244,3
6.65,-0.002005916516136839,0.01344655422482837,0.0023367793569487342,0.013794711282010291,3
6.66,0.010407544107235187,-0.023859410360907298,0.006730412610942206,0.026886555953259356,3
6.67,-0.003546410067254183,-0.0005282031901945768,-0.0006806325214215855,0.003649559371276244,3
6.68,-0.019488356556689082,-0.013381039659843275,-0.005907768401627059,0.024366985680346433,3
6.69,0.005187273906370646,-0.003958782313702067,-0.006981582315037424,0.009556268079571512,3
6.7,-0.013736254376590096,-0.0109004842337643,-0.00021125672574249296,0.017537099823890668,3
6.71,-0.0243963808728636,-0.02251790727430974,-0.01584105220759526,0.03678557438388036,3
6.72,-0.01754276643432189,-0.014042734414274387,-0.007896762737205472,0.023818184349919155,3
6.73,-0.002099423180091673,-0.0028655084155217985,-0.0022659511933699537,0.004213460689180237,3
6.74,-0.005153146644597458,-0.01246923833009136,-0.0022146736896905108,0.01367265901078327,3
6.75,-0.013612708640371406,-0.011397328099891921,-0.014247123911117515,0.022763687400835675,3
6.76,0.022038775686613547,0.013295183480626464,0.0010649067124268632,0.025760503951874916,3
6.77,-0.02100457915787877,-0.009213072704010453,-0.011571503018946057,0.025689934534102173,3
6.78,-0.013696727606838432,-0.008223577908646397,-0.016072059702709002,0.022661391922010214,3
6.79,-0.009238077581971156,-0.00016830287408966995,-0.010155144393238124,0.013729434107619315,3
6.8,-0.02135949947325816,-0.011172856135230082,-0.006275080183419326,0.02490858412826803,3
6.81,-0.008727402288159738,0.005023755627731332,-0.00597732540584411,0.011710426564130254,3
6.82,-0.0223594754854603,-0.018079549974698312,-0.011618477787106205,0.031012985947212402,3
6.83,0.005180654453886478,0.010984544230094682,0.011135490345654439,0.01647721268150786,3
6.84,0.001227324993471051,0.001461594402696356,-0.01441511320158564,0.014540910337806249,3
6.85,0.002024967271647636,0.013627119046923302,-0.0019777121085036093,0.01391798157616203,3
6.86,0.016068084752406456,0.01417653346039656,0.008147068883514116,0.022924488652028514,3
6.87,0.001198354839049102,-0.006815810481001482,0.0030421022221032903,0.007559478339338491,3
6.88,-0.01699877119112587,-0.012378679879965658,-0.015841000237315758,0.026327309511181642,3
6.89,-0.0011804082300149246,-0.0024094664176639875,0.0015746014311734209,0.0031109904651719653,3
6.9,0.013790870395043604,0.0030874890278844627,0.0037179539824589774,0.014613140544245772,3
6.91,-0.004425062858391015,-0.006836181217595622,0.006300600799791216,0.010296218984600538,3
6.92,0.007675697415188249,-0.01135525675826735,0.008611041468591294,0.01618666803358563,3
6.93,-0.0026755289334505963,-0.006588834440199845,-0.0027948453361553126,0.007640834693089754,3
6.94,-0.0029697815135993127,0.0033827520589279443,-0.0015121795017370718,0.004748610383698714,3
6.95,0.008202192750480666,0.010194145762629624,0.0053858001088427955,0.01414932565736573,3
6.96,0.020375191329288146,0.010155804268949489,0.010259872457043486,0.024971058545626597,3
6.97,0.00113955498333153,0.0037229202881042967,0.00020475937305335096,0.003898800768501451,3
6.98,0.023460390494606784,0.026566238931361473,0.009196877683119678,0.03661608297232088,3
6.99,0.006095112205417804,-0.0016195961063497685,0.01448453557026742,0.015797950975701833,3
7.0,0.0019668655863106354,-0.010283593279534483,0.006071923917378215,0.012103268609426523,3
7.01,-0.003559473078771946,-0.0023294198881819196,0.00024517814054115204,0.004261004334022546,3
7.02,0.007657777225856809,0.016062685838983407,0.007082270188135959,0.01915228392178042,3
7.03,0.006624974564467295,0.014848355393277056,-0.0013299063846240189,0.01631357094129799,3
7.04,0.0006284801074268685,-0.0011182477268930626,-0.0010083347184962682,0.0016316262221041124,3
7.05,-0.007498851683816319,0.0007080734969397819,-0.01009658636550852,0.012596634506451156,3
7.06,-0.022621396409773238,-0.015992032287414346,-0.010401711841902143,0.029591692777733613,3
7.07,-0.0010912523102779687,0.015099679249442522,-0.0065664990376199505,0.016501819737586392,3
7.08,0.0015034855949032427,0.005440545294476406,-0.0012530745748531927,0.0057818853262127596,3
7.09,0.01797883212894794,0.00019099441313717887,0.0066667615800759545,0.019176042176432474,3
7.1,4.912461301933137e-05,-0.003082238451476185,-0.0036356791606355224,0.004766630891776919,3
7.11,0.0116483595898007,0.00876029632430523,0.01031370427090573,0.017854959216157193,3
7.12,-0.009791049384557668,-0.01462092556188711,0.009559199598981404,0.020025344174576805,3
7.13,-0.014651255734053842,-0.008310990632844087,-0.015656195928193287,0.02299670260767495,3
7.14,-0.04153084529159,-0.033129932082398,-0.013980116548888413,0.054934935779873184,3
7.15,-0.008863913477318339,-0.0009505344677584009,-0.004494300252526151,0.009983547098483536,3
7.16,0.0066752383432287146,-0.0034285024046786777,-0.00387122324045067,0.008443921189542432,3
7.17,-0.0320595380694566,-0.02455565074538957,-0.018993784739820413,0.04462687333321844,3
7.18,-0.00816845673380296,0.00396190436965216,-0.0028784452299024416,0.009523960236573226,3
7.19,0.0007718810401235931,0.0013195611456634018,0.0007104349238166178,0.0016857519800448444,3
7.2,-0.022170092638387453,-0.013676672877144054,-0.00792311485411259,0.027227562093851684,3
7.21,-0.001558951715967833,-0.008652642802960894,-0.005637340804659222,0.010444049467339088,3
7.22,-0.016968455409232718,-0.014362152227197153,-0.01854234587774279,0.02894854894847319,3
7.23,0.011775817321657653,0.003971216638198948,0.005881426424828831,0.01374887675307461,3
7.24,-0.02213142012434348,-0.016581203773233015,-0.003639022097168195,0.027892266976948122,3
7.25,0.003687086995978266,0.021343488847698662,-0.005450981723873937,0.022335002316135024,3
7.26,-0.03285522958174934,-0.017380851282032685,-0.010521792280908408,0.038629887586688345,3
7.27,0.004160097237626147,0.005263945956236469,0.0029249089571216687,0.007319195889176184,3
7.28,-0.008435514340361959,-0.009188831646885817,0.004387562258710338,0.013222829946547825,3
7.29,-9.895669647975135e-05,-0.004345282838648832,0.0028124873757614187,0.005177003053355444,3
7.3,-0.02352128028174304,-0.01545629137413683,0.0004026735994592731,0.028147996645627057,3
7.31,-0.008821529656032185,-0.0015016887544515136,0.0031205222024395214,0.009476925313804022,3
7.32,0.00661763920699587,0.00553148462540206,-0.008009279390305199,0.011770260285439567,3
7.33,-0.002485612623294638,-0.007033852079094918,-0.0045167509990075416,0.008720916509788705,3
7.34,-0.008956177705156856,-0.005068954700419124,-0.01439172035378303,0.017692626588009554,3
7.35,0.017816291375505274,0.018314077700443847,0.015756760063842565,0.030018347191414486,3
7.36,0.0021995583868186027,0.01139156467457037,-0.00040402142277098734,0.011609006681969026,3
7.37,0.0127143494266924,0.017727540428232276,0.007895851670801313,0.02320053543748374,3
7.38,-0.014637596732778174,-0.0134627390047722,-0.017105443141884412,0.02623167483601254,3
7.39,0.0013350316815223984,-0.020182015339258758,-0.00943074352085573,0.022316697248941354,3
7.4,-0.004620287451749697,-0.012856215338298251,-0.0048531853435713704,0.014497680398620564,3
7.41,-0.0004448292310259292,-0.01018479820763423,-0.0009796906354951976,0.010241473591055221,3
7.42,0.03434773476765972,0.025510722944256308,0.010325439483609724,0.04401339079573161,3
7.43,0.016416446958814758,0.0032682189937224253,0.006256731548781572,0.01786974190681066,3
7.44,0.006360605366825917,-0.0012526975914997187,0.0036922137552748793,0.00746049558024699,3
7.45,0.0037141880022784866,-0.0003955548295983126,0.004070632530686669,0.005524645268193476,3
7.46,-0.00905767940616955,0.018935183989058482,-0.005949917300725281,0.02181706361566365,3
7.47,-0.005678363338793903,0.008506777612668572,0.002448056975487953,0.010516751328903479,3
7.48,0.015663048724882875,0.007948133082979635,0.011568752817670686,0.021031879531301378,3
7.49,0.004934239132764638,0.01816888853350604,0.011481578252463619,0.022051799598439097,3
7.5,0.0014724955458253275,0.0020497526302197776,0.010243901245102091,0.010550224722581623,3
7.51,-0.022231253624814533,-0.021452732121333036,-0.012280582539275277,0.03324546676923722,3
7.52,0.0034038025052778934,0.0059300499287341735,-0.005695166448623058,0.0088986675704702,3
7.53,0.0368607691010408,0.018200527264489855,0.014784236897354482,0.043686944869866795,3
7.54,0.012031399626182469,-0.007274846050398206,0.00806139456344881,0.016206913473252704,3
7.55,-0.0020468735825601232,-0.018059335493059502,-0.0024569617809146625,0.018340282198121612,3
7.56,0.00478564150395821,0.012314329693601326,0.0008377677105148606,0.013238086536350335,3
7.57,-0.006286768260742929,-0.005627728926778869,-0.0022307165512012567,0.008727593274745996,3
7.58,0.022878244754278576,0.007275853899012714,0.007795289283461976,0.025241209717628648,3
7.59,0.0107664726700563,0.01042273746041604,0.0006451015307445719,0.014998884822172548,3
7.6,0.001853925477605791,-0.010627984080980219,-0.005122835993406812,0.01194297006265314,3
7.61,-0.010370767802784711,-0.01600799857982276,0.0009521040711807215,0.019097521973105373,3
7.62,0.005213340168224511,0.007176104844205431,0.0014093244411531231,0.008981179868206816,3
7.63,0.0010517285445615417,0.015766502706853286,0.0036898863153344732,0.016226644802815833,3
7.64,0.0014400765043970486,-0.009747098011066626,0.0005680226031593242,0.009869264899350675,3
7.65,0.0009237451980558722,-0.008252719431179327,-0.0037843838187540733,0.009125910589543587,3
7.66,-0.007554830567819732,-0.006846793955953084,-0.00589512701574944,0.011777375552964165,3
7.67,-0.026645768373694208,-0.013605784139337416,-0.021286014632968957,0.036717962269518394,3
7.68,-0.00583659437925578,-0.0015815070265574804,-0.001034617492853424,0.006134935352514251,3
7.69,-0.01395365611460032,-0.013497907246703932,0.0042241461142754205,0.019868100800023478,3
7.7,-0.024195604104698166,-0.018204603830507454,-0.009460511637260232,0.031722801563792404,3
7.71,-0.029347864507603415,-0.018821600079021058,-0.008071511161258493,0.03578685615023446,3
7.72,-0.010645103255279051,0.006465412828580228,-0.012095168781348392,0.01736124690823868,3
7.73,-0.0229147333933525,-0.008985795309143143,-0.021988259266763316,0.03300474313501994,3
7.74,-0.028195210175209873,-0.02641127560024352,-0.01498201515425252,0.041436531391255825,3
7.75,0.003774427196960953,-0.009539538536229372,0.01694827393712156,0.01981143825160298,3
7.76,0.007079506731462892,0.010084935894714642,-0.007277433850072082,0.014310359569329738,3
7.77,0.0036182000358962376,-0.007650600124894614,0.008302814531084347,0.011855791112717127,3
7.78,0.00899035002992572,0.009579529009308585,0.00580686268121379,0.014363614583357612,3
7.79,-0.01930741357789409,-0.00760533633971657,-0.005349885502060541,0.02142985382108847,3
7.8,-0.005308788679991516,0.004548592811288921,-0.0011454103585509742,0.007084130059590322,3
7.81,-0.002250073275857788,-0.010375106307776022,-0.0044773080070419835,0.011521803141622645,3
7.82,0.003006244561270688,0.008554714111186381,-0.0009185566132537222,0.00911396654251337,3
7.83,0.000594080045743799,0.009141409968027002,0.0047931761126424055,0.010338899581246553,3
7.84,-0.01896342120491463,-0.015276705220025392,-0.003232626131439446,0.02456499415591671,3
7.85,-0.005561005780985551,-0.011125004543774755,-0.011661711371096463,0.017049516811274278,3
7.86,0.003857973670623801,0.00255454233264473,0.0021395156777758873,0.0050977617351097605,3
7.87,-0.0013627904751174562,-0.00022155108062858926,-0.00251463746924045,0.002868742644802174,3
7.88,0.012669316675020078,0.01638273318089814,-0.0018862055047734073,0.020795752034843084,3
7.89,0.010781625734880609,0.008050204956591311,0.012283778488473021,0.018219233443919635,3
7.9,0.027031101872973477,0.02134975682826951,0.00996319998583434,0.03585746699156314,3
7.91,0.013292196060822686,0.014711173504340865,0.006769820068332261,0.02095069368187519,3
7.92,0.02145910637186095,0.013620658113376405,0.016874210842296733,0.030508270440498825,3
7.93,-0.001717641765532631,-0.00030881471081140304,0.004440202651818826,0.004770855201065583,3
7.94,0.025578128630465453,0.01080244526624807,0.019409680297488748,0.033877266377581955,3
7.95,0.023407713185284187,0.016452579056326907,0.004035606047229587,0.0288945411857958,3
7.96,0.00504578347820088,0.0018450716862630475,0.011669036508132969,0.012846424929313004,3
7.97,0.0028332866654445527,0.000961694978870583,-0.0021698993230588846,0.003696056497563614,3
7.98,0.003986891283637889,-0.006110203750173553,-0.0035792863228722256,0.00812657262056292,3
7.99,-0.011600194139476605,-0.008408410977490177,-0.0020209208521232607,0.014468932245693575,3
8.0,-0.004411649659020323,-0.008580431260980773,-0.004503100314588192,0.01064727034415838,3
8.01,0.011875439158015057,0.007510813457857969,0.009883732995242481,0.017179247710994293,3
8.02,0.019879581221205426,0.014597109071311076,0.004345996018159937,0.025043183187448786,3
8.03,0.014585587542954321,0.024166332087863108,0.0072525257897533175,0.029143611665081993,3
8.04,-0.008323160437781404,-0.01052701198901567,0.006213057117262886,0.0147883420244563,3
8.05,0.017122266274655094,0.005885734238806502,0.010707412825471215,0.021034794016702798,3
8.06,0.013465363550467593,0.007865551798549277,0.005499316251397892,0.016535579816710753,3
8.07,0.0038010137089401594,-0.004936409873886763,0.0036358621740452115,0.0072135526203952055,3
8.08,0.014836095622946983,-0.0066327218109174454,-0.007215666042502752,0.01778112955892212,3
8.09,0.027359835296670455,0.01648860544123857,0.010970586300932166,0.033775560108516,3
8.1,-0.004887064659279715,-0.004390640116229435,-0.00966856349021342,0.011689407238115707,3
8.11,-0.00785395604733304,-0.004380921530947969,-0.0053050671203201845,0.010441304334462482,3
8.12,-0.01089710639117062,-0.00972491620617023,-0.011821255120063965,0.018789970610172933,3
8.13,-0.009691180616580912,-0.012843115188364994,-0.0027864436569171925,0.016328773920229873,3
8.14,0.004334087143609668,0.00550991785452569,-0.010009932250383628,0.012220566672183979,3
8.15,-0.02447265794929751,-0.020802290276564876,-0.011520166856710912,0.034122727210178276,3
8.16,-0.02512220865692682,-0.022046638302150603,-0.003456478347649578,0.03360248310461287,3
8.17,-0.002509109902821693,0.0030319982817941706,0.0045725800369849,0.006033003752681869,3
8.18,-0.00981150506575915,-0.00789584242367703,-0.004957185045650265,0.013534535190089611,3
8.19,0.005066209888078176,0.014025035602946979,0.008251242804394461,0.017042626385362754,3
8.2,-0.02452304001132041,-0.025570262382284527,-0.011644253186469847,0.037293517425503186,3
8.21,-0.013258501907587993,0.00479532662006016,-0.005805514889941495,0.015247525483300706,3
8.22,-0.010301256447828987,-0.003423988930239773,-0.010188008101421044,0.014887413935031282,3
8.23,0.0012786481674288072,-0.007558564129527412,-0.0006934868980425396,0.0076972564536985635,3
8.24,-0.008565467447842997,-0.007889154489811473,0.0023356038079122114,0.011876911901319492,3
8.25,-0.016498828760247292,-0.016279927730840783,-0.0035034917457981525,0.023441882428555896,3
8.26,-0.0007182641955513075,0.003959228959648388,0.010230558361448582,0.010993439943736215,3
8.27,-0.004742525864029892,-0.008065019447371057,0.0030725850873514556,0.009847683452288683,3
8.28,-0.010157347593921534,-0.013992680816255734,-0.010600211500711934,0.020281304455808072,3
8.29,-0.018175388374970517,-0.00890845847704584,-0.02037113089942913,0.028717387575124927,3
8.3,0.00918530705680529,0.004866165860966038,0.007342422460403911,0.012726374326620769,3
8.31,-0.004890056179278122,-0.020982046536430335,0.0016967966153985017,0.021611063024466245,3
8.32,-0.00011677186646203299,0.009069385197070129,0.00014031250165807648,0.009071222140359773,3
8.33,0.007861644901009312,0.004109563727244733,0.013050346171492734,0.015779908420952463,3
8.34,-0.009691786814411067,-0.008097123485776516,-0.0030872942631370477,0.0130009817424341,3
8.35,0.01057435186085674,0.015250672519538457,0.01060637886259682,0.02137510706762309,3
8.36,0.012681391894096219,0.01325063347341725,0.007508638103890961,0.019818593138608457,3
8.37,-0.0038269910412884077,0.01497297337689572,-0.00048314179007196865,0.015461863347108062,3
8.38,0.0001966132020904789,-0.005172543905212745,0.007217373882017513,0.008881686380154297,3
8.39,-0.003786476014893401,0.003668711845845191,0.011102451048876477,0.012290698373644444,3
8.4,0.0033803466881905477,-0.0028591377045394713,0.0011858337783386163,0.004583406363800714,3
8.41,0.014008376366701332,0.013011444434106213,0.010174044496073707,0.021657411574356657,3
8.42,-0.008045580869835808,0.003039317344664512,-0.0007831771310045366,0.008636097954121118,3
8.43,0.007894299815470207,0.0015423570856120455,0.0021971345750470867,0.008338239340348655,3
8.44,0.010775802597777611,0.02698072845921895,0.00021961510059574467,0.029053844162327088,3
8.45,0.01371315578021347,0.014468816931611003,0.012761992101042549,0.023669933401679603,3
8.46,-0.007049058663851182,-0.007620405306151377,0.005928951840412221,0.011954592213972123,3
8.47,0.0005995624004966121,-0.022045896303423698,0.0006316626157112787,0.02206309172698802,3
8.48,0.006092689008370096,0.004836126134661116,0.0003745424710923312,0.007787763312127431,3
8.49,-0.003102566643660329,0.009864331576077669,0.0051311204794427644,0.011543801566022936,3
8.5,-0.013232901809045449,-0.006254116892637128,-0.011217325398608273,0.01844050046752717,3
8.51,0.019029348432828976,0.018763932627282584,0.011138522366089074,0.028952857370544226,3
8.52,0.0002653225031293673,-0.0009190598171444915,0.0026562602109758164,0.002823257920660064,3
8.53,0.00016381850054184325,-0.00045794870222247983,0.0008352313928439489,0.0009665221128246752,3
8.54,0.0028322993009599192,0.001716015378113653,0.007904107941448718,0.008569804575263854,3
8.55,0.01665365701069404,0.00840311599927527,0.009818005047643085,0.02107960800021338,3
8.56,0.01125410076025176,0.007336945120404837,0.005270757600448767,0.014431439058680879,3
8.57,0.003319799400077336,0.0016170796624149567,-0.0014968661145140947,0.003984548011522817,3
8.58,-0.023287088842525002,-0.01202848722727157,-0.011262344086964839,0.028527414991013113,3
8.59,0.01789203015850751,0.011819375780083914,0.005827283977570326,0.022221152660900027,3
8.6,-0.003578280302966758,0.0056355007359472865,-0.002918659995500593,0.007285707559379378,3
8.61,-0.028302731319166174,-0.0026555318908710636,-0.008284459924761747,0.029609605299519386,3
8.62,0.005472499539705974,0.0006353250834376196,-0.001245687265457914,0.005648329481984132,3
8.63,-0.017946202497562905,0.0012033307741834993,-0.003187046242569976,0.018266676019131383,3
8.64,-0.015443550525715784,-0.00551177500169621,-0.0011516265457981534,0.01643804003555918,3
8.65,-0.017105725588614267,-0.016187357120812457,0.0017310726011167538,0.023614253975512922,3
8.66,-0.03795306690506305,-0.01503800216871488,-0.013242601867442801,0.04291786691980468,3
8.67,-0.012382450920147938,-0.003514319956930796,-0.003309987084616139,0.013290280284850287,3
8.68,0.003683245184212416,0.008629367365310121,0.006673296723302069,0.011513694688054632,3
8.69,-0.00857140820574926,-0.02442749639155925,7.620764610721592e-05,0.025887785270172325,3
8.7,-0.014426363307039843,-0.0047916043680587385,-0.0012819878357830574,0.01525525888006496,3
8.71,-0.015607605346352346,-0.01134560326259336,-0.014462356705989145,0.024113892666488435,3
8.72,-0.012153920862843092,-0.005159326132875902,-0.011026469738341513,0.017202310117428704,3
8.73,-0.021600792071609337,-0.010105961739036627,-0.014141791426938749,0.02772570910824124,3
8.74,-0.0011190570266941353,0.002662241967468177,0.008626063629279347,0.009096636447540284,3
8.75,0.0042644826176098044,0.006874681354576744,-0.01130774901692307,0.013903677339200084,3
8.76,0.00579522617076588,0.010475307544067234,0.009603812984249078,0.015347636246326431,3
8.77,0.00435359522117074,0.0009759411368461327,0.0015063102794197051,0.00470905756073067,3
8.78,0.002670672846342644,0.01591064443640801,0.001791833780989304,0.016232429520336367,3
8.79,-0.005750380862393796,0.0009959334810097876,-0.0009692837689952913,0.005915933957205643,3
8.8,0.005732849984477592,-0.001849222814473874,-0.009481712895799785,0.011233346491605756,3
8.81,0.003602966551274839,0.005369309150813042,-0.0018061156749357475,0.0067136355693363774,3
8.82,-0.01779684304558241,-0.02072249136613856,-0.0051035955347945704,0.02778841409997262,3
8.83,-0.004509451568712967,0.0032980640382209636,0.0030878063923340743,0.0063833320583621045,3
8.84,0.008118705514264241,-0.002419387071457544,0.008839490471634978,0.012243504597418423,3
8.85,0.007487112477217546,0.003961205554237512,0.003965958411786568,0.009352904832908833,3
8.86,-0.002795282335601894,-0.004297662835893771,0.006981719979094927,0.00866186602605026,3
8.87,0.00218159912722817,0.008154778968131939,0.0006677879426277347,0.00846792391955246,3
8.88,0.0021100596817291246,-0.0046479756055445316,0.0031101458638066373,0.005977377048869295,3
8.89,0.007266673754525736,0.008557586648558761,0.00695114026631606,0.013204362449747615,3
8.9,0.019144919679971128,0.002652201364892314,0.005461171375479657,0.020084484420189654,3
8.91,0.027790319492000313,0.02796704824639788,0.015280019028271818,0.04228399965221062,3
8.92,0.01282968424883605,0.008736092855439102,0.004543063911933072,0.016172802664089936,3
8.93,-0.018091969535274692,-0.01579245389845383,-0.009270551932710685,0.02574226281695498,3
8.94,-0.004073739908384,-0.001147437242547629,0.0008647112695691216,0.0043196868690294704,3
8.95,0.006864876028907324,0.007131377279405048,0.006878605414055159,0.012053973504025546,3
8.96,0.022823673202012326,0.012090805014774761,0.010973673835225064,0.02806294962721241,3
8.97,0.024340885603620636,0.029898693682143127,0.010863642442771758,0.04005532827217327,3
8.98,0.021482854645997224,0.02358780222289267,0.012566840704373507,0.03429027475446127,3
8.99,-0.0007712733513600932,-0.013495478148578363,0.0009269652805146428,0.01354924564957599,3
9.0,0.002108621255156242,0.0021490651609923084,-0.0037326721472332332,0.004795581927422191,3
9.01,0.016038962406014254,0.009259454592441714,0.01324768727583004,0.022770310330981827,3
9.02,-0.024459667526526122,-0.03886674269793772,-0.015079521351245823,0.04833519408917864,3
9.03,-0.005417352486356662,-0.0025374422734879745,0.004106137860239249,0.007255803841064661,3
9.04,0.019916767774235972,0.0077708351471436265,0.012621369817242286,0.024826648858042075,3
9.05,0.005006625533315362,0.002453458390628796,0.0056285992902195036,0.007922555602534555,3
9.06,-0.0018176355180954712,0.0017271714652927453,0.006351983964796618,0.006828954563928292,3
9.07,0.0011864290397428038,0.006769222693546805,0.002934809553061958,0.007472823887521894,3
9.08,0.021962894103047553,0.017938264401802455,0.02396384232510278,0.0371270223168118,3
9.09,0.0011473822848885253,-0.016928497796656262,0.0005624002572972008,0.016976655083039176,3
9.1,0.007012749046924454,0.004829331437648839,-0.008442247074506672,0.011990522382149149,3
9.11,0.007744588454649744,-0.008689522471821073,0.0016500161456816204,0.011756232576858436,3
9.12,0.02673476907063744,0.010220009217633611,0.02108194476781156,0.03554778278404836,3
9.13,-0.006787255064231605,0.010578497248566103,0.010422037893693288,0.016327593490849685,3
9.14,-0.0016945085867835314,-9.931758076013619e-05,0.01238235320218611,0.01249815563018079,3
9.15,0.0012104392520505183,-0.013237196157986023,0.009864223542176462,0.016552686531132427,3
9.16,-0.019264793347143337,-0.01486389073467186,-0.007907928439476233,0.025585207497385656,3
9.17,0.013564158398022948,0.02697934437370629,0.005364343015695824,0.030669978674132434,3
9.18,-0.01122209291976832,-0.012069719122816108,0.007199157181867535,0.017984475342161695,3
9.19,-0.018640917119379055,-0.029106600870480566,-0.004429475170754925,0.03484678257132721,3
9.2,-0.004439763247337437,-0.003768511822878834,-0.0033650474766540608,0.0067258251219996555,3
9.21,-0.02294194171808884,0.001638287760328469,-0.004241683619151693,0.023388214051243993,3
9.22,-0.0109885298245285,-0.011342891846205757,-0.011812790201347616,0.019721840570299912,3
9.23,-0.0013650872106372933,0.011524210882133986,-0.005367433396310661,0.012785939183821104,3
9.24,-0.025593775601276826,-0.018091216450320757,-0.019331482720826174,0.03682444414198903,3
9.25,-0.0021275373461326088,0.01790873973822809,0.00037682561534294274,0.018038607809782812,3
9.26,-0.017967911174928908,-0.013899548095930183,-0.0023093556333613693,0.022833667964270422,3
9.27,-0.001133252603593232,-0.002549255679979775,0.002180930985184857,0.0035411051873107885,3
9.28,0.0004971276654425322,0.00529557241796588,-0.007398908627230632,0.009112303332515727,3
9.29,-0.0012136034022601602,-0.0059017931990982524,0.0014798137471074163,0.006204340811804902,3
9.3,-0.000310634048983616,-0.0033409766190957255,-0.003358288955435294,0.004747285855089299,3
9.31,0.015837695472811636,0.010013388126173852,0.000697367780038918,0.01875064962809433,3
9.32,-0.021393450031190007,-0.0012747621454524353,-0.01618802082095864,0.02685808520472546,3
9.33,0.0015425449582217323,-0.01387585186952852,0.007383689392337384,0.015793592976132725,3
9.34,0.010847034086585838,-0.001889900938876153,0.007101808961954252,0.013102120613336366,3
9.35,0.02646860569890872,0.03134897399831805,0.01806846373180059,0.04483095626928916,3
9.36,-0.0011798677558016646,-0.0002254208654231091,0.012543434861491178,0.01260081983889226,3
9.37,0.006500563718417417,-0.004083357240862308,0.004159043365724332,0.008730909272904116,3
9.38,0.024171487321454653,0.021139293184695505,0.018641763509972643,0.03713012068983219,3
9.39,0.0051320108310194896,0.0029048580166879372,0.0005300259322032219,0.005920866723345951,3
9.4,0.020680891426233982,0.009751965592022793,0.008856949059450493,0.024520310963227522,3
9.41,0.018262311300479207,0.005251332781978569,0.010519384569886058,0.021719713666433316,3
9.42,0.024322723981977153,0.014023542495929209,0.01187002810067914,0.0304819981817054,3
9.43,0.0007491772043027919,-0.01731824827560422,0.0030562063030726678,0.017601800668847964,3
9.44,0.0013321147623550087,-0.003565010568591657,-0.006950137394505302,0.0079239030721454,3
9.45,-0.013557543762342056,-0.0013339790913173867,0.0005898032739669531,0.013635775041627596,3
9.46,0.00023178353515873606,0.005341574875288194,-0.003110380897019996,0.006185516557251115,3
9.47,0.009902074229387152,0.0034139697813765405,0.004983137288114964,0.011599048277537563,3
9.48,0.020025906346206754,0.002964836797815361,0.010844034605430493,0.022965632339400063,3
9.49,0.008081920022063312,0.0012579483303280367,0.012057869332437009,0.014570246328834933,3
9.5,0.010211602552298249,-0.011670330425135607,0.009727787264925666,0.018305826503864826,3
9.51,-0.008741152482705997,-0.002929806811557951,-0.005865056118287637,0.01092659132344721,3
9.52,-0.0220341272936978,-0.011407381511886031,-0.0215786924242519,0.03288268671038095,3
9.53,0.016576745469932964,0.017588044251235547,0.011817261005180577,0.026903075077450243,3
9.54,0.008390551709478868,0.01393957220913137,0.012119813207159803,0.020287999002845784,3
9.55,0.009926390228394807,0.01317740702804869,-0.0003660875046535353,0.016501857441218622,3
9.56,-0.02048067082832535,-0.013970234533557325,-0.00613697374049101,0.025539925160271922,3
9.57,-0.011261574983061533,-0.012113822327373916,-0.001920098269471936,0.016650962129640717,3
9.58,-0.014879939232159167,-0.015068534265995148,0.0006477024571100096,0.021187091233842503,3
9.59,-0.00905593258279239,-0.007162592547993602,-0.006873080758986972,0.013436959703452685,3
9.6,0.002478266972656797,0.007506754520942824,0.0065973821603523275,0.010296534465303953,3
9.61,0.0045878077633023625,-0.0046881700580014,0.0005838772271594961,0.006585425664461921,3
9.62,0.0005289672428566601,0.0021573892448052755,-0.005193932770216232,0.005648988610286174,3
9.63,-0.015239936046238231,-0.019046910030134607,-0.010786219261492341,0.02667176331528274,3
9.64,-0.008462890681837266,-0.0024965965558692792,-0.003533627500026045,0.009504737574728021,3
9.65,-0.002632128354508649,-0.007735192446814124,0.0024817849633594164,0.008539353515823992,3
9.66,-0.02328933222726345,-0.0013997389352569632,-0.008831186222927234,0.024946785660336,3
9.67,-0.013190966872439518,-0.012057915365483724,-0.007713396312914582,0.019465133255928396,3
9.68,-0.00915456915517839,-0.004940311829065,-0.005650730112468656,0.011838224874925429,3
9.69,-0.004454138138500896,-0.013580601589910346,-0.009321979425541532,0.01706374479740433,3
9.7,-0.002580809341108211,0.0020540154064054633,-0.011928949654989236,0.0123765664065673,3
9.71,-0.026064849698027873,-0.010244179215982032,-0.01847503728973977,0.03355065722824543,3
9.72,-0.021567560690491584,-0.022061647061799076,-0.017843383766106294,0.03564073918203677,3
9.73,-0.02015667538907405,-0.015058149706298339,0.0007001544307436037,0.02517001492936955,3
9.74,0.004162815713163723,-0.004924811852432926,0.004617994956635863,0.007931499471294245,3
9.75,-0.01482018300570261,-0.012137036794470066,-0.0016714567503782786,0.019228605101286513,3
9.76,-0.010377149961557534,-0.00013521998782926176,-0.002623795660363518,0.010704570492883146,3
9.77,-0.022475971385481193,0.00030430360028045264,-0.01331969486108837,0.026128072290060304,3
9.78,0.00756732803841097,0.011137018094529525,0.0014850078933769085,0.013546323269514523,3
9.79,-0.0004619364835699636,-0.010357689705365098,-0.011291663081407027,0.015329604577140584,3
9.8,0.02388132450943412,0.015829123624131265,0.007051779245891452,0.029506040153936527,3
9.81,-0.03218537051801423,-0.016629447584432834,-0.018955870152184508,0.04088718155573624,3
9.82,-0.012905279814264512,-0.0337264535995017,-0.016711439121816198,0.03979060337574655,3
9.83,0.008817963362000587,0.00866026587655954,0.00765537701921708,0.014538276383830488,3
9.84,0.026405829763166425,0.019846856054300737,0.010434060156453701,0.03464152352408817,3
9.85,-0.00956068203895809,0.010351322939522872,0.0028001297532335608,0.01436653243769324,3
9.86,-0.018112608376118958,-0.012690345716520316,-0.0013127673957230752,0.022154792141356995,3
9.87,0.005769009286514255,0.015898436022744943,0.013891629052779216,0.021886504834194548,3
9.88,-0.0013170270487054608,-0.002959829329258777,0.0063322509711390895,0.007112844175634261,3
9.89,0.010785996198232024,0.012888022911241795,0.006771289846123127,0.018118753122916026,3
9.9,0.028388227370533658,0.022555253051150522,0.012169181590176336,0.03824552096673855,3
9.91,0.0015060110547374106,0.014683184642973635,-0.0024943260458030816,0.014969490404800683,3
9.92,0.004749032257447012,0.014537474984602288,0.009506991860129736,0.018007620068703767,3
9.93,0.0038982690241959376,-0.000886049359523433,-0.004110627741007348,0.0057340077849316355,3
9.94,0.013938291592236642,-0.0025483704627147375,0.006098945697344917,0.015426188872972275,3
9.95,0.0053668273692831165,0.010778076303224948,0.0029916534842697384,0.012406440076821746,3
9.96,-0.005129135154844271,0.010149323064374029,-0.0021411024943955377,0.011571564543880867,3
9.97,0.018359494708860568,0.0006205071797506945,-0.0017050979690690568,0.01844894127609833,3
9.98,-0.011418264202641044,0.006115700407096339,-0.005295691617460432,0.013993673519770029,3
9.99,-0.0017077179731644883,-0.007867486471995842,-0.0022051051624012805,0.008347223061602906,3
10.0,-0.00028735644828192363,0.010824411372044913,0.006778968264418833,0.012775165987556566,3
10.01,-0.014822999109709337,-0.010668365223440855,-5.5764627911606204e-06,0.018262950206472756,3
10.02,0.014252205418530386,0.02017023871999586,0.0014452109023314307,0.024739695306648882,3
10.03,-0.007998503703112178,-0.0021905606672476133,0.0027931756023325204,0.008750796962051924,3
10.04,-0.013200947778649774,-0.0005542939641529805,-0.010143399329828336,0.016657155039732828,3
10.05,0.016082983168879475,0.008596678228815212,0.004235469224564692,0.018721763371340867,3
10.06,-0.00027748635925395164,-0.011061534301384405,0.0003397407683026634,0.01107022870449941,3
10.07,-0.012426646005362012,7.019843940899925e-05,-0.0020250763267628735,0.01259076617576113,3
10.08,-0.006407005099415941,0.004512382605097425,-0.009819297206868185,0.012563037401661153,3
10.09,-0.0039575755173338915,-0.005860156270997318,0.0013124915580560018,0.007192111622178711,3
10.1,-0.00517090052122697,-0.00013525956761100766,-0.003945780941781194,0.0065058200552719995,3
10.11,-0.0024965750785354993,-0.00616716866677167,-0.004793005227112862,0.008199985097200239,3
10.12,-0.0062534039168027486,-0.015627918783512888,-0.009466225707041885,0.019311818536518498,3
10.13,0.012519428182863994,0.01176739396155986,0.0077330712549432915,0.018841656872644583,3
10.14,-0.003253252608282212,0.0029093048271576134,0.003695414751765628,0.005718723397593612,3
10.15,-0.003178960122521727,-0.0052385108232280465,-0.010169931657491025,0.011873301690081781,3
10.16,-0.021191193385296084,-0.0043607593560802335,-0.016169368468051785,0.027009838502114098,3
10.17,-0.008049750147395604,-0.011992176396625299,-0.009397046752197727,0.017231229202417982,3
10.18,-0.025195094996634665,-0.007826961788229472,-0.008712988553915309,0.027784353731273085,3
10.19,0.001375908342754393,-0.007919124299161268,0.003490257121169142,0.008762850461185532,3
10.2,-0.004031017614582423,0.0010014503898461966,-0.0009590235405085817,0.004262831458508122,3
10.21,-0.003926900874728245,-0.0018557676772425868,-0.010523034658684937,0.01138414171467152,3
10.22,0.005702131477334035,0.011963404761982377,0.0018717113630900973,0.013384343850579558,3
10.23,0.010241156149706294,0.010511630699167291,-0.006013278875533622,0.015859860720488127,3
10.24,-0.023728370191512138,-0.01309366705753623,-0.009431517270302225,0.028695525556766868,3
10.25,-0.00854659835457203,-0.00611181277184503,0.000989856513536285,0.010553597240270806,3
10.26,-0.0004967015829097671,0.004176012088054787,-0.013430896761691466,0.01407390412235564,3
10.27,-0.014200829811067125,-0.019869195644154583,-0.016186695143086224,0.029299447136828288,3
10.28,0.006110760534072885,-0.014542526228282497,-0.0018097512508817083,0.015877709626867943,3
10.29,0.008940439768214122,0.022185564049928157,0.0001867677661093834,0.023919983228693674,3
10.3,-0.0021291180644747937,-0.014815845562379368,-0.0010576881269559195,0.015005369959939436,3
10.31,0.011423968818070321,0.02241042924494572,0.014712034436997798,0.029140665053741834,3
10.32,0.004085588714134637,-0.002854938235339868,0.0023931577906389865,0.005529006391709627,3
10.33,-0.007387214018097173,0.00687816865383733,-0.009680719489045881,0.013985580603085256,3
10.34,0.003970587655113438,0.014129179174263476,-0.016982388280677368,0.022445506948631566,3
10.35,-0.012362383621696435,-0.009559924499917442,0.0013587687800257616,0.015686520896989322,3
10.36,0.006844810279198819,0.003954016923029336,0.0008249235434456786,0.007947715170938072,3
10.37,0.015254198201329283,0.005273880013922117,0.012404709641710128,0.020356355136954673,3
10.38,0.015544352862489154,0.011238632999604342,0.007746222573859896,0.02068665612845989,3
10.39,0.004922331865424297,0.006169515374938725,0.0006594676198386697,0.007920048516050418,3
10.4,0.004639718508448298,0.020463402995137298,-0.001598139059335243,0.021043571427683202,3
10.41,0.01833878500402892,-0.0015957877053435904,0.010872386563132087,0.02137911044460683,3
10.42,-0.0002857445050990868,-0.001312387954237561,0.005283906520857819,0.0054519427900323715,3
10.43,-0.004133245953579071,0.0031309166541659303,0.003928870178066752,0.006505565469981347,3
10.44,0.02631920493451556,0.008073766378066395,0.01451141588714853,0.03112020955845912,3
10.45,-0.0015080532537050497,0.008352093294315435,-0.0010571045514449848,0.008552728046982724,3
10.46,-0.00852126413449684,0.004327060323181484,0.0008761509616079886,0.009597032562091275,3
10.47,0.009757171037528226,0.01369076886922806,-0.00014542239251562686,0.016812515771247583,3
10.48,-0.008225230876600726,-0.008983728007211315,0.0019054296523440982,0.012328521973090329,3
10.49,0.015786292141733212,0.018177268722692867,0.0006655175125704774,0.024084497739431356,3
10.5,-0.0036510912920412362,-0.0036144532367800965,0.0027868799470286364,0.005844778837803856,3
10.51,-0.0038724344498956144,-0.005700373811397472,0.0037031616443152877,0.007823261233164363,3
10.52,0.005467806734265758,0.010364828989412146,0.003502768242313857,0.012230943374180214,3
10.53,0.018651980052318357,0.00921568749542153,0.0098138266584352,0.023002966103682455,3
10.54,0.0019967877347996654,0.008968474268190571,0.002245795713990223,0.009458556462062255,3
10.55,0.00044727983674892197,0.0077584669212217685,-0.0017378432835144307,0.007963288736326892,3
10.56,-0.004215975021313786,0.006012209939617409,-0.00577123229050157,0.009339605767338584,3
10.57,0.018298091034513842,0.00697738484361257,0.010430391324291943,0.02218776910689975,3
10.58,0.0006058573011053347,0.005261247984525284,0.0001633978925712233,0.005298536807012925,3
10.59,-0.0183109794194231,-0.015018520556317205,-0.006816482158074901,0.024643708243898933,3
10.6,-0.021165493674360877,0.0022725052235610266,-0.006019378262604248,0.02212182897363676,3
10.61,-0.000881590328578161,-0.011010569996441113,0.005284113175497905,0.012244660273173868,3
10.62,-0.00331422576806529,-0.0010303236279954127,-0.003454812283073077,0.004897079449160101,3
10.63,-0.011051670097886997,-0.008281294913556447,-0.009296207770574699,0.01664748438387971,3
10.64,-0.0254273844885844,-0.017415773337677135,-0.011737174384441156,0.03297911923339418,3
10.65,-0.004329662818126329,-0.013151477509849657,-0.003099919119856117,0.014188616541453099,3
10.66,-0.015163914600972588,-0.0165343026389936,-0.015915469419914556,0.027506901618314913,3
10.67,-0.017568395665950802,-0.023287058230429585,-0.009988331579445309,0.030833461937378386,3
10.68,0.005243998657659152,-0.007629952265503507,-0.001999308573001215,0.0094716908873479,3
10.69,-0.010768482908761121,-0.010168525711175649,-0.006809022738582077,0.016300979416883157,3
10.7,-0.01444844813474153,0.008623817538915002,-0.004798614050515573,0.017497273480534602,3
10.71,-0.0062767882289047824,0.0027038593371123696,-0.01596811398200498,0.017369213854625382,3
10.72,-0.007306912520727979,-0.01021968311550728,-0.0022099693300080344,0.012756051818902745,3
10.73,0.004156137393412881,0.001802197343421316,0.006536331163539595,0.007952673662172902,3
10.74,-0.004163787557666958,-0.012108125371353353,0.0006257995264077607,0.012819338979878999,3
10.75,-0.005498120282833393,-0.024992863249049646,-0.007190939847071028,0.02658161311723565,3
10.76,0.015424169798373924,0.011229699690176748,0.017893452288579907,0.026156964730341164,3
10.77,0.006038275231631239,0.0025645696546815703,-0.0036718923331562053,0.007518016932206004,3
10.78,0.011499535050822723,0.006665709369048671,0.00629999971283189,0.014709214260435718,3
10.79,0.012427583802762713,0.005288452326230021,0.016214861978952007,0.021102945675378147,3
10.8,-0.0007236657569992529,-0.004364716098800589,-0.0031433700380388337,0.005427265789237025,3
10.81,0.003558283667551046,0.006568128637716593,0.00022004187620101412,0.007473293443163825,3
10.82,0.0056967117868103375,-0.004777044876918006,0.0033161145064764443,0.008140595700446984,3
10.83,0.026899050265567676,0.019588777846958057,0.015538269121193158,0.03672488162009016,3
10.84,-0.014352676917930341,-0.02384355369795184,0.008926066329173286,0.029226512754182702,3
10.85,0.005339517853631459,0.01907070526173258,0.00417315477862761,0.020239008644088927,3
10.86,0.009440281104842768,0.012752435451431662,0.00429386007932185,0.016437175902878704,3
10.87,-0.007803647766298286,-0.010636133772576795,-0.0008971401579578545,0.013222296341847036,3
10.88,-0.013020793562522984,-0.011853132229283057,-0.016878976071457805,0.024391343584631697,3
10.89,0.0007757933660864826,0.006929103750665468,0.007478555769715601,0.010224633515930856,3
10.9,0.011686573354511523,0.015675626961934974,0.018729749555095886,0.02707590803309717,3
10.91,0.01652595894137912,0.007234833301355548,0.021466635410875998,0.028040445212122206,3
10.92,0.021889829722086425,0.010943709156637373,0.01212526366559431,0.027312111495217437,3
10.93,0.011002269139287778,0.0029214441048569986,-0.0003885029222142969,0.011390157873870625,3
10.94,0.0003117688399999945,0.006086661266678912,-0.00307680448122881,0.0068272520826899285,3
10.95,0.005360264606931418,0.0015827168188609748,0.0020756308829637618,0.005962019183744712,3
10.96,-0.001427306941400962,0.003331942872466109,-0.0024554362992510706,0.004378152102203494,3
10.97,0.008080928779874581,0.00881959058394191,0.00034768829685427605,0.01196693257127872,3
10.98,-0.001532261966053083,-0.004367427984113985,-0.004694578487795818,0.006592520087728977,3
10.99,0.0002029717132685275,-0.010373405367482151,-0.004577205032837398,0.011340173823497005,3
11.0,0.008043485333289115,0.014084058742748639,-0.004413028950519407,0.016808723672371854,3
11.01,-0.009770846480479031,-0.005698257964943183,-0.002128119193415493,0.011509495040248782,3
11.02,0.011412742031186926,0.009572500916199548,0.012509073848648928,0.01945148793825332,3
11.03,-0.01704349749789114,-0.012040632418975133,-0.0048280727936737995,0.021418868385386508,3
11.04,-1.9639402082369684e-05,-0.00991377901894821,0.009866869380140942,0.01398708373848583,3
11.05,-0.013711861173585065,-0.012800836770583805,3.600714307135707e-05,0.018758407591934666,3
11.06,0.009934844401615465,0.009115947010493362,0.009876228889541948,0.01671351310350568,3
11.07,-0.007942600468571176,-0.009757567793957804,-0.010852289573584476,0.016615270700351528,3
11.08,-0.005815039397395645,-0.0010753922698439455,-0.00802277427193835,0.009966747651354455,3
11.09,-0.00951074188535273,-0.007662954344796407,-0.006949812892029656,0.014052579113260973,3
11.1,-0.0025879485027699607,-0.012818404729943193,-0.00279182950887098,0.013371734714696597,3
11.11,-0.009814489197299409,-0.021597865847948382,-0.01114048024367384,0.026208821176267525,3
11.12,-0.026095849529371107,-0.015030243935449356,-0.003168391977455127,0.030281022161437885,3
11.13,-0.010956035865794352,-0.01403563341814561,0.003815165024949241,0.018209591195541268,3
11.14,0.0030698387246531345,-0.0001915630102191741,-0.00368473915636916,0.004799782165134614,3
11.15,-0.0068498759596272475,-0.011482895833759488,-0.004724692732430036,0.0141809879348065,3
11.16,-0.02972622776875363,-0.012515175533736505,-0.018815563293972805,0.037340375708735885,3
11.17,-0.005476864671381727,-0.014668860532487036,-0.007327786553138312,0.01728779834792562,3
11.18,-0.006574594309929594,0.0027269185984072214,0.0037686434850913424,0.008053822018161266,3
11.19,0.0017249646880843107,-0.010048835381068322,-0.004716615855769033,0.011233924551190478,3
11.2,0.005058022067518801,0.008102549396175922,0.0035597656281600555,0.010193469737062437,3
11.21,-0.013488318772847997,-0.01070678799120208,-0.02330188459911304,0.028974952601805826,3
11.22,-0.006030330984414193,-0.0035054529691647108,0.007686700260106411,0.010379713540812747,3
11.23,-0.013171117393080575,-0.006936364691202319,-0.005435074326576407,0.015847129754219782,3
11.24,-0.002862712927962338,-0.0034065589366255263,0.003922685209433354,0.005931882361353193,3
11.25,-0.00614155809133437,0.0011638018698829702,-0.000971192690983092,0.006325850600875487,3
11.26,-0.0017100069511283215,-0.004618588653292608,0.001154505126759802,0.005058494539776145,3
11.27,-0.0030198162383812087,-0.011775216843575312,-0.006139190704540937,0.013618541931261673,3
11.28,0.00932811321892154,0.0027413585424565894,-0.002297111776542851,0.009990268534791763,3
11.29,0.025076327703270847,0.014120656062983522,-0.000780353654356759,0.028789305141958012,3
11.3,0.0006437866058312536,0.0022892404483233703,0.011262696888564136,0.011511013171209552,3
11.31,0.012823772641047277,-0.00015331840545866442,0.013833915730624709,0.018863983559279065,3
11.32,-0.0006758450509444756,0.006925689659429883,0.007330373941669406,0.010107241261408871,3
11.33,-0.03425046409515999,-0.013391363449568603,-0.01739493203434195,0.0406817719163222,3
11.34,0.009205337796777888,0.004096351861443651,0.008528948087254722,0.013200806717796698,3
11.35,0.009718315317372623,0.01131506674906421,0.0003183261349305735,0.014919038832037329,3
11.36,0.029492609335213398,0.03741367807453848,0.020514000027111366,0.05186927327018418,3
11.37,0.014760922438736945,0.011637755372402536,0.005945314682548886,0.019714688636263657,3
11.38,0.0036812845455851326,-0.00749812156982513,-0.0008615425210730012,0.008397376881923166,3
11.39,-0.013028057928875424,-0.011749071263474242,-0.011273129363534546,0.02085316317970285,3
11.4,0.010710322567452293,0.0023037634927078957,0.0038055152869564605,0.011597425676781502,3
11.41,0.018085782627678525,0.014465577557947097,0.001751300871711427,0.023225320710032794,3
11.42,0.03766552544923954,0.03593722873392746,0.007677464116636359,0.0526224255589209,3
11.43,0.0073443560348295175,-0.009080684172939042,0.0005787595761175303,0.011693303778742349,3
11.44,0.014565762417044041,0.02092197162909837,0.00865536238462511,0.02692221442689574,3
11.45,0.005229484491601222,0.005679100719106279,0.00030684787746992903,0.007726179433947864,3
11.46,0.011630745017853186,0.01377282727358872,-7.933253126492408e-05,0.018026960210444327,3
11.47,0.006519858266685408,0.008020334988927957,0.02160008246870205,0.023945727965693955,3
11.48,-0.013965548657115006,-0.0148244045348883,-0.008867376025722644,0.022213281538075915,3
11.49,0.00126384531990298,0.004739267428306164,0.008244740321916145,0.009593419813886723,3
11.5,-0.0033528126318661594,0.005850792346375469,-0.01353087378933576,0.01511812386269343,3
11.51,0.0008308344967163826,0.010404145396504706,-0.016337632870556215,0.019386974369550884,3
11.52,0.008073047936955567,0.014580883724208328,0.012426190390142615,0.020789095237247302,3
11.53,0.006425009980638038,0.0005581727150949243,0.0045386821180694375,0.007886187000069054,3
11.54,-0.008928513102326362,0.004364558740602666,0.0014172945540183966,0.010038747086735219,3
11.55,-0.0028360291043593197,0.006485561399378819,0.002236219965506173,0.007423358234654589,3
11.56,-0.014133741525283218,-0.002481467474022686,-0.015814801503713984,0.021354818588085026,3
11.57,-0.02096621432876913,-0.024114190163159292,-0.007868623724341894,0.03290883695635822,3
11.58,-0.014365916869899877,-0.014279741447177544,9.660743648559535e-05,0.020255861282796602,3
11.59,-0.010144721860481267,-0.00593418428825974,-0.01506988162075687,0.019111024484762217,3
11.6,-0.002856576841132449,0.004882359384980145,-0.0038081005541920915,0.006819024434934667,3
11.61,0.02628854818470732,0.006852667941715858,0.015462275074462316,0.031259059071850476,3
11.62,-0.003042296569830524,-0.011201292389102991,-0.007826956703732397,0.013999491806743581,3
11.63,-0.02116703600171756,-0.013942194429998757,-0.0034460781390754387,0.02557935990525387,3
11.64,-0.00546269582786536,-0.012339989500711426,-0.007544355884940734,0.015460714482328613,3
11.65,-0.00971193585851906,-0.009804443637853804,-0.017233808174153716,0.022078336833905032,3
11.66,0.008026744249671296,0.004736904988546979,0.005893598510796383,0.011027302277829054,3
11.67,-0.013613906211425927,-0.025662685511113566,0.00023550857680052027,0.029051115886753236,3
11.68,-0.0014560116030841175,0.0008128800271163961,0.007826342496555894,0.00800202353159481,3
11.69,0.008177240874725433,0.004285656771271961,0.01432287104613036,0.017040503434127437,3
11.7,-0.00489714041856788,-0.015843015722849376,-0.011615338275256206,0.020245967863311832,3
11.71,-0.010773916259207157,-0.012360723609283798,-0.004920867119738335,0.017119570465278504,3
11.72,0.008535344572211813,0.01203735621991315,0.01085189568083712,0.018317032827377875,3
11.73,-0.0040432515788193825,-0.005784727581727992,0.0021763976548242144,0.007385638989035028,3
11.74,0.019324856578014322,0.01340157186511976,0.006732912744453919,0.024461895352593244,3
11.75,-0.0007037615246558982,0.001483035842281864,0.009499983603141925,0.009640765739973361,3
11.76,0.00037661915209039965,-0.01502535704828163,0.0041727014308947565,0.015598545882403876,3
11.77,0.010031373501661299,0.018181864890389858,0.011897974610582531,0.023932623447008278,3
11.78,0.0064441351256610945,0.007957547768966185,-0.004825836690439641,0.011319812002677043,3
11.79,-0.009175155647642274,-0.0033058674051695196,-0.00643121399730275,0.011682155363550297,3
11.8,-0.0020990967737825484,0.003478769195746952,-0.005161879527174645,0.006569097551113619,3
11.81,-0.0010201506472573424,-0.0015724127796840205,-0.00080939613650761,0.0020416442879714987,3
11.82,-0.009347648797149343,-0.006872168850957671,-0.006269763003385569,0.013187690126384637,3
11.83,-0.0021144793054557135,0.016571119323169344,0.006957199681051937,0.01809628817625167,3
11.84,0.010474828995969897,-0.004346128204194672,0.0005391652805445419,0.011353482816380742,3
11.85,0.01574087606074634,0.01578149338989295,0.00565299632796764,0.022995370844129205,3
11.86,0.006527326229724949,-0.0039012910458459168,0.007662792254251977,0.010795575235506302,3
11.87,0.018394581513274184,0.023913865308389626,0.000663159248821904,0.03017736508089444,3
11.88,-0.002105105799265811,-0.0008979608117326494,-0.001839740402633086,0.002936400652940715,3
11.89,0.02977265632361585,0.009509500185371495,0.014534136765277886,0.034468576846912694,3
11.9,0.022720079193350944,0.02004185619618773,0.007629657045817915,0.031242433723665093,3
11.91,0.015393590383079738,0.019194215950643106,0.003999037272926678,0.02492735144278718,3
11.92,0.010289139614209913,0.009848809973742314,0.0064136408976377245,0.015620507080867799,3
11.93,-0.015054700478142669,-0.003542846568299075,-0.012021663381631343,0.019588674246981432,3
11.94,0.02210304568984827,0.026821511474786057,0.011437987561296653,0.036589146833616894,3
11.95,-0.005253044667851569,0.0025701467337096075,-0.0051938396373154075,0.007821515370654885,3
11.96,0.0009808242831086597,-0.0028026173553973364,0.0019214815813252046,0.003536774205753314,3
11.97,-0.004176032485362734,0.007895775480883688,0.0023146931309601035,0.00922715135097733,3
11.98,-0.0015003684350796942,0.0026465688182424263,0.0020123326130928607,0.0036475902314259128,3
11.99,-0.0004929107755614638,-0.004301861543847761,-0.0018616889358909678,0.004713264205316703,3
12.0,0.024992253305455812,0.02099372885783453,0.025573296066689434,0.04146495928316938,3
12.01,-0.004486454035055435,7.629076739843529e-05,0.001314335924715067,0.004675635680081592,3
12.02,-0.0051483660056609775,-0.0025330237360390822,-0.007949574897712551,0.009803959548566306,3
12.03,0.002759314776087849,-0.008771745223568245,0.005782736413413878,0.010862659560519784,3
12.04,-0.0018851581625402266,0.00821612637737744,-0.002980298869316084,0.00894095829859843,3
12.05,0.002508394518850054,0.007780583074323907,0.004698034714714469,0.009428735133585784,3
12.06,0.011658964175238422,0.0034232605103089167,0.007401870167565669,0.014228065228218208,3
12.07,-0.011433069781394908,-0.003949804100876922,-0.003926368366265995,0.012717405616286832,3
12.08,0.008426379713494038,0.008616226156438483,0.006573052253998198,0.013727645252870914,3
12.09,-0.007555243090999056,-0.017738919565257225,-0.01077703003036008,0.02208835307989343,3
12.1,-0.015077507314411355,-0.011185181066438067,-0.011090836017868918,0.021804727603902577,3
12.11,-0.01764413845435038,-0.009775206640315202,-0.011644427154234397,0.023290834472114125,3
12.12,-0.0009380487172387427,0.012582246540350747,-0.0032331052324209076,0.013024816038700471,3
12.13,-0.002632989268534597,-0.0010746386903675304,0.0077920102429803175,0.008294751619534088,3
12.14,-0.009487238218625352,0.006978064979699635,-0.0012399094454049733,0.011842231855130203,3
12.15,-0.001335410455592166,-0.0030549756166365575,0.0013086034700548323,0.003581709109487863,3
12.16,-0.012451083360238665,-0.010371235537565516,-0.005936783728236619,0.017257966405551065,3
12.17,0.014148049113486197,-0.003167262353441277,0.020224502179243844,0.024884319016830317,3
12.18,-0.01272005475379855,-0.009281233437771891,-0.009557055894677284,0.018419511514696417,3
12.19,-0.0035558988669366154,-0.005536434249959407,0.0035618811336391347,0.007482213453663234,3
12.2,-0.02517125294557548,-0.02197175853164439,-0.005971802330073627,0.03394131068318522,3
12.21,0.014708907909841577,0.0062277045931690474,0.011474241546198001,0.019667091687905338,3
12.22,0.016150105838203317,0.0037624343924149498,0.005058373384801498,0.017336925114981142,3
12.23,-0.0023371561449616455,-0.008784802472320183,-0.007221105990144612,0.011609454123451162,3
12.24,0.0005762827495410696,0.0005820919234969742,0.0028565924912661972,0.00297170884778059,3
12.25,-0.013756625811770506,-0.004569090353629738,-0.005592476765204275,0.015536960344740941,3
12.26,-0.0026380328504452526,0.009229052679194312,-0.0025160726277705828,0.009922965894508978,3
12.27,0.0037957778449737166,0.00576215754774044,-0.0007274207367994471,0.006938265632108739,3
12.28,0.0029182090848159387,-0.01052344194482549,0.006372198346187583,0.012643721224068908,3
12.29,-0.017579459521397774,-0.009772149066662749,-0.008906625100030574,0.02199682397797544,3
12.3,0.006001132586295429,0.014875974923056229,-0.002763293686184725,0.01627710091588189,3
12.31,0.0005954439031650213,0.002736843180016593,0.01563655018246837,0.015885419907659706,3
12.32,-0.007966383626338272,0.004255467863315872,0.0050608567500320875,0.010352996950740883,3
12.33,-0.006413066293911451,-0.007063461885632446,-0.005301704546731498,0.010914576684449052,3
12.34,-0.006280658987119943,-0.00894521521211333,0.00799017788700177,0.013539072906571052,3
12.35,0.015434910160653896,0.0066011067833555365,-0.0013781414226791168,0.016843703162120357,3
12.36,0.030007823909947103,0.025209067192322014,0.006336044803530785,0.03970027743315843,3
12.37,0.04834200075426975,0.026619643434510763,0.01884400631833527,0.05831510119713219,3
12.38,0.000427078948424928,-0.0020462236337677425,0.008437722947572128,0.008692789893213955,3
12.39,-0.012199256537710772,-0.005359511524036671,-0.009402932600792925,0.016308321965923266,3
12.4,-0.0010861206490421094,0.010017763754519593,0.004794444816702508,0.0111589403531898,3
12.41,-0.007811485504481718,-0.012128807202220555,-0.009076828441713385,0.01704453239298932,3
12.42,-0.02533296535315443,-0.0063016591499538855,-0.01023348004068663,0.02803915397028683,3
12.43,0.010125332619044271,0.019051588181366833,0.005862383715827997,0.022357390628386927,3
12.44,-0.004493443347979572,-0.01161782588875546,-0.005882161696926996,0.013775512249340623,3
12.45,0.002125236599976005,-0.0022607575897815946,0.004014421429705145,0.005073779153738223,3
12.46,4.3407813824012384e-05,-0.0044546047967441585,-0.005329403756838232,0.006946073173878785,3
12.47,-0.00680327356913052,-0.012666102680902916,-0.010209644764012104,0.017633817924287573,3
12.48,-0.03153632337872187,-0.02000024847635231,-0.017397733840510056,0.041197460773066845,3
12.49,-0.014451565764891785,-0.0031617298518485824,-0.013387499055385603,0.019951677114243133,3
12.5,-0.019074715946637663,-0.012753281257057441,-0.016062847598515777,0.028009035046564344,3
12.51,-0.01555537203392664,-0.011282350896458447,0.0032090807771035824,0.019482280161692046,3
12.52,-0.012428344147382232,0.004175766168920831,-0.006797054566093263,0.014768233209078302,3
12.53,-0.001756134651616172,-0.005301010023383058,-0.0017307466657261873,0.0058463835149207425,3
12.54,-0.009605005153572873,-0.00560473946757907,-0.00592822437097734,0.012602105883234344,3
12.55,-0.01558540533817333,-0.011670888168113649,-0.009959788251581692,0.02187034229736978,3
12.56,-0.008399143740564684,-0.011502013754273753,-0.018913629990207396,0.023676303245748525,3
12.57,-0.008970405911896719,-0.012546694362733923,0.0017904526966317372,0.015527183985350553,3
12.58,0.0058288625770110455,0.0066560553674756984,0.015150819846897465,0.01754497232912392,3
12.59,0.025100190455422326,0.03047800004943971,0.008342231585531813,0.040354936200405096,3
12.6,-0.029666067199736586,-0.017149820447601223,-0.012578375873557385,0.03650215643082938,3
12.61,-0.0013320738121075752,-0.009013225484583132,0.001140154674995749,0.00918218966041087,3
12.62,-0.02870918446279347,-0.025614627563591313,-0.015554129749577185,0.04150008879516857,3
12.63,-0.001368917713346584,0.0006486671316496965,-0.0040528229712498256,0.0043266706357067385,3
12.64,-0.029589552370661076,-0.025912591626318884,-0.011059672373270773,0.04085731718177975,3
12.65,-0.011753343397273096,-0.005523569468551965,-0.013278560548914603,0.01857339686054583,3
12.66,-0.018540791997756417,-0.008554460310111592,-0.0030822962081182813,0.02065043120653715,3
12.67,-0.005473741923703651,-0.006643657665987684,-0.005324882076375546,0.010121976435333833,3
12.68,-0.014331552901203387,-0.027661193458257384,-0.01973760313087415,0.03687964220877184,3
12.69,-0.005031269461536765,-0.0038050316852282287,-0.008765256939594138,0.010799151250782926,3
12.7,-0.006395645366619738,0.003513246910735948,-0.004861197851049684,0.00876803444669387,3
12.71,0.007816643728124227,0.008781753155546438,0.008753306499433651,0.014657403669490756,3
12.72,-0.003480188022304177,0.010092208974437578,0.006588604862068827,0.01254488360578865,3
12.73,0.022775114715598677,0.02215730366516349,0.015104857651439055,0.035182505321383575,3
12.74,-0.0042035458802995255,-0.0068517831129027585,0.0006916985442871394,0.008068158195660983,3
12.75,0.007306591391734762,0.0007101939356632244,0.008169016504847517,0.01098287229500992,3
12.76,-0.012842151714224936,-0.011110379109839395,-0.00955622783084639,0.01948545290647793,3
12.77,0.002652211727798827,-0.0012533239040343495,0.0046662612954931565,0.0055117186371689015,3
12.78,-0.0028996652406491396,-0.0004108435946925202,0.005552704674645793,0.006277689078869862,3
12.79,0.015043005666914262,0.0013602079835593889,0.0017289521152287863,0.015203008276986084,3
12.8,0.010943148134178324,0.0018367068798531535,0.00033401063702193437,0.011101240757443029,3
12.81,0.007369258728242471,0.002689444793482126,0.00047030076743434165,0.007858770279936632,3
12.82,-0.0019063449559141299,-0.0011694465353823968,-0.009750718870318312,0.010003912973333922,3
12.83,0.016178363585495827,0.017681616230961306,0.014800301211459803,0.02816785254138892,3
12.84,0.012271139925385574,0.0049820101838554615,0.0024187109857644194,0.013462966366038685,3
12.85,0.024683729742219156,0.00024301385672555534,0.001305947680345908,0.024719447183650285,3
12.86,-0.034281574014195196,-0.016032664515817537,-0.0295151467746297,0.04799392188074894,3
12.87,0.01467332262661401,0.00818447782992836,0.015872615430032683,0.023113459170859805,3
12.88,0.012035550948697162,0.006649430629861355,0.011671940945821784,0.018036175309160605,3
12.89,0.00467835567460767,0.009450865812186581,-0.0027863390897629255,0.010907316899276,3
12.9,0.01717154567163027,0.020824877097607105,0.011837675709414928,0.029473175144266308,3
12.91,0.01272423345700876,0.012258406932987215,-0.0012414333195105284,0.017712024567788996,3
12.92,-0.0034678784411188626,-0.0022295444372730636,-0.001967366411819441,0.004568104626484331,3
12.93,-0.012376632594464636,-0.010640234989414143,-0.010097962343423758,0.019192823619715825,3
12.94,0.007663123316254892,-0.0028508065970961824,-0.0035215110953691147,0.008902336637590396,3
12.95,0.010103983597964513,0.009147039422251105,0.009951307728045998,0.016875643402206025,3
12.96,-0.01642791383718177,-0.020892000465101056,-0.005142823031286752,0.027070291191761946,3
12.97,-0.002730726025425118,-0.002213602572133038,-0.0033171358059024066,0.004833248486068958,3
12.98,-0.01354320457593153,0.005731213272431651,-0.0018258981733120152,0.014818876472220611,3
12.99,0.008017059895232157,-0.005688537841465737,0.004405224796323232,0.01077212688579505,3
13.0,0.00478016133223064,0.006717873610013952,-0.002480955172023,0.00861016299310661,3
13.01,-0.008245471771439652,-0.008921387405967342,-0.009392132931749718,0.015355491492903066,3
13.02,-0.010731211429215372,-0.013599873365920771,2.6477110850182776e-05,0.01732386086716823,3
13.03,-0.0004350584058353023,-0.004160859348736602,0.0005168670070610546,0.004215350262960955,3
13.04,-0.006633470419226832,-0.00376101263297714,-0.00456069102224509,0.00888527143246384,3
13.05,-0.012649437291701024,0.009661544918467897,-0.007089219648778217,0.01742442966747757,3
13.06,-0.03155724728663504,-0.01550394655727939,-0.007474139969119329,0.03594572274191739,3
13.07,-0.019613722558175187,-0.00873812198296142,-0.004541961493968852,0.021947261847230046,3
13.08,0.0059154294370853035,-3.452851785135276e-05,0.002286179374029462,0.006341932968261184,3
13.09,0.011621642419492699,-0.000328294475121187,0.019017389874577684,0.022289716629662143,3
13.1,-0.012520961512253523,-0.014675686056447507,-0.005728880967601913,0.020123874268134685,3
13.11,-0.005252820446496009,0.006293331540267183,0.0008295197083839517,0.008239311103814786,3
13.12,-0.010464632999734852,-0.011406981674168638,-0.0001704629979430855,0.01548085373510216,3
13.13,-0.01375138746037801,-0.007644547400562859,-0.016483139003271304,0.02278669860787336,3
13.14,-0.013861484421462632,-0.009322276858072975,-0.007694221311750437,0.018391482750969503,3
13.15,-0.025806726675282336,-0.016862085834719254,-0.012288448771740332,0.03318618769316318,3
13.16,-0.005077590874359723,-0.0043768743219453395,-0.01686056721191615,0.01814435682588467,3
13.17,-0.00032301266071849306,0.003861346913998454,0.0017623546903680946,0.004256786490287274,3
13.18,-0.0074223646135285985,-0.011049023109633798,-0.014200135547250423,0.019463202657673487,3
13.19,0.011105195404504338,0.012889056224455724,0.02151314950644352,0.027427517879239385,3
13.2,-0.012898461536724706,0.007195693961472028,-0.0009682422052660171,0.014801547708587439,3
13.21,-0.009972638622145334,-0.006642471894837936,-0.009786201699499704,0.015470801455157633,3
13.22,-0.014485570618018969,-0.01270012486931169,0.007277717292896507,0.02059344790997973,3
13.23,0.02043412930336356,0.01314381467196031,0.016165986130554613,0.029183087775125932,3
13.24,-0.00691552457130363,0.0012969111288399678,0.0007709902386680862,0.007078197829994207,3
13.25,0.0025925669082710965,-0.0076999833940589665,0.0037745756659709863,0.008958714690221277,3
13.26,-0.0061706578182775754,0.005553720550034667,-0.00449824736336682,0.009442195676863727,3
13.27,0.0152370890828537,0.011643512825332344,0.005570274527895432,0.019969182080110816,3
13.28,0.014733951569134474,0.013327558945845308,0.01025213147929037,0.022356640091150508,3
13.29,0.00719116622212349,0.004341469407156449,0.015998162953195595,0.01806937868673091,3
13.3,0.00732548896737395,0.0052246005788867626,0.008226593584489066,0.012191639833278294,3
13.31,0.011015051982936851,0.0005639579643689661,0.015422751685685757,0.0189607670818113,3
13.32,0.010961596695136504,0.0005010983593379927,0.006202758679480886,0.012604837044104705,3
13.33,0.017488472110803323,0.0023365249541886755,0.004886207113029888,0.018307949791915967,3
13.34,-0.005120035559489708,-0.014852234505011646,0.00857224552768676,0.017896564678989188,3
13.35,0.01822057999914758,0.02266547678400424,0.020263872175001342,0.03544485701588265,3
13.36,-0.0036333746978598177,-0.003707353534949152,-0.008012123198420682,0.009546727191808654,3
13.37,0.006972723376248177,0.007976904025324805,0.002907027448829204,0.010986386016300687,3
13.38,-0.003558317240535528,0.0007848281890186467,0.0055206025888798185,0.006614728249513899,3
13.39,0.0051592127315118206,0.004726624098865369,-0.000776315513587806,0.007039965707132785,3
13.4,0.007526887215170242,0.011123740184626845,0.002549364935405798,0.013670804234530314,3
13.41,0.012919941966584478,0.019836022428509847,0.014078176782913395,0.02754247170707847,3
13.42,0.018857348417508895,0.014278593591213294,0.00945516114781324,0.02547308180439657,3
13.43,0.004742674297364141,-0.002037215868336292,0.0009376353190955799,0.005246176510249641,3
13.44,-0.01241719897599792,0.0009528916798083129,-0.0026029753638279855,0.012722826482651847,3
13.45,-0.008301071400139358,-0.017311985393584153,0.0009771671405774149,0.019224137959308003,3
13.46,-0.01083514562754412,-0.002295603893953165,-0.021036474100855275,0.02377400724749566,3
13.47,0.009093131781146265,0.007575434710599292,0.017367114764387223,0.02101639673881423,3
13.48,-0.028302691436568665,-0.014636335500870592,-0.011023443554329916,0.03371618257221834,3
13.49,-0.004962743602074117,-0.012077061532936235,0.003971250696476037,0.013647529865309586,3
13.5,-0.005940202891872016,0.0013557339281798928,0.004442205258141251,0.007540372168273958,3
13.51,0.0064178300213257305,0.002105364677876873,-0.0030993049525900053,0.007431473191678104,3
13.52,-0.010368501000297521,-0.01159362019470556,-0.015934032825099465,0.022266819357142198,3
13.53,-0.012967945565073132,0.00333318315966929,0.0005136676652620015,0.013399312542997815,3
13.54,0.0013389992343010235,0.00915505548643926,0.007091608667624726,0.011657567216360815,3
13.55,-0.003015028356586069,0.0016319374984251713,-0.005841292380849122,0.0067730578521337246,3
13.56,0.008782924561855369,0.008471083142167133,0.013050952703469251,0.01786690739688718,3
13.57,-0.011354943920186048,-0.014457549274046095,-0.010097706358639685,0.02097424983515151,3
13.58,-0.014151962653762534,-0.015903785414330976,-0.008998217252485166,0.023112255432594583,3
13.59,-0.016164088503267608,-0.0069833516857281605,-0.007542327116967804,0.019155460220192527,3
13.6,-0.0010178505236773158,-0.009958445111198835,-0.007220939467815999,0.012342958134870788,3
13.61,0.010334773328165892,0.016112251793914963,0.002164837520112001,0.019263922734053147,3
13.62,-0.027616193236064346,-0.009332992496353564,-0.009700269431152885,0.030722208657998486,3
13.63,-0.0003401224541613058,0.008270609996980026,0.006948813803460047,0.010807621675518048,3
13.64,-0.006875435759053826,0.00015568775228773715,-0.002001796187303015,0.007162614294277569,3
13.65,-0.0040525585158454605,-0.009821564700216178,-0.003410352866653508,0.011158712755509743,3
13.66,0.011938133851799069,0.0010281732774913887,-0.000690082993809525,0.012002182913552158,3
13.67,0.008487522307357026,0.016465119952890166,0.0035118925903120444,0.018853954480342678,3
13.68,0.010787299074383198,0.010670596413278067,-0.00010242967779538516,0.015173593541878753,3
13.69,0.004065397262731718,0.008810400919873413,-0.0036817769264077334,0.010378154971311674,3
13.7,0.0033264687651078607,0.012502201484995437,-0.003579949478759759,0.013423355567336082,3
13.71,0.009136361875420586,0.022846703401571904,0.00593233773687418,0.025310819735093082,3
13.72,0.03220948706013923,0.016145585227188376,0.01707116566598441,0.03986923219979493,3
13.73,0.004475052305773964,0.013367302771325966,0.001100723836952922,0.014139394240382014,3
13.74,0.007426301760336359,-0.007863470497130463,0.010363122192188115,0.01497926659302911,3
13.75,-0.0030455743040420447,-0.004575099387639211,0.004797535571947445,0.00729543725984392,3
13.76,-0.014840527353361839,-0.019837578923142175,-0.011802640090231839,0.02744217744198378,3
13.77,0.021173997149900585,0.019028541753041698,0.018902111893275543,0.03417182158704973,3
13.78,0.004425025850933552,0.017417570877274004,-0.010997724917280526,0.02106899576160351,3
13.79,0.015092796790438826,0.004907305248566296,0.012403478788427076,0.020142503464441734,3
13.8,0.011415207048512059,-0.005630500783145195,0.006628837679968697,0.014350992300770384,3
13.81,0.02542261676355511,0.010006487178566777,0.009265473427275333,0.0288494060006954,3
13.82,0.0043024284578591435,-0.00660307463619275,-9.776810781047954e-05,0.007881690420781132,3
13.83,-0.008484112192139542,-0.025969108502769952,-0.0017373147267212966,0.027375043718268873,3
13.84,0.023904478761436986,0.020893812088207307,0.008226601314237258,0.03279714099760404,3
13.85,0.010839155090022043,0.010400145812398282,0.00903282651088101,0.01752832766582058,3
13.86,0.008408954932494491,0.0011749088482289104,-0.008962994458408367,0.01234610074152277,3
13.87,-0.019261301857185303,-0.009686823931856155,-0.011037502817139217,0.0242210399355343,3
13.88,0.012680265125164684,0.01414938015872022,0.0081579662607622,0.020677197489799907,3
13.89,-0.016276451129668617,0.001216857923025368,-0.007520818033067757,0.01797126340766941,3
13.9,0.014779354567875262,0.012795415972449707,0.0002805018979341982,0.019550720515258285,3
13.91,-0.0006188531578833405,-0.008711999703544448,-0.00045346965451359444,0.008745716253866541,3
13.92,0.008432683580555708,0.011863082423569222,0.0067460728822745465,0.016042206091779608,3
13.93,0.0013996803922315072,-0.007060392010893826,0.0030188221357058407,0.007805224380818164,3
13.94,-0.003880618383547623,6.662502131540415e-05,-0.0034108862618804263,0.005166989744878315,3
13.95,-0.010285900877030692,0.0060380265707664915,-0.0008882848506093634,0.011960207845067117,3
13.96,-0.02655430257070327,-0.016632062231236318,-0.014393713784053045,0.03448094365845306,3
13.97,-0.005323513219804657,0.002087025672456685,-0.004389358688596984,0.007208463002338991,3
13.98,-0.0006229628357300098,-0.012420971666688855,0.0050597326215507665,0.013426448303292017,3
13.99,8.821935493446946e-05,0.010874277854600073,-0.005946058904818433,0.012394083992502278,3
14.0,0.003922368907117,-0.01870234652492473,0.002396855734285379,0.019258963128706046,3
14.01,-0.0014459275864653724,0.012933223894968184,-0.008104820968008766,0.015331246192862214,3
14.02,0.016883830697817993,0.02853259508482521,0.013175919603462066,0.03567600844691106,3
14.03,-0.013444861334501516,-0.011683088139341798,-0.004241235549895878,0.018309749418419233,3
14.04,0.013491637701193191,0.005825491820588215,0.014012312742123199,0.020305308448656127,3
14.05,-0.00573733709553215,-0.0050829357378489185,0.006048899737681463,0.009764346404106825,3
14.06,-0.00041643102674313644,0.009112575047367464,0.0004048083940399787,0.009131062842288607,3
14.07,0.003542766781552893,-0.010057516210940205,-0.006115922708747661,0.012292653878686041,3
14.08,-0.048577718124224845,-0.03565132604532836,-0.024587615044196764,0.06507966318680947,3
14.09,0.012406209680699562,0.011460408656178651,0.00216400157752846,0.01702756318548382,3
14.1,-0.0008771209388048415,0.012201822354267805,0.011380810453572828,0.016708580325286524,3
14.11,-0.015232686544133235,-0.018522731892052363,-0.004188393119918307,0.02434479355064755,3
14.12,-0.011655533180907285,-0.0033761295543918886,-0.0007352082821576941,0.012156900744738451,3
14.13,0.004565826731878051,0.005390622362902715,0.011600631936938225,0.013582350479253219,3
14.14,-0.008626916936735663,0.0021039361631846557,-1.1165140601978457e-06,0.008879766013735748,3
14.15,-0.011618233420436526,-0.000542016253147321,-0.003292565987848047,0.012087932834639587,3
14.16,-0.005037494342791484,-0.008572811525568831,0.0038840440035841067,0.010674982179299394,3
14.17,-0.012534834898897144,0.01584060484479294,-0.01688835524108051,0.026329895376556646,3
14.18,-0.01576416107657921,0.0011319264757096992,-0.013977777416238051,0.021099011670991655,3
14.19,-0.0004413983220203588,-0.009020424776855612,0.0010935587637488729,0.009097184531675994,3
14.2,-0.03040261289477328,-0.026932514900815954,-0.007533864598095155,0.041309058879312896,3
14.21,0.007569755465634386,0.01132883990906109,0.0039058660290033514,0.014173905634339441,3
14.22,-0.009522552625592987,-0.010477177021654472,-0.003304187222252196,0.014538497173021943,3
14.23,0.028362693879861806,0.018787932148832787,0.0019539024295974483,0.034077067556588285,3
14.24,0.011447283367781703,0.02183655050024545,0.01233896941539843,0.027570371787232015,3
14.25,0.016118845623027882,0.02048451225195059,0.017676827880380802,0.03149448634812016,3
14.26,-0.01164077377827645,-0.010859750151593423,-0.013238273019828179,0.020704918740713587,3
14.27,0.01873005393716734,0.01134818946217799,-0.0027787606813938926,0.022075276566402197,3
14.28,-0.013211102256227387,-0.025604438405902336,-0.0009918955037395115,0.02882888040830725,3
14.29,0.003722006731307295,0.006281214472455666,0.007595119742206028,0.010535313628712299,3
14.3,-0.012249020541678847,-0.02564155514567855,-0.025690042247801127,0.03830804256566957,3
14.31,0.004922598225529033,-0.004815393504968433,0.005354362734451503,0.00872291168072661,3
14.32,0.01164438517730789,-0.0014819587364598222,0.0036107233761905905,0.01228109242508363,3
14.33,0.0042383710852667116,0.011257881552762306,-0.0015652370788169557,0.012130690566713594,3
14.34,-0.001962921455919235,0.0013495150573036593,-0.009832819210188878,0.010117241973594227,3
14.35,0.014945469077305134,0.015327575825821962,0.00844942832422609,0.023015092127628773,3
14.36,0.006148479129540529,-0.006827074101008456,-0.0009646303801632439,0.009238140947040684,3
14.37,0.003847303000812165,0.01308779520380127,-3.760330433269336e-05,0.013641610523878717,3
14.38,0.008512120723299028,0.006275442454201751,0.01613045165891721,0.01928804935509756,3
14.39,-0.009520376038779615,-0.01675687501301505,0.006719667322386344,0.02041039806189786,3
14.4,0.013193432520998083,0.005933434830719921,0.012382646127867093,0.019042117416519417,3
14.41,0.012351208826662173,0.022766359715732078,0.000671050169858441,0.025909646900650594,3
14.42,-0.003712238609179688,-0.008451612087960723,-0.005092305467336269,0.010542392392123859,3
14.43,0.003526957290125952,0.005277971816503775,0.0009364554467022042,0.006416647335317641,3
14.44,0.0010605840382803605,0.001279564688172139,0.00708108675966265,0.007273507681397046,3
14.45,0.01080294396240265,0.0021447239627392584,-0.002734604362211791,0.011348193695429578,3
14.46,0.02752244621816047,0.023836970459788498,0.008119021532535022,0.03730421849038165,3
14.47,0.012682577191223891,0.012749884446337541,0.0068107011239795425,0.01923000175263873,3
14.48,-0.019132674919294386,-0.014379267875612268,-0.01040157439779606,0.026096270694467013,3
14.49,0.004937822433318255,0.002134737243891501,-0.0028292306500388013,0.006078136190853038,3
14.5,0.026910212926929074,0.011053875554038028,0.013414939766315631,0.032036047407111516,3
14.51,-0.01879263768889171,-0.02594566758335669,-0.015926987092355224,0.035777224815405254,3
14.52,0.009945030825622255,0.013803702302100696,0.003390044753063242,0.017347571553256915,3
14.53,0.000439106024899767,-0.00503774798277133,-0.00887996824207187,0.010218882268586171,3
14.54,-0.00523171353739903,0.00010962485771819162,0.0020784339585839117,0.005630517903979064,3
14.55,-0.004656272395029368,-0.000598838753097691,-0.012762878678467277,0.013598917333015844,3
14.56,-0.012088146386753752,-0.007569299593852318,-0.01567072520514217,0.021189365442696926,3
14.57,-0.02560396890074167,-0.001850645123358502,-0.01634756822569762,0.03043404504394044,3
14.58,0.004623420332750135,-0.007347611430870383,-0.007353359263739537,0.011376963644750236,3
14.59,-0.027674792202608673,-0.021417223384875304,-0.014299207198435278,0.037802895490676405,3
14.6,-0.00908397684833171,-0.00663634805300764,-0.007289208851396745,0.013404936275154964,3
14.61,-0.00561601626732953,0.00040129885305597267,-0.00019117218360412656,0.0056335802371278885,3
14.62,-0.009255806747678758,-0.007421824014097835,-0.00665581389915495,0.013603429306862265,3
14.63,-0.0019110753754146355,-0.007415639292623127,0.0013410204367308152,0.007774461461769679,3
14.64,0.019746854824438612,0.002471842941600185,0.007476812818128942,0.021259139514635355,3
14.65,0.0001877446094805577,-0.0024131514645913746,0.014378498114872556,0.014580800940580807,3
14.66,0.001832548141901218,-0.008413441085353785,-0.007072947927257072,0.011143195949582633,3
14.67,0.01148739531899246,0.01428575295714912,-0.004445771035639476,0.018862870112176345,3
14.68,0.006667724261348324,-0.006475468490150105,0.0029350938202239076,0.009747051591420685,3
14.69,0.0030712737279783384,0.003878202006662182,-0.0057789947633193695,0.007607230349550434,3
14.7,-0.001459548572655408,0.011284573758163488,-0.0020293358325444116,0.011558117963605546,3
14.71,0.004778134715798899,0.013093668719167176,0.009145695347328462,0.016670887057255383,3
14.72,0.010995483365824182,0.009952598109789516,0.006909318492920456,0.01636134302616123,3
14.73,0.011763361968026315,0.006995878516613062,0.009667448749245654,0.016756448499885272,3
14.74,-0.005702788621162413,0.0028472246695245337,-0.006349779878778121,0.008997121255454106,3
14.75,-0.010342867458232083,0.006367090008511374,-0.00892138948961653,0.015070034268722877,3
14.76,0.01342870450910722,0.0016002317228614076,0.01109412379504375,0.01749201043732608,3
14.77,-0.0019722660934035413,-0.012587586635093191,-0.010447938036569628,0.01647715327522216,3
14.78,0.009078172370154005,-0.0020489693463901044,0.00537354605105412,0.010746463889460253,3
14.79,0.005093071947146399,-0.00045485027157603263,-5.812370901284083e-06,0.005113345716066722,3
14.8,0.0022817186103760946,-0.0003408308863166456,-0.003539177681012858,0.004224711134241436,3
14.81,0.014457128004887118,0.024116287175597127,0.004919219913921776,0.028544747009687902,3
14.82,0.008784353972513459,0.007679147589649431,0.0017401383166643432,0.011796705632470237,3
14.83,0.02208690441823282,0.011861876030079365,0.012638435326951396,0.028076066270876637,3
14.84,0.016304981387050718,0.02483325539725214,0.008260541536624384,0.030834713200150243,3
14.85,-0.004309560071287268,-0.004179605629780325,-0.007834125838280928,0.0098699006519086,3
14.86,0.00037015373098674316,0.007403365169941426,0.007432638365012349,0.010497187370392066,3
14.87,0.0017902751867170902,-0.006149705735214928,0.009406212317510779,0.011379841652501225,3
14.88,-0.003838186607253195,0.007344371927048371,-0.00018729064444670748,0.008288941622451642,3
14.89,0.01706308385108894,0.010271126517283265,0.01353204364685109,0.024078228250924413,3
14.9,-0.0037879863064563947,-0.004939199101580692,-0.0019286569502862249,0.006516459595120961,3
14.91,0.0007824807845058504,-0.01406043308642057,-0.005424817903982027,0.015090947751787993,3
14.92,0.00452544116630696,-0.0015627090661091384,0.0058897253351897945,0.007590160861205903,3
14.93,-0.014658584956656739,-0.020935017434807177,-0.006883190438510137,0.026467477751761708,3
14.94,-0.0017706323914178984,0.00024108335930747072,4.6007261296869594e-05,0.001787561724742751,3
14.95,0.01644738345594785,0.0035359844831879747,0.006779256199555302,0.018137748576698875,3
14.96,-0.003213221642975762,-0.015701761930244636,0.004044289070026507,0.016529561250163402,3
14.97,-0.008716811201300453,-0.0014114006395997856,-0.004751095999680008,0.010027350721040683,3
14.98,0.00425457789377214,-0.0030340888599983467,0.0020802010093889864,0.005624443483937198,3
14.99,0.0032653498530905763,-0.004115116573590377,0.006375678985089519,0.008261112309987618,3
15.0,-0.03470590485748993,-0.003921123274088844,-0.0042387070131502565,0.035182974246801155,3
15.01,-0.008999131277739481,-0.011484396841408057,-0.005573265737992491,0.015618483458748911,3
15.02,-0.0031620004542196444,0.005700142508607887,0.01109567645167378,0.01286871817280773,3
15.03,0.0022545071226030243,-0.008074848403633261,0.007743671164740168,0.011412730708080111,3
15.04,0.005995483400309452,0.0065324368664334,0.005429896941336054,0.010397227198193519,3
15.05,-0.011144859982134221,-0.0030378865611697912,-0.0002448500283008812,0.011554073321399329,3
15.06,-0.007370807208906631,-0.01965262340370652,0.007103719543334127,0.022158908748156583,3
15.07,-0.015450659130882572,-0.021498204228854845,-0.008039368151993187,0.027668160273635105,3
15.08,0.00756936778985507,0.014807831605081197,-0.008216874472893166,0.018549507586074095,3
15.09,-0.032199438014444325,-0.025953488680681324,-0.02334414497871369,0.047490383109967636,3
15.1,-0.022740487749671127,-0.015356577444266982,-0.015726081140051855,0.031626948665943205,3
15.11,0.013940524244315848,0.018314803417247755,0.010073470409327708,0.025124590474401545,3
15.12,-0.004885349341837014,0.0069706960874701875,-0.0026416298499146664,0.008912656753158383,3
15.13,-0.008687930200755829,-0.011130196021132834,0.006820750363548596,0.01568068972219955,3
15.14,0.009587110061208057,0.0064955320657530255,0.009795456177465967,0.015167583125455375,3
15.15,-0.021723224824225,-0.019442524661177844,-0.0093027859158525,0.030601504664975503,3
15.16,0.002337731654821682,-8.143807684323238e-06,0.0009923931789983808,0.0025396652994600353,3
15.17,0.009290577540902808,0.0014051003127909184,0.0021546658958310643,0.009640110116341529,3
15.18,0.002445397927850759,-0.0017432327227782309,-0.0007722789752952692,0.003100846040516153,3
15.19,-0.03789803071758874,-0.010707122195277499,-0.016550026877676968,0.042717754946014354,3
15.2,-0.0010100950752141313,-0.004957958504162626,-0.00875646296840317,0.010113223438003652,3
15.21,-0.007367228527847823,-0.02680991586378656,-0.0125334633026347,0.030498120387383545,3
15.22,0.02705079230280685,0.016794268916164402,0.011215367651743332,0.03375762586737715,3
15.23,0.019084699200816957,-0.0009305955229475856,0.009631358756623827,0.021397542454959353,3
15.24,0.0031513221319519383,0.0048099088151208,0.000270459052655737,0.0057566658829803835,3
15.25,-0.01450856084221642,-0.011719914982666842,-0.010156889692497627,0.021237164432635514,3
15.26,0.007529306391537415,0.022119874504409186,0.01145858212198257,0.0260245731391444,3
15.27,-0.00632251430171459,0.003526104569526214,0.0012994351087841339,0.007355007282971242,3
15.28,0.0140761049376764,-0.007409269892406388,0.005566984672668973,0.016853051026467846,3
15.29,0.011781322012258334,-0.002335083373129345,0.0012972188079884974,0.01208035344482052,3
15.3,0.0032245373388177173,-0.00033241263269285365,-0.00386982842754567,0.005048139386590275,3
15.31,0.011966891271336946,0.010289783716699665,0.009962764200367858,0.01866394401375522,3
15.32,0.03818895590645455,0.03405714790207157,0.011803097246678721,0.05251284396281792,3
15.33,-0.013039953938834897,-0.00463632271159756,0.002370966222457133,0.014041273725735985,3
15.34,-0.007643722068538141,-0.0012568911931034035,0.0003416386550913167,0.007753900921665848,3
15.35,0.008569684091757755,0.0018562158108721668,0.0027507905912908678,0.009189769934345044,3
15.36,-0.005330169486322118,-0.006676369358467771,-0.0068471077680513255,0.010948401680195861,3
15.37,0.008503673068209391,0.008502451198297269,0.0062762336555952265,0.013564484543470224,3
15.38,-0.012704857403464992,-0.006376737541328804,-0.007275977960475094,0.01596922160265461,3
15.39,0.0025508234412938554,0.005390076399832346,-0.0015319318930275686,0.006156820539008659,3
15.4,0.0006406020521539401,-0.006695497885796842,-0.0032663578836244164,0.007477242590143054,3
15.41,0.007622162589449372,0.0047821702334154845,0.004905936114745194,0.010248644975962813,3
15.42,-0.0035659547657767793,0.005200987891323989,-0.005811349258997579,0.008575435187051244,3
15.43,0.009963422008388045,0.002091282523184878,0.005033868923595179,0.011357071675786284,3
15.44,-0.01515623967664686,-0.006675523841722032,-0.0003309356029968652,0.016564532534022645,3
15.45,-0.00014302740362066163,-0.007299148302353222,-0.003763432152122881,0.008213491604766188,3
15.46,-0.02615672427067371,-0.018876969472472523,-0.017802353302149448,0.03684342524971398,3
15.47,-0.03287400309565257,-0.018099778964587997,-0.003368520185916043,0.0376782298727374,3
15.48,-0.022863555886464937,-0.009525840372910353,-0.011640794963708654,0.02736771693018581,3
15.49,0.017588461973499173,0.005266553554446346,0.012436115412282806,0.022175381563407107,3
15.5,0.010223100902368927,-0.017852958004268983,0.003761384873560533,0.020913821212998313,3
15.51,-0.0033280762696447684,0.008516261321287954,-0.003580177609476512,0.009819392560868254,3
15.52,-0.01792176882262845,-0.002404093306590638,-0.0028803071005245387,0.01831026027537192,3
15.53,0.0027023868120926806,-0.013789925379709952,0.008518966666332952,0.016432824757850767,3
15.54,-0.027395847295649447,-0.01527072685282221,-0.01916105755861587,0.03675423342180652,3
15.55,-0.031959134358615256,-0.0216132258276931,-0.02745738235307866,0.04735425688693718,3
15.56,-0.009187519683979779,0.00453881657188395,-0.00035690796761536593,0.010253719184475046,3
15.57,-0.007641507901697436,0.004849441099372643,0.004470717991857573,0.01009440643875151,3
15.58,-0.0008717626573001239,0.006843355623877948,-0.0003530629008800878,0.006907687003440644,3
15.59,-0.013766590233365305,-0.012218214612248375,-0.00811335782655368,0.020115425677475696,3
15.6,-0.012429344252976326,-0.02794424857510656,-0.0053826756007495265,0.031053869704261418,3
15.61,0.017237729230519992,0.015563818355218164,0.01298046299108322,0.02660571687216547,3
15.62,-0.0053630419073912,-0.012826874901825429,0.0009425070006523744,0.013934821767564595,3
15.63,-0.008966941513324484,-0.02073675260165207,-0.00975564151791436,0.02460876855902303,3
15.64,0.0032410335269885864,0.02541369345826791,-0.0063059404556729155,0.026384180838986943,3
15.65,-0.006272096979208434,-0.010128560363102251,-0.012539891774988628,0.017296699722028738,3
15.66,0.022154896921184556,0.01974027961885231,0.010586244837190503,0.031505343622498884,3
15.67,0.005738481947110788,0.010988338536640082,0.011826130403402085,0.017132749901034482,3
15.68,-0.0016471615753579074,0.002362757023650579,-0.014923598988495292,0.015198998939981653,3
15.69,-0.006124483446168612,-0.027108615339314655,-0.008538723300621347,0.029073976657861805,3
15.7,-0.019242224105196028,-0.001512042001428111,-0.0028916214181841536,0.0195169396667298,3
15.71,0.008065995525518514,0.005282139603085346,-0.0013736129199567503,0.009738998668140346,3
15.72,-0.003858476455247512,0.0008877360825392477,0.0020159405809821295,0.004442964363349329,3
15.73,-0.01482250221146406,-0.016226209253890622,-0.011059517645253022,0.024603035770115148,3
15.74,-0.0073283296851757865,-0.012389025750990417,-0.009823117619369498,0.017426589304775038,3
15.75,0.022915606378043202,0.009219939644935695,0.013406739548214896,0.0281046787571632,3
15.76,0.005206141368984509,-0.002760515221211297,-0.005242198997900889,0.00788701480751648,3
15.77,0.010324599806163601,0.00231636869937611,0.003737300105758761,0.011221868703089841,3
15.78,0.010562637765378951,0.017153004075696223,0.0037511012729139204,0.02049062288323899,3
15.79,0.030422069581788717,0.0178295597399196,0.02452642769859664,0.042952778417851445,3
15.8,-0.0007626946733837858,0.0037600307142481603,-0.004322114748884135,0.005779291482475971,3
15.81,0.00570069941478806,-0.0007231136477662166,-0.0010870936186416205,0.005848302292207716,3
15.82,0.01837013627588233,0.016070913210543977,0.012099309966116675,0.027242053150808864,3
15.83,0.006077618698674812,0.003925553001510046,0.00467845935200943,0.008615996594854871,3
15.84,0.0092060224634283,0.0014941711141394018,-0.0004543030588953561,0.009337547225304766,3
15.85,0.0026037988581836943,-0.009420780483256374,-0.0028670506754221586,0.010185816264935352,3
15.86,-0.005942416166157375,-0.0010960176829248546,-0.00812529734241844,0.010125908431138642,3
15.87,0.016229997194606355,0.003453887123924488,0.005501720101993187,0.017481735305238364,3
15.88,-0.0014073201578664095,0.0029668351792969576,0.0018430204223321184,0.0037655524541538934,3
15.89,0.006257487725641808,-0.008245920024470721,-0.002234307241389164,0.010589781798292595,3
15.9,0.0031667630509037608,-0.003530822672116552,-0.002527664679957323,0.005374400961670548,3
15.91,-0.04545170768768747,-0.049341956089569525,-0.011724396653055922,0.06810248041995376,3
15.92,-0.0034694605490010215,-0.010646599622416054,-0.0027347104608866288,0.011526746346041753,3
15.93,-0.0025593611284036254,-0.005598496564512416,0.0033519755336858157,0.0070092248606296766,3
15.94,-0.03191789186166865,-0.011812777157756277,-0.013034906374623997,0.03644451000174369,3
15.95,-0.020923999185509825,-0.0032330698084935307,-0.009876643797510288,0.023362674825556824,3
15.96,-0.008778631985445973,0.0018990915226946205,0.0016487147431918413,0.00913176809012821,3
15.97,-0.012382730688316709,-0.004145533755769526,-0.007515099655851068,0.015066326435364987,3
15.98,0.003851537412904623,0.004061793351734893,0.0026016707654655494,0.006172616661277446,3
15.99,0.0107933669315605,0.0025065144404800973,-0.0029133499175854893,0.011457180809515678,3
16.0,-0.015124842330817474,-0.012574247641743514,-0.014148480867561139,0.02422915743784179,3
16.01,-0.018603034153572208,-0.018623994926704277,-0.015189911875537527,0.03039176680509833,3
16.02,-0.008793430535769486,0.002291124191525798,-0.011801617058942147,0.014894691532700911,3
16.03,0.0046216370424275455,-0.00022936000641858578,0.009869443237079289,0.010900369020102616,3
16.04,-0.0078930035165044,0.0033023424113503355,-0.00838398899727574,0.011978991669576977,3
16.05,0.005314864116365789,-0.0075441627226517215,0.0008727340444050374,0.00926951112376182,3
16.06,0.005957125100031117,0.016304131280694162,0.00757580526411532,0.01893950531759813,3
16.07,0.0007061138671204011,-0.005519730196733662,0.00908718259182959,0.010655651350120456,3
16.08,-0.0063965237998244535,-0.008064200784773701,-0.004062128713375656,0.011065610724352108,3
16.09,-0.017923100099982138,-0.010528364275058348,-0.009165012061859676,0.02271742541742655,3
16.1,-0.0019818314931306803,-0.01259195043923418,-0.008682124358330259,0.01542284524025337,3
16.11,-0.010404970086783741,-0.007504158908802214,-0.015751923458641532,0.020314991904559584,3
16.12,0.01854939030140797,0.009229473355149315,0.014276687326069466,0.02516121737861131,3
16.13,0.011976310569018416,0.01782280606874298,0.004795538365779255,0.02200185490424079,3
16.14,-0.00197693447019577,-0.006625800367112735,0.0024241361156387103,0.007327068739367976,3
16.15,-0.00041001608255030624,0.010877878374575467,0.0020612748578957207,0.011079043512857937,3
16.16,-0.015443624587202835,-0.009901456627885687,-0.01280691207695956,0.02237322910738032,3
16.17,-0.00292154949077161,-0.008506538659066984,-0.006690718943561422,0.011209922897458334,3
16.18,0.028433689607659147,0.022034718913585778,0.01568335380285487,0.039242465885962884,3
16.19,0.00935075580506534,0.007688447267071892,0.0061856482750988545,0.013594524636328473,3
16.2,0.0041530990759417585,-0.005647877792916783,0.008062581881597093,0.010684193095211663,3
16.21,0.011189513366593245,0.004114754854865588,0.00026883606030330635,0.01192512849927112,3
16.22,0.003399337990437521,0.0029681698955828758,-0.004114656370426637,0.00610703924573674,3
16.23,0.006768450803345651,0.014557964740837537,0.0038326631716720386,0.01650562239542243,3
16.24,0.0074128203976794515,0.01590535492656262,0.011348046093095645,0.020897568559983374,3
16.25,0.028736930062909956,0.01745369968395642,0.021680516740046035,0.04000609438840206,3
16.26,-0.018805976308793285,-0.006155106609826453,-0.014772541869630371,0.02469368493350488,3
16.27,-0.0007067633426130794,0.012942300357565573,-6.882459777258961e-05,0.012961766461141094,3
16.28,-0.019740663791301138,-0.017487128506264434,-0.0012136800211747087,0.026400122907092545,3
16.29,0.0021322129255768926,-0.0032771461616144678,0.005028467678406436,0.006369576604246143,3
16.3,0.005792283475074034,0.0026933051964696114,-0.006705095687834591,0.00926081794011544,3
16.31,0.01395271452297104,0.01723894224810303,0.01162014099374852,0.025037712537441463,3
16.32,-0.008028935320549708,-0.0004282110436557374,-0.008274636505742585,0.011537624382066146,3
16.33,-0.0051772191590825295,-0.0045528947989425545,-0.00034200104545557353,0.006902855495119544,3
16.34,0.012373625102024197,0.01318653013517097,0.008183469751187677,0.01984843450602135,3
16.35,0.00940639625926785,-0.004985642825425397,0.008766745829247082,0.013791039025530492,3
16.36,-0.0010459999302291833,-0.009888287228515959,-0.0009403481907396677,0.009987822329592104,3
16.37,-0.026645396776457313,-0.012863436797567625,-0.010097165620333845,0.03126336400940101,3
16.38,0.00019370999040835778,-0.015845254247678454,2.4482669375786245e-05,0.015846457179289505,3
16.39,0.0020117127656318515,-0.00449330062448564,0.0017407806773014436,0.005221786678894042,3
16.4,-0.00010174391857973989,0.009350573312122159,0.008233625705666978,0.012459380616682322,3
16.41,-0.0222011800345743,-0.013147785157714274,-0.007918845164211805,0.02699008629507792,3
16.42,-0.01723018645542351,-0.004922894512414283,-0.013309260131902236,0.02232152819427157,3
16.43,0.006082934534953545,0.0035872257379806834,0.004192989784955491,0.00821288283055972,3
16.44,0.013618287324881118,0.029483202586639678,0.00390216708252162,0.03270999682616569,3
16.45,0.004032799560948051,0.017333354762909613,0.007034426171324321,0.01913613887897652,3
16.46,-0.012547193416739462,-0.0132099602867255,-0.0014344712873387505,0.018275470480623317,3
16.47,-0.011138157467587808,-0.02801550974077513,-0.0020102101306896302,0.03021536500818376,3
16.48,-0.01943621844508591,-0.017767020983895127,-0.016507626297204384,0.031079500447327355,3
16.49,-0.0022010477267261214,0.02013756393751797,0.00035712486089870964,0.020260642403419057,3
16.5,0.0063906622387508265,0.00491737392985838,-0.0038932685946765373,0.00895425432775623,3
16.51,0.0012595600908940907,-0.010029719747329205,-0.005911701781121352,0.011710251397021837,3
16.52,-0.0004116297747886388,0.0020612278834995297,-0.0013748884691845119,0.002511656378150687,3
16.53,-0.016527774114179286,-0.014802526473983718,-0.004184131277334905,0.022578508846429517,3
16.54,-0.010976152622191086,-0.016409720803288657,-0.0033983970995667373,0.020032572627445042,3
16.55,-0.012876061317857568,-0.023466754750214633,-0.008945335333772876,0.02822234146561186,3
16.56,0.003421499753827644,-0.0021771518349720386,0.0018222437773721908,0.004446034532269898,3
16.57,-0.0053173177892970125,-0.004937504930322272,0.006859113146054209,0.009985001580355653,3
16.58,0.00679028113865159,0.012991296117740293,-0.0008380461957378862,0.014682779511622869,3
16.59,0.0007950575034033286,0.0003357584962343765,-0.010875012266707148,0.010909204462404325,3
16.6,-0.013437252345288395,-0.008058632744635717,-0.0064124546463982975,0.01692988147908864,3
16.61,-0.020148593996398036,-0.023454063169567028,-0.01529115193617472,0.0344946118506776,3
16.62,0.02250652206114688,0.011778810601050637,0.011732262352489089,0.027980884445848866,3
16.63,-0.005155643789375356,-0.0032348259818434965,-0.011807137004368608,0.013283570538664103,3
16.64,0.002313906196841961,-0.00018384721517124628,-0.011184994196984913,0.011423311992276848,3
16.65,0.022894889789566813,0.018781420534865718,0.005878158263672684,0.03019056939437661,3
16.66,0.009028637851818254,-0.0002226383564441839,0.01024097465445278,0.013654428994659195,3
16.67,-0.008546769066212934,-0.00030694939028495793,-0.007194781671480639,0.011176151515599829,3
16.68,0.005438746167494537,0.014963748458344993,0.007091434300347938,0.017429347900458293,3
16.69,0.02323011551674171,0.0011263483464514987,0.01032288466989933,0.025445409712299007,3
16.7,0.010435738064206708,0.005895108947439203,-0.0056875852454995966,0.0132667088749145,3
16.71,0.04726479486443671,0.04734694357648224,0.021130412452127722,0.0701583083462601,3
16.72,-0.01694075141949877,-0.02635865285952814,-0.00024885291940985547,0.0313341597462236,3
16.73,0.0029975259784182084,-0.004342486495607723,0.003114218757686823,0.006127047366110036,3
16.74,-0.008433978925819666,0.002591170803608641,0.003153488168287234,0.009369666711370883,3
16.75,0.016663269793866176,0.013127341687897398,0.008384454848076914,0.022809882575616697,3
16.76,-0.007468982608277809,-0.005572818747382184,0.00408403063628087,0.010174542556400825,3
16.77,-0.001604925180517222,-0.011967790809748514,0.0009609498328485998,0.01211310143118644,3
16.78,0.00021591403443261496,0.004248717382327433,-0.009618767517036702,0.010517552320381231,3
16.79,0.00925105435871133,0.015988034853419465,-0.0015988106980991436,0.018540643485875665,3
16.8,0.004314083755489947,0.005869629955642412,0.008512782125149386,0.01120407666770537,3
16.81,0.017633255681301013,0.007742978198290874,0.0036768534981988614,0.01960624056132535,3
16.82,-0.007625104124799772,-0.006737529343312601,-0.003382433841654989,0.0107227502656366,3
16.83,0.009183724140834817,-0.0008109719865522476,0.006147871426607289,0.011081280960972833,3
16.84,0.0009147240392085674,-0.0024166627858680997,-0.0005575703150326413,0.0026434567794294274,3
16.85,-0.020665247491546426,-0.02701080470428051,-0.011964045646803478,0.03605238428867701,3
16.86,0.014855307825745383,0.006546656703234233,0.009410933735979886,0.018764449322339786,3
16.87,-0.00831678414740114,0.0002845930569579658,-0.004207019826730013,0.009324639809935342,3
16.88,0.0012730457110701147,0.0011822562296911158,0.00567876212732462,0.005938578489323342,3
16.89,-0.01256007049445421,-0.010289296211407393,-0.012257178488941717,0.020343633202098324,3
16.9,0.03126032771161361,0.014783453473846426,0.010905141143287216,0.036258525736795694,3
16.91,0.015946189811298108,0.012113325967908381,0.01746506508158524,0.02657145336271163,3
16.92,-0.010197723965813189,-0.004561161261255298,0.005368098777460008,0.01239412161545401,3
16.93,-0.001909036832249805,-0.007477445468396635,-0.0014395426837610404,0.007850407345998147,3
16.94,-0.002470711080633123,-0.005999275336300271,-0.007656903431513315,0.010036129132500458,3
16.95,-0.023442584531102525,-0.028815146505835176,-0.003982463046742094,0.037359435883981156,3
16.96,0.0005381232654280066,0.00679068981922104,0.014168756749937486,0.015721218550372177,3
16.97,-0.007021868203903295,0.008363265796406918,-0.011727416243966114,0.016024454424833884,3
16.98,0.005125693431597845,-0.0006243448325662661,0.007860467828810305,0.009404759120383641,3
16.99,-0.009836634686807967,-0.0019262497954415526,-0.0011134642971522527,0.010085118887607873,3
17.0,-0.021784761949313454,-0.007214244432199901,-0.01523264863493997,0.027543688212570975,3
17.01,-0.017067997230735463,-0.012778570004700732,-0.0017936420247168768,0.021396858006405083,3
17.02,-0.022261125077328657,-0.011763618778115041,-0.016125326348257026,0.02989927367517619,3
17.03,-0.005541255096199798,-0.010473777585357507,-0.004878480506804313,0.012814253665507298,3
17.04,0.0018131665139812922,0.007745556670161032,-0.0005965822495912942,0.007977288469061813,3
17.05,-0.02329754689914442,-0.021147743040420997,-0.01745716467407818,0.03598270870403438,3
17.06,-0.0009353317758924199,0.0015703457155435549,-0.0007256068784212595,0.001966554484201318,3
17.07,0.003938166916747607,0.00734286129550484,-0.005324068207832452,0.009887996407303182,3
17.08,0.0015153359409820172,0.003012422553458525,-0.0021407504262226295,0.003994213945445311,3
17.09,-0.019266338429553834,-0.006750304241266061,-0.0006725105490430448,0.020425735587007183,3
17.1,0.01839079609879071,0.0030878631973081452,0.013090001796455648,0.022783863309452104,3
17.11,0.003221865457108145,0.006481319342303905,0.005392957536372009,0.009026179060363309,3
17.12,-0.019162500346794332,-0.014877768321175813,-0.002584542708565011,0.024397320975301204,3
17.13,-0.00581798888459179,-0.004065071174029531,0.006279151270386669,0.009476367394078701,3
17.14,-0.00517502406879243,-0.004348219765002792,-0.012451365908088294,0.014167723960271295,3
17.15,0.0001842148075098535,-0.0013435425433008833,0.0018663897456468231,0.002307044070584893,3
17.16,0.02154558804968952,0.026447450804672805,0.003790229823664645,0.0343226726900559,3
17.17,0.007786946522492541,0.010338286548997669,-0.0006940227024143835,0.012961418611587675,3
17.18,0.003870021166165376,-0.01785168886914564,-0.005718532884577512,0.019140571508169255,3
17.19,0.025186053938927304,0.023613689835287697,0.024143462001197026,0.0421289736173927,3
17.2,0.012736292008598816,0.013122912294757753,-0.005590972942213821,0.01912283816970612,3
17.21,0.03269685771968826,0.017084372601446147,0.015728650288255604,0.040104248301356116,3
17.22,0.009005668393964859,0.009075693371430854,0.014308144989197824,0.01918836330764556,3
17.23,0.027284062884452336,0.018903178886676506,0.01184302189678813,0.035242125746785556,3
17.24,-0.01691776532057638,-0.010189540791199783,-0.023669971545230217,0.030827018635113404,3
17.25,0.01693184786927355,0.005589102527288779,0.020994370406401053,0.027544312082350822,3
17.26,0.005677739259499602,-0.007371690991343284,0.014533833913301465,0.017257197900880275,3
17.27,0.010853410908600215,0.018129244469137593,-0.0013844556243176424,0.02117505019470752,3
17.28,0.012250668371247438,0.0046842820176682485,0.012097473098602499,0.017842932184334043,3
17.29,0.014468427586203078,0.004799463951977217,0.008564586502995873,0.01748491901642184,3
17.3,0.025580351001906358,0.02192348677682428,0.0032470555376947364,0.03384578259546076,3
17.31,0.011958752115528635,0.004761899850733489,0.01168607947596614,0.01738539317552736,3
17.32,0.004436929866594756,0.0050492015362001205,-0.0010873727423749016,0.006809050027361095,3
17.33,0.009515314557220041,0.0004682921805206188,0.004788564082151992,0.010662591366926547,3
17.34,-0.008197182820933006,-0.0018762291592455743,0.0006109449800756452,0.00843132823619637,3
17.35,0.024549925126097636,0.025039177721589992,0.014227017635845801,0.037842664751323155,3
17.36,-0.007340893512479807,-0.0035943070494734277,0.00015828524713711089,0.008175133940610622,3
17.37,0.009062140311161449,-0.001944835186244347,-0.0028832472287396655,0.009706589797805735,3
17.38,0.013533705994211245,0.012630939087627933,-0.010323542516267293,0.021196163574059693,3
17.39,0.004623497173225735,-0.0026724294748151473,-0.002396303984241179,0.005853279268374034,3
17.4,-0.010904116482536926,-0.0058617587805304145,0.0004035799505801071,0.012386397742780953,3
17.41,-0.01281596895959856,-0.024351383134269825,-0.013079628588013512,0.030468272102726388,3
17.42,0.008648304075474535,0.01350839660296877,0.0032004205209155406,0.016355813451970676,3
17.43,-0.0010806995157891797,0.001459050158436068,0.001200347056389771,0.002176596394383412,3
17.44,-0.011836303825784251,-0.006678702051010773,-0.00592784132458846,0.0148270850848017,3
17.45,-0.016713910058088324,-0.0036630385940306792,0.0004775901375430923,0.017117264194686684,3
17.46,-0.015272854220804806,-0.024194412061285454,-0.01017741861289017,0.03036790247388241,3
17.47,-0.005470101076622425,-0.010315142596481404,-0.0032609259356620925,0.012122615663794864,3
17.48,0.021074627726797267,0.011688289516411168,0.010961603553327119,0.026474757753430965,3
17.49,-0.02251953395175215,-0.03396057753052614,-0.009182032851219915,0.04177032395004708,3
17.5,-0.03579279826668705,-0.02307156789661809,-0.025254074505642793,0.049509493353341545,3
17.51,-0.0071869099009416355,-0.013605821624970996,0.005522851807884416,0.016348453997446777,3
17.52,-0.014702517463667058,-0.00039450155739187073,-0.0004963108984798953,0.014716180746245587,3
17.53,-0.011055018526341234,-0.014783624867161496,-0.010293315638029222,0.021135783535388523,3
17.54,-0.019739161122626078,-0.004917415933885987,-0.0055723047045892,0.02109184773822852,3
17.55,0.009948173493968229,-0.0009646879591153606,0.0021994240336605042,0.010233975024612756,3
17.56,-0.01039884011007254,0.002114741410222996,0.0005550865026098511,0.010626200068337931,3
17.57,0.0020594904458589285,-0.0005416251460836953,0.00993234035684612,0.010158062987582253,3
17.58,0.01597317238142738,0.00560066520593382,-0.0025608263778434696,0.017119214888925573,3
17.59,-0.004584032161134021,0.011116420712001333,0.00872425214742388,0.014855999994357615,3
17.6,-0.010684198619694751,0.00012833087203187755,0.005130085393466086,0.011852693580028877,3
17.61,-0.0014376443536676551,-0.0023284251420289132,-0.006441124913826567,0.006998319447208891,3
17.62,1.0230643490097974e-07,-0.013525723138499347,-0.014421412502151239,0.019771755738603673,3
17.63,0.008539474241292273,-0.0017658620431154435,0.0041103367556951115,0.009640319357688743,3
17.64,0.0032114452230949655,0.003203467836870684,0.0034815941701773316,0.0057181364594260245,3
17.65,0.005217715953011471,-0.0010116593332163324,-0.0036781763058504435,0.00646351261387442,3
17.66,-0.0006063280815724404,-0.008165089329393084,-0.005557035783596689,0.009895300106598394,3
17.67,0.008153489269511009,0.004483300806041857,0.00763508784550577,0.012036359075487764,3
17.68,0.010334375561741927,0.0142953499001786,0.004590877712363735,0.018227246231659437,3
17.69,0.013563024363681581,0.023940790961348685,0.0016681848875673899,0.027566282712109067,3
17.7,-0.012591249850801494,-0.01607810930087699,-0.0011700317682657958,0.020455174060247126,3
17.71,-0.006496633029770699,-0.009718394985305957,-0.002495431403167174,0.011953268159873286,3
17.72,-0.009069960523465294,0.0021376043387758437,0.007889524318610557,0.012209755533192281,3
17.73,0.019449672395771566,0.005300939446946748,0.022327341325180897,0.030081553915550393,3
17.74,-0.005971568710717775,-0.008408242064814364,-0.0011184181079695887,0.010373477071434222,3
17.75,0.002570913337027916,0.00293409557200512,0.0004216692863935036,0.0039238141137489775,3
17.76,0.007218033023432614,0.01409324828462724,0.0036523074126000384,0.016249892226585554,3
17.77,-0.010443133208540845,-0.019754440421438046,-0.008802785629819194,0.024016369051545347,3
17.78,0.0003910548934469059,-0.0011902893468180692,0.0028144572899038763,0.0030807275919059168,3
17.79,0.03611673864584282,0.016923412153125095,0.010926936124537413,0.04135478959427045,3
17.8,0.0056502946345544335,0.013370430607493489,0.003975000039379182,0.015049746489563797,3
17.81,0.02565522213096897,0.021066980718787084,0.007322731118950284,0.03399456559857104,3
17.82,-0.0026665050598184904,-0.0035367278343602397,-0.005973814777326287,0.007436743642359738,3
17.83,0.009942405826501022,0.005104607375473234,0.0015559290740942708,0.011284031432080871,3
17.84,-0.004242844308490125,0.0009658081123696122,-0.0046914093097035385,0.006398736941551749,3
17.85,0.0032689832580831335,-0.0033931020879077057,0.003608898875497099,0.0059349426630891456,3
17.86,0.008820228802724829,0.0039675090300524025,0.006396873437102218,0.011595583374986701,3
17.87,-0.0071787645939962764,-0.008613263047530262,-0.0030077290702626843,0.011609022163044916,3
17.88,0.0035631124965275628,0.0020325643568933423,0.003055019311900827,0.005114707374221044,3
17.89,-0.007526488376909692,0.0030372330187541105,-0.0003791749314436504,0.008125059096806756,3
17.9,-0.00147289725677124,-0.00744294664188087,-0.005728147557265922,0.009506763670182482,3
17.91,0.00680062414461468,0.01003386316296637,0.0036888539629044686,0.01267022266138546,3
17.92,0.010701378466566274,0.00920559656586248,0.003322499010696224,0.014501776059992956,3
17.93,0.00589065351836217,0.002405864912903863,-0.001712881531916626,0.006589533215252471,3
17.94,-0.007609139537497363,0.0002380025488208249,0.0020960887951425693,0.007896153364232043,3
17.95,0.007869332356792106,0.00555038150796115,0.014900051228423274,0.017741044310727885,3
17.96,0.003145219226155604,0.00524407654057365,0.00847624953118992,0.010451772522350985,3
17.97,-0.013859418522279541,-0.000620337021573358,-0.0011110131029787454,0.013917709937738686,3
17.98,-0.020560593427922408,-0.01781134145094274,-0.007214733348292311,0.028143103305736526,3
17.99,-0.028277213385265072,-0.023579463384130674,-0.011283586480795636,0.03850858623981108,3
18.0,0.013548429186639992,0.013558363641353863,0.008252249968105821,0.020868368110436603,3
18.01,-0.02583112501485537,-0.018757570379615517,-0.008819881339596013,0.033119235693534206,3
18.02,-0.009360552553857674,0.0012789190228007152,0.00272052642989598,0.009831421160553317,3
18.03,-0.0014151657023465007,0.015237102574247707,-0.0021821097107679295,0.01545747688379548,3
18.04,-0.01974342152789844,-0.0017478634661955723,-0.00808117279474253,0.02140474419522998,3
18.05,0.01551852246082396,0.0033183915112533794,0.013707477269219432,0.020969768588976458,3
18.06,0.02502858922355901,0.022811503010139816,0.007576322488734789,0.03470152173257796,3
18.07,-0.0011075659954823001,-0.015261977788301281,-0.0034785778276357265,0.015692519623944055,3
18.08,-0.004184096109006629,-0.00039142282718944866,-0.005136864040797177,0.006636809794824957,3
18.09,-0.009377860896833401,-0.008581013420252269,-0.006371444820441299,0.014218768421309728,3
18.1,0.004906893650280811,0.007032958609649609,0.008145819934868688,0.011827700305279755,3
18.11,-0.023805005790728785,-0.017024748159270346,0.0008629657463092907,0.029279089133074362,3
18.12,0.0032585925435694085,-0.0014646985809251166,-0.0029423753437849065,0.004628319345257363,3
18.13,0.012040645407285416,0.009728198623304499,-0.003218590868901107,0.015810576126752008,3
18.14,-0.003168098227861145,0.006813228011521342,-0.0047070943599531335,0.008866434437351836,3
18.15,0.008001602703841006,0.023416360908142694,0.004166814185830084,0.02509410178647054,3
18.16,0.011733735181343881,0.018429788562954186,0.002951446676353121,0.022046511861617928,3
18.17,0.010462411131759101,0.013598799046029668,0.007178016612937243,0.01859874470709938,3
18.18,0.0020891202214164944,0.008516838386183462,0.00026620334655977384,0.008773358742102083,3
18.19,0.015529141117088979,0.009541135619813521,0.012777201992663672,0.02225857999764285,3
18.2,-0.0021983373412198188,-0.002165133471428035,0.0014275003936262344,0.00339974225327487,3
18.21,-0.004307422569044211,0.0026380152873883168,-0.016911660620650575,0.017649852089829797,3
18.22,5.2467441603157305e-05,-0.013239468237243394,-0.006644040789514673,0.014813154628577258,3
18.23,0.011061470187023489,0.010975270756014543,0.0032317366251723356,0.015914044504170454,3
18.24,-0.013977928433845297,-0.01093592234491686,-0.015410218438539548,0.023504291377517784,3
18.25,-0.006693318679819902,-0.006569717207018546,-0.0002719260434324287,0.009382731100426912,3
18.26,-0.006489058011000377,-0.013187751700276903,0.002385535630444182,0.014890112458353135,3
18.27,0.008089707622709753,0.007199522331318883,0.005164289064768086,0.01199776532378304,3
18.28,-0.004168361545315153,-0.008619807398283616,-0.003334081810073536,0.010138659628976126,3
18.29,-0.008355074467440226,-0.004227135261628623,-0.004867699563651391,0.010553219457518526,3
18.3,-0.011606929545557435,-0.007539589181061507,-0.009662675912140702,0.01687997406034079,3
18.31,-0.008325139364732876,-0.011000501825853144,-0.004302541853884551,0.014450981014009103,3
18.32,-0.004704601578811651,0.0053504976290693175,-0.008702661862670885,0.011247107378789433,3
18.33,-0.01300033025287246,-0.010923085295922414,-0.008633367324683342,0.019048816509921487,3
18.34,0.0022860611078746075,0.005750913617815668,-0.003398567929244897,0.007060406985309453,3
18.35,-0.0031198664372124865,-0.010449334087447842,-0.005758761969616421,0.012332294550481867,3
18.36,0.012384706272879098,0.00659168667951144,0.018577323691778412,0.023279781749308795,3
18.37,0.017499077199907103,0.004563018256389932,0.0061536189038347115,0.019102509365789833,3
18.38,-0.005887927520127367,-0.003916238114411898,-0.0002269476681696597,0.007075034748687339,3
18.39,0.0011142467865284476,0.0033498554548881056,-0.00012339428764998812,0.0035324642418794864,3
18.4,0.0021180945604537434,0.003981634081137117,-0.005611496905295787,0.007199210515135708,3
18.41,-0.005065312187118683,0.009740177265252186,-0.0007401909228037518,0.01100346869463033,3
18.42,-0.01595418961994327,-0.003994428652610456,-0.015427934604658206,0.02255022822180545,3
18.43,-0.002992734521478484,-0.013826380526416389,-1.6165506517736017e-05,0.014146572719246043,3
18.44,-0.0229490757113277,-0.009617221869080293,-0.00867041121019354,0.02635008658500418,3
18.45,-0.003222728296138111,-0.007942136452013141,-0.002639426347621753,0.008968281916713203,3
18.46,-0.009822042502481617,-0.0006934077213005246,-0.010938683675613129,0.014717613045043673,3
18.47,-0.005899854108607005,-0.017608906445243426,0.0012861784323760371,0.018615480645422285,3
18.48,-0.006606136016464599,-0.006117540588224516,0.005766204780693413,0.01069179374518124,3
18.49,0.008953337800951104,0.009021128297727514,-0.008865619235151322,0.015496522770114759,3
18.5,-0.016258671037075574,-0.01893878938089881,-0.012049663503883278,0.027716719099898934,3
18.51,0.0033503464546044597,0.012886445092227894,-0.004851293436197068,0.01417110921858179,3
18.52,-0.00499896326362049,0.012460465468034696,-0.006244127932579457,0.014806821638337221,3
18.53,0.012053214133399515,0.007813589352331911,0.002980333998201601,0.014670192236412336,3
18.54,-0.02009517046479112,-0.007801263328424201,-0.010300024914816752,0.023890711558559225,3
18.55,-0.004870656880702947,0.00369482693962286,0.00873601395553486,0.010662691236015494,3
18.56,0.0016409701367152535,-0.003775087497998871,-0.0014287355331358003,0.004357218588822862,3
18.57,-0.0018218684631489588,-0.006386842845126073,0.002053914819561243,0.00695194449858226,3
18.58,-0.019177632612833794,-0.010602796888998492,-0.007183727466232222,0.023060937422647886,3
18.59,-0.007369686673238675,0.006597963900568031,-0.0031057981113762254,0.010367805515321878,3
18.6,-0.008679315117208925,0.0020095363754879213,0.0012977206615115882,0.009002934314074194,3
18.61,0.024576360783635662,0.005225559856764787,0.009328711489270348,0.026801657471770306,3
18.62,0.004617504871515864,0.012839934381507951,0.007423159546521483,0.015533465930468181,3
18.63,-0.007948974662989803,0.003746939012703868,0.006806481759045951,0.011115482180004669,3
18.64,0.014122134654056458,-0.012893513633690847,0.000723189383341382,0.019136362870034937,3
18.65,0.0008209336510144917,0.006602725465071965,0.006038833894428308,0.00898540096105755,3
18.66,0.022021508688021767,0.015779109086449795,0.011644619435688897,0.029487697269551656,3
18.67,-0.0025656218721825273,0.00869490506082521,0.0007945070260957526,0.009100276425598332,3
18.68,-0.005317135993689565,0.004282358194705869,-0.003578941410979956,0.007708394677647275,3
18.69,0.0012838998498247677,0.005459370461149499,0.0058000054152032125,0.008068034920154867,3
18.7,0.013902336932652842,0.011183816259136213,-0.0029022239619802097,0.018076936195954636,3
18.71,0.01391188929249488,0.012752882125339003,0.005362919663093873,0.01961982603139548,3
18.72,0.024125543630537302,0.0046887261314655475,0.003393735763473035,0.024810148138153524,3
18.73,0.03149784841250809,0.009191211160932109,0.0027933458414398406,0.03293016243828856,3
18.74,0.014801441654763749,0.015300719042882443,0.012985588151014315,0.024936322461749733,3
18.75,-0.0013641497046646654,5.612375683832448e-05,-0.009072374217193022,0.009174531499188775,3
18.76,0.017231658896954508,0.01731068479671181,0.01706385532250848,0.029795386135098197,3
18.77,0.006387914682913859,0.0009063550849390425,0.005664364290907935,0.008585566746365337,3
18.78,0.005213518031071931,-0.002080774366680736,0.003166968523507537,0.00644515956778692,3
18.79,0.002833718374840909,-0.0018505623425840358,-0.0034940412070583334,0.004864449071408063,3
18.8,-0.009112282720257166,-0.012729084518278738,0.0011465416998101847,0.01569642783937748,3
18.81,-0.007622353584309679,0.003150236046819534,0.002976088649072946,0.008768201922974892,3
18.82,-0.013501088803652786,-0.003758928613399652,-0.005739378821614057,0.015144286462648059,3
18.83,-0.021141379899287452,-0.010358976762595591,-0.00010738098883040885,0.023543106725552453,3
18.84,0.0018959488040728458,0.012717155266311354,0.00029154542248809446,0.012861013127608168,3
18.85,0.01564786526452949,0.004833601927132766,0.004968420695897558,0.01711445585282434,3
18.86,0.0019354771770387588,-0.00900491940859728,0.0021083383406033437,0.009448795479669774,3
18.87,0.0041764263482155384,0.0011098413695820966,0.01189969235572189,0.012660053833555797,3
18.88,0.019605570712042712,0.016999111938414267,0.00395736460555788,0.026248979870862936,3
18.89,-0.017939247544751593,-0.01812170639424374,-0.001630527970004042,0.02555134960372966,3
18.9,0.012658377574711457,0.0002045149608999701,0.00900861501111028,0.015538065954667309,3
18.91,0.008016235853775356,-0.0010024432939330571,0.00736901638301138,0.010934684827373626,3
18.92,-0.007324187210989556,0.001445969634126124,-0.004639883642538139,0.008789941222825714,3
18.93,-0.02108470199074508,-0.010052914209733001,-0.01308834256026634,0.026775557008616283,3
18.94,-0.0019387912221641417,0.009878449673656833,0.001186421595343822,0.010136581058720425,3
18.95,0.02133242939628255,0.02646453255239551,0.005801678687260187,0.03448338009468315,3
18.96,0.003878933800359474,0.005103158081427157,0.002829546283219609,0.007006759736175374,3
18.97,-0.01747290863179006,-0.0273695462159857,-0.009139699296716913,0.03373319877151096,3
18.98,0.00118910887990715,0.002984127802543874,0.004021178308159152,0.005146734270991564,3
18.99,-0.010079008004432016,-0.006399415316341185,-0.0002014460186856434,0.011940665778878123,3
19.0,0.0007269699049464026,0.002736602068970605,0.0058448201653432865,0.00649456687484204,3
19.01,-0.01792551658624101,-0.017691408182273875,-0.008787088345186156,0.02667438827680093,3
19.02,0.0014908809381527083,-0.008442401698614276,0.006142329589259758,0.010546330413731986,3
19.03,-0.010093920779303926,-0.004983064381847103,0.0028188074933106306,0.011604475128882004,3
19.04,-0.027423297003508346,-0.03131534719259336,-0.01992848728874996,0.04615011152698511,3
19.05,-0.0021989591273342563,0.006297856052930292,0.0010728735443105084,0.006756439132353576,3
19.06,-0.010812365173325893,-0.018868130587424897,-0.014023356076869862,0.025876014147548934,3
19.07,-0.014132367173480207,-0.025758500039368207,0.00038252549428269365,0.029383166132293657,3
19.08,-0.01705669857897263,-0.00860827869858714,0.006242131553027253,0.02009969240788959,3
19.09,-0.0053453162928307025,-0.006536364883441477,-0.0009769211135977653,0.008500049824682287,3
19.1,-0.002152524123693315,-0.016860260641421904,-0.003125721598623961,0.017282126157156318,3
19.11,0.005380744842883337,-0.001943459320497937,0.002766932199568096,0.0063549479141573354,3
19.12,-0.003629145689571304,0.0028705672429880226,-0.004672172373903497,0.0065757166471888725,3
19.13,-0.005391380927597787,-0.0019027354913924337,-0.009665518392993115,0.011229854694605705,3
19.14,-0.00015369212511652346,-0.0032685668183376586,-0.013360425026709,0.013755293788559116,3
19.15,0.007039005223367937,0.004760295480952851,-0.0018345218381362253,0.008693300752601394,3
19.16,0.0055831326579397,0.0021922389358750944,0.0003955009243059881,0.006011131574774127,3
19.17,0.008424112171062668,-0.0033239610211289964,0.000405309561924637,0.009065244540640845,3
19.18,-0.00488246053729036,-0.016050245315157075,-0.002427983786925479,0.016951221219855882,3
19.19,-0.00828958908714135,-0.007304867098847994,-0.0035337879339888403,0.011600259812947725,3
19.2,0.014332835141412046,0.01513376052510846,0.0015466105742056582,0.020901025694699097,3
19.21,0.011854016898294815,0.00560995087124785,0.004910224685948945,0.014003555686659584,3
19.22,-0.016184431654942755,-0.008781517778754652,-0.007168920109879004,0.01975966340892285,3
19.23,0.008692408894165605,0.014849744040480756,0.002097686231015398,0.017334161588463244,3
19.24,0.0038189750399758027,-0.008051655378607817,0.005853533767521132,0.010661968967284255,3
19.25,-0.009475287708457033,-0.0008856795186506453,0.01128881105517636,0.01476491653912294,3
19.26,0.025800488871115967,0.0054060984802949495,0.016514110033538636,0.031106381290131574,3
19.27,-0.01582405605116643,0.006256552709377278,-0.008337470700760689,0.01894884216520144,3
19.28,0.014202919966902294,0.005715240669384079,0.0007748825442664749,0.015329297258929469,3
19.29,-0.009038633357381875,0.002424386219664991,0.011199853513429486,0.014594905283473293,3
19.3,-0.012744242953431604,-0.008168992689806153,-0.002021705645588941,0.01527204844608619,3
19.31,0.00125211932407673,-0.006993140389760294,0.00030208615257021316,0.007110771502178774,3
19.32,-0.01325585726680601,-0.025819770206200986,-0.0013568789574680967,0.029055453978283966,3
19.33,0.013024064408249393,0.0112994527055801,0.007602597812795822,0.018844186866484793,3
19.34,0.010761367861861383,0.008248183210397643,0.009490237069948892,0.016550050277096464,3
19.35,-0.008013340164521522,-0.0035250011522639066,-0.0027455763177310693,0.009174826594125983,3
19.36,-0.0015348733478618651,-0.006106468407281943,-0.0062070292337891055,0.008841493341750687,3
19.37,0.0029973527548747114,0.002293664332031964,-6.33417466937734e-05,0.0037747889718585427,3
19.38,-0.019982587674767377,-0.010017663930395267,-0.016867808962618785,0.02800322088620361,3
19.39,0.01004850546046427,0.014376368763267679,0.008162430379785469,0.019346258307778374,3
19.4,-0.015168302693806328,-0.010733714442828845,-0.003492501457836125,0.018907342456942814,3
19.41,-0.009271245318769345,-0.021456239288828033,0.0006465295636364481,0.02338256176420595,3
19.42,-0.010758550148291883,-0.008724261084016097,0.0013323359831504096,0.0139152524924051,3
19.43,-0.01588517048161742,-0.016172307276779044,-0.022467054395087872,0.03191630769804752,3
19.44,-0.0154987487277863,-0.009064920867289829,-0.008723216199729412,0.019961926343028763,3
19.45,-0.003974180596988396,-0.001573541688450819,-0.0033078248470053244,0.005404798801180068,3
19.46,-0.0021270632805566415,0.003657867173997023,-0.004139474550670843,0.005919429028018574,3
19.47,-0.021807115240094398,-0.020955201019612114,-0.009730019767942138,0.03177017484295066,3
19.48,-0.009072995147318762,-0.012098593883833608,-0.010792265742857753,0.018578703258668696,3
19.49,-0.019178203687771216,-0.005461588473746427,-0.0014179222929616153,0.019991071731527525,3
19.5,-0.018588586467844805,-0.021645316587825425,-0.019388807924753206,0.034496103400278505,3
19.51,0.014432573041864804,0.008978014309973786,-0.0020548141399923817,0.017120927740889785,3
19.52,-0.007929283852300462,-0.005531517424205178,-0.010580622243757663,0.014332508311169325,3
19.53,-0.01863416441518044,-0.02973375872968711,-0.005030907045336262,0.03544909755333745,3
19.54,0.0018209062009333326,0.0015515799205627584,-0.003701532421423538,0.004407316860555933,3
19.55,-0.007397397136434225,-0.005164700060095578,0.003109726658288853,0.009542851303156142,3
19.56,-0.00017211813999117162,0.00042061403075141724,-0.007551726857936677,0.007565389570528483,3
19.57,-0.012191148021011736,-0.016054228704015884,-0.006156381707271126,0.021077556430399814,3
19.58,0.00089486332674429,-0.008891311763736396,0.0021185099387527224,0.009183914721626238,3
19.59,0.012215116715967624,-0.0021966850063566117,0.007691803658577055,0.014601313123276378,3
19.6,0.013540464326065349,0.018504368543153956,-0.0006620354895629796,0.022938921516404275,3
19.61,0.018901886346151493,0.014807924536847565,0.008801862411300635,0.02557398518884508,3
19.62,0.0005663338374051283,-0.005235165729908655,-0.01251405882352547,0.013576795000060055,3
19.63,-0.0021435139954132506,-0.011116143419822387,0.01456061926217049,0.018443831762312388,3
19.64,0.006050874272641214,-0.006330916399409185,0.008889705251175484,0.012478799676747619,3
19.65,0.005393695302763004,0.0038290863577542552,0.007916742814376689,0.010316427101626433,3
19.66,0.0034606569289479657,0.001598106989999877,-0.00021544465685767174,0.0038179194244418718,3
19.67,-0.005055990822285243,-0.016845918438759815,-0.0031544547226057575,0.017868928222961506,3
19.68,0.031019491435732047,0.0122545083268882,0.017694874420062366,0.037755667177352376,3
19.69,0.01056206213404193,0.0007510103892247599,0.0031693444224712335,0.011052869183896797,3
19.7,-0.013150070333324115,-0.002695115460989205,-0.002617368313165784,0.013676206126195902,3
19.71,0.0071593787676506575,-0.0022317525265723717,0.011909050777901197,0.014073482657436942,3
19.72,0.017674418327372314,0.011372210438774847,0.0014716031292917476,0.021068408797174865,3
19.73,0.0367454426720414,0.0331793903818548,0.022395451423205988,0.054338345095567446,3
19.74,0.007785367078292969,0.012660837666890953,-0.0020589367153187365,0.015004931568281818,3
19.75,0.014884969405713159,0.015146213387865653,0.0010046892796103215,0.021259809377046197,3
19.76,0.00943870031626112,0.01787521893507033,0.003988339742394278,0.02060386782955196,3
19.77,-0.0035174667729651983,-0.0009505169934721437,0.0010859279098224845,0.00380201189886683,3
19.78,0.0070419521965105775,-0.0016061830762538988,-0.006941664760190872,0.010017765442216163,3
19.79,-0.0008182491002027643,0.012199419058399295,0.006985352517684952,0.014081566203684379,3
19.8,-0.008515836744460211,-0.002244595900266962,-0.010355586869600671,0.013593964308752607,3
19.81,0.002005196245181791,-0.005038270882932323,-0.014310432129395022,0.015303380450133106,3
19.82,0.0013872733116044673,0.004993590808600655,-0.0028864103623530784,0.005932271165812483,3
19.83,0.0065105040407611985,-0.010980017869241302,-0.004175831677821213,0.013430749252186989,3
19.84,0.007662351905487195,0.006300256943248508,0.003485910538504787,0.010514582566936884,3
19.85,-0.025828068370842387,-0.03576411446282177,-0.010450327652888614,0.045336192463984605,3
19.86,-0.016035011415853416,-0.017873960555378363,-0.015420962179629145,0.028537801800196935,3
19.87,0.011181018543551132,0.0027710365367704954,0.003633986779201053,0.012078893950638003,3
19.88,-0.014147578419274658,-0.019335007294737874,-0.00023741691987068034,0.023959400013584098,3
19.89,-0.020049145329096164,-0.01440668896617231,0.0035254523508594857,0.024938919978087067,3
19.9,-0.02933863668743252,-0.02718177619482575,-0.015076658433978506,0.042742369954386156,3
19.91,0.006364700980873707,0.004283238673761119,0.004549306934425679,0.008919178532575251,3
19.92,-0.010983056543511309,0.0013956710355041155,-0.010309063359645536,0.015127862242580668,3
19.93,-0.02243587151406232,-0.023889648685742178,-0.011574934386407715,0.03475719711043081,3
19.94,-0.018055917764490052,-0.0074040638687074565,-0.0012248870138350807,0.01955343131745905,3
19.95,-0.018979420757792183,0.0041659063538132,-0.011224667768938492,0.02244028419100571,3
19.96,0.015640487218422598,0.011182784246080036,0.0021874097246938713,0.019351079174756685,3
19.97,0.0009691778666930584,-0.012448598604959425,-0.0004973360655736804,0.012496169658211502,3
19.98,-0.0010241269078183181,0.0019329935703336861,-0.005443714930463775,0.005866799153748414,3
19.99,0.00012160187254363092,-0.002092743925724643,-0.004419288360622292,0.00489126504785778,3
20.0,0.011189216286670235,0.018645098474280454,0.006136452500395263,0.022594121083040805,3
20.01,0.022524132379056504,0.0062024970607672085,0.0046817776437068125,0.023827013055001258,3
20.02,-0.0012867871353700608,-0.002845301683092797,-0.015781282964644424,0.016087276177455926,3
20.03,-0.00616410208229311,-0.006780005217435443,-0.006412636466074989,0.011184209032176429,3
20.04,0.020970083717165213,0.013068108380475962,0.005470647967561127,0.02530707128321577,3
20.05,-0.00751867032881656,-0.0105415972679955,-0.0033248771440479315,0.01336826407941768,3
20.06,0.013428762679567035,0.00904323302533057,0.009023597208955472,0.018534752149517157,3
20.07,-0.011366596486005263,-0.002084493835051879,-0.004911644870021408,0.01255662715673457,3
20.08,0.006356947316912678,0.004037888857128825,-0.0017649475906789704,0.007735009089223615,3
20.09,0.0032998782278005913,0.007162462890717484,0.0027422904489218932,0.00834926511050318,3
20.1,0.0015131592052001646,0.009064255384567855,0.004651763737137464,0.010299965161256442,3
20.11,0.008104611671992886,0.0025076248012440676,-0.0007102762692586507,0.008513366248217543,3
20.12,0.0006712220293230639,-0.01368279998598895,-0.0013125997493367994,0.013761993771659205,3
20.13,-0.015935464241152174,-0.014722814166491143,0.0036753874847491267,0.02200474382321054,3
20.14,0.017210403862699113,0.001980639851197185,0.011682528364249867,0.020895033005928983,3
20.15,0.003676433225569123,0.01072097282763601,0.009809863490661524,0.014989624456216112,3
20.16,0.006446046142433735,0.004298390290068342,0.0041089662119875026,0.008769907256487583,3
20.17,0.02743271924024289,0.023709244015384302,0.008403020379325016,0.03721952563091556,3
20.18,0.00511691451863416,0.00806287412981976,0.006462426058038668,0.011530641958709108,3
20.19,0.012205819556475742,0.017315140185489235,0.002897751906136611,0.02138207372538754,3
20.2,-0.0024089903503763657,0.0056368177871272615,-0.008933707729586245,0.01083457812151215,3
20.21,0.034001801544329364,0.014807989655756084,0.010129993667093077,0.03844497155156034,3
20.22,-0.001181729465551686,-0.007833739400678733,0.0017005963187185626,0.008102838105672517,3
20.23,-0.007160700575975711,-0.005655549586080274,-0.003851950564247016,0.009904463489194885,3
20.24,-0.026614949167600523,-0.0065115177540533125,-0.014102095684356032,0.030815977760668967,3
20.25,0.012081333420832039,-0.003115413187278735,0.0030012005260817605,0.012832444083281129,3
20.26,0.009247972338911139,0.0061935729551656615,0.0036713414952709734,0.011720242604448237,3
20.27,-0.00018787292908016085,0.005100747796546998,0.007308143834398039,0.008914139926303058,3
20.28,-0.0012254317977716891,-0.0039034832912366616,-0.011605185094630335,0.012305250341889996,3
20.29,-0.004355461273845783,0.01043014245014521,-0.0004935192200687213,0.011313773714321348,3
20.3,0.019747638889816746,0.007841496948670021,0.015585043188397582,0.026350557627929278,3
20.31,-0.009863162254053866,-0.010143307024950575,-0.0031551060247179304,0.014495631793040828,3
20.32,-0.005217761699655172,0.0010940221261474853,0.0004577326117100153,0.005350835515198684,3
20.33,-0.02693897900365393,-0.021817809648976717,-0.005658180438922061,0.03512464111585611,3
20.34,0.0020382157443685003,0.005384966958374907,-0.004288951481129644,0.0071796446549160986,3
20.35,-0.00566638955143948,0.006672424595947917,-0.001689965631147359,0.00891544751382299,3
20.36,0.0007788282389751709,-0.002657321068559976,-0.006829501577788029,0.0073695332612213026,3
20.37,-0.0012525803570521028,-0.02093599754109564,0.004011758010577833,0.021353668371665576,3
20.38,-0.0038304154582396006,0.007942665694797105,0.007857682410343377,0.011811062347809674,3
20.39,-0.016082253564360938,-0.0008473081428644058,-0.003388481590386789,0.016457175282707376,3
20.4,-0.015866538744857092,-0.026080208939772115,-0.013068361896722738,0.03320702384658907,3
20.41,-0.001196375817520432,-0.001690988450945857,0.01467622594651753,0.01482168563528502,3
20.42,-0.014656779731867735,-0.010094171403706272,-0.00019264477476671135,0.017797488599382082,3
20.43,-0.000930431012800422,-0.004169974668425494,-0.005154717477219438,0.006695185051575696,3
20.44,-0.006003490754646397,-0.0014886956224957554,-0.0016793854529452302,0.0064092473346818845,3
20.45,0.0009984377146381564,0.0009056833311685141,-0.0023148688770139444,0.0026787605499813084,3
20.46,-0.020425725998751008,-0.015315699817640253,-0.008988752003008471,0.02706618935224734,3
20.47,-0.011937819899204262,-0.006367034250214008,-0.00021927555262076827,0.013531398702913628,3
20.48,-0.005671829354141699,0.010750927206707657,-0.004882338887607143,0.01309921055025345,3
20.49,-0.014396141821004493,-0.01703391548834264,-0.01334507572210968,0.02599027168429209,3
20.5,-0.009063622442826526,-0.012726285827442436,-0.012029902665315572,0.019718675434339843,3
20.51,-0.009272626509690114,0.00014340709292506772,-0.004305623667637696,0.010224507966148344,3
20.52,0.0014459510847333883,0.007011896082347034,0.005569663972144878,0.009070756196243177,3
20.53,0.001762092763160312,-0.007948286601854366,-0.009219838564112747,0.012299823330418213,3
20.54,0.0004253111536996649,-0.005701030932983778,-0.00027949920349275384,0.0057237018686381895,3
20.55,-0.012117475731689331,-0.012385306728646552,-0.005404493333505104,0.018150415671896843,3
20.56,-0.006153888973768361,-0.009224906738723483,-0.006962187119298639,0.013093559612410278,3
20.57,-0.006375897931088051,-0.01335509842043432,-0.010608768879934961,0.018208698618929816,3
20.58,0.021482874484368225,0.026243500663249538,0.010785756027315003,0.03558887124163761,3
20.59,-0.012576668169778465,-0.014788526738194488,-0.0036968808246610504,0.019762085749504242,3
20.6,-0.007982719077600611,-0.0033381783462757375,-0.00397266306644211,0.009520992090265919,3
20.61,0.005569361963452566,0.003679177403288332,0.002470607696433592,0.007117446271978215,3
20.62,-0.00580252497687232,-0.003554330033308201,-0.004696918470484866,0.008268228420362228,3
20.63,-0.0007419888651951125,0.0021145068874035594,-0.001446940935953795,0.002667456639776824,3
20.64,-0.0015106995300492058,-0.006225868828875425,0.010368368022798223,0.012187974040037922,3
20.65,-0.015174368562449919,-0.010209548244706983,-0.005458236664264057,0.019086348108351796,3
20.66,0.007976295006772056,-0.01242546331327075,0.00831656230778258,0.016946345600268045,3
20.67,-0.010947081978654965,-0.018095295148353487,-0.010194474728475938,0.023477768747113773,3
20.68,0.03258397915838813,0.02412736763985043,0.00940127329554253,0.041620061347867505,3
20.69,0.0009686209765178326,-0.001809586725230716,0.001175990123254124,0.002365540843501299,3
20.7,0.002400991665254315,-0.00839751764341951,-0.0031344312917154253,0.009279424716578473,3
20.71,-0.004369048586592702,-0.006488368522067457,-0.007827770860554384,0.011066232795107277,3
20.72,0.006197960922686548,0.011174671747802678,-0.0021026691144558503,0.012950259675974664,3
20.73,0.00856358960884561,0.022432134768071297,0.0006804146635178165,0.02402079726728427,3
20.74,-0.017225238889627077,-0.02411877144261415,0.005491317897714387,0.030142636960948512,3
20.75,0.006987552414190777,-0.004691678694424221,0.014730156542321859,0.016965118610669513,3
20.76,0.006009078521316304,0.019379352470807076,0.009941204226850364,0.022594155623591444,3
20.77,-0.016838154217748532,-0.01325592030193428,-0.0005406370552528501,0.02143677095407395,3
20.78,0.0052100881943844875,0.008501843432673522,0.007299431505955549,0.012357510309811397,3
20.79,-0.01597101589576975,-0.009557995297298717,-0.015779666528741666,0.024401362638270932,3
20.8,-0.00788643507221376,-0.002581061443616985,0.0012703433422659974,0.008394730998144551,3
20.81,-0.009445470937904711,-0.014581370716324841,-0.014207501330175995,0.022442958522722687,3
20.82,-0.019428347772641824,-0.013377866979092797,0.0005596243922881983,0.023595363984169896,3
20.83,-0.01821585434862785,-0.014951799611373662,-0.005113198954465405,0.02411469396067559,3
20.84,0.0208231986252183,0.020986895123643854,0.004582048482392712,0.02991739521099918,3
20.85,-0.027566223302760852,-0.006866216701026958,-0.009952180248671384,0.030101287192829177,3
20.86,0.003766309609507759,-0.0022488984290530345,-0.004392103900460945,0.006207512294898169,3
20.87,-0.009274239035046648,-0.0037034727722649744,-0.005196495618818539,0.011257476936262905,3
20.88,0.011237218774525489,0.008736587988034315,0.004617682114831919,0.014964158632307137,3
20.89,0.005846908450297244,0.00737939730262234,0.0006468023435497123,0.009437170987522087,3
20.9,-0.02344245743002651,-0.01348531928771152,0.0002157259332192813,0.027045317234752356,3
20.91,-0.016653913777553757,-0.004238921758228335,-0.0037408958074458573,0.017587370560283946,3
20.92,0.002563701689343157,-0.0027612776966525567,0.0046456689641103015,0.005981593516285564,3
20.93,-0.008143371636942497,-0.019331860704279783,-0.006591763968306663,0.021988330817069822,3
20.94,-0.019480981394450217,-0.019278767115668248,-0.010281311160583225,0.0292725956616734,3
20.95,-0.016655488899838117,-0.01567250965653602,-0.0014593641377888909,0.022916426709099085,3
20.96,0.019630661091186406,0.023129376094236057,0.0057133954522892135,0.03087027341926011,3
20.97,-0.006429791337532949,0.001734942397845757,-0.006000747327277076,0.008964441435687977,3
20.98,-0.005226191297327135,0.00984199607519507,-0.001573394675484922,0.011254045184966041,3
20.99,0.004009549655144549,0.0025987222654948404,0.0034637803290680507,0.005901493032977941,3
21.0,-0.01871618984899927,-0.005830363250034057,-0.010244929161639707,0.022118939206439054,3
21.01,0.016274733803385368,0.011651842058163126,0.005076185194204464,0.02064945616342702,3
21.02,-0.02731501095812864,-0.02635067552637963,-0.020246197444949578,0.043016002084330346,3
21.03,0.016173445068128463,0.0035090610071878345,0.011748280723750552,0.02029571221928375,3
21.04,0.0071155194444755205,-0.01969251086343272,-0.0008985043087546976,0.020957884222029086,3
21.05,0.011582833987610812,0.01194570955123517,0.00493476267781742,0.017355515047194743,3
21.06,-0.003980071601905792,0.009479732082630634,-0.01676655678581352,0.01966783457238399,3
21.07,-0.004500838707137624,0.0023662711663235774,0.00220585002941725,0.005542793758793727,3
21.08,0.024114957834735683,0.01968472221912311,0.017297747384552233,0.035612238693950464,3
21.09,0.038760047975054,0.035836306049640415,0.021790551941632735,0.05710875855972511,3
21.1,0.008501041956091436,-0.0016736015219898969,0.008390442937424383,0.012061019404669263,3
21.11,0.022348629495297628,0.016614999888376773,0.00852437442888564,0.029123605906767224,3
21.12,0.010614894703963026,0.005338136533010707,0.015897364434230375,0.019846860889723057,3
21.13,5.844469868491499e-05,0.004444493708701605,-0.0013513152508613886,0.004645749995071097,3
21.14,0.029935521329984137,0.01729154440620134,0.02235563669969831,0.04116925354555832,3
21.15,0.004963774985733735,0.017805250958956843,-0.0007105722506504297,0.01849786303181597,3
21.16,0.016095062592353698,0.022848132885635135,0.01827246814076623,0.03339118608505457,3
21.17,0.00975474539238147,-0.005396171070392725,0.004770283568378539,0.012125564944111808,3
21.18,0.013538662767009674,0.02644461761247017,0.0006936506925746058,0.029716903295462848,3
21.19,0.001971907492892548,0.003225006502115148,-0.01187851454841736,0.012465480094090785,3
21.2,0.009551431862591027,0.007700012111444763,0.0013680055949034692,0.012344694263115727,3
21.21,-0.005359472525398647,0.0011318627178187454,0.0033488645395992767,0.00642027668150497,3
21.22,0.026502773596617252,0.025562272418714473,0.007199324768537538,0.03751875606473383,3
21.23,0.008296126269827422,-0.004906366224907418,-0.005596749862467707,0.011145481130972553,3
21.24,0.002817296761666638,0.009327955431690326,0.00014777758990286135,0.009745242521095916,3
21.25,0.009767635413411364,0.003935425853947894,0.014431209034273976,0.017864883778299822,3
21.26,0.009817670822375694,0.02435489895821047,0.014381568029333509,0.029939560160822606,3
21.27,-0.007071534461098418,-0.022469291349722427,-0.02282779411407394,0.03280219257165232,3
21.28,-0.014885971515993739,-0.012377067001839439,-0.003177403684893902,0.01961835440906747,3
21.29,-0.0072806516644706495,-0.01066322421577447,-0.0004079209877206665,0.01291815152672631,3
21.3,0.0077879754571141095,0.007071645123095648,-0.005137826194307991,0.011707176622505169,3
21.31,-0.006641205535194782,-0.0065450302570501245,-0.003190321294376392,0.009855007964875264,3
21.32,-0.018276763480674484,-0.016590074982513234,0.002681074226464023,0.024828588970413474,3
21.33,-0.003291711289305421,-0.015843993643037426,0.000722651841098584,0.016198448180495387,3
21.34,0.01419343226236133,0.006464339305727845,0.014075616768689975,0.02100866938825122,3
21.35,-0.007426282220406944,0.0009692990371892932,-0.011207221072934273,0.013479280856865119,3
21.36,-0.027136771937967076,-0.015852328867989974,-0.006843919948049566,0.03216426529562671,3
21.37,-0.01795841747722801,-0.01383333213745278,-0.008595683446921664,0.02424358905424639,3
21.38,-0.01431488319391945,-0.01551039986307549,-0.008514375272130987,0.022759239245693723,3
21.39,-0.008026285779922572,-0.011383148789620216,-0.00854549418718274,0.016340832619263727,3
21.4,-0.0018033918297099324,-0.008923261455956299,-0.004410565091686058,0.010115824312967259,3
21.41,0.0013563716694222228,-0.00285571983729145,0.0007708745361108307,0.0032540939514917547,3
21.42,-0.009166398679934662,-0.0038150181177252617,-0.007453211296809136,0.012414813193639412,3
21.43,-0.01847444429705085,-0.01101053783297807,-0.003018418230364102,0.021717455745774418,3
21.44,-0.02715900282817682,-0.02449327083816898,-0.024867223908938807,0.0442256777891545,3
21.45,-0.0036840441304026405,-0.01319454377576998,0.004061426574711302,0.014288574191543245,3
21.46,-0.026169373218271282,-0.006307317281585583,-0.022123574088059546,0.03484351986177089,3
21.47,0.015729983954102928,0.0073097918243614345,0.0018497157198736156,0.017443821254420844,3
21.48,0.00935235810269433,-0.0009267777326039906,0.009608442738733496,0.013440524205186467,3
21.49,0.014184800998014117,0.01117459372158691,0.012000084691645142,0.021681378111237486,3
21.5,-0.004907159678938077,-0.006584466295588758,0.0002560936072467353,0.00821589900424857,3
21.51,-0.00036195679121181143,0.009407675628210216,0.00562441979993715,0.01096674388915187,3
21.52,-0.014727948536569366,-0.016235318051684256,-0.004900857812987181,0.022461443133474257,3
21.53,0.010992657037484246,-0.001297049567268155,0.0038416667911994468,0.011716622809423673,3
21.54,-0.017192012092501346,-0.012434835598991363,-0.009934806924157921,0.023428418742692636,3
21.55,3.5936956413597926e-05,-0.0011825543881184223,-0.0006671029457936699,0.0013582167301211545,3
21.56,-0.0076549664896266335,-0.010331013905950863,-0.003039419015502827,0.013212358920119335,3
21.57,0.022276859860777896,0.012003693585273329,0.008421090482651467,0.02666949399337889,3
21.58,0.010199090703989031,0.011327983267653972,-0.000428947892797852,0.01524889020208289,3
21.59,0.009332769949179628,0.0159476363511328,-0.0050878015419881005,0.019165422631472,3
21.6,0.002840437967705562,-0.008029541508437597,-0.00431868220640466,0.009549483791494798,3
21.61,0.015770415964006336,0.00894535416625291,0.013169852945684297,0.022409159008058146,3
21.62,0.025784248627804797,0.023172156432540128,0.0101904248989384,0.0361333788989553,3
21.63,0.026429871652967375,0.026146193262974543,0.008722689263468962,0.03818699838589282,3
21.64,0.03888849493106071,0.03707842779055396,0.0231289728047094,0.05849849765954204,3
21.65,-0.004415601705547313,-0.013949529320032359,-0.0025221497646782977,0.01484749629088829,3
21.66,0.00036096880934934246,-0.001675207513349349,0.0027028935100702122,0.003200351858918776,3
21.67,0.016584122442549677,0.014558184955857147,0.0051711748673166314,0.022665279965330066,3
21.68,0.0071304989376840535,-0.0037986589490512073,0.0013623762337637696,0.00819328346353552,3
21.69,0.010135335888387074,0.00728967832562958,-0.0021644874165119557,0.012670810922660763,3
21.7,-0.012258518198777626,-0.02217755298939343,-0.005644357270291145,0.02596100718427165,3
21.71,0.0147665858454669,0.0022156478750787554,0.0020555876578888643,0.015072710229323372,3
21.72,-0.0016701794346995428,-0.014909264372696567,-0.0062301645486214,0.016244710332349768,3
21.73,0.008317120693218046,-0.0001613330235074647,0.00459511490919507,0.00950345232001175,3
21.74,6.257153168676057e-05,-0.021978720917591715,0.0005128536897029694,0.021984792636661442,3
21.75,-0.011835951898346964,-0.002152211316624396,-0.009987761099725205,0.015635764857421373,3
21.76,0.02069771760390607,0.01614114026247324,0.0075380201213334505,0.027308490810249948,3
21.77,0.006569700650090201,0.0033080177468133246,0.00216620894489693,0.007667881665621802,3
21.78,-0.0019077800137540853,-0.009946435925093085,0.00609765479274942,0.011821700646032357,3
21.79,-0.014692008705550229,-0.0274529657981613,-0.016038787052583218,0.035025178672450606,3
21.8,0.005301300430742749,0.00638487083577589,0.009748458444592675,0.012802453041994922,3
21.81,0.0011029732070779192,-0.0075423559294193945,0.006422630180985111,0.009967640708978253,3
21.82,-0.0162777859700938,-0.013272573715111554,-0.007226890349647422,0.022211606723447085,3
21.83,-0.0005442440291597208,0.005363178783185593,0.002413838522959129,0.005906479885567174,3
21.84,-0.008010205849396866,-0.02007559681133371,-0.0005138126590244815,0.021620753653134244,3
21.85,-0.002141516496115186,-0.000863360232503421,-0.009335341831410765,0.009616656950494257,3
21.86,-0.0012733518299150974,-0.0011637942344991702,0.0009325798472952234,0.0019610066482760374,3
21.87,-0.01583097599757823,0.017020666156711,-0.009560646681126904,0.0251342165665741,3
21.88,-0.0025320073562930213,-0.006319721848583052,-0.012383795803716914,0.014131820265059157,3
21.89,0.009441794923166656,-0.010446822681793807,-0.0005184160277036344,0.014090860537730022,3
21.9,0.0003759064573814908,-0.00516185385387328,0.006726462404228203,0.008487127744351619,3
21.91,-0.007486585196020517,-0.019162025858923938,-0.004556312593092423,0.021071121881886496,3
21.92,-0.006543833218879776,0.006302003953084936,0.002508068150426288,0.009424829593599842,3
21.93,0.011737047758276168,0.020796626823482725,0.006858662562041869,0.024845507228777028,3
21.94,0.011727376036235249,0.00602012148593993,-0.002818436886595956,0.013480237308165798,3
21.95,-0.018228584161911303,-0.008666454603162344,-0.0035391686063027073,0.020491813740135256,3
21.96,0.001432506258020539,0.002438376921167219,0.005654030067913539,0.00632185195949884,3
21.97,-0.006873578850681806,-0.006357392743180494,-0.006113358669594903,0.011181935562803759,3
21.98,-0.017766249577480527,-0.022832690556832184,-0.016898594553591627,0.0335042367470154,3
21.99,0.00812373909670566,0.010692987988378828,0.0026294164984140547,0.013683894188172094,3
22.0,0.005863115550808358,0.005385992784683207,-0.001046605560433522,0.008029970450625626,3
22.01,-0.006890243055668022,0.014764310669785946,-0.003794679392991029,0.016729014035971376,3
22.02,-0.001851363374633602,-0.0018985851891949563,0.006620011359722149,0.007131389939444867,3
22.03,0.016298594506625786,0.01499805796133556,0.01372031130468136,0.026054421271645246,3
22.04,-0.001665535682662176,0.00032230436815032753,0.00417172121069992,0.004503459456434947,3
22.05,-0.0030719025397823356,-0.006247661748403762,0.001886616105849828,0.007213125734883643,3
22.06,-0.008622654514600096,-0.004703197667891969,-0.004813791345387594,0.010938136326557022,3
22.07,0.012541297176469318,0.007187569908880943,0.012938344712987934,0.019399640717695545,3
22.08,-0.011011932866616187,-0.017671546359170072,-0.010280291177129605,0.023221339385783232,3
22.09,-0.01045985821639964,0.0010446492636585376,-0.008730572199979494,0.01366465575601157,3
22.1,0.004557047228191927,-0.0014424752484848836,0.00501860412686779,0.0069306422259901475,3
22.11,0.00021835855822138414,0.006675400143573812,0.013083239135164262,0.014689444979462889,3
22.12,-0.00843527816453347,-0.005877203957416486,-0.004755234736908273,0.011327298948700269,3
22.13,-0.005251716310760402,-0.0008135607250316034,0.0043217745208605695,0.0068498277548548914,3
22.14,-0.012093049472366323,-0.007211567285502214,-0.011927421824869708,0.018452965605636494,3
22.15,0.009575441172051566,0.0179992436503482,0.005887744213712978,0.021220918395539128,3
22.16,-0.008339199019256196,0.0044913187437765475,0.00012932564773809928,0.009472640047216242,3
22.17,-0.007980459546592641,-0.005126289973012144,0.0014554110782364809,0.009596082787724372,3
22.18,0.004531338479549738,0.010570183962665134,0.0005181030595991251,0.011512178256142376,3
22.19,0.002950020448941843,0.0028703308363360624,-0.0023193676217018785,0.004724498483838866,3
22.2,0.006147732222318937,0.006927896138596621,-0.0038670130335017715,0.0100371383464508,3
22.21,0.027348581507650866,0.03493784136519247,0.011397115718558306,0.0458092994537374,3
22.22,-0.004589601021968216,-0.004822125316295556,0.00804482462949603,0.010442055996127207,3
22.23,-0.03349514194211925,-0.015237251194804529,-0.01678507485480569,0.04044548300586505,3
22.24,0.011642896554312806,0.012198212569296174,0.020210515440049124,0.026321443053385737,3
22.25,-0.015293069951379351,-0.011210902234124664,-0.006690955650638239,0.020107988585626638,3
22.26,0.007703312845159546,0.007310095544030382,0.008576914345004127,0.013650713729867406,3
22.27,-0.013035481806608514,-0.007178682229572887,0.007312112982774837,0.016580840170403652,3
22.28,-0.002515792927106574,0.0003197210421287454,-0.0002206346112828705,0.002545607045196744,3
22.29,-0.008217806371772284,-0.002695702870691415,0.00775496355025356,0.01161630815692991,3
22.3,-0.010472939508593505,-0.005987561641050763,-0.0041888884991436405,0.012770283599603383,3
22.31,-0.027009392952301224,-0.01613263721981454,-0.013223129348609407,0.034126535732301046,3
22.32,-0.013077845286149463,-0.0011697872119714441,-0.0050097164525038165,0.014053316277101326,3
22.33,-0.020809975915784366,-0.006274734954464088,-0.01829829240261982,0.02841223154234938,3
22.34,-0.003419610718556937,0.002698658446537189,-0.006649070998876634,0.007949002454751056,3
22.35,0.016772713518548185,0.0256156429285085,0.0013213911577300893,0.03064687840560379,3
22.36,-0.008939324237846009,-0.008718414465219686,-0.0039345556745713686,0.013092096737077478,3
22.37,0.012278942816823783,-0.00013931080876969024,0.009151537581938946,0.015314779930312723,3
22.38,-0.02969310996912997,-0.01998743257998905,-0.01664401006536142,0.03947405872005443,3
22.39,-0.005753900342674533,-0.009332409738837307,0.012457059168574851,0.01659456428522154,3
22.4,-0.012561126890698078,0.0016723384636086452,-0.01505012621002362,0.019674473910087743,3
22.41,-0.016187311806576878,-0.03280343179126561,-0.014452545975566214,0.03933154314266621,3
22.42,-0.031458056644629584,-0.026174972818721498,-0.009725252632096542,0.042063274583365874,3
22.43,-0.0009545335149681675,-0.015278250452942184,-0.0025617660002765622,0.015520912221071237,3
22.44,0.004570018567628501,0.004731266182557585,-0.010027118826088024,0.011992208360063261,3
22.45,-0.0036705911714233442,-0.011687424341293504,0.0011532591944643177,0.012304435543770684,3
22.46,-0.02281990757725001,-0.015555993932393233,-0.008175064286099201,0.02880223611355101,3
22.47,-0.014439249014251285,0.002300404981472586,-0.005169637988449028,0.015508350399251233,3
22.48,-0.00753266650959027,-0.006066713581283534,-0.003636046445751618,0.01033280756511491,3
22.49,0.012773779850843001,0.01739157522465113,0.005658597291138119,0.022308206198073777,3
22.5,-0.015183634487043669,-0.001963923923702435,0.003229374681272312,0.015647000167644764,3
22.51,0.009116369190651988,0.013582737599629371,0.010343489535162866,0.019354243040860006,3
22.52,0.017426834242641423,-0.0014898474900046747,0.012340077937842964,0.02140541335214089,3
22.53,0.0019773176627424878,0.012858179953500228,0.007496359852763066,0.01501459249856973,3
22.54,0.007014547189913695,0.0026034559261451074,0.002770455377886518,0.007978551124093054,3
22.55,0.002281325615687421,0.006460935243038256,0.0030341049061141847,0.00749359215335553,3
22.56,-0.010407513492186054,-0.005824726285873393,-0.023696668021778295,0.026528773977131874,3
22.57,0.006903935458916127,-0.001480921672772681,0.018377799639946735,0.019687584245604985,3
22.58,-0.004011964574492543,-0.010265625131429857,-0.0015101559318179058,0.011124724267343988,3
22.59,0.018373383952034132,0.031240645719823552,0.015386706247445462,0.03937397505949294,3
22.6,0.018493859944986472,0.0045492894193359685,0.013826622610328548,0.023534960860262886,3
22.61,0.008145506188610277,0.0059510949302856156,0.00851216005103581,0.013199305689028096,3
22.62,0.0022241122682701555,0.01658958571819113,-0.0008249791276268162,0.016758329876336152,3
22.63,0.014507499224520232,0.005984348379769106,0.014489773375895163,0.021359622931238758,3
22.64,-0.0010286543209893396,0.011213465315654965,0.004549714504274211,0.012144951056628021,3
22.65,-0.02441245932167603,-0.012342203845291154,-0.01781385183398696,0.0326440114424445,3
22.66,-0.005256752931308999,0.007910699442502124,-0.0012380355065653883,0.009578379245255734,3
22.67,0.0007463514531575151,0.014903442063522303,0.0010729073999193074,0.014960640230992719,3
22.68,-0.008408397592420421,-0.005709447334729073,-0.006336521001431943,0.011977079666673947,3
22.69,0.020045056991411493,-0.0038006194165181983,0.00238784029243291,0.02054144101567161,3
22.7,-0.014656147348286257,-0.026338884160701376,-0.012263313832957468,0.03254117914414181,3
22.71,0.00702797352815873,0.006199397710354489,0.0071154945362670065,0.011766699043457089,3
22.72,0.0021842200113293764,-0.0038871658799873856,-0.0012884353286236484,0.004641221954666178,3
22.73,-0.012862069110385527,-0.011487584163633765,-0.0026601156441698704,0.017449172672572764,3
22.74,-0.0003764485760569256,0.006803314372013175,-0.0009724063453719246,0.006882759190570006,3
22.75,-0.014610011807323766,-0.02344849583204988,-0.007216008142582126,0.02855442479388461,3
22.76,-0.0014473989168884895,-0.0039127049216606145,-0.006126898636973569,0.007412361994421599,3
22.77,-0.002818090569509081,-0.0165165706152456,-0.004846137137222269,0.01744201205420737,3
22.78,-0.026328840837355795,-0.03297557431234469,-0.0122814394572103,0.04394803882096337,3
22.79,-0.02779606962214493,-0.012349920633506935,-0.022331706210785764,0.037733898928919284,3
22.8,0.01171406959849203,0.01107374881630269,0.006714029461558935,0.01746211702559463,3
22.81,-0.0019396477790685806,-0.015219751597815814,-0.001314038474523389,0.015399018453089485,3
22.82,-0.014635564885775191,-0.005666115978675032,-0.015774269699927422,0.02225156656003304,3
22.83,-0.011804760373004776,-0.030566917444198666,-0.005922320576786403,0.033298088391358865,3
22.84,-0.013622588110862099,-0.015493020152346723,-0.022589656648672338,0.03059250182289983,3
22.85,0.003121780410944467,0.012323940620214368,-0.0013528092783530005,0.012784956718281226,3
22.86,-0.01365675619982901,-0.019944130350891542,-0.005619157116932833,0.024816330350390207,3
22.87,-0.025914175919414195,-0.015596241807125835,-0.006155135241285624,0.030865400725200418,3
22.88,-0.014161436808678464,-0.005561613538269622,0.009508288388283931,0.017941164558356638,3
22.89,-0.017808469067793174,-0.017396454048683282,-0.006857667870208734,0.025822582996760577,3
22.9,-0.00997574892557138,-0.010919126388552773,-0.0026931833796825927,0.015033167478340239,3
22.91,0.009328590431657855,-0.0016070196325394708,-0.00536353418626209,0.010879917762014007,3
22.92,-0.023397849378576988,-0.009337825542968674,-0.011600426282433594,0.027734891947647278,3
22.93,-0.0191929883953628,-0.01946169036724555,-0.01139998633731768,0.0296156695684244,3
22.94,0.0026963564030522266,-0.003677293438672279,-0.008979959962903307,0.010071370602938275,3
22.95,-0.0147225579183526,-0.01830865491430756,0.003792652898170634,0.023797999336844417,3
22.96,0.009938796378970934,0.027990785217545517,0.007146844744854096,0.030550632077985865,3
22.97,0.009685364736855037,0.019819811356126635,0.007640162709482319,0.023345305705981357,3
22.98,0.007303102271459017,0.008531753795378492,0.013342594715262985,0.017439924293072746,3
22.99,0.014467186942814016,0.011986627449858518,-0.0019340581947814885,0.018887014500995957,3
23.0,0.01193402073021148,0.019792581431182392,-0.002271778148128084,0.02322343873015828,3
23.01,-0.0054963523080787564,-0.00970570982341238,0.0059667692644559175,0.012649625580469252,3
23.02,0.03178517905310424,0.014042893891567874,0.008428012871952068,0.03575656411426468,3
23.03,-0.0120763672054579,0.0008841985596500269,-0.0012859629236580891,0.012176787450512943,3
23.04,0.004637061668224472,0.018652110773119977,0.003865997180854903,0.019604833878664542,3
23.05,0.0021373778806373376,-0.003591218318891186,0.013040502049801454,0.013693791546881868,3
23.06,0.02528741905732685,0.02049287574706189,0.02040227381757677,0.038414376161702186,3
23.07,0.01440166741908145,0.014971728375136863,0.01576659899476858,0.026079615005796156,3
23.08,0.01587105772419279,0.012621446307364706,-0.0028671756405082007,0.02047955263983746,3
23.09,0.01506736081727348,0.014277903537337502,0.010893557209668656,0.02344255702989217,3
23.1,-0.001366575261055063,-0.0019331781211803947,0.0057438210861747415,0.006212582897823084,3
23.11,-0.0014173378927844274,-0.021604414243856538,-0.0006801699954329609,0.02166153717410565,3
23.12,0.030643271610293378,0.02077196589017158,0.010160098904400042,0.038388960283808865,3
23.13,0.02538556969791921,0.024090650236999966,0.01067398236459731,0.03658852931246506,3
23.14,0.005575152054777601,0.008089713777817042,0.007755973382771704,0.012517224634684677,3
23.15,-0.002105662121705553,-0.004981383578744742,-0.008463557840143552,0.010043893997988464,3
23.16,0.009282352918125202,0.014694654404481781,0.014852286091468707,0.022862312785600192,3
23.17,0.021305882862346186,0.015084909975462095,-0.0015682541972860883,0.02615252520769492,3
23.18,0.009911988551290685,0.010200382150283625,0.00040452286028166105,0.01422880711083093,3
23.19,-0.0019788754022935706,-0.0061646529961003746,-0.008159129167080214,0.010415866895521991,3
23.2,0.0031294130764297954,-0.0009291537425020089,0.0015729958435653534,0.003623654067927727,3
23.21,0.003047862173401618,0.0043296750253275125,-0.0016342379671105032,0.005541325056892322,3
23.22,0.020437767442951317,0.014752217784592708,0.01707168401096335,0.03044294109619496,3
23.23,-0.011580016231735466,-0.010606716746128102,-0.006505792357785071,0.016997780745216882,3
23.24,0.0005822291864212737,-0.0034888740011635245,0.0021564039634893823,0.004142621232416533,3
23.25,0.007338196166176342,-0.013327747413385611,0.0025762864631761907,0.015430982665683896,3
23.26,-0.015400844777869023,-0.020604049707472684,-0.008792379400558005,0.027184900583658154,3
23.27,-0.010297505305566421,-0.008249595428800702,-0.0034186908520782546,0.013630182955453736,3
23.28,0.005624658941618096,0.002907185882922112,-0.005315140956086266,0.008266755188733464,3
23.29,-0.001510741637160886,0.0018712570723652179,-0.006387884564031707,0.006825614443295413,3
23.3,0.0016537550378414433,0.011279263297823385,-0.005890430516562153,0.012831751943412026,3
23.31,0.008376165766243261,0.0018861359466647298,0.005653509736086545,0.010280069751169579,3
23.32,-0.008577354351560176,-0.015910430929731073,-0.0029819156247680965,0.01831951530022581,3
23.33,0.014250416587361777,0.02183004532514412,0.007741576949778678,0.02719480217763216,3
23.34,0.010892197331369223,0.011163651935992164,0.005133809143058487,0.01642020351794762,3
23.35,-0.009176743476923157,-0.010935513515046728,-0.0016494624961270717,0.014370762095489268,3
23.36,-5.8296217614032045e-05,-0.014152071857023399,-0.00255909407206698,0.014381707088000024,3
23.37,-0.004365555722008359,0.01597712918392576,-0.002791835609299175,0.016796460335176667,3
23.38,-0.026234458251011242,-0.020280244659104944,-0.009472705760934631,0.034485754705246785,3
23.39,0.01186480639148697,0.011447915307770508,0.0009068749415991608,0.01651214152558828,3
23.4,-0.018134422673609086,-0.020218375642790047,-0.005196407886667521,0.027652172686114442,3
23.41,0.004663276249066108,-0.005454757961964466,0.009068981405689156,0.011564901795322538,3
23.42,-0.0058192414217292715,0.005903480306070376,-0.001385378694160478,0.008404399120387148,3
23.43,-0.01861650716240367,-0.0167508785745428,0.00035197335322782394,0.02504576126190391,3
23.44,0.009539765293871433,0.00210916422436422,0.0036826770119600836,0.010441159205850233,3
23.45,0.005475695278726284,0.0041766291927949235,0.009103284414194496,0.011414782403764362,3
23.46,-0.010050590056535424,-0.00674908036065442,-0.009330163897543316,0.015284515188716999,3
23.47,-0.015262933197061663,-0.0022199307519683575,-0.004920387047042597,0.01618936166172732,3
23.48,0.0019341421652872416,0.00037020754365513415,0.004317737823022705,0.004745610545470629,3
23.49,0.004487687954210001,0.007945539674378594,0.008011136331766122,0.012142868245090572,3
23.5,0.011135469514616999,0.0023704120612849074,0.008146079224836896,0.013999147880802204,3
23.51,-0.023257636771680877,-0.02384810473726627,-0.001039295512591699,0.03332761472001196,3
23.52,0.020474750426955565,0.006868887232360376,0.01379255268518749,0.025624822466324974,3
23.53,0.002743644206933808,-0.0041221750979799614,0.0017972397936815731,0.0052678251630668355,3
23.54,0.013083070590172375,0.022441649055603183,0.00662544474497321,0.026808410368221795,3
23.55,0.0051316001327827016,-0.000842510837693823,-0.0013576797616269942,0.005374610569105312,3
23.56,0.01678612951912175,0.007290841763720858,0.006094914042898216,0.01928933630394433,3
23.57,-0.008353955138391132,0.00010502828460861365,-0.0046140128740351505,0.009544040664025984,3
23.58,-0.00783261471861587,0.00015708840626367255,-0.0020593320742981385,0.008100332011090255,3
23.59,0.014722867474335238,0.001536773669518909,0.00582370052790054,0.01590723067717427,3
23.6,0.023524907293495222,0.014710962809732962,0.0024073660096816905,0.027850118510725618,3
23.61,0.012899064163506902,-0.010939678164029328,0.013257781642037385,0.0214902579950719,3
23.62,-0.004037536451259904,0.0013004490524736764,-0.014604702587131941,0.015208228233160842,3
23.63,0.022410900552112836,0.021066236146313505,0.004961120995122315,0.031155216103522385,3
23.64,0.007683893459791575,0.010499461280150509,0.011158729107150208,0.017140540865491053,3
23.65,0.0021919714333255803,0.017628488701097778,-0.0037529787308633877,0.018156354314772565,3
23.66,0.010939586837436208,0.011326467811418906,0.010990708478854926,0.019203101471483446,3
23.67,0.004544105888268071,0.0038976509782883803,0.0035853880159655077,0.00697822245972239,3
23.68,-0.007643156711121058,-0.003938622498870163,-0.00017680833245089936,0.008600107725243049,3
23.69,0.00761546628339768,0.0005788172384791259,0.0010298531345141432,0.007706552639656468,3
23.7,-0.009039507117548837,0.010362537917212016,-0.0056120507354698234,0.01485227236726287,3
23.71,0.01034391536289354,0.0215602553183453,0.008673303169607051,0.02543751918522829,3
23.72,-0.0006893112664651466,-0.004912406077709776,0.00019398925337139742,0.004964324256615328,3
23.73,-0.0014217442982243146,-0.01024193370004823,-0.003386792040238674,0.010880667400924495,3
23.74,0.008014790179374903,0.00616350977353711,0.003474998901671486,0.010691180089892319,3
23.75,-0.01621713807619691,-0.011706706489239759,-0.009014568026439653,0.0219386640639523,3
23.76,-0.006637944679321639,-0.004091461508875082,-0.010554323462261882,0.01312235156480699,3
23.77,0.005585806416034381,0.005535783402066128,0.0030873590282461164,0.008448545257101632,3
23.78,-0.009186725815505132,-0.020237564117664503,9.071106615520831e-05,0.022225282025733064,3
23.79,-0.05123492376068361,-0.037741884027264874,-0.02309421320801918,0.06769645416406993,3
23.8,-0.004894557083306852,-0.002311384738705827,-0.0030048354222519755,0.006190979273660322,3
23.81,0.001051463743031774,-0.007416628509221606,0.0024508003472492835,0.007881521223011854,3
23.82,-0.0016819914604252898,0.008703531186059748,-0.006854234550162122,0.011205404126951172,3
23.83,-0.0019313181743426467,-0.0060219781321011,-0.012669558452051914,0.014160223228608021,3
23.84,-0.01290858211871424,-0.011124436645927892,-9.40481935828609e-05,0.01704093389657881,3
23.85,-0.017504835595137998,0.0014906381409816333,-0.004225163571760523,0.01806912500616152,3
23.86,-0.0011542284817754227,-0.013995390670883477,-0.01251139331852794,0.018807928280108348,3
23.87,-0.007183618622578702,-0.005798269290019737,-0.004199819784408308,0.010142129435959341,3
23.88,-0.011115551655912744,-0.01589131003662645,-0.0050459591086066125,0.02003873565425671,3
23.89,-0.011685383888293866,-0.005192279918799409,-0.007877085892271478,0.015018536863695739,3
23.9,-0.004418382384964154,0.000576377717096066,-0.007232634408819973,0.008495017049080775,3
23.91,-0.0019893576118567118,-0.0010455174550247116,-0.001233875986943101,0.0025638058443978166,3
23.92,-0.01155852532303658,-0.015479071710676128,-0.00980620430098993,0.021664782746667118,3
23.93,-0.0031853100889294474,-0.009561939847060129,-0.0017322259043172964,0.010226314125090227,3
23.94,-0.020501496627718684,-0.01897903153790617,-0.017465871777966727,0.03294801479691261,3
23.95,0.0057053836961741084,-0.003989933352628777,0.005674595291703589,0.008981759460351485,3
23.96,0.00299358700632228,0.005776609128051047,0.01098033391890226,0.012763170027595016,3
23.97,0.0028158862509731672,-0.0025421184744409105,0.0015190612168940296,0.004086456741137128,3
23.98,-0.0019316477892872075,-0.0001837522491960847,0.0034436688759500018,0.003952705832481027,3
23.99,0.020716633570811785,0.010097725856209498,0.007906585372479685,0.024365078826606684,3
24.0,-0.0024864343962624326,0.00814084226859831,0.008206217651457926,0.011823606767489076,3
24.01,-0.013485166236237675,-0.0016467172350019717,-0.010089350998741309,0.016922068125581443,3
24.02,-1.40046214677789e-05,-0.0006605436087728932,-0.009536386828508936,0.009559246190546192,3
24.03,-0.008774337472213633,-0.002369254016540886,-0.012597152122001909,0.015533531609265313,3
24.04,-0.029090916546524313,-0.012547145278283356,-0.01840907622356373,0.03664159340907775,3
24.05,0.02904319862101402,0.02027998291704922,0.014073284428150444,0.03811617016242714,3
24.06,8.424636699172223e-05,-0.005799097740972446,-0.0018010037970748744,0.00607291089484945,3
24.07,0.021144004370070378,0.020050033241620815,0.021517109888293022,0.03622235182503384,3
24.08,0.012264174334795878,0.007513925954150013,0.007018883016909943,0.01600417989663269,3
24.09,0.0219997890599762,0.002326757362273302,0.010530314565755103,0.02450085801273285,3
24.1,-0.002896081583135335,-0.005470628038295615,-0.00046778929094657415,0.0062075668736056395,3
24.11,0.032704215706685816,0.032354671401965754,0.022541159105439884,0.05122981885909193,3
24.12,-0.005410819823255014,-0.0026532870787338457,-0.012569821335160047,0.01393977445584218,3
24.13,0.008850477663635626,-0.007830376467170223,0.007764168436095146,0.014139592002465364,3
24.14,0.0008556119836566943,-0.004736806156763425,-0.005188677188341499,0.0070775543373501745,3
24.15,0.019120558102329422,0.009954411990315997,0.010545226213541542,0.023997663555276917,3
24.16,0.010931398530625828,-0.0008031449939651693,0.0028885135207527986,0.011335079447285385,3
24.17,-0.019909562484671215,-0.02513294027921032,-0.008384668298396151,0.033141484998163696,3
24.18,-0.00034810962596686004,-0.016426569779571663,0.0028353619854279556,0.016673111665890018,3
24.19,0.017908544564981487,0.01137591601931852,0.013422996851963798,0.025105861431194622,3
24.2,-0.00834033458948483,-0.0029925060699713367,-0.0007640186892983879,0.008893817976604289,3
24.21,-0.004355554334564014,-0.02104089832120806,-0.0011046965978581324,0.021515357545206514,3
24.22,-0.0016822126956081143,0.01451391995202448,0.002211919557331535,0.014777560693671508,3
24.23,-0.007391762093394809,-0.013775516360521751,-0.0036112573937992485,0.016045067086448116,3
24.24,0.011545163924997999,0.010828499380144085,0.008531070244414136,0.01798127827480528,3
24.25,-0.011903300313185754,-0.004447114413995083,0.0016786213525439636,0.01281729903693705,3
24.26,-0.004313990973188683,-0.014451727598413167,0.00895083502045869,0.01753797012937814,3
24.27,0.0037763524498568186,0.0005461189663247593,0.008765046578716528,0.009559556751125521,3
24.28,-0.002837978026644984,0.005712296338303049,0.007395911891557824,0.009766471289262904,3
24.29,0.003291581618542071,-0.006790243876723251,-0.00365409844407936,0.008384173000119025,3
24.3,-0.01195791282546977,0.0021388667688245107,0.00020195664257109756,0.01214937104058456,3
24.31,-0.013465496870099923,-0.030818281988827155,-0.004640742191538528,0.03395029600445134,3
24.32,-0.006054338417065005,-0.0044590628265212895,-0.007600305927755783,0.010691253675537445,3
24.33,-0.009347412282132258,-0.0022140122845390854,-0.007997812620333902,0.01249963893391402,3
24.34,-0.007048160089701983,-0.008994380990047367,0.003434023801567059,0.011931804956247082,3
24.35,-0.007167296842533357,0.0014371973903298018,0.002649221764348865,0.00777522066082109,3
24.36,-0.0034388916865454094,-0.007329127377208424,-0.00821446758271136,0.011533410675535358,3
24.37,-0.004877290578978111,-0.0029057367784929714,-0.0029273272588692775,0.006387528042849947,3
24.38,0.0004651825474977509,0.007154676784982714,-0.007582093761534491,0.010435225944308409,3
24.39,-0.009827406267230611,-0.017237639608587225,-0.006699820799408325,0.020942820534992967,3
24.4,0.00357203346031385,0.006216211913828765,-0.0025019985888448592,0.007593464988910535,3
24.41,-0.00835245175865668,-0.01035734832408658,-0.0039276508219496025,0.013873159541586319,3
24.42,0.02377450853926968,0.02181826368026066,0.015399098139630928,0.035754665567156035,3
24.43,0.012335652884393646,0.0014344551558334688,0.0007822240645715258,0.012443386523191397,3
24.44,0.020323900186047412,0.022007380525713296,0.003081014089625263,0.03011442119975797,3
24.45,-0.0004759028150436291,-0.02767259657983402,-0.00016101082118454523,0.027677156816482185,3
24.46,-0.009775784766040189,-0.01526550971477069,-0.0044482913238917355,0.018665182837194823,3
24.47,-0.030316849072653203,-0.005258567653664399,-0.02107663940681772,0.03729595956866133,3
24.48,-0.009653356202439636,-0.0024106992523366495,-0.0010338990209990636,0.010003384629315175,3
24.49,0.004911243112965201,-0.0046714964780066,-0.0031916946998947295,0.007492002623865817,3
24.5,0.021885951267262824,0.006492345672500063,0.018021267523874326,0.02908455773037096,3
24.51,-0.0015465448512435491,-0.005289457574587882,0.0038145486020431463,0.006702308814701272,3
24.52,0.0010330283375139474,-0.0006222174916639632,0.007974726300556302,0.008065392843614242,3
24.53,0.015025627708921206,0.008517121707627933,0.005403393622726592,0.018097168642408405,3
24.54,-0.017069059575585348,-0.002466387600448823,0.0015419674334956578,0.017315124202745148,3
24.55,0.016882947235474274,0.0285258015923303,0.010686516448584612,0.03482753074288603,3
24.56,0.021945924329002678,0.014124354420731334,0.01554119931878162,0.03037515199505745,3
24.57,0.028184522760624442,0.022103778584752227,0.019086111898924663,0.040586007667497696,3
24.58,0.010515206569421776,0.004609854747355247,0.00953637599610634,0.014925240270375475,3
24.59,0.008239051146585288,-0.0021636690792607507,-0.00322340714456776,0.009107896645233074,3
24.6,0.013183705866953867,0.014784175790540664,0.0040602570972901215,0.020220475807657377,3
24.61,0.017970111973988748,0.01310766412417045,0.009424705268716135,0.024157004213104002,3
24.62,0.019056868983283022,0.023191509848367015,0.003987508099138304,0.030280531787496935,3
24.63,0.007030134826032091,-0.0008117786945910921,0.005931458614992315,0.009233849772578491,3
24.64,-0.0007656615048723505,-0.0008395869411512247,-0.005071502887488915,0.005197238238680566,3
24.65,-0.00551293977938931,-0.015612984649880098,0.0012957717456168836,0.01660833583190392,3
24.66,0.0085516642765317,0.0059066176267320745,0.010762794329591575,0.014961845991321361,3
24.67,0.007746404283006134,0.007847521543619888,0.016135951624344953,0.019543779279263124,3
24.68,-0.006306607816936115,-0.009586044573106654,-0.003840303970645935,0.012100144102496721,3
24.69,-0.00013964643507402964,0.000588873151563828,0.0016516713055950076,0.0017590596400314338,3
24.7,0.028209457110440296,0.02209126061595203,0.011194820886741987,0.03753826422137708,3
24.71,0.015694736287164945,-0.003515333475339945,0.01188506253211822,0.01999842563700598,3
24.72,0.022001475140997737,0.0050417012722159885,0.009880531959698728,0.024639573289828572,3
24.73,0.006463300676131115,0.0034816406669797425,0.0008937143429125285,0.007395593464406467,3
24.74,0.014412842631809381,0.005693504397279096,0.018700358513869385,0.02428681604489122,3
24.75,-0.012981686683277134,-0.0008355445224324243,-0.00048226244367517365,0.01301748442888722,3
24.76,0.00796961952528528,0.008919994588176812,-0.004245419913059278,0.01269270377299936,3
24.77,-0.00081165575970925,0.0007283027905384205,-0.0029365328143892587,0.003132480645903523,3
24.78,0.006146413211123487,0.009414435358855767,0.004398418745393484,0.01207294810507259,3
24.79,-0.006155315944036034,0.0011512879000439274,-0.000645063194193675,0.006295195368230848,3
24.8,-0.0209164383530304,-0.020021075519168652,-0.019494939422173174,0.03490549414339492,3
24.81,-0.014233926736388024,-0.005402010706310956,-0.007561358626700925,0.016998839204179342,3
24.82,0.011051662389642388,0.02157478236794455,0.014545320328026882,0.028269715584768786,3
24.83,-0.018830617099330274,-0.007026259784439753,-0.0030384143146157273,0.02032713527399488,3
24.84,-0.0035471228443926042,-0.005167147126092345,0.003292210573220931,0.007079557920825562,3
24.85,-0.010064582633435569,-0.02258870444284757,-0.017026068709996397,0.030023863970333544,3
24.86,0.0064978801519580435,-0.0066516726435948345,-0.008396501622673915,0.012528704439259625,3
24.87,-0.023857988530319608,-0.015500063789787487,-0.011545478915289313,0.03070429412287039,3
24.88,-0.012788479645344072,-0.01606393771756565,-0.010982333369490747,0.02328533772294999,3
24.89,-0.02285762545232385,-0.025966554029080973,-0.013134251664647245,0.03700326385947858,3
24.9,-0.010919306088781892,-0.0012940640453458418,-0.008343643542174746,0.013802979199174375,3
24.91,0.0066484801763324,0.013881627372403123,0.0037726974687993364,0.01584724308365406,3
24.92,-0.022982765918793696,-0.024619777683681496,-0.013221085866111213,0.03618201340377636,3
24.93,-0.012543306231411496,0.0034573148561508355,0.0034734217487606307,0.013466707685039098,3
24.94,-0.009714244875493105,-0.011525247828299782,-0.01912222153571226,0.02434866007536412,3
24.95,-0.002773207588166413,-0.00043271242227334154,0.001599043776473016,0.0032303036028414607,3
24.96,-0.00395374694823328,-0.0166811340398362,-0.0031102562289782596,0.01742314671910743,3
24.97,0.004428329697088139,0.00992837694130857,0.004039833857596521,0.011597544144852548,3
24.98,0.01289150196400742,-0.0037870824711311053,0.008073357502467945,0.015675200728979873,3
24.99,-0.017095849069001665,-0.02428475398810413,-0.012440628062856349,0.03219917014848602,3
25.0,0.010319493718909317,0.008596106401738534,0.003919469052626815,0.013990969714037637,3
25.01,0.0033489858396974874,-0.010489084884412095,0.004821300086445955,0.01202004752030791,3
25.02,0.010242808272513879,0.0058399889729752515,0.0007053312682028636,0.011811777373022908,3
25.03,0.002714543506201003,-0.009166459589835401,0.0049131600528916726,0.010748575234163546,3
25.04,0.021059976647664003,0.022379304733252527,0.01507199427771715,0.03422748761231929,3
25.05,0.004656873788554496,0.009695504505961907,-0.006468251172879542,0.01255099814130777,3
25.06,0.02496923661496936,0.010654106181265856,0.005595157623821353,0.027717838019791875,3
25.07,0.02642495977305782,0.023830538719506474,-0.002411181175792129,0.035664924916956095,3
25.08,0.00491908666722022,-0.0027761302586522393,0.01012874499194548,0.011597231909576048,3
25.09,0.013020819332968904,0.015508871621882704,0.0014018071850425955,0.020298568877383755,3
25.1,0.009808008780424725,0.007788680909324671,0.015614577874343382,0.0200168835920605,3
25.11,0.009599016384371793,0.016719198684753758,0.002396257526041659,0.019427165782450646,3
25.12,-0.01872139624637993,-0.018374524981445657,0.003878246714168941,0.026517063247722236,3
25.13,-0.030111690592458943,-0.02193151404314955,-0.014559003263996263,0.03999587221954161,3
25.14,0.006050986166919902,0.007475015614214138,-0.004550598292763179,0.01063946600385096,3
25.15,0.01589008060031164,0.0234639815761402,0.007354193228128013,0.02927690644392763,3
25.16,0.007538275810714394,0.00580615885774401,0.0004754782848722626,0.009526970267569122,3
25.17,0.008562288616585331,-0.0019365470459644964,0.002069247750349345,0.009019134496572627,3
25.18,0.004084357702285155,-0.011177489640924281,0.008168355839419375,0.014433997701003082,3
25.19,0.0004097001074326577,-0.0021153877014046256,0.004686495333153656,0.005158096336145272,3
25.2,0.010654248562227261,0.007236583299314463,0.0063531730562349535,0.014361196264800103,3
25.21,-0.007714569926833777,-0.022452599361403824,-0.00545335701384235,0.024359246908723247,3
25.22,0.00722951660213875,0.005190110918824693,0.0012677764322382564,0.008989461537402665,3
25.23,-0.0071220215053036965,0.0012373933351857696,0.00046313520943369385,0.0072435368992079885,3
25.24,-0.00557670436801171,-0.015126941068502119,0.007823225806429513,0.017920012268871962,3
25.25,0.01022974020701423,0.0016750940684963607,0.011188906047711143,0.015252709378527548,3
25.26,-0.004473847875971403,-0.02154565359261494,-0.010435145784893992,0.024354111995765433,3
25.27,-0.0013081726156396502,-0.005196018504877438,0.0050657336763153754,0.007373708807289174,3
25.28,0.003796236921217328,-0.002804662640277022,-0.0013794875141632426,0.004917370546289101,3
25.29,-0.037243671661214846,-0.019386887283718058,-0.01753097801188258,0.04550030403649054,3
25.3,-0.003134389524847796,-0.003492864482810424,0.004454716579469952,0.0064706259196586685,3
25.31,-0.006560128908005109,-0.0008669371927580564,-0.002374462985090256,0.007030287750397934,3
25.32,-0.025426514770560488,-0.011406128252232632,-0.005991141081051131,0.02850440644070612,3
25.33,-0.012322846237161258,0.009091139983503532,-0.006989407754674939,0.016833097942609558,3
25.34,-0.0033185171974482956,-0.001343095638106553,-0.011400023828694936,0.011948933240154674,3
25.35,-0.018612686190422053,-0.020890486549204675,-0.011988565909280545,0.03043961609558821,3
25.36,-0.0031973370139892765,-0.009775371363755373,-0.012230949915669325,0.01598051892524038,3
25.37,-0.014994762596453264,-0.007573760372575517,-0.004238396338016769,0.017325378928707533,3
25.38,-0.013698638013107034,-0.005363357235725757,-0.008833349767524715,0.0171594391623847,3
25.39,-0.011040382389552673,-0.005522010142673388,-0.0069330946522817155,0.014158052153486011,3
25.4,0.006378644490322492,-0.0011993106934879956,0.00121874318738147,0.006603846351197527,3
25.41,0.014591237289218888,0.02161959815247967,0.011886494453720507,0.02866356538017074,3
25.42,0.0060013512174522474,0.0034946394030539014,0.005534855755654653,0.008880503883704795,3
25.43,-0.00631515283923737,-0.011704123677144775,-0.02183236385379897,0.025564032895407887,3
25.44,0.0071283639554793376,0.01555583142547795,-0.010924559768650406,0.02030131695625876,3
25.45,0.01129577525612576,0.022676850106691068,0.011278087026286701,0.027731377830369955,3
25.46,0.0018132146212259538,0.014198721367251428,0.002476893541392812,0.014526749028700924,3
25.47,-0.007352894191680743,-0.015401464266316032,-0.004541068205521495,0.017660448889760993,3
25.48,0.025972148736705915,0.03269493037580643,0.011871469263876161,0.043410168909640987,3
25.49,0.0019806461457040217,-0.002741845352396773,0.0017093826449066144,0.003789810564877869,3
25.5,0.005533284684101182,-0.0016813164370604104,0.002734348167437772,0.006396930846711455,3
25.51,-0.0002372214761977619,0.0024589233809506365,0.0042071455046301,0.004878796113723591,3
25.52,0.027937840324533815,0.017029908832399986,0.0061430650811446375,0.033290809023365314,3
25.53,0.02344478745403642,0.011571576840423953,0.008562433466583804,0.027511356131758643,3
25.54,0.012331610572119501,0.004947264954718485,0.005112786467272959,0.014236735415625474,3
25.55,0.020229036390338816,0.015163627158790868,0.01012185443666367,0.027232360146147452,3
25.56,0.006331656248845935,0.001030552977757958,0.0017069035371249776,0.006638179718760658,3
25.57,0.02021912163367121,0.020097700943248618,0.008047356859571008,0.02962246470614375,3
25.58,0.007477337417413949,0.0037971255103220894,0.006450551430447388,0.010580092190139192,3
25.59,0.010074826113286195,0.00013532849177658093,0.010717580747033849,0.014710097623157725,3
25.6,-0.0010726266870218562,-0.010523124616858386,0.0009241040071189641,0.010617939909776084,3
25.61,-0.017339675483950732,-0.008791915743176473,-0.015384097265833754,0.0247917844659974,3
25.62,-0.0032754612857882684,-0.0013842264890175956,-0.004150223739285627,0.005465261813831584,3
25.63,0.004563064528212072,0.006504705163148416,-0.00779932770472082,0.011133834011415055,3
25.64,-0.005106160686672946,-0.002968344565072674,0.0012609064724500903,0.006039356881935969,3
25.65,0.032270269385653985,0.02604581185973135,0.013069522690621645,0.04348065115676021,3
25.66,0.012342997286269553,0.0029878333155699726,0.01155986476883918,0.01717286241150079,3
25.67,0.004699304080745595,0.0017482027133796747,0.004008762038933274,0.006419489438823987,3
25.68,0.0006413610262619417,0.013411986427937323,0.0030215760413285905,0.013763089975827147,3
25.69,0.0018984577379000912,0.0034799054701624217,-0.006929983539991405,0.007983643011082777,3
25.7,0.011132189154266904,0.016483297900433326,-0.0006939087449063684,0.01990241830499663,3
25.71,-0.0032872055120210623,-0.012856834055104491,-0.0030607407232568773,0.013618811834141747,3
25.72,-0.01141653155245493,-0.012109495144539942,-0.008106573547831081,0.01851198530763867,3
25.73,-0.010604669338509079,-0.01378173311925892,-0.006608890235716536,0.018603026896108658,3
25.74,-0.019996417898277025,-0.02367365817806602,-0.015073018057919371,0.034460044887794465,3
25.75,-0.017023895639936712,-0.012377735218813992,-0.0044031420162192365,0.021503697624397522,3
25.76,0.002793709591435059,-0.001851079344240098,0.00010457569608341181,0.0033529455850281743,3
25.77,0.0015816233343237066,-0.0005090596062491137,0.0066728758736060234,0.006876623188669355,3
25.78,0.00215558557462857,0.0021409592123763093,-0.007689265851552753,0.008267712189866133,3
25.79,-0.02156563771161716,-0.01835971507368338,-0.0009668286695850934,0.02833885363192895,3
25.8,0.004436694768991327,0.00668769739350934,0.0012106080590741507,0.008116349473318771,3
25.81,-0.012563906913531778,-0.0014747955511187402,-0.010751726359806552,0.016601999836334484,3
25.82,-0.012151796321602942,-0.023204257602865576,-0.007053158034678063,0.02712656931873272,3
25.83,-0.01855003422797302,-0.016665985219222412,-0.013465167342154746,0.0283402463775201,3
25.84,-0.023337136557381042,-0.009811708068647174,-0.012143507811031278,0.02807768401914204,3
25.85,-0.018087618004811436,-0.018276379630352294,-0.0018807752151306888,0.025782267023878737,3
25.86,-0.01612936259125703,0.0011672570348955965,-0.00921611287960693,0.018613316824129214,3
25.87,-0.010353294096538204,0.005623158482614592,-0.003996656186491922,0.012441216606226152,3
25.88,0.006947894382095393,-0.0032566720053015044,0.0007633904246828797,0.007711155155705581,3
25.89,0.00734813608413391,0.0017994757376322834,0.0018864789536397948,0.007796923732075617,3
25.9,0.00810209851698635,0.008560924584083772,0.0012165628232390156,0.011849618357407533,3
25.91,-0.006821333519659832,0.007916745395779447,-0.010625494347803181,0.014903240546378737,3
25.92,-0.006154906372700366,-0.000548248985636639,0.008029800746713958,0.010132183843519976,3
25.93,0.013504500776990318,0.011810045213914152,0.008069996525201352,0.019671643375864422,3
25.94,-0.01599291078252437,-0.00927983174971427,0.0034858684226432802,0.018815944070409298,3
25.95,-0.021687133909687666,-0.01149323628856445,-0.005943443759179053,0.02525372806775316,3
25.96,-0.011132782109842755,-0.007552818517892577,-0.015697228789391737,0.020673337822808505,3
25.97,0.008327959635025396,0.006027725622306647,0.00594634582812739,0.011876338516904627,3
25.98,0.005004585411742853,0.0020870850593640595,0.002103727683768251,0.005816138698131518,3
25.99,-0.008869563541435768,-0.006563841233585287,-0.005479293454212634,0.012319733191618172,3
26.0,0.008736389828856312,0.004461397767393046,0.001998562265437419,0.01001113522081657,3
26.01,0.014956122040969643,0.021705825739594384,0.01457624528995572,0.030121344330805894,3
26.02,0.03850295274824798,0.03260981094453678,0.01059615011929448,0.051557303435331756,3
26.03,0.023874203625217142,0.01680339108486357,0.009114548256005967,0.030584416630046504,3
26.04,0.01137183345712871,0.023522256103312815,0.007959563625632392,0.02731244737252594,3
26.05,0.01888719253768862,-0.0014441937143744605,0.0046088074850842275,0.019494944059292085,3
26.06,0.03840453034673833,0.023982311505257425,0.018387668272846266,0.04886886085024886,3
26.07,-0.0028670098705856403,-0.0016708771416425303,0.005221264600362558,0.00618653215036487,3
26.08,-0.00973487159424798,-0.007385782011438595,-0.000706694033644028,0.012239972113292343,3
26.09,0.020354111766526933,0.01881398451578179,-0.0024569751438805413,0.02782611374270568,3
26.1,0.003643024533115652,0.007621964111577192,-0.002970755681493439,0.008954962534046625,3
26.11,-0.007564999204995206,-0.0024303333430206395,-0.008707746419220952,0.011788154258883419,3
26.12,0.0029890570670160635,-0.00684723449080268,0.005172461113398157,0.009086992697891455,3
26.13,-0.00696157213401123,0.0028077310575716913,-0.006160409931596676,0.009710689511770485,3
26.14,-0.010770984057297414,-0.011974240361906169,-0.004607585911460381,0.016751906689650167,3
26.15,0.00942053349127394,0.006559461541999789,0.0008865049511157883,0.011513421646475952,3
26.16,-0.006688282280472525,-0.00111138556888112,-0.0038955147580718016,0.007819420245539638,3
26.17,-0.01865668138572147,-0.03159784704101378,0.0023517484851300254,0.03676991186952915,3
26.18,-0.0011793192097888944,-0.0030263570011559364,0.013401094099746618,0.013789088206523529,3
26.19,-0.007326954441410827,-0.02145946278440656,-0.0016983847050779178,0.022739334092894685,3
26.2,0.0013326170097142068,-0.0004414894174737708,-0.005461499175693092,0.00563903841505068,3
26.21,-0.007223799074606458,-0.021169581457326142,-0.00191884768135628,0.022450310211061635,3
26.22,-0.012086595430282258,0.0006894451987672599,0.0037347062332316293,0.012669220750541936,3
26.23,0.009081990562164001,0.0019309177938439427,0.005637428889755947,0.01086239386990152,3
26.24,-0.020196541470331997,-0.019781612394623928,-0.01910822398154196,0.034122378287903,3
26.25,0.006182105027577808,0.02147857065912875,0.001787727800308655,0.022421939943260614,3
26.26,-0.006998824545056967,-0.006622556472919665,-0.011053046800037221,0.014663275309879273,3
26.27,0.004137572060831481,0.00938240491321299,-0.0038584694578841817,0.01095613120912129,3
26.28,-0.007635865068668395,-0.01466146829338108,-0.0041875018403494755,0.017052866607337874,3
26.29,-0.004048097143643494,-0.011293352104725103,-0.006869983961762021,0.013824744911951936,3
26.3,-0.0033858155343100315,-0.003763514622811572,0.0013440324726842602,0.005237767886812227,3
26.31,0.009529778126396994,0.0012189592490139626,0.010004787076402252,0.013870771327985218,3
26.32,-0.0029725021960824455,-0.00718892338707322,-0.008973316030408492,0.011875891097198108,3
26.33,-0.02175532582026277,-0.016798273809057827,-0.00399580232497946,0.027774856268398245,3
26.34,-0.0032968878200248437,-0.008722752880723265,0.0035940113154727367,0.00999363819896139,3
26.35,0.0077544991083939845,-0.0077801206452371395,0.00399721263432993,0.011689321730561406,3
26.36,0.009553896869161492,0.009470730553841511,0.006248407101500315,0.014832878140001032,3
26.37,-0.008135772322417335,-0.0067852727910147105,-1.716988911896816e-05,0.010593913957352536,3
26.38,-0.009721051711684671,-0.011715563025981418,0.0018507495117387968,0.01533553185097249,3
26.39,-0.015499545778635902,0.0023021463805557914,-0.017050413417002107,0.023157124065656808,3
26.4,0.00973180752215425,0.012086351576166707,0.009862082946661133,0.018386099426408797,3
26.41,0.009690938500596795,0.0027582625442462176,0.011088220904538055,0.01498235442489516,3
26.42,0.01928929959192038,0.010918425211435608,0.010020218295335132,0.02432475822142414,3
26.43,-0.005058484291792253,-0.022316543622978507,0.0028236872870063454,0.02305622676201405,3
26.44,0.005851864215562094,-0.003976543764478451,-0.009244946734467505,0.011641574430949191,3
26.45,0.0023200455669924063,0.003535403113275058,0.006175794375308306,0.007484792767496359,3
26.46,-0.0012992257965124716,0.010797807722868459,-0.0077850562574798485,0.013374892157415228,3
26.47,0.005275766133396393,-0.002473349467242095,0.00830978309562673,0.010149071926918385,3
26.48,-0.007259611955783896,-0.008371813464008166,0.008610616187838191,0.014033244014089187,3
26.49,0.015884941681977613,0.010838649037722074,0.017213948045601623,0.02580944967486551,3
26.5,0.01928268394102809,0.01498648314305543,0.018138007162325533,0.03042045168611471,3
26.51,0.01607566375106566,0.0019186331897373607,0.005884996726191312,0.01722618079614198,3
26.52,0.008041727322580926,-0.004651408222520748,0.010392434563351005,0.013939428716300063,3
26.53,0.018583852816942144,0.03307629109022384,0.00705985269714198,0.03859070014799333,3
26.54,0.0034082750127500325,-0.010651572132742308,0.010233133486384808,0.015158804319989056,3
26.55,-0.008805653531418076,0.004056743648830607,-0.000987123535348878,0.009745312515345148,3
26.56,0.0038878875705811423,0.005655691060413081,-0.012582250951685121,0.014332325357160189,3
26.57,-2.7687509275538605e-05,-0.0009090234536319657,0.005043967716433286,0.005125300046030875,3
26.58,0.03529924860293977,0.02662858233460432,0.006717988360406994,0.04472415138036172,3
26.59,0.01529555173113199,0.024254736382996196,0.018207607245674905,0.033967088503154455,3
26.6,0.005346313203231792,0.004261964487252427,0.007415711836315398,0.010086634136168502,3
26.61,0.01821545323797026,0.016659461533647606,0.0074301051911988625,0.025778806380591903,3
26.62,0.011351795364781096,0.02127083590440921,0.015780814356160397,0.028815721747333826,3
26.63,0.0035772351450170615,0.0101998864338456,0.003032921548705459,0.0112264378886045,3
26.64,-0.0002766571783064892,-0.013927564661338154,-0.005461747955297174,0.014962763358325786,3
26.65,-0.009469983752277875,-0.020229134335328663,-0.0025903677551130204,0.022485739332561632,3
26.66,0.003914916773386962,0.004469312773260185,0.012203819997335885,0.013573302933890058,3
26.67,0.00946173430117999,3.0680578246290204e-05,0.007135171669996403,0.011850570958579455,3
26.68,-0.018407663587963682,-0.011542462874744294,-0.01970653347498374,0.0293328823947315,3
26.69,0.0021750612988210853,0.0041968071817357535,0.0028389802594749724,0.005513972351035744,3
26.7,0.0005841279739013687,0.014253952777630594,0.0031215214600303024,0.014603433551813996,3
26.71,-0.014733099356030267,-0.013226784214928983,-0.005767305983850562,0.020622169032725738,3
26.72,-0.005897048192511047,-0.005797324709973092,-0.018145092400927175,0.019940625100930198,3
26.73,-0.024089413408729415,-0.026142236410479018,-0.015494822981917102,0.03877893632062378,3
26.74,-0.0045816924603824215,-0.0041479042799710455,0.0010248216479307433,0.006264764570787535,3
26.75,-0.0017955281074854765,-0.01043176807686419,0.008611413617429838,0.013645590895403145,3
26.76,0.0007453782451459171,0.004463439748243546,-0.005141855548251051,0.006849566525964788,3
26.77,-0.0028765347006775143,-0.005485444882060565,-0.006136033270818165,0.0087186846335278,3
26.78,0.005026596153726573,0.0008083739508520319,-0.0029757105557201807,0.005897032359458391,3
26.79,-0.015788475997072886,-0.00493002620999828,-0.003557156775852698,0.01691846615593185,3
26.8,0.0011623544515761306,0.0005647342957690277,0.004085007770326306,0.004284539786201417,3
26.81,-0.011257843752841517,-0.0015815805041554977,-0.001470833510633336,0.011463149395803908,3
26.82,-0.016247631093567597,-0.016967323867724732,-0.00991980147310293,0.025500550124471843,3
26.83,-0.01231917118042357,-0.0025717355847928785,-0.009290059270745176,0.01564228256184586,3
26.84,-0.018786388172756283,-0.0220064614126067,-0.004938595901971677,0.029353065495191406,3
26.85,-0.0003944167817608729,0.006529215737486699,0.008326573381800775,0.010588580973241495,3
26.86,-0.01694320807507928,-0.017500655655562435,-0.00608870998674513,0.025108118956877097,3
26.87,0.007825854957770764,-0.0037192264004826487,0.006103623842637613,0.01059862608315468,3
26.88,0.003026931225399492,0.0032528584149551115,-0.003658143045390253,0.005755467926379211,3
26.89,0.005080188578613535,0.016369446120011944,-0.004373979067356161,0.01768894499827277,3
26.9,-0.0023014417134544496,-0.001627746893917455,0.002540231091085649,0.003794597199598959,3
26.91,-0.023578621428794473,-0.016367600055422277,-0.013005361147521752,0.03151173017519244,3
26.92,-0.0016032914932487723,-0.012101911571920539,-0.000650120738349253,0.012224952526751992,3
26.93,0.004420629338794888,0.023768629636880124,0.007008789029289938,0.025171667450196566,3
26.94,-0.0010112614609133251,-0.010678141961248923,0.002586642325430378,0.011033407633483929,3
26.95,0.015006053997172676,0.012611527494632008,0.003384385921651242,0.019891866437833132,3
26.96,0.00201640160668418,0.003741755682827577,0.005358012792689903,0.006839218677308079,3
26.97,0.013489199019354445,0.008220090531205242,0.01200444240568313,0.019840237296875417,3
26.98,-0.001702447805293032,0.0030477302241794773,0.007888020021699046,0.008625998371890013,3
26.99,0.018664545300447703,0.019393072311428564,0.0068451416803050865,0.027772512842236866,3
27.0,0.022545337691946873,0.0006645552634724494,0.009222464525246953,0.02436776020198754,3
27.01,0.00013079542937441922,0.013357305119199088,-0.005462215550220708,0.014431580170196205,3
27.02,0.019567028495036734,0.0073258165586534835,0.013714385018813561,0.024992409824202207,3
27.03,0.011080747193558766,0.004207670667643448,0.01046748438500605,0.015813148964240267,3
27.04,-0.0038018289636710294,-0.009087140689347486,-0.0009133563499977023,0.009892636109707248,3
27.05,0.009355615590669752,-0.002674889799519794,0.013872376631237741,0.016944775357580547,3
27.06,0.012463200802657557,0.018821610140234493,0.007975838682346092,0.023941561878982543,3
27.07,-0.014175069229878667,-0.012437433218237535,-0.010856440101396688,0.021759701845502976,3
27.08,-0.002662702091654494,0.004886958722314871,-0.0001749205600726602,0.0055680288419553605,3
27.09,0.008129299526677038,0.012778233417174132,0.002642931758052809,0.01537380396440456,3
27.1,-0.011147550462210675,0.004140002102878243,-0.001772825882914923,0.012022911890657054,3
27.11,-0.016020803258398914,-0.021575637688597164,0.008389702352666752,0.02815246675302684,3
27.12,0.014593175855083846,0.005443821509674707,0.015737650442467856,0.022142032779668353,3
27.13,0.025216061303706815,0.021250357417131764,0.018401256333683655,0.037762861023578176,3
27.14,0.00807975306550257,0.013723287986347834,-0.004368702078337526,0.016513527806165697,3
27.15,-0.0026559607437426683,-0.009507510622972466,0.007320558961519115,0.012289730234114752,3
27.16,-0.00802246463938429,-0.014489591624732418,0.0010337978492315813,0.01659448529888056,3
27.17,0.008038968134188213,0.010800792781469563,0.012287718244758172,0.018228278937774168,3
27.18,-0.009564549594247646,-0.006297599774639669,-0.014373459603822783,0.018377614449244763,3
27.19,0.012176887389003552,0.00285881291230854,0.0013106690050902915,0.01257645621759008,3
27.2,-0.0006629940255390866,-0.012170919681075762,0.003949215208747052,0.012812772835186649,3
27.21,0.0028561757700962887,-0.00637480658031096,-0.008174318310243536,0.010752459197934387,3
27.22,0.0007814584036428323,0.005230189815339134,0.009630305713074164,0.010986735223366862,3
27.23,-0.015252261330565248,-0.0019149805609291887,-0.003033860394909942,0.015668533279806243,3
27.24,0.00698536041564853,0.013199467038017262,0.004223734873816537,0.01551970123773353,3
27.25,-0.001102404678909102,-0.008566396371997785,-0.005599731412555244,0.01029346563461575,3
27.26,-0.022924190923798445,-0.007275602538772163,-0.01418181360870102,0.02792090183079494,3
27.27,-0.020898574253413252,-0.0043927202949536216,-0.015963518693573812,0.026662339103972203,3
27.28,-0.033867852487656995,-0.020716630575997763,-0.016543907985232052,0.04301059295071256,3
27.29,-0.008479039776573178,-0.004902108051833106,0.001634589100329409,0.009929585107720906,3
27.3,-0.009009350765659126,-0.0015082953050719987,-0.006068927083833815,0.010967006514764023,3
27.31,0.004937777178565407,-0.00903676752601228,0.007734057244255294,0.012878682084816337,3
27.32,0.01488923511553919,-0.0038185396637921264,-0.0013799174882172275,0.015432910929699775,3
27.33,0.0016905401155089478,0.0005048140121078677,-0.010032792864135769,0.010186741172898183,3
27.34,-0.025772142656706357,-0.01918946863979889,-0.0045147539555816405,0.03244721940436327,3
27.35,0.004110200499583282,-0.020808343028816262,-0.002099381838537109,0.02131403978263249,3
27.36,-0.008370368532237805,-0.004203263525097622,-0.004689913026984426,0.010475007294869592,3
27.37,0.0007746266699466971,0.008239502502239126,-0.004805727244916892,0.009569977132403923,3
27.38,0.016605340612269804,0.022376758722014257,0.009090217723523482,0.02931021538668385,3
27.39,-0.008613552488818994,-0.0034344480835646176,0.006356514640895947,0.011242508549975183,3
27.4,-0.015015953287619607,-0.014737277240742466,-0.011380970190061498,0.023920549242723264,3
27.41,0.0022678430466178475,0.011221941928328642,-0.008405275228076433,0.014202948439904604,3
27.42,-0.014510367432906388,-0.0006764287733023351,-0.013527205727149386,0.019849272372253972,3
27.43,0.0034902213189517994,0.0038874688512136007,0.0018661891980931732,0.0055476770857270765,3
27.44,0.006045339347202754,0.009852845607452223,-0.00435884327580567,0.01235411709067729,3
27.45,-0.01473261096726522,-0.0045194312512332364,-0.011847319281474998,0.01943795408227461,3
27.46,-0.0011956630830451996,0.016017881792063295,-0.013101486352020375,0.02072802672578473,3
27.47,0.01921772281340096,-0.013067973297082916,0.010366505711534676,0.025447145947890992,3
27.48,0.02480160429074071,0.02417404550037546,0.01567677163420638,0.03801664398812406,3
27.49,0.023179662729660603,0.014659936527187842,0.005132415466844101,0.02790254812317853,3
27.5,0.02177632007113591,0.015730198621830293,0.005647039031358738,0.02745061591921896,3
27.51,0.011208365866143662,0.014210170934793757,0.006213598090122145,0.01913544419685525,3
27.52,-0.011194076531883135,-0.0077218024626907,-0.00180424169251996,0.013718194879775554,3
27.53,0.017226655903304376,0.014170031638485955,0.008173260147844447,0.02375604452956945,3
27.54,0.004984895078860984,0.0019271052091366174,0.002845831291515536,0.00605488803976613,3
27.55,-0.021119500158568824,-0.010538882657240099,-0.011727995379215057,0.026356160764150656,3
27.56,0.010505501127096886,0.010657156163748883,0.008584991537908242,0.017252321905642756,3
27.57,0.004120177787743127,-0.0047231862679254,0.0046229778867243245,0.0077882140485013,3
27.58,0.0058515419767756075,0.007950772682305504,-0.0025510779516533274,0.010196240898834932,3
27.59,-0.005696628864924432,0.0019939319597984864,-0.004794061618388598,0.007707812393014166,3
27.6,-0.006909039618547716,-0.002704851147648575,0.00032482685703079297,0.007426746304314312,3
27.61,0.004213152661140398,0.012587754378408474,0.005218872129028607,0.014263198867588143,3
27.62,-0.002128445116952764,-0.0023588528315492087,-0.007076465070772619,0.0077569854450458215,3
27.63,-0.003178561363878475,-0.010020531213620058,-0.0017403194604208635,0.010655656243113066,3
27.64,-0.012720664994422624,-0.007860181107142003,-0.008190002327074668,0.01704916135928362,3
27.65,-0.016607915380584072,-0.01194426807493488,-0.01876925254807684,0.0277628030708003,3
27.66,-0.011616189703844468,-0.019581495369756285,0.004082837691970643,0.023130940053756252,3
27.67,0.005357885584291556,0.009364506731122425,0.00021154316575055067,0.01079099971098935,3
27.68,0.0033280885035396708,0.018304958735889273,-0.003328792236441119,0.018900490606420583,3
27.69,-0.026487205982913934,-0.018917957496537068,-0.012203585157184072,0.03476188555459468,3
27.7,-0.006259411287509325,-0.009341677288726547,-0.005568618342084445,0.01254817414896318,3
27.71,-0.014107831712727979,-0.02666442046477969,0.001699864799018241,0.030214429908442038,3
27.72,0.01681234827731837,0.014880890278612493,0.014435216608768729,0.026692160433805772,3
27.73,-0.016748634469124266,-0.004126398550643666,-0.007724917588016433,0.018900218869651677,3
27.74,-0.019060069609483726,-0.015999501875742173,-0.003136635432294717,0.02508204129701905,3
27.75,-0.0181806409062266,-0.013840048026675298,-0.008072851163630943,0.024233315065256264,3
27.76,0.007463907657641362,-0.00866605706878065,-0.006740049425399591,0.013275493546305153,3
27.77,-0.029143029972920773,-0.01829031978532147,-0.013039568677384568,0.036795140238136195,3
27.78,-0.02062885900926674,-0.023618393703182528,-0.012659406951995272,0.033817730993059895,3
27.79,-0.006223756584734707,0.00021650825562051848,-0.007196290768727468,0.009516754839694708,3
27.8,-0.0007877887560736058,0.0005022204361548202,0.0031020251733685634,0.003239659961616312,3
27.81,0.0007584971835657957,-0.0011622270859374495,0.01280018770759321,0.012875204663475616,3
27.82,-0.033106224710571085,-0.013840466372745499,-0.01955482712859919,0.0408652895258473,3
27.83,-0.013352592942631709,-0.018420926424829818,-0.004582883417461092,0.02320829784923167,3
27.84,0.0022975900675392125,0.016086487017281697,0.001530089525075717,0.016321616299569533,3
27.85,-0.012437701828119034,-0.004973087016698043,0.006067158872657385,0.014705048045719248,3
27.86,-0.015914286043851342,-0.011287165587216512,-0.009793419198967568,0.021830613067100817,3
27.87,0.007925166294425943,0.0011224646671702766,0.013818684813969525,0.015969478316813692,3
27.88,0.014632385597772362,0.01771810604577259,-0.00444142416906429,0.023404363669638353,3
27.89,-0.0049136259902062066,-0.007163237703501692,-0.006037022147307574,0.010578342553329432,3
27.9,-0.001038742884150947,0.008984919407004629,0.004646394663508285,0.010168419095357002,3
27.91,-0.0076354000949837506,0.005645224086180136,-0.01620184841224429,0.018779451045411552,3
27.92,0.01349486941471173,0.0027535712779721893,0.004378871349530482,0.014452272125819333,3
27.93,0.02706284124557827,0.022902517787114475,0.0038359001237401012,0.03566001720459171,3
27.94,0.007062080840954159,-0.006870424172502296,-0.005101822072005862,0.01109523783290299,3
27.95,0.004949950980683343,0.01214271904110611,0.012507823394010605,0.01812162482996952,3
27.96,0.005925540557827599,0.0073422701651570926,0.008663209121523706,0.0128090653196815,3
27.97,0.008967985899642268,0.005002824599104926,0.005025923281475461,0.011432975548686743,3
27.98,-0.022316510507255055,-0.03100967020008376,-0.002450718212308781,0.03828357750909037,3
27.99,-0.012228660829489152,-0.0036694396964283404,-0.002606486540965489,0.013030683230615372,3
28.0,0.024471963089525928,0.017100102886341485,0.016816345277595096,0.034264850279461,3
28.01,0.02963813544959171,0.012034129603240474,0.015041823272538925,0.035348207813101745,3
28.02,0.0027290408841602522,0.004125611008832849,-0.0011716999360811273,0.0050834251331000726,3
28.03,-0.0023840980213389595,0.00981716311720835,-0.005378433187223378,0.011445005836374839,3
28.04,0.02064809751663748,0.026797203202704716,0.007877392945321686,0.03473452677320684,3
28.05,0.01735774474326289,0.010204918368153206,-0.0020258412060832846,0.02023698826567842,3
28.06,0.01653474275143665,0.0021426518181049334,0.008120882990214098,0.01854554974139521,3
28.07,-0.010192461720156386,0.0009904816731217889,0.004511686759323732,0.011190292546484229,3
28.08,-0.015198696973228596,-0.021711064160746932,-0.01197639907475196,0.02908272393490365,3
28.09,-0.014940821111734287,-0.018094856229163507,-0.007451585005750356,0.024620683917082116,3
28.1,-0.004168747763641593,0.0029665647976745402,-0.014744177289916264,0.015606720621967675,3
28.11,-0.0055279882772040064,0.005897741375323619,-0.001969604741028851,0.008319936932392719,3
28.12,0.004202821803063686,0.008351185848561368,0.01958425187908046,0.021701357972458445,3
28.13,0.012466766947296717,0.007011342141836616,0.006650778121744734,0.015773777175197526,3
28.14,-0.016852449516399085,-0.00642077195752318,-0.0016761608819878442,0.018111898921305908,3
28.15,0.00672799930445676,0.014044706908510202,9.047400402836586e-05,0.015573308971831573,3
28.16,0.009395464419780297,0.010759065058081795,0.007820473956610249,0.016284718158243124,3
28.17,0.027198738554076382,0.0023669080383470903,0.008501138484375684,0.028594457297272252,3
28.18,-0.0036168802811739884,-0.0072668278484526614,-0.00037813797736523753,0.008125982911458666,3
28.19,-0.006421844398346378,0.0032518873861352993,-0.01304202409583002,0.01489661872925831,3
28.2,-0.009756255964855336,-0.01207056507296004,0.0023310208274557277,0.015694480868457247,3
28.21,-0.005530906718642383,0.003734998245470217,0.0004746553445262127,0.006690772654938766,3
28.22,0.018709094605689914,0.01663816231528901,0.012719815170984621,0.02808295504712012,3
28.23,0.0018042529575504965,0.004159321570784676,-0.0017561477555579352,0.004862030399264858,3
28.24,-0.005637240924612778,0.005958301317848247,0.0003351830047154374,0.008209274479699855,3
28.25,-0.028106074764068956,-0.021451971551402608,-0.003846054006382285,0.03556586359847923,3
28.26,-0.003021464703576975,0.003937985900182982,-0.00587118787789767,0.007688161613973396,3
28.27,-0.020043533953459175,-0.015202346903799017,-0.0044643107474508035,0.025549651175245488,3
28.28,0.00922517596043753,0.009695114966215654,0.004076729058492632,0.013989955165243793,3
28.29,-0.009828735621342491,0.0007976897814915363,0.004919627146955159,0.011020121785479549,3
28.3,-0.02785042527750097,-0.02616646583695473,-0.0168888695877948,0.04177994780379368,3
28.31,-0.021482553055663933,-0.013092139167681118,-0.012834808785305988,0.028242459353440053,3
28.32,-0.012498115319759653,-0.01709082797007535,0.0002585209050605499,0.021174657501529373,3
28.33,-0.004307533496349783,-0.005936545023133269,-0.002919283888599287,0.007894278311289712,3
28.34,-0.005858069697002245,-0.00766550368541012,0.00033028706488270063,0.009653290468601933,3
28.35,-0.006628557148893316,-0.009997362690244682,0.001578180039923042,0.012098581853872484,3
28.36,0.020139537569640424,0.021596179026518343,0.010339012692840387,0.03128723550470868,3
28.37,-0.005760689263613317,-0.003864099299531262,-0.0128926098169612,0.014640225137645665,3
28.38,-0.00649978510570438,0.016202955604245065,0.0010710598071931973,0.017490858922421672,3
28.39,0.0029720417133982198,0.0026481181868643023,-0.002593793898819855,0.004751139722986014,3
28.4,-0.0014138545090792028,-0.005396894686779459,-0.009598120297506466,0.011101773285310666,3
28.41,0.006623033168142814,0.011256922687564515,0.013404090684136746,0.018715034699638845,3
28.42,-0.0067555329820958845,-0.0006141629115397817,0.003937103541780392,0.00784316302602439,3
28.43,0.007740649720171491,0.013559419682014504,-0.0037495618011319284,0.01605723307123307,3
28.44,-0.01570415346291814,-0.01437744000306208,-0.021102631753731053,0.02997752965075861,3
28.45,-0.004031331788469682,-0.005520908238525989,-0.0032360143997137245,0.007563322878345527,3
28.46,0.002043126985860345,0.0036551704204651736,0.010963729292267962,0.01173618330962536,3
28.47,0.0016177839235836725,0.00014385975734135378,-0.0051681681760116045,0.005417368618501717,3
28.48,0.00792177255365871,0.014996110523150608,0.0008913100850539255,0.016983293110647522,3
28.49,-0.004183660444279499,-0.011916244776792748,-0.008438364722042844,0.015189006006835556,3
28.5,0.007335441962671121,0.0124355140860803,0.005269369245714537,0.015369351698119869,3
28.51,0.011882955116566802,0.024613300419861574,0.004718239385025279,0.027735914673129185,3
28.52,0.003464174257031027,0.009639442407587375,-0.0031712367417026863,0.010722690692368005,3
28.53,0.007711901515270836,0.013184271548448872,-0.005490591768017814,0.016230990087098815,3
28.54,0.0008009804646689281,0.0012081680916484982,0.001786432207995391,0.002300560774294414,3
28.55,0.003661682061016019,-0.006280099107460482,0.006804938931284226,0.009957648024207332,3
28.56,-0.00010383811406478906,-0.01689009995897291,-0.0034920522859515375,0.017247628478890907,3
28.57,0.03583346330458444,0.028996797593042658,0.019958544608633853,0.05023141313906778,3
28.58,0.0025333319275498323,0.001080578099758026,0.00073360466399941,0.002850192184373135,3
28.59,-0.011247927952020745,-0.017690738706056277,0.006979292666361336,0.02209499140761391,3
28.6,-0.002838326952857544,0.01177392509892711,0.006923075888336382,0.013950282860290968,3
28.61,-0.0160499699900221,-0.014789426737324267,-0.00462465075427248,0.022309551194461198,3
28.62,-0.028943962565310795,-0.019170296868297812,-0.012538880081011549,0.03691174291044477,3
28.63,-0.001572073343683981,0.0004169832103288085,-3.651018885492737e-05,0.0016268443654843183,3
28.64,0.008868935970125459,0.012302852248162029,0.0040412610811983735,0.015695540443345663,3
28.65,0.0016816052942215214,0.005280526440762726,0.00014026660802009456,0.005543593651998095,3
28.66,-0.0038047212207226342,-0.010262172576024159,-0.012389949298578312,0.016531755296061598,3
28.67,0.004656128015845575,-0.008394860909444468,0.012542661173130697,0.015794668945337893,3
28.68,-0.012084509747329351,-0.009007776490143964,-0.012508080560522678,0.01958641091262546,3
28.69,-0.03685020273651349,-0.02861182816670752,-0.008599586954600698,0.04743972015677456,3
28.7,-0.001653142173465314,0.004991940868577198,-0.007458220588376151,0.00912564556762637,3
28.71,-0.012071150333009558,-0.014126273740765184,-0.00801555183101889,0.020236436230643452,3
28.72,-0.0021844730789367514,0.0007295860521590687,-0.0004116304890601903,0.002339585027227777,3
28.73,-0.002355919518182409,0.006088543285915727,-0.0004523184559545938,0.006544104836126899,3
28.74,-0.007846925573436235,-0.016655749793874308,-0.012662034891038482,0.022345365732810627,3
28.75,-0.00597487141907689,-0.0008983061551494456,0.002396974790098239,0.0065001177348758665,3
28.76,-0.0010038288526888206,0.0006027859354793808,-0.003857153509161185,0.004030962222935952,3
28.77,-0.01119723173565636,-0.01206358797442879,-0.0016398542273533237,0.01654077613794895,3
28.78,0.002298347984593635,-0.011362534512294886,0.012563152521105878,0.017094513601443796,3
28.79,0.021479801873427302,-0.003502340828260146,0.00945579110834186,0.02372889094086755,3
28.8,-0.0025598714419185395,-0.004516680941130533,0.00014686254174107669,0.005193738261530759,3
28.81,0.00024295302070492016,0.001818838941412106,-0.006700659296992989,0.006947376215482024,3
28.82,0.0124856877364082,0.012131982723870064,0.005824758892193739,0.018357701904529497,3
28.83,0.011240619907336909,0.003487227886652705,-0.00210448322369252,0.011955799591556826,3
28.84,-0.002672306547031871,0.007666798108405424,-0.002283410363271085,0.00843415546474288,3
28.85,-0.021058874587279324,-0.006131366645619033,-0.007454847584341566,0.023165591042136866,3
28.86,-0.01043743910065892,-0.01075523939384746,-0.01219338955703159,0.019320819296511704,3
28.87,0.0043920346133618825,0.0013551617949763971,-0.003500184898465458,0.00577734591823773,3
28.88,-0.0021244717837829792,-0.002623188392030972,0.0028580596538722077,0.0044230083297760354,3
28.89,-0.005892753644916271,-0.0030674229403263352,-0.0041666625772663335,0.007841856033319279,3
28.9,0.008713471955692144,0.009689349697043293,0.0024293875667477744,0.013255565435834681,3
28.91,-0.002696759684335172,0.011207666296889332,0.006878779074059316,0.013423930056701014,3
28.92,0.02190573325108882,0.007049633528778604,0.0028304471312897697,0.023185553974856075,3
28.93,-0.002098747371620748,-0.0045712698718082,-0.009063550306072548,0.010365770252204807,3
28.94,0.007406524236791731,0.006866010824944993,0.005051416323789212,0.011292276687837988,3
28.95,0.003329840723538137,-0.004687740381714772,0.014263609423449834,0.015378989008228703,3
28.96,0.0031120060772565385,-0.0017934498548480187,0.0047503459207596105,0.005955403476978993,3
28.97,0.011401622503840641,0.023056342016132884,0.004648764766996458,0.026138150599150037,3
28.98,-0.021646274272155448,-0.006219647007459767,-0.008085471800734333,0.023929480834386112,3
28.99,0.007710587462455129,0.008899642235131885,0.0009413340348989004,0.011812827802637798,3
29.0,0.017135495096198508,0.01092543749672983,0.014906638537200425,0.025203139668809958,3
29.01,0.017512994976586788,0.00520290101336652,0.002805674873374287,0.018483695071601032,3
29.02,0.01216793592156536,0.014889955852047474,0.003438949074528625,0.019534477740765038,3
29.03,0.012345433231141177,0.015671520165646515,0.014889333704580454,0.02489374467879804,3
29.04,0.01144958772430419,0.0021495269416479537,0.0058554138096259655,0.01303838164847793,3
29.05,0.020572424814537173,0.018986421359164146,0.013729885129542607,0.031180420209611426,3
29.06,0.006612877086526563,-0.007528193199480855,-0.0027152930042297703,0.0103815534631883,3
29.07,0.0007396847372863695,0.007766614955507881,-0.0037145282089125213,0.008640900485047837,3
29.08,-0.0073226917536047854,-0.013867689803455381,-0.003136680635281771,0.015992917195149968,3
29.09,-0.002421104315390447,0.005927115654510821,-8.79344646830542e-05,0.0064031381804571874,3
29.1,0.006826627446692393,0.01197476231250621,0.001132749505303586,0.013830433694527387,3
29.11,0.008030083194258039,0.0199742887323701,-0.004995890589250146,0.02210007622725656,3
29.12,-0.008137358920207484,0.0008379961774286834,-0.001637027103903007,0.00834258386404227,3
29.13,-0.009209695618710845,0.008829280908361263,-0.003486360752188841,0.013226088085388558,3
29.14,0.0019478235514493502,-0.0054318796917666645,0.007051683515490615,0.009111837025323156,3
29.15,0.00944171661043888,-0.0024208167225192225,-0.005945870466127812,0.011417519071840306,3
29.16,0.0209079548596734,0.016055350322158962,0.002728633138162598,0.026502118579164,3
29.17,0.00010202992048125373,-0.01135096606656433,-0.004278779901792848,0.012131067479696694,3
29.18,-0.013529662282707213,0.011407844001743309,-0.019363227794519156,0.026232141675331434,3
29.19,-0.018722747424994742,-0.0022909255463518952,-0.005432652487935595,0.019629144761138927,3
29.2,0.011986503436262345,0.00254454768688514,0.0016583476383782488,0.012365318614903387,3
29.21,-0.003528697828385112,-0.01082914728844104,-0.005058919472529438,0.012462536081726594,3
29.22,-0.011603542427959485,-0.008175502713574104,-0.005313809909844115,0.01515643814539125,3
29.23,-0.014348440682728152,-0.0102800270558831,-0.013745722048380156,0.022371892654104643,3
29.24,0.010500128652299413,-0.005119574951429819,0.002180098512726486,0.011883416130193327,3
29.25,-0.01065796940428612,-0.0065096381927305345,0.0002750514962761418,0.012491731447183727,3
29.26,0.007860228392478224,0.0074285330952076805,-0.0068016243313774715,0.01277608656333005,3
29.27,0.003061655357371534,0.018211508176549603,-0.003911167450825733,0.018876705073191495,3
29.28,-0.00895529759658598,-0.003109506381862535,-0.0019391812114958698,0.009676094705679613,3
29.29,0.01618627244453251,0.019929201833900824,0.017851398636964014,0.0312704482647881,3
29.3,-0.003992638343789292,0.0021974377660831015,0.0031903513499391134,0.005563113823764809,3
29.31,-0.008412365535367252,-0.0015937789845758875,-0.0033421761947107493,0.009191200523805457,3
29.32,0.01506006845368952,0.005211951779964766,0.01672466101368893,0.023101610099932397,3
29.33,0.008832644351588832,-0.002106102873569493,-0.0014108316206622477,0.00918921767168306,3
29.34,-0.005083243274992569,-0.0007550816014853024,0.003844456456776787,0.006417893413395981,3
29.35,0.01125953787892205,0.004732581866284686,0.008144317845723706,0.014680069398342118,3
29.36,0.015426424497436243,0.0032626804863856848,0.012486549609668194,0.020113020108527908,3
29.37,0.011116669888359954,0.009419349397317414,0.01732416774975793,0.022636945038968168,3
29.38,-0.002344614675912407,-0.010111422672368645,-0.005140388462439882,0.011582818309141327,3
29.39,0.008665397009436047,0.01813722291541261,0.0018697151955410093,0.020187713969812143,3
29.4,-0.0070367576961019454,-0.009181691878116046,-0.003875192783327042,0.012199858348614631,3
29.41,0.0019560317762957564,-0.019970121449895028,0.007734953689675315,0.021504913848115224,3
29.42,0.003041871072213945,0.010361053188908387,-0.007256875173377637,0.0130102513459712,3
29.43,0.01725435943256835,0.025287157263428044,0.014402403108376278,0.03383167830879468,3
29.44,0.018993606528420547,0.011971927157623635,-0.0049923765414187984,0.02300017287663757,3
29.45,-0.00828185773328093,-0.006037947162104061,-0.0013013785874345734,0.0103314839047689,3
29.46,0.013390274291683605,0.006052525819088297,-0.0003108802325291343,0.01469793049773439,3
29.47,0.007437182163118416,0.020428104056323348,0.0014761330194990963,0.021789861921422005,3
29.48,0.012398192533172446,0.0075996347188892165,0.002805345500411335,0.014810117802598246,3
29.49,0.026253318109424786,0.008820328604272436,0.013122931128305801,0.03064712433231306,3
29.5,0.00235924623598716,-0.0035481892040746038,0.0019537319156114176,0.004687510834975191,3
29.51,0.0034475723453594033,0.009199346202100575,0.00963765575445244,0.01376219946316429,3
29.52,0.014630304220062607,0.01945732943199642,-0.000984338909693191,0.024363956847892172,3
29.53,0.006396803108814412,0.011260760239528381,0.0031841244938095553,0.013336508537738014,3
29.54,-0.013699874435064064,-0.012624916854114085,-0.004887179500180312,0.01926031174661507,3
29.55,0.024552371028200574,0.02002058393332608,0.008764423514659296,0.032870318277772884,3
29.56,0.005943023389527943,-0.006341890207954748,0.0029922021887614707,0.009191973256959435,3
29.57,0.013444173090002648,0.007042590093443896,0.004454181465187399,0.015817193108230182,3
29.58,-0.004348216550247209,-0.009622293401232752,0.007275128175926492,0.012822753504743458,3
29.59,-0.016766290948409285,0.007311450224778504,-0.0029425648718382925,0.018526319239965113,3
29.6,-0.0022905047279810006,-0.0060597716023687125,0.0021893770762743416,0.006838173423063586,3
29.61,0.0006342648866912415,0.006538436513173554,0.013685363499514188,0.015180336560732961,3
29.62,0.011123193875461566,0.018398082806560585,0.0038872540593096225,0.02184778334453601,3
29.63,-0.009390221000720839,0.0008686371671064496,0.0003539716914091129,0.009436952735325976,3
29.64,0.007170789193767075,0.00019631572986989441,-0.0008895144951026786,0.007228415702229554,3
29.65,-0.021489412096489423,0.002336901918170103,-0.01000523014127978,0.023819331917748373,3
29.66,-0.01044205698649352,-0.011504893160637155,-0.006698111441212057,0.016919332658995437,3
29.67,-0.003960545173224117,-0.004710593586546201,-0.0014051488542881332,0.00631268986324105,3
29.68,-0.020305761159116083,0.0003180577676914105,-0.004696708566597618,0.020844283829246992,3
29.69,0.01140330963971084,0.012397690519796513,0.004902498364390027,0.017543451518347845,3
29.7,-0.010292569057864662,-0.006487175545163703,-0.0026642337628441665,0.01245466040917061,3
29.71,-0.01640117449504353,-0.010723812376677716,-0.011275518744688864,0.02260831704636333,3
29.72,-0.01980006119776376,-0.028303109590935766,-0.01585326686349498,0.038005716756784075,3
29.73,-0.021813128324219715,-0.030117818279926024,-0.01095658614573701,0.03876780010782761,3
29.74,0.0017432160954927558,0.005757810147235993,-0.0038044997305445544,0.007117963068667353,3
29.75,-0.015973549389578748,-0.013346108256525087,-0.001174945227849525,0.020848342427748183,3
29.76,-0.0016618324830451735,-0.007906614906254638,0.000927222833751148,0.008132403621374289,3
29.77,-0.01018923037788212,-0.003219565013456968,-0.006531019098600493,0.012523586748041328,3
29.78,0.006701410928326983,-0.00477454674846612,0.0039264017757302296,0.009117117745650005,3
29.79,0.0008534538318760812,0.0007955665341964454,0.00020500498859425995,0.0011846250878762626,3
29.8,0.005801726171910729,-0.00127648341170986,-0.004611594714091082,0.007520388439518079,3
29.81,0.028731094203732373,0.02668219504425858,0.011397880541387288,0.040832915489336985,3
29.82,-0.005883420820648157,-0.006499382049378187,-0.003631662244240808,0.009489234860243464,3
29.83,0.002245362315179637,0.009627477529045792,0.005653766975579444,0.011388373743114653,3
29.84,0.0036517612979907786,-0.0007977816035611789,-0.007881378024618144,0.008722839883399084,3
29.85,0.007257537236473407,-0.0026554775077356754,0.0006490628887168707,0.0077553007785899335,3
29.86,-0.0016039083337459773,-0.0008222901054112753,0.005834337680631773,0.0061064047632102495,3
29.87,0.012418695040338011,0.016903150383783677,0.003482376213691983,0.02126187723357018,3
29.88,0.030793700857643373,0.013226107641045468,0.01902767329635794,0.03853873748471116,3
29.89,0.00509071736114132,-0.005031983702070159,0.004902787151246531,0.00867603510132096,3
29.9,0.00665340173415992,-0.0021746273335368216,0.007758085225123872,0.010449145660587425,3
29.91,-0.004313597320731432,0.010378835992790915,-0.0034788811553863063,0.0117656267365566,3
29.92,-0.011731102913679103,-0.013809066242321876,-0.013989049335061492,0.02289110279901229,3
29.93,-0.003638746523251731,0.006965694972653635,-0.0026189430917882813,0.008283733797663602,3
29.94,-0.007415123313034622,-0.006805833833705995,-0.0002990188365727393,0.010069401182997532,3
29.95,-0.006102205216562236,-0.008626452353448576,0.004030648974430338,0.011309231621398255,3
29.96,0.00043186893581513997,0.006003384147831843,-0.005039456309413574,0.007850047891487608,3
29.97,-0.0038252412861640725,-0.0031475222172581124,-0.00369100126027866,0.006177609352240254,3
29.98,-0.0027440689987353493,0.006848181300002474,-0.0035154829201013,0.008172277647574633,3
29.99,-0.004707265687943848,-0.009068944183860502,0.007804374383328475,0.012857385363363128,3
