time_s,acc_x_m_s2,acc_y_m_s2,acc_z_m_s2,acc_abs_m_s2,acc_accuracy
0.0,0.0017815361132767602,-0.0015974666174176375,-6.295953079731346e-05,0.002393686366087093,3
0.01,-0.0048806350965130444,-0.0018814891540437058,-0.00016387190270768324,0.005233302435613293,3
0.02,-0.00760015774683805,-0.023829918957029926,-0.0050648206641824,0.02552018502354099,3
0.03,0.008823873080293379,0.009901661200251063,-0.007238592065240151,0.015109627584710392,3
0.04,-0.0035818539326312564,-0.0022480319942479814,-0.002353041998318756,0.0048394351000628655,3
0.05,-0.02640772010357434,-0.0165059702425807,-0.017125470603582223,0.03554006862840648,3
0.06,3.6928478829210964e-05,-0.0009639855409677533,0.008370232221956443,0.008425640586045753,3
0.07,-0.026939322532520304,-0.02992222190006888,-0.020307751418828478,0.04509402654051917,3
0.08,0.0004502908683813537,-0.008470358181281218,0.007552743672922273,0.011357537874654556,3
0.09,-0.012840934941089264,0.0031992312888750457,-0.0068510511670113045,0.014901731211305993,3
0.1,-0.004783167401894483,-0.008489215603070595,0.00028478741660867756,0.009748157560412219,3
0.11,-0.00433405069324155,0.0034286836301106686,-0.010229821857282082,0.011627085708753619,3
0.12,-0.003691502607430611,-0.011242968504596444,-0.003513917560309902,0.012344194948098837,3
0.13,0.002878170571301088,0.0018947511519855308,-0.002692541270024866,0.004373068288540809,3
0.14,0.0035945712156489865,-0.0010092644322064405,0.014237011907309475,0.014718426035665668,3
0.15,0.027082982270699357,0.016658103403831174,0.00805127053714592,0.0327994404670272,3
0.16,0.008987552845433327,0.0035712632247226254,0.01096465857446272,0.014620320270919232,3
0.17,0.010404636543202669,0.018834619147499454,0.011686275372035863,0.024486085275081303,3
0.18,-0.0005465127510385966,0.015037331864930103,0.006589708746370572,0.016426937851135946,3
0.19,0.012415603929245596,0.010591964196445987,0.0020237681465935906,0.01644483396017908,3
0.2,-0.005203264204858403,-0.006943871956521,0.008487908082108142,0.012138200020778873,3
0.21,0.01953679105038572,0.003041934013430711,0.02086464432343764,0.02874496390382247,3
0.22,-0.013890965759570911,-0.020908234521079837,-0.0040482372760695835,0.025426392303380466,3
0.23,-0.008337710937397939,0.005758453260065068,-0.006544363110428523,0.012062582482416314,3
0.24,-0.020044635621946215,-0.025780009310810204,-0.014183965882593807,0.03560310640155773,3
0.25,0.002299970620730165,-0.0019127172621908803,0.0038655415749513007,0.004887817902600491,3
0.26,-0.009839007407396662,-0.005644846640284555,-0.004038139584885064,0.01204063668009935,3
0.27,0.001850859538656103,-0.019516903229124426,0.0019291776132461594,0.019699160361555817,3
0.28,-0.019192829218848805,-0.023439736420582502,-0.0167239803994257,0.034604587229017096,3
0.29,-0.001600743586012491,-0.01182793053613693,-0.0005226338172552442,0.011947194938678256,3
0.3,-0.0008600261313041939,-0.005927661875394992,0.006476080032853366,0.008821362301110832,3
0.31,-0.004476143031851537,-0.001063837132325812,0.002876843469256814,0.005426217304192107,3
0.32,-0.005272434619451624,0.004531511521440823,-0.004857327169088589,0.008480966378480054,3
0.33,-0.002159813037361711,-0.006820311699462992,-0.001626166018770444,0.007336610931131151,3
0.34,-0.012586234778104761,-0.012503642370179568,-0.014473815036595006,0.022896412385447797,3
0.35,-0.012277167371778046,-0.009550665758726451,-0.009516238405136226,0.0182346606355301,3
0.36,0.009385281870771952,0.0001254032291418388,0.0021832065977450354,0.009636681628660217,3
0.37,0.00043324770976559124,0.0036457522902986926,0.003995408972346006,0.005426094930660379,3
0.38,0.01189934805467623,0.01191909538891828,0.00111661877958293,0.01687916338315905,3
0.39,0.02614292388249158,-0.0034725607730392467,0.005548406209653363,0.026949878643799486,3
0.4,0.0025011178822228128,0.006866171244094308,0.0056715775682830896,0.009250226501391965,3
0.41,0.0005880756629151789,0.0014293050696776639,-0.0022709945323156704,0.0027470278726884206,3
0.42,0.003062314207054479,0.004213768845448246,-0.0036556271184945985,0.006363743066393478,3
0.43,0.006016707273242393,0.01364845453305074,0.007581989636522804,0.016732233694309328,3
0.44,0.01105983039610981,-0.006548479443770994,0.007729620694790927,0.014998315488798932,3
0.45,0.0011885661144576767,-0.009211933105324161,-0.000709972445732209,0.009315388441664858,3
0.46,0.024185640519957075,0.016368035182059287,0.008775853858811179,0.030493825506697766,3
0.47,0.0020690977963193856,-0.017122638409289393,0.003208263110244315,0.01754305742938102,3
0.48,0.004408647708428391,0.0013928468345030913,0.00521648444285259,0.006970502626349071,3
0.49,-0.006977604832966179,0.0018841991228605928,-0.0018864519110306484,0.007469663737562273,3
0.5,0.004567619953743752,0.006370444556895872,0.0027792664654031347,0.008316852648690894,3
0.51,-0.010456689496344321,-0.006687729977190438,-0.00834525976833055,0.014956986597295784,3
0.52,-0.015488839178846282,-0.012703978064475667,-0.010250188217933484,0.022502478891755568,3
0.53,0.003976303406883994,-0.0006395509658846232,0.0007583891244664625,0.004098190855203088,3
0.54,-0.006141157646413854,-0.008182651718532333,-0.008530126407126047,0.013320385238665458,3
0.55,-0.0006299550422763627,0.001388818500567508,-0.006751770916528183,0.006921854570278389,3
0.56,0.010382511671373017,-0.005139382673253438,0.004133732762295228,0.012300306883098792,3
0.57,0.0025553778738880654,0.013493688089123827,0.007086595152459388,0.015454106418029476,3
0.58,0.0013115935074792175,-0.004982998183551799,-0.011847247692001364,0.012919281183633006,3
0.59,-0.00136114306035379,0.003508630692187882,-0.00296114541435055,0.004788693133814422,3
0.6,0.01935032360369921,0.014188130689824939,0.010342756492785007,0.02612873299470293,3
0.61,0.0035148886860317348,-0.006768693250979953,0.008015533353466643,0.011064286047531114,3
0.62,0.007384459369552058,0.01551044033629484,0.014122395992705112,0.022238391762470156,3
0.63,0.011167950149985652,0.01646927043391625,0.0034785566009679957,0.020200503340366806,3
0.64,0.010213521858245152,-0.005415835479833529,0.016431225463530683,0.0200906065843432,3
0.65,0.01752126120144696,0.011676319496459833,0.010617963847283664,0.023581182907881477,3
0.66,0.0026173054028231536,0.0034910447343999727,0.006063158785902437,0.007469911336307478,3
0.67,0.01778719081425208,-0.004119664927446722,0.001611974952022325,0.018329055060831576,3
0.68,-0.004003070347654416,-0.01976650668452688,0.0009190201939977194,0.020188708647030682,3
0.69,0.0012259153448126868,-0.005811159673449425,0.00595503742265275,0.008410405215455836,3
0.7,-0.0073699040264752335,-0.015664701835029306,-0.00745258157268896,0.018847794062897903,3
0.71,0.018434434634487927,0.004555919468129324,-0.007338160645278098,0.020357636998168428,3
0.72,-0.011862443925230486,-0.01880814468038388,-0.004444057863633111,0.02267627686576457,3
0.73,-0.011122143130031209,-0.008764650290693161,-0.0062945714561952045,0.015496541302503457,3
0.74,-0.006312987298514201,-0.011557300082386398,0.005224672731514222,0.014167646204537948,3
0.75,-0.00995180713451614,0.001945465849383445,-0.007708183009248731,0.012737322635381205,3
0.76,-0.001484735733792977,0.0004028471728879776,-0.0048981902050733266,0.005134101024423057,3
0.77,0.011412852004014413,0.0143435023099001,-0.0018927426209364587,0.018427471991804917,3
0.78,0.0006269248365770755,-0.013067293214670362,-0.0034983877677719423,0.013542005157382847,3
0.79,0.0033593654682130504,-0.0026742334857748963,0.017513440842165284,0.018032123314171436,3
0.8,0.0005932025947904566,0.0015049707351890921,-0.009252959989978252,0.009393300527949696,3
0.81,-0.0007966580597347723,0.0030661675127422704,-0.00837024201134143,0.008949692654430179,3
0.82,0.007912892486801094,0.000357457016967158,0.0032349854240033772,0.008556095705411817,3
0.83,0.007783128264537451,0.0014391507115644967,0.015349799539494467,0.0172703383364514,3
0.84,0.022078839330807287,0.012322874055005786,0.014384750670793556,0.02909036649875751,3
0.85,-0.003856307903541221,-0.005082323905532069,0.007578633260579218,0.00990640242600788,3
0.86,0.024133549082223545,0.03420706280961339,0.00854978386900541,0.04272762738055593,3
0.87,0.003397121766890018,0.004883929137791242,-0.006811923948978104,0.009044086908511313,3
0.88,0.0049987960290058964,0.0038181598880407427,-0.0004458354393209311,0.006305955590487687,3
0.89,-0.01176746546585655,-0.018309293598122892,-0.006043580006946485,0.022588234434164033,3
0.9,0.005465284917416274,-0.0060570682504125384,0.0025251219620077703,0.008540120370446038,3
0.91,-0.014987593475020364,-0.01219698081193541,-0.008028328954171684,0.020924826520083387,3
0.92,-0.0008817334776650438,0.008425787957532613,0.0031476269994351277,0.009037638649476414,3
0.93,-0.0035156117214966667,-0.004054047373573463,-0.005853525991577782,0.007940944050777545,3
0.94,-0.01163445144178558,-0.009394606789027777,-0.010798454471762925,0.01844520848487352,3
0.95,-0.03278077259692192,-0.028900529750105985,-0.021979061389040808,0.04891726496270098,3
0.96,0.018314183886017552,-0.0011134547743120067,0.00947154087055947,0.0206484672411291,3
0.97,-0.01925623580087117,-0.00998420846474348,-0.008030800726378302,0.023129651882226984,3
0.98,-0.001784859849825893,-0.003284203074807053,0.005745349128671159,0.006854250588533736,3
0.99,-0.011853358181287986,-0.004729102941187023,0.003947930241223735,0.013358617742559276,3
1.0,0.011695895692205605,0.009424182455102181,-0.001981095776605028,0.015150377271411154,3
1.01,-0.003146394160614562,-0.009915277329196594,-0.0012747470121785493,0.010480338767133793,3
1.02,-0.005443877880216422,-0.002007435560192476,-0.0036818862241836613,0.006871818541759404,3
1.03,0.012601043513073815,-0.0015076790833124538,-0.003549905482801253,0.013178058384051117,3
1.04,-0.008371850865907717,-0.004119958348397878,-0.006936341573627464,0.011626468859441626,3
1.05,0.00280063257058999,0.0014577452375806972,0.010659989302993472,0.01111773069979094,3
1.06,0.01627604913689095,0.0237180281162217,0.0035280064014616276,0.02898105350737143,3
1.07,0.025654056512274006,0.011022718473503447,0.006750410948421829,0.028726276926424623,3
1.08,-0.005017974025791413,-0.014127685799669307,-0.002570404590153459,0.015211132408035144,3
1.09,-0.0023833288977757883,-0.004973631914206786,0.004397647624860689,0.00705383411241236,3
1.1,0.007199808917086839,0.00991255410775028,0.0014118534921678631,0.012332449378164367,3
1.11,-0.023219597234261705,-0.03863550510661041,-0.009682699695246941,0.04610430157753816,3
1.12,0.014754942508836126,0.017332722665166386,-0.007067871229982723,0.023834563288431556,3
1.13,-0.015690762132622146,-0.012652458245392602,-0.003626886406495771,0.02048021047156391,3
1.14,-0.010803356216611331,-0.016697629993066104,-0.0035347207455140583,0.020199445627964715,3
1.15,-0.003827273838179516,-0.005621856253249441,0.003585809088092641,0.007688388620566795,3
1.16,-0.007176022080930194,-0.010951799805446485,-0.014434958919484044,0.01948859284021726,3
1.17,-0.019549971098963566,-0.023485823841397795,-0.010612387202268155,0.03234823107389869,3
1.18,0.013128969898621484,-0.00631855514726376,0.011693127765250163,0.018682163329828444,3
1.19,-0.037355819538106294,-0.020305242115196954,-0.020151739754612288,0.047051596421991394,3
1.2,-0.018315688605417005,-0.017296824360005677,-0.007935740689094094,0.02641250768700374,3
1.21,-0.010493124369060487,-0.010476987842128598,-0.007179657491898242,0.016474841879959033,3
1.22,-0.01201506786469868,-0.001652325493727418,-0.007717520146682876,0.014375400952494944,3
1.23,0.016299881078730157,0.011856831605379578,0.014337748888577183,0.024735432522819765,3
1.24,-0.01608734644086593,-0.023736480836055455,-0.01577966026866678,0.032729511395427374,3
1.25,0.02433777039429865,0.022418814505922362,0.010650341278442995,0.034761474090778455,3
1.26,0.0036836985729248196,0.014449275451276802,0.0031682352514320108,0.015244307490058551,3
1.27,-0.008511664357242973,-0.00193341221968483,0.0017983551740118169,0.008911823285584276,3
1.28,-0.017232948123995055,-0.018983156256719317,-0.008486554261960644,0.02700659781891323,3
1.29,0.004901532027150397,-0.008351191376520796,0.008018972828428433,0.012572642476565135,3
1.3,-0.002047886456183228,-0.008644662396359143,-0.0012493336568688619,0.008971335545537789,3
1.31,0.007584446871697533,0.006133376305354347,0.00413025754180677,0.010592505209549642,3
1.32,-0.0026781402433732385,0.0095353520321181,-0.000717131220029798,0.009930239207911131,3
1.33,0.01195721122260275,0.002295187762224383,0.009312411278807572,0.01532852866101193,3
1.34,-0.0035033749656632343,-0.007643654330982198,0.0016738714436776274,0.00857326853023619,3
1.35,-0.009014632367459474,0.001861310829500664,-0.010734939696403906,0.01414096902655164,3
1.36,0.005938583143705642,0.0006849118239711407,0.003974491267941519,0.007178610924145677,3
1.37,-0.00434527268828415,0.010670144901933833,0.0012885968402384165,0.011592836959971669,3
1.38,0.0014492545299068429,-0.00017034397486962805,0.009422550071269279,0.009534873130136897,3
1.39,0.005816862846340726,0.013413964902296894,-0.003434351704095517,0.015018825500038803,3
1.4,-0.010961249191308267,-0.0046106168916933195,-0.0017018816806820452,0.012012625575242285,3
1.41,-0.005836586773228457,0.0015711115036292373,-0.004713770041158194,0.007665100424598625,3
1.42,0.005485505984184561,0.002423313346241567,0.0036196221949654052,0.007004633345927772,3
1.43,-0.03201276430389166,-0.023302234179154665,-0.020846730666168108,0.04474815499642904,3
1.44,-0.001577622218446698,0.002247022934185015,-0.0007902253922845673,0.00285700194285923,3
1.45,-0.0007771688320903955,0.005841099037320079,0.0015638278101662109,0.006096555320605526,3
1.46,0.008530254297071294,0.010179670710228683,-0.001982144735398147,0.013428322005874658,3
1.47,-0.0037821429519178072,-0.01678706975649123,0.006990601149523881,0.018573605486005364,3
1.48,0.020288769632342416,0.01626359756605981,-0.0001353870137897062,0.026003021144253784,3
1.49,-0.0009822679500916948,-0.005940285960517766,0.0027833192064413534,0.006633152600645273,3
1.5,0.0024458787998538588,-0.0026549236532548643,-0.013469990106138911,0.013945306599987928,3
1.51,-0.0005867348155866939,0.0032493076787621527,-0.001793931330642716,0.0037577184240102112,3
1.52,0.020972252873259312,0.02826392840029318,0.012315334925191632,0.03728743103937945,3
1.53,-0.020494398264302473,-0.016202487543399816,-0.0049467081316636324,0.026589676270119152,3
1.54,0.02392291502083609,0.03252908540146,0.010133073569061533,0.04163083520787971,3
1.55,0.017905599173415845,0.0037579293857659974,0.006607772112932363,0.019452382047550898,3
1.56,-0.008826864343441258,0.0036751366008709076,-0.0005674299031876578,0.009578211725975116,3
1.57,0.00816865495105128,0.009163594882009145,0.00937986999048805,0.015449283346141887,3
1.58,-0.004359232241801519,-0.0013830093543747974,0.006316026508331639,0.007797936359460626,3
1.59,0.012633366101965023,0.019908655268292365,-0.0020598657917815432,0.02366853482449085,3
1.6,0.0035145152148728116,-0.0026321022187768225,0.0003776571884575111,0.004407085685309056,3
1.61,0.01837877239521171,0.02308569433768914,-0.0048907443513073225,0.02991066595911988,3
1.62,-0.026080494820384423,-0.01992286325527921,-0.019941227850689323,0.03840267254446962,3
1.63,-0.0038339608638889083,-0.007820625447673537,-0.005949995048586237,0.010548169479906522,3
1.64,-0.025112924474481168,-0.028192315337035017,-0.006110744147095703,0.03824665755010599,3
1.65,-0.008579714003007877,0.0066770317062430735,-0.006746229770791343,0.012794759118478792,3
1.66,0.02690200291090878,0.02796148961001571,0.010372112513871878,0.040163956227318776,3
1.67,0.007793574392363952,0.0016309954693773318,0.0053072925140109535,0.00956908051276178,3
1.68,0.016080609384598238,0.01561977590688702,0.0032129068033292406,0.022646990256726753,3
1.69,0.012175112881269415,0.009535375691824733,-0.006489254581291945,0.016771022278821077,3
1.7,0.012663338423711833,0.006041035399069754,0.0012229434609851778,0.014083672796363765,3
1.71,0.0016454674024963941,0.008869892473388655,1.612059564531942e-05,0.009021242449671714,3
1.72,-0.0005820100985483093,-0.0054107396184907754,0.002548872273936087,0.0060092918753175935,3
1.73,0.000691414628447384,-0.017049141249321043,-0.0009271972775945021,0.017088328365270546,3
1.74,-0.026719841600214782,-0.016625190708200115,-0.009312927340786453,0.032818859164805834,3
1.75,0.0033291868888216556,0.0028645596110082553,0.007046370622535949,0.008303043180416409,3
1.76,0.005107509386920425,-0.001170915306968124,0.009021753908362441,0.010433107800489052,3
1.77,-0.0074681569077365,-0.012367072697777301,-0.0023268142393023574,0.014633247049609369,3
1.78,-0.0038694525370330454,-0.015183802228099532,-0.00856421384225128,0.01785682703545622,3
1.79,0.001923933662155662,-0.0015550200889376173,-0.006604320372769264,0.0070524219811034,3
1.8,0.004523859506623343,-0.003835155962165278,-0.004875472374758887,0.007677496790415176,3
1.81,-0.02168578487553267,-0.007464881944733571,-0.016207921672410468,0.028083704404078955,3
1.82,-0.017469131366037293,-0.008096370995677367,-0.007264674222138451,0.020579049189341003,3
1.83,0.0011332137587881704,-0.0030830215864774543,0.01183460180737293,0.012281978483325372,3
1.84,-0.00015782958098962008,0.004071276282727962,0.0012004084638901436,0.004247491168574417,3
1.85,0.01017474554189576,0.006262524059675343,0.0040746667102916365,0.012623294468572736,3
1.86,0.011432649391165284,0.0058472611064902,0.010916035995753016,0.016853954325598504,3
1.87,0.02687561031616005,0.01837444896004451,0.007122642293564399,0.03332642851692094,3
1.88,-0.0033443366480904704,0.011829441899918153,0.004747258411409064,0.01317788851462913,3
1.89,0.021369521330514993,0.02011081285045549,0.015423771955517905,0.033151078062971066,3
1.9,-0.0065541709251023105,-0.006975777288952092,-0.002595394441117092,0.009917393690153566,3
1.91,0.034906679974952816,0.03158557960942371,0.028270481294222213,0.05491215947988189,3
1.92,0.012820731205276107,0.015836974910217336,0.012460716127015142,0.02388410285823709,3
1.93,0.014452103829740963,0.012194211102189453,0.006775785793231556,0.020086646375792362,3
1.94,0.019759877488649623,0.011203355798223597,0.00803002719359776,0.02409251494215479,3
1.95,-0.00909578170455681,-0.00952392414161434,-0.006684568750148595,0.014768948346027821,3
1.96,-0.007027475624139247,-0.01352040603651973,-0.0039468028195823535,0.01574052240355744,3
1.97,0.005478209079198024,0.005278684792425546,0.0018544042992944647,0.007830332250832923,3
1.98,0.006124494180216477,-0.0005917950552437046,0.0008390807572292098,0.006209968346784767,3
1.99,0.024690501644290156,0.013789597763778891,0.009826907115375427,0.029938970947374376,3
2.0,-0.013941979833140135,-0.004767242788541402,-0.013428848293274419,0.019935881519420343,3
2.01,0.0138881643902426,0.023219175183555207,0.0028408447242779084,0.027204440907368163,3
2.02,-0.009447728353717391,-0.003619800000050064,-0.01383503200824909,0.017139738438939924,3
2.03,-0.010768971328549249,-0.00837945077527988,-0.0023594421691434976,0.013847487357639542,3
2.04,-0.009927877826104025,-0.0070996231887280005,-0.003987192414849179,0.012839980954230546,3
2.05,-0.011520441878456661,0.001039408394381566,-0.005919717104761575,0.012993998671910647,3
2.06,-0.0012708471913621079,0.0022120277469305145,0.004745520120023392,0.005387771389594243,3
2.07,-0.010518866839674585,-0.005813318413935901,-0.009914751658244979,0.015580228849965053,3
2.08,-0.020902181083169567,-0.012514963732855912,-0.01367095715102997,0.02793600831710944,3
2.09,-0.005062031385511686,-0.014972361956015116,-0.011165189291138272,0.01935089755532758,3
2.1,0.005911024097306079,0.007261528149787759,0.00879807553242525,0.012848195594065068,3
2.11,-0.014152214973016771,-0.016908303421192643,-0.002735301191638589,0.022218410965561295,3
2.12,0.011683018853862241,0.011333452471416806,0.013234877689543904,0.02097860962787456,3
2.13,0.02050781679217434,0.00847395468039912,0.01872394032859572,0.029033849192548675,3
2.14,0.025222168919255696,0.022384874808511278,0.008803792036090826,0.034853223371718825,3
2.15,0.012025484606227748,0.007193258887925812,0.001144578132711311,0.014059349648729316,3
2.16,-0.013824463393384712,-0.018840012666182245,-0.016993804594305023,0.02889379275841723,3
2.17,0.014819559942046982,0.008048244387369374,8.087999968504466e-05,0.016864167224298246,3
2.18,0.01729401188037739,0.029752916636299545,0.005832869363590027,0.0349047455269041,3
2.19,-0.004496218340867671,-0.021331794169639463,-0.014388982262841297,0.026120953895770738,3
2.2,0.0008480838147255889,0.0019243922056489612,-0.00608235178216566,0.006435645633499079,3
2.21,0.005240742803763415,-0.004416004115438865,0.0018613256404888677,0.007101479467175294,3
2.22,0.01864798566588684,0.024068601759177934,0.013752217981075154,0.033409107432495574,3
2.23,-0.007876895365396742,0.001016647238568538,-0.007847080019278325,0.01116493246885331,3
2.24,0.004274275281363256,0.00447927265646843,0.002691302408462203,0.006751031133512358,3
2.25,-0.003713731768881205,0.004739845671839148,0.009511369645975997,0.011257179628416852,3
2.26,-0.005589990003623557,-0.001956419870882354,-0.013351757200238453,0.014606333807150719,3
2.27,0.008162172314111621,0.005762475648102286,0.010188213516327786,0.014269788966011596,3
2.28,-0.01696210022930396,-0.01666434250362053,-0.005348309044325878,0.0243724755595435,3
2.29,-0.0028299519634528703,-0.0048682830566335565,0.006325709000463225,0.008468967020451643,3
2.3,-0.0034204242623745995,-0.006106786155568349,0.004262163433576344,0.008195009238493717,3
2.31,-0.019674815759989396,-0.013689614185859246,-0.012832881290913232,0.02718798914914225,3
2.32,0.01548439347518318,-0.004297735129283636,0.006978786904363716,0.017519715613910306,3
2.33,0.012870010023822041,0.01724632176327249,-0.002971756293449498,0.0217233539731613,3
2.34,0.0053175964627587375,0.019297290976605153,-0.0007446997933878881,0.02003039812282279,3
2.35,0.0033617309858342656,-0.001104515307161249,0.001688267188923947,0.0039206422160239125,3
2.36,0.007556246075986819,0.014688987892260651,0.005221832642724829,0.017324282271092006,3
2.37,0.01647903096925993,0.010462498398133416,0.012152179828267242,0.02299342969187758,3
2.38,0.008408216495826093,0.0010673281780490002,0.013281258968061177,0.015755289075642023,3
2.39,-0.001089941400800167,-0.0038172310892999853,-0.003103746073999372,0.005039093682217379,3
2.4,-0.0007047614922499456,0.00019220682298704006,0.006551467389636201,0.006592067747014416,3
2.41,0.0034846010408059245,-0.003331229478965316,0.0031718864115301794,0.005770649674236261,3
2.42,-0.009728273583692595,-0.001960333049470079,-0.012222226147321172,0.015743729690904793,3
2.43,0.003175735411028334,-0.0019312248904690583,0.0005266603172642638,0.00375397070689256,3
2.44,-0.01255987560840108,-0.017377724056849377,-0.004956663812930094,0.0220069144781571,3
2.45,-0.0164661213126415,-0.0116856161035258,-0.012429938543908359,0.023710549276787046,3
2.46,0.0317435737703474,0.016669018799852383,0.00804121360548845,0.036744683693187674,3
2.47,0.015682390046193408,0.008359154316528065,0.0006121267501806313,0.017781662397165304,3
2.48,-0.006268529267670757,-0.004822444605363946,-0.006082132394621808,0.009977112088032123,3
2.49,0.0024708022509168405,-0.008988092916559462,-0.0040759187870793865,0.010173681339550045,3
2.5,0.005398149226473709,0.015449626846590153,0.009811614210487592,0.01908137202052305,3
2.51,-0.006309401075588542,0.002084572946335363,-0.017545901671512244,0.01876200020700371,3
2.52,-0.0001194918220907286,-0.005124080690694706,0.0006138571052603854,0.005162102455974267,3
2.53,-0.004479563142755336,-0.0032887110824084604,0.0011540829698542094,0.005675739073882431,3
2.54,0.01602272805164697,0.01630222106825198,0.0014332776171734427,0.022902936726609622,3
2.55,0.01839793278206792,0.014548259130511413,0.006887587258342517,0.02444533969130477,3
2.56,0.02385875978567931,0.031739945729935895,0.008683828181620447,0.04064570635796516,3
2.57,0.009839953145775526,0.004978662302894879,0.003963710952786979,0.0117184794557386,3
2.58,0.033649682604694996,0.03306661297622092,0.019119963116985265,0.05090456779809422,3
2.59,0.007082798712674467,-0.005719140309032515,0.006627546779819998,0.01126050530826064,3
2.6,0.03227038995719434,0.013142875053335107,0.010921808939927464,0.036515738294292326,3
2.61,0.0012249477708972225,0.014333239804753603,-0.008475486092175298,0.016696590215988894,3
2.62,-0.010262783198266796,-0.010639596142510541,-0.0036278408486852326,0.015221266513458781,3
2.63,0.027727777660781057,0.010069863396809894,0.00853745843259596,0.03071025886124089,3
2.64,0.009128357541382855,0.006008054656903547,0.0009412285817100678,0.010968570709380945,3
2.65,0.005144510499168988,0.013712971276134925,0.003655708223056138,0.01509555471350032,3
2.66,-0.007610754535207502,-0.011435725695286149,-0.006035269732383733,0.015004129015562237,3
2.67,-0.015357812258109435,-0.011084112324562708,-0.005070719659007104,0.019606941149478172,3
2.68,-0.01572315795251926,-0.02584212409903313,0.008001717773991581,0.03128994345287813,3
2.69,-0.006011593271852578,-0.00795883141465398,0.0014098483895375676,0.01007322806425765,3
2.7,-0.009802405999157816,0.001115911555111421,0.003658304711919025,0.010522148798434912,3
2.71,-0.03095793748034576,-0.027945294813674828,-0.010865713184070102,0.04309753030347183,3
2.72,0.013611078029245133,-0.0006474898447289112,0.0065876916441779156,0.015135335127310466,3
2.73,-0.010244032892652348,-0.013379730002841218,-0.0014534272954415798,0.016913599136724487,3
2.74,0.011586226962200062,0.003232909674885853,0.00807765099236223,0.014489334206235728,3
2.75,-0.009541598517294903,-0.0005614081238103719,0.0008831134416298373,0.009598810900185079,3
2.76,0.003073053605844038,0.0051893568272084085,0.0017390725796014744,0.00627673929533538,3
2.77,0.015071992512523216,0.015133922565482835,-0.0010674979015816701,0.021385511971553726,3
2.78,0.015327058176960312,0.010956397615007756,-0.001911672190971993,0.018937155320264163,3
2.79,0.003574966005550531,-0.00245641541931112,0.00437613776803584,0.006161569639134256,3
2.8,0.013821756618021234,0.0034643067710622344,-0.0005373803989183789,0.014259423379119616,3
2.81,0.016110187510047717,0.014735753585662719,0.01136814478711485,0.02461534666111927,3
2.82,0.005857508974601095,0.016812279199346435,0.010667803685511816,0.020754883250380586,3
2.83,-0.0067229086565549386,-0.012231916687134636,-0.004349268001265093,0.014619624440874415,3
2.84,-0.0023877173023815383,-0.00981526843280882,0.006193604569012781,0.011849110763322346,3
2.85,-0.0013963374130574208,-0.010064057735691653,0.0009252764952102061,0.010202507185541571,3
2.86,0.0012562272745456791,0.007531583011212011,0.0007208224969665499,0.007669578521158966,3
2.87,0.017763965464301798,0.012097631753078134,0.008430861513169515,0.02308658894042674,3
2.88,0.007367132684591838,0.009600167572355094,-0.001669892580572499,0.012215825909054644,3
2.89,-0.01520512336197323,-0.014707330818253941,-0.012594113305121807,0.024619363236944868,3
2.9,0.015179248145206867,0.01557136050843265,-0.0030335839334807687,0.021956308292124492,3
2.91,-0.008690176338476373,-0.008384206171194402,-0.008309158282306613,0.014657973573292234,3
2.92,7.192723765204849e-05,-0.012309055366588075,0.012868730461406234,0.017807926359730143,3
2.93,-0.018860133843253607,-0.005818907790949212,-0.01744725378098219,0.026343329344693824,3
2.94,-0.011994438815020086,-0.008685909300199579,-0.012456721889562004,0.019351524567652212,3
2.95,0.007449960946344607,0.0027325810269113603,-0.0014810568924407152,0.008072325977643739,3
2.96,-0.01357975089488115,-0.0072554993759741376,-0.01066281833698133,0.0187282567381284,3
2.97,-0.0001509123051227101,-0.011658970055700064,0.0015480328033240943,0.011762260107807327,3
2.98,0.0071248228580866844,0.008433160816957667,-0.0004646979764906388,0.011049762274960448,3
2.99,-0.008635134926593435,-0.010811079416855076,-0.005076904456302755,0.014738383636493118,3
3.0,-0.01582202782808737,-0.012324260725853369,-0.012216918093091444,0.023483548597366795,3
3.01,0.017814309345228894,0.021584366412602706,0.005165104326820778,0.02845896683978433,3
3.02,0.042136714125412464,0.034633257058312085,0.018603473975099507,0.05762859026295943,3
3.03,0.013496412767750985,0.008036436055741001,0.005266055059996326,0.01656709986601272,3
3.04,0.0153588377520981,0.009942517151385385,0.01879606169134964,0.026230506657437782,3
3.05,-0.004117150183148944,-0.023366561077287712,-0.0020218376745470192,0.023812495244964104,3
3.06,0.0225382621161606,0.009201648522943027,0.008883767399049752,0.025914569607789338,3
3.07,-0.0016098560879273718,0.00021011811233701298,-0.01570622230277344,0.0157899083363111,3
3.08,0.014646802330784612,0.004139441505004149,0.008030613547657764,0.017209141420833667,3
3.09,0.005684781396583136,-0.006632113788451692,-0.00929236112386727,0.012753417114101951,3
3.1,0.0038237875819111707,0.00651784906508261,0.0050308752290913,0.009078183379810124,3
3.11,0.0015168163574246158,0.011513327010241497,0.0015370716049536895,0.011714094921318599,3
3.12,-0.000253284011779922,-0.005948477716915866,0.0046734052206670144,0.00756896665971159,3
3.13,-0.00440524725609575,0.003916409159854033,-0.005788934972488351,0.008261733002852755,3
3.14,0.0036487740738118234,0.008352587724126524,0.0018038271105495387,0.009291558866826597,3
3.15,-0.01621800483933445,-0.019167147914098074,-0.00324350630648791,0.025316468420571947,3
3.16,-0.009279928314909817,-0.012317447837213074,-0.009753255534027526,0.018247262377254526,3
3.17,0.012819351796328118,0.02339836763116815,0.009428914146430534,0.028297063633212476,3
3.18,-0.0007137306894291805,-0.00943579314503324,0.003064358128983912,0.009946551890758885,3
3.19,-0.004462515143249225,-0.007995922324809524,-0.0028173355376659706,0.009580511195124798,3
3.2,0.014149687669208405,0.025630772738445287,0.015838562473649707,0.03328678767225343,3
3.21,0.013921207229928989,0.005193890695979195,0.009357861642641012,0.017559786041498864,3
3.22,-0.009901977757293819,0.003892542825416162,-0.01450080784692553,0.01798539633611385,3
3.23,0.0158126091229683,0.0028926938357777578,0.013047802723186857,0.020703899169154813,3
3.24,0.009481684745713145,0.007743319450543072,0.00031810484406575353,0.012245919010922214,3
3.25,0.0165154135141108,0.02024815275879644,0.012218023736591817,0.028844872641659393,3
3.26,0.007587400760459476,0.0015714537621709873,0.0051874939157890345,0.009324602423310638,3
3.27,0.011906333169729522,0.009132323719360905,-0.010492601367501384,0.018309964214085594,3
3.28,-0.0172800311265865,-0.006140531532518322,-0.004146824510910464,0.018801642395331795,3
3.29,-0.008074096714524505,-0.012867812874610998,-0.004963281077227381,0.015981420618426365,3
3.3,0.009301345469088973,0.024433781814494217,0.0014289236611238006,0.02618332568874645,3
3.31,0.02959798313431802,0.02902038356016639,0.010785904334606109,0.04283175223959235,3
3.32,0.0004208593268574083,-0.00256365657411115,0.004922659831996904,0.005566151042196212,3
3.33,-0.014100972610350034,-0.011749263439568126,-0.011873062153766626,0.02185983130853071,3
3.34,-0.005489531876699965,0.01145109363495991,0.004209395623966376,0.013378397407051103,3
3.35,-0.01858031484441213,-0.015844736922996393,-0.017479041370277698,0.030029996255416455,3
3.36,0.007037222721078902,0.0011487879649902523,0.004940915404770418,0.008674956048976458,3
3.37,-0.006833497667480006,0.004385874828173008,0.0015595691316659748,0.008268303589993637,3
3.38,0.006384843105334592,-0.00673507138538073,0.007360569333534572,0.01184505757519492,3
3.39,-0.006426404262042989,-0.005125140334420237,-0.0017874157582493508,0.008411931423849316,3
3.4,0.011162601471554142,0.008487094961071476,0.0037823963078550942,0.01452380715655036,3
3.41,-0.01977205725131486,-0.01947015021350279,-0.012197335451138675,0.030311647751206792,3
3.42,0.0022804853722248903,-0.010928452649788941,-0.006308304203246018,0.012822885508819847,3
3.43,0.010574845631529974,0.007955195492187154,0.0006446599218660086,0.013248701138770686,3
3.44,0.002657007189857263,0.007365350910389424,-0.0045726192932172465,0.009067355096213564,3
3.45,0.011487681110818267,0.0026089329285784767,-0.0015824411318684064,0.011886019866443975,3
3.46,0.011993223965253813,-0.001043201338621588,0.016219213676628486,0.02019872724707606,3
3.47,0.020532575548068175,0.024421453531241127,-0.0010769045177783914,0.031924187923205005,3
3.48,0.014818286828038624,0.014597823744238625,0.01342128725540117,0.024754979987426245,3
3.49,0.010886035892043216,0.004725801633038051,-0.002520296051031941,0.012132224474618224,3
3.5,0.015030257835105048,0.01788801702668121,0.0006308577329887542,0.023372800115002167,3
3.51,-0.013820581369068781,-0.007740489349198024,-0.012450115449808227,0.020147680250035056,3
3.52,-0.008871303513063745,0.008103807145270566,-0.010654941126077355,0.016059249256077008,3
3.53,-0.01873681965582387,-0.00780241823401413,-0.0028944387686262894,0.020501802771919125,3
3.54,0.0023712078057699162,-0.009459078367618348,0.00459724475171156,0.010781069025380974,3
3.55,-0.0009997678477463422,-0.0059697512121661914,-0.0018454903224447256,0.006327977545376106,3
3.56,0.009392808040807624,0.0016877232445176712,0.02047090634463527,0.0225860855221168,3
3.57,-0.003684051214220478,-0.00010235552727288913,-0.0017581835802696069,0.004083371095662546,3
3.58,-0.015510767731159046,-0.013285451769118214,-0.006620588103595326,0.021469031910102493,3
3.59,-0.005699491297250733,-0.013007940027457941,-0.006678597988292831,0.015693768696352334,3
3.6,-0.02859153685089934,-0.015300956453757729,-0.01769459317729936,0.036941763298552144,3
3.61,-0.009265952050739018,0.0015147711429006954,-0.007368358148611279,0.011935036691529923,3
3.62,-0.030455736726817305,-0.022140891268975775,-0.008594706126189606,0.03862175473943898,3
3.63,0.003915971581039495,0.0044168472979213905,0.005188921136156252,0.007859279612910686,3
3.64,-0.0011114790586455843,-0.008518488819154235,0.007243445731273498,0.011236883176475924,3
3.65,0.002735803982596394,-0.002265236337330288,-0.0030713502151493454,0.0046956481170600676,3
3.66,-0.0051267664478787615,-0.007441800750260805,0.001230009534051999,0.009120145616794532,3
3.67,-0.0007403226046636003,0.003950466190900236,0.001499903865050136,0.004289985115220571,3
3.68,0.016234656413266733,0.013412470384849468,0.009910807994496427,0.02327407454196753,3
3.69,-0.009320851535627304,-0.009162134075453802,-0.009377037011804916,0.016085763807993602,3
3.7,0.013321314303104024,0.006369861276978004,-0.00023780645886084441,0.014767840037117941,3
3.71,-0.0037342433260806086,-0.018356516195618212,0.0015544202054881334,0.018796874267643572,3
3.72,-0.015915428775199858,0.0017061949305190414,-0.0019248968079800784,0.016121947833954816,3
3.73,0.016880476316537066,-0.004867233583223433,0.003886377943882801,0.01799289795862594,3
3.74,0.01584509866489635,0.014466612928871896,0.010784505545237737,0.024013654473848147,3
3.75,-0.008839504576727887,-0.005885975553237208,0.0032184700082806767,0.011096850840193425,3
3.76,-0.011024342684681488,-0.009842498311488658,-0.007131740867445302,0.016409528708690474,3
3.77,-0.009147817036898685,-0.006469013193615431,-0.012749393432143017,0.01697285247468191,3
3.78,-0.01705999849421642,-0.01724586335013283,-0.01555974290506499,0.02881959317176149,3
3.79,-0.015546508787803228,-0.005660033093042054,-0.011055065197366577,0.01989835110308389,3
3.8,-0.0024907605366722013,-0.012252075827037884,-0.0037969252965276653,0.013066517968837043,3
3.81,0.017690057613596696,0.015005557459828376,0.007743693029724306,0.024455463086827497,3
3.82,-0.010169261988930717,-0.012540591112874498,-0.004671077367396891,0.0168077148545549,3
3.83,0.008132430150025795,0.0022772771533205033,0.002025427833397638,0.008684743478444598,3
3.84,0.0021970903722735597,-0.00166129132720441,0.00506410054255815,0.005764738440113264,3
3.85,-0.01983043431183035,-0.015204148526910315,-0.013488337176816287,0.02839625850740995,3
3.86,0.002197806535318383,0.005555691396606578,0.008577059301834519,0.010452846824105029,3
3.87,0.00274115534347109,0.0016324448982996487,0.006873915112304143,0.007578226569203901,3
3.88,0.023795200460279015,0.024120476053192366,0.015908682939785222,0.03743120520175783,3
3.89,0.02545233607971221,0.026175808523076743,0.007496519840744218,0.037271868392583556,3
3.9,0.012476877232740997,0.011203957261235215,0.004916055031937111,0.01747480245580791,3
3.91,0.022439979414706115,0.021168707365171242,0.014435051378404562,0.03405932406760106,3
3.92,0.00538201283247826,0.01996685435448295,0.0012224207188426676,0.020715589476429368,3
3.93,0.01925574643500845,0.002172390575141299,0.004470186335372912,0.01988682019462282,3
3.94,0.005235970415319584,0.012274270942700453,-0.002079389112401944,0.013505442326917631,3
3.95,0.015082421391690129,0.022916464587007433,0.0026437394498997954,0.027561443040650724,3
3.96,0.01402528121157448,0.013287063748792495,-0.0006542437160933761,0.019330871966061633,3
3.97,0.005981891647822309,0.01941969057984933,0.019913974116710864,0.028451252609057575,3
3.98,-0.013548347772890386,0.004706200465511203,-0.0178106717543699,0.022867577015037503,3
3.99,-0.01134901787332478,-0.010640585063926516,-0.010991801355120344,0.01904841080568473,3
4.0,0.001587279923100553,-0.0009724448348469496,0.004290415758977277,0.0046768337468825185,3
4.01,0.0027534480406628432,0.006172271723634375,-0.002849353098553928,0.007334659325643242,3
4.02,-0.005943443456582495,-0.009153324726951403,-0.004784822694530456,0.011916476068733866,3
4.03,-0.010825568727615325,0.014111868602173625,-0.002500371480996382,0.017960780363456278,3
4.04,-0.0034359682758306363,0.003905504868117976,0.004647938118487347,0.006975827909337749,3
4.05,-0.007259642663862635,-0.004709445243235308,-0.004907354903881538,0.009948035899546022,3
4.06,-0.00505746209285142,-0.014821835136088538,0.0032563104126192128,0.015995883130522994,3
4.07,0.024019199985468098,0.018828789508113158,0.0006241190875883179,0.030525969385397655,3
4.08,-0.0029665532574574996,-0.011561783385638442,-0.004970809385891289,0.01292997367501658,3
4.09,0.010849014331065604,0.013673648960209082,0.007850969915624978,0.01913916185361162,3
4.1,0.008217629289668075,-0.014265230295052733,0.015537076896558746,0.022636850156390585,3
4.11,-0.007231499245378193,0.006007748675694739,-0.00904652563195279,0.01304711659700319,3
4.12,-0.007153494226199623,-0.008400605843020915,-0.010067725781439232,0.014936591330833306,3
4.13,0.006843857485829079,-0.008743067505899394,0.005128148300224171,0.012230188865595846,3
4.14,-0.0164164285518787,-0.011622622703075151,-0.0070683074500852055,0.021320071648704798,3
4.15,0.027605117332332518,0.019458165732297826,0.008111704905008607,0.03473416866809043,3
4.16,-0.0005364842475734052,-0.0008900807388592415,-0.00754154671595097,0.007612817214307295,3
4.17,-0.0036640565106183754,0.008472974677449157,-0.004732181505866042,0.01037353130819781,3
4.18,0.014046945392455306,0.012879894235023504,0.009448549646436174,0.021271658157867763,3
4.19,-0.004550958896621391,0.00318303662202298,-0.004047137354849515,0.0068718461700546804,3
4.2,0.0029519881070312545,7.658708351723689e-05,0.00835536865617057,0.008861844319662427,3
4.21,-0.01333188018732748,-0.00591632424074666,-0.006815479546381685,0.016099462205243026,3
4.22,-0.006987129972896817,-0.015358894730633708,0.0004648213747925219,0.016879919772182124,3
4.23,0.0036345159875398134,0.004608983870810578,0.0033063752390357732,0.006736806068633965,3
4.24,-0.018130060027605095,-0.01875671213128418,-0.010580530911733645,0.028150683134776294,3
4.25,-0.0006190297769005405,0.010123771644056534,0.0047201430901974446,0.01118721149159304,3
4.26,-0.03454448042247252,-0.023577094918104977,-0.022848727435293714,0.0476577892673198,3
4.27,0.011499232476769438,0.013352409611089277,0.0018532320013521218,0.01771873750660396,3
4.28,-0.008202511192349894,-0.003643177212941014,-0.0061744784470762525,0.01089394851093611,3
4.29,-0.0002672193937902288,0.01426335817073728,0.0021689833988521824,0.014429805317316375,3
4.3,0.0018091454866225553,-0.011216498668758663,0.0045990816799302125,0.012257014403055147,3
4.31,-0.0067340845705834455,-0.005624233937821733,-0.007921415665317769,0.011820690696141977,3
4.32,-0.006082114095640011,-0.011938176574181185,-0.008473525837940027,0.01585284870031089,3
4.33,0.013831699465436397,-0.0067148738308893015,0.006695710213308516,0.016770151338837688,3
4.34,0.014813591747063669,0.002169280468028688,-0.0025597754236679647,0.015188835650478879,3
4.35,-0.002866046221723371,0.007370052878434277,0.004757293946475995,0.009228420562000267,3
4.36,0.013378684014157916,0.009123676238770211,0.004677419265845974,0.016855530399518485,3
4.37,0.012145670890946984,0.006743800692743697,-0.001551690290825327,0.013978694929545064,3
4.38,-0.0009688657072197395,0.0055098032869800905,-0.007571944330038615,0.009414402474774857,3
4.39,-0.014125570026613419,-0.00896443953666301,-0.004477699790832759,0.017318853893952397,3
4.4,-0.001341836209554366,0.003967380037300379,0.0011126205161904176,0.00433342280266865,3
4.41,0.0012749352476723618,0.0034752074732232663,-0.00403688598913728,0.005477132037571954,3
4.42,-0.00577290644861843,0.0003005821206364086,-0.0032810466907709883,0.006646959144057212,3
4.43,-0.013722201523023631,-0.013203039376357535,-0.012950225967953517,0.023028838790377103,3
4.44,-0.00201312448890291,0.006967512127583554,-0.0024563954611073894,0.007657204066576356,3
4.45,0.00718613882786023,-0.004666759898926884,0.012087015786226032,0.01481604501289024,3
4.46,-0.01696764144873388,-0.01256518700714365,0.005147925931727051,0.02173214030545154,3
4.47,-0.010394221630544907,0.0014994167790146123,-0.005947960356521111,0.012069230563081679,3
4.48,0.027563640989326246,0.018062035413218814,0.014994692200204066,0.036205417026126036,3
4.49,3.867212377412594e-05,-0.0034197578946941615,0.0023714158318220648,0.004161712704992571,3
4.5,-0.016468542608068484,0.006779546841796201,-0.017737055728304293,0.02513520035573315,3
4.51,-0.0047092686939769115,0.008052246313791481,-0.009018306420700443,0.012974811483319762,3
4.52,-0.005856380759743799,-0.002966403275371607,-0.016529218209787838,0.017785156693771766,3
4.53,0.009732207708475915,-0.0009512757501547444,0.007073934747203234,0.012069024204194794,3
4.54,0.01037803922145394,-0.009016052042800565,0.016342421741490247,0.02135574023295043,3
4.55,1.8049784494786857e-05,0.005681928313839998,0.006403141726542462,0.00856065763411469,3
4.56,0.030275520382881723,0.0313198126524802,0.013890980636857425,0.04572195470552733,3
4.57,0.008710440425792915,0.009263473725446449,0.0033407984827915215,0.013147039681082062,3
4.58,0.0012797449700948944,-0.01278978004452597,-0.001538328399343362,0.01294537272696558,3
4.59,-0.00939770495950644,-0.005295840122938031,0.002129040457201686,0.010995253265934977,3
4.6,-0.007404399304570104,-0.009077885161411349,-0.002038035717181608,0.011890614687634889,3
4.61,-0.013815283340292028,-0.00837744636918827,-0.005842116756705639,0.01718062832495241,3
4.62,-0.0034386692629252143,0.013140352692943629,-0.008167069805277143,0.015849111785807026,3
4.63,-0.013965984358678086,-0.0034609762960362903,-0.00267823378831663,0.014635573519799178,3
4.64,0.0041407487379477035,0.007507121177825102,0.0009634311148703693,0.008627332612254266,3
4.65,-0.01376973701314089,-0.010001571480906593,-0.0038145691220522865,0.017440986987142127,3
4.66,0.0023894409403006182,0.004988405358273417,0.007069708298633487,0.008976323938751477,3
4.67,-0.0021020573897792714,-0.007255586024668126,-0.010755201709063345,0.013142927285575468,3
4.68,9.456129450607573e-05,0.00450567955470144,-0.001731102677100211,0.004827712353355028,3
4.69,0.004083928328764982,0.0013118020196450017,-0.000805930921369595,0.004364495364100355,3
4.7,0.01876385559695939,0.0065566537268065845,0.005271224946671507,0.020563506446985225,3
4.71,-0.013400901859716183,-0.00286061725862039,-0.012731744007119364,0.018704668059521434,3
4.72,0.009145152426323678,-0.01145082648185235,-0.0002498087041187796,0.014656658705408897,3
4.73,0.006059100381675272,-0.00011562396645730527,-0.003864108069480199,0.00718730808505234,3
4.74,0.016224635281094576,0.016263807833677216,0.012250563654253156,0.02603510217191835,3
4.75,0.00669477984513589,0.014483023293300264,0.005277144108043856,0.01680554345524648,3
4.76,0.020938103879257645,0.018430296686403967,0.011270618101911494,0.030084993973850022,3
4.77,-0.007771265469907672,-0.010816581024236728,-0.015058930772978926,0.020103790390944416,3
4.78,-0.004054317151411231,-0.0032454810146657137,0.009868618421953839,0.011151693330562384,3
4.79,0.0007816325791989561,0.002877339149610578,-0.0020994350075896743,0.003646595319176504,3
4.8,0.0057068188016595085,0.016479048367772732,0.013035855069352231,0.021772926613836827,3
4.81,0.005611176827440552,0.011292607728886335,0.00701982189948855,0.014432123690152057,3
4.82,-0.005788112588059304,0.0033717573194484004,-0.003994633299026242,0.007799236497696023,3
4.83,-0.011014065967689527,-0.00718649189836425,0.007302896938033297,0.015042859390202641,3
4.84,-0.009274628488421461,-0.015060130461227807,-0.0007693012238865543,0.017703617920654356,3
4.85,-0.02409486568141237,-0.028114736664407433,-0.01221275165849451,0.038989130190174026,3
4.86,-0.008919532740429281,-0.008653800429896257,-0.0063603941538766025,0.01396069267553477,3
4.87,-0.007594421771191497,0.00027935008457777213,0.0027742327440381568,0.008090095538780397,3
4.88,-0.0024684527072816407,-0.00574300549459903,-0.0043298640761384784,0.007604149774755573,3
4.89,-0.005990489616101819,0.00038405449340386116,-0.004967111809758692,0.007791383922331877,3
4.9,0.013950048152766618,0.003407550293669896,0.002695826230883412,0.014611047927356758,3
4.91,0.00321968994632552,-0.00286958413402038,-0.0030850016514458716,0.0053026551502162456,3
4.92,0.003895338175406486,0.013990815963975573,-0.0024138969356432447,0.014722210746165833,3
4.93,0.0014057591801053585,0.007119009178488693,0.011267331951298613,0.013401836435974413,3
4.94,0.005682969479362222,0.0015261688602422065,0.00860279397408375,0.010422734653336773,3
4.95,-0.0011086355995578957,-0.0074204536185043255,0.0009130848080317367,0.0075581696635918,3
4.96,0.0048955933186527805,0.011018234636619662,-0.0010819681211797993,0.01210532872186841,3
4.97,0.028615830122486068,0.027042762933668252,0.009568886902540721,0.04051839529447308,3
4.98,0.006118608769793439,0.009396604623486762,0.0005536370791036529,0.011226756688522488,3
4.99,-0.008190664704505638,-0.007156093020216503,0.007047925294469497,0.012960320465638523,3
5.0,0.01634805563340149,0.002686909347703296,0.00910211806131656,0.018903093874752638,3
5.01,0.01802976691754641,0.012502149302673442,0.01259862807027486,0.025300230464177724,3
5.02,0.008306286232800095,0.01707519934071427,0.004936838970848282,0.019619612700826173,3
5.03,-0.017691541530787377,-0.01965639007075574,-0.01327500918932324,0.029590373119071953,3
5.04,0.018287586170303807,0.013180937736913525,0.008844788331653577,0.024215763630173495,3
5.05,0.0033737410411595233,0.015447955364432827,-0.004936812576683196,0.016564829367416087,3
5.06,-0.005392021092263563,-0.0062082781148238946,0.0047456011673089795,0.00949406862465091,3
5.07,0.010440623294271688,0.006288579952006151,0.00020654554619508637,0.012189975949455983,3
5.08,-0.029946540372176988,-0.03176579830942359,-0.016907289647597943,0.04681578436516019,3
5.09,-0.005680771422726773,0.0010090651004851566,0.002322722464463207,0.006219679733009435,3
5.1,-0.014309961359602795,-0.015941756625070108,-0.010629384946870142,0.023914397812929377,3
5.11,0.009928137628220214,-0.0054871314657857105,0.003153331016933011,0.011773700564820286,3
5.12,-0.004567172486361088,-0.01082548962439861,-0.017881374374182975,0.02139611739633673,3
5.13,-0.016749337235199155,-0.010056966486464735,-0.009472794359540697,0.0217121326844336,3
5.14,0.008915337947937104,-0.006400104196825405,0.007577651897295725,0.013336618489434984,3
5.15,-0.03223357403619555,-0.03365002450624378,-0.018263516220705257,0.050048810866609714,3
5.16,0.005610998224208084,0.008401971977761262,0.00588062692425463,0.01169009012837028,3
5.17,-0.01336235053757403,-0.009932720216763322,-0.00611000466441998,0.017735374250145885,3
5.18,-0.001618242113301028,-0.008444684501615823,0.005798798796042989,0.010370991820750852,3
5.19,0.0028549612866049954,-0.0005716654772781131,-0.0031251506685530386,0.004271319710239725,3
5.2,0.0180064042932704,0.026509847646410963,0.006653582334070167,0.03273030362958581,3
5.21,0.0342879949734793,0.03425545034491682,0.006611666434131063,0.048916424753559194,3
5.22,-0.0133879116539266,-0.010231006261139309,-0.006577012672033538,0.018087751746883998,3
5.23,0.012789905501839059,0.015482392065314241,0.003226131325012291,0.02033947074376086,3
5.24,0.03272271177193299,0.02387392294802511,0.02048592468187501,0.04539177428465093,3
5.25,-0.0022380814493875457,-0.015760211202676615,-0.004755548068842293,0.016613503638972,3
5.26,-0.005018655111805861,-0.019138306678494896,-0.004800767817110417,0.020359495408412767,3
5.27,0.0031840087743425912,-0.005045856127933875,-0.0026182770971704314,0.006515669642981116,3
5.28,0.008021127276933538,-0.006991236324161061,0.0037724945306202534,0.011289268493423125,3
5.29,0.0038463032953541688,0.004864946964195354,0.013661925186741523,0.015003664812718536,3
5.3,-0.010138176634279135,-0.011496239918418177,-0.025548476171957622,0.029793804598250984,3
5.31,-0.016775538515676806,-0.008340244600976727,-0.007835926461481044,0.020307144457180983,3
5.32,0.007921998465439279,0.009070967016544935,0.010611237758002793,0.01605113295249069,3
5.33,-0.017248531778338405,-0.006553752583611674,-0.010849131640419615,0.02140484007851263,3
5.34,-0.030378958749345132,-0.028710238587071054,-0.010508551154281707,0.04309975152809018,3
5.35,-0.02365204558185116,-0.012431058239789801,-0.0035791674148675885,0.026958503455322975,3
5.36,-0.011443098792040378,-0.015653868164529645,-0.006806441382981033,0.020550322206155977,3
5.37,0.015433289711500058,0.016494022250267512,0.003029558528685322,0.022790731146458274,3
5.38,-0.01448173487507708,-0.000355981135223107,-0.0009043018674166703,0.014514307748841201,3
5.39,0.020315136404600823,0.020005824073538275,0.012114038479160965,0.03097882651543621,3
5.4,0.01983947321185985,0.012471010904662834,0.008553546693071047,0.02494582071888737,3
5.41,0.008625614893693965,0.010572076454036206,0.007549013226768293,0.015593512546640174,3
5.42,-0.02338592265088529,-0.028636305349540262,-0.004761674876822419,0.03727751212108796,3
5.43,-0.006314770753895485,-0.018489984576838727,-0.0031597666816060442,0.019792422408795127,3
5.44,0.00033606252735118164,0.003969612430645154,0.0019839748468334167,0.004450496271730813,3
5.45,0.02810165168660119,0.030133031707403477,0.015780549579966503,0.0441217426269659,3
5.46,-0.000702328106260061,-0.010343219360554221,-0.003087254152241957,0.0108169584315519,3
5.47,-0.004854640024191794,-0.00327677117772001,0.00494324440326121,0.007664230186130552,3
5.48,0.004611175756685617,0.006738731443118512,-0.004110411240789821,0.009141604010781183,3
5.49,-0.016824240814788668,-0.01669338331936615,-0.008358409081194926,0.02513139725542324,3
5.5,-0.0024742487153838473,-0.004447035960968193,0.0034916175535164725,0.006171663364421886,3
5.51,-0.013851986986049464,-0.00479044461147302,-0.012571969332856116,0.019310109164464847,3
5.52,0.02624266332587527,0.019235355716041014,0.017037172967368924,0.03672793964651321,3
5.53,-0.018270866662526905,-0.011889148882511654,-0.007080126197636554,0.022919524792735662,3
5.54,0.015245022821297553,0.0028131287406621876,0.014811332468772705,0.02144061528114208,3
5.55,-0.02160317664737086,-0.015371418455761066,-0.006044719729548603,0.027194050511249988,3
5.56,-0.00412644166825425,-0.0060718157780477264,-0.002833551653201401,0.007869147517705753,3
5.57,-3.865299045794409e-05,-0.0027821123694970655,0.0013722355023935624,0.0031023658011603387,3
5.58,-0.0026093045688507428,-0.006157745776878096,0.0004309501013304918,0.006701643184736274,3
5.59,-0.0012608846797243912,-0.0011008607140584761,0.011572274225458059,0.011692700938471056,3
5.6,0.010378758788537732,0.0003189088655486507,0.005178584977607241,0.011603364995787822,3
5.61,0.007313291201793124,0.0052160220606680425,0.00246301707505453,0.00931437423832705,3
5.62,0.0023049720840160213,-0.0013067721701108493,-0.00013557679063124308,0.002653098354533289,3
5.63,-0.001996991957000497,-0.008854644053359824,0.00023448938830252148,0.009080070674904003,3
5.64,0.005324682526049981,-0.011861451067079495,-0.004409767573176123,0.01372925036079461,3
5.65,0.0057952560583614384,0.011636406823841625,0.00031128013744518256,0.013003378479298786,3
5.66,0.005528533437926713,0.009840451705399255,-0.00358497062946242,0.011842769361710843,3
5.67,0.00813869445833306,-0.0007417467648257424,-0.0016263743027344572,0.008332684388708461,3
5.68,-0.010956338312946456,-0.002216092365092264,-0.0001057512534658649,0.011178711818719017,3
5.69,-0.00813169356295542,-0.013890483891265907,-0.003501635179613717,0.016472141083248307,3
5.7,0.012080521116011272,0.0059993319433328095,0.0009850948348339144,0.013524103890251068,3
5.71,-0.027177631440705296,-0.02326658027069558,-0.013131620925471923,0.03811032506224298,3
5.72,0.011934044631373545,0.006133103931936343,0.0038940038326395906,0.013971386865739585,3
5.73,-0.011196169767129732,-0.0026678792789385473,-0.004722122900845467,0.012440668872374536,3
5.74,0.013853225221254494,0.0064822648506095175,-0.0028086746682260844,0.015550571051128127,3
5.75,0.0073487486671871705,0.002427008398108024,-0.003240630147835794,0.0083902419806007,3
5.76,-0.011877091626930663,-0.0023681464135969013,-0.013993455045404557,0.018506490943949818,3
5.77,-0.010564718514813987,-0.006901639146733889,-0.010151687914280436,0.016195760794662614,3
5.78,0.011952223885875196,0.003632252764439875,0.00104216870659789,0.012535351274530707,3
5.79,0.009411783392480886,0.008513382251849227,-0.0019719749946257885,0.012843209465414392,3
5.8,0.007585991743944485,0.013251490209710795,0.008000193221962515,0.017238107642835683,3
5.81,0.011758083060611067,0.016677990382987538,0.0163308301036022,0.026136256280270394,3
5.82,-0.01274635631670951,-0.019519477266123623,-0.0007823705780156528,0.023325773209404696,3
5.83,0.005018715662894549,-0.006683251349909636,-0.0011339727327940446,0.008434408673390948,3
5.84,-0.004647288178802904,0.004739571899574305,-0.0008301558693545377,0.006689543181376393,3
5.85,-0.007095754643658433,-0.007267183842987586,-0.003591567432628018,0.010773163490539547,3
5.86,0.00938274848750369,-0.01103212357475998,0.0005693157173748136,0.014493717264200297,3
5.87,0.002996019251838268,-0.0037419998211450853,0.009296510799958649,0.010459627482495884,3
5.88,0.005861411534795117,0.0005906523637206462,0.014680913743247936,0.015818794003705977,3
5.89,0.00110715943711189,-0.001725543732106032,-0.008321834132761849,0.008570660798549694,3
5.9,-0.009276778567640243,-0.0003743175292483768,0.004467053159193824,0.01030307226669771,3
5.91,0.02433494552244289,0.009601119294354647,0.007404838336871054,0.027188282330443157,3
5.92,0.0037145745196442963,0.010084461263199644,9.764979781439072e-05,0.010747276785957362,3
5.93,-0.01774143736734886,-0.010137946359815424,-0.0062875813524285225,0.021379201002784554,3
5.94,-0.0004956168783218145,-0.010639257705713695,0.009062918053461957,0.013984846236638869,3
5.95,0.013552573769095706,0.006931012141481112,0.007786153975757689,0.017097817954532878,3
5.96,0.00516085489160827,0.007569935097946233,0.004797129225211716,0.010341701475228126,3
5.97,-0.013689023101872064,-0.009265818667554757,-0.0010398590271970768,0.01656279130642044,3
5.98,-0.013910311697639666,-0.006705431786836507,-0.00019279407126188922,0.01544334019981824,3
5.99,-0.019315481466357427,-0.018220165550607,-0.005625159681505379,0.027142304220739204,3
6.0,-0.015953384562638274,-0.006729224577366944,-0.0010749722737789964,0.017347867529049734,3
6.01,-0.013615941945538165,-0.012718854995574224,-0.009714518214329502,0.02101273451027373,3
6.02,-0.02147815614594713,0.005334615972917215,-0.020072055955049562,0.0298773618191237,3
6.03,-0.007044364536813949,-0.015486670859648454,0.007780024731740474,0.01870798842390865,3
6.04,0.004693947978940673,0.02486937094082885,-0.004113834482385728,0.025640639476620108,3
6.05,-0.002165298436401479,-0.00912489485490925,-0.0041774582145066245,0.010266614854263351,3
6.06,0.0074179480098004675,0.01536236057129401,0.0013489127134425983,0.017112791721605177,3
6.07,0.02588623863561088,0.0247398928346997,0.008625474505862547,0.036831487325704126,3
6.08,0.029538584176794155,0.013400487454391399,0.008935479528580655,0.033644372688319504,3
6.09,0.007168238359377783,0.009813538611860649,0.0060072156041357195,0.013556394084634254,3
6.1,0.018364817412233322,0.008888894267788845,0.01110953933490607,0.023231461945439912,3
6.11,0.004983440455365637,0.005687204954713218,0.005962169974247809,0.009629457397533443,3
6.12,-0.0002623495191028105,0.0009992936814140715,0.0032251418985304176,0.0033865846213469923,3
6.13,-0.009658583161950183,-0.009555487073918961,-0.006846451949311673,0.015214120619029334,3
6.14,0.0026274359919434423,-0.00162023463679023,-0.001327609489810465,0.0033602272434240803,3
6.15,0.012315444348428357,0.011347790101706284,0.012257109782796254,0.020752813060381445,3
6.16,-0.01821834631007,-0.01998342039987364,-0.0113265668945693,0.02931785037769448,3
6.17,-0.008359137901539155,-0.012780156221807795,-0.0070091193061693246,0.016802837050893416,3
6.18,-0.010524572462704534,0.00027260849469318196,0.0008409279489854076,0.01056163343093682,3
6.19,-0.004592275483862516,0.00021249683467609816,-0.0021780269968343625,0.005087037509530609,3
6.2,-0.00483756552367207,-0.013839633439860735,-0.005207303716955157,0.015558068837299412,3
6.21,-0.001325757796581956,-0.008954269054920447,-0.003570290492118906,0.009730546862392598,3
6.22,0.01584561341385173,-0.0060001573997896344,0.013873947218724514,0.021899127030807458,3
6.23,-0.015943409297081445,-0.003882867950953793,-0.0036583918648592268,0.016812281064022078,3
6.24,-0.01473216868663507,-0.004803909612181495,-0.0052102617729445945,0.016348124342446396,3
6.25,0.0015092428458418276,-0.007653586717205469,-0.0063188762271619205,0.010039093603493334,3
6.26,0.018260575559768333,0.01797961030945045,0.009661987303535022,0.02738738770506193,3
6.27,-0.014501374844603346,0.0057330473115845965,-0.00780238781551114,0.017436598277307383,3
6.28,0.008993464843061703,-0.006019283794731099,-0.001427614493768211,0.010915689187024168,3
6.29,0.0041600917059504494,-0.0020087419228145887,-0.0017375253394137224,0.004935625737380757,3
6.3,0.01784846527846872,4.3940131624412015e-06,0.012208750920025782,0.02162455389438787,3
6.31,0.015534271142717585,0.018462340893324786,0.014444958463612118,0.028121672002430445,3
6.32,0.008322644589643486,0.005057390029876676,-0.0025992608401985357,0.010079670817799933,3
6.33,0.012701556452525568,0.0057062502491121506,0.0001280885626946688,0.013925057806058816,3
6.34,-0.002498037164373101,7.071842777890561e-05,0.0030406932200318353,0.003935861535796743,3
6.35,0.013111870374322526,0.004722837984028983,0.00344518397619567,0.014356031344569399,3
6.36,0.017968088955275827,0.009364603921985667,0.011402152156801224,0.02324988389491916,3
6.37,0.0002435061475494798,0.0023685540280469373,-0.0024262803582311204,0.0033994381601096814,3
6.38,-0.008063625447652618,-0.010525160410150614,-0.00016666434440272375,0.013260046531710508,3
6.39,-0.006860451268714781,-0.008554199931690466,-0.01132959090504261,0.015767046589560383,3
6.4,0.0028264163227614833,0.0007263306335276536,0.004567865032477787,0.005420477504215521,3
6.41,-0.008139536077710865,-0.004966953645695927,-0.01625821504002391,0.01884813604488541,3
6.42,-0.022394792139760478,-0.01086319973493561,-0.004525703561390608,0.025298573402264532,3
6.43,0.0037190430087999868,0.007269152891766824,0.0014694540140405459,0.008296454650304907,3
6.44,-0.018576576269919008,-0.025000315700308463,-0.00571206462422115,0.03166595416687276,3
6.45,-0.0002097548654191551,0.011116782083986075,0.001328334829579185,0.011197826325938172,3
6.46,-0.02578701527713352,-0.017577975615601,-0.021839238268508983,0.0380907825043604,3
6.47,9.769848784722725e-05,-0.002584898397587359,0.008244929534509523,0.008641186709555855,3
6.48,0.0002691358475342936,-0.0070399305222281555,0.0021280270923478726,0.007359453455793721,3
6.49,-0.02031643896306808,0.0016918295568088201,-0.004604425958696134,0.02090025640508933,3
6.5,0.009212650510687488,0.025327760816184226,-0.0006496073549991663,0.026959050189307047,3
6.51,-0.006494145064525725,0.010383543799519012,-0.0014777125026730336,0.012335944884612194,3
6.52,0.008692246228025844,0.007055897897132569,-0.003947876938229823,0.01187124980542471,3
6.53,0.0030591828899752755,0.004894270043720982,0.002271992461388943,0.006202775907590911,3
6.54,-0.010096768554310149,0.004860552188193053,-0.010180936755260266,0.015140052048393492,3
6.55,-0.005836727295884705,-0.006011716049020431,0.027416884108305863,0.028668687615390594,3
6.56,-0.0063836862016211915,-0.00013815972157161724,0.0007582955022122266,0.006430050520649805,3
6.57,0.015060206344862388,0.0123598982900583,0.014762252744007673,0.024443833720764453,3
6.58,0.011099878379908192,0.023120057403060196,0.0034974240579403347,0.025883900969726564,3
6.59,0.02511535359651853,0.029071369825684902,0.013695933768359616,0.04078607766882214,3
6.6,-0.009550178564490131,-0.007788898123081511,0.0011344776414523574,0.012375778121166555,3
6.61,-0.011846510899050216,0.003907847192406706,-0.011767473678735381,0.01714889287797456,3
6.62,-0.005174007891458783,-0.00365254730464978,-0.0063637866353940245,0.008978264855438478,3
6.63,-0.011974432214790616,-0.012748325030703231,0.0004465266603534482,0.01749589106085987,3
6.64,-0.014989518638517121,-0.012775355606944858,-0.008053594951607842,0.02127805845332024,3
6.65,-0.006978437025954575,-0.003705615701056527,-0.0076262689989929425,0.01098135464749824,3
6.66,0.0018036914250736487,-0.005017816888335827,-0.002974177345294992,0.0061055319148308786,3
6.67,-0.030449880797481566,-0.025455866723149232,-0.021037287261829837,0.04491952633926944,3
6.68,-0.010017360244178453,-0.018559219270560087,-0.016263881841702552,0.026632798928299627,3
6.69,-0.01777329994427721,-0.01902117064390417,-0.01817476941131689,0.03174928923186007,3
6.7,-0.0004976630878855111,0.0015280110290481353,5.02726342786133e-05,0.001607797745891502,3
6.71,0.008717595473286124,0.014439422934328861,0.007952615972779083,0.01864772120991683,3
6.72,0.01881843129161219,0.020485158331499935,0.0235819031845231,0.036467536603779126,3
6.73,0.0016560085401588348,0.004597924729717412,0.0004968929750471382,0.004912247829036838,3
6.74,0.00902043423554208,-0.005919889305241782,-0.0036205658370873015,0.011380765359356958,3
6.75,-0.012190123273798491,-0.015421106752137152,-0.005656330084407566,0.02045491894178483,3
6.76,-0.0027344855267178256,-0.0034936818560268547,0.0029870673448499224,0.0053484385880020425,3
6.77,0.009051152542780426,0.01403847162362037,0.01025410128401722,0.019599710228030375,3
6.78,-0.011305809444903817,-0.012368900801512043,0.0005110992492249021,0.01676520971192069,3
6.79,0.01787394381625415,0.002753714550124721,0.011479923766000608,0.02142077171913664,3
6.8,0.0070914202330837825,0.01655029959715777,0.0037629023088769004,0.018394566900691675,3
6.81,-0.012332572004730131,-0.014512264359726202,-0.0011287883668866776,0.019078058398999922,3
6.82,-0.021429424254982336,-0.024023561036577604,-0.016752166379597123,0.03629031258046559,3
6.83,-0.014142646739676691,-0.008081170045001147,-0.018413209750282003,0.024583857699868664,3
6.84,-0.017719419514260676,-0.012804190789764603,0.004585777108695208,0.02233728903411709,3
6.85,-0.022380978969299276,-0.019667695334160858,-0.010353560760522365,0.03154239495985392,3
6.86,-0.024871553464087308,-0.017407144255930696,-0.007988810092035023,0.03139146268574204,3
6.87,-0.010313428966599435,-0.014626924129927124,-0.021451516313603928,0.027937095029808522,3
6.88,0.002297613482239692,-0.0024843170612273823,0.010303320578105742,0.01084478095259154,3
6.89,-0.013432177290166051,-0.00969155986141678,0.0008907130756278178,0.016587437688955212,3
6.9,0.002430771465920164,-0.014585309368986112,-0.008299784931931342,0.01695660134652225,3
6.91,-0.004611356286380333,0.004412574910978921,-0.003978951002738635,0.0075211352352643444,3
6.92,0.00895427817500263,-0.0047152387019376695,0.005626792301364924,0.011579005365500045,3
6.93,-0.005677832863899008,-0.011485332846642589,-0.010137726941435783,0.016337813934784902,3
6.94,0.008977441332249203,0.014285436758934268,0.0069723918916204195,0.018256023799223666,3
6.95,0.008433910689638675,0.010458229476999259,0.01006901385880858,0.01678959360446991,3
6.96,0.024154586399481433,0.017606795422292966,0.01281478282060226,0.03252171502107004,3
6.97,0.014687050408970559,-0.00338459137875694,-0.002788177063207016,0.01532771476289247,3
6.98,0.010576201633756126,0.0025578947857190296,-0.0014610596934412452,0.010978777808138435,3
6.99,-0.01122682565194401,-0.009588032747781881,-0.0057948551291873525,0.015860401387100983,3
7.0,-0.0015082834477097504,-0.002203938925573251,-0.002176154347886676,0.0034449838159443177,3
7.01,-0.006819698196953064,0.004357561245642406,-0.004444410523750434,0.009233060619895933,3
7.02,-0.009318979716942876,0.009431061099828903,-0.00578145260732842,0.014464214139879266,3
7.03,-0.001548849142574714,0.0038346339656289826,-0.011521056147048722,0.012240836820261065,3
7.04,-0.0009854720299222368,-0.004964962985274904,0.004390465901606158,0.0067006121660692555,3
7.05,-0.0023392034549510957,0.008077864161108658,0.0027108913186917817,0.008835875392440597,3
7.06,0.008082120697648399,0.0009409277550923231,0.006771196591589774,0.010585609254720142,3
7.07,-0.002031804112174453,-0.022411816518025415,0.0016639805135581433,0.022565162945066164,3
7.08,-0.02270649322004533,-0.02589081181168776,-0.011922583744222325,0.036442653220617585,3
7.09,-0.005027090750487509,-0.02249434217242956,-0.005904617086393867,0.02379351958246015,3
7.1,0.0006801061852808781,-0.002594562327146129,-0.005799631653971482,0.006389837667300417,3
7.11,0.010457358133027516,0.005893880717660674,0.01396336623067072,0.018413847113741454,3
7.12,-0.0045118754058662055,-0.015899682383563027,-0.0021533957144811676,0.01666715430658127,3
7.13,-0.0021499830341671845,-0.008337907614856388,-0.010930969436233881,0.013915071802077275,3
7.14,0.014809672321148633,-0.0010440834952099194,0.006489069137117596,0.01620260852057649,3
7.15,0.006132707343652834,0.0032768712040542654,-0.009745837191400715,0.011972022670047983,3
7.16,-0.01339098565967875,-0.01620157509447573,-0.0045378871073174405,0.021503533474255248,3
7.17,-0.014638285171550471,-0.0021672833143284113,-0.005729352295657969,0.015868269831836174,3
7.18,0.029949248762750146,0.022321950664206166,0.010225640254394833,0.03872713133606265,3
7.19,-0.0126044479165805,0.004015184981784863,-0.011308939451095124,0.01740361827977955,3
7.2,0.00540249371958009,0.00014362545287971039,0.005805678815347149,0.00793180138227048,3
7.21,0.016848709009063618,0.02894902659671974,0.007083819466057916,0.0342360283093321,3
7.22,-0.01659342560999274,-0.011595238322331685,-0.019117222523745866,0.02784348258117954,3
7.23,-0.01044137157481748,-0.011536679318658302,0.002524718809274239,0.015763610472568388,3
7.24,-0.014675735333219626,0.008996872064065945,-0.01224305973116592,0.021123764486681292,3
7.25,0.019623120183043206,-0.0008918643622688946,0.0009213270670223924,0.01966497168376479,3
7.26,0.02011483527278088,0.00965895573292399,0.017203721981244022,0.028175700060684095,3
7.27,-0.01468983132563879,-0.023603273643383747,-0.00025292785640870525,0.027802331620939997,3
7.28,-0.00022124674433256653,-0.014861075706453624,-0.00262261358574997,0.015092336575062993,3
7.29,-0.004186587921264007,-0.019467698982685456,-0.009398879842362295,0.02201948601566554,3
7.3,-0.011315659728850184,-0.0029869046336034105,-0.010550373724320767,0.015756780766140063,3
7.31,-0.026879812136978397,-0.02944828766209046,-0.014720908665299253,0.042502130519311176,3
7.32,0.021521065738914484,0.013026541023642639,0.016981678116889238,0.0303516792491776,3
7.33,-0.02626573951121857,-0.011250688536701612,-0.004049623486241289,0.02885942679613326,3
7.34,0.00013280926290033194,0.0037997278010418415,0.0010556389455757041,0.003945876739805563,3
7.35,-0.007925024872891871,-0.0022361581176138395,0.00033444951195349794,0.008241254688393691,3
7.36,0.014214076589068265,0.019660424481960585,0.005140145260314604,0.0247990596069268,3
7.37,0.014366574351418138,0.02293204161747018,0.001228015009197842,0.027088466405520727,3
7.38,-0.0057777190139555465,-0.014058285016784475,-0.01160356454040649,0.019122241622277165,3
7.39,-0.00224917994749136,0.0022911959104317176,0.0009253758098720743,0.0033413634231661575,3
7.4,-0.01069719337107147,-0.009665767934844059,0.0005885041339650345,0.014429253373062964,3
7.41,0.010267468461353044,0.0060138263072398255,0.0015564572925743673,0.012000398941790943,3
7.42,0.015836495800811562,-0.0010062535756495856,0.014251557810734557,0.021328714108926936,3
7.43,0.0007840675487893536,-0.0037067394030481423,-0.0019567863204531404,0.004264234002383873,3
7.44,0.001426432150818988,-0.002383458376680166,0.0011443820681260519,0.0030041958711284782,3
7.45,0.0251810576005515,0.02906877160114612,0.01000505113438997,0.039738900242503566,3
7.46,0.011257363959447186,-0.001362273033655298,0.012484591375788464,0.01686561747918221,3
7.47,0.013929461432927313,-0.00933301654623468,0.009224277975566611,0.019136938047509666,3
7.48,-0.03123081449349935,-0.021910373602465467,-0.014404074269692866,0.04077873956970486,3
7.49,0.000511599870629393,-0.009696004843429298,0.0006898395785028508,0.009733967484818376,3
7.5,-0.004271040163737609,-0.0041063400818877015,-0.009055345131560026,0.010821418040166692,3
7.51,-0.022947602828346857,-0.010777276309082295,-0.023727077806124756,0.034723426982769964,3
7.52,-0.020438204155569892,-0.015105267597729528,-0.012386112682543264,0.02827198411304787,3
7.53,-0.00987270283935724,-0.010360851795942774,-0.005606787339536475,0.015370542461557096,3
7.54,-0.022101877406351986,-0.016723801401492294,-0.006758238955924879,0.02852809688688239,3
7.55,-0.013837817711708233,-0.0029072785658014483,-0.007205683936704619,0.015870077147806107,3
7.56,-0.007699842621806227,-0.014627224931261614,-0.006280199118872688,0.017682878344969587,3
7.57,0.006991064855942809,0.010721600710187856,-0.01453940528096493,0.019370648299240022,3
7.58,-0.006112186860062242,-0.01231405858023513,0.0004126386391674979,0.013753731769098667,3
7.59,-0.0009306721885241169,0.004165093476272476,0.0008473219007488018,0.004351104318683749,3
7.6,0.0184317586907035,0.0005575101723856359,0.013177335111270977,0.022664569412617845,3
7.61,-0.013830395271042918,-0.00534119376846761,-0.006060103647772152,0.01601664885197103,3
7.62,0.010668235283136611,0.006652793100755778,0.011681881061564748,0.0171620874381402,3
7.63,0.01256371787544732,0.0095670366271828,0.002350475869666205,0.015965585911377474,3
7.64,0.012196967769575514,0.016209425038736843,0.005245287103483813,0.020952911961263674,3
7.65,-0.00010604876260460281,-0.006642988371534647,0.001395325312408341,0.006788775557627601,3
7.66,-0.008636754786876918,-0.006246137846529576,7.277907704334417e-05,0.010658943101478016,3
7.67,0.02026814990240169,0.01661411025737268,0.011619136713096629,0.02866759316838426,3
7.68,-0.01051809589182905,-0.009754757418630529,-0.0018676106348469736,0.01446629195645629,3
7.69,-0.015898971257339703,-0.005394964899716933,-0.00554171617243434,0.017680315366155434,3
7.7,-0.004302463990589356,-0.00037315582601747926,-0.0030923303325120196,0.005311586255176769,3
7.71,-0.015092579173661344,-0.015204234309361013,-0.001384082067192316,0.02146789161086645,3
7.72,0.0052177113206489135,0.013738252530284711,-0.00769789757721636,0.016589807748157166,3
7.73,-0.01113777550761818,-0.0033012738614411436,-0.008786930704418923,0.014565665229250395,3
7.74,0.006297492867776993,-0.0023322939249268045,0.01238492285171477,0.014088446522412585,3
7.75,-0.0017513375972918587,-0.008046699981868197,-0.004823616057377208,0.009543785194925172,3
7.76,-0.010479418865105991,-0.009091694278534164,-0.005184654153975175,0.014810731356047284,3
7.77,0.009339531338005401,0.010117497662199746,0.01252960460568367,0.01861670207456121,3
7.78,-0.009716715136304193,-0.024509224553429673,-0.0051291080068742514,0.026859344560072655,3
7.79,-0.0034703147843628554,-0.008833295136605395,-0.006564935627135855,0.011539868606764184,3
7.8,0.008968983787675702,0.0016584648146130325,0.011226205931267191,0.014464469410805144,3
7.81,0.007371853787544058,-0.006340935866628836,0.0015812904803694503,0.009851506256047077,3
7.82,-0.0017794304516445128,-0.00941973919230562,-0.0021270127932303696,0.00981947262361192,3
7.83,-0.010995035653777897,-0.0065981149445479385,-0.0168299520508104,0.021158289531100834,3
7.84,0.007744689787742423,0.0015099848730093521,0.002721065078861192,0.008346524389737127,3
7.85,-0.0008820337913303701,-0.003900034278875642,0.0037009071798749563,0.0054483910413537385,3
7.86,0.007432069354171072,-0.005826669813481942,0.0007593175612572683,0.00947429676331622,3
7.87,0.0006783226478766433,-0.0012333077968183352,-0.007382855972682819,0.007515832092968392,3
7.88,-0.004696161348987477,-0.015319826118205548,-0.004996039141576944,0.01678426080624183,3
7.89,-0.0014390191326831105,0.010664923949847244,-0.004338802597278121,0.011603300689821011,3
7.9,-0.001383648129452162,0.012978068365631909,-0.002144454773242475,0.013226618121184062,3
7.91,0.005597288206186622,0.00013277616758429651,-0.0005868265832553454,0.005629531971008723,3
7.92,0.0003196884713314932,-0.008755739042928142,0.010131349408949485,0.013394379707652743,3
7.93,0.01874827094714613,0.01996060908191119,0.010250836216830312,0.029240438122106843,3
7.94,-0.005791160357846835,0.0006850980198622753,-0.013047305442148783,0.014291223771526395,3
7.95,-0.016054170294889876,0.0037600422906050885,-0.006795412726749754,0.017834010654121966,3
7.96,-0.009812007541431491,0.0102602163786799,-0.004655125657484412,0.014940472784266549,3
7.97,-0.0001942201838411716,-0.01635041468150148,0.007079450129234948,0.01781831630287203,3
7.98,0.006403529657487059,0.013751746446821964,0.0019455136180688841,0.015293813966767359,3
7.99,0.012298060249741564,0.006828578590373985,0.004425686451726122,0.014746473206844395,3
8.0,-0.013854611203720639,-0.0053055208095505145,0.004943410246215922,0.01563765031995624,3
8.01,0.016001658965499554,0.0174239479851626,0.0007878420343823585,0.02366997566768804,3
8.02,0.0023135917840053505,0.0075068315793404596,0.005827221798038517,0.009780682040999774,3
8.03,-0.006259892020031129,0.0036210328103112623,-0.0024336087329928837,0.007630241030341002,3
8.04,0.004017748410350767,-0.001669732778777595,-0.0011971585566040801,0.004512593317711095,3
8.05,0.022062660497162625,0.007820816506260365,0.006039509713368942,0.024174404576235844,3
8.06,0.013474740323240352,0.01892762325014167,0.014213745190290639,0.02723699875192884,3
8.07,-0.006757081999415085,-0.011703781260220862,-0.0002488497116574493,0.013516603830582162,3
8.08,-0.007504533210544431,0.009638016433847823,0.0002296501276690976,0.012217287696883601,3
8.09,-0.009243915402999875,-0.01258574317004547,0.0011788777167449794,0.015660161422897355,3
8.1,-0.005094973834909132,-0.006613168593936798,-0.00024131391185313678,0.008351705791890334,3
8.11,0.0024512152586806564,0.00019256835289051667,-0.005262887605780706,0.005808917693168325,3
8.12,-0.014278590976460842,-0.02232349666088151,-0.015855665229471176,0.030880718633323905,3
8.13,-0.008127995905606079,-0.017995001999065625,0.0055802610765023405,0.020518862738218513,3
8.14,0.01185728318833105,0.015596374144035103,0.006583866118296237,0.020668559313910925,3
8.15,0.012874079716461088,-0.004748454616249396,0.006268916841053488,0.01508605542043443,3
8.16,0.011028905380933342,0.02787753639636088,0.015790481342071155,0.03388411265543637,3
8.17,-0.029532561210499655,-0.021425800729677535,-0.01967580540610069,0.04145328005041942,3
8.18,0.012328351965650571,0.00039509235522187935,-0.00959315851342226,0.015626037579046105,3
8.19,-0.005783634636937156,-0.000686798318958356,-0.013471974148722301,0.01467706404593048,3
8.2,-0.004512548978346237,-0.02285404481049422,-0.005216015826594167,0.023872102621791243,3
8.21,0.008780443451232538,0.0034777672978698587,0.00465424162728418,0.010528675971059717,3
8.22,0.007048840595233317,0.003291457528730232,0.011521838112573766,0.01390225161233969,3
8.23,-0.02152907973959684,-0.025199993890044264,-0.00462878469651464,0.03346590226273416,3
8.24,-0.0042400787665327865,-0.008022303622932396,-0.01727864148362979,0.01951632841711598,3
8.25,0.0006766159324579236,0.012681816045328967,0.017108634383482535,0.02130707952290271,3
8.26,-0.009348806848472401,-0.005078162950514388,-0.006670170080986757,0.012557033779970186,3
8.27,0.019583789871958336,0.016904391608666816,0.016179529874309782,0.030513283473953857,3
8.28,0.025264998757023472,0.011390890346801989,0.014645319481914103,0.03134578006387139,3
8.29,0.007596353858839752,-0.005269747258085149,0.003450438042727062,0.009868148296387914,3
8.3,0.010399275283044452,0.005351011365308993,0.003257366965894895,0.012140374318558246,3
8.31,0.005215883174867192,-0.016009860748140047,-0.004327054544647022,0.017385179881181802,3
8.32,0.004638184538913344,-0.005527777540599039,-0.00564000529090848,0.009158533727450131,3
8.33,0.014675326781766312,0.0002527291629695217,0.005606472396894991,0.015711830603675318,3
8.34,-0.02221143776178569,-0.031858136468516055,-0.018324308225659124,0.04294262566077243,3
8.35,0.0026031269274442745,0.007015928454581571,0.011058888542771006,0.013352847549553789,3
8.36,-0.005028117433058478,-0.004563731792966477,-0.001680953361567311,0.006995371112566083,3
8.37,-0.015249040279218511,-0.015631689498680955,0.005694223396991234,0.022567833881771717,3
8.38,-0.013697217701974955,-0.004219921720357862,-0.008777435863307894,0.0168066918944725,3
8.39,0.013988630835660779,-0.0033621287966001563,0.0027517674673603323,0.014647795973993846,3
8.4,-0.023617809695947536,-0.027281098427995275,-0.0070827991024536435,0.03677261629796931,3
8.41,-0.008769170256217942,0.0028001852849217964,-0.005501811326356275,0.010724239482744322,3
8.42,0.014300923186811688,0.02826190228458582,0.012273920328581954,0.03396911310250744,3
8.43,-0.018570920608302694,-0.0075258319843312564,0.00027238955018652963,0.02003974638969555,3
8.44,-0.006607260475718651,-0.0008525080649563412,0.0036216350430661897,0.007582803002846276,3
8.45,0.0016632896980284923,-0.0034905655937927963,0.008934994134869036,0.009735743473114,3
8.46,0.008301762065064257,0.0013403203324304155,0.00864131041597531,0.012057692883952125,3
8.47,0.004306143548711516,0.004832454540375667,-0.0013565366067457318,0.006613295752674942,3
8.48,-0.0039857965314618864,0.008193127905550913,0.0050456517418855495,0.010415014179890653,3
8.49,0.013062832871159594,0.012556327565648673,0.01006387821846886,0.020726326479911683,3
8.5,0.006792396525817036,0.012418341750727091,-0.0006497890410523737,0.014169477343912678,3
8.51,0.015183502379190165,0.003298623692581065,0.0038870997572808545,0.016016529189783392,3
8.52,0.017759315315772243,0.017366923067157154,0.007440827371690426,0.02593008309436889,3
8.53,-0.012681727201339438,-0.01424796250934934,0.0009621001229600003,0.019098593590199688,3
8.54,0.015607043535600135,0.012046144720686987,0.007724744702329811,0.02117453874987659,3
8.55,-0.002052445385059928,0.0034898551951872215,-0.0009574947383957012,0.004160338629977671,3
8.56,0.00861714211277822,0.0017821348087385808,0.0029228064979631633,0.009272213354580948,3
8.57,0.0024578078833813817,-0.006416156803509146,-0.001014072282029511,0.006945230760169809,3
8.58,0.01688098627349456,0.01471745730921024,0.000612926869469798,0.02240417207936182,3
8.59,-0.006752881455005641,-0.005805193335106825,0.0017325522437642423,0.009072122953350022,3
8.6,-0.012568731012073123,-0.007709069700553472,-0.011760392730300178,0.018860264899325713,3
8.61,-0.014152882474157337,-0.004649867301250038,-0.005963045252573913,0.016046284832657947,3
8.62,-0.020056125361375934,-0.003580999306663415,-0.011478371222298452,0.023384283749185907,3
8.63,0.003095533423205033,0.007472995779109119,0.005991019923817996,0.010065799164316084,3
8.64,-0.01826902099056412,-0.008532791122148836,-0.010273089650819044,0.022629671302554524,3
8.65,0.0065031955177987264,0.0005492198996271463,-0.0031110171945839676,0.00722991164716838,3
8.66,-0.0035546306273435318,-0.0052629634665256175,0.004336269574234929,0.007690085641087984,3
8.67,-0.019743851893297967,-0.010184670353180485,-0.013840679197950439,0.026174636548537158,3
8.68,0.021445808364769572,0.01210607639525671,0.010578695322343934,0.02680277181243003,3
8.69,-0.035045169075325434,-0.02092874000630233,-0.008127522256795694,0.04162009913256161,3
8.7,0.005914348698568097,-0.0023848937423791077,-0.001719362551768579,0.00660480478705596,3
8.71,0.010569307008871097,0.022833311735588606,0.004135099186983588,0.02549841996572596,3
8.72,-0.019679784714427995,-0.012226424356267905,-0.011442989504303289,0.0258403054885458,3
8.73,0.012864557514958665,0.010029231821143476,0.006577748240741088,0.017588322913128722,3
8.74,-0.0015108408331997603,-0.004918432039559287,-0.0010906733641558469,0.005259580034404468,3
8.75,0.001967240811089124,0.016681234512067936,0.006407655210334093,0.017977532270863614,3
8.76,0.019083294761008538,0.003331984070851753,0.004863166377299083,0.019973098007000267,3
8.77,0.0024546265498765455,-0.0039058961674634284,0.008749692070349344,0.009891325881614585,3
8.78,-0.005750693414526937,0.0028032482956000734,0.007040181483459789,0.009512771997410548,3
8.79,-0.005748986103792743,-0.0021070386971309128,-0.0010477754704842973,0.006211947096471266,3
8.8,0.01575338939070071,0.006413229693837534,0.0023481565560782664,0.017170108666307693,3
8.81,-0.0021057605519274507,-0.00585873323374995,-0.0011942456465158548,0.006339180173375893,3
8.82,-0.018397721389931572,-0.015205532094095272,-0.009028248802968483,0.02551849594028631,3
8.83,-0.013845946188088803,-0.00887504502632469,0.004403524497320447,0.01702550081675258,3
8.84,-0.021806845330437828,-0.0028357434799881204,-0.010432100464401265,0.024339446675084756,3
8.85,-0.011870300711100769,-0.0034679157404071265,0.002955149244960694,0.012714691723141176,3
8.86,0.014449113024137674,0.018301060780425857,0.007170811092369505,0.02439520905004907,3
8.87,-0.004840796379672512,-0.006862751199264435,-0.0019033693926360392,0.008611241412089177,3
8.88,-0.016655261979340374,-0.007532846574056146,-0.009621252315007402,0.02065696069652469,3
8.89,0.006843729593613711,-0.007647701669909717,0.0015131244140483122,0.010373693704502413,3
8.9,-0.0008915425246212682,0.000833017905862268,0.004937097095427018,0.0050856361091184184,3
8.91,0.0123904631061673,0.009617007271000243,0.0011920939385531093,0.01572995526993321,3
8.92,0.004116122535076528,0.017452620100125694,0.0076106805387848525,0.019479704087755408,3
8.93,0.025164477482197835,0.030075814591976485,0.019969255194508304,0.04400655295914899,3
8.94,-0.0029504170807969163,-0.004132811150473533,-0.004878634949231112,0.007041744664782714,3
8.95,-0.006501512938264117,-0.011088181167779036,0.004322150627641335,0.013560915092423733,3
8.96,0.01762240984959957,0.006018151577704274,0.014219511600977421,0.023429937846477948,3
8.97,-0.01930222194884556,-0.015868716129402494,-0.0034707337557413464,0.0252277211923966,3
8.98,0.0006584549327411904,0.010874846360120528,-0.0035200702922901462,0.011449311818504268,3
8.99,0.010087435783047476,0.01038046490579744,0.0038229005407430993,0.01497080428307086,3
9.0,-0.02813357172016251,-0.015549432293151016,-0.01338472549077814,0.03482001692757058,3
9.01,-0.003158570342858757,0.004278655533254782,0.011122708750690232,0.012328751345360149,3
9.02,-0.023697091503729617,-0.02454122161217525,-0.010724068467061722,0.035760723544697184,3
9.03,-0.02922493448124758,-0.02612992723621419,-0.014250956120318419,0.04171282348566569,3
9.04,-0.020639083936041126,-0.010285495562187493,-0.016175200202353905,0.028167362430035214,3
9.05,-0.010167089645188858,-0.01334833855676015,-0.010406323046598786,0.01974435143096296,3
9.06,-0.015903370110420624,-0.023343623033790527,-0.011261405781540846,0.030408241931904865,3
9.07,0.0069938871910028445,-0.0037649371246325043,0.005315274615554771,0.009557267069181998,3
9.08,-0.003645371137322516,0.005883129585377584,-0.010184774680640666,0.012313796317244665,3
9.09,-0.008465246919026524,-0.008918320637745475,-0.007804632790779233,0.01456396722725753,3
9.1,-0.016067740208541174,-0.009440612679317641,-0.01839640684534649,0.026186355760005536,3
9.11,0.004617854983804316,-0.005027710972963977,0.010489460301144971,0.012515240296870256,3
9.12,0.028754907235896503,0.023163661884570065,0.013578156062932924,0.03934166041382925,3
9.13,-0.002598671677811573,-0.0039758070390561225,0.00069306810391264,0.004800049947399432,3
9.14,0.00012016555129222561,0.00365370005564663,-0.006485845331675701,0.007445142948444243,3
9.15,-0.0048563435325316255,-0.007222491203937422,0.004782404430794855,0.00993075243053624,3
9.16,0.022163429669990506,0.0195486728239206,0.018991910428745318,0.03512920274709907,3
9.17,0.01850735657593866,0.008739048608697467,0.008729846186367119,0.02225091981136388,3
9.18,0.0008536740922466413,-4.5010400911700815e-05,-0.0024905686704299926,0.002633195339144208,3
9.19,-0.0026622122729763444,-0.004036988800961542,0.002115475700764362,0.00527824688755644,3
9.2,-0.008853040016286317,-0.005987227133833013,0.000424915044899013,0.01069596929116079,3
9.21,-0.003254111859184016,-4.5361931312671785e-05,0.0037576583244925766,0.004971045944318241,3
9.22,0.010182792258901261,0.0031687265581114513,0.008565601298587813,0.013678436014193636,3
9.23,-0.003662561015910822,-0.0035207391329639074,0.004135802074608668,0.006550940088108768,3
9.24,0.009526397155026222,0.008160370441170794,0.00013106225094394654,0.01254436390599572,3
9.25,-0.01584677825758644,-0.007031246526364161,-0.0016596057562774389,0.017415886429518645,3
9.26,-0.035647155858811896,-0.025561691761213593,-0.018764027593763152,0.0477096273099804,3
9.27,0.02332599432254784,0.00923177367192697,-0.004562879424834906,0.025497990605355545,3
9.28,-0.004756727464650104,-0.0026380756635795886,-0.004918430796687998,0.007333270817414043,3
9.29,0.003217047785083707,0.00761468526864691,-0.0018757484927837027,0.008476512289865484,3
9.3,-0.013867592240765371,-0.02037236809313704,-0.004794194316684536,0.025106329788014303,3
9.31,-0.018698472187832937,-0.02366065068518937,-0.0033863663925135287,0.03034677462845202,3
9.32,0.0017706771817554672,-0.004058217544187282,0.0019536778120301944,0.004839554143839908,3
9.33,-0.021717871937621706,-0.01674115156149949,0.002278784795517968,0.027515904078338347,3
9.34,0.001067746332521252,-0.01682789380231019,-0.0026697152816102473,0.01707177412389543,3
9.35,0.018280554873343038,0.017389109391165204,-0.0037000254952165804,0.02550000001098958,3
9.36,0.012642609287509326,0.007389570869565654,0.007357138516982048,0.01638806926977706,3
9.37,0.01097356616958609,-0.011127303245512813,0.0016689921965000847,0.015716919766540216,3
9.38,0.028845517119321557,0.011286514038074801,0.006466373194997013,0.03164274386505867,3
9.39,0.0117822877795829,0.005842928413101158,0.003516829817494312,0.013613603847870352,3
9.4,-0.01681315862574698,-0.025949509772795247,-0.012266393324295861,0.033264451981195424,3
9.41,0.0025184675199932047,0.009526616826022394,-0.002975420802130103,0.01029331024252462,3
9.42,0.02532589410126205,0.019222790591109002,0.02053167521822604,0.03784793623706167,3
9.43,-0.003758285818788519,0.0027947159118537654,-0.0009452817486675605,0.0047779396090825085,3
9.44,0.020060672550065564,0.005810305484240748,0.007435135192324431,0.022169155787022957,3
9.45,0.007900779441297249,0.008821527869802418,0.013141037260320882,0.017689786036435482,3
9.46,-0.011000353297874353,-0.012985393947067806,-0.00672301842078362,0.018298284218057063,3
9.47,-0.02028107512545989,-0.015736502579819255,-0.01650725523558283,0.030519649360729602,3
9.48,-0.00385407478723504,0.00012478802322406874,-0.009693075340981648,0.010431930506013137,3
9.49,0.007344877146934679,0.004580892423589182,0.0028252184253817914,0.009105693540372247,3
9.5,-0.02616634422712262,-0.01184908367601732,-0.021628363198659302,0.03595642430535402,3
9.51,-0.004508363491982336,-0.002043232703487337,-0.009063504963233021,0.010327016194186439,3
9.52,-0.028692704883577225,-0.023789904945441826,-0.015199255846638074,0.040252307625039035,3
9.53,-0.006170695713810815,0.002423558262287473,0.004014817629159419,0.007750476168504377,3
9.54,-0.019680414078258997,-0.005347066144534299,-0.0011053094612505062,0.020423797973219616,3
9.55,0.009180754873151148,0.007127299453705997,0.00808922267608509,0.01416051485811782,3
9.56,-0.003775739396578063,0.008045841430296413,-0.0017223373754366052,0.009053077838347119,3
9.57,0.0200792607470904,0.01217194970487523,0.005613234819336771,0.02414211003422593,3
9.58,0.0008814050298321359,-0.0004064971701258761,0.002726783376934826,0.0028943846255571884,3
9.59,0.00036985185199023534,0.00029392736414181314,0.010858228235188415,0.010868500544935114,3
9.6,-0.011502514462601907,-0.009090134112034699,-0.004327629602603,0.015286162210132034,3
9.61,0.011857833170560002,0.005816131900480549,0.0025640233112940456,0.013453988751499677,3
9.62,0.011769679748114987,0.002519908244685832,0.004350364455290775,0.012798475293123047,3
9.63,0.015360586794023415,0.002799437191944941,0.005312110024317966,0.016492513094093046,3
9.64,0.009830979964079528,0.0077677746849889135,0.007716497268083157,0.014714986262284534,3
9.65,0.004507569161609945,0.012742023199894252,-0.0025536354582633043,0.013754940531570465,3
9.66,0.004591499452362941,0.00972766199127606,0.004503269788058591,0.011661419888744569,3
9.67,0.0037616623633362142,0.005737841051531111,0.005101717370088855,0.008549879753110109,3
9.68,0.004626541044630291,0.013231930162546568,0.004146223674020644,0.014617798350612436,3
9.69,-0.0257483726653375,-0.017869881863600612,-0.018104226605383036,0.03619494983711402,3
9.7,-0.013504311934145842,-0.01736352221391,-0.006973779237688563,0.023075786906272034,3
9.71,-0.02733238473983991,-0.021928238937211842,-0.015460351869341124,0.038300514335683884,3
9.72,-0.0031202471760483066,-0.0026694586963392267,-0.0018472321869902936,0.004502690187404803,3
9.73,0.013785171544968814,0.005550239287522958,0.0022036638298757695,0.015023057110591173,3
9.74,0.006785935155529752,0.009630692429958251,0.010513722668776173,0.015790424850885037,3
9.75,-0.009125624005323685,0.0010963792754034299,-0.0029852039313367894,0.009663876215770908,3
9.76,0.006503834803395695,-0.009304304997306648,-0.006782101233180189,0.01322372321889228,3
9.77,0.006870096145896445,0.0036453856333246,-0.00488675807589147,0.009185176207444311,3
9.78,0.0075047035305075924,-0.017971686936820684,0.010605659682751303,0.022176161158826403,3
9.79,-0.009293982639185721,-0.007238376173056107,-0.00526272730801592,0.012902267306124473,3
9.8,0.023247334359735396,0.015451120167228069,0.008122434126703059,0.029071456884684786,3
9.81,-0.0061629586266174746,0.009895607573398456,0.0039979134696410965,0.012324302024489555,3
9.82,0.0034288809564003457,0.014210272102579665,0.0006338943252910539,0.014631844718221794,3
9.83,0.018554256805471986,0.020446783683765297,0.0011786458523369344,0.02763549555660845,3
9.84,0.0012016652937797013,-0.006836744538445137,-0.006225093834872673,0.009323994241482768,3
9.85,0.004807216420898222,-0.004775010692822367,0.005928322325022606,0.009003058503824293,3
9.86,0.0031481998026566945,-0.00656469118375559,0.013593458578392906,0.015420390671380855,3
9.87,0.0002210014459140345,0.01236763998227666,0.005136844764192559,0.013393824491224187,3
9.88,-0.0014255270991441749,-0.00828140535438317,-0.0029328210522386,0.00890029446021055,3
9.89,-0.002245689928446313,-0.004656543766469562,-0.0023708697558737874,0.005687490351911709,3
9.9,-0.005528851515934115,-0.01106834144804374,-0.0021971271769662677,0.012565975860532827,3
9.91,-0.01825775161085008,-0.022845806057964536,-0.02033579914054117,0.035620514805460954,3
9.92,-0.026584111986327506,-0.01594794804159417,-0.011822036601840311,0.03317849614214365,3
9.93,0.004175747596819037,0.004149769580343981,0.005383631677125116,0.007977527536601376,3
9.94,0.005543984966808536,-0.013915680914120215,0.013132422338999541,0.019920905127670852,3
9.95,-0.001539763914484166,-0.011493311652801794,0.005851514750341227,0.012988737834533349,3
9.96,0.00020947924457762404,0.0021881406840179763,0.0116738097494208,0.011878959351417766,3
9.97,-0.012566656756076605,-0.009374370303750735,0.004428495398863219,0.016291447207496396,3
9.98,-0.028562131713240537,-0.02320094594329827,-0.00448479883037772,0.037070104952876874,3
9.99,-5.545145864911194e-05,0.004806608518227091,0.0001322553460541689,0.0048087474240512415,3
10.0,-0.017851242469620172,-0.024040133470246073,-0.005963922022024188,0.030531348493985675,3
10.01,0.008715462984390783,0.0013408904931714472,-0.006099069077995728,0.010721750135361629,3
10.02,0.023206929399792586,0.020389147794784762,0.01122521106356455,0.0328676783997,3
10.03,0.0005972711254939042,-0.00477627042382958,0.0036657342977174743,0.006050380145111559,3
10.04,0.0010673480313590205,0.0032475174503059394,-0.001219861204538773,0.003629554072944272,3
10.05,-0.005153648840608434,-0.012777391523505157,-0.011568957798340228,0.017990625755015397,3
10.06,0.006025749149261509,-0.002372771227385693,0.012208401617065642,0.013819723808778024,3
10.07,0.0032246199482790444,-0.012000348535000033,0.0038874981452359765,0.013019953172017545,3
10.08,-0.010774123819027278,-0.023998899191642588,0.005475305733544245,0.026870204304287243,3
10.09,0.010119257804974859,0.0032759032727696204,0.009006706637022131,0.013937420321618554,3
10.1,0.029377797045346744,0.024164650162098848,0.021430668075085098,0.043660723892746896,3
10.11,0.009258378545234185,0.005562475487858609,0.011144802142646806,0.015519836392134596,3
10.12,-0.007905548039650859,0.0037483954830129663,-0.007634028881602865,0.011611483775532144,3
10.13,-0.009068696367226351,-0.009490482935359956,-0.00713473721834899,0.01494038136468401,3
10.14,-0.014158818635195448,-0.026872286043403876,-0.008941736591298224,0.031663015579869176,3
10.15,-0.014149566218812859,-0.007151141820802021,-0.012165454057580337,0.019983676487295612,3
10.16,0.004648538982137062,-0.00537424769281838,0.012682560022660262,0.014537495714895045,3
10.17,0.006621960978768118,0.005642417879129136,0.0032335006777197417,0.009281313126915705,3
10.18,-0.01754015018294059,-0.030561960779493504,-0.005136018701565171,0.03560995651823008,3
10.19,0.0030696899813922023,-5.160934198919975e-05,-0.006604817283515561,0.007283493080566913,3
10.2,0.014295661506522747,0.015628498095840167,0.011344552370892904,0.024027375202811643,3
10.21,-0.0010305355850178752,0.003922464932805386,-0.0029204607421872376,0.004997682031475485,3
10.22,0.002583112605667395,-0.00019775637775311774,0.008728229170948182,0.009104590203797785,3
10.23,0.015003946954597582,0.01009210965515242,0.002639309790501419,0.018273890053249073,3
10.24,0.016331279369457427,0.007454405051158061,0.015340403290742467,0.02361369970234692,3
10.25,0.013147826744676131,0.006817087181582849,0.011561681854753685,0.018788574002831158,3
10.26,0.010755947968707259,0.012543354584297551,0.002046037576068072,0.016649697615741817,3
10.27,0.011443603636037431,0.0020114178703789795,0.013656666175577016,0.017930599461790406,3
10.28,0.001968257424413362,-0.0038374058286175464,0.007778523620397441,0.00889410762782569,3
10.29,-0.010025328945812713,-0.01965412289526702,-0.0015736063775059622,0.022119403343791554,3
10.3,-0.017482984102607603,-0.007064507623972413,-0.01382904722973603,0.023383852299898412,3
10.31,0.006054319988865131,0.0016791303212076894,0.007525118077471147,0.00980314598703161,3
10.32,-0.001993436681630806,-0.011498941805700328,-0.000500986206695899,0.011681200265120597,3
10.33,0.00024450651642797874,0.006749948809809511,0.00040611902429169537,0.006766574098723535,3
10.34,-0.016670770583777552,-0.012477891119410094,-0.0070588688799942114,0.021987268782405582,3
10.35,-0.006445252452062118,-0.010886059616249801,-0.003081089840435481,0.013020779075930605,3
10.36,-0.0070563088828867245,0.0017654861024073987,-0.008369079871913855,0.011088279132984224,3
10.37,0.007679250110326107,0.00220792148133331,-0.0056365007451720725,0.009778340358926045,3
10.38,0.003511122702649451,-0.010533191158950439,-0.008750230108579286,0.014136570502676365,3
10.39,-0.014081304166674692,-0.0026248743414931126,-0.004540532165982103,0.015026294443187153,3
10.4,0.0027868179926239275,-0.005205408569251311,-0.013288807714441894,0.014541493849266581,3
10.41,-0.01002905931079747,0.016705263090622736,-0.00015573968830472334,0.01948517642817044,3
10.42,-0.03013337517208765,-0.02509474582835846,-0.010523023005994286,0.040601731251713735,3
10.43,0.02412248013736895,0.0003260256434352189,0.009038757473378095,0.02576236552338479,3
10.44,0.0008213739537946095,0.014174260190209668,0.006528781580292182,0.015627197318614023,3
10.45,0.019268028116347473,0.012601476045139205,0.0071101806105909665,0.02409582483177942,3
10.46,-0.00022388271893116624,0.0014551717908460088,0.002410653470588465,0.002824694420281635,3
10.47,-0.0016894861268225043,0.0014363399861666913,-0.012509300486015609,0.012704331331401012,3
10.48,0.0010712908611974596,-0.010570417886968312,-0.01296885156086702,0.016765217243514256,3
10.49,0.009669303550971207,-0.011000135585910533,0.0029392207521479656,0.014937785401427378,3
10.5,0.007215048596500552,0.02024552823956045,0.00578390756633069,0.022257401615744854,3
10.51,0.009119850847862128,-0.006557965464016702,0.00980549896323877,0.014910613683969011,3
10.52,-0.0050203807296438216,0.009155004223658744,-0.003322740387923859,0.010957140534433647,3
10.53,-0.0008668950185216624,0.003170139378212005,0.0010893018466838825,0.0034623502369946616,3
10.54,-0.013647467445911755,-0.008586252344220273,-0.0014239244854113023,0.016186557940031696,3
10.55,0.012213675454683635,0.004369737614727344,0.004729596081212973,0.013807155899218696,3
10.56,-0.022630898443484062,0.0021952517562373527,-0.006660355174662182,0.023692552114223612,3
10.57,-0.01760975267747978,-0.0183027836306359,-0.014697249991931179,0.02934458102132659,3
10.58,-0.013076335374461404,-0.014905900696077591,-0.015822937924407022,0.02536812541253995,3
10.59,0.021077266431469732,0.019704840716429556,0.0062815850044939114,0.029529480490718144,3
10.6,0.002638678584905912,-0.003969151059803322,0.005835908437020823,0.007534892971719619,3
10.61,-0.015242378907469104,-0.01919378079328496,-0.011125340061759987,0.0269166217677727,3
10.62,0.006839977949976818,0.003897369227393313,0.006982835212481026,0.010523059101585734,3
10.63,0.005384480250717229,0.008845020465224125,-0.0037388367798640316,0.011009355797096464,3
10.64,0.00476622582284465,0.017948205369368968,-0.0013502829253341326,0.01861929774599045,3
10.65,0.01199657716065214,0.024641143549742946,0.0068507011741773035,0.028249529652516224,3
10.66,0.006210665292410339,-0.010401887545659724,-0.0012097219722045967,0.012175181934449107,3
10.67,0.008979033520208648,0.014203430261594121,0.001052823366215813,0.016836535011499492,3
10.68,-0.010857241210031038,-0.015893714823991274,-0.02053623816916081,0.028146526175349837,3
10.69,0.02530682636548876,0.009820026967340715,0.01642354923966834,0.031726981576571486,3
10.7,0.0021773194810921674,-0.0032120739981470786,0.0002681997712655963,0.0038897391441615903,3
10.71,-0.008359394862980284,-0.011097221012219341,-0.009433692406572707,0.01679352104506649,3
10.72,-0.0011556690285140616,-0.009785880620363984,0.010475578999439265,0.0143818213656329,3
10.73,-0.0026643281619167978,-0.020886645729302256,-0.005933749482359884,0.02187601420037867,3
10.74,-0.00894013084289607,0.004900283593426134,-0.007116290864567866,0.012433033196015967,3
10.75,0.007721633940953959,0.01218002319342561,-0.0022959774776875473,0.014603017095399377,3
10.76,0.007927097417121675,0.005006485562698189,0.010189818413779856,0.0138468830592249,3
10.77,-0.029118621583580955,-0.028533653312431836,-0.004500634812801925,0.041016084747328624,3
10.78,-0.013171473792358328,0.00025171240413326794,0.002076196426315375,0.013336479018010022,3
10.79,-0.013124830975634496,-0.010104643592534471,0.0020399904613789396,0.016689115355633437,3
10.8,-0.010047624156867819,-0.012043480509190031,-0.008105291224401904,0.017654912058837346,3
10.81,0.012972993504819456,-0.004481053271887973,0.01587241933991595,0.020983614907916212,3
10.82,-0.01617252597283218,-0.007423244230639271,-0.008451267115862306,0.019699722513611868,3
10.83,0.013957262563326897,0.006686913394744079,-0.0029750545624457,0.015759788661653534,3
10.84,-0.004536065453289209,-0.0014937981891247284,-0.00460013088380711,0.0066308767877643554,3
10.85,0.018317005144413617,0.013763294431193984,0.010198369166979637,0.02507882941299715,3
10.86,-0.001992879801728754,0.0032831055631048142,-0.004765747371461529,0.00612067807119609,3
10.87,-0.0012583631327553672,0.0004521639937209789,0.00031512128675678967,0.0013737654372063895,3
10.88,0.005429490070997425,0.0009563114042816356,0.005662809789068487,0.007903246715128449,3
10.89,0.022563988150861546,0.01982774803244939,0.012617474835125438,0.032580267410282936,3
10.9,0.00973495240515174,0.01401777078478257,0.008311525831261938,0.018982851675894426,3
10.91,0.01048299870884592,0.019305953376864075,0.0036370587805438738,0.022267494117938953,3
10.92,0.01509659051095641,0.0012004329937659111,0.0024297666749111104,0.015337921975369723,3
10.93,-0.004226557314706153,0.005536267447337235,-0.010722981925526485,0.012786570508080332,3
10.94,0.0087261173570203,-0.0069970584167658315,0.003398727076463365,0.011689965626827555,3
10.95,-0.004879750477208407,0.004298711776054291,-0.005419269724781062,0.008465185881203798,3
10.96,0.01806779815178247,0.007522187368323871,0.007420000895560365,0.020930481268901627,3
10.97,0.0031573712086137556,0.008542240516183883,-0.011002716553309548,0.014282809161288563,3
10.98,0.004319748758342819,0.014564913415450458,-0.007166725408212481,0.016797585695911523,3
10.99,-0.03026443413830287,-0.01975061461674913,-0.010559116794729892,0.037649936240792804,3
11.0,0.0013628892013190664,0.0005752719495130489,-0.009199588676730912,0.009317769937705282,3
11.01,-0.009991114705907737,-0.007780971533171301,-0.005636211808641143,0.013861196723894147,3
11.02,-0.02520580597128236,-0.021408733337201235,-0.016327387393528143,0.03688156852499181,3
11.03,-0.006267863739123065,0.004607784730481171,-0.008186506301789926,0.011293213953694288,3
11.04,-0.024468409667278028,-0.017990119817062007,-0.010498940195098784,0.03213370859235287,3
11.05,0.00275356911006002,-0.015474491973127233,0.001410467681030035,0.01578073077362028,3
11.06,0.014673866398315107,0.017345025153868984,0.00988091325998131,0.024775082230241406,3
11.07,-0.021768219325846508,-0.008584626536183585,-0.016407730134417944,0.02857909714367813,3
11.08,0.0016342605540775393,0.0014889369613464737,-0.004571323565647812,0.005077867660280693,3
11.09,0.0021275555440113465,-0.004816474357480739,0.007696783063365181,0.009325523435905782,3
11.1,-0.017992529437576697,-0.021876473406033756,-0.009444431484441553,0.029858139431506395,3
11.11,0.018174937568618748,0.0064396282289233145,0.010374058242302683,0.02189562174875661,3
11.12,0.01539250178260887,0.01236526587276795,0.003943903513885955,0.020134132366672743,3
11.13,0.03225876459688361,0.0078328077317391,0.017247912290206155,0.03740950746334663,3
11.14,0.013311025700717672,0.012713041633367655,-0.008942539466342228,0.02046396454463294,3
11.15,-0.004381891788034329,-0.00248682678818447,0.00493656134946212,0.007053716826856452,3
11.16,0.010642484632859424,0.017747922717637407,0.002057392017271162,0.020796252111008127,3
11.17,0.017826547898073093,0.018088557816268173,0.0005284241602664672,0.025401987440511895,3
11.18,-0.005428349058679227,-0.009584305387146014,-0.008817735753844484,0.014109512645076268,3
11.19,0.00810799792724014,-0.00785154384681071,0.002067070963293452,0.011474282266608769,3
11.2,-0.03247732300273031,-0.02930393509935495,-0.015277167819564928,0.046334533323624104,3
11.21,0.011730256273823266,0.01926106428647889,0.006125776398024688,0.023369053172433814,3
11.22,0.002370705510345252,0.004014397202942303,-0.006089097230041761,0.007668946120339781,3
11.23,-0.038437635551336925,-0.02212763884554969,-0.012069908852887046,0.04596484447241697,3
11.24,-0.0033374830046873343,-0.007369713756164897,-0.00464751375326456,0.009330104915871319,3
11.25,-0.03114247440180721,-0.01792162606251852,-0.017459996559165258,0.039948590368597776,3
11.26,-0.013414612192207654,-0.021551535811129313,-0.007394186132260951,0.026440395319363808,3
11.27,0.00378548896906563,0.010131463554033987,0.005680459117191306,0.012216550096640147,3
11.28,-0.003915603162854847,-0.011984336130402853,-0.0019654255893654343,0.012760061064225774,3
11.29,0.015060605109376254,-0.005252888334939308,0.0035232102614147147,0.016334860656462592,3
11.3,0.003012143179622291,0.02020715307073582,-0.0005869973718635034,0.02043885044891879,3
11.31,0.003880047829789839,0.003795125367219438,0.009060957514710269,0.010562135143887992,3
11.32,0.01923910138991792,0.014325035972972591,0.014989824870433346,0.028285058380084042,3
11.33,0.0032379020529323694,-0.012693115342373966,0.0036520912798528047,0.013599152823450802,3
11.34,0.007622300754607975,0.010316093009043336,0.004321690599092679,0.01353507493142229,3
11.35,0.009190898808868218,0.013521786938767336,0.01801754464985088,0.024329884055244576,3
11.36,0.006439866842536708,0.0029135470915298517,0.005679027378444886,0.009067082969141308,3
11.37,0.01991805511334078,0.021061901326625054,0.010046787909260519,0.030680132892219266,3
11.38,-0.003751394665409813,0.0067380948399698645,-0.0029006282656393627,0.008239449517019916,3
11.39,-0.00780657418043086,-0.00125882116695584,-0.0013721151221189175,0.008025579796705857,3
11.4,-0.012852762001498931,-0.026326712744329427,-0.02405526261447231,0.03790705678947973,3
11.41,-0.028075064510553055,-0.02886542399524092,-0.006467485668058034,0.040782966058923203,3
11.42,0.013365596719613588,0.022851084459305306,-0.001616096002918301,0.026522122896335022,3
11.43,-0.01695158725192863,-0.011207035649342592,-0.011936687030495916,0.023567741844932755,3
11.44,-0.010205350456968429,-0.006448701507233307,-0.012993502838572205,0.017736009841419317,3
11.45,0.01075457852741353,0.0008749560717684025,0.00042107347602473276,0.010798324421040522,3
11.46,-0.009592897317867093,-0.01181482258328021,-0.006358756279085987,0.016493862283963243,3
11.47,-0.0010205238659777684,0.008826831905587666,0.004876871375441961,0.010135990571381554,3
11.48,-0.02295478216140314,-0.004080571053610184,-0.0025952637511873974,0.023458654653224692,3
11.49,0.01264187394565165,0.015226983689411756,0.01733547141089304,0.026309629001056774,3
11.5,-0.0034895086750923432,0.0019699180153487186,-0.000956852854663598,0.004119807661313576,3
11.51,-0.011975619348538231,-0.0033699593590737556,-0.0067034099621057636,0.01413180066314802,3
11.52,-0.00973009602857883,-0.0073740547664062775,0.0002988639920919684,0.012212320504682713,3
11.53,0.024827686159750426,0.007750099703313406,0.006047595814153659,0.026703023435366458,3
11.54,-0.0008086498980560825,-0.01192443537325485,-0.006158993189220275,0.013445418205969622,3
11.55,-0.004565759580214165,0.007322101918870219,-0.004257869848625239,0.009622307036385416,3
11.56,0.0027592386870819562,0.0016680714113020668,0.001038608827846657,0.0033874132701478916,3
11.57,0.008411977131501356,0.009704940532677389,-0.008615742392305793,0.015465388678409651,3
11.58,0.008956765337831081,0.00795579238963253,0.010432241229227913,0.015885525956943005,3
11.59,0.011150601224309603,0.009897347434937734,0.00645821707607393,0.01624813717670848,3
11.6,0.006842549805228568,0.007549359009344851,0.00786833284738181,0.012873382270646565,3
11.61,0.009668679725092662,0.012347292535688035,-0.005072011018603956,0.01648224184876303,3
11.62,-0.003648121138796301,-0.008694120892328122,-0.0056320638733116275,0.010982562060230332,3
11.63,0.02224352337647491,0.025029728539039158,0.0057149242495108605,0.033969427462284735,3
11.64,-0.01051669901909922,-0.013263554295971305,-0.005948972930026662,0.017941937179209253,3
11.65,0.00992160083801492,0.008860821221945002,0.004263344684543621,0.013968837597144425,3
11.66,-0.01463069639173455,-0.01970541794533221,-0.0013662952007924513,0.02458104017089276,3
11.67,-0.025101952625100614,-0.018904413758455297,-0.010703322645737156,0.033197078196769356,3
11.68,-0.027847706732148828,-0.024772042253233602,-0.016979682060181675,0.04095678759986693,3
11.69,-0.003427154797200426,-0.0022052906802741603,0.011584062636274758,0.012280032742204511,3
11.7,0.008216127383457622,0.011634497525965475,0.0021038426638911637,0.014397653830305394,3
11.71,-0.017723626634583798,-0.011798115420947258,-0.013416557050243732,0.02516597845605385,3
11.72,-0.01230511877074496,0.007073286668046987,-0.0168482136224577,0.022029744313506693,3
11.73,0.005139849710492099,0.009965250482140666,0.0028553909787955886,0.01157054578920276,3
11.74,0.0027158583517634853,7.347430300759126e-05,0.005366740548027166,0.0060152463931151525,3
11.75,-0.0022661636347731254,-0.0022751596084090143,-0.007859595617822183,0.00849029399602827,3
11.76,-0.008964073945142162,-0.003252751277504878,-0.0002838908424565986,0.009540209986038928,3
11.77,0.011198622660299282,0.013473624479494177,0.005541226673149366,0.01837533398731613,3
11.78,0.015814447273586746,0.0011976965793096348,-0.0035237129804293645,0.016246469549831177,3
11.79,0.013716656975847593,0.014694892205555508,0.00992661105608635,0.022419280599180254,3
11.8,0.007330451581393306,-0.004533416137050044,0.0017084020526393089,0.008786695615092148,3
11.81,-0.007033551048967539,-0.0006046872100226681,-0.009921755246396956,0.012176933692428603,3
11.82,0.0075709232849008636,0.014100422823204829,0.009148323161279611,0.018434549624067702,3
11.83,0.004524814495283226,0.005565224935017446,0.007663357660496074,0.010496319613404928,3
11.84,-0.01639590508821838,-0.030083095518596725,-0.014264903056222328,0.03711207079706414,3
11.85,-0.0064974522615319046,-0.018807052377971905,-0.0011631295448074218,0.01993175796001619,3
11.86,-0.0004693427409668341,0.004173196567640771,0.0010084393154137904,0.004318888983701619,3
11.87,-0.007404185539649277,-0.024813021289440063,-0.003739403912007081,0.026162781400930812,3
11.88,-0.031061275359569575,-0.016863877319886783,-0.017071511007519958,0.03925085570153944,3
11.89,-0.015671889437619237,-0.003091713108487392,-0.007942884598487798,0.017839737224383347,3
11.9,-0.016269096281995778,-0.002306941787041439,-0.0016900732712645848,0.016518529653207326,3
11.91,-0.00023659660582616305,-0.002097419490174579,0.002348437129103556,0.003157578727602022,3
11.92,0.025639686218968522,0.021455824439786622,-2.9348253219449102e-05,0.03343272009750443,3
11.93,-0.0020725601029175857,0.00022034243684661086,-0.013793411211403608,0.013949991004174734,3
11.94,-0.015893732796247517,-0.022908269693765852,-0.018294857047294777,0.033348183712786764,3
11.95,-0.0011579087066045418,0.005149613765101594,-0.008670335861977886,0.010150566410898175,3
11.96,0.0031191875410308315,0.013307245335296527,-0.0031273932727997195,0.01402115180763143,3
11.97,0.014049242720865425,0.015349674825524165,0.003605944077775587,0.0211186308971762,3
11.98,0.021447248899373085,0.010990667739152887,0.009257900993690395,0.025816428752116153,3
11.99,0.024270195332770892,0.022908733966166373,0.010718557655876813,0.035053387163665004,3
12.0,0.01444061469515612,0.020489481893705093,0.006206640193772286,0.025823876617219525,3
12.01,0.007745880181413724,0.014752016600682687,0.010347427518818397,0.019613513449375553,3
12.02,0.024682908349211136,0.025493007628864563,0.0010471294316373482,0.03549980116264744,3
12.03,0.0012754021832436634,-0.011842096927341648,0.0025776697383556777,0.012186315753566039,3
12.04,0.00421678000411471,0.006137463279960099,0.0038721472038494064,0.008393045519013882,3
12.05,-0.0015322827674134883,0.004092566522482393,-0.008265633426416974,0.009349742625343094,3
12.06,-0.026474296986058115,-0.010222730892605222,-0.008710726339959448,0.02968618165373065,3
12.07,0.012148103163137131,0.01262866372689772,0.007702076308956972,0.01914109551353529,3
12.08,0.003033881182000083,0.014539327799008218,0.001105731108124607,0.014893593560889927,3
12.09,-0.03505662189091476,-0.03916239276329032,-0.03028164529027462,0.06066001802534177,3
12.1,0.0044019931137687885,0.00754819419788536,0.00776360391524137,0.011688726396635743,3
12.11,-0.011639177621155218,-0.004315447466580821,-0.0038775085453824553,0.013004945792010562,3
12.12,0.004140436721258518,0.010120042259139744,0.004284666232305627,0.011743799908538136,3
12.13,-0.0059047095456888025,0.008203694866891372,-0.023001457170958164,0.025124355439999472,3
12.14,-0.021636545564015702,-0.022251831523487576,-0.012925547881107948,0.03362073613293167,3
12.15,-0.003128705180791317,0.009878228308361757,-0.01001005377952355,0.014407267863456405,3
12.16,-0.012040855477442295,-0.0019094305254333767,0.002342146661513813,0.012414256987196183,3
12.17,-0.013645432494569263,-0.01104912373554483,-0.012770569998354759,0.021711020735334062,3
12.18,0.013637903516527836,0.0022761775820817646,0.01501265452366066,0.020409634797273635,3
12.19,0.009871780541114993,0.008480759179107828,0.01015939769050366,0.01651026010515187,3
12.2,0.024660269993277802,0.019547605025739087,0.012425219919823975,0.03383229032211163,3
12.21,0.002925456789338688,0.004777318872462313,0.008128792117481598,0.009872098780132996,3
12.22,-0.003555001068300265,-0.007504097025918774,-0.007266254457027417,0.011033945740499625,3
12.23,0.015352411103330438,0.015621397943193723,0.0023169926353452013,0.02202482815500554,3
12.24,-0.0032597237242464345,-0.005526124680090049,0.00406729587845659,0.007596495804068172,3
12.25,0.0015277405701883918,0.010802022596585343,-0.004951396691845346,0.011980568126218262,3
12.26,0.009627086154611634,0.02042061349567669,-0.003622710693197735,0.02286495738318218,3
12.27,-0.0003817968571836513,-0.006768048018781232,-0.002099585546604529,0.007096513389841135,3
12.28,-0.007024073049816528,-0.0044377308275686525,-0.008453675270534956,0.011853087474863513,3
12.29,-0.02018520174975121,-0.006352331889078133,0.0021089722590793576,0.021265988199393054,3
12.3,0.00596997403508112,0.006386018276442083,0.007338641154319429,0.011413915778490127,3
12.31,-0.011181701338631854,-0.01864738724443788,-0.008487675235809133,0.02334086816677892,3
12.32,-0.00027791755125433117,0.0067238423858912225,-0.006133263702512731,0.009105175354717929,3
12.33,-0.0021676819639321956,-0.006363555995605633,0.0010565300677397673,0.006805141129323002,3
12.34,0.005446116157143354,0.0054160344378577285,0.009576018700715736,0.012275738038326505,3
12.35,-0.00949973125889238,-0.014602162038481997,-0.002529421722961994,0.017603011232225404,3
12.36,-0.009322893038546515,-0.00016925333047519177,-0.009901474021213743,0.013600888540489797,3
12.37,-0.016505259694413164,-0.014922016978196055,-0.016047584571576,0.027433832376455813,3
12.38,-0.007511180343648454,0.0019455925334227351,-0.0056485709736792365,0.009597370186963343,3
12.39,0.005383063849892637,0.0020490930079335276,0.0043175125984607635,0.007198407713171742,3
12.4,-0.006332600518309025,-0.008282685058418634,-0.005672578352280808,0.01186940799973629,3
12.41,0.009160234714930118,0.009710050222635465,0.010168382594269741,0.016780672809579532,3
12.42,0.02443739525011278,0.008511185677095318,0.014159864760186498,0.029497937864654173,3
12.43,0.002387368134904715,0.016057022995086198,0.002498412485504708,0.01642466374158117,3
12.44,-0.007775244381574011,-0.003957719404741436,-0.0004541703442235618,0.008736374464355181,3
12.45,0.0026490228548783443,-0.0026757673037680505,-0.007142830122146381,0.008074470564899202,3
12.46,-0.010472356275342314,-0.010525374298239912,-0.007701940974469334,0.016726435509395315,3
12.47,0.021059750882741445,0.014882409190872747,0.0032354049143777054,0.025989749047031642,3
12.48,0.004103486669265715,0.01083906185439989,0.004152892444779436,0.012311392300883532,3
12.49,-0.007872523662219012,-0.012666906251408375,-0.009692699458720743,0.017786949305354537,3
12.5,-0.008136829993676622,-0.00864605101693976,-0.0031699496263934337,0.01228864439909433,3
12.51,-0.017775270640726565,-0.012838773379910606,-0.008985940795089388,0.023696866464252796,3
12.52,0.006666270830881869,0.0170061637332252,0.006599774252084939,0.019421786526743975,3
12.53,0.015148992758005367,0.018597446496094183,-0.00036297609738664485,0.023989346581440245,3
12.54,-0.025691826967028233,-0.005262908051180135,-0.008850754855307785,0.027678584421311183,3
12.55,0.004526500724879428,0.0034168334751962645,-0.004379935684979451,0.007165737674106706,3
12.56,-0.010518502446141274,0.004099086171823613,-0.01051924568003107,0.015430357443376607,3
12.57,0.008685447289242778,0.016218027168812644,0.0030528743933289676,0.018648899214806315,3
12.58,-0.02695244587582135,-0.013292617890897921,-0.004962621104942682,0.030459081360305687,3
12.59,-0.00025893528819713636,0.006034736087152987,-0.0051661305421982235,0.007948206835764504,3
12.6,-0.005633031130482831,-0.008699708147067471,-0.013201703978538802,0.016783949162759878,3
12.61,0.00945669548613131,0.02124611894760471,-0.0014161336861397162,0.023298757358928047,3
12.62,0.004440509362179794,0.0011471789274291344,-0.0003127423608205956,0.004596950148891708,3
12.63,0.005829629977253984,0.008558348735716058,0.013837608662922076,0.0172832095474772,3
12.64,0.005691134519235589,0.009397380087521282,0.004890995779542925,0.012025872290228393,3
12.65,0.026541005534416448,0.007607965020981201,0.007423945425725322,0.02859057663326408,3
12.66,0.005886232628331109,0.003711581235800211,0.0018011821493912911,0.00718803359480601,3
12.67,0.01789610932398971,0.014154276249679049,0.017479060210076197,0.028742508779086923,3
12.68,0.013989711673369775,0.008885721578856016,0.0048531142321769395,0.017269070572312927,3
12.69,0.01550832346831413,0.010541949960009353,0.005608493888256686,0.019572838563984955,3
12.7,-0.009335731539811225,0.005406465572097382,-0.0066337060457686,0.012664588791878212,3
12.71,0.009093431458593584,-0.00025170922180453754,0.00826843989841331,0.01229312619223255,3
12.72,0.0023661523770896298,-0.008493749105755892,-0.0020876215512765565,0.009060938951592724,3
12.73,-0.018096179088146477,-0.017359255702140374,-0.00290956098215362,0.02524442515153462,3
12.74,-0.008204953370955144,0.00021050797955671045,0.0026843954396936895,0.008635482169841677,3
12.75,0.02050464711195775,0.021086669951213624,0.012908030416511196,0.03212017204267298,3
12.76,-0.012523701214182436,-0.003918529352824361,-0.0069809068124117545,0.014863748662926104,3
12.77,-0.012388848118608142,-0.001377701634212687,-0.013965793941650147,0.018719642622643327,3
12.78,-0.0020705775006235015,0.0005989100100633798,-0.002275604419912648,0.003134383489965509,3
12.79,-0.01285937463584617,-0.013145673534126356,-0.00979815444450131,0.02083689226370321,3
12.8,-0.003051976814722605,-0.009697636552041256,-0.006047505973275143,0.011829245355046512,3
12.81,-0.00810501959851488,-0.015770459531946678,-0.005083467036578326,0.018445605808784286,3
12.82,0.004352325138774606,0.0012292572543753262,0.004833959408590061,0.006619741012678678,3
12.83,0.001061836681027164,0.007050034903936484,-0.003259034773513533,0.007839119653307244,3
12.84,0.027361477598497802,0.021048319360415593,0.004063791005702694,0.03475912256673308,3
12.85,0.0063004106505379345,0.0045938633477046065,-0.002917294442577542,0.008325224422650084,3
12.86,0.004417217064354544,-0.005350951626789497,0.012129821891034507,0.013974157184391697,3
12.87,0.02020175525109434,0.03477537476348082,0.012383231389401981,0.04208066093598254,3
12.88,-0.008726979319690143,-0.012712556614828322,-0.00967354531399666,0.01820293225481712,3
12.89,0.02773214138154997,0.02037739871998076,0.020213489308515124,0.039911091117943706,3
12.9,-0.005573180902662341,0.004122912589508563,-0.003947687737256397,0.007977655800134082,3
12.91,0.018940310064514364,0.013596868807753524,0.02219129456918231,0.03218794403765834,3
12.92,0.020073530454689938,0.007595958393714716,0.01060540195641654,0.0239399197887456,3
12.93,-0.005964542050814439,0.0022941040825877673,0.0007090697823911606,0.006429732138587099,3
12.94,-0.007088753486790398,-0.015678570985740384,0.0018337915741691788,0.017304069050049387,3
12.95,-0.005361502150021161,0.010183333163624502,0.006503189258493144,0.013218829379254305,3
12.96,0.001619656791297188,0.0033916349328148446,-0.0019051905692639335,0.00421381380038289,3
12.97,-0.019125175293931145,-0.015414900083387528,-0.00020901275572436824,0.02456491727925153,3
12.98,-0.009183614853486179,-0.017759588700346777,-0.007875382029260816,0.02148868108306001,3
12.99,-0.011713967509981556,-0.01741560414241842,-0.007439960617146331,0.02226821314014695,3
13.0,-0.02119758896398652,-0.015255057512161543,-0.009485389612856414,0.027785376975905215,3
13.01,-0.01874660375140519,0.0020193567926269414,-0.002913388968686599,0.0190788047149446,3
13.02,-0.0029842508361867274,-0.00022517009356874652,-0.003324185964618081,0.004472881280749891,3
13.03,-0.0011433134807844628,0.001976157253564288,0.009389837049535528,0.009663405353341457,3
13.04,-0.009381592130346377,-0.0034782600923672848,0.0037369862528438087,0.010680713011043577,3
13.05,0.003010297627109414,0.021019545102159257,0.0015922143678084848,0.02129362145569756,3
13.06,-0.0035993573326016503,-0.006050673304738725,-0.007416027328001995,0.010225628683758448,3
13.07,0.021612990755208967,0.027652834606664324,0.015732557420842282,0.038461851153687075,3
13.08,0.005970697528558172,0.0009908555783002416,-0.009886962079020154,0.011592370029746371,3
13.09,0.021065578998350747,0.009117001792640154,0.013927275792246972,0.026848600544834143,3
13.1,-0.01237471297093457,-0.00929918557251488,-0.01051153912651659,0.01871098148770861,3
13.11,0.011203408757453992,0.007166037866398349,0.01257911645324465,0.018305808838550184,3
13.12,0.013275789025995547,0.013789159896570586,-0.0023407779500275398,0.019283846772033566,3
13.13,0.002759669568584709,-0.016660101386983227,-0.0027313155036338107,0.01710657296867854,3
13.14,-0.004121885315243878,-0.0017024399513220002,0.0007740163802469088,0.004526294477469502,3
13.15,-0.0017640735301054616,-0.006024829022440137,0.0028158396268073036,0.006880368665497076,3
13.16,0.006723549202000508,-0.0010851377040164813,-0.0007309971268817258,0.006849671124069328,3
13.17,-0.018802062352931304,-0.023527663211112788,-0.0104536777684438,0.03188021116281263,3
13.18,0.002390578247081612,-0.001245026458004228,0.006791577779753281,0.007306879222690687,3
13.19,-0.00344215152418639,-0.006542362602488796,0.004491805558355725,0.008650273562840545,3
13.2,-0.01104479877227714,-0.011144405717698177,-0.007080727141108035,0.017214007539430854,3
13.21,-0.010536866738789329,-0.020484663076623916,-0.008384381183935263,0.024514176100194185,3
13.22,-0.006534299831309485,-0.003788811656342636,-0.011154552071496508,0.01347131025432998,3
13.23,0.013865949992507785,0.003373134929074118,0.0077614972052941975,0.01624448975229004,3
13.24,-0.0001281067545021164,-0.013169958030329866,0.004818126175296072,0.014024212837171016,3
13.25,-0.013530768536879957,-0.01385683428185734,-0.005180708814428815,0.020048274173438917,3
13.26,-0.005174770048134301,-0.009814942944696063,-0.007878624056783102,0.013608235267176574,3
13.27,-0.01142285471574776,-0.007666900381191354,0.005578834631381015,0.014845415694970925,3
13.28,-0.018291361594006173,-0.01729603677915248,-0.020851535308825195,0.032688122031766575,3
13.29,-0.00784457465790293,-0.017087526546626045,0.0017393000716936966,0.01888242780429615,3
13.3,0.008757558475533854,-0.0009765386125413882,0.005241172472387157,0.010252723881949031,3
13.31,0.023220774945825917,0.00244132970561268,0.013261421510302171,0.026851997696449116,3
13.32,0.019849813088965926,0.02299189301736182,0.00421143852655812,0.030665590466378963,3
13.33,-0.006642066031841001,0.005733445739927558,-0.0039034273896331115,0.009603446600578748,3
13.34,-0.0036213020073509773,0.008816405285533844,0.00013051733439026106,0.009532044122947064,3
13.35,-0.007071364556868043,-0.009668736096025449,-0.0036970320077441034,0.012536215539667439,3
13.36,-0.02888734219133565,-0.00984426301248996,-0.023761880465546358,0.03867835333099526,3
13.37,-0.002191833991225636,0.001721699239349081,0.009288681724579088,0.009697834433335972,3
13.38,0.007201549151326337,-0.001536159664077291,0.007141882357204803,0.010258098278758123,3
13.39,-0.007524034872606392,-0.010294975146042586,-0.0031782581496612038,0.013141496828280997,3
13.4,-0.021399011882985645,-0.016355154054939525,-0.009035011594857803,0.02840845311255403,3
13.41,-0.017510550906601544,-0.011437772270534557,0.0022226802581202677,0.021032886989073348,3
13.42,-0.011895304959037008,-0.005423476360782536,-0.009809259807669193,0.016344233046515572,3
13.43,0.0013638201815772862,0.0009403828715903069,-0.0051956770543672304,0.00545338293961978,3
13.44,-0.009357373871418606,-0.009338326959550013,0.0008896439101615536,0.013249764619035832,3
13.45,0.0017570040213123464,0.01204662854119177,0.0035667930923936136,0.012685832069845112,3
13.46,-0.0050565135603761755,-0.004449819966639347,-0.008334741757134227,0.010716209557482873,3
13.47,0.0008765520728190746,-0.0007546379944794645,0.006926544910687803,0.007022453021476933,3
13.48,-0.010970600978410483,-0.009417587844295132,-0.0031670229018175063,0.014801185111103538,3
13.49,-0.0056678573411694825,-0.004873103399732267,-0.007938283485404403,0.01090358144276344,3
13.5,-0.010466325178010593,-0.018225814216177687,-0.0017679030675884677,0.02109146149110753,3
13.51,0.01348754549386613,0.0014165021361272918,0.008113555076545003,0.01580348498689105,3
13.52,0.0039246937728538035,0.02231518074242559,0.0012378439383598772,0.022691469110516702,3
13.53,-0.035208710279201715,-0.03784944941859737,-0.013538054783939532,0.053437000553443054,3
13.54,0.013628836850722269,0.011714399072839145,0.009890120392988588,0.02051308901480098,3
13.55,0.01879381750918127,0.015895868634605785,0.013942368434204645,0.028289147278985956,3
13.56,-0.003968789678930856,0.005323639062519245,-0.0011421831408391534,0.006737730085925531,3
13.57,0.009730312719345345,0.009745464264849499,0.002754948800385181,0.014044315656038786,3
13.58,-0.0006794020077725751,0.014651351784162004,0.0011286350320144315,0.014710455914991987,3
13.59,-0.025856476408461594,-0.016182366689103174,-0.004490138425915442,0.03083160240736458,3
13.6,0.02074925160462617,0.025307313576696196,0.013116757217323936,0.03525678491467327,3
13.61,-0.007154826031692569,0.0033114010866204845,-0.0051800370753402394,0.00943343504785804,3
13.62,-0.003931468439161588,0.009583894051517671,-0.0014352444073726124,0.010457886774474746,3
13.63,-0.01496215095103488,-0.010274805550296022,0.0032609905886786207,0.018441031690157643,3
13.64,-0.011520788804075213,-0.004881401442975674,-0.0006886014753727443,0.012531194145310945,3
13.65,-0.0058890813935202286,-0.007075769277379721,-0.0017392152459957634,0.009368706431419495,3
13.66,-0.01955324684377792,-0.012409244061235704,-0.0019566908153065155,0.023241072248322142,3
13.67,0.014647566405958129,0.01197319573903615,0.0033328634230276226,0.01920980469496715,3
13.68,0.00620546167960697,-0.0122754416679908,0.004765892463380307,0.014557058555004184,3
13.69,0.004492692324286599,0.0019997371132188333,0.013275441661858864,0.014156997709970379,3
13.7,-0.0011276742933998786,0.006329609794309658,0.0034138426864793927,0.00727941833859303,3
13.71,-0.006324909895754498,-0.01522895092010514,0.006878892713117789,0.017867417168549272,3
13.72,0.01717679577650533,0.004133023832385596,0.007227000827916404,0.019088052287060172,3
13.73,0.013755845548050923,0.018874270306366042,0.00333291123498377,0.0235917287124086,3
13.74,0.0027201205390130967,0.012649109024336977,0.008185360542346566,0.015310099348617177,3
13.75,-0.005030419847308197,-0.00848744305084487,-0.013233589783064372,0.016506656594475845,3
13.76,-0.011109865882725929,-0.006385028319644272,-0.00391829841169259,0.013399655555942086,3
13.77,0.007322387921799223,0.004501252023670759,0.00948033267450006,0.012796692630406682,3
13.78,0.002599662615273943,0.011235571517882766,0.004544919797153724,0.012395668961749151,3
13.79,0.0179641616963263,0.00830814163451384,-0.004531128738978676,0.020304370232048514,3
13.8,0.013487163280918,0.006411844473772356,-0.0020067468865753654,0.015067924740612684,3
13.81,-0.00023791007746900054,0.01055960066600952,-0.0007933688162325444,0.010592034814383883,3
13.82,-0.0039057488270885917,-0.010760668840012562,0.0010916073044728795,0.011499498871337818,3
13.83,-0.01874499928755325,-0.01710516984967712,-0.005350469150919725,0.025934327714664567,3
13.84,0.006226871771720101,0.005421997145510941,0.0027651090133032036,0.008707342474189472,3
13.85,-0.008238053522034326,0.006423521044250243,0.0006743158463888527,0.010468134996192924,3
13.86,-0.0007277403621751962,-0.010057116918144792,0.0022938874555555482,0.010341040875981885,3
13.87,0.006350850256055322,-0.0012391027802824365,0.002086219032884053,0.006798601659761313,3
13.88,-0.013701681214915702,-0.004850770277138933,-0.0029401550727899003,0.014829381384562221,3
13.89,-0.015426976882026024,-0.004823284067675774,-0.010826943191796409,0.019454520908890226,3
13.9,0.02600444027161389,0.019895553606273708,0.015522923955032197,0.03623568869572866,3
13.91,0.005681883684558178,0.0030435489684866646,-0.0025245683884309923,0.0069224589616905426,3
13.92,-0.002507801555728951,-0.000718241854966211,0.00179616777116934,0.0031672004463452084,3
13.93,0.01793286876449461,0.0004948623610992308,0.010846923484975679,0.02096397910631319,3
13.94,0.0013237743800537448,0.0017380183144909984,-0.001197544617994467,0.0024914251710377176,3
13.95,0.010486263154080293,0.019197367441990458,0.008528519629193576,0.02347842155480128,3
13.96,0.000780563749711396,-0.010014791536330343,0.009607443347728265,0.013899938739552973,3
13.97,0.007792578531989753,-0.0008176027570896728,-0.002613426597130739,0.008259706594317897,3
13.98,0.004449695915125819,-6.0244420415539283e-05,0.007727550341667653,0.008917312230167028,3
13.99,-0.002175175809789834,-0.004194033841490499,0.005540131513444679,0.007281096541958858,3
14.0,0.008310094059502157,0.020547985365919716,0.002495984134619642,0.02230487172516571,3
14.01,-0.00416072968136999,-0.01036777090725301,0.002933081356271461,0.011550121701056763,3
14.02,0.00823422755809843,-0.003289732512039961,0.002177966706635296,0.009130628809371905,3
14.03,-0.004620424120888137,0.0029342766747001373,0.005458026939045896,0.007729706121705076,3
14.04,-0.023816297802733335,-0.02184626095402864,-0.027151041315298368,0.042209645855006125,3
14.05,0.0023257678410333804,0.007929434575835139,0.009715930512011648,0.012754780847081372,3
14.06,0.0009969250626548874,-0.0008786469429789814,-0.006225052699120241,0.006365309194201013,3
14.07,0.01940324154965495,0.017254428051918607,0.009271278396464086,0.027570957058793477,3
14.08,-0.007786519477291912,-0.017993579832377565,-0.008387635761344017,0.021324897055305284,3
14.09,-0.0055043298167408855,-0.00020777960840929859,0.006502112803955353,0.00852163658063952,3
14.1,-0.0010354744538606415,0.0010175395335171554,-0.0018403148138309185,0.0023440035539379696,3
14.11,0.0069383804038898895,0.002813820589028884,-0.0001303549546349844,0.007488371074574494,3
14.12,0.008102539015527066,-0.004190129930501073,0.010367214397286153,0.013808963092568412,3
14.13,0.0026327566304303928,0.003577611428794966,0.0055775634293130285,0.007130212115956275,3
14.14,0.0007004419911949766,0.006282677721699964,-0.0016866095831516868,0.006542729569816663,3
14.15,0.013407173624091676,0.0051357919513339385,8.60928396652725e-05,0.014357439727575652,3
14.16,0.004329387717383344,-0.0010613506840473036,-0.00480924309817638,0.006557353312069938,3
14.17,-0.00874375913828227,0.0002304790934369045,0.0037157234947896587,0.00950331760863216,3
14.18,-0.010337355480785113,0.006445620133899582,-0.0021382317106258203,0.01236846684496407,3
14.19,0.004480804610830044,0.010653516174441659,0.003056826400909813,0.011954882035588017,3
14.2,0.00910739357618583,0.008210883400527563,0.0070517066775010896,0.01414530985995441,3
14.21,0.0363722371009837,0.02351475948437731,0.004675580268614711,0.043563110497145945,3
14.22,0.0037586120614119273,0.0024110207890416444,-0.00025578013570482687,0.004472763055562343,3
14.23,0.0038235880004493994,-0.0079274195558167,-6.719755744923907e-05,0.008801609030333762,3
14.24,-0.003789362825292216,-0.0038876386929133913,0.0041831043037934765,0.006853565994776694,3
14.25,0.006199568528890748,0.013298774297888874,-0.006024738296980343,0.015861573670909956,3
14.26,-5.0354674610648444e-05,0.00028183058918357834,0.006299235007753014,0.006305737526820778,3
14.27,-0.012983379908475454,-0.01409236452961649,0.004924016095899747,0.019784054852230795,3
14.28,-0.018933983028356496,-0.018997775996764228,-0.01883483742059449,0.03277441543035588,3
14.29,-0.01254163585064118,-0.009033274726479868,-0.005543816248260653,0.01642031000586246,3
14.3,-0.01811907909331872,-0.022560450103984553,-0.005157535795595114,0.029391752441240402,3
14.31,-0.010403205246930234,-0.014550681207267747,0.00055690876411484,0.017895785827306925,3
14.32,-0.004937652398953166,0.008806183441299369,-0.015209132880486339,0.018255054121831406,3
14.33,-0.011112712148392746,-0.016067702301432195,-0.0029750179223032584,0.019761431126781043,3
14.34,0.01430995673607098,0.003604649993066411,0.005127025592646376,0.015622251911564728,3
14.35,0.012980429238218363,0.011417003412827724,0.004141536152074305,0.017776159085580116,3
14.36,-0.001398962348590103,-0.004513387700548243,0.0117847898937539,0.012696812081312259,3
14.37,-0.008037203926822003,-0.004916971237741342,-0.00491010078117769,0.01062461024204749,3
14.38,0.005063142883517937,0.010447205904107075,0.004977548311069282,0.01263152857934291,3
14.39,0.005260203984785271,-0.008694498925247051,0.001645102380549115,0.010294193478129375,3
14.4,0.00699365545552687,0.01092952991043077,0.004594510073776079,0.013765005031297716,3
14.41,0.003218812528813257,-0.002405949131320315,0.004764289189856835,0.006232800077231169,3
14.42,-0.005004028470894491,-0.005791431475499853,0.0031082245751364074,0.008260874014437876,3
14.43,0.00697981894332971,0.020262608375401534,-0.0015209084767436347,0.02148497924716678,3
14.44,0.0007861104640833304,-0.010670711983211803,0.0012695079365946734,0.01077467931269781,3
14.45,-0.00012039346382770313,0.004641346273181566,0.0010735972119685962,0.004765417168229408,3
14.46,0.0019292677028846944,0.010374722646420767,-0.009020073583589333,0.013882315055959363,3
14.47,-0.002317291496948209,-0.007090349641842541,-0.006764756853463584,0.010069996683807182,3
14.48,-0.0027835185096619416,-0.00729029347279117,0.00409295787744902,0.00881184761554716,3
14.49,-0.010282737046250498,-0.010147259111022698,-0.007397012182724824,0.016230136717229005,3
14.5,-0.0026096034199578544,-0.0073423698345393175,0.01449769425037,0.01645914831860446,3
14.51,-0.01639235821975292,-0.010942882787794674,-0.0015981393880744599,0.019773976363286903,3
14.52,-0.02104474567599668,-0.007590473372123938,-0.006759046818570228,0.02337052246904052,3
14.53,-0.018225880366004532,-0.015663986006491323,0.0008607355874318233,0.024047537056400125,3
14.54,-0.014605385124528003,-0.002795334777012504,-0.0019360836970722505,0.014995985837330882,3
14.55,-0.020346856066765583,-0.003034714556661898,-0.008050704449071654,0.022091126869591627,3
14.56,-0.023213297481487632,-0.012800833207518077,-0.01893097761771735,0.03257453644080377,3
14.57,0.00537058742888933,0.007963279691772789,0.0064087890268154195,0.011546844139026678,3
14.58,0.01690476991451527,0.007081702369669834,0.015987428481515457,0.02432117644701546,3
14.59,0.010458990001743,-0.013662442659187039,0.0011493188548569715,0.017244527975629358,3
14.6,-0.0001862508397109516,0.004555261783976979,-0.011039964063800495,0.011944283395242283,3
14.61,-0.013601243934642895,-0.0031490617652126796,-0.012536283365958552,0.01876349720074575,3
14.62,0.010111721669186795,0.009017759748191884,0.015104473959302851,0.020290688494441718,3
14.63,-0.011306056058938642,-0.0006360861812404525,-0.004606529219291413,0.01222504072328652,3
14.64,0.006461591468039053,0.00013700891230379597,0.011666324413147527,0.013336943467477387,3
14.65,-0.0031876257468580593,0.0019167863488226563,-0.0013201633988068635,0.003946879680027575,3
14.66,-0.022578467388102166,-0.004027776226930022,-0.013139446068957493,0.026432086825085493,3
14.67,0.020544430105847184,0.019706444351622585,0.022052560839631415,0.036010179074024096,3
14.68,-0.014529674692282942,0.0005712738916311584,-0.008768061438981643,0.016979891104497217,3
14.69,-0.0060117698581363035,0.006585013237661742,-0.00419971135278827,0.009856031230374386,3
14.7,-0.0054295561912667545,-0.013571764604958394,0.0003203317922096296,0.01462106314135962,3
14.71,-0.01134918591206004,-0.0021909815270407373,-0.006847733405959884,0.013434875277330817,3
14.72,-0.0014837895064956216,-0.006094289047830314,0.004001321606817591,0.007439930436454117,3
14.73,-0.016727560279520617,-0.020569159386817776,-0.004851791458738798,0.02695257819104511,3
14.74,-0.0033887542665754873,-0.0046573624527807365,0.0013882204348793139,0.005924680284337871,3
14.75,-0.00363279426658966,0.011490316348826628,-0.005334619555181177,0.013178874374467669,3
14.76,-0.022860840475056213,-0.02035298923056999,-0.020261775850084436,0.03670697152374098,3
14.77,-0.0018527225948269587,-0.015362637213746868,-0.005826851985622475,0.016534672879647033,3
14.78,-0.01530214427302818,-0.022268365788125268,-0.011349983731314673,0.02930627688614548,3
14.79,-0.014396544363755205,-0.006250546132772464,-0.004722654785836299,0.016390036144001363,3
14.8,0.0053569845215523885,-0.002320713061248175,-0.0024798554856934065,0.006342923261929268,3
14.81,-0.0009040150067626124,-0.01697829881777398,-0.00919860211575751,0.019331170548161223,3
14.82,0.010270358360498093,-0.004051649914430647,-0.002257907034169419,0.011269173530348653,3
14.83,0.011700470316978904,0.009525675482012441,0.007590909632663198,0.016889683480704316,3
14.84,-0.0092747398861764,-0.00025643274431759715,-4.9123513403831476e-05,0.009278414241030566,3
14.85,0.016846946352205336,0.008227137609174921,0.004541289635467448,0.01929063778592064,3
14.86,0.010826390369310239,0.01277030386933734,0.0024714459706367837,0.01692333993423528,3
14.87,-0.0007930480676215509,0.00676430365583901,0.00332698726529351,0.007579813549776832,3
14.88,0.0029451992709352854,-0.004208044248316972,0.0023182657934345628,0.005635263208610585,3
14.89,0.011759927745074878,0.007262195607634272,0.012408399991552755,0.01857427726624352,3
14.9,-0.003557704749462288,-0.007294248346458454,-0.002546926616560398,0.008505889560434124,3
14.91,0.023385428232902586,0.020680839720471182,0.00553481395178516,0.031705039830615754,3
14.92,0.013778841891475189,0.004747318037238883,0.012718945297915153,0.019343347226070343,3
14.93,-0.004483470214614755,-0.012843846822181784,-0.0038853299916005255,0.014147851267971306,3
14.94,-0.009914401468639974,-0.006519388136942897,-0.009193989390288327,0.015010903339580087,3
14.95,-0.010100696136651167,0.00181227239838639,0.000811578126882778,0.010294029956579081,3
14.96,-0.015153105253818829,-0.0065225916352952195,0.0018765880706133027,0.016603685833600414,3
14.97,-0.005852877050183992,0.0039576681413550936,-0.0015343188012061865,0.0072300374179807905,3
14.98,0.0020868527935268303,0.008812968236377219,-0.00508662205001046,0.010387352290015832,3
14.99,-0.020661068773365935,-0.014125559527424569,-8.87865385128632e-05,0.025028365465407307,3
15.0,0.0053080756861974415,-0.0010642522999217913,0.004648956922410459,0.0071359022495208965,3
15.01,0.011056286820390346,0.0007815637471080741,0.006293751957487295,0.012746122306329327,3
15.02,0.008990721364108188,-0.006399358640543103,0.0016219924614869386,0.0111541795396365,3
15.03,0.002662272597973675,0.011379987252832386,0.007976982730633995,0.014150055079234924,3
15.04,0.012340618634619098,0.005993592372079448,-0.0010975158672810051,0.013762941505604484,3
15.05,0.022826928738196646,0.0023406863067678887,0.0030497535761326066,0.023148401346108814,3
15.06,0.007207448486277362,0.014919815688962137,0.014610395267199691,0.022090990555852258,3
15.07,0.008212177848796168,0.006502660110908514,-0.0014790615929258996,0.010578850444822806,3
15.08,0.03289343720468021,0.030767560475611244,0.020560143563354966,0.049511013846460485,3
15.09,0.009766071539137541,0.004743916627612348,0.012665350013140184,0.0166820858777504,3
15.1,-0.007729755798460994,-0.011757018991818562,-0.0022174079301364473,0.014244069580230775,3
15.11,0.012755337483517343,0.0124947269243403,0.00045379496309046023,0.01786120838859407,3
15.12,0.00483828745766872,0.007615881350273777,0.005955896258805027,0.010811261467105959,3
15.13,-0.010115944123363212,-0.009320367115258528,0.0037984742214652867,0.014269897514745352,3
15.14,-0.01758003490119149,-0.0017977999450890392,-0.005856111052186732,0.018616759879882875,3
15.15,-0.0031964477237905057,0.0053262402001376385,-0.0059171235122284244,0.008578954678715478,3
15.16,-0.008011823291722566,-0.00109016434821231,-0.0017689140938546139,0.008276885152962972,3
15.17,-0.022855809567209884,-0.024878843896128294,-0.01859286963316007,0.03856215380105433,3
15.18,-0.008971994471311565,-0.016287268333482,-0.00987938723993615,0.02105645000461151,3
15.19,-0.009065552848294016,0.003246253685725958,-0.005631348906472414,0.011155021378004129,3
15.2,-0.0067419208660405945,-0.022226101302977138,-0.0026647228137930776,0.023378490622118976,3
15.21,0.0016520386549766985,0.0004285920042080988,-0.006468770813761441,0.006690135922728341,3
15.22,-0.02329619971006508,-0.015134185012924944,-0.008984874165473574,0.02919733619195547,3
15.23,-0.013229182733040993,-0.013178133443664829,-0.0028231820738415596,0.01888504259633236,3
15.24,-0.003466670178049436,-0.0027092390654256415,-0.0028483482316131055,0.005241265694995743,3
15.25,0.02035658792609367,0.017611988234764307,-0.0037887337569349963,0.027183217341867346,3
15.26,0.03455794028621197,0.019492792307375058,0.016177804169705816,0.04284788835540444,3
15.27,0.007401816617141106,0.012232554115296872,0.014219978152936935,0.020165069999567478,3
15.28,0.0084882488392222,0.01060157846443955,0.006566050989019228,0.015084987898060306,3
15.29,-0.021430752337715166,-0.016441195482301135,-0.009550096473576046,0.028649509547326164,3
15.3,0.018045277475626374,0.006020243724805441,0.005885676030697854,0.01991272347060389,3
15.31,0.01130085997721094,0.007185314992640756,0.008548093671577515,0.01588735639387685,3
15.32,0.007532788156108418,0.02215831353452858,0.004640408017651789,0.02385931982830958,3
15.33,-0.012927867516038104,-0.015108937007427858,-0.0015736685423411558,0.019947084215188204,3
15.34,0.023510980650051937,0.028703932256805648,0.004001930565062201,0.037318861000544795,3
15.35,0.015744748126362194,-0.0030201286850850186,0.00781315139811948,0.017834337823619793,3
15.36,-0.001018827851361724,-0.007599469308388017,-0.0032256466348863384,0.00831833758469776,3
15.37,0.005676098966319576,-0.00036776833553877307,0.004783813027529441,0.007432241930026195,3
15.38,-0.006781491530005027,0.002845665775938532,-0.014725112579815784,0.016459507330662326,3
15.39,0.0018964594447921073,0.0017703788557338494,-0.0015029795241887378,0.0029982907078369312,3
15.4,-0.023553846980391906,-0.006007120721541555,-0.007344526365898435,0.02539313439649127,3
15.41,-0.034417739932959136,-0.026753555816022668,-0.011265633645197413,0.04502497165264687,3
15.42,-0.021049624420560045,-0.015165615322739608,-0.009655267731537555,0.027682246500810272,3
15.43,-0.0136999553469014,-0.012219419621234729,-0.019127426576383007,0.02651153409031306,3
15.44,-0.00962210954918029,0.00947573356466912,-0.00048190694447958335,0.013513206616793852,3
15.45,0.005756275633031602,-0.004932538496879946,0.012095169546214986,0.01427437464613853,3
15.46,-0.0004618735091357928,-0.004388886984486424,-0.005240545425713897,0.0068512022638370996,3
15.47,0.004314507512306872,-0.00480354314640216,-0.0006137119999067276,0.006485803285016367,3
15.48,-0.00790587830316081,-0.0009476150438368931,0.0012815979460693715,0.008064947570261327,3
15.49,-0.0078100651056081955,-0.01459512363036515,0.0014849556219711621,0.01661986293381223,3
15.5,0.00846231707217784,0.020500793660590846,0.010390252367666445,0.024491849566906792,3
15.51,0.0013366387564943726,0.0015810862119483575,0.0066892904707448525,0.007002359871998433,3
15.52,0.007127590292149195,0.008288353782118733,-0.00598585334044209,0.012463137325873574,3
15.53,0.012257544435961915,0.01228510109315843,0.002639601254506623,0.01755387704330574,3
15.54,0.023581919507514655,0.016346869650039255,0.014370492723200182,0.032091091226722476,3
15.55,0.0015260888609705675,0.0020415771201030713,0.0001697376488583503,0.0025545636062440794,3
15.56,0.0212500593968795,0.015552891775320066,0.011757876889600134,0.028839298464018125,3
15.57,0.0021254008113496124,0.005641725646700954,0.00017389217459991583,0.006031304615911551,3
15.58,0.0035094119230024597,-0.0041223641851566226,-0.001035841819903869,0.005512061936901254,3
15.59,0.006247681877043038,-0.0035632466669496786,0.001360219185053427,0.007319866930323762,3
15.6,0.0011459216468267842,0.0073698897857220015,-0.006215291899775981,0.009708669593398295,3
15.61,-0.017600021610635737,-0.012335357448040327,-0.01226078196571831,0.024743657338329197,3
15.62,0.005181801264422775,-0.01242435745522377,0.0019301920620022396,0.01359931483257022,3
15.63,-0.011499467140827975,-0.011851147473641464,-0.005467258951232714,0.017394779717053475,3
15.64,-0.0020119701034740293,0.010831415408267701,0.0024999790849734357,0.011296790644649342,3
15.65,-0.0021987398458186377,-0.0028221347683746035,-0.0027004456492069617,0.00448233290427877,3
15.66,0.012085963138772799,0.0042122436367475835,0.015493310296860859,0.020096172904359427,3
15.67,0.005357877689766808,-0.00820783627855144,0.009790595690475353,0.013853923404161026,3
15.68,-0.013761059268330957,-0.014175389572873353,-0.009206659093490329,0.02179612335698695,3
15.69,0.02996937470627767,0.011668534693823363,0.014673088224164254,0.03534993126188993,3
15.7,0.016486723419353966,0.01497434301544952,0.014696077151017208,0.02668365944692119,3
15.71,0.0009302165205361951,0.0010454934937842158,-0.003425630446020415,0.003700446374875012,3
15.72,-0.005659738431705674,-0.006869520287636091,-0.007033316010418416,0.011344182747116606,3
15.73,0.019176945977336775,0.007326119649913555,0.016425730619293036,0.026291289670157363,3
15.74,-0.005282539240214784,0.008513746464270132,0.0017711321812409965,0.010174773161388349,3
15.75,0.01514680162797417,0.004960228836658134,0.013258889351627974,0.020732284401578364,3
15.76,0.016505794491432208,0.00594126641179026,0.00932019604949871,0.019864691106844634,3
15.77,-0.006282783298132112,-0.006341692633264083,-0.00435658985058081,0.009933292835322408,3
15.78,-0.009639751524924493,-0.007572777318868983,-0.012389211651506181,0.01742883619549157,3
15.79,-0.008637670713759912,-0.002189999089891104,-0.003065827509243032,0.009423627204505751,3
15.8,-0.01683960824889949,-0.004344167704248339,-0.00018526417294761639,0.017391909666072212,3
15.81,-0.0037891289288388688,0.004192195265267129,0.005757712634034382,0.00806741928733166,3
15.82,-0.003111835277163139,0.017260870115012098,0.005024212107683494,0.018244557084854326,3
15.83,0.0007358948787946958,-0.013027865478525856,0.00505448905362543,0.013993379855932636,3
15.84,-0.01775435632175261,-0.010581238790471056,0.005276954518141728,0.021331339192072838,3
15.85,0.0031993479109096367,-0.0019245111244223785,-0.007870627937315527,0.008711277417848603,3
15.86,-0.017294783247670982,0.003971730675705349,-0.006396992435782343,0.01886281220729603,3
15.87,0.006513053043718741,0.005963964925228639,-0.0026897246259638104,0.009231649697814988,3
15.88,-0.019225167862590136,-0.029694994699847307,0.0006633153036724876,0.03538134786523564,3
15.89,0.019715415709994875,0.01727450121948834,0.005556164469640857,0.02679509232329152,3
15.9,-0.0031417472816563027,-6.45635831275403e-05,0.004637227097004943,0.005601662216454856,3
15.91,0.012264325637645852,0.01464699447651537,0.002822915764326475,0.019311058592261898,3
15.92,0.01476015999828095,0.004543865295716092,0.009163663264914298,0.01795777712951149,3
15.93,-0.007614209147217395,-0.002707328259004544,-0.004077495687528942,0.009051617442280177,3
15.94,0.01801961266788485,0.010449837742674082,0.008026116878186614,0.022323174095345937,3
15.95,0.0011121563087747206,-0.0045923856800953716,0.0025022569413974145,0.005346792280485935,3
15.96,0.0031393343981045993,0.004939324906382883,0.00692974680973361,0.009070487409227257,3
15.97,-0.0026969921365508857,-0.0006656169497098712,-0.0018695387467309262,0.0033484306225285043,3
15.98,0.02280707290465016,0.024365376577554457,0.015611354421248565,0.036844925527267716,3
15.99,-0.012783987672916317,-0.008732879745675727,0.0004742083440411639,0.015489299629979011,3
16.0,0.004130533133825339,0.007722593867376299,-0.0006439045615440357,0.008781478981039825,3
16.01,-0.010720932491095363,-0.01716412108171201,0.006486734498388009,0.02125142749179151,3
16.02,0.00791676199549426,0.016697870732218793,0.008033627028546726,0.02015026478031958,3
16.03,0.0211647452628959,0.008597716307601321,0.006935636121262507,0.02387404901050154,3
16.04,-0.015223307518608883,-0.0034328712162879204,-0.0031663488163832763,0.01592355052809403,3
16.05,-0.006319156940685265,-0.002318459842003972,0.0033869331309382797,0.007535138785280814,3
16.06,-0.01230814141426555,-0.00752510914052617,-0.002000588882330277,0.014564338932011051,3
16.07,0.005714419432138836,0.010082856895731044,0.0037827253038768146,0.012191292111617494,3
16.08,-0.008231659604062162,-0.022882015274949746,-0.02441246928455184,0.03445744476088396,3
16.09,0.007543751207174702,0.0006924312639261937,-0.002409442113314273,0.007949405929277014,3
16.1,-0.005898595641090293,0.0018400196715954251,0.0014172073620819397,0.0063393674476312535,3
16.11,0.028087875268381735,0.035038257666958075,0.006716169736065275,0.04540611383230187,3
16.12,-0.022941617282603886,-0.016253997844385304,-0.0072405446484651425,0.029033355580662196,3
16.13,0.00979794010658757,-0.012642475506050426,0.00971748360916624,0.018715269299365605,3
16.14,0.006636094413485418,0.002107514284021392,0.0023105591157394486,0.007336078581188538,3
16.15,0.007135244228884419,0.0045134721004934765,-0.007377139052282057,0.011211838439991293,3
16.16,0.011424284777777878,0.016872674230455936,0.0007204162674122536,0.02038922308400228,3
16.17,0.008349432539262885,0.006231347032759372,0.00786590117684433,0.013054313880639684,3
16.18,0.009299295875642658,-0.0037042938430354097,0.011726452967905254,0.01541779477963008,3
16.19,0.010044593417422462,0.014739187778693402,-0.007969738297082793,0.01953597301955804,3
16.2,0.02419036144678896,0.021479787580170627,0.011370527858290564,0.034290578373537356,3
16.21,-0.032191321066963326,-0.02812667413403354,-0.02329110031453204,0.048681272618328525,3
16.22,0.020872138193571897,0.020369477565727427,0.009935162377103983,0.03081021292577606,3
16.23,0.027242132784629558,0.014696578245832075,0.011316822290611386,0.03295745253426806,3
16.24,-0.026386532513212282,-0.020856237106970696,0.002288403752137281,0.03371154870464699,3
16.25,-0.0062575732702424315,-0.008617807954955016,-0.0060486725594835426,0.012247868259937634,3
16.26,0.008724627324435331,0.0036277099659492444,0.010218849168985078,0.013917768495193406,3
16.27,0.003025309765232683,0.00937179893775472,0.007415130142923474,0.012327500539111934,3
16.28,0.012505839488088737,-0.005532195543968036,0.004458291073004651,0.014383239139017758,3
16.29,-0.002134115772722384,0.007339153708719348,-0.0002472546869042155,0.007647140784096206,3
16.3,-0.0294396685632018,-0.019197169178866845,-0.01324498937603975,0.03755868918325842,3
16.31,0.012573756110528944,0.005680946484332294,0.001195622171035686,0.01384926019904253,3
16.32,0.006760528938413026,0.004898474949602829,-0.0019394043865504367,0.008570944973197383,3
16.33,0.019018382298535485,0.006041059902283178,0.00609927443460331,0.020866106935047254,3
16.34,-0.014814603026773567,-0.023424010061423986,-0.013497013158289417,0.03082735918617776,3
16.35,-0.009121717778472226,-0.01343142837892437,-0.007107115856967016,0.01772343362141273,3
16.36,0.007096742906089827,-0.010196194441606812,0.002020735579642944,0.012586084110994366,3
16.37,0.023760750061099477,0.0058113877702105545,0.011663252651833163,0.027099389913839107,3
16.38,0.027331538194330214,0.006150064191846605,0.01496129545263012,0.03175966988576638,3
16.39,-0.0011418786688367558,0.008991235606267899,-0.0016918711570665535,0.009220012615711424,3
16.4,0.001644993785805497,-0.00912219352780601,-0.0038742636800107727,0.010046409227994605,3
16.41,0.03940708174734966,0.027254986394855383,0.02028653417591302,0.05203168115769985,3
16.42,-0.0036731762413428812,0.006362669981143633,0.0030928720017668263,0.007971301663356196,3
16.43,0.008838660548029245,0.012987773101611255,0.001062238632236891,0.015745873152481635,3
16.44,-0.006973441467410342,-0.0072424974926735145,-0.009033771144455844,0.013516348505464902,3
16.45,0.0019869712786131513,-0.0009337304311945772,-0.0017834524161598816,0.0028285349389531875,3
16.46,-0.015961259958805332,-0.009731675953137212,-0.00827197381353321,0.020442428600858816,3
16.47,-0.017018855594294245,0.004984626986959855,-0.0007880825791892598,0.01775131054570875,3
16.48,-0.01224366360284778,-0.005266186731751914,-0.0013469550127475924,0.013396055722478362,3
16.49,-0.014528300637485947,-0.0048240511197298,-0.006557413664069195,0.016653608094964356,3
16.5,-0.011172831787693533,0.010310192168947584,0.006376371185324329,0.0164860650917603,3
16.51,-0.0001351056202202744,0.0021280369968135356,-0.0002694928588162268,0.002149283924793376,3
16.52,0.017844923871954434,0.021674318307858938,0.01651287915744882,0.03257134569180011,3
16.53,-0.009923815550685187,-0.0031248688159972067,0.002861860407543706,0.010790605413667909,3
16.54,-0.012465191885421181,-0.005020373689377607,0.001294514998129991,0.013500404801403123,3
16.55,0.0017940721617756546,-0.006450860824174092,0.0027343016682253233,0.007232475779937476,3
16.56,-0.006390150940028811,-0.01350632235332815,-0.002175028227016681,0.015099189393364203,3
16.57,-0.01396273351953932,-0.013872445120452385,-0.006252313963681372,0.02065173336207097,3
16.58,0.019799698611503956,0.020915270763460662,0.01401080620664983,0.032027789601774916,3
16.59,0.008788888633075215,0.012827951284467093,-0.0007809020850408459,0.01556954416891133,3
16.6,0.010118686520759196,0.0177485708022412,0.002975678091878053,0.020645925567386064,3
16.61,-0.015648208719274158,-0.011042575581791985,0.002960096038536219,0.01937955314652312,3
16.62,-0.0006504969739233729,0.0038465874397673244,0.0034476040656811163,0.005206280345751674,3
16.63,-0.012256139733334637,-0.004243333076058648,0.0002094058092547476,0.012971610830978048,3
16.64,0.0024689310465327813,0.0008682980327609292,-0.006215901218925851,0.006744404343578003,3
16.65,0.0020844500194738768,-0.0011131623799470623,-0.001654278215305283,0.0028845621472673604,3
16.66,-0.00020495814604475668,-0.012023456723805798,0.0019107636391398235,0.012176064106086163,3
16.67,-0.011944191306915564,-0.009581210431022114,-0.005623734231273508,0.016312255699434144,3
16.68,-0.01598659234846986,-0.012022618795049915,-0.014546076621335332,0.02473262708814009,3
16.69,-0.009408888649623158,0.00248887666169765,0.00032453386155207806,0.009737916352354062,3
16.7,-0.0035650993599021606,0.007368365276022207,0.0048602760343857635,0.009519717612266092,3
16.71,-0.014916262533665,-0.009275677128465096,-0.008424420506271381,0.01948086073640573,3
16.72,-0.018678954090807623,0.003431797569270579,-0.0036311397797540697,0.019335607996209033,3
16.73,-0.017022813340767672,-0.010396073464408557,0.004514289720887053,0.020450753756184735,3
16.74,-0.012529020613598268,-0.0005069518840614233,0.003513900282261421,0.013022321334631574,3
16.75,-0.008022445780112374,-0.006416305060965471,-0.00505365548143207,0.011448495126226083,3
16.76,-0.013519549004459792,-0.018584890621435687,-0.012704938752998985,0.0262600806055917,3
16.77,-0.0034102819255529757,-0.005788951729396205,-0.00015367832268429744,0.006720535839045551,3
16.78,0.0188882218654726,0.025014163114279776,0.022581533162081342,0.03863157932957558,3
16.79,0.0023073972309675095,-0.0004984383158587798,0.009066645645569341,0.009368915945749227,3
16.8,-0.00771603003313699,-0.009133206303620158,-0.0035088040450309494,0.012460508925528867,3
16.81,-0.019228352392033042,-0.013492373606157121,0.0007207188722450856,0.023500917363650686,3
16.82,0.029989102060764793,0.01787639473817761,0.020507355995714772,0.04049028749195404,3
16.83,0.021052227111006485,0.02428663150087562,-0.0019231066602593168,0.032198370692000156,3
16.84,0.009619432859903222,0.021817240590580253,0.010698546904368667,0.0261339698744455,3
16.85,0.018472547759320043,0.012978262595902793,0.00902521329505818,0.02431305813240828,3
16.86,0.008797186131746543,0.010481675736738132,-0.001240760241853909,0.013740287335586689,3
16.87,-0.0006979392120966771,0.007286443472977385,0.0002334387453038877,0.007323514953660293,3
16.88,-0.01694529069079274,-0.010993318217343551,-0.005139764273722894,0.020842578986600552,3
16.89,0.018736313165193592,0.0060921225148949714,0.003666638419980565,0.020040150325373676,3
16.9,-0.01117491816077319,-0.011097983556691709,-0.005748096900634854,0.016765579408528235,3
16.91,-0.011796795297216297,-0.004961573085685138,-0.007293315539446661,0.014730038639696566,3
16.92,-0.007446284243847633,-0.0020619015616449824,0.0014207081970168834,0.007856016730580357,3
16.93,-0.0072816359851215085,-0.019434653538515693,-0.005085071438666903,0.02136787149714035,3
16.94,-0.00043222629586600093,-0.0037955265007551045,-0.01039405833620764,0.011073810982911884,3
16.95,-0.0006053701075177231,-0.006319815694459857,-0.00295741479430582,0.0070037736717141336,3
16.96,-0.011333494322027543,-0.0008751117728838069,-0.010778145620469469,0.01566468439447522,3
16.97,-0.0020301172138738506,-0.007007009517375757,-0.00867768269104641,0.011336742705254796,3
16.98,0.006438165045611824,0.0008175424881050682,0.009979369288701785,0.011904039493998635,3
16.99,-0.005754236635920526,-0.007996697364019756,0.002231980040901501,0.01010149211239969,3
17.0,0.021638702104966732,0.02147774502357362,0.003935788162368633,0.030741135121269907,3
17.01,0.005774756915147665,0.011793084493974407,-0.005017639111777453,0.014057075142685416,3
17.02,0.026445827244851963,0.02246066747736017,0.011284741614481866,0.03648573358860581,3
17.03,-0.00878979232363589,0.0026984208400314003,-0.011896237961175301,0.015035371686508866,3
17.04,0.015775130270129552,0.02092591253574471,0.005646217731339458,0.026807243893449535,3
17.05,-0.00340937887073885,-0.01686903433175834,-0.0011111323355045093,0.01724595020975318,3
17.06,-0.001578644514218048,0.0036302396420163684,0.001116528042170127,0.004113075884261088,3
17.07,0.015159176388585292,0.007653034020822428,0.00886244335708317,0.019154959168884045,3
17.08,-0.0005268808926229816,-0.010422803867807766,-0.00492151632306934,0.011538360666058142,3
17.09,0.03111637042718525,0.019223583446226825,0.014425726626534283,0.03931763291170203,3
17.1,0.0039006484360112176,0.008577339635159465,0.009438589865011896,0.013336895893653049,3
17.11,-0.012738553255612574,0.0027249910162161304,-0.018314978522449947,0.02247520307722133,3
17.12,0.00013409557164631436,-0.010666931921265077,0.002014520848884801,0.010856321314599645,3
17.13,-0.010164563213067655,-0.0021678678874417663,-0.011643964544294345,0.01560768742634966,3
17.14,0.0020508443003847947,0.017160622660212264,0.009346242353169698,0.01964803243469418,3
17.15,-0.011454179929404725,0.0066281032497395274,-0.000252326374899069,0.013236074159049404,3
17.16,-0.0023393240898176605,-0.029263967664780705,0.003658187456083868,0.02958436371035181,3
17.17,-0.0035667926167534713,0.014934285742961635,-0.006725350707153553,0.016762614424891034,3
17.18,-0.0032484900076357928,0.005414385823540374,0.00012114243797011186,0.006315293870133195,3
17.19,0.010413241051622548,-0.011169793086482253,0.0069370341989550095,0.01677266556846273,3
17.2,-0.02145512511206684,-0.02114387535437531,-0.023881982958699602,0.03844131850776478,3
17.21,0.0036112214926789263,0.01258996767496604,0.0025041086261850653,0.01333487033073852,3
17.22,-0.003915626757856724,0.00014134541252599575,0.0019175822065282636,0.0043622509042098336,3
17.23,-0.00999621128556756,-0.011588993738241626,-0.012982619596353218,0.020069315571646346,3
17.24,-0.0026834534993410673,-0.0013467154985242022,0.002404347588623594,0.003846485752477344,3
17.25,0.0005125192696033244,0.004726114837244038,0.0008285391826295634,0.00482548594793161,3
17.26,0.005054118730140384,-0.0010962685615346318,0.010561963028712032,0.01176014387315244,3
17.27,0.011209834177688508,0.006829944677806029,0.002565824411170303,0.013375050710263557,3
17.28,0.012366864842172729,0.015832142240009082,0.006630974981990171,0.021155753428895585,3
17.29,-0.0008316394512527499,-0.006188700169998345,0.0016733748401686248,0.00646465910367491,3
17.3,0.020976746608171254,0.0038278170672436246,-0.007405765203856954,0.022572581598442925,3
17.31,-0.0047711498761551,-0.008438302724953831,-0.004274476252136717,0.010594336753604675,3
17.32,-0.025923324698665106,-0.025257626188924978,-0.011147712233818696,0.03787133391075525,3
17.33,-0.008741564952828143,-0.010958032688369874,-0.018072717017491267,0.022871741049124667,3
17.34,-0.005704094727728056,-0.017812535522987925,0.0014784493618207953,0.018761901048030022,3
17.35,-0.0466959213442742,-0.03080217702027562,-0.020497947892291445,0.05957725276625412,3
17.36,0.006524811277033428,0.011508178269232037,0.0034175289560739977,0.013663485406108183,3
17.37,-0.00904318956234971,-0.012824053425703748,0.0002577040154098896,0.015694012714581738,3
17.38,-0.020931140794370817,-0.019867552353362874,-0.011884036527282914,0.031209976219939407,3
17.39,-0.017290684021963404,-0.013602570833915618,-0.007520905201108823,0.023249982844792343,3
17.4,0.005177075815337869,-0.0036664893252940966,0.007520204791970365,0.009838634970534573,3
17.41,0.00877338699769747,0.014011631482827362,0.004280874838522483,0.01707700282851241,3
17.42,-0.00733880280938211,-0.012246451647945291,-0.014365161324146647,0.020253184058542876,3
17.43,-0.013573594835522736,-0.013708712109896902,-0.0057987542182667004,0.020144399096394743,3
17.44,0.006283798739007711,-0.001707484389170128,0.003211322501698952,0.007260456028482826,3
17.45,0.010123664970195099,0.015146382423904963,0.009959101050998793,0.020762591040232377,3
17.46,0.014251640747852058,0.008127517242729579,0.004353831919801223,0.01697414660366122,3
17.47,0.0012171982926405638,0.01679691309879885,-0.005320053143929245,0.017661280440173045,3
17.48,0.00636306909514284,0.007284265761680736,-0.0029847742894531498,0.010122156566430727,3
17.49,0.007282698364463562,0.014365339113199323,0.011932901209262735,0.020044819644361948,3
17.5,0.01727910066690623,0.009501192628854377,0.009511126850109087,0.021892955834846562,3
17.51,0.019800643670723896,0.006319486426715825,0.017259500899745345,0.027016509207903494,3
17.52,0.020913859001985214,0.014374414392725967,0.01862874519763693,0.03148084235097921,3
17.53,0.015052298522028692,0.005104260373686664,0.0023122721741421536,0.01606149953665495,3
17.54,0.018948295622121584,-0.0027244272749314975,0.0036069516583051514,0.01948000285485228,3
17.55,0.007339207491319289,0.013245603739878284,0.002536516158102637,0.01535395386390198,3
17.56,-0.01350199940576198,-0.009189455512344118,-0.002389484858996616,0.016506353881397387,3
17.57,0.010887621444110984,0.002018915455762155,-0.003509968656213877,0.011616204212021435,3
17.58,-0.02450112909711179,-0.014140617275087398,-0.008296114910432839,0.029480296921180156,3
17.59,0.020573446980179724,0.014776873894631852,0.011683538149613915,0.027894941950783878,3
17.6,-0.018680505142404463,-0.0017980279984990827,-0.01515867542646238,0.024124253724076537,3
17.61,0.00506771949473015,0.007009937727185864,-0.004261556190492662,0.009642710665628107,3
17.62,0.01359770668487568,0.008263040428180385,0.008785954871871723,0.018176041021526736,3
17.63,0.003934460133235899,0.008301546965000586,0.014208588439305864,0.01691980035312797,3
17.64,-0.023895827419853195,-0.01701479246878673,-0.012522291448167017,0.0318954779545334,3
17.65,-0.008439513171460283,-0.004436996982450482,-0.0018192853934542118,0.009706808133282646,3
17.66,0.009204682478003757,0.01625261202410449,0.0005120736426197071,0.01868517584991913,3
17.67,0.014134498923186174,0.0005455725831433611,0.00777945377143281,0.016143159859051417,3
17.68,0.005413029355705222,-0.0031170683586294705,-0.001316429227483899,0.006383571717233963,3
17.69,0.008883312779151307,0.0028634653021422708,0.002443871554760317,0.009648066523660181,3
17.7,-0.009856918815195594,-0.009084073961366585,0.01025905279493232,0.01687979302343912,3
17.71,0.02820472394847357,0.028995619627458124,0.0133345583129132,0.04259181677259513,3
17.72,0.0009540470910521471,-0.010649762096096107,-0.0089557164735538,0.013947490674313903,3
17.73,0.013081775667042217,0.008921243892171325,0.00974386607720324,0.018592051347737133,3
17.74,0.01829078515952568,0.0083973247552558,0.015006829503918939,0.025105234843690444,3
17.75,-0.014699643055920673,0.003314109329360925,-0.002561832049464325,0.015284822866755655,3
17.76,-0.0015214139753288339,0.006005790246707121,-0.0017452747381953523,0.006436629621436293,3
17.77,-0.001689885900665483,0.0007266180872198252,-0.006264604400459284,0.0065290854257083215,3
17.78,-0.009679185785229348,0.0009753115338295947,-0.009712292113491259,0.013746508216663293,3
17.79,0.003527723808364974,-0.008086112708477033,0.0004490495237726396,0.008833555313524635,3
17.8,-0.016003270701393603,0.005017746384757094,-0.009402382569260825,0.01922725279135232,3
17.81,-0.0070778512866317015,-0.0116893267068528,-0.006534351445074573,0.01514708178174807,3
17.82,-0.011296186817257093,0.0021482687347326983,0.002208619059467544,0.011708838256498646,3
17.83,0.02251355078723053,0.020172693967831442,0.015658101748206858,0.03404370281456161,3
17.84,-0.011452624238098598,-0.005902238435477955,0.0024482819462537985,0.01311461417566941,3
17.85,0.0076206801534673034,0.01505627296871854,-0.0013009160976690287,0.016925085063395972,3
17.86,0.02252931584946648,0.023743177304109152,0.004613404785826894,0.03305438011606444,3
17.87,-0.007841825078244512,-0.004630220201957004,-0.0030645289596407314,0.00960856375432208,3
17.88,0.006271294375002527,0.0010171169716446105,0.005311957288624514,0.008281337470971518,3
17.89,-0.005180621677520551,-0.0026422035088852023,-0.0019021768411854089,0.006118689163791802,3
17.9,-0.016514542438375593,-0.012382632859801644,-0.005350469546754215,0.02132339637253625,3
17.91,-0.0014209749193065772,0.001837247331883351,0.008870887110994373,0.009169911974267633,3
17.92,0.0008588149030373006,0.00876588702498959,-0.0009238685878896936,0.008856177027377508,3
17.93,0.0006454149102665943,0.004200338355373683,0.00513326297876171,0.006664067190173226,3
17.94,0.0016995065864464265,0.002668612273398428,0.0038725695695201014,0.005000660873712655,3
17.95,0.0034539710322921643,-0.00281395557960103,0.002126215687007405,0.004936502308675398,3
17.96,-0.013172673266183184,-0.006623617443612846,-0.0013614839046396056,0.014806933086886773,3
17.97,0.0031195687585915525,-0.011383766253873981,-0.0032039216992257825,0.012230574705106474,3
17.98,0.011261324151167571,0.0015028671776575854,-0.0007468464316155539,0.011385684475856838,3
17.99,0.010740313503111425,0.012368158039752674,0.007430361579334219,0.01798710484322206,3
18.0,-0.009850385678391116,0.00018622718169456712,-0.014260835254546078,0.01733309553234964,3
18.01,0.0030482547509965057,0.001968470995813119,0.00444096508693626,0.005734885002484099,3
18.02,-0.016171975364382127,-0.009712458667216145,-0.01404639163943373,0.023519476155665506,3
18.03,-0.011787055210570427,-0.0052888494234069605,0.0038034014741611622,0.013467459357063562,3
18.04,-0.0019235375160185694,0.00410501140879311,-0.0032431857198924217,0.005573990388901528,3
18.05,-0.009212601255203377,-0.008060094051067527,0.004573716142474494,0.013067364590894399,3
18.06,-0.01842782063653733,-0.020763158237023037,-0.009557430816274132,0.02936048019355125,3
18.07,0.00894016111904087,0.009355507708611826,0.002501833477259105,0.013179953568516083,3
18.08,-0.008713424630458261,0.009567044602767708,0.0012744630734434536,0.013002936873937146,3
18.09,-0.0028218399412217056,-0.009354910710402817,0.000487976281772141,0.00978341739399151,3
18.1,0.018024822443855018,0.011602069163372149,0.0077109638878071355,0.022780719854368872,3
18.11,0.013243945204493105,0.006180790138550462,0.003535154448486239,0.015036674110024153,3
18.12,0.009827564955745095,0.02618488249995008,0.0020551419444424833,0.02804376424282924,3
18.13,-0.009633132959914517,-0.014428996536880165,0.009810313567108266,0.01993076626649562,3
18.14,-0.006331463322570464,-0.005715688197557905,-0.01290092771506796,0.01546578337124138,3
18.15,0.011401197989929833,0.005063348976357771,-0.002084643540455373,0.012647946756399856,3
18.16,0.012655869401617361,-0.0011756648341101229,0.012756451022723901,0.01800778333965931,3
18.17,0.006176800867375249,-0.006145511464165637,0.00939075047694547,0.012810401033209323,3
18.18,-0.004756308215346454,0.001217651467735267,-0.007675341144839153,0.009111311904764913,3
18.19,-0.007438703396310122,0.000462130869433911,-0.013861955868782489,0.015738541662645645,3
18.2,-0.0009461947930284255,-0.005138337499744475,0.007208178662760415,0.008902563478117352,3
18.21,-0.02044470056074884,-0.0030393191723963892,-0.015480893109936274,0.025824044871624055,3
18.22,-0.005766487831680994,-0.022043046418030614,-0.0055415707469256914,0.023449035878763964,3
18.23,-0.02441322697016935,-0.027157037065958622,-0.010409228926439055,0.03797186274258705,3
18.24,-0.020626523049025753,-0.021036331051482726,-0.015717579742281898,0.03339195996275986,3
18.25,-0.005448964123988008,-0.003885901092841861,0.0030945674032594114,0.007373451345277438,3
18.26,0.0004397935772244765,-0.003299401345721633,0.0003234975122557735,0.0033442664772941316,3
18.27,-0.0008919494504129148,-0.0022327414772548414,-0.00569358550751755,0.006180422660122842,3
18.28,-0.016393724650246928,-0.007595160966824186,-0.012140717745961316,0.02176781351921188,3
18.29,-0.02325020389967493,-0.004618587038951702,-0.0026807220833224756,0.023855598892101718,3
18.3,0.0013889059876233208,0.007391679761671619,-0.0010475151642979914,0.007593634015476119,3
18.31,-0.019139036549962272,-0.012948098231920514,-0.004925737781521827,0.023626655721378904,3
18.32,0.0168523686321565,0.011155525580899196,0.0075236627836331935,0.021565101000969505,3
18.33,-0.006042803916675837,0.004581329742732481,-0.013246544810867985,0.015263518952501472,3
18.34,0.0345899147322029,0.03928681890261364,0.020046525828610714,0.05605157926825063,3
18.35,-0.003554647539984572,0.0026180902663745518,0.004843500097806825,0.006553579859424791,3
18.36,0.013100324339316752,0.00524939043626934,0.016949734041913973,0.022056021441758448,3
18.37,-0.0023563840134360114,0.0004243562822510243,-0.012463833395799965,0.012691720403133738,3
18.38,0.002872172812937936,0.006653018661787465,-0.017658241757353525,0.019087313481540972,3
18.39,0.005104991406690542,-0.000867672450960658,0.0061317463612406715,0.008025715306633333,3
18.4,0.010990702234324277,0.014619527609557856,0.0013498775684356533,0.01833980077808837,3
18.41,0.010616645607814324,0.009543984445682442,-0.003802555490188172,0.014773632976262534,3
18.42,0.004957968812852063,0.012787842919445772,0.0028762722564950475,0.014013683433527253,3
18.43,0.006837979665933091,-0.0030273488536635557,0.0003812822366185799,0.007487869065191601,3
18.44,-0.014391181885393184,-0.024005648262905646,-0.014133173179996083,0.0313548058312689,3
18.45,-2.3661251706627237e-05,-0.003158593761122743,-0.0005074106311185235,0.003199178011803647,3
18.46,-0.012072099110222313,-0.008260574258874663,-0.002033431150995744,0.014768463232823275,3
18.47,0.004334535535432322,-0.011373047481936068,0.003000118024734511,0.012535354621893823,3
18.48,-0.005018184478574467,-0.008380395605779545,-0.0011631347968099847,0.00983697557819094,3
18.49,0.0026574969902642114,0.012128691894754799,0.003856427585989783,0.013001518798091902,3
18.5,0.0007232160385914734,0.0047725195754417995,-0.009822851781392678,0.010944788789906384,3
18.51,0.008588322113189597,0.007117646653874198,0.0035569629747484064,0.011707781865624206,3
18.52,-0.00794587590590346,-0.014008388627066413,-0.0021358905638918066,0.016246043344145762,3
18.53,-0.014977774585648172,-0.00048218648654258303,-0.009007639504917463,0.017484387458439665,3
18.54,0.017574030106180555,0.008963055078891427,0.002931724546220267,0.019944370116278236,3
18.55,0.0232004541778146,0.017000272540646434,0.005963127913871366,0.029373955045759906,3
18.56,0.006445897960361094,0.007771343752176625,0.0011403208206113241,0.010160891486666003,3
18.57,0.017704545527467433,0.013763191813710125,0.013453343577595861,0.026150885924801557,3
18.58,-0.012098239964563159,0.003465457182666616,0.0037191237783636352,0.013122830693255119,3
18.59,-0.001132960219057364,0.0038078384271010013,0.007430872649504365,0.008426215086147847,3
18.6,0.005663212473455031,0.006670987309800822,-0.006815998174797218,0.011091973599222966,3
18.61,-0.018172281310200936,-0.013412033519430315,-0.013813417913442712,0.026474987546641463,3
18.62,-0.017948762122504708,-0.00910888498033029,-0.004132164501523985,0.02054761861585915,3
18.63,2.1528139009818238e-05,-0.0016649003430655198,0.007814030623956443,0.007989457503813262,3
18.64,-0.011267669124126502,-0.006372336068972571,-0.010871321158536059,0.01690422012985977,3
18.65,-0.009957809514881358,-0.009704181654563118,-0.0033813804764347196,0.014309536884394092,3
18.66,-0.011996955802168124,-0.012393336106959627,-0.01218978729418017,0.021121378805764573,3
18.67,-0.02326497021577064,-0.023613952606640325,-0.008810303365715009,0.03430013181090241,3
18.68,-0.01056942675762668,-0.009568130292403804,-0.008616937767157974,0.01665873691971644,3
18.69,-0.007569215706707554,-0.00799280849825303,-0.0023086138673775983,0.011247564718331802,3
18.7,-0.01323677729264304,0.005369264646279209,-0.013227369249220557,0.019468039788125557,3
18.71,-0.010590303421851556,0.0005236312764711716,-0.01456889662605794,0.018018919645232397,3
18.72,-0.004974324090967237,-0.004554233263753376,0.016351244130404452,0.01768751326203717,3
18.73,0.009563268063342251,0.0033077954237969325,0.004719517175009291,0.011165636971630479,3
18.74,0.0008677850542291761,0.005527890660732783,0.013198769354387307,0.01433590382667496,3
18.75,-0.0190032318373693,0.0022359727203081457,0.0005028431766232657,0.019140931156321653,3
18.76,-0.008438860808406263,0.0004652792227736154,-0.013611125516647117,0.01602166016144152,3
18.77,0.018361979747710398,-0.000907043752444707,0.010433598133428045,0.021138708537515934,3
18.78,-0.000342009791947373,0.006665909401936433,-0.007920766342657103,0.010358081787067623,3
18.79,0.00688298367919497,0.01314064679004225,0.0013201519627042636,0.01489277890769026,3
18.8,0.030452749074527143,0.038910836009552835,0.002394348159248643,0.04946873748405274,3
18.81,0.013743096184032667,0.007633396106454246,-0.003260964050866644,0.01605538275416219,3
18.82,-0.021315694555716365,-0.013812436159967814,-0.014720802992767915,0.02935718426241978,3
18.83,0.01974057757468302,0.017420325903787785,0.005608780855971742,0.02691870316836554,3
18.84,0.0019383234805680181,-0.004754995203640373,0.001105208145805114,0.005252481541854121,3
18.85,0.002303376345801698,-0.005224236415286075,-0.005180612211897822,0.007709535109412547,3
18.86,-0.000574765373541813,0.002792525685856057,0.0006372058320881766,0.0029214014125476984,3
18.87,0.004984720234139627,-0.008854927509346817,0.009057714171193925,0.013612470863714466,3
18.88,-0.008194058911253884,-0.016272028761478156,-0.0020439867061484204,0.018333014021441836,3
18.89,-0.025685175081551482,-0.011454204990209388,-0.011962265000559032,0.030561786840289467,3
18.9,-0.004046043099038206,0.0011504833306899462,0.0002290522246205281,0.004212664427066762,3
18.91,-0.0238831690046193,-0.006720286659684162,-0.01935731778148385,0.03146861557464656,3
18.92,0.01572235863415125,0.01471151633649877,0.012787103778286858,0.02504258966194628,3
18.93,-0.008700306414118068,-0.006006834135156936,-0.011100929057213535,0.015329971101085558,3
18.94,-0.002896960679169495,0.008284681280547383,0.00800754551788388,0.011880619104991483,3
18.95,-0.008123529784828316,-0.009069434712170069,0.0009689308422343237,0.012214139721664439,3
18.96,0.006324559680794045,0.0017604864865724398,0.006185424108004518,0.009019913481913966,3
18.97,0.009788157964931387,0.006335564839889608,0.008005259230555548,0.014143252579774215,3
18.98,-0.0020823543305816235,0.002146075490727692,-0.0009484101668206916,0.0031370880469829016,3
18.99,0.012728926335000387,0.0083772696880471,0.0010097048741020019,0.01527166385830059,3
19.0,0.008738040659915257,-0.0057637531251089336,-0.0017185439192539311,0.010607902613803536,3
19.01,0.006759319004151521,0.0025987870449647615,0.013550045143471513,0.01536378244102267,3
19.02,-0.0017717534072991458,-0.0014926838265082957,-0.00017746528560569287,0.002323512227166169,3
19.03,0.03376311265716683,0.024552742076004552,0.008503826872474595,0.04260399032048952,3
19.04,0.018437349734760543,0.0093109414188888,0.011397075432587724,0.02359073597334234,3
19.05,0.010890207825380442,0.011668073530207976,0.0069578939735201115,0.017411285275161767,3
19.06,0.013397682929928616,-0.0035058281134884503,0.004052921032766473,0.014429653757109608,3
19.07,0.0012186337618596446,0.004179120083352383,-0.004839751859058789,0.006509478548538771,3
19.08,-0.008637554961280389,0.008296590220088003,0.000526456165829128,0.011988240950353762,3
19.09,-0.03786375026974213,-0.03135908944867355,-0.011362404371389925,0.05045949175961136,3
19.1,-0.021973033964802866,-0.014920240727116289,-0.00795348520159992,0.027725182268572176,3
19.11,0.01803814421802426,0.01065049894568362,0.00854642604881095,0.02262408391139947,3
19.12,0.006033406225127123,0.0023820214747993433,-0.0019793088213230095,0.0067818640795857185,3
19.13,-0.00476225565884928,-0.01156132946811295,0.0007360240433582125,0.012525380210712178,3
19.14,-0.024833030887945556,-0.0014506531117780101,-0.014983019166530574,0.029039192152623527,3
19.15,0.003485372382537397,0.0055260427824053915,-0.006066421467579844,0.0089155167489183,3
19.16,-0.0053595810047187805,-0.009118079360317496,0.0043417697199283544,0.01143308550077699,3
19.17,0.008626931871956083,-0.0002383196366629826,-0.0022972816761376836,0.008930747609920953,3
19.18,-0.010837669602389076,-0.007094358983698205,-0.016258568016384575,0.020787641659012958,3
19.19,-0.0013252234083656073,-0.018269041344481315,0.007257741618560737,0.019702510046444247,3
19.2,0.01685155434612657,0.020218664188023497,-0.002883437391488123,0.026477980977014714,3
19.21,0.030529996871132614,0.01726019305754168,0.011400061608532195,0.0368775863908324,3
19.22,5.557564202245992e-05,0.003149251048838415,-0.006548678377859539,0.007266777780917833,3
19.23,-0.004129203852396216,0.0005943392752514329,-0.006200941995902614,0.0074736366827200555,3
19.24,0.01940615678368262,0.021306703348924462,0.022077193878975776,0.03630395320460053,3
19.25,-0.009305881282752799,-0.0025731125283658778,-0.004797032568162875,0.010781087885382328,3
19.26,-0.010237406193279674,-0.0012207835993404336,-0.0024474024549173,0.010596441711204514,3
19.27,0.005086929234460878,0.011713374323436169,0.007032046000725774,0.014578396963784112,3
19.28,0.024645543558014658,0.014609908591817227,0.007209552607187499,0.02954369467631049,3
19.29,-0.012815177648231209,0.008240473859276162,0.0006840113169458272,0.015251296963302777,3
19.3,-0.00909860806292616,-0.003546034750217564,-0.0018383183213255242,0.009936722064293465,3
19.31,-0.004976108296753631,-0.0037071348989431317,0.0022835717695636167,0.006612049830932185,3
19.32,-0.013117909545848985,-0.015911372294463533,-0.010251649048040962,0.02302927761242842,3
19.33,-0.02917142045154042,-0.022076385717247675,-0.01046319721179798,0.03805019150267479,3
19.34,0.0017823323098243356,0.004462481028117289,0.0007484125002269815,0.004863184826782393,3
19.35,-0.004835145737408609,-0.002622385979694831,0.004602702505211593,0.007172197214240677,3
19.36,-0.0013197369643003186,0.013695766352257907,-0.003835895855243585,0.014283900680236312,3
19.37,-0.00560524780269846,-0.007043554597923451,0.009670931221525101,0.013212016310732193,3
19.38,0.01639025853069756,0.01690765816458551,0.009407955011533771,0.025357821215802878,3
19.39,-0.005540641187409243,-0.012882835327184327,-0.003244595722774768,0.014394219403608261,3
19.4,-0.010171172179067151,0.010345845483201308,-0.006030180726920391,0.015711535311923805,3
19.41,0.024732133869362554,0.007763395253995107,0.011088389744592263,0.028193991181274834,3
19.42,-0.019991830213142523,0.0025999942958502553,-0.012768286179735777,0.02386341085379883,3
19.43,0.0056467803903842,0.002866031445377932,0.006541344061263826,0.009104364181586442,3
19.44,0.00707371680297018,-0.012924813237767906,0.003111682060979041,0.015058912041991014,3
19.45,0.006439425520023312,0.015323900071993558,0.014559408780707996,0.02209670786538413,3
19.46,-0.011605879767315492,-0.007465517099655968,-0.00782257902663789,0.01586263324188748,3
19.47,-0.008590978416188354,-0.009641210773173429,-0.004589817856706634,0.013704899973291034,3
19.48,0.015285524445834572,0.01583331998431913,0.00427262135296993,0.022418665717118414,3
19.49,0.01826359185705216,0.01809977993704323,0.019432870761080245,0.032230378330190636,3
19.5,-0.005652548730596151,-0.0006401169556728946,-0.011218027478312086,0.012577964754795154,3
19.51,-0.014044343871156419,-0.0007507320228303978,-0.005758109717035502,0.0151974675803178,3
19.52,-0.026289971832711874,-0.016382585041629764,-0.009952587838830896,0.0325362216045542,3
19.53,0.004817105400164485,0.008569767994677856,-0.004600439114165704,0.010854007000276188,3
19.54,0.0044583715789108065,-0.0010532547868740698,0.017865388688269403,0.018443387318078455,3
19.55,-0.041717564034894794,-0.02307778311902008,-0.024356295261965068,0.05353660749040882,3
19.56,-0.03687178794583243,-0.029949467156301906,-0.016391163824480418,0.05025106546919971,3
19.57,-0.005302577851784939,-0.012708132206884075,0.007718009078130547,0.015785487645048855,3
19.58,-0.002341309914989123,-0.0032890151430073275,-0.0033039835981909177,0.005216863075265872,3
19.59,-0.009401390435772917,-0.008787217659500687,-0.003368856808027857,0.013302275463779828,3
19.6,-0.001906121280682817,0.006087718628346452,-0.0029263977255651525,0.007018363062907276,3
19.61,-0.002191212758934423,-0.01315945446128712,-0.0013057302728969782,0.013404386842342552,3
19.62,0.003315689292690859,0.011070048769518651,0.007980805958826678,0.014043968064533244,3
19.63,-0.005834919320697814,-0.009068240746189057,-0.005155152744739418,0.011952191160263897,3
19.64,0.006399097139674702,-0.015239793415171662,-0.013047146502610591,0.021057724934111146,3
19.65,-0.000512012088066908,-0.010017523211405144,-0.0004281253397989996,0.010039732017137981,3
19.66,-0.0010983751029738625,-0.003229143652165758,-0.00011676297185555807,0.003412833160989824,3
19.67,-0.014649170389820488,-0.006700612140914958,-0.005419500855106703,0.016996099131608777,3
19.68,0.0047717514106063695,0.002273830047460127,0.0010474592402702147,0.0053886070063963514,3
19.69,0.015075594337715114,0.0008766070105847221,0.0016087900366419192,0.015186513420411961,3
19.7,-0.0003507349266027365,-0.006473791634554151,-0.0016286951302636565,0.006684731927587439,3
19.71,-0.002860249124321455,-0.011545054813469763,0.009304039763298213,0.01510081029667737,3
19.72,0.014162353161722157,0.011983697426304802,0.006120792400086603,0.019535745460246043,3
19.73,0.009179872702548029,0.005701162958501326,0.008048393773658184,0.013474047804955785,3
19.74,0.015736824461396036,0.015925952706660272,0.0008791928102062536,0.02240661941795528,3
19.75,0.020464287218043498,0.00016341501590128212,0.0074604027514047575,0.021782363623426365,3
19.76,-0.0069075015869075026,-0.009107115854891115,-0.009112051330952343,0.014617886879622826,3
19.77,-0.021884108461110347,0.0009115086010344012,-0.0020858118858955877,0.022002174035552588,3
19.78,-0.013973807615575227,-0.00465339049017555,-0.015622890122271936,0.021470818291433293,3
19.79,6.578094022145244e-05,-0.0023228115974114677,0.0022640113630748152,0.003244307060266879,3
19.8,0.011938388737089864,0.0004580393199141962,0.007416749806722883,0.014062115891713647,3
19.81,-0.01602450429979652,-0.0023551721677368825,-0.005555398159623644,0.01712290929444612,3
19.82,0.001811346790600133,0.013529311744358466,-0.013254186928171747,0.01902621151461247,3
19.83,-0.008477688838863474,-0.015123724060311317,-0.01595258681365002,0.023560205082894976,3
19.84,0.0014805881129119106,-0.007396138506304219,0.0013686013919514035,0.007666033898606461,3
19.85,0.003239612192860864,0.004498135960656468,-0.004080883962366242,0.006883453217316266,3
19.86,0.011267804427132858,0.010865731168229486,0.0012133783495882253,0.015700312654453666,3
19.87,0.03204815748682304,0.02629593810082265,0.011874430981937,0.04312264915386453,3
19.88,0.013700943124711547,0.024337618937877382,-0.000152383993090934,0.02792953202173747,3
19.89,0.0025266680571176744,-0.006003235407180153,-0.0062148568971726065,0.009002629231353148,3
19.9,-0.00039804293507060724,4.0236600571527e-05,-0.0001794517440302144,0.0004384747320207424,3
19.91,0.002954287964210555,0.007837553318923402,-0.010107064565374177,0.013126607083747455,3
19.92,-0.007141181189692942,0.0006845290793008225,-0.0062483407400278825,0.009513506758704958,3
19.93,0.002797884137659728,-0.0032240003173768625,-0.0027454390932171377,0.005075408309562785,3
19.94,-0.03010157356044639,-0.025937694935001462,-0.013687827448813455,0.04202648414541308,3
19.95,-0.0058944146302725734,-0.00779986719953887,0.011670588707061322,0.015224476770431258,3
19.96,-0.006862485584447442,0.008823918066563526,-0.008979808283834864,0.014338486505088477,3
19.97,-0.020692410901189652,-0.02231245683615571,-0.006873367925377552,0.031197191950664293,3
19.98,-0.012282801692352789,-0.011192438454062242,-0.004202497875735922,0.017140562544945854,3
19.99,0.0054394727479326315,0.010011246848022305,0.00580714014702835,0.01278811181976318,3
20.0,0.006657471527570144,-0.004050269248232743,0.001716112728048415,0.007979451799400555,3
20.01,-0.013066416554751232,-0.007082346371521943,0.0027688475951563284,0.015118114588588421,3
20.02,0.001137318713204636,-0.014400128523407696,0.004623579470172937,0.015166894291946193,3
20.03,-0.021181164837155812,-0.013286004760440624,-0.005324290348708503,0.025563797332762737,3
20.04,-0.004545805350168562,-0.0027630658438389955,-0.010531105938166457,0.01179843512589257,3
20.05,0.004066198934765925,0.004155216267464807,0.0024078283074942352,0.006292649137276467,3
20.06,0.021801965706139865,0.008309916289537552,0.0067517519631119065,0.02428922748796688,3
20.07,0.01969000460662678,0.015604797879395282,0.0036906864403672386,0.02539344727812421,3
20.08,0.009340962177660868,0.0062262867097738735,0.0004446460352432319,0.01123467537107571,3
20.09,-0.003206409800454655,0.008148476823819938,-0.0017783984900618423,0.008935403714787406,3
20.1,0.024299175173191367,0.022112151984682648,0.013675215569600729,0.03558663654191267,3
20.11,0.0035240526303832566,-0.009125022539397514,0.0074754445933260735,0.012311265375830051,3
20.12,0.011977176181868677,0.0017233426094801566,0.010997898132646948,0.016351648919214583,3
20.13,0.0035728972391964823,-0.002429829136747093,0.003363971266024765,0.0054759443929137215,3
20.14,0.02698522956114517,0.020332746843390988,0.012477094496767194,0.036018066241073905,3
20.15,-0.006459087620247014,-0.005874299370171122,-0.0048535121583104315,0.009989183462490229,3
20.16,0.009569084775819879,0.00531231667424314,0.0028205229220814613,0.011302364418485913,3
20.17,-0.004633496336347163,0.019298417410441686,-0.006766832846883639,0.020968744111754638,3
20.18,0.0013563505315300718,-0.003153726986617059,-0.001960398072219534,0.0039533329321043385,3
20.19,0.01253897425484712,0.0199042097581568,0.007765498368496571,0.024773098441082136,3
20.2,-0.03181940293102027,-0.023452471085113117,-0.005076612353012509,0.03985303998275975,3
20.21,-0.008776978050831106,-0.02357207859872481,-0.00484800083617739,0.025616036876863053,3
20.22,-0.018294629564379203,-0.011275637258348162,-0.013078676186820886,0.025157210443119932,3
20.23,-0.0011712953548416423,0.008133939671740729,0.0052884418803448565,0.009772436999724108,3
20.24,0.0033553784370447337,0.007416341748669869,-0.010504572468360151,0.013289346565270938,3
20.25,-0.00860240333126373,-0.003972479233050291,0.002387815345971348,0.009771570828541817,3
20.26,-0.006995362677791042,-0.004706946689138399,-0.011744941747288361,0.014458011715841837,3
20.27,0.004000695780837955,-0.001156781020406417,0.005743270809590037,0.007094284224097321,3
20.28,-0.011564978297574888,-0.0009256006135610687,-0.008060775502911077,0.014127333832947182,3
20.29,0.009566578466179865,0.003222978070697928,0.006230416916558991,0.011862761320532437,3
20.3,-0.002845842961402995,-0.007114788979324385,0.011218267827623637,0.01358560184289155,3
20.31,0.01659889399852771,0.014904281975717781,0.0024428425704468007,0.02244166622624203,3
20.32,-0.007829103060924311,-0.007880967506167225,-0.009526401574541519,0.014634098213804129,3
20.33,0.0007149312269901838,0.010747368698377781,0.0007909897824179542,0.01080012617676691,3
20.34,-0.0025705546388985383,0.0019388540317198636,0.007995218158884456,0.008619189028907239,3
20.35,0.001258723408545178,-0.0053426520886399615,0.001641415804856218,0.005729097817623672,3
20.36,0.01935031640995077,0.004387403573657529,0.008975336670389779,0.021777068756611766,3
20.37,0.010751458545715378,0.0029372860141545568,0.0058526359898379825,0.012588679756778746,3
20.38,-0.007439851985288869,0.013495755771099082,-0.009375965260899222,0.0180387235127586,3
20.39,-0.009595951000598641,-0.008617747494236317,-0.003242812293056502,0.013299010453725673,3
20.4,0.004962235590957619,0.009539791666393183,-0.000123977981126548,0.01075391917573103,3
20.41,-0.02099778660447246,-0.02514362413277394,-0.0015142335282467764,0.03279331913660528,3
20.42,-0.007555016711245315,-0.013953162042461532,0.0013881692350060887,0.015927837967389127,3
20.43,-0.015245638277726525,-0.012179400153996042,-0.014802947823167099,0.02449274461676042,3
20.44,-0.009536689173579117,0.00693310269182529,-0.005990309813559358,0.013224982608354606,3
20.45,0.003344924990089206,-0.00798442830946338,0.004673131877580285,0.009837569830173537,3
20.46,-0.012762364476404763,-0.01397153131559359,-0.011632230341404155,0.022212393320997493,3
20.47,0.008978747519907447,0.01349867674060497,-0.0024351999245071365,0.01639397387596776,3
20.48,0.025926249334843,0.030889083499473453,0.008894930421506181,0.04129679976963501,3
20.49,0.00905992577471257,0.00984117444794469,0.0061436129388400046,0.01471988279506542,3
20.5,0.0029350822934347386,0.007461505004823418,0.007543701196387433,0.011008914240133593,3
20.51,0.019639181778696023,0.006572049870013359,0.010230077936856584,0.023098566947427027,3
20.52,-0.006214110286669424,-0.01493324125024102,0.011977668259622168,0.020126634041248703,3
20.53,0.026102850832198862,0.009105405643935542,0.0076857201068066565,0.028693858699533777,3
20.54,-0.0010714628140107586,-0.0077368911347680475,0.003959951201872961,0.008757210201558221,3
20.55,0.033445808980495026,0.025216884997544976,0.008396030599839243,0.04272009781323783,3
20.56,-0.002321515837729807,-0.011382166813641308,0.008621178778394759,0.014466094175257951,3
20.57,0.012565220518101211,0.010798864508949414,0.013810816756150663,0.021569397321741072,3
20.58,-0.01612780287247341,-0.01381095484378016,-0.002988464737202946,0.021442467690911925,3
20.59,-0.002221405596247683,-0.006055127861394513,-0.011417633635605974,0.013113411992223744,3
20.6,-0.014895823674033191,-0.003346774959112289,-0.0024896731879652306,0.015468837646626902,3
20.61,-0.021356065961249854,-0.02262149019536538,-0.01452502608613282,0.03433350775558923,3
20.62,0.008622187360406708,0.017521166696769917,0.00660171678517408,0.020613492227315722,3
20.63,-0.021882506478932605,-0.008671009880939587,-0.018575009953316016,0.029984354202177984,3
20.64,-0.016695104742186467,-0.019607386846927942,-0.005892903483476347,0.02641784345443866,3
20.65,-0.0181713550220215,-0.003102058751366977,-0.010298432927757603,0.021115838429974797,3
20.66,0.0062970220554992825,-0.004457982518766637,-0.0018357458417510913,0.00793070348081302,3
20.67,0.006008188230444206,0.014550370011387457,0.00625929608795597,0.01694079044193135,3
20.68,0.010726538006637039,0.010172046921682889,0.00451914446238828,0.015458066595039687,3
20.69,-0.011900014966275834,-0.02096299398783287,-0.006584771443178225,0.024988331038514784,3
20.7,0.01598886829911255,0.0008291811747416847,0.01161814656896919,0.019781627349764803,3
20.71,-0.007473148929172745,-0.008471001425192486,0.00806083170506309,0.013877421512678758,3
20.72,-0.0048857533518687065,0.0035223374819143534,-0.0005445470754580814,0.006047642405862387,3
20.73,-0.002451778378492666,-0.0030817631691945108,-0.011939141263433754,0.012571856488063905,3
20.74,-0.000737984872842502,-0.0020815541262210776,-0.009681772268241302,0.009930468443483354,3
20.75,0.006806927561027731,0.0050862044020624116,0.0034766055555452476,0.009180987105398095,3
20.76,-0.0021277032754019737,-0.017450064491670404,0.005201356296843994,0.01833264790799003,3
20.77,0.010104137914615535,0.013666698810390308,0.005355110382043923,0.017819917692721527,3
20.78,-0.025194784332658166,-0.006919083423817623,-0.008268259480383218,0.027404652667564536,3
20.79,0.007145740972423507,0.011316908679059007,0.0028626659997179,0.013686814557122999,3
20.8,-0.010738998551872842,-0.010905189371878721,0.0009400245075261871,0.015334043537450045,3
20.81,-0.00795785813364571,-0.01265083225867872,0.0001185987890631162,0.014946074019127047,3
20.82,-0.009936403697132404,-0.015610978710527839,-0.01058884258534126,0.02132037434075857,3
20.83,0.00703604340966788,-0.004139896751311591,0.005853029994332905,0.010045029222894861,3
20.84,3.495335016139196e-05,0.018140970310904305,-0.009240070591938461,0.02035865737473385,3
20.85,-0.00925219810096982,-0.00710712232290346,-0.0014753454161017371,0.011759719448571664,3
20.86,-0.016499191142779743,-0.004311945996961282,-0.009119644999767779,0.01933866881583325,3
20.87,0.00147548338781699,0.0078299421195946,0.0016281313658292247,0.008132395499993984,3
20.88,0.014263029274197755,0.011125004100790384,0.008362456921997202,0.019928131023542673,3
20.89,-0.006368479347582762,-0.011911176310144773,-0.0011759930280340503,0.013557898432055276,3
20.9,-0.023477613799076532,-0.012284780562224675,-0.0020600785295693154,0.02657739841874284,3
20.91,-0.010645982224075106,-0.016112377408298545,-0.004586213584680575,0.019848904209227296,3
20.92,0.006766929178021405,0.009555290286041067,0.004178621834500511,0.012432046629040315,3
20.93,-0.0029932679453081174,-0.010390296816569932,0.006631929661345326,0.01268465261494631,3
20.94,-0.005911944005239325,-0.007627641439089316,0.008720430133692718,0.013006840414221038,3
20.95,-0.004720252299759062,-0.006806849109193316,-0.0022303695058240106,0.008578375411534295,3
20.96,0.008419824762941766,0.01708549071110166,0.0007164080029968224,0.019060972753365612,3
20.97,-0.010471684123319702,-0.02680294302790156,-0.007487342414799415,0.029734058245923595,3
20.98,0.007483463766419328,0.0238847119237319,0.006071890922810318,0.02575557324156226,3
20.99,0.008279412912623386,-0.0006516524994625555,0.002505410059640655,0.008674699344917913,3
21.0,0.0005512041010638817,-0.0006010517281317177,-0.010247462048725642,0.010279862235506471,3
21.01,-0.008327904740589798,-0.002523077775436071,0.0029907353614951416,0.009201326906035616,3
21.02,0.014305547555288275,0.012634807200078741,0.011329829206617037,0.02219576702190957,3
21.03,-0.016181030664163647,-0.00457768194233661,-0.0004016049891617324,0.01682088618019629,3
21.04,-0.00037190558681189905,0.00462264863091697,0.007897395534456715,0.009158386886241337,3
21.05,0.004231462687913045,0.019257984523313624,0.003047833937787357,0.019951554728685074,3
21.06,-0.004276436614018666,0.0028592598096005297,-0.0003610788749083321,0.0051569035987132205,3
21.07,0.0074024796668766225,0.004242842117082968,0.009371065727293036,0.012673408669898602,3
21.08,-0.021574737845831825,-0.019526423172553053,-0.016998906564153593,0.033700346280221054,3
21.09,-0.01736847479164202,-0.01678876119117168,-0.009930660500313177,0.02611789495527113,3
21.1,-0.012695010136890107,0.0014594430504235555,-0.006068698014448621,0.014146460758215986,3
21.11,0.03363157935079003,0.03758372158610061,0.020665834277437997,0.054504091261780914,3
21.12,0.002019703956875795,0.009446601012239701,-0.0023227791646942965,0.009935430428814136,3
21.13,0.00638258069142768,-0.02084756163969733,-0.0014007340992257125,0.021847659339624893,3
21.14,0.00815914656475368,-0.012265798460821323,0.0010858111967419013,0.014771610288035242,3
21.15,0.0035152531466566715,0.0024001806458166194,0.004399645506374759,0.00612166255190499,3
21.16,0.01720279834469338,0.010708420587826816,0.007331604606139391,0.021548989964143166,3
21.17,-0.01617129281516939,-0.01116063585253328,-0.015981490856184343,0.02532742691102087,3
21.18,0.010745426377439192,0.01753573844131459,-0.002686019380297804,0.020740805452693963,3
21.19,0.013102189556040405,0.01878665250726387,0.006715608029388066,0.02386849544473802,3
21.2,0.020077337068694048,0.015453442709776756,0.01005421698429149,0.02725794626382413,3
21.21,-0.006767523944148233,-0.016928311974590007,-0.0028798758744441855,0.018456998989431428,3
21.22,-0.007218536105795125,-0.014886609288627787,-0.006072613365629374,0.01762370655427931,3
21.23,-0.008266189269059244,-0.005246900900143441,0.0010060995457808549,0.00984236203275701,3
21.24,0.008097848343967677,0.009003074169049422,0.005857915288873562,0.013451604507527108,3
21.25,0.005988870862958354,-0.005546259616740452,0.004704456551107475,0.009421225047239638,3
21.26,-0.01409109429815048,-0.00457959227568263,-0.004118609326708357,0.015378379196680971,3
21.27,0.01825504343861892,-0.001240480754193203,0.01779925760804044,0.025526436783162135,3
21.28,-0.0029165786037712036,-0.023346886823112957,-0.007458094036901147,0.024682113397083358,3
21.29,-0.005979287076040275,-0.011186520070244024,-0.005217101774642305,0.013715256328142413,3
21.3,-0.010466548298722119,0.0036579235557429738,-0.006728003116297676,0.012969003969544209,3
21.31,0.0033384452834818237,0.014515192857372922,0.009048295271853815,0.017427211134435253,3
21.32,-0.002365266306231395,-0.014415201398305459,-0.0033068910334035466,0.014977584730520003,3
21.33,0.017003512964576667,-0.00024544028042458935,0.002896824667641745,0.017250254700230932,3
21.34,-0.018412494502718483,-0.006801265655790854,-0.008920475132409428,0.021560427753669766,3
21.35,-0.020248660949330845,-0.017699582129085657,-0.008484451980424083,0.028200521328396157,3
21.36,-0.008299479199234147,0.005121358671269983,0.0034435289412637913,0.010342512324751363,3
21.37,0.009456967090807837,0.012577166856173102,0.00197751638380511,0.01585969494450821,3
21.38,-0.0003153608616486671,0.00711039537358952,-0.004266618364447372,0.008298265307259259,3
21.39,0.02168433591817597,0.008603993183436149,0.004298873332261447,0.023721708092794263,3
21.4,0.0027930752395124298,0.005505644449511338,-0.0008088277388526785,0.00622636269495682,3
21.41,0.020967220365723245,0.030808123531216598,0.024817176957133785,0.04477339698416006,3
21.42,-0.002169842849326989,-0.00038090312561996206,0.0013180728157045469,0.002567220506575513,3
21.43,0.02117247544276802,0.014460717710290099,0.013117282806957026,0.028800159397284645,3
21.44,0.022011200170747237,0.011922295009346516,0.009903295613483099,0.02692042561429194,3
21.45,-0.00304742116476598,-0.014948683642164446,-0.0005470399277336318,0.015265948089506704,3
21.46,0.007448069612887323,-0.003577917666586038,0.00807070004796601,0.011550386792290661,3
21.47,0.0025004391259892773,-0.005384274299688009,0.004501270084518409,0.00745010321611984,3
21.48,0.0032611690584135314,-0.010871585939551662,0.0035624611314565282,0.011896122636462256,3
21.49,0.010487356551981776,-0.005006708175124743,0.004816029815478572,0.012579583354898309,3
21.5,0.005169301154720755,-0.015966966172332397,0.00021234783308124536,0.016784241858922872,3
21.51,-0.0013904076505189744,-0.007233372133410821,0.0019203621431772245,0.0076120100246895445,3
21.52,-3.483572129993513e-05,0.005377598137704468,0.00048567142221211647,0.005399597391331561,3
21.53,-0.02300022832991376,-0.01863231100494344,0.002446492539154084,0.029701158939631305,3
21.54,-0.007401639763205165,-0.007677035122273404,0.0029728324392126154,0.011070631064420584,3
21.55,-0.01870456074412112,-0.006958966905243598,-0.012462738516532838,0.023528868743530017,3
21.56,-0.0038312268344218416,0.010829862535803007,-0.008741358943685204,0.014435220046245532,3
21.57,0.011957368099141047,0.026556799638621863,0.0029915330396420503,0.029277833403985553,3
21.58,0.0007582191084927248,0.0016868397869645609,-0.006158191500243578,0.006429902583791017,3
21.59,-0.027006006176751803,-0.021158614116875526,-0.014902571270406836,0.03740451779444772,3
21.6,-0.0075328839942239495,-0.008577650880705955,-0.009207220524001074,0.014666061014440708,3
21.61,0.01355777417922412,0.014220053446976244,0.004138818170569894,0.02007866969145956,3
21.62,0.0011323471565534505,-0.00045780448328897505,-0.00138116917078602,0.0018437525067654585,3
21.63,0.017402577400427503,0.01095996992757291,0.008714193914936864,0.022336244460031664,3
21.64,-0.0067498906055539236,-0.005416679265683351,-0.004278715522671676,0.009654472744701317,3
21.65,0.011424122807710711,0.00045979359919902287,-0.00027291901661939764,0.011436628737051533,3
21.66,0.010573503944278868,-0.011256118367470494,0.012047480880040238,0.019586755267708904,3
21.67,0.012974454570662434,0.0037282258214753816,0.008256434361021685,0.015824185525326686,3
21.68,-0.006547559496838196,0.007076542842170103,-0.006213184559442166,0.011469597043113395,3
21.69,0.00838415312102619,0.01715271602360702,-0.001543891092044598,0.019154458756316058,3
21.7,0.014896696466603387,0.01794594804165448,-0.0020998570928195135,0.023417472462717675,3
21.71,-0.032402519316202166,-0.026631592149756498,-0.023823959219229193,0.048236355494039165,3
21.72,-0.0060379865866678805,-0.010550699405671726,0.003567657425269522,0.012668966787931196,3
21.73,-0.029317813617785436,-0.007525697894490913,-0.00754533920535973,0.03119459036195681,3
21.74,-0.018321637135637045,-0.021490184954022006,-0.011750292706235555,0.03058724922856321,3
21.75,-0.017045051471958807,-0.011616352642555542,0.000526808181289396,0.020633733429939568,3
21.76,-0.00757196795897776,0.008215570996458072,0.0002931984423895856,0.011176594780891386,3
21.77,-0.0007619102388139254,0.0004582341175413411,0.0008766615447922714,0.0012486076976400379,3
21.78,0.0074827696819835775,0.0028901144686549855,0.008538884281646222,0.011715679601751084,3
21.79,0.0019830322124751443,0.010666833078543693,0.004603129673448724,0.011785692490125989,3
21.8,0.009187132501784597,0.007007089050655528,0.005056274237646465,0.012612240472471607,3
21.81,-0.009639896588317624,-0.005178559418777751,-0.005778211742575429,0.012374684433524198,3
21.82,0.017910184920418418,0.024654832165661573,0.007416411100724517,0.03136301367240517,3
21.83,-0.032819542108784475,-0.04333308110315641,-0.02441664261475774,0.05959069305436724,3
21.84,0.025999760919311776,0.021070552860211755,0.006895514839067051,0.03416875605860043,3
21.85,0.024166362601151535,0.010785892591243563,0.021675830404394282,0.03420804268122106,3
21.86,0.01666626390679153,0.010008598206719115,0.002535057878036026,0.01960517556971515,3
21.87,0.03345137154259803,0.024319611323180848,0.003949176567283941,0.041545562320795565,3
21.88,-0.01645262727014611,-0.016920604007380532,-0.001979901210770318,0.023683660884021865,3
21.89,0.012610634225100937,0.01065562136451432,0.007166470537374082,0.01799801828497326,3
21.9,0.0026764435065511705,0.004956428089626339,0.0030336348849687366,0.0063978488468153264,3
21.91,0.001695485831374551,0.0028144848571387184,-0.0001821726438485901,0.003290772566985113,3
21.92,-0.017384116717684726,-0.011277566466125556,-0.002358284030721451,0.020855515410114444,3
21.93,-0.0005912679511603626,-0.0013546930624169788,0.008911978480849753,0.009033723015820174,3
21.94,-0.002626543892189928,-0.0026220439957363615,-0.004310635708173524,0.005688183167036552,3
21.95,-0.015990369162785133,-0.01055811714886881,-0.0033983760504091454,0.019460593605318977,3
21.96,-0.00882280433976944,-0.013715289043067125,0.0027407160362111814,0.016536703248951307,3
21.97,-0.023401051666006825,-0.006219802776564304,-0.013997057026735347,0.027968066988337953,3
21.98,-0.011375987670382812,-0.008692096283899014,0.003938273617503317,0.014848421881519781,3
21.99,0.006437225420270171,0.0012790483510588444,0.009587754685634758,0.01161890165668124,3
22.0,0.008632575344013817,0.009209553962483762,-0.003567411158354762,0.013117303977217639,3
22.01,0.008299587948174042,0.004892193162948134,0.013304682014864328,0.01642654186278191,3
22.02,0.01288779575494257,0.018962450461954623,-0.001337966406820659,0.02296649649051808,3
22.03,0.015221123899155729,0.01781225207301431,0.0027248387699470144,0.023587786733567408,3
22.04,-0.0022963594660178124,-0.000863930878781009,0.003068622256246554,0.003928878454726314,3
22.05,0.010943247756313097,0.015171593845866662,0.011173219636124746,0.021789281041766258,3
22.06,0.020790276194992168,0.016435340413399883,0.00994769397088666,0.028307465695586533,3
22.07,-0.008559901553337735,-0.015224827008571775,-0.007631165260437594,0.01906048150692631,3
22.08,-0.009037493747581306,0.0007926954378616839,-0.005627550676638565,0.010675859961282423,3
22.09,-0.010730954701688517,-0.022715235195649865,-0.007099835246977334,0.026106377752143306,3
22.1,-0.016435875571900047,-0.03963995723768766,-0.0023488139589286083,0.04297651850294931,3
22.11,-0.009593815053584746,-0.00113170230455372,-0.00675248011793469,0.011786349101041628,3
22.12,-0.0055113802320235685,-0.0003094672637414587,-0.006391201012132997,0.008445030042975433,3
22.13,0.016655279420760977,0.01467271550068739,-0.0013686016488660222,0.022238704621020868,3
22.14,-0.00890654574706919,0.0048818719824462575,-0.00757332536599818,0.012669431253884346,3
22.15,-0.023718426180568693,-0.01680062691096397,-0.01138351164974391,0.03121552726712058,3
22.16,-0.004940835798728433,-0.006484587115735347,-0.009005773477937006,0.012147661683940283,3
22.17,-0.010048087538090474,-0.0006605426182058243,-0.01498998535361484,0.018058240241650977,3
22.18,-0.017374639827561357,-0.017872597429449712,-0.0019388366042576233,0.025001338671972406,3
22.19,-0.014606386889221517,-0.012129344468497321,-0.012575379579083935,0.022772959990987777,3
22.2,0.0063243667434823994,0.006447640419968976,-0.005010024739143272,0.010328118394853512,3
22.21,-0.021805895694345157,-0.012603794357214926,-0.00039550444394778964,0.02518946492081175,3
22.22,-0.022883034024373566,-0.018682322403029,-0.005204727368214009,0.029995859772788534,3
22.23,0.00493858524539539,-0.0004668247639566703,0.008375277381365395,0.009734106060706911,3
22.24,-0.005746422270918244,-0.012981846500698158,0.0004453140127653921,0.014203802732133371,3
22.25,0.022399689503934943,0.009382383299903574,0.01794810098407351,0.030197839909395893,3
22.26,0.0037646367443455323,0.01718795358837568,0.006994505908963424,0.01893466005196706,3
22.27,0.005795166400232254,0.0019320022372368737,0.0005411834093908118,0.0061326556836063285,3
22.28,0.01724865085712935,0.01358806745887926,0.0013716031666616522,0.022000746098825803,3
22.29,-0.012084810132475332,-0.020389591116646608,-0.013137039197580535,0.027099074905257932,3
22.3,0.011549916731182589,0.028590629177279225,0.004359276623993627,0.031142060720742916,3
22.31,0.0020154005756899667,-0.005480939509707612,-0.005693031421293125,0.008155559095083314,3
22.32,0.01710431625944743,0.002572426870679396,0.0029108475821473254,0.017539898755542578,3
22.33,-0.004990366006191438,-0.003982716801052999,-0.003159422870449108,0.007123744722227054,3
22.34,0.0026543267536757037,-0.005281805027823505,0.009581728711874973,0.0112584386117787,3
22.35,-0.0060571941035224165,-0.0013201854718456266,-0.011789202613501816,0.013319826888890749,3
22.36,0.0010663051007434423,-0.0113467346651937,0.0006581899520041678,0.011415717592122674,3
22.37,-0.008722807844924987,0.002990427563605744,-0.011433862167970143,0.014688881434227618,3
22.38,-0.003914566395429217,0.004778677277898982,-0.005099613970279218,0.00801034638679244,3
22.39,0.013201435332570056,0.008291559360718594,0.01151975516185575,0.0193838234221593,3
22.4,-0.01140285720767034,-0.021226157863805304,-0.010221293902152772,0.02617345562190611,3
22.41,-0.0026191258108743806,-0.008331414180829706,-0.0027588298697159242,0.00915878946781481,3
22.42,0.021114403616888263,0.015280287380535698,0.010347614710068695,0.028042438423158796,3
22.43,1.5506581912023976e-06,-0.009683003161722907,0.004207765184092877,0.010557738416864703,3
22.44,-0.03185750599108323,-0.03068283915082067,-0.017623232382576078,0.047612137380475955,3
22.45,-0.008396493071732177,0.0025168476222224958,0.003786258152191729,0.00954836994738745,3
22.46,-0.012567437683107724,-0.00755787010797368,-0.008326136831638267,0.016863761295362354,3
22.47,0.015066306788608808,0.011533060643792569,0.009685956836377843,0.021303118267006163,3
22.48,0.004674460934416581,0.007491798061434011,0.0009640201000990945,0.008882958852436963,3
22.49,0.019885256993199076,0.012609097065285483,0.013393798368678742,0.027088865041344664,3
22.5,0.015201398124552623,0.010164932247714632,0.019005674656880408,0.02637468524371366,3
22.51,0.015245657725069063,0.014319845163509709,0.005194946733918729,0.021551694052790914,3
22.52,-0.007276342376579,0.0013784249990572914,-0.003370447305932963,0.008136653421480861,3
22.53,0.012300634969375687,0.01259526871847972,0.0029431206176773663,0.017849604301237026,3
22.54,0.020968589423727837,0.02636111753692967,0.005920180161900183,0.03419998235914821,3
22.55,-0.014842085020415991,-0.010192416581504314,-0.010874719098308953,0.02103407613828823,3
22.56,-0.0035356161162397558,-0.013252304024288074,-0.001702908250576934,0.01382114466256175,3
22.57,0.0022480523734835496,0.010279801157052121,-0.0036502464360716586,0.011137879077567192,3
22.58,-0.002939739681142038,-0.0040185073083317275,-0.005802689400944989,0.0076460234543085145,3
22.59,0.011349076156063523,0.001794833103438337,-0.013885922474545986,0.018023368121259382,3
22.6,0.0015602178472651704,0.006790947880319808,0.009011805455099784,0.011391395454671525,3
22.61,-0.003012782118617963,0.0008572260913191554,0.00850706137461678,0.00906541702832248,3
22.62,0.0018668365844416255,-0.008923196833452515,0.00473262340406219,0.010271623281946425,3
22.63,0.001818900408934357,0.006638272558380417,-0.004424787067660956,0.008182530284154632,3
22.64,-0.005666075639998218,0.01102828203864052,-0.010130659111406029,0.016011173345932408,3
22.65,-0.008718927253071832,-0.0035143052849860214,-0.013310529911950555,0.016295405506380315,3
22.66,0.009485622975258772,0.004590466178118046,0.008103488464010723,0.013293455090666146,3
22.67,-0.009055746389924355,-0.019693066602704163,0.003516699243268853,0.021958838504455964,3
22.68,0.0012645120863897818,0.01729490473306594,0.001565553200697896,0.0174115960602889,3
22.69,-0.009652800706892804,-0.010892642193554007,0.0008032070727724237,0.014576397258771967,3
22.7,0.014758165177511499,-0.0009331923423288938,0.009310254923071842,0.01747441369794929,3
22.71,0.02202903951922871,0.016307087001985923,0.0052877792071008844,0.027913442596231783,3
22.72,-0.0033196510765414276,0.005742235992615782,0.004562961166167118,0.008050712519325478,3
22.73,0.006080697961825613,0.014143806770238854,0.008409740587370273,0.017542687775927254,3
22.74,0.0015390326793531537,-0.004300434037797474,-0.00525033854386153,0.00695905232964389,3
22.75,0.0189781658062026,0.012496510190035122,0.01338280848221575,0.026371065719250616,3
22.76,0.02135511494776289,0.014951882832946748,0.008724164851501558,0.027490194379787655,3
22.77,-0.003476656004231171,0.005378804605110024,-0.0031298295758977876,0.007128429639540112,3
22.78,-0.03708664396821658,-0.021217977739107663,-0.014345339129065857,0.04507117143907435,3
22.79,0.011575450873040856,0.010267812711883498,0.007367230866711448,0.017137535745956143,3
22.8,-0.0037977958722906825,0.0046601545027039615,0.0036231051435775376,0.007019058651847708,3
22.81,-0.005477092338688578,-0.014730507080488208,-0.00756051504055536,0.017439832769074886,3
22.82,0.004270858063153253,0.006356597166340313,0.005315480560865653,0.009322064670643919,3
22.83,-0.012294051469039108,-0.0068330653645686575,-0.012492152278197983,0.018811920485201333,3
22.84,-0.015472490518271657,-0.011230796851489318,-0.00803514328833306,0.020738666505382464,3
22.85,-0.011513602736168381,-0.010056917171205385,-0.005853588694622919,0.016369762721573183,3
22.86,-0.00011892096903022738,0.0009899522326788073,0.005766763072170345,0.00585232466208159,3
22.87,0.006306950785135778,-0.000146639207342451,0.002893706883294335,0.006940653484339918,3
22.88,0.017451618186114397,0.03403446674456375,0.006282184226039049,0.03876041463336826,3
22.89,0.004964596901067717,0.0143470116715569,0.010789644730611656,0.018625262406384964,3
22.9,0.0006483514792716156,0.00919712576546377,-0.002282221609707052,0.009498211276985,3
22.91,0.015082987722787683,0.006320672794582502,0.003960430546724077,0.016826539553258257,3
22.92,-0.005505721989885314,-0.011511547678525103,-0.013736547484337062,0.018748905071345107,3
22.93,0.024379342564621743,0.015369922341586425,0.009669508431867774,0.030398786982107313,3
22.94,0.010479135878616767,0.008248672287199065,-0.0009224905433186442,0.013368016758914966,3
22.95,0.005144097910823155,-0.00798625173585501,0.0008104680389163345,0.009534087190008658,3
22.96,-0.004427872652516055,0.0007403036347746672,-0.0005527930544267873,0.0045232384261259815,3
22.97,0.013423330831095228,0.018053528474918652,-0.0004701187722448274,0.022501926865398602,3
22.98,0.0007613141635044464,-0.017352499244131736,-0.004595289289604935,0.017966789165799846,3
22.99,0.0008880209489346895,-0.006581330271633113,-0.00919714472917561,0.011344159753788025,3
23.0,-0.020309525937262166,-0.004393995609268819,-0.012198163632113209,0.02409521191453621,3
23.01,-0.007725067434623303,-0.0024158246999445247,-0.009143184829972898,0.012211089414355544,3
23.02,-0.011379227332976388,-0.014896042125224655,0.007744498046929084,0.020281916469873176,3
23.03,-0.0012098065247679824,0.00503603033133149,0.008479817744750148,0.009936425026620057,3
23.04,-0.01060943616565279,-0.012180322871050978,0.003276801573690748,0.016482045672471943,3
23.05,-0.03974372178907112,-0.029709577674766584,-0.02565338513176217,0.055859811993763386,3
23.06,-0.012845598880624712,-0.01810293797523035,-0.006844711091036602,0.023228771897298047,3
23.07,-0.024583619019076148,-0.017073215479968123,-0.018281769563370878,0.03507238385494632,3
23.08,-0.01832469359585621,-0.0046817633868916995,0.0028108209167362324,0.019121036007989086,3
23.09,0.00803095953015798,0.0018016346753506377,0.008600430125287932,0.011904184004727971,3
23.1,-0.022159850642060643,-0.010348237681319029,-0.0162874475171303,0.029384110505693044,3
23.11,0.003924564870656365,0.0023479163775030525,0.003982896328200111,0.006064518439326159,3
23.12,-0.00345334769409473,0.006214713537574906,-0.010449380722760561,0.01263874329748121,3
23.13,-0.003735827596763123,-0.0063193790288272895,-0.002500022511087007,0.007755067485113257,3
23.14,-0.005437821660301841,0.008633683497200059,-0.003500397266905857,0.01078717646862396,3
23.15,0.011280961421974196,0.013349383696634631,0.00951431776016324,0.0198994567294035,3
23.16,0.013151393957312518,0.011158079777774227,0.011845165541192654,0.020922950414458002,3
23.17,-0.012861391213805709,-0.0067589147062067385,-0.005665682182700525,0.01559481537421032,3
23.18,0.020875574592034214,0.010893010598430983,0.008050004759544864,0.02488473168579097,3
23.19,-0.00851567833760191,-0.010195682746731377,-0.023243623960989956,0.026771902791198923,3
23.2,0.00856482518019748,0.00809291693384884,0.013226914606497431,0.01771448009039772,3
23.21,-0.012407432872082548,-0.018275070523238082,-0.009528890703918113,0.024056648793042167,3
23.22,-0.0060263255917913676,-0.009031963102620508,-0.0020989662767112167,0.011058870514485139,3
23.23,-0.01810258542387337,-0.020169851102061723,0.005408390898254284,0.027636519039421242,3
23.24,-0.011115560069086875,-0.0032063228510540815,-0.012166333187032093,0.016788562925174645,3
23.25,-0.008805562646668933,-0.0014676753285630785,-0.003834874803101127,0.00971587716832319,3
23.26,-0.02128549963954963,-0.004757271974014177,-0.006597324148463821,0.022786592932246632,3
23.27,-0.004206778206846807,-0.005621970070066649,0.00466171943313091,0.008428235783576347,3
23.28,-0.002468060621959315,-0.008189787142102526,-0.00110330713627589,0.008624454956898515,3
23.29,0.025465507913293748,0.00607148411953224,0.018512972589489276,0.03206376719593223,3
23.3,0.0055174634707307185,0.006029825909527614,-1.0986400675077907e-05,0.008173207714909623,3
23.31,0.010330719431269626,0.01840585754296002,0.007909928796841496,0.022540326737437777,3
23.32,-0.02286401049002762,-0.016601706670003616,-0.007805064499825902,0.029313796613393124,3
23.33,-0.022853008321331213,-0.015784056050836753,-0.010830506976187072,0.029811009645968497,3
23.34,-0.0006839958009242798,-0.0005285100386185655,0.0016332025855969989,0.0018478430134087058,3
23.35,0.026317259585084164,0.020454164527100676,0.006595374451831635,0.033977492001769076,3
23.36,0.03616429902502226,0.03329140274811436,0.014482036329240383,0.05124356932484134,3
23.37,-0.0007117783402518472,0.01485526442213158,-0.008041582781770732,0.016907174899822013,3
23.38,0.0009535894439115693,0.004653960310457018,-0.00222024438629779,0.005243869233088828,3
23.39,0.014310705293420944,0.014531660968582619,0.0132689099570248,0.0243316548542964,3
23.4,0.00457661172340597,0.0012895092153932149,0.0045819603785272126,0.0066032241968446165,3
23.41,0.003469551721174455,0.0015661885068088458,0.0034088828595420814,0.005109913691525967,3
23.42,0.011288902505045335,0.006931762991480427,-0.004513274563996575,0.013994938557510533,3
23.43,0.03409325231278853,0.020936100729026807,0.017262273070611456,0.04357357270828013,3
23.44,0.014875478153566704,0.01143304346478048,0.0063173127107787755,0.019796534369696302,3
23.45,0.01942747761164047,0.018598230041076677,0.011966859437326475,0.029436826795772815,3
23.46,-0.027108560174541704,-0.01846753910623145,-0.0038995525895079916,0.03303226522319162,3
23.47,0.006349098902163378,0.00220020769512195,0.00040357371501044056,0.006731630004283761,3
23.48,-0.018980015922639003,-0.012278021291565832,-0.010434642079489947,0.024897240139960017,3
23.49,0.012123083254128872,0.0008073069103860572,0.010964175459918162,0.016365635812579007,3
23.5,0.008535305272695165,0.012401435941512592,0.00022036984813967675,0.01505641432677473,3
23.51,0.0003694575004113401,-0.0030466524598716455,0.0006906083602141833,0.003145716128809125,3
23.52,-0.014351870994619953,-0.019286059739393742,-0.018437872877863228,0.03029659151749454,3
23.53,-0.009358730464229262,-0.0028571514548555287,-0.00605976226589585,0.011509555554288408,3
23.54,-0.006212726018346047,-0.00025784575056952714,0.005034399973720826,0.008000601983946018,3
23.55,0.010058018751016244,0.00016115694789472536,0.006538727674515221,0.011997694460150263,3
23.56,0.007970034808892437,0.010567576058946902,0.00898302027924776,0.01599655500268609,3
23.57,0.022121463949865146,0.020556222082954552,0.015692547987349537,0.0340319481655723,3
23.58,0.025952686226130207,0.033965926053721576,0.01977426003768737,0.047098274013778155,3
23.59,-0.0025218005513289316,-0.003645461320191044,-0.003217816394696286,0.005477518471686621,3
23.6,0.013700537016182032,0.009155363320684127,0.011818925968774215,0.02027837279272841,3
23.61,0.013275592016177815,0.004438539377829961,0.019459729132473434,0.023971296024574613,3
23.62,0.005667984349628446,0.007916991752911747,0.0023927177144575326,0.01002646014625224,3
23.63,0.016641247855670192,0.011612038491126738,-0.0004294173567357248,0.02029667380088478,3
23.64,0.00932643369251295,0.014431935712904697,0.0006271680755700246,0.017194664103647648,3
23.65,-0.005646419405713344,-0.007424096665137266,0.0002691319031855508,0.009331221537388917,3
23.66,-0.0027457902267396467,0.0018527934529311296,-0.011205857606846233,0.011685180882356806,3
23.67,-0.0074345332250776415,-0.007106931195757059,-0.007918047809526114,0.012979839614184356,3
23.68,-0.01391204724310004,-0.024478273524823204,-0.008239118348769371,0.02933622341773624,3
23.69,-0.007719493350127825,-0.00037931986385498443,-0.0028146237579038972,0.008225361271113856,3
23.7,-0.023224429001043104,-0.03024149887204991,0.00032806703854728995,0.038131745100827334,3
23.71,-0.0023133114460204994,-0.0028951921619048376,0.0030858926994698473,0.004822476672134968,3
23.72,0.00916579880809185,0.005265119650320936,-0.00255856770152076,0.010875643493875608,3
23.73,-0.006132725734806424,-0.004359863325861633,0.020445917193349872,0.021786561523927318,3
23.74,0.0061155797820798335,0.004659392030375476,0.0026528891426987615,0.008133146437090573,3
23.75,-0.001451713598757376,-0.0007164586624147276,-0.010735804289905768,0.010857176388864891,3
23.76,-0.013383629562546347,-0.0064639593462347735,-0.012252919901252185,0.01926235595153776,3
23.77,0.02525525416079578,0.01680883085092665,0.00517009589676345,0.030774901281453142,3
23.78,-0.025705647028919885,0.0029316265303420894,-0.0196554284093223,0.03249170031320025,3
23.79,0.005404898325291447,0.0010442869811960694,0.0055099803922371,0.0077886677377245455,3
23.8,-0.0024560259764987045,-0.011500091329869153,-0.017106721309895736,0.020758710898488106,3
23.81,0.026678429999835895,0.007394796680321232,0.017898799183687766,0.03296647778300581,3
23.82,0.010591091346217881,0.012679818700023174,0.009652440504967124,0.019134226555346277,3
23.83,0.03831173559922056,0.014085133181124658,0.014501405990052656,0.04331825062306808,3
23.84,0.007098756795677924,-0.004708850580081447,0.00868871732360478,0.012167967396374248,3
23.85,-0.003988476625577601,-0.013622006059606886,-0.008351270266151511,0.016468476248246284,3
23.86,-0.01732753823023278,-0.008472139827298181,-0.01285133089480726,0.023177088689938997,3
23.87,0.01426791148226022,0.020633197101766306,0.009717857552280686,0.026902395360123035,3
23.88,-0.011317008686319874,-0.015473477914875185,-0.006349901363813064,0.02019466394170808,3
23.89,-0.008519925390432552,-0.0025876162536011458,-0.0075846069417016574,0.011696629813520947,3
23.9,0.009358130263011258,-0.014544874923163007,0.0035299525270772398,0.01765187110176602,3
23.91,0.005804622527514193,-0.0018947249718389318,0.010524666694992942,0.01216767169373537,3
23.92,-0.015048431813691301,-0.00571410297386358,0.0009081776271132108,0.0161223775991515,3
23.93,-0.013444983458628733,-0.011909925646687984,-0.00349348442256153,0.018298042040697047,3
23.94,-0.028679166912074994,-0.012123185973442243,-0.015038212882062698,0.03457765318241769,3
23.95,-0.03125931516741534,-0.03974704268367496,-0.010938214875504153,0.05173602933639556,3
23.96,0.004124071709427711,-0.0029929588191278055,-0.003318851838114232,0.0060811633328542595,3
23.97,0.007413650213491317,0.008811527140343596,0.010349832362147022,0.015483031032635612,3
23.98,0.0034288220746553754,0.005921735699167581,0.007245519198952846,0.009966008377120403,3
23.99,0.0036763639459056053,0.006708936775692474,0.013243903207443404,0.01529465451362414,3
24.0,-0.0048739980295728624,-0.0017517056185903839,-0.007006360143275067,0.00871283029926296,3
24.01,0.023093241235843397,0.007012272881211612,0.004834173248811339,0.0246137967964505,3
24.02,-0.014505178874330286,-0.016386543891597407,-0.0032193854589623117,0.022119753109403003,3
24.03,0.0021435119713972394,0.020031537018406063,-0.000677993437768843,0.020157301257682125,3
24.04,0.009920554950422739,-0.0031306296431537076,0.010460164703061768,0.014752399740453385,3
24.05,0.00755967829256332,-0.006032793214536172,0.011308115444258283,0.014880080804789989,3
24.06,0.006493309849752241,0.009984447884904584,0.013138817670894243,0.017733606575095432,3
24.07,-0.0012933624553916187,-0.009379510610173043,-0.00023162331878746819,0.009471095770245987,3
24.08,0.009444070045611621,0.020948557887231864,0.009532139227989643,0.024877584586187263,3
24.09,-0.013857714997293925,0.012175171265439886,-0.009337728755148015,0.020675208308351723,3
24.1,-0.0032867685312527703,-0.004228254742523482,-0.00017575583230053805,0.005358346354827528,3
24.11,0.0014660026486671236,0.003501819018982028,0.0003390792063418235,0.0038114137686397517,3
24.12,-0.009561028265257872,-0.0212899783280881,-0.004943103482726353,0.023856041388722948,3
24.13,-0.006911082466445333,0.0034150841251335586,0.007833513091205146,0.010990440745931427,3
24.14,-0.0052097908455276355,-0.021555947837906007,-0.010396885404085834,0.024492775137790353,3
24.15,-0.029115088191975388,-0.03109685309416476,-0.013131659063157908,0.04457738330743053,3
24.16,-0.027528471762949015,-0.018321192163893846,-0.012065189184686475,0.035200165198079426,3
24.17,-0.0048337155708863,0.0009976569634637246,0.0016846327500865286,0.005215181026545524,3
24.18,-0.012134206542028372,-0.020365128210212892,-0.012043426824497327,0.026589876740971078,3
24.19,-0.009406977230795237,-0.010925153023031427,-0.00602705060809536,0.015626116863440367,3
24.2,0.006231992607883542,-0.008930186761668962,-0.0007702037115415515,0.010916921783189393,3
24.21,-0.010178737266094737,-0.00966133263538842,-0.018091902491600705,0.02289683332667194,3
24.22,-0.025126270045948383,-0.02399442303396119,-0.004331953273710196,0.03501182089409545,3
24.23,0.025548529813041093,0.012798392458738832,0.0026772444407287335,0.028700067298373457,3
24.24,0.021550220312011852,0.0202948844772567,7.828631317675395e-05,0.02960237254323163,3
24.25,0.022190418414176877,0.017785846399688957,0.015671456424630102,0.03247068751995635,3
24.26,-0.005472782579367466,0.000658547815048737,-0.004471882699605737,0.007098082083546693,3
24.27,0.0065460568013369184,0.0035486342925212483,0.001144021189489423,0.007533422161965165,3
24.28,-0.008858934130998048,-0.0004657941932415177,-0.0056738397649321645,0.010530438540058298,3
24.29,0.004008797072328797,0.002525388301225656,0.008250182776077378,0.009513861249659004,3
24.3,-0.0014686438895992484,-0.004959135229466343,-0.003971816216639355,0.006521139559720431,3
24.31,-0.012471637658638533,-0.004165584374112655,-0.002041842840845834,0.013306500714047091,3
24.32,0.004223952175754516,-0.0004306069304947438,-0.004946278042872239,0.0065186548297215,3
24.33,-0.007052303658002841,-0.00757252547666572,-0.001193265975492061,0.010416429938692942,3
24.34,0.014916228699851854,0.018987518404315954,0.01212845283622864,0.027020716163365172,3
24.35,-0.0060644154865739305,0.0035476108379867916,0.005701591392237073,0.009048249679116452,3
24.36,-0.038425447270239756,-0.029274917446155627,-0.026586227892885846,0.05513948950588556,3
24.37,-0.02971050507647044,-0.01381449684602929,-0.015149908554930806,0.03609811856912621,3
24.38,0.01772037631225657,0.0021788861256367767,0.017564350069811906,0.025045272503436206,3
24.39,-0.010590045926244619,-0.00974374163060229,0.0007656927848850295,0.014410963157427313,3
24.4,-0.0017416289331643403,-0.0072335471847592035,-0.0019778048962044237,0.00769864848024789,3
24.41,-0.0024667798048705787,-0.0017407498944089711,-0.0010871964533765563,0.003208926444909066,3
24.42,0.016661982359586453,0.017540075558829214,0.009280004392453198,0.02591127917113624,3
24.43,-0.020939770909010107,-0.010212422449419136,-0.011660786981735491,0.02605266840537909,3
24.44,0.020012123484543044,0.017365525554416603,0.012288357441531249,0.029207024715854433,3
24.45,0.02097107434869679,0.01577968530394279,0.012380036446095193,0.029018093149562427,3
24.46,0.007227450488980506,0.003784264848641482,-0.003436332253422362,0.008852405343816951,3
24.47,0.012834331335934987,0.018593530469038194,0.0028368170711498835,0.02277030889642874,3
24.48,0.0035044769452625317,-0.00991908710449732,-0.001147507278890674,0.010582363658540029,3
24.49,-0.012845529723880231,-0.014326030415320075,-0.007313624161862281,0.020584748716677165,3
24.5,0.013162857839575897,0.012504257047084568,0.007542544248249597,0.0196597874999007,3
24.51,0.007472850768917163,0.017454047576247952,0.004445627405948425,0.01950002252411398,3
24.52,0.005667187986259019,0.0012003348707032963,-0.0017683001545803533,0.0060567903141939584,3
24.53,0.0059901031219262765,0.0021056374013481453,0.010737194755701552,0.012474068923135385,3
24.54,-0.009322299388994953,-0.01684495858926167,-0.004164697718113442,0.019697781673458956,3
24.55,0.01374548588391299,0.005289691994135261,0.014967183027435164,0.02099847116707341,3
24.56,-0.005837896223735649,0.001579317974357136,0.00601406684181056,0.008529025592703994,3
24.57,-0.0007108458070394768,0.012136757131034438,-0.006675099605759757,0.013869503602000864,3
24.58,-0.011162477066368678,-0.010160019090158012,-0.007965146633170588,0.017066647094772035,3
24.59,0.00466652340198505,-0.0031252279180522717,-0.0004036565383121562,0.005630846188804097,3
24.6,-0.006077774704991228,-0.0036964323111689924,-0.0008551353772342882,0.007164789857984879,3
24.61,-0.00713699859361154,-0.017913339549819354,0.0011468046450964233,0.019316822814488672,3
24.62,0.010083435653052055,0.01694306069052711,0.0054191041042092256,0.020447730177806624,3
24.63,-0.02300800250681603,-0.025951465432271403,-0.013659030342711834,0.037274868844023486,3
24.64,-0.0034314546757246893,0.0001083197940396196,0.008365467504653772,0.009042547259525482,3
24.65,-0.00515485526715116,-0.0012164455762461463,-0.004950244257530369,0.007249633844164633,3
24.66,0.008771760115019456,0.011162155620732096,0.008398263271690336,0.016494493614461467,3
24.67,0.009812364451838848,0.00891339200645529,0.004192588384341326,0.013903555320743164,3
24.68,0.007125694878606619,0.005009688735395528,0.0028155614168510613,0.009154228248225506,3
24.69,-0.0006511054761888686,0.0029730152634587373,0.0037495165431369218,0.004829247602384787,3
24.7,0.007630141211837161,0.012018615113295009,0.012691579409157642,0.019072030622171655,3
24.71,0.01115234597394206,0.022178293954275823,0.0068485046944432235,0.025751768094532463,3
24.72,0.003888857579698905,-0.006097957924502084,-0.0011830162551223142,0.007328562722939813,3
24.73,0.017585176742583353,-0.0024027633210246344,0.016793764651024484,0.024434447892243347,3
24.74,0.0095517872422781,-0.005688893369365362,0.0072613714498810855,0.013278842668806043,3
24.75,0.0001682869107515959,-0.01438839796102395,0.0010979055014021563,0.014431206216361042,3
24.76,-0.030475133929586746,-0.030930051471835127,-0.007547762531204748,0.04407233362671051,3
24.77,-0.007015239113137848,-0.015523572277568311,-0.0012235451227828533,0.01707899115108595,3
24.78,0.0014527818164830706,-0.002313987990308691,0.015395466942887567,0.0156360326750471,3
24.79,-0.010673522766540528,-0.000630485714164946,-0.004791942210721519,0.01171683876455248,3
24.8,-0.004295674446992444,0.0020049108935802644,0.004964865248837716,0.006864573809411407,3
24.81,-0.010593668598367956,-0.012393419370924646,-0.00211522176080678,0.016440706224887303,3
24.82,-0.004426277514664464,-0.007385265789619696,0.0006402830472601426,0.008633889378533871,3
24.83,0.010869156272417024,0.023694619995732222,0.0027186588452801893,0.026210011078467627,3
24.84,0.005257717677530089,0.00843868221102165,0.00022328690276687173,0.009945089726904067,3
24.85,-0.017628039792406056,-0.010957970405389513,-0.0049528276321900554,0.021339058177019646,3
24.86,-0.01970485434385889,-0.012821383843586729,-0.014076752297454309,0.027401170114087582,3
24.87,0.007758957666871576,0.0031172939790498518,3.8238191266676876e-05,0.008361842379966093,3
24.88,0.01851892548623461,0.028988351820214156,0.008425306301245855,0.03541554642649237,3
24.89,-0.013735421218200535,-0.011133569321583195,0.001261297048029227,0.017725942347961623,3
24.9,0.0048554702724517285,0.004593195157380645,0.0026681543529095907,0.007196671520320896,3
24.91,0.036429027427307234,0.012309782747824403,0.01678121026865413,0.04195490208162714,3
24.92,0.004653195109113483,-0.0018336900011268827,-0.004257754192159598,0.006568341838284832,3
24.93,0.03746881428877014,0.021822427966609385,0.027035090492463137,0.051098204709166366,3
24.94,-0.004028990901451407,0.00107005546973875,0.004829649927006993,0.006379914169464562,3
24.95,-0.003692129574854543,-0.00878624335097752,0.00565677075102295,0.011082822219531496,3
24.96,-0.006481457315452067,-0.004150523561366656,-0.011632579393666345,0.013948227059932662,3
24.97,-0.015672961435307383,-0.015821911946050062,-0.004943515129164414,0.022812561443500193,3
24.98,-0.022868675187589213,-0.024813203296268585,-0.01592043172205688,0.037311278574635946,3
24.99,-0.007267528361992586,-0.01421761205200852,0.0013593887598108909,0.016025148946393127,3
25.0,-0.004536312436691868,-0.0045625958187165815,-0.00011118749266129783,0.0064348872396320705,3
25.01,-0.016024488330596765,-0.01039263717739217,-0.004098037799937386,0.019534201994656997,3
25.02,-0.013678567062160753,-0.011124797356041424,-0.010455019200160613,0.020498091119973645,3
25.03,0.009500067258161543,-1.285688232505796e-05,-0.001964036472993925,0.00970097327469087,3
25.04,0.00456199970184484,0.002091349900067969,-0.0017914679211656925,0.005328690551787788,3
25.05,-0.00886802717726182,-0.008789312434359209,-0.002143809689714557,0.012668458433098705,3
25.06,0.0012014215173445347,-0.007493943530302852,-0.0009127361885567666,0.007644324080493157,3
25.07,-0.021463422514249833,-0.014359721690626506,-0.008139579960352897,0.027076426555002312,3
25.08,0.0036894273161889703,0.01706521455594437,-0.004483585475701894,0.018025980153095197,3
25.09,0.0019480809175980796,0.00016699215872152087,0.0008374202448489471,0.0021270115911924694,3
25.1,0.00022932397678343628,-0.011528117940199572,0.008473814226866426,0.014309284408415496,3
25.11,0.006749042732051364,0.016472687961766194,0.0050310848409206455,0.01849894162273382,3
25.12,0.005925002466112382,0.01420447379303335,0.0050356962913449075,0.01619354708206556,3
25.13,-0.0077883509459955435,0.00600837337254516,-0.0010872968810489978,0.009896523407209132,3
25.14,0.027983977913109588,0.019251045680774934,0.009521211894958644,0.03527547668839346,3
25.15,0.018447218469447094,0.006644616887433413,0.018091688515108173,0.02667883048726035,3
25.16,0.0010185041116590916,-0.006431253614560624,0.0026004710210329072,0.007011477961991858,3
25.17,-0.017284411680663497,-0.00296929423352639,-0.00671477969852336,0.01877913368054052,3
25.18,-0.02777713711990791,-0.006596964283194661,-0.008377871409730966,0.02975362185835364,3
25.19,0.02347147057986831,0.00906704464387624,0.01620632496042364,0.029929353459079582,3
25.2,-0.004904219409596751,-0.02359380659144023,-0.009680523309628833,0.025969821120678152,3
25.21,0.004331056564337922,0.002889451801076014,0.002287154133570144,0.005686656021331255,3
25.22,-0.01781898854275301,-0.01970736047079082,0.005392543353531717,0.027110439561766068,3
25.23,-0.01120551781852264,-0.013501992156949503,0.004889397593820762,0.018214654282143666,3
25.24,-0.011060548600590098,-0.009648136647181359,-0.005615661793266032,0.015714895274390073,3
25.25,-0.0049009188585728515,-0.00015165474429934588,0.002162582093629187,0.005358989282641748,3
25.26,-0.005895574438483434,-0.010374611243869701,-0.004612659587460757,0.012793239812139869,3
25.27,-0.01664585562254122,-0.010563486668271763,-0.005368649123209812,0.02043267367246352,3
25.28,-0.01491892195942464,-0.011452478777203293,-0.009463409018585157,0.021054444016091554,3
25.29,-0.002548198891453939,-0.020226525106147846,-0.0039983809043451285,0.020774808911666744,3
25.3,-0.020335861733033752,-0.009875302094431333,-0.012702265445105115,0.025930993257475846,3
25.31,-0.006934096082920526,-0.008461906594311747,0.006973584606577949,0.012973682359420218,3
25.32,0.00307919273918383,-0.00795546578586079,-0.0014970555878524093,0.008660949095114471,3
25.33,0.011281419493528212,0.0020890098995718243,0.011927263824735461,0.016549743517478167,3
25.34,0.025602213999073038,0.01954527542113771,0.008931019779896328,0.03342535365933113,3
25.35,0.0022740599003914395,0.0019617068497497273,-0.0022535116160840316,0.0037547245969243854,3
25.36,0.008201481920290033,0.010896497920390474,0.006027099381840956,0.0149105298221259,3
25.37,-0.015499660425284558,-0.007357093629486693,-0.014767244983589618,0.022637089573916493,3
25.38,0.009501536377843492,-0.0027217520541562993,0.008263690161105758,0.012883155780418995,3
25.39,-0.007302335509583651,-0.028746109611219893,-0.004102829815143322,0.029941545286888985,3
25.4,-0.0022581820260193525,-0.0006134845471171335,-0.004320738294158089,0.004913708249254582,3
25.41,0.004863969734553038,0.008452388478073962,-0.0024041187859685093,0.010043946420604409,3
25.42,0.003147649274225341,0.0005838000233210842,0.013244459152358591,0.013625865721459914,3
25.43,-0.022476613571542042,-0.010448793709510164,-0.01032033813462971,0.026849298442257655,3
25.44,0.0030365482651107303,-0.005887558758152132,0.0009075761144413245,0.0066863792818344725,3
25.45,-0.008069375295105393,-0.008416715208345246,0.0016064900471291217,0.011770162395785894,3
25.46,0.007209581276711697,-0.002317906076929603,-0.0018055628177368107,0.007785294333278141,3
25.47,0.009803899425062431,0.012441112953013936,0.011217540286576249,0.019409558097168305,3
25.48,0.012432020204976215,0.0014192077798040282,0.005379957240447334,0.013620323674870389,3
25.49,-0.02248043630784451,0.0007424884732336982,-0.01841881516640191,0.029071877439512155,3
25.5,0.00133516502794763,-0.003081337430991085,-0.0025821362659577385,0.004236122485416977,3
25.51,-0.020240047475932936,-0.00778258723002655,-0.015678966819304106,0.026759263561275948,3
25.52,0.016594507149798696,0.00770298975115158,0.007954450049226255,0.019949611380593403,3
25.53,0.020510716032420825,0.025058473246505317,0.004468275658988292,0.03268917314606068,3
25.54,0.016869688588846517,0.022204855157110598,0.002169153148439778,0.027970470339526037,3
25.55,0.0015653160447573564,-0.001494406533244484,0.00245760060914802,0.003274639821516762,3
25.56,0.01417369051372808,0.012119178604973947,0.006641765297178736,0.019795985428894703,3
25.57,0.001372391034389765,0.01115233488623617,0.007872516936905435,0.013719859820271366,3
25.58,0.00786637883038628,0.00794110434427149,0.010528972462793842,0.015355790934759044,3
25.59,0.005666048266307511,-0.003399571561981042,0.002917923952968637,0.007223258956763539,3
25.6,-0.018690533361678585,-0.012522845527752303,-0.005412850612919866,0.023139936240485905,3
25.61,-0.006340450187738929,-0.010424095286547636,-0.011298368908818204,0.016628776597392037,3
25.62,0.028431814877282253,0.021110228738961415,0.016970562361744348,0.03926843314293524,3
25.63,-0.0021476292341897994,-0.007803121739046337,0.0014977758526990197,0.008230695760800084,3
25.64,-0.0013827882212932175,0.0020144933331431086,0.005102222968327816,0.005657116392010792,3
25.65,-0.005337173093677143,-0.018046355603287895,-0.004239090221533449,0.019290574203441747,3
25.66,-0.01165865156818944,-0.017136901065979565,-0.007031477436602386,0.02188696437323061,3
25.67,-0.007247223173126467,-0.01141884542420083,-0.005008863458752309,0.01442223934385079,3
25.68,-0.012884065917752055,-0.010300558853990725,0.002809675596509401,0.016733049460129115,3
25.69,-0.035059933849913,-0.03663860859463451,-0.01407943290348499,0.05262905121883575,3
25.7,0.0027330038804671873,-0.005154549072531472,-0.007745911264913821,0.009697310332030352,3
25.71,0.014164104545325849,0.01613984140253312,0.010240134977133865,0.02379026486653234,3
25.72,-0.0172242061752247,-0.004879623930473226,-0.010530681797196129,0.020769671812122924,3
25.73,-0.006005627426664618,-0.024472937258351923,0.003804952370310648,0.025484698965839655,3
25.74,0.019236710591642146,0.008771732335188983,0.011889025703227299,0.024255788066331642,3
25.75,-0.0058321577150293805,0.006116178905299499,0.004818194522347311,0.009728139928567277,3
25.76,0.009984369735354767,0.010077367289862284,0.01072612237898234,0.017784562738396476,3
25.77,0.05872545520022511,0.044366609224356215,0.0320506565999002,0.08027652017262023,3
25.78,0.01530346002391643,0.015225599113858786,0.013693403562220886,0.02556411661288904,3
25.79,0.008824312866003702,-0.0014944242722141439,0.008861296086774311,0.012594616699208553,3
25.8,0.01820639379978812,0.014456719858664242,0.004029823133728613,0.023594681577719896,3
25.81,0.01595005809928014,0.014938911254259116,0.000316016532472721,0.021855783886235648,3
25.82,-0.002857471539183906,-0.0011435895796486338,-0.006267382794654048,0.0069823368451151484,3
25.83,-0.017703673655398818,-0.015541635065632685,-0.0035824840909923035,0.02382848450221664,3
25.84,0.008048054795299284,0.00524894877086989,-0.009718756886416121,0.013666633989560749,3
25.85,0.007559432614113475,-0.003829554018595291,0.003309348436700367,0.009097378331373989,3
25.86,-0.007113034244372801,-6.587065127123832e-05,-0.0047960489821539665,0.008579142203247313,3
25.87,0.014313384576840935,-0.0014633080135588328,0.013784090159115699,0.01992524503994176,3
25.88,0.010466216016025535,0.0007962772431667616,0.004006523314966491,0.011235121904788785,3
25.89,0.0015443601925502412,0.006535332349246511,-0.0015161424705254487,0.006884352207025201,3
25.9,-0.011338168914037433,-0.005614667027574866,0.0027939145934396947,0.012957025851221278,3
25.91,-0.03267625839561561,-0.026746582917041677,-0.015255763981530305,0.04489828387739761,3
25.92,-0.008646934404123022,-0.01975255288796158,-0.005411720271684484,0.022231048928916655,3
25.93,-0.027021960346311782,-0.019284433734831297,-0.015095238173122612,0.03646836904680608,3
25.94,-0.03129747880370063,-0.02694964511503057,-0.012370021412108212,0.04311418538057048,3
25.95,0.006975404405029658,0.008726121344214162,0.00115003736813279,0.011230496261330526,3
25.96,0.01556377142555569,0.006761646740636858,0.005036479880998104,0.017700762052064525,3
25.97,-0.01974695440290563,-0.027828203002174503,-0.00018473356525366622,0.03412308920673507,3
25.98,0.0024461587185621095,-0.009357543245428401,0.0013941254885023037,0.00977194422539097,3
25.99,0.006727057406463459,0.0012929839266307992,0.00033787410215581045,0.006858517893341686,3
26.0,0.0042725416879451136,0.003860914242568318,-0.004047985579758455,0.007038995561699707,3
26.01,-0.008553296182920741,-0.015298403583760656,-0.0026579040033215245,0.017727506352988847,3
26.02,0.02351481839550751,0.01039249149391633,0.007223176319561852,0.026704397386353818,3
26.03,-0.009732184296717331,-0.00047274108645465034,-0.006589479769454502,0.011762658668521496,3
26.04,-0.018506075570497216,-0.004077097312700329,-0.013436909558961707,0.02323032703200492,3
26.05,-0.013603080967869732,-0.007306838554560996,-0.004939990538588004,0.016212254870997363,3
26.06,0.006435798276199824,0.0022247633103194817,-0.004923844258168419,0.008403172824450205,3
26.07,-0.004831354857423341,-0.00835326366617177,0.0002946884504912389,0.009654317423711863,3
26.08,-0.013019460861588762,-0.00479982804476585,-0.009137591627828304,0.016614460302481097,3
26.09,0.0007128357918851106,-0.002031964338560062,0.004620605378900667,0.00509774538466743,3
26.1,-0.003009922439768607,0.005254074213713421,0.001557113247347282,0.006252162074170447,3
26.11,-0.03549870161059694,-0.017067617692907707,-0.01535037586655141,0.04227405148544267,3
26.12,-0.0017700433608082208,0.0020415873251221125,0.004280337879469772,0.005061859803240732,3
26.13,0.006677223281969072,0.000693090038011066,0.01234644959583725,0.014053487189328128,3
26.14,-0.007878742977248799,-0.008878199353419405,0.0040655334793243,0.012546934969629466,3
26.15,-0.007598596327283361,-0.01846863761711973,-0.011284555768144175,0.022938405360047372,3
26.16,0.019959068203445368,0.01355010318133588,0.0053493856146869575,0.02471003088280653,3
26.17,-0.009046532179369909,-0.00700210783681901,-0.006968597787189929,0.013395171284849098,3
26.18,-0.00023463138616584183,-0.011184449637295124,0.0037260761007701236,0.011791124148498117,3
26.19,0.007863537436285812,0.024417708751129932,0.00040521734750991086,0.025655875014616022,3
26.2,0.006292973579474184,0.00885505606624611,-0.0005370653249210126,0.01087667107030247,3
26.21,0.0037966467343647707,-0.004065912591518986,-0.0026965644724551703,0.006182041053045729,3
26.22,0.008908872968304404,0.022669746791587335,0.005802327117137466,0.025039018294141204,3
26.23,0.026798048661703176,0.014790241723072122,0.015867180357059293,0.034476862890717934,3
26.24,0.01714264089270962,0.018642560928771087,0.0004445461139198975,0.025330077694447437,3
26.25,0.005424291466423028,0.004498064742363306,-0.0006445127081021215,0.007076080904717433,3
26.26,-0.005693632295962545,-0.007679610991138324,-0.013932309917125836,0.016896837968202308,3
26.27,-0.006128229307692527,-0.006985292968048588,-0.017107822838910942,0.01946861871280789,3
26.28,0.011800183034796286,0.01975334176458243,0.00821807729385272,0.0244330846380646,3
26.29,-0.021001077055940582,-0.00769091337180575,-0.007557926671526612,0.023607575936007232,3
26.3,0.02483226913956445,0.016403349358189115,0.01220895271779635,0.03216784088576594,3
26.31,-0.006184300967064161,-0.02073160292327354,0.006738932296279634,0.022659614884488997,3
26.32,-0.0236673311597616,-0.014131708682075925,-0.020704713717442008,0.03447510586817847,3
26.33,-0.00567969930173217,-0.013947589054415538,-0.01503649168768852,0.021281219581191183,3
26.34,-0.017566861403444208,-0.00798805924490293,-0.01464514677190783,0.024225689547226915,3
26.35,-0.012429760770179793,-0.014413263955768092,-0.01831123242341439,0.026411027309191263,3
26.36,-0.02436880614699863,-0.02193358877323092,-0.01464609829199191,0.03590862326352666,3
26.37,-0.0074296538144879975,-0.010305434295647942,0.00015381237001546415,0.012705329199600561,3
26.38,-0.027991154821390654,-0.01142968914835244,-0.010816650680074546,0.032111407228550166,3
26.39,-0.007464736171909268,-0.019355456226780688,0.0028059665684459167,0.020933929880609374,3
26.4,-0.007919065099479808,0.00035874960920031194,-0.0013389748357654704,0.008039474295170903,3
26.41,-0.0019086625274250119,0.0014023424184625166,-0.0032831401910311,0.004048279438993739,3
26.42,-0.003277876468202677,-0.0028755965955730156,-0.004630813874812771,0.006360657754071229,3
26.43,0.0075910979035854675,0.0017293811141322582,0.006040725316147678,0.009854232023089595,3
26.44,0.018542580434237156,0.01687166235415894,-0.0008368128307321525,0.02508347135997282,3
26.45,0.012271283643339764,0.005069724271087563,-0.013544049999820371,0.018966491421393325,3
26.46,0.022942233836024877,0.012466995591812174,0.012665344783382737,0.029020389917350682,3
26.47,0.00017415425191268964,0.0006319366670474465,0.001484118352752904,0.0016224305654160662,3
26.48,0.008354538377878942,0.019606221348258786,0.013175335311713162,0.025055771543507625,3
26.49,0.006763876924416179,-0.00736825765976062,0.007222357430436267,0.012337086318991558,3
26.5,0.013954856895946893,0.013774033318813307,0.008134756032794597,0.021228195414759676,3
26.51,-0.010900824667295875,-0.008774917078221884,-0.006778153508835892,0.015548971449782156,3
26.52,0.005234790028348639,0.0018995865855678015,-0.0025111162185943677,0.006108777332679197,3
26.53,-0.01626827788326357,-0.02360356495309472,-0.009002244342790748,0.03004705554608225,3
26.54,-0.014079409717645871,-0.02390185789492625,-0.0006049306642959447,0.027746973347289518,3
26.55,-0.012211373179903756,-0.005828505631008213,-0.0027131359190385126,0.01380037026114677,3
26.56,-0.002489263430606909,-0.011897222386856674,0.004485216128426471,0.012955983045218044,3
26.57,-0.020342372835853596,-0.006108695043660583,-0.00851378672151754,0.022882588404042187,3
26.58,-0.01744364633921601,-0.020337422792170545,-0.013246895158342115,0.029889325766421195,3
26.59,-0.01208906074885717,-0.00405452703306619,0.0015233987606232194,0.012841546754004828,3
26.6,-0.0016875380668462383,-0.0057896981838775965,0.005661121938623944,0.008271438290371271,3
26.61,-0.011238673844756799,-0.012859077270282071,-0.003944261807333807,0.017527716886026477,3
26.62,0.005429433378732576,-0.0035102361668410726,0.0057790447056212,0.008671670108500609,3
26.63,4.81109188121779e-05,0.0035282098074464357,0.003027359963915244,0.0046492459019702405,3
26.64,0.013961856673206928,0.015497874729079139,0.0034724506848240375,0.021146523984805102,3
26.65,0.008050552061703567,0.003111128386920528,0.002062217303796547,0.008873739265167766,3
26.66,0.02895196254976057,0.02499602191879459,0.00757034412367998,0.03899137542327193,3
26.67,0.009362371495460467,0.006654526419301309,0.002630205054191795,0.01178366244048453,3
26.68,-0.007377168571690903,-0.015837842922133565,0.0028653230832104432,0.017705082912330538,3
26.69,0.0034322531020400293,0.0054308423821512975,0.0065908432379792985,0.00920400048478115,3
26.7,0.004491145427494931,0.0007395042019956452,0.005371790781388743,0.007040837302103417,3
26.71,-0.008761488452281425,-0.02704741074704541,0.0018123989065788326,0.02848878547455852,3
26.72,0.018077533978918793,0.009528096353125341,0.005943004903809267,0.021281474623721566,3
26.73,-0.006106706621368883,-0.01782269702922581,-0.009787927804830373,0.021230730695565254,3
26.74,-0.012187848515568502,-0.018383811980065883,-0.006425790483429835,0.02297387598325099,3
26.75,-0.003973289405856317,-0.004772915720804366,-0.002254108075754053,0.006606720547879344,3
26.76,-0.018222661147021688,-0.013357613577656621,-0.00414577312931027,0.022971257140367424,3
26.77,0.003653099996581909,-0.004123258339536542,0.0047125757355333,0.007249466806788042,3
26.78,0.0012964757542486514,0.005125936380417017,0.006646896889230101,0.008493368672882045,3
26.79,-0.005619281763566571,-0.004849670958547627,-0.014618122930254596,0.016394668461075002,3
26.8,0.0012011267500585641,-0.002551043142288087,-0.004247684274565313,0.005098367217052022,3
26.81,-0.010121535540170985,-0.006737838134555706,-0.005102848529247872,0.013186470624502398,3
26.82,-0.02004840141062811,-0.004393409842883649,-0.006145657937953247,0.02142450841115263,3
26.83,-0.0036483317215750253,-0.01975636945406157,0.010924568912081486,0.02286855186212815,3
26.84,-0.0035056907170865474,0.007942208550900526,-0.007441410125719558,0.01143429616238034,3
26.85,-0.01987807651484586,-0.01884779348824556,-0.013204138491755071,0.03040931631285166,3
26.86,-0.006459311653396301,-0.010752885449843683,-0.0054466515284867945,0.01367527935385339,3
26.87,-0.00736538743585333,-0.008373171824431858,-0.007787840254370992,0.013601815846029047,3
26.88,-0.004687909899295267,-0.010375167443113242,-0.007438978186824853,0.013599963057324953,3
26.89,0.023864480830931838,0.008382136482250316,0.011014520795832388,0.02758791992337967,3
26.9,0.013271376368484144,0.0160645686173649,0.011873987525496461,0.02398314773610066,3
26.91,0.017387636871709498,0.013448829185307076,0.00854054121539292,0.0235826581769279,3
26.92,0.010127459859271142,-0.008252309003040356,-0.0006009286725035968,0.01307773536787796,3
26.93,0.01488451650543457,0.015812042517121858,0.005520714119194288,0.02240642328774708,3
26.94,-6.706076797944054e-05,0.004180597663089183,-0.006261721743717378,0.0075293461311704704,3
26.95,0.015551212564259741,-0.000990855920015547,0.01289621365036851,0.02022706934256594,3
26.96,-0.019444354174580184,-0.012168978657501694,7.695809701355194e-05,0.02293845839157334,3
26.97,-0.007129242806219084,-2.6797456686212563e-05,-0.012778984674742276,0.014633156542968075,3
26.98,-0.01974669115238146,-0.026657052524947523,-0.007511852791894608,0.034014088157004095,3
26.99,0.006930358248715615,0.007133535624941113,-0.0015505709290503985,0.01006585645505939,3
27.0,-0.0028021382824802345,-0.007362271800715513,-0.0008837001585850655,0.00792691308089318,3
27.01,0.00717281928114354,0.009358504961176108,0.00271443560822179,0.012099550083349576,3
27.02,-0.022558464919882004,-0.023260109007480476,-0.018197674474914806,0.037162782012066686,3
27.03,-0.011127489077847504,0.0005487039072920924,0.0022455299189957463,0.011365055819158925,3
27.04,-0.02316789949493129,-0.01816580853331175,-0.011335811604563517,0.03154756395366109,3
27.05,0.004856660365499372,-0.0015194872537484913,-0.0006345673702143409,0.00512822261289985,3
27.06,-0.002377131888655688,-0.007444155112321998,-0.00037185821832501896,0.007823329207371332,3
27.07,0.013840735831733966,0.016680665956180958,0.0010047465815024251,0.02169838935954878,3
27.08,0.0067759842635269595,-0.0010421188194523808,0.0019472517946836096,0.007126834074490604,3
27.09,-0.01806723155147799,-0.0041634950921872905,-0.019154172388788727,0.02665786689172309,3
27.1,-0.011944199180190202,-0.006653583387810526,-0.01951758122551819,0.02383002397920121,3
27.11,0.00880140349689563,-0.004923903793171981,-0.001859828359798716,0.010255169116474463,3
27.12,0.012593693286399536,0.009023418665756408,0.0024728523110682426,0.015688791972672127,3
27.13,-0.020971210546758594,-0.01430497067041789,-0.019979066768273376,0.03230459667925171,3
27.14,0.002781274651782684,-0.009398351118593946,-0.0017333010867367055,0.009953332361290245,3
27.15,-0.010576680319297808,-0.007337418340709884,-0.007961823072843615,0.015135868033465153,3
27.16,-0.013974899187088146,-0.005444989790594617,-0.006658084515660662,0.016409625544985384,3
27.17,-0.010743560134924442,0.0015047301618787293,-0.0011496817042533853,0.010909173445036991,3
27.18,-0.003396218839531114,0.00629733120403801,0.008744263958088238,0.0112983554054587,3
27.19,-0.014952699728157343,0.00864537426275538,-0.004159215303903903,0.017765832298200338,3
27.2,-0.031373633519430434,-0.021956867447814107,-0.020022816281215314,0.04321252226107276,3
27.21,-0.006600871224312576,-0.00019019696702254289,0.0010285555067969417,0.00668323291804084,3
27.22,-0.011991472169647785,-0.013243909501359199,0.003007463828455571,0.018117433106130086,3
27.23,-0.01820007500229237,0.0023337840303995893,-0.014911662050157148,0.023644173554762126,3
27.24,-0.009223976048148813,-0.013584265690945705,-0.010538529827148042,0.019510884639521515,3
27.25,-0.007841026168818528,0.00922517203629222,-0.012054822296603124,0.017085205034823688,3
27.26,-0.0009751858949179563,0.013004869306396057,-0.0038258151565911318,0.013590970341314547,3
27.27,-0.00219153069618626,-0.007813211690896873,0.0012531049099986104,0.008210929036020031,3
27.28,0.004990440530951452,0.011783925039568667,0.011144920819379858,0.016969815735634344,3
27.29,0.004398600925348423,0.00673286469978787,0.007329412065377889,0.010881150600475694,3
27.3,0.016386769297390604,0.008174860523369985,0.009687205665528971,0.020717058338207986,3
27.31,0.02659965147062566,0.017533284363613327,0.012244389685873328,0.03413037646603984,3
27.32,0.007812827712231733,0.007592799901603583,0.005864875933132323,0.012372859690380484,3
27.33,0.0002923260299319405,0.0030897439425848303,0.002834214035402483,0.004202944365202548,3
27.34,-0.010367699549131465,0.004696145316348665,0.003153712379068231,0.011810540908155413,3
27.35,0.013190569578929565,0.013803203405099624,0.005810469957824433,0.019956981514996606,3
27.36,-0.007280394212592127,-0.011255227523922742,-0.001705692329624469,0.013512722628299329,3
27.37,0.029544694849430692,0.026630242362327562,0.010844125978294225,0.04122685860280161,3
27.38,0.032436324434102576,0.008724166661332121,0.015276750425558663,0.03689993672479487,3
27.39,-0.005683197568474739,-0.007070925169429629,-0.004095264747319012,0.00995328642733768,3
27.4,-0.025063998625692672,-0.01986733092453006,-0.018416229732565334,0.036906264816913344,3
27.41,0.0012204502640387246,0.006120836638883974,0.005788863267699998,0.008512642241926003,3
27.42,0.017561841264179784,0.026459720955755633,0.016832353817875075,0.03594249903241058,3
27.43,-0.0237455671780086,-0.01488034603816639,-0.010910069171344551,0.030071685488918247,3
27.44,0.015058458364844776,0.007649991474802375,0.008768626592848517,0.01903072122162276,3
27.45,-0.028994324243340145,-0.025882269705567854,-0.007877578129923488,0.03965626004343761,3
27.46,-0.02278768189367874,-0.009271047165335897,-0.01111441351769933,0.026995572775397714,3
27.47,0.0002762102576910658,-0.0013653433435128813,0.001261862021059307,0.0018795612020683385,3
27.48,0.0109559471253233,0.0036435403368239054,0.003628268359815787,0.012102582157943943,3
27.49,0.0002468431983496049,0.007783087933213113,-0.0031859384546531165,0.008413536306306434,3
27.5,0.008640354024511241,0.015402452784780097,0.007017671145464203,0.019003656957600257,3
27.51,0.01843766160634292,0.005231496053381154,0.011372080043853075,0.022285423958057334,3
27.52,0.02133991882659098,0.002965271995912974,0.015138219716050682,0.026331552740137893,3
27.53,0.00019481976958060643,-0.0006458893599224191,6.728345041821316e-05,0.0006779785177869671,3
27.54,-0.002361541679820575,-0.01077498139138216,-0.00826164261638848,0.013781576172959605,3
27.55,0.020325484806116203,0.00401138622266875,0.015792441743762126,0.026050293055188415,3
27.56,0.012186915394218348,0.000205588696818651,0.001076886187996757,0.012236129183691793,3
27.57,0.012303507062431496,0.016984690955956977,0.001025768493647822,0.020997814503115057,3
27.58,-0.004621961891151805,0.00196770643718564,-0.00527162122100319,0.007281784852900595,3
27.59,0.008771322783543915,0.02579975572851476,-0.006514460013571977,0.028017881581100575,3
27.6,-0.014308028091258623,-0.015151315892956803,-0.007744348349043406,0.022231890888985188,3
27.61,-0.00040002190832346025,0.010358670022231254,0.0035360324172118355,0.01095288032492751,3
27.62,-0.003942786108098973,0.0011885006745257515,-0.0043760472012365605,0.006008983712327464,3
27.63,-0.005344471056160181,-0.00819222922212134,0.005624168453484592,0.011283051949321336,3
27.64,0.001675234575023026,-7.374076622785036e-07,0.008411076028236309,0.008576281908723274,3
27.65,-0.020241870316450333,-0.018658415301859063,-0.003773108803277892,0.027786797683900435,3
27.66,0.0004782073173017123,0.0024045334374182452,-0.011394538687807158,0.011655298159975033,3
27.67,-0.006416783487195743,0.003401864159629016,0.005714720092700311,0.009241526703961257,3
27.68,-0.01463736009568518,-0.013194722967096464,-0.008009873706176009,0.02127230832650913,3
27.69,-0.01905406113131935,-0.006550768191131395,0.001496140163148637,0.02020416404798229,3
27.7,0.021679675877078173,0.02534561642668305,0.006131443848430075,0.033911697419182096,3
27.71,0.0004705526708560331,0.012280722294546027,-0.0006271015017682964,0.01230572290380901,3
27.72,-0.0007740004826539749,-0.009925358139200213,0.00018947180885727286,0.009957294336559914,3
27.73,-0.00834215128419949,-0.006232716326586028,-0.009348078164036287,0.013993741680376098,3
27.74,0.019901567895825544,0.01960656001791121,-0.0007670858605012681,0.027947773098504457,3
27.75,0.019866794356303633,0.005212876735394745,-0.005445716959247905,0.021248986683000154,3
27.76,0.01781877868753925,0.0019965352181572273,0.02573534464889215,0.03136563391659902,3
27.77,0.006872781099573082,0.004599659767883364,-0.006918918019654481,0.010782551487733936,3
27.78,0.015606137684153917,0.007620582118827689,-0.0029062382560828383,0.017608833750356233,3
27.79,-0.00484848397071511,-0.004772693898447083,0.001250147392614687,0.0069173168472910565,3
27.8,0.00568274945140055,0.00020714378503165548,-0.005985765433477739,0.008256266571501154,3
27.81,0.00020206800626912792,0.0174205758545138,-0.009566660022928183,0.019875569893120525,3
27.82,0.001771194784193325,-0.0024533464759038445,-0.016449166840752132,0.016725164562696623,3
27.83,-0.02536128957487194,-0.013067867888638108,-0.009656271651938716,0.030119889811741383,3
27.84,0.016957867706687328,0.01601927832467646,0.0012106893611459656,0.02335920212528994,3
27.85,0.012517396775525247,-0.0047483418484551634,0.009493161553967566,0.016411949568392183,3
27.86,-0.021566739789957868,-0.003367764261992692,-0.01015986435816566,0.02407673036499001,3
27.87,-0.001063630549668789,0.004261846078432576,3.448334919649667e-05,0.004392702020830876,3
27.88,-0.025407153111430526,-0.016529394181121544,-0.014153779465258188,0.03345256005709777,3
27.89,-0.005509346691159503,0.004602923471553314,-0.004133949116759164,0.008284282754005952,3
27.9,-0.03128339223960291,-0.02228063078821908,-0.019446381344023767,0.04304926115178957,3
27.91,-0.006455655188370389,0.002536491771672071,-0.007705508331384507,0.010367455476824085,3
27.92,-0.006576352276845076,-0.019613233980044067,-0.00952932702617924,0.022775764092495134,3
27.93,0.015443295739782011,0.017350518596082474,0.016033370537242304,0.028224189087445586,3
27.94,0.02374186877346575,0.01808838123124069,0.008307089012817688,0.030981826871410354,3
27.95,0.025865222260244524,0.019699784617474746,-0.001949558508128068,0.032571337321690645,3
27.96,0.020869479449784015,0.007870348883546926,0.010943828793721922,0.024844414920058046,3
27.97,0.008785816139247052,0.004399441045721102,-0.0008688263017024656,0.009864101879540758,3
27.98,0.012644580840694974,0.006866241324532396,0.005423177603011852,0.015376656004391727,3
27.99,0.012120832326510489,-0.0006284070403598692,0.003837086029092187,0.012729206608835052,3
28.0,-0.0077251933875899775,-0.0025412255750333792,0.005464717836652411,0.009797937606103372,3
28.01,0.018581733795274037,0.02559263758148082,0.006060023891882278,0.032202295240955074,3
28.02,0.011107886164331624,-0.0035947874825640073,0.009894989922484353,0.015304197386684992,3
28.03,0.009430372565846779,0.010523219845798917,0.008506668284739644,0.016493437724146142,3
28.04,-0.029068655114023432,-0.023711563927435286,-0.02128023447888422,0.043128567719079004,3
28.05,0.0015970685043197163,-0.003169341927043474,0.0018451571475281712,0.003999995119632017,3
28.06,0.006400852608006992,0.0050787065495514405,-0.0016695764304052547,0.008339763772604794,3
28.07,-0.007216811434462667,-0.004332406560107671,-0.010499512883522986,0.013457038480806996,3
28.08,-0.01383406518220074,-0.008206416433363,-0.013453650510661962,0.020969676731084436,3
28.09,-0.024324831182395097,-0.02607430751784938,-0.006018301817969787,0.03616333614808755,3
28.1,-0.024683528205683748,-0.008559078757449826,0.0047505763709059234,0.026553763757946325,3
28.11,-0.004507813984694825,-0.0025063663694764138,-0.006860362603090808,0.00858293856115372,3
28.12,-0.007542318492365937,-0.0005290167386593899,-0.0020995957952687615,0.007846956700121218,3
28.13,-0.005689245612100897,0.005734315842459274,-0.0006976053667754882,0.008107807784083357,3
28.14,0.017885809324082076,-0.0028488986894285584,0.004868684204165497,0.01875426577608251,3
28.15,-0.013251834484744226,-0.004232610648679654,0.0024822941519112556,0.014131096715081441,3
28.16,-0.00019776111305893577,-0.001451892915290085,0.013092679318580018,0.013174420451559938,3
28.17,0.026088097784658863,0.02641267236996394,0.008153422559526972,0.03800916214781881,3
28.18,0.0033504078293025985,-0.0040653831541272644,0.011914043972844374,0.013026780745809121,3
28.19,0.008646874814623505,0.01353558247589921,0.0006108212466735701,0.016073379844234004,3
28.2,0.0058635200240853835,-0.004335581440190123,-0.0031829386581800766,0.007956709872749447,3
28.21,0.015895298014041645,0.014344415625652933,0.006316882845495728,0.022323211406076647,3
28.22,-0.0183812296022784,-0.01059279827113067,-0.003057451342828691,0.021434201305817524,3
28.23,0.0021783974763887885,0.00028149820057249354,0.0003549486600590559,0.0022250045737796393,3
28.24,0.0032333035054170076,-0.005993370350819049,0.005881748855705972,0.008998317027189989,3
28.25,-0.01164835017635045,-0.011103430101233044,-0.003882303437001736,0.01655422912191344,3
28.26,0.0021762962690867033,0.008906338299406766,0.009096398828554116,0.012915246765061875,3
28.27,0.005372202099495864,0.01566273081104817,0.005601396179610042,0.01748019825454321,3
28.28,-0.0004259307609332753,0.01533512910949987,0.008991634511026816,0.01778193164417263,3
28.29,0.014196118377318025,0.01415164529235269,0.0012426992189397195,0.020083404661863185,3
28.3,-0.013075876835749919,-0.007141703049752051,-0.007104880601207687,0.016506417110686265,3
28.31,-0.0019683079374812236,0.0022135743755493107,-0.0008949461779658764,0.0030943620205618866,3
28.32,-0.0016634954440387312,0.014263703993538587,-0.005871855441881441,0.015514482106663403,3
28.33,-0.009024436070169912,-0.0021521286745837037,-0.010103607651519516,0.013716960005496584,3
28.34,0.009089999287012646,0.0070606280086725785,0.006383156692629805,0.01316150615535345,3
28.35,0.0010035468614762498,-0.0014999507046097142,0.004443088931568526,0.004795622761776071,3
28.36,-0.01461134937646706,-0.011506271399331303,-0.0058992927751216695,0.01951121388747652,3
28.37,0.011081085098177965,0.010847952289395443,0.011340619261615425,0.019211407055782885,3
28.38,-0.0018155650472692084,-0.007282402324032248,-0.007436904205481447,0.010565850851277599,3
28.39,0.0020649874013599595,-0.0035660164405776464,-0.0014171207642523073,0.004357622916536086,3
28.4,0.00422871545257551,0.002449532635150761,-0.0051762134017395225,0.007118667690647413,3
28.41,0.016721070723017678,0.008089428379534618,0.00836079761830917,0.020369977772351725,3
28.42,0.020883501532725543,0.019390350519100787,0.01232478084895018,0.031048454913177103,3
28.43,0.005410327882071813,0.009178625698028317,0.010485696460233255,0.014948867774924551,3
28.44,0.0035110587511365766,0.0045578540809591995,-0.005483565498674939,0.007948022266923219,3
28.45,-0.020164035927911002,-0.010195675273657466,-0.006839284043864071,0.023607540012051436,3
28.46,-0.006187960644463799,-0.0033908255398314826,0.005832093782949964,0.009154336276985345,3
28.47,-0.011293699557734564,-0.03824365198878037,-0.01109229963636776,0.04139038147157238,3
28.48,0.0015338116593310992,-0.005933262736888235,-0.006727266751283072,0.00910012652956898,3
28.49,-0.005573201930530808,0.001757516283756728,-0.011354742536821623,0.012770263165794538,3
28.5,-0.01693124883840614,-0.01856240944056966,-0.003872197590804944,0.025420939118168204,3
28.51,-0.0054364012443679785,0.00303784727551408,-0.006799245441738037,0.009220233898123709,3
28.52,-0.008729329236720798,0.0011824990530549286,-0.0010598771545543332,0.008872588828312203,3
28.53,-0.03840305349886743,-0.02900608269387429,-0.018578301226685794,0.05158779533717469,3
28.54,0.0060246933182296885,-0.0005070655439724644,0.013516529775504802,0.01480711390571145,3
28.55,0.006103092084336492,0.004348893268500407,0.007473558919001607,0.010583699191043147,3
28.56,-0.007146474420235766,-0.005354623571245563,-0.008038769566899747,0.012015236426243817,3
28.57,0.0020271760937365713,0.0064350490822766065,-0.0009003175922868276,0.006806604981435841,3
28.58,-0.0038393984273746794,-0.021416463920415126,0.0029994808454351157,0.021963669831808665,3
28.59,-0.016926886339857967,-0.017721375675279698,-0.014028930655146531,0.028237874075676718,3
28.6,0.030363367228000194,0.01315518525825244,0.020756511742490553,0.03906181957253767,3
28.61,0.015107988689776378,-0.009570828419668397,0.005297275086632816,0.018652431536735473,3
28.62,0.01860995280441899,0.009068459626258414,0.013227938089933364,0.02456716608579205,3
28.63,0.004520678467735059,-0.008832306941964957,0.0008576065001556824,0.00995899937919644,3
28.64,0.02140987261980451,0.011887031274489864,0.006491384030397802,0.025334210560960028,3
28.65,-0.009228172770780984,-0.010363400200582193,-0.008277588007943402,0.016157898985761084,3
28.66,0.002994579948505884,0.005723244478790897,0.01174181805433635,0.013401243511448595,3
28.67,0.013057763282911706,0.007139105922210889,0.004105285448181626,0.015437790772392128,3
28.68,-0.005444250081374824,-0.017342682300824756,0.016033724819508287,0.02423816865861788,3
28.69,0.010733353872742823,0.01028565594512957,0.005741014102036768,0.01593608629804971,3
28.7,0.0011931842542816633,0.020194345240559665,-0.004567804586245217,0.020738855009322557,3
28.71,-0.0019923873073714846,0.007205966422796235,-0.010408178575540047,0.012815059130935471,3
28.72,-0.014835553913542441,-0.004951000154737087,0.0007206996840493753,0.015656483337212732,3
28.73,-0.0025221045217536956,-0.003329112442593818,-0.002297331227137357,0.004766731756797717,3
28.74,0.015239727203123865,0.006740553550909207,0.011793980341951938,0.02041524723594248,3
28.75,-0.005772758692834927,-0.008523203349301449,0.011335914767165407,0.015312501489556936,3
28.76,-0.00048525732391870025,0.0015854572216646716,0.003794649891173783,0.004141076800631764,3
28.77,0.002590616334261389,-0.0072740426713680615,0.003189571094281111,0.008354421197288232,3
28.78,-0.017800436627661648,-0.01069751660491621,-0.0006523622390966913,0.020777824287900204,3
28.79,-0.003541224202805341,-0.007787929379196114,0.003231142185473381,0.009145074777858624,3
28.8,-0.0016298061623045072,-0.014856629994738716,-0.008309869088778217,0.017100574469879296,3
28.81,-0.022922377890271656,-0.021467605769839325,-0.0023191615767824657,0.031490824315233125,3
28.82,0.014083364428169114,0.01986793446937024,0.006061771940604693,0.0250962358284208,3
28.83,-0.00490485819420659,-0.002326375783495864,0.007040951313969011,0.008890706023539046,3
28.84,0.015580132746698717,-0.017513959304781515,0.01005333695671087,0.025505859932561877,3
28.85,-0.001132036081852441,-0.006181448539417294,0.006639887216513873,0.009142205094182933,3
28.86,0.03235747401607245,0.029876314024002683,0.013213183381258566,0.04598030534292254,3
28.87,0.0037545050647729886,0.0002412199569958337,-0.0074143116974035896,0.008314235580936758,3
28.88,0.028815234571394104,0.024361012128253888,0.01634913302472894,0.041122631311452836,3
28.89,0.0018812896753843318,-0.0018454470825185409,0.006707691811477601,0.007206806172976178,3
28.9,0.001181036113941571,0.0022982504563753047,-0.0028101264735089842,0.003817540079655948,3
28.91,0.018341424862103096,0.013121361989453715,0.007033809399060175,0.023623134446824824,3
28.92,-0.013711346740409185,-0.014765041967478357,-0.01945621568974897,0.028009852243508188,3
28.93,-0.004122864469578559,0.0016858423371447434,-0.0027870723145357336,0.005254317073290735,3
28.94,0.000116833092669388,0.01233409596563259,-0.007450138445014108,0.01441000125297892,3
28.95,-0.002626981000620373,0.0012382653500864647,0.0019211990382354805,0.003482145315658453,3
28.96,-0.0074593415012768685,-0.0043898532626812335,-0.0013471674646169246,0.00875942049899803,3
28.97,-0.008957826573122453,-0.013015881742624098,-0.003939819842632421,0.01628428736065887,3
28.98,0.0031216923288874482,0.009690880207193355,0.00934065772487456,0.013816874064695873,3
28.99,-0.0035479584473859034,-0.006571996329058576,-0.0001507926596503919,0.007470065817631115,3
29.0,0.007757444747059497,0.009915707236022312,0.004651574971685684,0.01342148831953442,3
29.01,0.003008197087477244,0.008199324048715845,0.0032834201453188668,0.009330541914789426,3
29.02,0.008391189858371626,0.013773897637329276,0.00027917169297678743,0.016131034070915085,3
29.03,0.01642656308177691,0.01954760919193386,0.013340255434321035,0.028808044273312017,3
29.04,0.0011067515029155898,0.008534396719441385,-0.00500014145921667,0.009953001600833549,3
29.05,0.019713869305790575,0.003749923521970868,0.0114077652566811,0.023083233689800975,3
29.06,0.005636571012173424,-0.002927021521987972,0.009848550222695984,0.011718887714046057,3
29.07,-0.008823141950425401,-0.01715599639174161,-0.010129257956376939,0.021789399092623764,3
29.08,0.0038472455132681042,-0.00882549057990938,-0.0063230564600921385,0.011518316934906058,3
29.09,-0.001700277364449456,0.011012287514086724,-0.007029893548957621,0.013175007503551772,3
29.1,0.010079982023884838,-0.0008314442318414113,0.01543832674477641,0.018456415410121826,3
29.11,0.00029401141723862326,-0.008806427099807492,-0.0035235373799561934,0.009489726900477117,3
29.12,0.0031004125406541992,0.0017233386192384002,-0.005807563591580547,0.006805163391797164,3
29.13,0.011450983864551074,0.00204788176594898,0.007351075469350659,0.013760710801030753,3
29.14,0.014882972802543283,0.02851331256404577,-0.009645527015038832,0.033578982477348196,3
29.15,-0.0014193987688903135,-0.0031809796911733412,-0.006366272737135947,0.007256910721814415,3
29.16,0.006514188122455893,0.008121319694635087,0.011415834292727349,0.015450299449403009,3
29.17,-0.00968795419270393,-0.013025338465258877,-0.010091786003257792,0.01911439361606933,3
29.18,-0.026749715040276765,-0.03202108064466584,-0.013602117557626199,0.04388524196628845,3
29.19,-0.021919077071815764,-0.021173059906831194,-0.00809887395319248,0.031533096340324106,3
29.2,-0.009255312372109161,-0.012222536761467985,-0.002396854350947553,0.015517606863508606,3
29.21,0.00406609760497057,-0.002953596436843767,-0.0013653807673001306,0.005207796682340497,3
29.22,-0.005921049855866059,-0.016945195938387562,0.0006138289441181308,0.017960380919085066,3
29.23,0.012793625712900185,0.010044123840326628,0.014434476850902319,0.02174661823274675,3
29.24,0.022830129958391572,0.013286722713407534,0.003903682812084812,0.026701883339521098,3
29.25,-0.007591268205864005,-0.017649218859239247,-0.006322693061604453,0.020226189133545375,3
29.26,0.030532895461881742,0.022223209290246855,0.01310890469272392,0.03997464344665543,3
29.27,-0.013027942007284198,-0.0030216975483768217,-0.0016634314246921928,0.013476829490784553,3
29.28,0.029790066465142175,0.030434890233067176,0.013604217968662846,0.0447080009621916,3
29.29,0.007594382579517438,-0.014046254923873428,0.0026544789350470884,0.01618697570786851,3
29.3,0.00494058069828561,-0.0023887961044513854,-0.007072955686580814,0.008952228024869021,3
29.31,0.00674336612583932,-0.006245859296457373,-0.0037638276648220776,0.009932277873113508,3
29.32,-0.004215014595143629,-0.008169030354719501,-0.0007406939174380356,0.00922214901489518,3
29.33,0.021507536497231344,0.02616369660319428,0.006595354981930587,0.03450524385454209,3
29.34,-0.006996511887432944,-0.010715307909276807,-0.005201004413651792,0.013813741314083814,3
29.35,-0.007754974380809512,-0.009228808244988358,-0.0038609800535563256,0.012657712915204579,3
29.36,-0.01973993050227214,-0.020450532268778916,0.005167126681239916,0.028889242365470285,3
29.37,-0.013903922846978285,0.0032747143665276222,-0.00924165127593547,0.01701325786035899,3
29.38,-0.015065530619259257,-0.02894399221595558,0.0015422224978990564,0.03266654785051768,3
29.39,-0.01685219530375925,-0.016247469428646553,0.0002995128080918799,0.023410819236264688,3
29.4,-0.010107845077716004,-0.014000336979103089,0.0002740312258110132,0.017270004654205178,3
29.41,-0.02107712306508813,-0.02852335780026271,-0.014569361722848763,0.038341796487826284,3
29.42,0.01236368956001132,0.01747232828765704,0.0063867451406639285,0.022336821367862247,3
29.43,-0.007120363019757496,-0.01940908496080378,-0.0055471060129762455,0.021405198753294184,3
29.44,0.0011182052980278864,-0.0028928302810451866,0.01258968903515163,0.012966075741151861,3
29.45,0.009163716241786461,0.005784746613752937,0.006587592146162287,0.012682009266259274,3
29.46,0.02541030665034478,0.011779843691195415,0.010155549472537282,0.02979234107187122,3
29.47,0.014227540351502234,-0.003914832239929699,0.01711191449735799,0.022595717153595898,3
29.48,0.0022619997149545936,0.00023731958067362675,-0.001097122440846924,0.00252520116902311,3
29.49,-0.0061384441109092825,-0.010391564798601531,0.0005473527659909439,0.012081585579580573,3
29.5,0.011738697413242974,0.014686276557828809,0.009496890222491916,0.021063586114210747,3
29.51,0.02074749548808826,0.018652137627135933,0.011420648249697308,0.030146177428210973,3
29.52,0.009366639014231314,0.022110861659611753,0.003576549266549547,0.02427788776663788,3
29.53,0.007482263480637369,0.006117394343530052,0.00839214734626669,0.012799801460545556,3
29.54,0.007749281520962803,0.010138505932439337,-0.0002925109155043175,0.012764255923042766,3
29.55,-0.01918680060104308,-0.01630223941719912,-0.0019518858928454204,0.025252845104236407,3
29.56,0.002805330148044948,0.015657565681779468,-0.00042608672785916443,0.015912598474744022,3
29.57,0.0075463220698921245,0.005364578371776657,0.011422615957395688,0.014703803358302417,3
29.58,-0.003976277563929716,-0.003603827347498992,0.004488385884506057,0.00699599618812258,3
29.59,0.008147547523848905,0.010027905808903871,0.006962298875990083,0.014677023921907234,3
29.6,0.007078246822790472,-0.00020489822715801832,0.002644009423900798,0.007558726559514647,3
29.61,-0.01376399779797673,-0.013631735194888368,0.00042224387663717614,0.019376535544251044,3
29.62,-0.0026968611456929144,0.002431065247010712,0.0022129797502961025,0.004252107436271096,3
29.63,-0.007111653701971133,0.0008797131835132739,-0.02249943388905057,0.02361300571697225,3
29.64,-0.03096938006227819,-0.016902040347190096,-0.018842495450910234,0.03999776373945734,3
29.65,-0.007333018956193614,-0.005774575212007531,-0.0022874234268978853,0.009609952748320253,3
29.66,-0.015500990872573934,-0.008687274801843023,-0.005297086340320743,0.018542076076080848,3
29.67,0.0006905203915649205,0.008166744861961728,0.004553679392454018,0.009375955207913787,3
29.68,0.009563571377420277,-0.0020573040307669864,0.013596686713556946,0.01675005334178487,3
29.69,0.0009348726851773812,0.0006655532335119748,0.003940617958411601,0.004104316988036503,3
29.7,-0.005368685012196709,-0.027049285949468233,-0.014921974256484265,0.031355254182472585,3
29.71,0.009680137762291638,0.01269797867783817,0.005541936956015549,0.01690138440555176,3
29.72,0.037075252517175424,0.01969177189857249,0.02397868528671039,0.048345812412212426,3
29.73,-0.018072944608191838,-0.018699531299450824,-0.0074632976362325005,0.02705558369795235,3
29.74,0.010377607927495425,0.00628913217543904,0.005890615001964235,0.013488783300147,3
29.75,2.7105757072598546e-05,0.004971808629034829,-0.002953301739366844,0.005782871858303527,3
29.76,-0.00012826474312052551,0.019044892893641835,0.00563761648817785,0.019862203222260913,3
29.77,0.0017526044742820646,-0.01119745744493185,-0.0013303875029041737,0.011411599650452901,3
29.78,-0.0033419265301251728,-0.009135437034122604,0.002053271767969754,0.009941861379556391,3
29.79,0.005721865023454263,0.005834789377280118,0.005146105240255303,0.009657479255356092,3
29.8,-0.006565031029286135,-0.010409323123614846,-0.0026289424336499,0.012584314785746484,3
29.81,-0.03146993136240928,-0.015341446830033571,-0.011256906836663865,0.03677546087165772,3
29.82,0.008417185896007158,0.0045496651822513326,0.004997768616023924,0.01079472847355808,3
29.83,0.005769071726259799,0.011120833406428238,0.010259946158291275,0.016193258455520814,3
29.84,-0.015269751778882658,-0.012676750142503641,-0.002811071547936401,0.02004413721794415,3
29.85,-0.006943856124995725,-0.0005016265249932006,0.003113599783199635,0.007626484817080423,3
29.86,0.00813478491441155,-0.0019626849114362287,-0.0009228372467492332,0.008418936170877226,3
29.87,0.007516648102268197,0.020761025949811735,-0.0015772226349269934,0.022136120446505852,3
29.88,0.013401649377784314,-0.004216121316259033,0.006407018379010368,0.015441171247915657,3
29.89,0.003837790073227069,-0.002975660127520059,0.006223747937166631,0.00789418926971344,3
29.9,0.010862997200869999,-0.003758974373333118,0.008077170438873202,0.014049031241480377,3
29.91,0.020685036091035086,0.02088191287873647,0.00480066080777668,0.029782064195651166,3
29.92,0.001502204800223176,0.005368427973391105,0.005359365221674478,0.007733009359013838,3
29.93,0.012290739237912435,-0.0011419857702485835,0.0017637916587479891,0.012469056240521156,3
29.94,-0.017947425922295552,-0.0045862875072374566,-0.00403323691264287,0.01895814153151183,3
29.95,-0.010977498903267588,-0.013272586537598587,-0.003220553577417729,0.017522528382465315,3
29.96,0.013496060510610319,0.012545791883333011,0.004722500222778994,0.01902215948939834,3
29.97,0.014230257511113856,0.01493820794301002,0.0031877499718473436,0.02087611159349922,3
29.98,0.00012918375295067376,-0.0018685373143689957,0.0008572160237953466,0.0020598396657670283,3
29.99,-0.004513057732077708,0.00411968626470792,-0.0015325914754492393,0.006299868383014772,3
