time_s,acc_x_m_s2,acc_y_m_s2,acc_z_m_s2,acc_abs_m_s2,acc_accuracy
0.0,-0.016335225380874903,-0.020160071895360225,-0.0022340181098037034,0.02604340461585243,3
0.01,-0.020465434129621016,-0.00033938966290903913,-0.018612486048162624,0.0276653902258796,3
0.02,-0.0016487975979465005,-0.00710545314016116,0.005811538479976555,0.009326305664638514,3
0.03,0.01439011158981244,0.015154138746649204,0.00837106906984412,0.022512175152393645,3
0.04,0.020152550057262193,0.01722798208027011,0.016265434562298047,0.03110454953650617,3
0.05,-0.012098602882139212,-0.017998559835852267,-0.005166808576348494,0.02229395116907476,3
0.06,0.016633479432502655,0.015035667935473411,0.0063935365402212,0.023315686946527137,3
0.07,0.016494676591404505,0.01390802439992741,0.0034531515853819077,0.021850211770956123,3
0.08,0.02442114179742023,0.016902025088199223,0.008543671402483969,0.03090412496424132,3
0.09,0.013681263291124922,0.006090196433563121,-0.006023578679601939,0.0161415909361445,3
0.1,0.003412199208781605,0.002366950801717867,0.0005495426975798254,0.004188980390814211,3
0.11,0.01563354930247613,0.01472664827138294,0.00385161417495731,0.021820104602286172,3
0.12,-0.026503078217322618,-0.025441237440197155,-0.011390419909682894,0.038463117179980494,3
0.13,-0.00966324333054729,0.004732782428221725,-0.008581150419571871,0.013762762938508005,3
0.14,-0.010584696628619578,-0.00191208476407651,-0.002679735238020048,0.011084802741177242,3
0.15,-0.010595065081484719,-0.02666022911774312,-0.005592725209314321,0.029228441558837085,3
0.16,-0.02290771655052945,-0.01782863371537181,-0.021298207255514214,0.03600329554381281,3
0.17,-0.013160532047154075,0.007824410561985792,-0.0056609497615040805,0.016323827878563207,3
0.18,-0.014175098052409766,-0.0070624440766712425,-0.0014687976906065736,0.015904995686496462,3
0.19,-0.011155152441863908,-0.013607496286061855,0.00033105782835717804,0.017598607344393082,3
0.2,-0.0043249540784619945,0.002089812835469867,-0.007319186177706132,0.008754600606082732,3
0.21,-0.02178394982018327,-0.032193964039131225,-0.0188723008938349,0.0432105951283777,3
0.22,-0.010627843372891702,-0.005288412997772395,0.0017362551911473557,0.01199720587814147,3
0.23,-0.004247801565298144,-0.0069851664552385995,0.0005447671635473615,0.008193481543765103,3
0.24,-0.023066800017134105,-0.015803680054589597,-0.016220719858784535,0.03232561397770285,3
0.25,0.0007002600237779743,-0.010151022172476879,-0.0047190981518615855,0.01121621605595765,3
0.26,0.00670970236509362,0.0012534445017766726,0.003173411249958666,0.007527401139074582,3
0.27,0.01485420388753017,-0.010494222264934197,0.011814328004664247,0.02168765594249298,3
0.28,-0.00868950425438565,-0.01103317836136549,-0.005948098382133944,0.015251832129427417,3
0.29,0.006074366491440181,0.005221270801837472,-0.006242396135934879,0.010155151725916581,3
0.3,0.022800532836609214,0.024870661840333503,-0.001206692633939195,0.033761964177492984,3
0.31,-0.013594979919157542,0.010198222257717538,-0.011050760566371363,0.0202718160339761,3
0.32,0.005812310227638694,-0.0024833948022574106,-0.0024219838268064015,0.006768766917504566,3
0.33,-0.014252559695848984,-0.005931015948935628,-0.013151057453931738,0.020279613414137882,3
0.34,-0.0033762871815637236,-0.005050961383674777,0.006930726109530917,0.009216642036940509,3
0.35,-0.010282405132332825,-0.009590948340979783,-0.014057352836435947,0.01988273910085884,3
0.36,0.0015246865381058792,0.0017781656709525474,-0.0037889397462077474,0.004454504079381704,3
0.37,-0.008585064300830513,-0.007278722699526458,0.00898468838165991,0.014401658185831615,3
0.38,-0.02198073516831877,-0.0004478427554713612,-0.014729537605592221,0.026463419275444156,3
0.39,0.010601080551012478,0.00503372769645946,0.00465646016158648,0.012625527498191909,3
0.4,-0.005862238222542384,-0.013252450205066733,0.005825445414494684,0.015618229339232643,3
0.41,0.004246117113593933,0.00444067922755552,0.0011847950299918092,0.006257226366968967,3
0.42,-0.019648373948215992,-0.02234600580354025,-0.006539112417409564,0.030465760541767334,3
0.43,-0.009544215269631144,-0.009631833576291257,-0.008327578450703518,0.015912662442440408,3
0.44,0.009279163983586554,0.014973746502192783,-0.001055498611060887,0.017647380708313964,3
0.45,-0.00934826186825948,-0.008529269732296804,-0.013880214070429366,0.01878293866158259,3
0.46,0.0019835429627131796,0.0055518007085460334,-0.0004094251485157113,0.005909700732234953,3
0.47,0.0034668961238580216,0.0007513967781310209,0.0038126430983075636,0.005207707100719063,3
0.48,-0.022279912626961718,-0.013507752134978047,0.001588469798613894,0.02610320115821354,3
0.49,0.0065234706951169796,-0.0010045386139064336,-0.00031801133434251503,0.006608017777340598,3
0.5,0.0029301664006162517,0.00854206847828432,0.00848192005057012,0.012389341256388993,3
0.51,0.005853528724103012,-0.006445137296920944,0.008236036704214482,0.011984819309994982,3
0.52,-0.001611953642769625,-0.007534404854995025,-0.005167769945162959,0.009277472569161303,3
0.53,-0.009903037123259628,-0.006281119508442023,-0.00428294718642184,0.01248464028899784,3
0.54,-0.006160206856245973,0.002285052705542313,-0.0025272388457790837,0.007039641366039959,3
0.55,-0.005006854898858541,-0.0018127688334761694,-0.01057244946018311,0.011837711536017951,3
0.56,0.006191018987538267,0.00843381740147003,0.00127256271745534,0.010539326730643441,3
0.57,-0.010117888180167445,-0.01682964764772442,-0.009609641495948597,0.021862157049421845,3
0.58,-0.004080974430528581,-0.005386367463478129,-0.0032251371318486647,0.0074879113425222205,3
0.59,-0.004497731722318267,-0.0012397658207736577,-0.0030059083780274174,0.005549963523610047,3
0.6,-0.014287681392702747,-0.009554185680333515,-0.006744001312992347,0.018463527758890413,3
0.61,0.0036800965950301197,-0.006075997047177661,-0.0019728107247782276,0.007372437400335383,3
0.62,-0.011935214100230494,-0.015099643675081573,-0.011740784034008408,0.02254538942812917,3
0.63,-0.012952461212470037,-0.01011857596767406,-0.016454057314440013,0.023256995360127857,3
0.64,0.008817205968866468,0.012144849147208675,0.009541259068990414,0.01778415324178977,3
0.65,-0.0006172890326533683,0.016369520991236446,-0.00016132865070861836,0.01638195013317719,3
0.66,-0.028577245237714575,-0.028727281456162657,-0.006738678866523233,0.041077067058204075,3
0.67,-0.029408104378259123,-0.020182141976253194,-0.014190378682014764,0.03838648596851767,3
0.68,0.023766302018553353,0.008481572632034062,0.010557418750624993,0.02735385304898764,3
0.69,0.007366945176094503,0.004963489197401301,0.0016492093615796284,0.009034821401589704,3
0.7,0.0054359250759629385,0.0007240498717965022,0.0002119627239883671,0.005488028593647429,3
0.71,-0.018630586329394724,-0.009774948943554865,-0.006990110667444827,0.022170025281204802,3
0.72,0.0059826173512799105,-0.011716156608631866,0.0008420445931122281,0.013182149868159335,3
0.73,-0.005872854300833589,-0.006769735031305982,0.003100869301925589,0.00948341291205521,3
0.74,0.0014277507224203477,0.0018677162604362474,0.008938017748166393,0.00924202344843418,3
0.75,-0.005566353449510928,-0.002258687035616368,0.005282457533230709,0.007999394692108242,3
0.76,-0.0026284235551225416,0.0007855711490851881,0.00806006796510645,0.008514131078244759,3
0.77,0.0007646672414989425,0.0018009839347426203,-0.006545728909888123,0.006831897692820624,3
0.78,0.0006518565403571693,0.01051211464251343,0.0074914254346864755,0.012924818228896651,3
0.79,-0.0065229662428388365,0.006073065600310963,-0.002414023607804857,0.009233565095342889,3
0.8,-0.00585782032688094,-0.005773614109078946,-0.00203348309292403,0.00847252809684234,3
0.81,-0.029302297777711813,-0.02467582582496413,-0.01750590257752333,0.04211861417771719,3
0.82,-0.008933979557239716,-0.004648312285921547,-0.006284972540356479,0.011871127902169251,3
0.83,-0.004764179819112976,0.003126758884192321,-0.015377294404575897,0.016399244301909772,3
0.84,-0.006863047038971832,-0.004472409769525294,0.0002473792718739043,0.008195429232800328,3
0.85,0.013789660075005886,0.0009433531481987441,0.0049782830140847655,0.014691083755623774,3
0.86,-0.0049751318499119,0.004191904551772228,-0.0053506679869932735,0.008423398874694892,3
0.87,-0.01529626292466447,-0.007547189995539227,0.0011273331618815744,0.017094052075125727,3
0.88,0.0029360337969527458,0.016125562413294655,0.0013795085115273892,0.01644862004349564,3
0.89,-0.0018697598937463264,-0.0072903308750764135,-0.006386725786170228,0.009870926633102205,3
0.9,-0.014052125626854775,-0.007934831164925589,-0.006430408661544968,0.017371641712954352,3
0.91,0.004015263096121547,0.006272674258180885,0.01208288677680219,0.014193834328374483,3
0.92,0.025709179298277707,0.01620762480882962,0.010784973363070395,0.03224848295000741,3
0.93,0.003177441290054181,-0.005356335626265642,0.006274157435833061,0.008840334610327995,3
0.94,0.019520449694580774,0.01591428902659467,0.004455823687165898,0.025576686967466268,3
0.95,0.013458329141504088,0.005983429503239594,0.009023068903704126,0.01727263223548422,3
0.96,0.0311378044937997,0.022018624877118195,0.015247727489568047,0.041071594853006016,3
0.97,0.0058220931851345765,0.004406625319761146,0.002628766967438305,0.007760511035637105,3
0.98,-0.0011012977869435032,-0.00923194551691249,-0.0034266210205320924,0.009908754031719612,3
0.99,-0.0031570729363082283,-0.005683472951507361,-0.003117906904014297,0.007210431178354431,3
1.0,-0.0027163105675554774,-0.005173914984703735,-0.01253882097236406,0.013833646328620382,3
1.01,-0.010456856470330587,-0.006782854660352471,-0.014390981162902508,0.019038206412778876,3
1.02,-0.014054924075708413,-0.006038615254742467,-0.01567027604030245,0.021898934132692702,3
1.03,-0.002316912339133931,0.0009486592878036213,-0.010196023935547893,0.010498901910477719,3
1.04,-0.01462621049582972,-0.003267647916293839,-0.008289501159178323,0.017126569587666927,3
1.05,-0.02798591212408342,-0.018337555840681547,-0.015623803010806785,0.03692669024090202,3
1.06,-0.019349575198239554,0.0024356841805323846,-0.015046478009042956,0.024631993793768223,3
1.07,0.01842171146272472,0.016017834660927197,0.015482092267958405,0.028907190479779618,3
1.08,-0.002762566012199621,-0.012601236783161877,-0.0028881511224601295,0.013219847062021563,3
1.09,0.012595691791228637,0.005715444383873393,0.010986125271410267,0.01766388135953969,3
1.1,-0.0029933609891237773,0.023455538809226986,-0.010224556028202682,0.025761678066776185,3
1.11,0.017568845559402285,0.0015774411356217176,0.010399236058306473,0.02047673717716918,3
1.12,0.012618866504389904,0.012659554398773282,0.011557892865121768,0.021285793311801793,3
1.13,0.03187123724479966,0.0403845485487801,0.01670284310566791,0.0540894859729286,3
1.14,0.023243617846593664,0.006464233285770119,0.007756063588251252,0.025341835074760132,3
1.15,0.01506441439063762,0.023250667863530985,0.005038183437287177,0.028158718532291863,3
1.16,-0.0026014863372639347,0.010871728824953339,0.0008321224073822389,0.011209578337616445,3
1.17,-0.011822436474772704,-0.01039114810259691,-0.005010543590511216,0.016518217523769096,3
1.18,-0.0017802879620500206,-0.016176093834819705,0.00571998184654995,0.01724974287650611,3
1.19,-0.0022436136248222788,0.0034585323495131305,-0.006689864045652288,0.00785808685746271,3
1.2,-0.009530434656302624,-0.007216089240100706,0.0014526164319788827,0.01204206058602955,3
1.21,0.0021057218571911215,0.00014760475300506105,0.0026870364502480913,0.0034170186695310833,3
1.22,-0.00658313156778215,0.0009332618265383546,-0.0018005994996190017,0.006888451018453407,3
1.23,-0.008019577693032128,-0.00534305831702403,-0.004726164834473713,0.010733057933148134,3
1.24,0.010544799413787007,-0.005124225568066747,0.011085579213609111,0.016135072012564252,3
1.25,-0.005541625707309572,-0.004627890496892786,-0.007841543447796587,0.01065911767337365,3
1.26,-0.021498104651556778,-0.011969271565249556,-0.016604135144635514,0.029683821676349205,3
1.27,0.00908831475715897,0.010483680569030016,0.004211695556609529,0.01449977251063669,3
1.28,0.0016411743010736712,0.011547676642536127,-0.0034276147448933617,0.012156925259558417,3
1.29,-0.0017381891960007601,-0.016568069817289484,0.0009464148669223138,0.016685860488809205,3
1.3,-0.007673468147791426,0.0028786247083690385,0.00790438049654801,0.011386299866989753,3
1.31,0.02085482510940523,0.011706200996760341,0.00981946859159229,0.025853062401613065,3
1.32,0.02740845814593818,0.020843625239025686,0.013496809446768381,0.03698437719206543,3
1.33,-0.00018423981809996028,0.006983218677214645,0.009374402253825602,0.011690966812924562,3
1.34,0.011501490794634348,0.002134932000882883,0.007447075261805393,0.01386726920134048,3
1.35,0.012526499638889738,0.0058582047550958345,0.011960026906468892,0.018283161645601453,3
1.36,-0.014993009421716535,-0.005827077188657076,-0.008407395393548695,0.018150191662506275,3
1.37,0.0035393451571377544,-0.002100989435221336,0.0012166149906006106,0.004292001023254802,3
1.38,-0.019064372574833795,-0.01054085883245362,-0.012632606415127515,0.02518219115639684,3
1.39,-0.0007883108060112294,-0.009014295221580962,0.002335091265570879,0.009345137959775493,3
1.4,0.02423926562586599,0.026801991624483854,0.013752438598957674,0.03866546676995238,3
1.41,-0.022390375809957036,-0.00950078272066676,-0.005836819882032922,0.025013241844105773,3
1.42,0.01588339918348666,0.005148080600967503,0.009681814723885681,0.019300845573282332,3
1.43,0.013654164056207323,0.018424606905312925,0.005263139252134301,0.023528768996198792,3
1.44,-0.008066460654194422,-0.0021324507337489276,-0.0003686111246594755,0.008351706878163036,3
1.45,-0.0014307245372954872,-0.0084980875461408,0.008164620353930173,0.011871204242506471,3
1.46,-0.009937497697478556,-0.0013312601986383305,-0.00372980031447549,0.010697547596983695,3
1.47,-0.010234931722028207,-0.0013311114757337643,-0.01260880956867734,0.01629440897530741,3
1.48,-0.00032036402037232846,-0.012776770591220463,-0.006087375594967834,0.014156434631659033,3
1.49,-0.00969891084233213,-0.026110591904668176,-0.002937693577544768,0.02800824744062325,3
1.5,0.00767002311451955,0.0022494266234096907,-0.001737026187920251,0.008179635364054394,3
1.51,0.004705117155282374,-0.002493394829089237,-0.0009042355601065182,0.005401183867155662,3
1.52,-0.006767513104650037,0.00045791116577285386,-0.006233232699418561,0.009212063077424636,3
1.53,0.015841722913163783,0.005871846513412079,0.009498882067361016,0.01938214453728381,3
1.54,0.016779227124511548,0.007039697403127194,0.01706293882430416,0.02494481276228559,3
1.55,0.02133058541133854,0.029547441387879885,0.0006545121584672006,0.0364482311330219,3
1.56,0.0012909160153918254,0.011097783402290683,0.00671871290876168,0.013037191559278192,3
1.57,0.017949406012862306,0.0004998971659570233,0.013953798369060216,0.0227407027665263,3
1.58,0.029650126914817554,0.03168852975320962,0.01494054573359351,0.04589676296649295,3
1.59,0.0017233549495654261,0.013891691321566315,-0.0004731959753912239,0.01400617558389866,3
1.6,0.0003849654616899462,-0.000695918706350098,0.0047407713879768845,0.0048070172254322556,3
1.61,0.004792441894880361,0.0003807746064895096,0.0024968251614575793,0.0054172524866060445,3
1.62,-0.03134867243692566,-0.03690798668019561,-0.015075319311018315,0.05071690050340538,3
1.63,-0.02327755705989447,-0.026880488112524914,-0.02133310041346472,0.04146693233282641,3
1.64,-0.014393569797671979,-0.01079676420483439,-0.0037218465935566934,0.018373815904194145,3
1.65,-0.012073205401537524,-0.01205011659553093,0.002937031069399216,0.01730877667936764,3
1.66,-0.006107856382598551,-0.006851377242086405,-0.011126794017117095,0.0144240363561377,3
1.67,-0.0030457351482803697,0.0008995618345521992,-0.006683871258553594,0.007399989803274878,3
1.68,-0.02096155402676534,-0.0002945893717218855,-0.012256835042176676,0.024283812208260546,3
1.69,0.011514800059025481,0.003514634827165428,0.003499685692294416,0.01253758662233317,3
1.7,0.004067886425802137,-0.0016841468105935386,-0.0024801741593604466,0.00505324789750285,3
1.71,0.003164343524707645,0.0013217588385005647,0.009021755284393227,0.009651537949000184,3
1.72,0.010487966958116293,0.005421951992511859,0.016679986599410064,0.02043567878197692,3
1.73,-0.0010443249812868774,0.013000677851781921,0.0008444501258683141,0.013069863629259175,3
1.74,0.004641827624950238,0.0018530576856600328,-0.0019068606762551524,0.005349439608480793,3
1.75,-0.0050030270148590395,0.003956656018477852,-0.0013017684317858298,0.006509992873264954,3
1.76,-0.018696992013313703,0.007795078991736485,-0.015158361494137962,0.025300527465258356,3
1.77,0.003974854968437351,0.01685540243195991,0.0005008576860353828,0.01732497969941356,3
1.78,0.025950496484916746,0.01688842875414319,0.014937376749852637,0.0343769183866804,3
1.79,-0.003600909612301727,-0.006077226609225965,0.0022849624119534104,0.007424303773411418,3
1.8,-0.01778076215180347,-0.019918991762043516,-0.004677248972231776,0.027107164983885854,3
1.81,0.005271053636358779,0.004699655296476005,-0.000466625867078292,0.007077323367127762,3
1.82,-0.00951902424780563,-0.019104556957364207,-0.0035176305679221562,0.021632606037642922,3
1.83,-0.000453258398250298,0.017776671484260775,-0.002335163445702943,0.01793511863783069,3
1.84,0.0008170311403678486,-0.003613129545558711,0.0056146373669461085,0.00672654426578965,3
1.85,-0.013958433161066448,-0.009280210901272144,-0.003802676546922539,0.01718780147676149,3
1.86,-0.0029564683858537737,0.0002903537643934081,0.00859629142982474,0.009095121602899466,3
1.87,-0.007695134094645049,-0.014797167824518467,-0.0015143703718996553,0.016747076819099527,3
1.88,-0.02956179603794557,-0.012499651041610854,-0.01845201924982784,0.03702185942854782,3
1.89,-0.010381686218278775,-0.003290795135950833,-0.011950943180976194,0.016168914134119163,3
1.9,-0.011813172544299186,-0.010266962902765528,-0.004377351383658632,0.016251854600142283,3
1.91,-0.0175553596296568,-0.009049303727848883,-0.02190023209490929,0.029490688623637434,3
1.92,-0.007275538341535631,-0.005559555925417212,-0.00572731197381394,0.010800195493248683,3
1.93,0.01303420211297928,0.009214227933724251,0.00234141049561509,0.016133028985456956,3
1.94,0.00678495714174868,-0.0004014036142641758,-0.001782365365015812,0.007026634654748937,3
1.95,-0.01461418930819081,-0.009060695731723682,-0.005760625804263052,0.01813437470483214,3
1.96,-0.005330925414553643,-0.00015904764042905944,-0.008640187583743322,0.010153664531080995,3
1.97,0.007802927793831572,-0.0009306059912906626,-0.005997593635410768,0.009885486284563602,3
1.98,0.00651625385490239,0.00706672737604685,0.0058400346742077235,0.011247497726376688,3
1.99,0.001044760637027012,-0.014480495856493797,-0.0017640339741803312,0.014624913705751483,3
2.0,0.011826001608937629,0.018421554391680063,0.007294373822130653,0.023074138547672964,3
2.01,0.004856663736065801,-0.00618409212822239,0.0031938450342027386,0.008487097513170226,3
2.02,-0.008823299561906191,-0.01976308556084301,-0.0008282096215876025,0.02165908809764681,3
2.03,-0.012287877080310835,-0.012399511056978948,-0.004287904530801866,0.01797570368186577,3
2.04,-0.008441641841062773,-0.0038612725297085732,-0.00034368844603086543,0.009289179956777608,3
2.05,-0.03231858848400637,-0.02476278588276314,-0.004415003682052297,0.040953375731271016,3
2.06,-0.004442413529825204,0.003640102343732326,-4.3671343318613456e-05,0.005743456296433956,3
2.07,-0.02293727875256496,-0.017705976608188935,-0.0070008944970528396,0.029809946125101707,3
2.08,0.007454475334022502,0.0038942811362616863,0.003988065100847572,0.009308022954547968,3
2.09,-0.02616484450252983,-0.019078327575971086,-0.023162588374281246,0.03981315324279167,3
2.1,0.00076165756989582,0.014546834191561683,-0.0004993849580603531,0.014575317924042158,3
2.11,-0.025288224258983097,-0.0206346950309977,-0.0033440415706602993,0.03280956475208421,3
2.12,-0.006734928943633041,0.015803000143133534,-0.0001417515545682124,0.017178887475703633,3
2.13,0.00807349531831681,0.02196676102996699,0.0007113366096756883,0.023414224663115043,3
2.14,0.016349170338805254,0.0024156060128660353,0.009566052821189969,0.019095546332966243,3
2.15,0.01727472804505189,0.01998704570560625,0.001084453545250867,0.026440012567324974,3
2.16,0.016025985160599564,0.006773385350005734,0.011338776626825964,0.020767253185255016,3
2.17,0.017561253449648033,0.013966502821249872,0.004971902613617461,0.022982180909958298,3
2.18,0.018056877504610075,0.00033865393043029483,0.009136719042858487,0.020239692353620945,3
2.19,-0.00052275639114217,-0.0005362805868374693,-0.006356582190830603,0.006400547496978951,3
2.2,-0.00015158966802545932,0.022737772148821632,0.0012158832992697796,0.022770762699493047,3
2.21,0.010373154213805268,0.0015805950267654498,-0.009755918580519118,0.01432754537008136,3
2.22,0.013001132242573286,0.015777761331901643,0.003246626635048415,0.020700429385467713,3
2.23,-0.0044507207951092215,-0.0013632099405081497,-0.006605481983410906,0.008080819832856316,3
2.24,-0.011261979295760255,-0.011361241808461662,-0.009456550222445341,0.018583227254653615,3
2.25,-0.013407590809545861,0.0011213940786796283,-0.026691890118332416,0.029891102590654767,3
2.26,-0.017728504404013447,-0.015295913225661255,-0.01213348109924086,0.026372072224148755,3
2.27,-0.0026575453278240386,-0.0013692515977491077,0.00034894777565410546,0.003009844125118743,3
2.28,0.005532721710709905,0.006573344958669548,-0.0028966843133772396,0.009067009070536593,3
2.29,-0.001314962073266506,0.009638334075609847,0.002156052030042896,0.009963692556650037,3
2.3,-0.005803499620552898,-0.006377635366428654,0.0027513230785862885,0.009051221983557841,3
2.31,0.019456085553168793,0.032509523948578006,0.01048560573541022,0.03931102059288029,3
2.32,-0.0011503612657281419,-0.014349052606944484,0.0017534949316126334,0.014501495999852537,3
2.33,0.01791257700033979,0.008535135674765944,0.00962453631727915,0.022053132546248154,3
2.34,-0.009426427484138286,0.004091574893436311,-0.001009182713946408,0.010325549378722869,3
2.35,0.008187576858246556,0.0019737427308714165,-0.00039890866275243356,0.008431559956412647,3
2.36,-0.004771169387276238,-0.0011736824872684614,-0.007347662095309583,0.008839102113328695,3
2.37,-0.0032515249930675505,-0.009194417742075307,-0.006505561775305683,0.011723142343614639,3
2.38,-0.0018307493103095242,-0.011860124202088504,0.0031559948877292153,0.012408645891374982,3
2.39,0.008013652019221926,0.002256824874089235,-0.0015227749787653103,0.008463493417817564,3
2.4,0.00039627555048299314,0.0071019014162247,-0.0016573188355480004,0.0073034747730342155,3
2.41,-0.02074173402139859,-0.018571363341304603,-0.01197197325779774,0.03030582799156988,3
2.42,-0.003349967387179382,-0.0022882021866383485,-0.0005229996808616081,0.004090437557069331,3
2.43,-0.008026898791332362,-0.008856561648348388,5.663458168254703e-05,0.011952949255858606,3
2.44,-0.023855045150564507,-0.010474999656975799,-0.007065860881546396,0.02699472516893776,3
2.45,0.0004737611956915433,-0.01171346385027019,-0.010593730164227997,0.015800531757969534,3
2.46,0.00138031772408073,0.0008409882013560968,0.002618744773482247,0.0030773953861784084,3
2.47,-0.00024645591134783186,-0.0021895898522824265,-0.0004676439119800733,0.002252495297635157,3
2.48,0.012438629504896387,0.0021985420957523006,0.006559175371502699,0.014232915121681903,3
2.49,-0.021093470117080602,-0.004259420117007213,-0.011594072195497322,0.02444380599227015,3
2.5,-0.019736195025437157,-0.02692071608737967,-0.013762571107351022,0.03610610353145692,3
2.51,-0.005324030085373562,-5.355120458251433e-05,0.0033259935690516766,0.006277770089995982,3
2.52,-0.0042391400733986905,0.001438042749579186,-0.0032109147816193444,0.0055089245090428965,3
2.53,0.001147615786757528,-0.0015710005993074658,0.007756239142050344,0.00799651864911934,3
2.54,0.01197246198727225,0.024719026388006236,0.005112551518867353,0.027937578539320485,3
2.55,0.0010915639466300953,0.004984318631662839,0.00037138446055281593,0.0051159427761717675,3
2.56,0.018399682559576684,0.007907811221781873,0.004040827622865682,0.02043061635120791,3
2.57,-0.001950118233459367,0.0043211794660123195,-0.0010505293565393125,0.004855838241839209,3
2.58,0.001860812681397754,-0.0017024087993055361,0.006307608294765716,0.006793139329897546,3
2.59,-0.005468699596484477,-0.006300822536250568,-0.003299112918405742,0.00897168802167709,3
2.6,-0.03386539025506955,-0.013923172737062624,-0.014050422016573423,0.039219048369868115,3
2.61,-0.015361695949991734,-0.005646038891635368,0.0027951592399973017,0.01660338437797529,3
2.62,0.014436566204326096,0.019468490129264784,-0.0007429082004349868,0.02424847344224878,3
2.63,0.014650372757065865,-0.008844301839486406,0.0009540253027569305,0.017139581710975935,3
2.64,-0.016335534998740145,-0.007794960637082963,-0.0055573807929335875,0.018933979938364893,3
2.65,0.007874426975081273,0.018473292847074198,-0.006748218615857787,0.021185079732846415,3
2.66,-0.034461717239696085,-0.032271155230589876,-0.012448458389366864,0.048826238144028596,3
2.67,-0.019234760794508157,-0.011259326658559214,-0.01346901981390999,0.026041562057096155,3
2.68,-0.013383277477794532,-0.010319172226730448,-0.00874328996810414,0.019027415771956997,3
2.69,0.0046604644333968145,0.009870280964007138,0.0071707699907315355,0.013059950892073612,3
2.7,0.014203749351463912,0.006441234500830197,-0.0011566592747353395,0.015638857317966937,3
2.71,-0.011843562384951906,-0.0010653061801326781,-0.017297293814952958,0.020990503103653482,3
2.72,-0.005350847997556881,-0.005180156159793316,-0.01512864774284208,0.016862430864492933,3
2.73,0.010125199010140633,0.0297126454833842,0.006244853981197878,0.03200561134961661,3
2.74,0.026990684537503615,0.022693726747529598,0.01717763035023994,0.03922465130430176,3
2.75,0.016651038663675007,0.030868153121310082,0.0010375396739771975,0.03508812412020514,3
2.76,-0.009964161228620651,-0.0008856283139631804,0.0018786363315324685,0.010178316214708306,3
2.77,0.016817703239900568,0.009642791272434741,0.0071452929550198515,0.020660923919374033,3
2.78,-0.0002669306185901707,0.001055109032802592,7.580324120380116e-05,0.0010909872398976782,3
2.79,0.02479801929078827,0.02137098076757798,0.01665779628085419,0.03673067868483966,3
2.8,0.015360074775358208,-0.006698008308595493,-0.0038366646777898278,0.017190555786722253,3
2.81,-0.005434775100547897,0.004803979202649241,0.001367865206348301,0.00738146677807061,3
2.82,0.018557219006893638,0.015255464641792695,-0.002787882423644566,0.024184124278436626,3
2.83,0.009619516732981729,0.01201180299759627,-0.0055233713997890135,0.01635011146901407,3
2.84,0.00573358304952247,0.00987292356590189,-0.00632379630226227,0.01305139816251187,3
2.85,-0.0010933384000030191,-0.010209551241456961,0.0028750048670253704,0.010662831631151086,3
2.86,-0.010011263693034355,-0.00540180722359367,-0.0007897632901993743,0.011403010482626208,3
2.87,0.0017433789358903256,0.002180705404163873,0.0057795125996545375,0.00641853659827699,3
2.88,0.019330809672828655,0.004472798275608432,0.008138211671773607,0.021445666607405885,3
2.89,0.015027872251290628,0.023027611149873672,0.004160470470772249,0.027810381770286163,3
2.9,-0.010153317297479258,0.00876780403204729,-0.0019255778971698414,0.013552567650661084,3
2.91,-0.032538714372602896,-0.02498642749134439,-0.015904359376473304,0.0440004333953435,3
2.92,-0.01255400572828978,-0.0038237322604038823,-0.004800473961269321,0.013973851955635237,3
2.93,-0.002379551195948062,-0.0012747069097063907,-0.0019166352965805172,0.0033106845908194515,3
2.94,0.0015147382159607062,-0.0009767674928267227,-6.401791913474703e-05,0.001803497960050182,3
2.95,0.011270621389538077,0.005149628429203099,0.016858918591171206,0.02092292320706904,3
2.96,0.011555979354037235,-0.0011799898616852815,0.010213338735367047,0.015467557112484305,3
2.97,0.013828968429502236,0.013399759324067199,0.008686205444380006,0.0211244901190318,3
2.98,-0.0010146581243373276,-0.005014072988948044,-0.003165299550451212,0.0060157776132324535,3
2.99,0.0013625923556293447,0.006533294307880413,0.0005709304757724971,0.006698250073651173,3
3.0,-0.004977514480443189,-0.0063119230123675684,0.003239767910627804,0.008666724792665944,3
3.01,0.010756213996100831,-0.0011600594995639238,0.005527920930608403,0.012149065288634447,3
3.02,0.01696445434775335,0.007074991723443649,0.004820353546430297,0.01900221112177177,3
3.03,0.017760467080592444,0.015941044211116254,-0.0024124604706083196,0.023986893233260087,3
3.04,-0.02726381022899901,-0.021222548283887747,-0.014883210982031575,0.037619434777791165,3
3.05,0.006128089250316522,-0.002495458023818363,0.006459385830302469,0.009246861841359838,3
3.06,-0.014419509523269996,0.0033691051722366545,-0.01445367437154571,0.020692554878311745,3
3.07,0.002943752857063658,-0.008221858185505632,0.009709442294078718,0.013059016140892124,3
3.08,-0.018571754001373213,-0.0019931964849205716,-0.0072817079930950854,0.020047597118151756,3
3.09,0.001519386971543418,0.010656018983879675,0.008691981119937315,0.013835093535767897,3
3.1,-0.01571041720329264,-0.003341326262370793,-0.007953406496385719,0.017923123187376485,3
3.11,-0.015383826437196756,-0.004081642209966419,-0.020538592829516165,0.02598375866568627,3
3.12,0.002557329969238219,-0.0038070942544665403,-0.0016520523776057216,0.0048747492543010675,3
3.13,-0.012278262118949126,-0.012436826027545715,-0.009957308439499695,0.020114133181929353,3
3.14,0.00778461867697379,0.02141636805440251,-0.0021020883169906718,0.022884053047481562,3
3.15,0.007456976265187322,0.014259387924807097,0.005758375415656675,0.017090802393022415,3
3.16,-0.00037554135342354777,0.004343358833566236,-0.006100778775451414,0.007498353081327093,3
3.17,-0.002163381683265911,-0.00545244147170186,-0.010114241806022639,0.011692186520087714,3
3.18,0.020615462271180142,0.007966056766978605,0.0049700109378597625,0.02265295463712456,3
3.19,0.01680286484076749,0.003100648827186605,0.01202849887448169,0.020895814776649445,3
3.2,0.027475801479865287,0.01432034548204347,0.010231434023531768,0.032629345746795685,3
3.21,-0.012927459029558261,-0.010541087783941831,-0.0118057469396491,0.020435493373851026,3
3.22,0.004013728944432905,0.00481123467872034,-0.0012061106233337258,0.006380650594478447,3
3.23,0.0008381825990657421,0.010884998104823733,0.006340368498200572,0.01262481708795684,3
3.24,0.01069788109070289,0.02526595035377126,0.007127927306698519,0.02834819667632548,3
3.25,-0.009000184350634127,0.006424012855890795,-0.0014549725661862746,0.01115294600930195,3
3.26,-0.00968795316235434,-0.016195359122170218,-0.0021355708184963495,0.018992281492565516,3
3.27,-0.0018785729367563988,-0.006690247166570045,-0.011370909094535654,0.013326140366389126,3
3.28,-0.02704359822894261,-0.02587073076033947,-0.013525926826714961,0.039794492229001874,3
3.29,-0.03042975216008187,-0.011796121116976263,-0.00828089116810753,0.03367033484342592,3
3.3,-0.00885785189999151,0.0008770157210213929,-0.017747382683370422,0.019854477806457115,3
3.31,0.023864739211503064,0.01361612906800438,-0.0015666119461554065,0.027520520006341496,3
3.32,-0.0064083101893284995,-0.004482632693604036,-0.010000156823223723,0.012695021537495996,3
3.33,-0.01137159009751064,-0.005259315522088675,-0.01025678611075791,0.016191822702479215,3
3.34,-0.00013871347797110752,0.005267519112343026,-0.0004839845486117104,0.005291525306673378,3
3.35,0.0036441161644407295,0.013466912092948969,-0.006802767549610051,0.015521435187287963,3
3.36,-0.002517468190873992,0.0008881973119915377,0.0012183347603799562,0.002934430122773662,3
3.37,-0.006687112003642437,-0.005343120969529453,0.00971818216061608,0.012950269230838436,3
3.38,-0.015117068765660366,-0.006284554822136153,-0.010891072738567473,0.019663083755477078,3
3.39,0.016452491483036732,0.01084823998108226,-0.001717601957708469,0.01978178311405905,3
3.4,0.0014272546721677644,0.0052120901523224515,-0.0025951539471689325,0.005994811395254055,3
3.41,0.01355660093745997,0.009012863098983415,0.008696758283255404,0.018456617643976075,3
3.42,0.02062360802130013,0.024986272195094708,0.009530076375427382,0.0337708359645579,3
3.43,0.0036200218784714845,0.013768781476173947,0.005393468725303401,0.015224106102824852,3
3.44,-0.011584359730012983,-0.008677813258101824,-0.00754218764935362,0.016321348836260335,3
3.45,0.00143754650770774,0.018638825899053052,0.0019553741121869626,0.01879616606586685,3
3.46,6.789736380233822e-05,0.0026764068228874493,0.014769706946296146,0.015010396624109518,3
3.47,0.005478848253925679,0.00820385155823371,-0.0005887032518268691,0.009882688404365974,3
3.48,-0.009680024215522103,0.005724569129742529,-0.005073767690333522,0.012337612374757435,3
3.49,-0.01239216357385442,0.00850474272135011,-0.003525591782145655,0.015437816044112426,3
3.5,-0.011197962082105203,0.0025759675939821033,0.009297594502947561,0.014780907528929087,3
3.51,-0.0031682145792848422,0.0014070048407789273,0.0030614321490101725,0.004624890598204611,3
3.52,0.002799547448494496,-7.842364025784044e-05,0.0012395079371819735,0.0030626779311675014,3
3.53,0.0203552368177348,0.017765612317356197,0.005744903324667851,0.027621668326269583,3
3.54,0.0165492506698231,0.01736578896413796,0.01487811708610302,0.028227764560931966,3
3.55,-0.0065566273636849404,-0.0002672804924283194,-0.004117044466798076,0.00774666743764359,3
3.56,-0.011486181679494945,-0.008884562945190867,0.003330205540221359,0.014898258194887918,3
3.57,-0.007989858136627248,-0.010680925729325722,-0.005820033699406234,0.01455310275305665,3
3.58,-0.013862667134886972,-0.0071380509988828705,-0.01046792161916019,0.018780380591995716,3
3.59,0.005607277671334005,-0.000455160753056392,-0.0068666624466245715,0.008876924430817687,3
3.6,-0.005914834499420515,-0.016750813483217424,-0.00023275529684793454,0.01776595605458047,3
3.61,-0.00599957727416026,-0.010521489449679487,-0.014221966254652928,0.0186804976340788,3
3.62,-0.004553642438102214,-0.006046878141673167,0.0048172309301163455,0.008972519632098878,3
3.63,0.01853563979786789,0.007363305716928078,-0.0009360675706283645,0.019966582989936754,3
3.64,0.006106249821603529,0.00665711104625691,-0.008836812064720683,0.012636956193372751,3
3.65,-0.010674729882253039,-0.016977825561618885,-0.00573159551201809,0.020857794849245485,3
3.66,0.014318796250938574,0.001359250856848071,0.011521531924259573,0.018428814038061896,3
3.67,0.015766943252920905,0.0216141253316314,0.005732099497541954,0.027360991905302317,3
3.68,-0.0064501438593877495,0.003434786999462254,0.0010295819690506335,0.0073798480044962025,3
3.69,-0.012656886065851029,-0.0059447840450940845,-0.004430126479473678,0.014668443777404368,3
3.7,-0.01574900417106468,0.000622213900136474,-0.003636599040841214,0.016175386706400036,3
3.71,-0.003646214426046547,-0.00783165518218292,0.007165893651327447,0.011224069420466783,3
3.72,0.003179292765698994,0.008532430553576538,-0.003449537774551777,0.009737021336101303,3
3.73,-0.005964828478021678,-0.005331217885865599,-0.0024038910206854304,0.008353427737050445,3
3.74,-0.023640342694935576,-0.004292842618108625,-0.02299864522563274,0.03326006588526793,3
3.75,0.006451025510152811,0.006704868376611139,0.010465507853408561,0.014003494017925623,3
3.76,-0.005225272294608686,-0.010384145844266834,-0.005038718374996396,0.012669752891447237,3
3.77,-0.004826015828913278,0.007847773573177504,-0.0024827029667552495,0.009541582303681085,3
3.78,0.005135853056815595,0.0007277229151027944,-0.0002768615476006998,0.005194537474973846,3
3.79,0.01486550759007097,0.001280372801431449,0.0019718195875938517,0.015050273848243487,3
3.8,-0.009150159752513792,0.0060711546022139,-0.00023450158737566137,0.01098359379688579,3
3.81,-0.00982461439425314,-0.001484008429416565,-0.0016578208765463645,0.010073415462148792,3
3.82,0.006890937501947343,-0.0018167956289806171,-0.0008618481659424544,0.0071783388241546345,3
3.83,0.007548942071573906,0.00472728583870152,0.01315680316216705,0.01588821032239866,3
3.84,0.018604914208932892,0.012234945142912321,0.012859876220275072,0.025714064862884342,3
3.85,0.0220810408038447,0.008576292435723078,0.018963759078888656,0.030343851326524576,3
3.86,-0.0007011595510754889,-0.007084769054244089,-0.012155697306764033,0.014087105958347492,3
3.87,0.007260778085808087,0.004555033369907375,-0.0011414466321237665,0.008646972176797343,3
3.88,0.006518794191038021,0.01269348152401632,0.008129967555812679,0.01642301809547263,3
3.89,0.005280941643979716,0.01063494323220685,-0.005597482625172474,0.01312715406851345,3
3.9,-0.023134118168360904,-0.020329633491987135,-0.013518422962661446,0.033633750619632405,3
3.91,0.0006340020498189561,0.00736962491627208,-0.006508220565482034,0.009852424317632497,3
3.92,-0.017040584721618637,0.00025698228798107063,-0.005885118909059405,0.018030035832597976,3
3.93,-0.0009978526202899423,-0.007304064462397114,-0.0031009634669418463,0.007997564750971381,3
3.94,-0.021827829401809037,-0.00914401780683519,-0.016487111059924064,0.028842538535095493,3
3.95,-0.006610486121936635,-0.004249869507834482,0.00684048390697488,0.01041883571631305,3
3.96,-0.009733944982034072,-0.008735824782817526,-0.001055395073773995,0.013121668274693639,3
3.97,0.021377672801751985,0.015351442501088771,0.01282274276251325,0.029276174839561728,3
3.98,-0.01272218939767045,-0.002151652311514143,-0.005105052930715593,0.013876068469319774,3
3.99,-0.01122796718911317,-0.01769675426327579,-0.0004816662310667434,0.02096364379140043,3
4.0,0.02035994427829515,0.014519771095310927,0.011934504119269405,0.027708906009591364,3
4.01,0.015065045195500268,0.007875681473034862,-0.0046834558857486875,0.017632830301483774,3
4.02,0.009406458913840836,0.007010891161816691,0.01542492116083656,0.019379428706714722,3
4.03,0.001385968114468018,-0.0002527150479731717,0.01082708798639576,0.010918360993068029,3
4.04,-0.006313450267517123,-0.010172849534659897,-0.005875485950995171,0.013336710879957763,3
4.05,0.001965055382783079,0.016717097445740937,-0.009384244619841327,0.019271399449775923,3
4.06,-0.0003427879069444811,-0.020921726018770497,-0.006958089566425741,0.02205110277442034,3
4.07,-0.0039698213658644855,0.002041759855263127,-0.008393275844309144,0.009506594783733113,3
4.08,-0.0037961026719604118,0.0022277150380670407,-0.00017585325850003183,0.004405001039207606,3
4.09,-0.006705146838727652,-0.0038096764843103693,-0.005721428755358171,0.00960246718539804,3
4.1,0.009180937825724622,0.008906898605999511,0.0002326775702215329,0.012793615633942634,3
4.11,-0.02132437502554544,-0.009582470965153769,-0.006067209541577689,0.024152924287744792,3
4.12,-0.0017386529778493504,-0.005168788994296465,-0.001664757425956367,0.0057018164765468855,3
4.13,-0.004555248337798919,-0.00585514237265438,0.0034922449215247305,0.00819931425272796,3
4.14,-0.00922114017398596,-0.008720198971178348,-0.0046497387416996605,0.013516337024922857,3
4.15,-0.0003663091580835172,0.003829449222292225,0.0098309369759036,0.010556807546299164,3
4.16,-0.002448650097949188,0.0026684512296473706,0.012198635838216093,0.012724906112840407,3
4.17,-0.004974151710484371,-0.01160607777554985,-0.0009516837851699779,0.012662895742995842,3
4.18,0.008987520746822257,0.006092166064902684,0.002006898060545849,0.011041632866670356,3
4.19,-0.03145208319466785,-0.026612094129844773,-0.014676010526884222,0.043735824860693356,3
4.2,0.026719522935743322,0.011529598053143348,0.01825207984605063,0.03435117109921244,3
4.21,0.01683572222767432,0.00833293970383152,0.012681969670035542,0.022665210825112577,3
4.22,0.025503955296270173,0.00924064170258309,-8.507735632153068e-05,0.027126526371546795,3
4.23,-0.004117771212036946,-0.016970670526365906,0.001354634985404297,0.017515556908440734,3
4.24,0.008212486859791828,0.006763866631519046,0.001236386583472008,0.010710904911118379,3
4.25,0.011349794868800753,0.01581863752596703,0.006639902475732935,0.020570256236348457,3
4.26,0.002685250054656434,-0.00024086455100140957,0.0010664674071926587,0.0028992992806134597,3
4.27,0.008141987127455143,0.01342323028888208,0.001139186617711624,0.015740800866600776,3
4.28,0.007411958747443151,0.011699166901975415,-0.006798050857695977,0.015427933566680182,3
4.29,-0.012281655889457566,-0.015214999397101513,-0.015181597300778596,0.024755124209824824,3
4.3,0.008645177710775312,-0.00021665814185426596,0.0020834980762695606,0.008895336004622702,3
4.31,0.005272946889217256,-0.007447683582306297,0.0014240314061960196,0.009235790441781001,3
4.32,-0.012924282614412452,-0.006827956878978057,-0.0063337502102487645,0.01593030030991927,3
4.33,-0.0221476230697374,-0.011104994770540506,-0.008518258768007382,0.02619921466249763,3
4.34,-0.00620493321692956,-0.004075984754116711,-0.007845200295622426,0.010801019193612328,3
4.35,-0.01811240795921388,-0.018570671572023335,-0.016664527409353598,0.030832379708579865,3
4.36,-0.004556836280211092,-0.003545419374777805,0.003748049151304415,0.006883504039970605,3
4.37,-0.016401110086604172,-0.005661623984146472,-0.004147403161474161,0.0178396006456024,3
4.38,0.012615536761458351,0.013827701954925612,0.001342503151282962,0.018765911218088117,3
4.39,-0.011594476078004387,-0.0037454685816132177,-0.00011073685487001782,0.012184936317859614,3
4.4,-0.011758884181168133,-0.005463932414577316,-0.01144116498770716,0.017292373200146097,3
4.41,0.0016620610214675945,0.010567945058073885,0.001988152601810594,0.01088102294628756,3
4.42,-0.01552731830943796,-0.018457537960626737,-0.0056731195338566905,0.02477826883977189,3
4.43,-0.004782568721377746,-0.007968610608065741,-0.006066679175231522,0.011098482545504428,3
4.44,-0.0128225461208503,-0.01623882915414344,-0.0029009628387686275,0.02089336848645303,3
4.45,0.01040316372123215,0.004244309806484244,-0.0032074086908954027,0.011684496208849163,3
4.46,0.019082121660206845,0.025275888183822124,0.008329021790685953,0.032747068487510994,3
4.47,0.0021681980380618953,-0.004359295575498079,0.0007382274791400119,0.004924380210520913,3
4.48,0.021087766143657455,0.009024015844642628,0.0027686182876376694,0.02310393884420119,3
4.49,-0.006001444233933413,-0.017642686452443726,0.001024668117695052,0.01866364548805176,3
4.5,-0.003610900328480184,0.0027371035535801655,0.005042652871303924,0.006779283518610885,3
4.51,0.01032891752057762,0.007097921843743549,0.00420402434480294,0.013218958065539164,3
4.52,0.005826165952912067,0.015325078540507651,0.0030391699247608117,0.01667449536913098,3
4.53,0.000601880916547109,0.011719303972050354,-0.0014846627018292302,0.01182829529413354,3
4.54,0.006778648879752447,-0.004082493767503664,0.002413293092062233,0.00827289668404427,3
4.55,-0.008232395335444774,-0.006239493139229035,-0.0068572692802900785,0.012398618857596563,3
4.56,-0.004364048652299746,0.007176624423715274,-0.0020049039350542035,0.008635305353460389,3
4.57,-0.015834397441741428,-0.016894613513090746,-0.008771968087178452,0.024760927531540758,3
4.58,0.016484853784594893,0.01946872825176501,0.01712240102159841,0.030723906014453628,3
4.59,-0.010396316804347123,-0.02710875924612541,-0.00615778704195024,0.029679733358215176,3
4.6,-0.0054658697761532735,-0.00423968610153857,-0.008324699327124908,0.010823644928418478,3
4.61,0.001953180266278922,-0.003587233933325536,-0.009660894429989037,0.010488853208639006,3
4.62,0.009843014001132884,0.015456111092005793,0.010292870327527947,0.021017123359161876,3
4.63,0.011952445857380874,0.005395464692411603,0.013852573574155997,0.01907526659965953,3
4.64,-0.02657567800972588,-0.011990271709102256,-0.01917288241828507,0.0348945941022404,3
4.65,0.028465751996751748,0.024173251948091473,0.016291006314600828,0.04074361340417475,3
4.66,0.02724945575009493,0.013096781958574884,0.015243515047285288,0.033858873096186286,3
4.67,0.02291189467200451,0.02320683333591911,0.010203247991247028,0.03417043020673052,3
4.68,0.008880096969174512,0.010631512336349461,-0.0029010237595137964,0.014152777663524454,3
4.69,0.02068777853491184,0.0024658552516475755,0.012149341014351486,0.024117858734030273,3
4.7,0.006936595155861246,0.009102191729185242,0.010835144220525814,0.015759650913353376,3
4.71,0.004520028267493815,-0.0005457279814841741,0.01027833852897241,0.011241562057155432,3
4.72,0.0074980983483896365,0.00904280753285122,0.006302650507031566,0.013331063360891337,3
4.73,0.003315649502795309,0.004416455183674927,0.006534265129135901,0.008555421017848118,3
4.74,0.007047682425058195,0.013092751919789222,-0.007897684987610714,0.01683637159726377,3
4.75,-0.032621828592132494,-0.015176687605294281,-0.0112147847455616,0.037686694525421664,3
4.76,-0.008811442106265941,-0.012365254661287843,-0.0004132285528649815,0.015189199869232084,3
4.77,-0.022641437493615496,-0.01990492326813586,-0.012300930604051132,0.03255999932145816,3
4.78,0.003660579701385715,0.0006136500160094176,0.00203616489760174,0.004233482913933986,3
4.79,-0.017298551724974888,-0.0035055393863348116,-0.011092931433960096,0.020846626249091633,3
4.8,-0.008012607871317039,-0.008766751448085947,-0.013058715127024317,0.017651851365247287,3
4.81,0.008769875065865379,0.008774390508592106,0.00750257982368065,0.014497908175970025,3
4.82,0.015609638019315189,0.01822771432110558,0.01823619889181352,0.03014082478114473,3
4.83,0.012888383014212459,0.009458674713972624,0.0004438456025463921,0.015992934158080098,3
4.84,0.013505791962836283,0.023362265872211276,0.006416507020395179,0.027737581826289066,3
4.85,-0.008006736938333956,-0.009893880751334287,-0.011679504427620788,0.01727447644347342,3
4.86,-0.004758606625334611,0.0010249892233646155,-0.0008787037857001291,0.00494641893350086,3
4.87,-0.008105399836632032,-0.002471719912764499,-0.007573383697086279,0.011364992145273279,3
4.88,-0.00488265327060417,-0.0023701357525860627,-0.0031399245179794828,0.006270324746393682,3
4.89,0.008792392607795607,-0.01088436062719464,0.009815814096887025,0.01709168454006479,3
4.9,0.017441318212267173,0.010037086434537544,0.009526379502573092,0.022264199772347195,3
4.91,0.015392540077684038,-0.003138869860331293,0.006137389621013177,0.016865655795234462,3
4.92,-0.0211601228621716,-0.018761514771842513,-0.015178127719066103,0.03209549496631178,3
4.93,-0.001784058805550753,-0.0018357535443685497,0.0032990724744311802,0.004175731802795091,3
4.94,-0.006920743428234434,0.013590492306108528,-0.009855043277021977,0.018158195084143722,3
4.95,-0.03339502820934169,-0.017327158896757167,-0.00710855305674035,0.03828824716667885,3
4.96,0.002920508971465106,-0.006189938301292127,0.0019420664826841896,0.007114515517544169,3
4.97,0.0017730879723670285,0.0028465674800085636,-0.005421684272994882,0.006375064527676169,3
4.98,-0.015245195844002076,-0.0072960204431444745,-0.015960882501095387,0.023246455231766695,3
4.99,-0.01104944706230045,-0.006928122008669449,-0.006964504690600547,0.014784907187229383,3
5.0,-0.004307468191633249,-0.0028674717683957805,-0.004103433094201447,0.006604153217715856,3
5.01,0.0007418428504499452,-0.003915983413429383,0.0030611924282754046,0.005025550317323308,3
5.02,-0.009796082889805775,-0.003969616562117233,-0.010574368544517907,0.014951199475275241,3
5.03,-0.009926190674025207,-0.004857423341185933,0.0002502807047535787,0.01105379858889128,3
5.04,-0.010288353481408023,-0.0017657350064790916,-0.01983121087467549,0.022410822435318025,3
5.05,0.022720402197481768,0.02261894760916202,0.010714871041798506,0.03380298697458144,3
5.06,0.021160114107080304,0.021265903831032103,0.005177020840470245,0.0304432363515778,3
5.07,-0.005502081699872182,-0.0029936662959408307,-0.0019223089344440338,0.006552115121314934,3
5.08,-0.002750254061449544,-0.0032211799349190734,0.005989006926657713,0.007335400571420693,3
5.09,-0.005059242472530015,0.0023907831607534453,0.003148172420954149,0.006420495939540042,3
5.1,-0.011177430657682716,-0.014399711373133988,-0.003027731463851474,0.0184784685933133,3
5.11,0.028428468518137805,0.00011802629490181502,0.020763685907725316,0.035204011205652565,3
5.12,-0.0058771247603526915,-0.01801412875202142,0.005571040756026835,0.019750593035361436,3
5.13,0.009703312937897612,-0.008202254749708664,0.013580733347252339,0.01859751551146177,3
5.14,-0.005874424162501223,0.0003865767129036281,-0.006292849733819862,0.00861732316722393,3
5.15,-0.00668102859560126,-0.0036156921159418327,0.0014644883079692598,0.0077365430637142026,3
5.16,-0.009383771267378754,-0.00026911045179394116,0.00037636105798639734,0.009395170636008504,3
5.17,-0.002840286514252173,0.0021521817864106293,-0.0012284249604760974,0.0037693688872702693,3
5.18,-0.010146060172329864,0.001200275063460406,0.0016324403644367358,0.010346403181393307,3
5.19,0.0010571520773795667,0.009782293509185634,0.0006914350695698052,0.009863514549591048,3
5.2,0.006732017899999532,0.012274757930191348,-0.005908110655314685,0.015195246584578758,3
5.21,-0.013177941232441771,-0.0014919900357366024,0.0016869615941570194,0.013368994308196373,3
5.22,-0.0013648241338243875,0.012150448918275247,-0.004286236254629612,0.012956387423289986,3
5.23,-0.021154925087691828,0.0018480105387704976,-0.020050697788312928,0.02920576107920348,3
5.24,-0.005411167854381949,-0.0031899428252593395,0.016703435147531476,0.017845481739210908,3
5.25,0.0033996703134889015,0.014673304874584354,-0.004961822240407091,0.01585822544070796,3
5.26,0.002832010624505704,-0.0026817261969551537,0.005107883448291422,0.00642669533229001,3
5.27,0.0054805021331776095,-0.0003882412818218355,-0.003889261658529708,0.006731492492247484,3
5.28,0.013939195459512544,0.023022693324043005,0.003731446296701533,0.027171110934531128,3
5.29,0.01669601986371392,0.012501843149415883,0.0033173229025686493,0.02112008031855071,3
5.3,-0.01799176923574847,-0.025919482346327127,-0.01407312211642471,0.034548170594660886,3
5.31,0.008563720907852793,-0.003592423881584911,0.00905704346463861,0.012972002985388557,3
5.32,0.0008617238138469946,-0.005580571005899971,0.014015486528379187,0.015110235051461671,3
5.33,-0.0032907232440759666,-0.011703181187649157,-0.0014459503994876247,0.012242715464218932,3
5.34,0.016868135509717476,0.016093777350884134,-0.003064019896354803,0.023514503671548777,3
5.35,-0.02334901931924711,-0.023250533913680243,-0.016778528085951625,0.036976790493130116,3
5.36,-0.005085360120917537,-0.005796498692593504,-0.007301494033661932,0.010619420877630636,3
5.37,0.011044186996959646,0.00287336588205421,0.005576162851468651,0.012701334184331373,3
5.38,-0.006573456116602415,-0.015524150717270086,-0.005455751668967487,0.017719334273128225,3
5.39,-0.019375914746406722,-0.024098137101797458,0.003974493215308943,0.031175998466056953,3
5.4,-0.01039191710636444,1.7263399078805593e-05,-0.005259148626413211,0.011646925922542893,3
5.41,0.01434580982049831,0.012657214370029098,0.011297172302042663,0.022217863016879384,3
5.42,0.008668423406191653,-0.019515238511608277,0.00287493343321133,0.021546492539607612,3
5.43,-0.009609613068759869,-0.011805384439773782,-0.004569835737503985,0.015893242707827184,3
5.44,0.01733352216716065,0.019275522633217936,0.005644833198687872,0.026530377029815373,3
5.45,0.00896868610777893,0.010796914888311825,0.004003433063632835,0.014595827414035317,3
5.46,-0.02689934594261922,-0.0018281047203208313,-0.015082863926162867,0.03089351976101638,3
5.47,0.004295215080011189,0.0009446842337682499,0.002155484189047021,0.004897694659155216,3
5.48,0.028927695970755885,0.023254003206502716,0.009681594548763158,0.03835744428805399,3
5.49,0.005965115663387037,-0.002888523775019753,0.016294692525208133,0.017590997099866553,3
5.5,0.02620354898498313,0.00596968345448972,0.014149860130478233,0.030372382877662335,3
5.51,-0.009868258182370818,-0.003991780882056861,-0.0009645235498355349,0.01068864536985256,3
5.52,-0.009635811920696166,-0.009888324568672642,-0.0053524217579519525,0.0148079793632164,3
5.53,0.017837173055545302,0.033808989779063874,-0.0008255480877711763,0.03823472325177128,3
5.54,0.0122627808572989,0.0038785178206074975,-0.0025786590494323094,0.013117476027503364,3
5.55,-0.0006692626738490199,-0.003836664339764322,-0.0013464266850989105,0.004120773058659404,3
5.56,0.0077095239103336655,0.006044955892796621,0.002225792183420711,0.010046511907803615,3
5.57,-0.011943967497642545,-0.0008361948109391051,-0.0030306588606017477,0.01235080865676118,3
5.58,-0.020025875261684326,-0.007170615193282871,-0.00789851768723934,0.02269008558605084,3
5.59,-0.0029579468314526363,-0.015357131250954371,-0.004154045338610874,0.01618168787215891,3
5.6,-0.011441903618463476,0.0024482650122374747,0.010754553898894816,0.015892501047619516,3
5.61,-0.0026753596768752524,-0.003179617382552969,0.0008818013819852958,0.0042479512447007,3
5.62,-0.004180245299197012,-0.024355521060614917,-0.004530504437112482,0.025123521396297362,3
5.63,-0.009058397796688045,-0.006319764915206048,-0.0063316621074345734,0.012731219276614279,3
5.64,0.019650715551245604,0.005608876235590577,0.013170446676741769,0.024311947268103328,3
5.65,-0.013067686526245997,0.0003186549826547716,-0.0072273910354676806,0.014936571002936399,3
5.66,0.0036216914557955443,0.0052945584329698505,0.007347755029529196,0.009753896758479976,3
5.67,0.002904971273195587,0.010640716102913521,0.000789805301158271,0.01105836740638655,3
5.68,0.00958648319332971,0.016261886919818648,0.00200072828278525,0.018982953928999,3
5.69,0.007798816297444087,0.0018043857059882066,-0.005117212871614495,0.009500695289854902,3
5.7,0.02088094380943438,0.016614929022377448,0.015630755227922614,0.030925558843562174,3
5.71,0.011644159375627202,0.017244524850263558,-0.0012787036573950463,0.020846946249266335,3
5.72,-0.0006620919102402079,0.001316482450523872,0.004204094630367355,0.004454874117326604,3
5.73,-0.0065691155978341055,-0.011187552257934146,-0.006540731155831024,0.014529135188116785,3
5.74,-0.005393945680064754,0.007779308447581499,0.002735102523811752,0.009853581873504857,3
5.75,-0.008181930833699837,-0.005525444551766222,0.004017323143417288,0.010658959372318073,3
5.76,0.007316210817310297,-0.0011766980185283007,-0.001227176240234208,0.007511159729012025,3
5.77,-0.004147431812740485,0.012421322944129313,-0.0069091724739288925,0.014806320224761515,3
5.78,-0.00045420688753051563,-0.015560246210619999,0.013106065124458836,0.020349361392396334,3
5.79,-0.02330417526346608,-0.021645918983968216,-0.0077338834483516045,0.032732909228535535,3
5.8,-0.011523491568800328,-0.012655934083724327,-0.0008503688253668233,0.017137288367969513,3
5.81,-0.002195018365755549,0.005483867119221754,-0.009103575216322154,0.010852003774719239,3
5.82,0.004950972808138907,0.0006617992117236978,-0.003880399141835073,0.006325156712961611,3
5.83,-0.024208055468459062,-0.02242508156102628,-0.009623300188081885,0.034373276525414456,3
5.84,0.014154279102907109,0.018255904736815636,0.004091806662545746,0.023459849881155126,3
5.85,0.014775833949055548,0.016596190875548183,0.0006210404313988097,0.02222936147722474,3
5.86,0.012069405916149798,0.006147400800025686,0.007105767296086717,0.015295523025744617,3
5.87,0.01742736449162679,0.014065691272287812,-0.0024072355152652113,0.022524464187129556,3
5.88,-0.00011484814189785791,-0.009098426178463041,0.001769157716938041,0.009269545191002652,3
5.89,-0.003364680779477087,-0.004187359765849279,-0.0069173333337594674,0.008758113895512877,3
5.9,0.008446269757422294,0.005351733474465843,0.008052467644671388,0.012838331634809264,3
5.91,0.011587910420324645,-0.002246928819865105,0.005821518601192474,0.013161247503752782,3
5.92,0.00029902075852300883,-0.013019010143461542,0.003302251114120923,0.013434615772335847,3
5.93,0.013992313538647858,0.006605016466566962,0.014335668005702717,0.021093185104606116,3
5.94,0.022329113771036312,0.024072989703827798,0.006042204619115393,0.033385721375158904,3
5.95,0.014162431801161963,0.014555482636737952,0.0005001626052653398,0.020314692021850825,3
5.96,0.0016782138807525683,-0.0036208870523683776,0.007964200455943638,0.008908182405968818,3
5.97,-0.030580545127403363,-0.000652283065778473,-0.0036050809662828837,0.030799217883909165,3
5.98,-0.022015912321804085,-0.023987431260728914,-0.002218681925276707,0.0326346411552986,3
5.99,-0.006678049454460019,-0.00027627635413069243,-0.016990483015643824,0.018257852728208394,3
6.0,0.0006927713039402159,-0.003745518874989018,0.003923821138089858,0.005468566178275876,3
6.01,-0.024905740162718015,-0.007723973081660417,-0.01681223867726399,0.031025908891768685,3
6.02,-0.006807817581761783,-0.005675352487399849,0.0023116343280274927,0.009159675722933407,3
6.03,0.0011800104368337484,-0.001085363746841997,-0.0009857563526458955,0.0018820612850747479,3
6.04,-0.00686665168684873,0.0029039763375135206,-0.005106607956173686,0.009036671332708595,3
6.05,-0.011723464708631925,-0.009528645414476605,-0.007631562250463048,0.01692558567943978,3
6.06,-0.01985419009544282,-0.007988363531227576,-0.012533684111480418,0.024801130088352892,3
6.07,0.009599699672934324,0.005842681944649769,-0.0033548546915698457,0.011728009895903908,3
6.08,-0.005161663983823079,-0.02462604605890569,-0.004618101657357933,0.025581473423064063,3
6.09,0.024566472454054866,0.034444772389788623,0.011842536430007438,0.0439340367245742,3
6.1,0.008618973145508267,0.010180113112059321,0.012850315885112156,0.018521663516122968,3
6.11,0.012020828949287753,0.005944110609965442,0.00848251992640655,0.015867763669573053,3
6.12,0.01799032321266382,0.023507393229675908,0.006357596591896185,0.03027653051748191,3
6.13,0.0033101685049669862,-0.0054181945491584525,-0.0006920650025454874,0.006386939930166404,3
6.14,0.012310958691959355,0.00132713415757008,-0.012376732306086961,0.017507269677589806,3
6.15,-0.0026893965066061495,-0.01320013958683637,-0.0035615663737063857,0.013934177181162369,3
6.16,-0.006622551712427841,-0.00623841234150548,-0.002174083866490837,0.009354283531354209,3
6.17,-0.010295375359215224,-0.01249753346356058,-0.00830313642678284,0.018196845083192876,3
6.18,-0.0076296306151605415,-0.0076639077684416395,-0.006593771869665849,0.012665882246261877,3
6.19,0.02070106271318753,0.002735677473700973,-0.005576503311345725,0.021612850757752614,3
6.2,-0.016725412252533003,-0.017195654739089076,-0.01586936475980142,0.02876224425879811,3
6.21,0.00013786944334045603,0.003738456097271417,-0.006538832512497695,0.007533352016276006,3
6.22,-0.010644342571993506,0.00347367640856664,-0.009128707932114372,0.014446513942513384,3
6.23,-0.021528788619303463,-0.014713036461674472,-0.027930575324514893,0.038210982966885486,3
6.24,0.0023394114914211672,-0.0023461124052988015,-8.642228306970684e-05,0.0033142960573101067,3
6.25,-0.01181239863823192,-0.003228840589421708,-0.0058560353785595595,0.013573920711988178,3
6.26,-0.009217619119741796,0.0029673162079968517,-0.0016823366825870164,0.009828515881273644,3
6.27,0.011393283321341305,0.016957305861884348,0.002547520588888368,0.02058754448895403,3
6.28,-0.0023449662318153156,0.002450231288992049,0.003893149486951535,0.005163246355313753,3
6.29,0.005818500858029209,-0.001957114554706694,0.013324866341617607,0.014670968360578835,3
6.3,0.004846391058216015,0.002951309952419496,-0.006265059140245029,0.008452733448723809,3
6.31,0.005631394293064591,0.005882814764591982,-0.0049530273532520114,0.009531662562246131,3
6.32,-0.008109811807941568,-0.025310572780455887,-0.001639024491686186,0.02662856630236277,3
6.33,0.018288998985876933,0.013021934222080764,0.011746459203384657,0.025338460067778106,3
6.34,0.010201890573615416,0.0209380938887148,-0.0027220616480906606,0.023449775405846966,3
6.35,0.016165393746035348,0.006196990192360209,0.01739547388684778,0.024542313545315372,3
6.36,0.006066469558093713,-0.01027393186708307,-0.002925444179667073,0.012284704007711814,3
6.37,0.015214921174878687,0.005323848420400882,0.005375249298796499,0.016992071486001615,3
6.38,0.0019893880418464654,-0.004221195695510813,0.004900088268139457,0.006766610888502358,3
6.39,0.014249790705762185,0.018789466050231934,0.015022826237670414,0.027960434148597967,3
6.4,-0.015269102192113405,0.010381151651494634,-0.012844702619727894,0.0224922248066699,3
6.41,-0.01567736383972416,-0.009728246196460743,-0.0026089208460709414,0.018633973784544913,3
6.42,0.014027634491584694,0.0029985008338978807,0.005653615111149577,0.01541845973193826,3
6.43,0.0019515072575834215,-0.008317004163189817,-0.007928118275966154,0.011654870150483276,3
6.44,0.014579771013901944,0.01845535538956914,0.0028851433683206315,0.023695862880023563,3
6.45,0.00042065860274248957,0.00608277567486953,-0.007038153973962219,0.009311966759608086,3
6.46,-0.008770918953467492,0.0032333270445651513,0.00014622091456203447,0.00934905362169172,3
6.47,0.01896597119275009,0.009049186437486357,-9.724149801517562e-06,0.02101418409131562,3
6.48,-0.022960054421689573,-0.0030202148464218825,-0.00771752908392229,0.02440995804844163,3
6.49,0.010867555904199177,0.009001482088052725,0.004792994805946294,0.014903128876925697,3
6.5,-0.026917920174175467,-0.024545732974084262,-0.010126630128685567,0.037810264102509684,3
6.51,0.023605467399358846,0.00010101015623131468,0.01058689780998658,0.025871039782601583,3
6.52,-0.005332147506746429,-0.007844714120932182,-0.00769637294134449,0.012214970041924563,3
6.53,0.004160616472576855,-0.0012916157236339343,0.004129662698946962,0.006002758917072231,3
6.54,-0.0036427648104756134,-0.011117481962091209,-0.0009002164771530264,0.011733649489719753,3
6.55,0.014472564933293477,0.013708606542705983,0.0033831478078428403,0.02021946384503875,3
6.56,0.0038880368409410417,-0.0028189925896098945,0.017085646654038063,0.017747756795815983,3
6.57,0.02087685163293921,0.007001123880493242,0.002264531523471931,0.02213564484523926,3
6.58,-0.005819198192301263,-0.011409950832287508,0.0003828732418148114,0.012813923580067055,3
6.59,-0.014472337238653663,-0.021484458969647006,-0.0029869466495766584,0.026075896392170003,3
6.6,-0.008316740718857114,-0.010390127693308302,-0.005502502123312221,0.014401404767764968,3
6.61,0.014865787554603497,0.006043560669327542,0.008149028069262317,0.017997858863100135,3
6.62,0.006037773267825757,0.0022674099510941914,0.005366265656645368,0.008390033433645173,3
6.63,0.006299377648195748,0.007465961205006446,0.002365278460546176,0.01005073518033249,3
6.64,-0.014611096758744441,0.0020200269224016146,-0.009952320532338372,0.01779363204180146,3
6.65,-0.02352686062549454,-0.008386244570674477,-0.011093094857749402,0.02732945338666031,3
6.66,0.010372298467023332,-0.005247569420871923,0.0010064350750767542,0.011667667799360308,3
6.67,-0.02160838536410356,-0.007977371936180064,-0.0015192130006679606,0.02308395090085657,3
6.68,-0.002936307050671949,0.006606857188423932,0.003906550273453482,0.008217882698303394,3
6.69,-0.008650208670295622,6.05832800603355e-06,-0.003460489229136783,0.00931671253436358,3
6.7,0.0026377538011331837,-0.001766064159846993,-0.003301210411668974,0.004579816362497547,3
6.71,-0.01653291969783428,0.00014253480480166253,-0.009366823232194465,0.0190025031869171,3
6.72,0.016070489342290818,0.004066415377933009,0.0036672951104842278,0.016977791822081995,3
6.73,0.023662082869303012,0.025097591626792613,0.010032843670246386,0.035922711803128345,3
6.74,0.020453261234532644,0.02260970498097045,-0.00045729203352438963,0.030491700025719794,3
6.75,-0.005452152671674962,0.00017924675563045977,-0.00582629137132739,0.007981464107434203,3
6.76,0.012380719441971326,-0.00571793992609883,-0.0010413350820950972,0.013677040237291249,3
6.77,0.0037341732798404762,0.00423067879026533,-0.002563329690696378,0.006197850612388224,3
6.78,0.003877590847451975,0.009374325486740054,0.012688033799744322,0.016244995869960747,3
6.79,0.02154204686569702,0.015465050958041467,0.007724500701635677,0.027620562908606264,3
6.8,-0.005995799575585488,-0.004854564052663883,-0.0015662183451793427,0.00787206736485301,3
6.81,0.0050446712186392444,0.0005394146314467293,0.0008941717553904247,0.005151622945919467,3
6.82,-0.02610017060531246,-0.022487875051011613,-0.008001919193069761,0.035368830072660666,3
6.83,-0.00588075049286121,-0.0048779898005349934,-0.005012363050092932,0.009137931614941518,3
6.84,0.003452467956153108,0.012003310920232397,-0.0017698027693616475,0.012614721950105538,3
6.85,-0.009797517268221687,-0.012485210495347534,-0.008544956571844991,0.018024652799678423,3
6.86,-0.00016921927713148613,0.003021285249477062,-0.004547991544422158,0.0054626940982079545,3
6.87,-0.01614277405727714,-0.03281567690142812,0.0017443444236325397,0.03661284668298111,3
6.88,-0.010299013018167172,-0.011412881964559154,-0.002351859892656614,0.015551681222299513,3
6.89,-0.004182684740640158,0.002780975741038815,-0.005588341541693891,0.0075138697685315295,3
6.9,-0.006706586562122977,0.0033498994752344264,0.0020120984232306566,0.0077620016667217795,3
6.91,0.012971599765545147,0.00017920412777342257,0.012725710250098183,0.018172457620430866,3
6.92,0.017497968005821818,0.014513444793577268,0.003588462423158475,0.023015126040745456,3
6.93,0.013945275604506202,0.015992181490683464,0.004512079477913885,0.021692843099317485,3
6.94,-0.022971697227284815,-0.022558578270472564,-0.010289249986699046,0.03380025136557224,3
6.95,0.004153789403152253,-0.010507381453730263,-0.002752075993706657,0.011628970448628336,3
6.96,0.017918102747857018,0.0017078055021267236,0.005092093670199032,0.018705732374380227,3
6.97,0.0049846548912441425,-0.009324889810617739,-0.0007222732912201151,0.010598208955864977,3
6.98,0.0027813724840341663,0.00756533383269805,0.00036755296472797377,0.008068791983747534,3
6.99,0.014688094913955703,0.011027841493914683,0.024967965552983397,0.030996011421975625,3
7.0,0.013002561630414716,0.005582659288152082,0.00043358896989073494,0.01415700155665509,3
7.01,0.005939823466472994,-0.003052334665157185,-0.006155836092993389,0.009082541919792256,3
7.02,-0.021398126219917477,-0.006252347893373884,-0.003757928569789141,0.022607381251240358,3
7.03,-0.01893895667153503,-0.015049923012267714,-0.007422804341968779,0.025303799848651526,3
7.04,-0.0022672285435521517,0.0008650070678128871,-0.0028634960071432835,0.0037534213564412652,3
7.05,-0.03279203516972193,-0.03033633954921168,-0.009561747829839089,0.04568411200164426,3
7.06,0.01171371573794487,-0.0013407040112194367,-0.0020713265405738358,0.01197075675438954,3
7.07,-0.00574341436492813,0.003980052467725965,-0.0006961119654094088,0.007022264455394747,3
7.08,-0.014571321899272648,-0.009640840166028604,-0.007686060933605617,0.019087816891258977,3
7.09,-0.010692616060456885,-0.006230322224147467,-0.004604671143908654,0.013204239833348657,3
7.1,0.012369459919343368,0.011151824348650915,0.00586676725492193,0.017657454035699193,3
7.11,-0.014839968855269088,-0.002591706448937898,0.007624970336046009,0.016884365269929587,3
7.12,-0.020434570425985215,-0.005092524649154695,-0.012216367795648268,0.024346357384942615,3
7.13,-0.0071511114940111635,-0.014055379339142915,-0.008275928624065162,0.017809634430768228,3
7.14,0.010007062783324873,0.004817158994085218,0.007718708918907125,0.013524969267932488,3
7.15,0.026797211987594688,0.01040447893384364,0.018188953908196536,0.03401737492028717,3
7.16,0.022604325813229034,0.017142043525034636,0.002062845382648445,0.028443989395960413,3
7.17,0.0024612231867819565,-0.0014946406508875405,0.003449161342100601,0.004493137457754867,3
7.18,0.010098708729095528,0.004471104089816071,-0.0024579455590223506,0.011314423809818949,3
7.19,0.009274088737800817,0.004595439134851292,-0.003953494377250554,0.011079571316151112,3
7.2,0.005693781526117608,0.0016714222924037944,0.001230562982928519,0.0060602876005728026,3
7.21,-0.022937378136541644,0.004030616157708541,-0.01430258126988571,0.027330075253668172,3
7.22,-0.005472364882531335,-0.01939673162830681,-0.010198780465954033,0.022587498716344082,3
7.23,0.005527655385795479,0.0025557154100637534,-0.002619571561700153,0.006629389903167507,3
7.24,0.016544327981690227,-0.0004896134810673403,0.004326767236696069,0.017107759188366184,3
7.25,-0.002431722017041358,-0.00047629262362142003,0.0026293335729963897,0.003612965771989243,3
7.26,0.0052020746028590935,-0.007776149594321723,-0.0035492375253770914,0.01000635646469415,3
7.27,0.0026886738439168886,0.0012756244540660002,0.00164359416097267,0.003399645062761325,3
7.28,-0.01174061490127289,-0.014157257914834721,-0.016346375792019578,0.024606381112651756,3
7.29,-0.021835357521601158,-0.006757941853981857,-0.011143184620964825,0.025428786437713676,3
7.3,0.009671406827371776,-0.005212634946701895,0.008756378953170142,0.014049264944459988,3
7.31,0.020573714824439628,0.0034700651312499983,0.0063889024349176,0.02182056754567534,3
7.32,-0.004320034095430506,-0.012273756281144473,0.0012635415336656934,0.013073038095328634,3
7.33,0.017381209030622322,0.015070509181517689,-0.0036843249340166428,0.02329808843179656,3
7.34,0.006943627115268378,0.006420979427995377,-0.003572400634595563,0.010109647898155943,3
7.35,-0.009827600962502344,-0.009369794033430558,-0.00105103321254658,0.013619084099929915,3
7.36,0.008274019440511862,0.010784406919879325,0.007512125547282771,0.015530449463993236,3
7.37,0.0011757332536311473,-0.01743506932602876,0.011740138706568728,0.021052193423408316,3
7.38,0.01286924832808895,0.006924670515995341,0.01002127794148097,0.017719893506043666,3
7.39,0.011224507709868457,0.00757263588712388,0.012004301265787295,0.018095237950566865,3
7.4,-0.003014860113804944,-0.0008221216812974398,-0.0071100291888352195,0.007766452255100787,3
7.41,-0.01310421473274193,-0.008785350521082215,-0.0059272083820291,0.016853326874658493,3
7.42,-0.005274135167017374,-0.0018141816079741866,-0.010652492820039817,0.012024282096976976,3
7.43,0.016432177204764288,0.014959198180419872,0.013909960528831916,0.02621604584607515,3
7.44,-0.018443702005302175,0.0025392997391606893,-0.010041069225148812,0.02115280733165032,3
7.45,0.00253911742639911,0.007374778511848834,0.004052785830628798,0.008789741087928387,3
7.46,-0.00021481072951067687,-0.012319509660035397,-0.01388405132452304,0.01856295620571272,3
7.47,-0.014589317700303295,-0.003619185700252721,-0.02167628509256635,0.026378173392172383,3
7.48,-0.017934466248095304,-0.013863052229534887,0.002503792030532562,0.02280566313999749,3
7.49,0.00016639366184057272,-0.004569809887023977,0.02081413327312729,0.021310537139306165,3
7.5,-0.005809280880622748,-0.015764759004215208,-0.0004951920333298569,0.016808348698216218,3
7.51,-0.009530671480494789,-0.009140128730362542,0.005002348864751633,0.01412087625614634,3
7.52,0.004468647714748201,0.004597486866634269,-0.0024044254461841035,0.0068474053198022775,3
7.53,0.020728394097197567,0.020395550588635278,-0.0001231577465560553,0.02908023338099013,3
7.54,0.01838891074036052,0.003945954867724396,0.018182299365195186,0.026159484097371677,3
7.55,0.0070338328119733855,0.0014806262359133588,0.0023591112709928285,0.00756521407933667,3
7.56,-0.03358938769013003,-0.027588204561997037,-0.01638983366056854,0.046454091787199524,3
7.57,0.004958402081092293,-0.0011968366718341935,0.012216708844500528,0.013238812039156873,3
7.58,-0.004078400528225955,-0.015143544051605272,-0.003908814473628732,0.01616289293105639,3
7.59,0.0049452932096781445,-0.005149269523362402,-0.004843538053744078,0.008627326493878889,3
7.6,0.0019489991623962005,-0.0011585971403483728,-0.007444547540461933,0.007782174063257795,3
7.61,0.0005465505584369762,0.005299046805304198,0.0002231661953655031,0.005331830615134573,3
7.62,0.015057945161227666,0.008580058159937676,0.012009531564460548,0.021085254537335493,3
7.63,-0.0029817107679594463,-0.011765976527736189,-0.0030692383683586988,0.012519945164289236,3
7.64,-0.0058708837208003425,-0.006308156115341825,-0.0033207210664487545,0.00923511221587694,3
7.65,0.00097268349174517,-0.009356551215475042,-0.004230055576878532,0.010314287857452992,3
7.66,-0.019137168098618217,-0.007555895055348994,-0.011714771351506826,0.023676119207765092,3
7.67,-0.011617001571644959,0.003745689728407855,0.00419961295874407,0.012908201503708899,3
7.68,-0.024439575749947998,-0.016457386020784087,-0.011825768286039344,0.03174881435628171,3
7.69,-0.00023272983262974216,0.005123389274126264,-0.004755920498874864,0.00699443068597052,3
7.7,-0.0039376137221818625,-0.008576158535241412,0.008087076597750419,0.012428037051143334,3
7.71,0.019704846864176877,0.015524787325040127,0.007174088748562945,0.026091522776577173,3
7.72,-0.022663010288024095,-0.016471601571979046,-0.011263973767292126,0.030196072570639942,3
7.73,0.010919385360335647,0.0152468468051162,0.0033550400716187926,0.019051393860512213,3
7.74,-0.019360503602977353,-0.0186838143603476,-0.018498002121432225,0.03265103522550765,3
7.75,-0.008018585363002352,-0.0066566903895588034,-0.00617134049724774,0.012111757993750126,3
7.76,-0.01992272125283105,-0.023172275810825087,-0.007775395292965598,0.0315329345341157,3
7.77,0.008021155490110234,0.010319609681969124,0.0009928428577705654,0.013107975294641902,3
7.78,0.011181069042910798,0.002301694893243165,0.010867383827415308,0.015761159080990447,3
7.79,0.004042678032914688,-0.00017900113118129958,-0.0042542600374188754,0.005871457702202615,3
7.8,-0.019026921289173562,-0.02093276923299933,-0.006933184295271401,0.02912513701218601,3
7.81,-0.0005639139861128772,-0.002399294328952029,-0.003441162529497753,0.004232754636769589,3
7.82,0.005482581127656499,0.009069154187201375,0.008002077401815855,0.013279363547897143,3
7.83,-0.009293350952485829,-0.004152756535559231,0.004915341118121705,0.011303642646386036,3
7.84,-0.001059425322629393,0.008977647700100972,0.006768718833119075,0.011293187985824796,3
7.85,0.009910722285339568,0.0012008368887268667,0.004812720561339833,0.011082720994954116,3
7.86,-0.012004818863404767,-0.008842066980395484,-0.005695753560175207,0.01596055866964586,3
7.87,-0.01976070702013156,-0.005136345005861315,-0.00959292317391404,0.022558629323948965,3
7.88,-0.008675349375119448,-0.014069238385260207,-0.010448436332154053,0.01955441068681799,3
7.89,0.013790145308583008,0.01878485566006645,0.011516270607355232,0.025993526088301265,3
7.9,-0.001503524342529556,0.010695838466662895,-0.013516677538116676,0.017302084198816986,3
7.91,-0.024560081648275344,-0.026453790931588513,-0.013529082206198133,0.03854914694988999,3
7.92,0.011523796731021118,0.027132947584014532,0.014779438239589488,0.032976150933251944,3
7.93,-0.007586711015349863,-0.007929254076602835,-0.013308090339735297,0.017249247019284916,3
7.94,-0.0030551039048727527,-0.016063721558366263,0.0014031043908378157,0.016411749209206135,3
7.95,-0.013326863039361286,-0.018534616064915403,-0.0015418924111307748,0.022880443687813765,3
7.96,0.006115542448627069,0.002608285159111172,-0.0007785503966713497,0.006693963820663829,3
7.97,-0.01731067378849526,-0.015822950091264165,-0.014173048982861064,0.027402563640522987,3
7.98,-0.006131993966389871,-0.011019576957600256,-0.012965538859215035,0.018086946238603446,3
7.99,0.01526152926596859,0.0003450011848791061,0.003927094214382337,0.015762467139449298,3
8.0,0.009344441844966295,-0.005118695104773968,-0.0006313657893489656,0.01067324953936496,3
8.01,-0.0020713075990042677,0.01135517628891717,-0.009728326813674158,0.015095386259242628,3
8.02,0.003164395975942868,0.004644877980808733,0.007249077754439641,0.009172645291249242,3
8.03,0.01188048781552817,0.015925531167627873,1.6517549765684113e-05,0.01986878976021062,3
8.04,0.0058120128815657745,-0.0038266346271530003,0.0052108267442158955,0.008693407943001899,3
8.05,0.006755842932929464,0.001171545768996095,-0.0022964170786835465,0.007231007165155841,3
8.06,-0.017745277262532458,-0.02093459698957349,-0.004912494723061901,0.02787982820327489,3
8.07,-0.013963405750563818,-0.014146916685635742,-0.005174087570334914,0.02053979391451365,3
8.08,0.016264253696997567,0.019523377330386317,0.013403796500140688,0.028728904805476404,3
8.09,-0.012578464897130374,-0.012643919663504501,-0.015377068029928173,0.02354868796392988,3
8.1,-0.013483789423585177,-0.010624552232268528,-0.010788190238711259,0.020275076719519818,3
8.11,-0.005924788523207615,-0.009864826621736135,0.002733123137479287,0.011827420911013155,3
8.12,-0.0035103802113808265,0.003366703059705253,-0.005608481476584587,0.007423780923079239,3
8.13,-0.016328422778112802,-0.016306279798749164,-0.009825463282560844,0.02508090668243155,3
8.14,-0.03203720227064152,-0.012610198073781663,-0.011271222146121739,0.0362276120308423,3
8.15,-0.003637551057998918,-0.0056655293718249275,-0.003559970829328557,0.0076159958684488705,3
8.16,0.0023593309830527505,0.021036269134651453,0.0015912914041621988,0.021227888970079965,3
8.17,-0.01650587932656595,-0.0019707357305829096,-0.00828446603430988,0.01857310499449641,3
8.18,0.009631280194200006,0.0063228802123893625,0.0021768057101527218,0.01172513775864351,3
8.19,0.011581798986131245,0.008654144780606955,-0.0031821567464348282,0.014803999837805256,3
8.2,0.01966771183070031,0.024733272142346566,0.0059172906364603406,0.03214915190170943,3
8.21,-0.005461085199777587,-0.0012159566852549151,0.0006584879388977535,0.005633436658498943,3
8.22,0.01113903723335807,0.01259627996988354,0.002967229826291,0.017074802265556622,3
8.23,0.011759756021980806,0.025144781069427913,0.008116362392641012,0.02892105141959143,3
8.24,0.02081651665778643,0.016222735624108652,0.00727378465825517,0.02737539881258887,3
8.25,0.010970202199012425,-0.009129551201574054,0.007713208186660412,0.01622305834175987,3
8.26,0.011019539132780282,0.009094433008681431,0.0011281192472626434,0.014332187812204905,3
8.27,-0.0020797888395548197,0.007925751562789586,-0.008063445150966415,0.01149618228608272,3
8.28,-0.011229008732631192,-0.005343824956830648,2.0710944000448296e-05,0.012435736055013191,3
8.29,0.008056018133082668,-0.003625373048896768,-0.0031007262211870334,0.009362545647577939,3
8.3,-0.023135418718811848,-0.01687587908961872,-0.014699570926398897,0.03218882227982894,3
8.31,0.010393641949554019,0.019146924361352895,0.004603975202680724,0.022267220148500733,3
8.32,0.0022958218443157865,-0.009741940421360824,-0.009915090863998312,0.014088478553609833,3
8.33,-0.009879998871393002,-0.020681301433866317,-0.00801874263656231,0.0242823153790694,3
8.34,-0.023027452036670247,-0.02281648752222789,-0.01444494721981545,0.035489606229660874,3
8.35,-0.0025520796064891823,0.007385533238609196,-0.002910267888364822,0.008338397371108352,3
8.36,-0.006926929876739874,-0.021230017487858084,-0.004686735397038047,0.02281800799223896,3
8.37,-0.01595758981890959,-0.010203267108044456,-0.010159821414335498,0.021493564238577532,3
8.38,-0.0017606272907062489,0.0027377891253459103,-0.0019720863923710624,0.003805840576090525,3
8.39,0.0175375243992325,0.012290254868014754,0.0165167011372298,0.02704471377609687,3
8.4,0.0075782899279501865,-0.006542958573120428,0.017352983168293926,0.02003414110863587,3
8.41,0.005101219278982069,0.004616790219368721,0.005176027469254217,0.008609788059202806,3
8.42,-0.011245874605676713,-0.016592142500874353,-0.007147859681916797,0.02128052599087478,3
8.43,0.0042742241919132675,0.004157633087913212,-0.0036332169870305457,0.006982490315875468,3
8.44,0.0236531291294627,0.009431152887434492,0.006075481076548991,0.026178782109042155,3
8.45,0.003094392738538609,0.0048205776672524,-0.00017085936685368587,0.00573083138729231,3
8.46,-0.004061408760082054,-0.0032406408847871003,0.004822697991778601,0.007089090941759057,3
8.47,0.006859144362259591,-0.005307254357541067,-0.003227314990205639,0.009253668042671631,3
8.48,0.010871924814767144,0.01203019792789593,0.006892952405750429,0.017619228252969587,3
8.49,0.010443599188712425,0.0061360073144652826,0.0014112394304171883,0.012194709775456345,3
8.5,-0.003244083873172628,0.0002732298003935525,0.004150268006101211,0.005274794709035522,3
8.51,-0.027667639352254844,-0.01779996647874333,-0.014866953256672933,0.03610212421876204,3
8.52,0.004074604974722385,0.010866797143873112,-0.002883545974345021,0.011958449868284877,3
8.53,-0.01169678478309178,-0.003585193133818115,-0.009583183064092487,0.015540456290233342,3
8.54,-0.011829992597487068,-0.00504750975708306,0.004925147734088217,0.01377255095496262,3
8.55,-0.015225889636172996,-0.02588082178825621,-0.0073149238460215645,0.030905545821445904,3
8.56,0.005264523789668213,0.00018237811413680024,0.008733921601090308,0.010199502882125705,3
8.57,0.012647671513029098,-0.012257301442551008,0.007593560266502621,0.019179864203796075,3
8.58,-0.004547894929584408,-0.015197388757032023,0.0014026109918931426,0.015925177892804915,3
8.59,0.013166610523416035,0.017570003804153626,0.003482905308467997,0.02223050372216197,3
8.6,0.020138476755084265,0.009420892820829412,0.008189829675033018,0.02369355983516778,3
8.61,0.012205220761269365,0.01670802913610054,-0.0010613681828786237,0.020718401334652543,3
8.62,0.007977644280398112,-0.0017027857007551042,-0.0026500366553212735,0.008577003071108877,3
8.63,0.005579199210830351,0.0018005698713833037,0.0008839427699040762,0.005928816957566576,3
8.64,-0.0017006098718496017,-0.0010033803774756205,-0.0030141419245433296,0.0036033175906968295,3
8.65,0.013514954470406714,0.020834196164051313,0.004997453507817844,0.02533164553877497,3
8.66,0.015865679916841128,0.018130797555857135,0.011551759136346377,0.02671869679417941,3
8.67,0.0013833430721504419,-0.0039919413895901715,0.011532278835420184,0.01228180317588057,3
8.68,-0.007903085254473148,-0.010441169918412724,-0.00972205472279651,0.016309357247840505,3
8.69,0.0011980739488257272,0.0013982452709839156,0.002588637779599546,0.003176714746188871,3
8.7,-0.01725240870345096,0.006088069153763354,-0.011528225835498207,0.021624296127415652,3
8.71,0.0075430603102241735,0.005023031936145973,-0.006779142765082954,0.011317481402882804,3
8.72,0.005701676761087453,-0.0034345102703121277,0.016495371705465632,0.017787699862159816,3
8.73,-0.0017556538911678325,-0.008263466543090695,-0.0014587937445823562,0.008572938765883296,3
8.74,-0.011883303329950298,-0.010609043387738028,-0.007862837621793944,0.017764822405563586,3
8.75,-0.007458820943535867,-0.003485864588766631,0.0017527933175660953,0.00841769245179763,3
8.76,-0.023989991194936607,-0.024841587483713568,0.003398565395787154,0.03470121601606452,3
8.77,-0.009967359747875475,-0.00018269079169387897,-0.0028851791179243837,0.010378145056388685,3
8.78,0.010446602113951394,0.0012735049079000832,0.019698425221997246,0.02233341144349149,3
8.79,-0.0053938286208032255,0.005820783689947788,-0.0027473315726960082,0.008397781893219812,3
8.8,0.03443337653398685,0.025392176316758452,0.021393177051019136,0.047833963477522085,3
8.81,0.0012118695061732205,-0.002598298475391554,-0.004513977403310481,0.005347501721814798,3
8.82,-0.0032317874040562345,-0.02554742443462987,-0.0064400496109729664,0.026544106390306924,3
8.83,0.011962191505380177,0.004770675274797803,0.0070469201641338314,0.014680342366192716,3
8.84,0.011799579006971178,0.007643930722384406,0.01307842328535077,0.019201689958469083,3
8.85,0.02224572886438298,0.015312924445642357,0.00685372142972839,0.027862727885508833,3
8.86,0.0009035117185537244,0.0047104748312261115,0.005852821835213296,0.007567062177353118,3
8.87,-0.008927153947955166,-0.009979516666176885,-0.0018809614748527188,0.013521199893902679,3
8.88,-0.00766470457159913,-0.0011815993085001917,-0.0052174930447828095,0.00934698383266483,3
8.89,0.011430954789280183,0.00011782612507407926,0.009390427749796659,0.014793942804893788,3
8.9,0.014615583538270763,0.017670613033366166,0.001741241477460749,0.02299777748005166,3
8.91,-0.013842870452652424,-0.0021375710545878286,-0.00012768725578278257,0.014007518567455786,3
8.92,-0.009489057515811432,-0.004540177760272537,-0.005703063490237072,0.011965799589117554,3
8.93,0.008597888045198811,0.011659866549324386,0.00818745056771595,0.016640628401133735,3
8.94,0.0012425699337837524,-0.0020034220623596196,0.0018005140011604507,0.0029664002880035335,3
8.95,-0.01354135517969778,-0.011357955386678257,-0.005561996981446621,0.01852855259026249,3
8.96,-0.019033849178050406,-0.01568129329953249,-0.02888946030621346,0.037984092602864894,3
8.97,-0.010786814989314684,0.002402335771792322,-0.008262956354310494,0.013798660894716454,3
8.98,0.00957322524200968,0.007863334788576811,-0.0016663869164353874,0.012500220833519728,3
8.99,-0.016144403294602722,-0.017860904185899078,-0.003957168990089242,0.024399033638502373,3
9.0,0.006406387882148494,0.0035795915317396215,0.0014945201940986437,0.007489250419181464,3
9.01,0.0013927179411311183,-0.0032591841612565784,-0.009406792622947793,0.010052347592064217,3
9.02,-0.0017415754734523827,-0.00022071040362385986,0.002608038768530129,0.0031438295803295144,3
9.03,0.001794772304176304,-0.0004889521740476155,-0.00018714181245787413,0.0018695731893440886,3
9.04,0.01801242510342583,0.0013521522983705996,0.007749923357599983,0.019655459444978325,3
9.05,0.01306696970510109,0.0001411975171931295,0.008641260849240766,0.015666429812740117,3
9.06,0.017627590861307003,0.008942775811772202,0.009449295600494957,0.02190877418156446,3
9.07,-0.006523648722484569,0.006048258803157168,0.009144003095496851,0.012757437823277788,3
9.08,-0.019197606027843032,-0.028495206238331062,-0.0031744284242096864,0.034505098921546754,3
9.09,0.0007443943476117467,0.0033022951762704186,0.0007562762287052663,0.0034686063642448465,3
9.1,-0.003926586511929894,0.009716894552983713,0.00021312377245850142,0.010482439750929232,3
9.11,-0.011643420564407248,-0.00042737607048026587,-0.0065368582882514735,0.013359730874009504,3
9.12,-0.031019430073310136,-0.02191567428406859,-0.01687549936671011,0.04156060996032416,3
9.13,0.0022045211506989716,-0.0002744113310080346,0.006288784170357888,0.006669634279614488,3
9.14,-0.043713660476647515,-0.025471433844643315,-0.009978771905274991,0.05156795461434516,3
9.15,0.0007885663492844565,0.012616992852440572,-0.0006370484222636454,0.012657652871605734,3
9.16,0.001469086603144024,0.006773222287208403,0.003933477101846064,0.007969127788548832,3
9.17,0.002506764779964311,0.0032404227070623876,-0.004318472707032966,0.005952597374583946,3
9.18,-0.003347332230865042,0.007338684530403932,0.002379632132395177,0.008409730839099759,3
9.19,-0.027462746015269004,-0.01779783858757512,-0.017911789787458672,0.037306804881665497,3
9.2,-0.01707236935753923,-0.011213142645244806,-0.00645059450044724,0.021419863045128287,3
9.21,-0.005689250467403411,0.001096807360371526,0.00011463355935688833,0.00579514435709292,3
9.22,0.028234947211381554,0.014659501285454353,0.020631603657456133,0.03791802066888642,3
9.23,0.018650814880807054,0.03698186221425194,-0.0039455331214104505,0.041606228622217085,3
9.24,0.005459314077450498,0.005085098310457658,0.01209312829491813,0.01420936617096688,3
9.25,9.981033047936835e-06,-0.0014714154672029883,0.007300269505191151,0.00744708654082714,3
9.26,0.007994612841022557,0.012349936440154731,0.006787887694190652,0.0162021660250304,3
9.27,0.014983313014496819,0.019259258528325034,0.004907159867401274,0.024889735352459735,3
9.28,0.006384607487873005,-0.0010085866495584293,0.009293012412203318,0.011319917822017812,3
9.29,-0.016244567500406943,-0.02504391196680008,0.004031478902585693,0.030122023869888014,3
9.3,0.015264281256469857,0.008037969458186606,0.005283705005976285,0.018042305115409628,3
9.31,0.0015596048827602772,0.0033691317177911044,0.009457024802346552,0.010159662102371002,3
9.32,-0.012197280005677635,-0.014471070499636925,0.0004678128925461678,0.018931570717845837,3
9.33,-0.003277754238881045,-0.00249712246240254,0.006049341346191767,0.007319414195513409,3
9.34,0.0063210320591059466,0.00339920274752726,0.007574814088341413,0.010434933353116233,3
9.35,-0.0036481763741757637,-0.015640349803833976,-0.0014896613093901153,0.016129129662200547,3
9.36,-0.0022842655859624302,0.0036906059361915327,-0.008075343609580503,0.009167857757200268,3
9.37,0.012168289223321305,0.015703895915174106,0.002620281824517832,0.020038599910595496,3
9.38,-0.01183391101541532,-0.006709275930080326,-0.0011700111716297038,0.013653745257930573,3
9.39,-0.013584566911564261,-0.006405140133113878,-0.007256577415357228,0.016680053779429646,3
9.4,-0.004993380150077635,-0.008721527963259245,-0.013640153175869628,0.016942628898677106,3
9.41,0.013093563533232547,0.008209576654345413,0.002384993979718099,0.015637351154388714,3
9.42,0.016553826963568576,0.016970021569278848,0.0008324839165199625,0.023721379569342584,3
9.43,0.008609502335825048,-0.0049077140317874655,0.005460301623677414,0.011314772702529854,3
9.44,-0.002481945685335144,-0.009913497576657717,0.004106745662903894,0.01101375723934081,3
9.45,0.029360256982352957,0.009145479216519675,0.014576229536300316,0.03403132303723311,3
9.46,-0.006345437767277811,0.009031227534336873,-0.011710324398647668,0.016092213917199925,3
9.47,0.000997861152107339,-0.0015187921406760044,-0.0017912977357474491,0.0025517061005449126,3
9.48,-0.0036397489336012162,0.00894689537581335,-0.00785274383263387,0.012448304899317449,3
9.49,0.015427292214777153,0.010206264546551274,0.006168783365474107,0.019499309456605465,3
9.5,-0.0017951827711961358,0.013093778460279447,0.0038404824227379663,0.01376295828622018,3
9.51,0.017681079349671214,0.02223567771965616,0.008625895831344944,0.02968925747665302,3
9.52,0.005341094931019917,-0.001737438776381774,0.002689636626307588,0.0062273697293012,3
9.53,-0.017257692076635682,-0.011172953205589045,0.0017994455680396511,0.020637364742102954,3
9.54,-0.011157746660337815,-0.01584147609392559,-0.010286773510104149,0.021937761613685113,3
9.55,-0.014365211125070425,-0.0047595894414307165,0.0003544559092177194,0.015137325434514686,3
9.56,0.008766288707661163,0.014758287715890522,0.0022647693845262804,0.01731427314027823,3
9.57,0.003140485670180491,0.017235195592796675,0.016572635254230843,0.024115697307694462,3
9.58,-0.024584767755102023,-0.006187128544032191,-0.009278108782666106,0.026995826858528856,3
9.59,0.002715139677796837,0.005362549023321071,-0.00948154873632856,0.0112262496826341,3
9.6,-0.002050051972969157,0.0013949474112355642,-0.003088449726481631,0.003960696035420036,3
9.61,-0.01419327110536044,-0.011906574753365795,-0.0139218524848656,0.023173982041032694,3
9.62,-0.0065052971595465645,0.01003572330135754,0.00996342278480088,0.015566130762142036,3
9.63,0.002821568591326796,-0.004937369551134417,-0.0029241155726617814,0.00639447568470741,3
9.64,-0.019639920815232588,-0.022050938716598308,-0.0012564246229051657,0.02955586220608059,3
9.65,0.010456987894107522,-0.0014585161644261697,0.01049570921099952,0.014887436886894395,3
9.66,0.008994859675349264,0.014893513918053481,-0.0028730384392286323,0.01763458554318083,3
9.67,0.004377501548686163,0.010767939225876875,-0.007096905579958304,0.013618997899690378,3
9.68,0.006640881510595279,0.008207133990658592,0.008973484076515112,0.013855748700444164,3
9.69,0.0017147509256509623,0.0037045959150294543,-0.0012258204249328466,0.00426228076795233,3
9.7,-0.011244185692093822,-0.017335600491018056,-0.004943609386825695,0.021246035630959108,3
9.71,-0.007829002310149314,-0.0033090603992577414,-0.002503555709209972,0.008860640444537682,3
9.72,-0.011839292323361221,0.0015777310438843447,-0.02282597573887324,0.025762050508382792,3
9.73,0.002897699585067146,-0.006627439279163605,0.0008874542481998628,0.00728746796404258,3
9.74,-0.019169125846403193,-0.023182975066882834,-0.0017371091016815717,0.0301317650777066,3
9.75,-0.014159793464005033,-0.007420010399978377,-0.01692123098397324,0.023278409810209177,3
9.76,-0.0076738178925523665,0.000758046492560862,0.0014523622036131988,0.007846749104146561,3
9.77,-0.026022511407137627,-0.011689750280967495,-0.013011644523439475,0.03135481230641224,3
9.78,-0.01224224188104028,0.0011142699053965487,-0.012331741414478861,0.017412235066456637,3
9.79,-0.004925639256144531,-0.002164280506704974,-0.00013785205628982474,0.005381917444814489,3
9.8,-0.0013050180840713504,-0.014170092157527353,-0.0006905818392955228,0.014246806211545667,3
9.81,0.003227504853350765,0.006388387161333407,0.00963024361340547,0.01199874452411706,3
9.82,-0.00770278265880808,0.0041162328611552435,-0.006816126594189953,0.011078619742734755,3
9.83,-0.009421094452280053,-0.011568237381473098,0.0034967066724723456,0.015323449166105072,3
9.84,-2.900558367735853e-07,-0.0010975515525703111,-0.0002216733132471426,0.0011197136028859586,3
9.85,0.009339416079691283,-0.010875754604280592,0.0067985787072784324,0.01586591955611733,3
9.86,0.00427119491723749,0.0007500804886424739,-0.00018915979798192896,0.004340680613642296,3
9.87,-0.005611478021019765,0.008854023009027148,-0.008291245634168685,0.013365147331432278,3
9.88,0.03368339281358714,0.020022888735105174,0.02082366059313989,0.044374675945082716,3
9.89,-0.0037183467908101907,-0.011051585968972107,-0.0019499067909536192,0.011822258319784618,3
9.9,-0.012022357096089325,0.007265070027828802,-0.0073862064144685005,0.015870550017320805,3
9.91,-0.006671411285846166,0.00024995178036020006,0.00296854665682587,0.007306331069091577,3
9.92,0.009745673445746268,0.010630383722722271,0.01337422969882109,0.019668584825560546,3
9.93,0.0038749070415579393,0.003959363151473926,-0.001445049432613644,0.005725349684400234,3
9.94,0.016374745872604304,0.006067758463690899,0.01722381146761149,0.02452773280672083,3
9.95,-0.01879660110600307,-0.015265186255804261,-0.013149019819788768,0.027554216497367313,3
9.96,-0.01130384504456279,0.005378245186232717,-0.003813066271486042,0.013085943163007648,3
9.97,0.004157243896920867,-0.0025825894967289984,0.007040648013790828,0.008574565282345074,3
9.98,-0.020191920307900867,-0.0032116131692029298,-0.02973448541846061,0.03608556121179029,3
9.99,0.0074034052680925135,0.00797511949760239,-0.0025307850116943953,0.011172189281428898,3
10.0,-0.004416758856277004,-0.0002563923840958639,-0.004564642027494391,0.006356842981251921,3
10.01,-0.012300614459561324,-0.021971678322257104,-0.003937657060204509,0.025486563273679923,3
10.02,-0.020948989780260788,-0.011263316560568845,-0.009427667680505483,0.02558521820604825,3
10.03,0.008303920240673836,0.005296544031722775,-0.01109041255836856,0.014832589819659608,3
10.04,0.021961373114554126,0.0024678018005328383,0.007513721752451267,0.023341978694545868,3
10.05,0.010150588192818853,0.007439190487057628,-0.0048539699560538295,0.013488403170768415,3
10.06,0.012104264833981073,0.005068026582759233,0.0017046747294625223,0.013232688182979799,3
10.07,0.011118952969889602,0.009902653857864083,0.0028874464261083683,0.015166773402373136,3
10.08,0.018913585056279627,0.006408702341881433,0.009738457926128279,0.022217847064171885,3
10.09,0.02174397000634473,0.007099789872633301,0.007030311834449496,0.023929741585774936,3
10.1,-0.029044144188107,-0.01957123387508687,-0.012946127039205101,0.03733895703321311,3
10.11,-0.00022946217428938863,-0.0033232030361755194,-0.0034233721068711114,0.004776589566958727,3
10.12,-0.006097705154481734,-0.006968249033387716,-0.0008188429030566435,0.00929564448772586,3
10.13,0.001180772283983066,-0.008937003858455753,-0.007369323315950743,0.011643504081147173,3
10.14,-0.008149608101167098,-0.006163556198545491,-0.004151131416470289,0.01102893599818421,3
10.15,-5.11705369914215e-05,0.005092462044672173,-0.006957901989974018,0.008622539544842173,3
10.16,-0.002900186885786633,0.00016608515415341384,-0.0037944238167064684,0.004778736271411953,3
10.17,-0.030787856073308827,-0.024500121745850766,-0.012691102549514294,0.04134261882216192,3
10.18,-0.03409625426554273,-0.037001130066149523,-0.020818401904254803,0.05445221794343859,3
10.19,0.0016380930417828508,-0.005668722073199494,-0.0001247545917623555,0.005901976149128558,3
10.2,-0.016197597856767783,-0.01729251175552441,-0.009517328603154662,0.025533755753608674,3
10.21,0.016176122653372035,0.0180348377929775,0.019513871166611123,0.03110809358065908,3
10.22,0.007959410696140423,0.011992150142713364,0.0055889999079669385,0.015440233276944658,3
10.23,-0.021335972794574738,-0.01244444590527601,-0.006713934558985998,0.02559618890074303,3
10.24,-0.007078686631675608,-0.007728556487057229,-0.008551782048695658,0.013526690874396835,3
10.25,0.00751445074940877,0.015687080952213033,-0.011785367298661422,0.021010624960503505,3
10.26,0.001012151740098697,0.005740360338088307,-0.0033214950493241106,0.006708838745920691,3
10.27,0.005440919847188812,-0.012795439232281788,-0.007440095404400798,0.01576965102838788,3
10.28,-0.005304634565251038,0.008942928477458964,-0.0012079867593497399,0.010467776728349093,3
10.29,0.011885540766396502,0.0070201473154507315,0.006838583503167475,0.015405024244385257,3
10.3,0.0070229618194898955,0.012440080315254561,0.004240024561265937,0.014901523386826437,3
10.31,0.014289141994088364,0.013766841453832938,0.005822998158911446,0.020678800983153705,3
10.32,0.002602196064730453,-0.008499887163085081,-0.00432502523162316,0.009885613253544475,3
10.33,-0.006690267358642016,-0.008422153305338236,-0.007566297956335775,0.01315071132649415,3
10.34,9.440455795949954e-05,-0.015344552585984446,0.0023542163269956694,0.015524385359778289,3
10.35,0.000540463962808501,-0.005813781451993853,0.012015888355510687,0.01335940601369461,3
10.36,-0.0057100429151569565,-0.0028620903984848665,-0.0012759920793147766,0.00651339445515988,3
10.37,0.007604755886585127,0.005870653547690744,0.005453272432563758,0.011046948239008134,3
10.38,-0.020916414381397762,-0.02000123227842645,0.0018271301964307048,0.028998001448110523,3
10.39,0.002975226478717584,5.8807728586570546e-05,0.0010770874431568537,0.003164735108790294,3
10.4,-0.02188365226645778,-0.01443750335981922,-0.015636789232963924,0.030526134987911104,3
10.41,0.0019185865500044915,0.006714562141472815,0.0029723076328995943,0.0075895277696409625,3
10.42,-0.028707779610248403,-0.0251068706685932,-0.003129958952658612,0.038266018971999,3
10.43,-0.005400767910690188,-0.004984599742292881,0.002822552324626885,0.0078728222538848,3
10.44,0.012032361262008583,-0.0016090485080672394,0.00658363686233863,0.013809816399067087,3
10.45,-0.002040014073641368,-0.011176499613051135,-0.012493283340451728,0.01688661984074953,3
10.46,0.0037660250755139958,0.011677065045171981,-0.007597318627810155,0.014431079075074349,3
10.47,0.009801067203265887,0.019093613697303936,0.006405205819857495,0.022397626301453085,3
10.48,-0.020380328887776036,-0.012622707664021444,-0.011289575336026217,0.02649802003193966,3
10.49,0.011383566774228929,0.005366137021737247,0.00454443274919418,0.01338031718799433,3
10.5,-0.004043060104131449,-0.006597704469920216,0.004023080318351748,0.008721308074247452,3
10.51,0.01759654312258006,0.02208288762684846,0.00037004817158339635,0.028238788774558456,3
10.52,0.0033620829263646193,-0.028751678920829513,-0.002238487205302447,0.02903400536161911,3
10.53,0.005662273658620194,0.022154652434144138,0.009750548400419392,0.02485886484881709,3
10.54,-0.014273992472999318,-0.009345151167410803,-0.01394329869459842,0.02203393496286559,3
10.55,0.007141280208150627,-0.0153522229226221,0.010180771107466534,0.019756941362969946,3
10.56,-0.0050584942917455975,0.016143529399018166,-0.0001599849247009514,0.01691825940020776,3
10.57,-0.024676843677026654,-0.036503373297185324,-0.011861001104642844,0.04563032131311823,3
10.58,-0.014029107825341568,-0.027875655515974897,-0.005432901129963112,0.031676244277191644,3
10.59,-0.0005069804985806167,-0.007525329972163512,0.0019838643938099483,0.007798931872308569,3
10.6,-0.006856381816995989,-0.006061024062057326,0.0008561881449707944,0.009191248143797426,3
10.61,0.0008515785279238994,0.01020739624052034,-0.01183816718368032,0.01565433889594113,3
10.62,-0.01058635534608654,-0.010169186897253817,0.00283534994326819,0.014950668579220287,3
10.63,0.010252571230112233,0.0007325485391559998,0.0060836908891795894,0.011944167573582992,3
10.64,0.014917928571585781,0.007977459919845994,0.013623346246822267,0.021720497752134756,3
10.65,-0.02063940278843771,-0.016955994231436042,-0.006603968766971049,0.027515506379403445,3
10.66,0.009785761352475691,0.018362450337760933,0.017503465043370636,0.027190292315067914,3
10.67,0.02288368038829291,0.02445973126891237,0.006019182268072866,0.03403192379277484,3
10.68,0.011983008618592412,0.0035571262947749717,0.015093907383810055,0.019597746889407346,3
10.69,0.006639159758048132,0.0018914052429568379,-0.0021840561060260163,0.007240577128947654,3
10.7,-0.008574875318747144,-0.020876849859999734,-0.0005881984587877394,0.02257692016719619,3
10.71,0.0030712381252666916,0.007204476639456059,0.007753150195859486,0.011020359578077102,3
10.72,-0.0005229980741155091,-0.0007790849364275045,-0.00012438567855270428,0.0009465580387518755,3
10.73,0.014388470415804945,0.013174090911980596,-0.005214118525447604,0.020193359905202497,3
10.74,0.013599291068848229,0.014574605708811007,0.006923436130850946,0.021101986091373814,3
10.75,-0.002732996782850216,0.01053618676697857,-0.004056125215251948,0.01161605159964119,3
10.76,-0.014508234699836482,-0.013273036338457882,-0.0011126717574195281,0.019695187386448543,3
10.77,-0.03080249206183938,-0.021129259069058152,-0.019195294400047365,0.0419964097647828,3
10.78,6.372173096990189e-05,0.012575807762292677,-0.0032436787962811745,0.012987549940869626,3
10.79,-0.002115872160904657,-0.002869814112160092,-0.0049913975033896866,0.006134068558183007,3
10.8,-0.03369838711282802,-0.02431123209938473,-0.017038956793630468,0.044910392436621774,3
10.81,-0.002150838829187377,0.019610676610032053,-0.00045640608241496864,0.019733551410845027,3
10.82,0.003017697031605469,0.001751939952768925,0.004788202272021012,0.00592475062517028,3
10.83,-0.038914513220212214,-0.013357842082784479,-0.014550077873888139,0.043640303051318156,3
10.84,-0.01595196782921179,-0.015635690389698247,-0.014849823914375289,0.02682270235965538,3
10.85,0.028327281540728704,0.016196256448394116,0.007551644376842458,0.033492998301498086,3
10.86,0.0017966907189576541,-0.014791342969296607,-0.002710912904245951,0.015144668142595795,3
10.87,0.03074526977139446,0.02641503489551974,0.011736046973482971,0.04219905781425868,3
10.88,0.00803189509844657,0.01135960567633815,-0.0015828945949895503,0.014002054681124164,3
10.89,0.020018700617204895,0.014728274377094216,0.0045090567571766035,0.025258702131496974,3
10.9,0.003910140639415298,0.006405814176541021,0.009542234951100376,0.012139930104674516,3
10.91,-0.0003665972228904888,0.0067438882297668435,0.001684128006283362,0.006960654360113477,3
10.92,-0.01217677235952204,-0.020378913479565903,-0.012111641921210493,0.02665081180247379,3
10.93,0.012172938786870199,0.009081855114803104,0.00787670001915664,0.017108563184176116,3
10.94,-0.0063545511681859755,0.00882228483484141,-0.00533145320781794,0.012109394021309186,3
10.95,-0.009886238012962064,-0.009183203486365187,0.006634391410352078,0.015036092501267717,3
10.96,-0.01947642927854861,-0.024640686653072702,-0.012547788580071845,0.03382220771072465,3
10.97,-0.002672992895034309,0.006782756861143011,-0.004169537604652518,0.008398554964450607,3
10.98,0.004000778164614368,0.003987991253730258,2.312902278087895e-05,0.005648967614881408,3
10.99,-0.00961232856139064,-0.006946518974105374,-0.010954619414445619,0.016144803273656857,3
11.0,-0.011688724076748917,-0.011438533531536677,-0.0024801058666679833,0.01654137977933944,3
11.01,0.010253455788773796,0.014540115677111293,0.004893030530582161,0.01845237294467369,3
11.02,-0.027075390920397936,-0.02335317643130503,-0.010145378230714028,0.037166871570906715,3
11.03,0.015095726996181365,0.02213497164249221,0.006963229751498624,0.02768256692811071,3
11.04,-0.021141510699419577,-0.014120996041792186,-0.008409625265166027,0.026778495121393617,3
11.05,-0.004256592860683767,0.005126197920280028,0.007817931853774121,0.01027212472518531,3
11.06,0.003971536156551522,0.009949515939399838,0.005085520745854078,0.011858688297095918,3
11.07,0.013703921355845377,0.0001434267949572115,-0.004606086908116037,0.01445801052627313,3
11.08,-0.015022413728158561,-0.006693828266689676,-0.004886758285960063,0.017156941966134286,3
11.09,0.007994380656680573,0.0034494965374469635,0.01059569525564083,0.013714149860497248,3
11.1,-7.915483466259133e-05,0.005197117380084053,-0.013936706854891111,0.014874410660909934,3
11.11,0.01986070487929807,0.013419196432937316,0.0019585656587683097,0.024049083363987873,3
11.12,0.0003049545616826861,-0.01484785093927369,0.0037428672874180694,0.01531537561833878,3
11.13,-0.016224508796292506,-0.005033130031816974,-0.0014755721106268528,0.01705122859655018,3
11.14,0.009979787159559368,-0.010870893528448023,0.005527933611530943,0.015758506524111118,3
11.15,0.0032660925801746574,0.0034188588307328123,0.004092120272508102,0.006253111607145955,3
11.16,0.022662902016467333,0.031023779136576293,0.018420073837493958,0.04260728951601821,3
11.17,0.010499120444343289,0.01855822542929732,0.0016409664779207626,0.021385322821297428,3
11.18,-0.013899634777350026,-0.006511144314307063,-0.011906423297693113,0.019425698519469018,3
11.19,0.00630782017772538,0.00032512242708435373,0.0013273990143551411,0.006454168275651299,3
11.2,-0.005726444118070589,-0.004510385099410751,-0.0015263011385894187,0.007447505028399184,3
11.21,0.0007656564264340755,0.008946959607543506,0.0022331354340541596,0.009253172961162192,3
11.22,-0.017084600161398428,-0.018272919857425997,-0.0030546203436818886,0.025201465596960897,3
11.23,-0.01201255517452224,-0.005064573048623865,0.0045876415932551064,0.013820196719799343,3
11.24,0.001540623722759908,-0.005728306471677389,0.001801699632238459,0.006199446592511291,3
11.25,0.004264144388141479,0.0007324856956704298,-0.005593933744617564,0.007071884995985961,3
11.26,-0.02760927568743196,-0.023101575289233664,-0.01705387753911769,0.03983452803721887,3
11.27,0.007006273562499178,0.008218570235410392,0.0039780924461757594,0.011509039293410602,3
11.28,-0.007700171801500585,-0.0010017072515211486,0.0052588773752671545,0.00937826500150596,3
11.29,0.007408603913057588,0.022414037608547037,0.0072589374220846485,0.024697543731223036,3
11.3,-0.013515690688848423,-0.010682371610247685,-0.011421391976512592,0.020669667454925246,3
11.31,0.01809913188209066,0.015251165396201648,0.004239201272700822,0.024044696884304394,3
11.32,0.01609644321584563,0.020668738817387122,0.005487026886864302,0.02676564425825539,3
11.33,-0.0021510328819444964,-0.0017061764371417148,-0.0005230809849371124,0.0027949229346561273,3
11.34,0.011637023900360376,0.00892477532824751,0.003602935894101219,0.015101426653606507,3
11.35,0.004819273456604299,0.008247634658575021,-0.003077661902591922,0.01003597912002234,3
11.36,0.010489102184026078,0.001930892632048666,0.0002058517347374002,0.010667332652548848,3
11.37,-0.015698712135369493,-0.009381826215339211,-0.007507905095916903,0.019769594451412464,3
11.38,-0.01604762790836761,-0.017722861164239823,-0.005964167438939216,0.024641377042934145,3
11.39,-0.012549099389411015,-0.011333845555692253,-0.011481070230552674,0.020438956044878703,3
11.4,-0.006311453132620974,0.01275557141960797,-0.0009119466165509417,0.01426080956739236,3
11.41,0.01247218430441126,0.007575060073805149,0.016504075422521185,0.022030011847414592,3
11.42,-0.005810536597718853,-0.00229350835882142,-0.0013743926770590858,0.006396207577632824,3
11.43,0.0034095679183893685,-0.018783566637000107,0.0031724821456180366,0.019352316966218766,3
11.44,-0.01778973483398269,-0.008927859919775759,-0.016234230051121082,0.02568524038359926,3
11.45,-0.012821486103370722,0.00683278430691959,-0.0013480038150042893,0.014590906811061514,3
11.46,-0.012204730813361767,-0.015331181001019397,-0.00896783541303863,0.021550467213218138,3
11.47,-0.004243266443250585,0.005701558536961483,0.004514220771942167,0.008419695305451912,3
11.48,0.00853347445842861,0.0010140991533707892,0.014649464563594911,0.016983974665123115,3
11.49,-0.0011432348851840423,-0.014044275633306031,-0.004576822184584755,0.014815396227448069,3
11.5,0.0013400415878535663,-0.002562077511308999,-0.0032754644004317594,0.004369052491058926,3
11.51,0.013581341071460862,0.004040665194195417,0.00930995505674725,0.016954499805939,3
11.52,0.0015721209152103543,0.0020229494437408167,-0.0069144779115337335,0.007373865567872866,3
11.53,-0.001291231893082648,-0.0033254186768009166,1.429233464703898e-05,0.003567337024807135,3
11.54,0.003597279580298157,-0.005470670010383889,-0.00011667905503534343,0.0065484551417282905,3
11.55,0.028456461967620864,0.024181221967963105,0.012323602055297561,0.039323948062165485,3
11.56,0.01546355792784565,0.020212839452998052,-0.00516285116745178,0.02596797132464858,3
11.57,0.025565710346022504,0.02309154022180276,0.014544893755325437,0.0373949021882069,3
11.58,-0.015191742133645648,-0.009209536313173118,0.007909794752451611,0.019446579164077927,3
11.59,0.0027221157461857037,0.001285776649121683,-0.001261120190215813,0.003263979145342185,3
11.6,-0.008646570769228864,-0.0013685158164838864,-0.012527271582615991,0.015282949810552535,3
11.61,-0.009768547445279857,-0.011241480431129658,0.00040237972101980334,0.014898231804950635,3
11.62,-0.02580116065372636,-0.011329554316593812,-0.016821624845040933,0.03281807054839369,3
11.63,0.007655563791407907,-0.004892076710469695,0.0036279207363227217,0.009782733788388407,3
11.64,-0.027327690588807404,-0.03308669975903984,-0.01655524001634659,0.04599574269278933,3
11.65,0.0036109629024518005,0.0074365746919649155,-0.006949415095136072,0.01079981788719427,3
11.66,-0.010356066243082388,-0.015835185891603668,-0.002796079367843025,0.01912640269585559,3
11.67,-0.014614863110760353,-0.016274920152535736,-0.01071498980991125,0.024357303962963133,3
11.68,-0.01286548050908093,-0.017308839534354546,-0.015382634144612915,0.026490412378492475,3
11.69,0.0016058592521582008,0.005896030692729128,0.002476440166483893,0.006593536059317549,3
11.7,-0.001076186944102065,-0.007132960941480163,0.016749325136179154,0.01823669933537262,3
11.71,0.005388699992666945,0.014892870461612886,0.00852822889231464,0.017987950584684755,3
11.72,-0.016962166856854723,-0.0057286591955398826,-0.00786469827347795,0.019554695589327684,3
11.73,-0.017002189730008554,-0.009786585747351043,0.010547706763731683,0.022273433372049626,3
11.74,-0.013865864049880905,0.003088941157707222,-0.01678693965719765,0.021991022858883862,3
11.75,0.01709481730749535,0.004491935040441413,0.011144371518751854,0.02089514957429488,3
11.76,0.02365354149751548,0.01759825389120827,0.021638388553558596,0.036570595081142576,3
11.77,0.0013508377775318776,-0.017369397249272542,-0.005502027809604635,0.018270003654129535,3
11.78,0.01127468141476968,0.0036699218205450326,0.006882940703001703,0.01370991028032288,3
11.79,0.004124595620750051,-0.007649201776862421,-0.0019258855535543339,0.008901214075801963,3
11.8,0.011613083062438075,0.015408807422417566,0.0031891638967938315,0.01955673313099225,3
11.81,0.009890128515639928,0.017007794571121334,0.00691193553343805,0.02085316693089426,3
11.82,-0.021152635304744923,-0.016978135822672602,-0.02010681389157011,0.033763516422595806,3
11.83,-0.00518048578715015,0.014658189171485352,-0.008369153269495281,0.017656235986931605,3
11.84,0.00229280634642038,-0.005152374116014593,0.0012606296962992345,0.0057786769424111465,3
11.85,0.002568351106194817,-0.007702201828831988,-0.009372886631738298,0.01240045742011856,3
11.86,0.002372284677391972,-0.002663459766243274,-0.0011417771052106476,0.0037450510644006733,3
11.87,-0.005674754231590467,-0.0009155004534957181,-0.011682811362636287,0.013020332484397176,3
11.88,0.004862358524697078,0.010974170476032571,-0.006597036856461886,0.013696563194657112,3
11.89,-0.017981392608274596,-0.006242179262088623,-0.002562809641999908,0.019205813581675973,3
11.9,-0.014987657418315412,-0.013203695052355753,-0.006149193087012783,0.020899282608399614,3
11.91,0.02184644326862773,0.024277855347125572,0.008522364227891262,0.033753696623898315,3
11.92,0.018738059974998923,0.00896356098512802,0.005788579656407916,0.021563115999301805,3
11.93,0.026088816201724853,0.04153455189242956,0.01362626576245376,0.05090599621205075,3
11.94,0.006028668904607904,0.012813599220946369,-0.0001554679914189381,0.014161827002642685,3
11.95,-0.0037936683117405622,-0.018775225102072825,-0.006229002186244824,0.020142032298883172,3
11.96,0.005041070380085366,-0.00036807209978792065,0.008545971247111536,0.009928821289764127,3
11.97,0.029226696593299746,0.014410848360614388,0.009456243430867794,0.033930707096275665,3
11.98,-0.005945363067454209,0.012792934858360406,0.005370718654646919,0.01509473892326309,3
11.99,-0.00019110477105811177,-0.007592540188803818,-0.0034144498983353483,0.008327163722442629,3
12.0,0.014105037944822438,-0.008138131574996037,0.010849729952347478,0.019567777620253513,3
12.01,-0.0018936820022722374,0.006814256140020269,0.0006870798555791407,0.007105786163084024,3
12.02,-0.009606276895686845,-0.029717905720929,-0.0009519196349012048,0.03124644983395621,3
12.03,0.0024696525831853777,-0.0010620673320988602,0.0028503845786769693,0.003918145370695845,3
12.04,-0.01336815375035941,-0.00284436015430744,-0.0017339887404636146,0.013776960344456059,3
12.05,-0.002272125959685482,-0.004610278660666772,0.007706078120762022,0.00926287567167795,3
12.06,-0.0366019385690226,-0.01414161013525088,-0.021754416741636633,0.04486581874876168,3
12.07,-0.027588479924309156,-0.01606805925474314,-0.0034819441243665265,0.03211589462607506,3
12.08,-0.007721921346802383,-0.01260590801768945,-0.005261409805107775,0.015691380416455836,3
12.09,0.013192682712116828,0.011079753770995116,-0.004933025774326833,0.01792045100042517,3
12.1,-0.0024299870624487057,0.012366402924819634,0.0030098244615358507,0.012957306884994092,3
12.11,0.0013073392070951549,0.0029861848527970468,0.005565065538962324,0.006449526357061325,3
12.12,0.007151741332586246,0.00933368386901489,0.006233185184719363,0.013308555751918997,3
12.13,0.0010599365145071765,0.004577063358737298,-0.0015580832220157218,0.004949807847927844,3
12.14,-0.012007202747695367,-0.014065632038609867,-0.0110358901620061,0.021536150866338546,3
12.15,0.0162078054267515,-0.0018311161584735284,0.004117646224967122,0.016822632183200237,3
12.16,0.011055800933893693,0.010946769272941269,0.005971770746152798,0.016665069386279256,3
12.17,0.011189222744823977,0.019578430806937483,0.0033853606363908745,0.02280294553635012,3
12.18,-0.007727076726135931,-0.0005159625832265305,-0.00974308807514333,0.01244595104276413,3
12.19,0.022022816982495842,0.004782049075356138,0.008353118390012557,0.024034289006358973,3
12.2,-0.0037263462620891375,0.0009102427723236884,-0.006666522286534873,0.0076913404401586175,3
12.21,0.01618743854292289,0.01901014749542611,0.003253549779537103,0.025179445199342402,3
12.22,-0.028611135534399576,-0.010346534983044138,-0.008507248221134267,0.03159147250476195,3
12.23,-0.010431525808972646,-0.0022053399996929046,-0.011825501952571777,0.015922397798315016,3
12.24,0.011422251320264993,0.010201667277161125,0.0071132057981496775,0.01688607524512507,3
12.25,-0.00947853172309745,-0.011584553164513291,-0.007511302814225133,0.016747062596592456,3
12.26,-0.03745017136204005,-0.027535006697519057,-0.015231714102512367,0.04891520257935418,3
12.27,-0.018995266012611457,-0.005152676184475378,-0.014103105030658238,0.024212967068447215,3
12.28,-0.0029272472247797083,-0.008650624160531476,-0.0026452771901858078,0.009507868641008286,3
12.29,0.012690764872595666,0.001979477268914333,0.0005454143650889505,0.012855789362746343,3
12.3,-0.005823190394384029,0.0018059427809751227,-0.0008803880292640089,0.006160037238481107,3
12.31,0.013153459460785567,0.012387424866865827,-0.005055538634401013,0.01876220300238478,3
12.32,0.007126985791974322,0.016852124464249357,0.0026166408194645847,0.018483366430811346,3
12.33,-0.000391437458010983,0.007154898599645434,-0.008129421782885457,0.010836664421250428,3
12.34,0.015746169968382562,0.0067530180832254105,0.0031197892309919005,0.01741488463215807,3
12.35,0.019008107343481906,0.025840429258191924,0.006488468582943591,0.032728216474180165,3
12.36,0.004536794505382986,0.005774069647872293,0.006276002563828684,0.009659740827979678,3
12.37,-0.0008670480457563983,0.0052013407845474535,-0.010585077893601314,0.011825801972139309,3
12.38,-0.012561974779218457,-0.011439636140602403,-0.01695347176822107,0.024001847645107786,3
12.39,0.010314765162953621,0.011499417548486266,0.011298327526493936,0.019138526307353083,3
12.4,-0.0036363227145157317,-0.00652290245974987,-0.0037819004472219968,0.008371013700634583,3
12.41,0.007228470138974688,-0.011738996747723603,-0.007282197572183323,0.015591190675295673,3
12.42,0.0020680530074552576,0.01619236952422195,-0.0016718385166363968,0.016409287555415243,3
12.43,0.000505822252900555,-0.00635989991498914,-0.00271827249308054,0.006934925264690785,3
12.44,-0.007629229917887103,-0.009592105606421942,-0.006983869051343468,0.014106312985009514,3
12.45,-0.02239069573882055,-0.020437745254881085,-0.008804358268323207,0.03156836092179704,3
12.46,-0.002195731100501238,0.01325256177237031,-0.01126244046818353,0.017529808723873094,3
12.47,0.002114232021644291,0.005611116330475732,0.0010979423033148192,0.006095906890437697,3
12.48,0.020605932355324767,0.019760048688576268,0.006345598691173255,0.029246035545976903,3
12.49,-0.013116024033842929,-0.001176999651716427,-0.006411726244479572,0.014646694100398016,3
12.5,-0.01670754868695317,-0.005372435631039451,-0.00230821823181536,0.017701218012957688,3
12.51,-0.01592558280513747,-0.009101946176659399,-0.0012643191809484653,0.018386628697980745,3
12.52,-0.00011929028137298419,0.0017006106903349918,0.009307483322834095,0.009462322796023527,3
12.53,0.012467468770616753,0.02099045482172305,-0.006000217636167653,0.02514039742825236,3
12.54,0.01562157644815585,0.0015183883245919634,0.009013030489782543,0.018099001973578114,3
12.55,0.025408320788379884,0.010990287672298989,0.01589649988313545,0.03192284287057827,3
12.56,0.012261723379820528,0.014049766388456767,0.0018162841325597705,0.018736186481342332,3
12.57,-0.00639408296757688,-0.001560146605955797,-0.0032317321486005986,0.0073322879859311855,3
12.58,0.010517028039192057,0.004859607122826214,0.012520239420123817,0.017058137509781,3
12.59,-0.01860254256219497,0.006266533959519023,-0.009810333596685197,0.021944627655130784,3
12.6,0.0007827375392974604,-0.008680527166405659,0.00793361970569418,0.01178586236033287,3
12.61,-0.0022513808770732928,-0.0009377856689035217,-0.0015365056839341856,0.0028825349141362007,3
12.62,0.0060116450734193855,0.0067005200348475204,0.005235916701553145,0.01041401310407106,3
12.63,0.003370990910658572,-0.0006603354253805122,0.006857345152945805,0.0076696026716111245,3
12.64,-0.013004271214302879,-0.014216514661684453,-0.012611740231970706,0.023027730036192105,3
12.65,-0.014498782001515047,-0.012389532644031177,-0.004163619983599523,0.019520525864658467,3
12.66,-0.0065179306628555525,0.008364942119522541,-0.006028705134914214,0.012198399993134178,3
12.67,-0.002223306623302561,-0.004414467263146085,0.0060893928681250865,0.007842915214445594,3
12.68,0.000957141628787286,0.003995323817886317,-0.0015996174991327885,0.004408799003227422,3
12.69,-0.012917409110891937,-0.013708714794669716,-0.00792288563556932,0.020434295589867077,3
12.7,-0.006254677759774256,0.001496855707204335,-0.007995744577071966,0.010261262214200583,3
12.71,-0.016229271422573525,-0.00256545655055793,-0.0077199851366961695,0.018154035053705612,3
12.72,-0.013797983429493482,-0.011012550688516162,-0.0030236692074724378,0.017910979729314963,3
12.73,-0.022245740201617892,-0.009911827229668543,-0.00966377325073471,0.026201255496450797,3
12.74,-0.004321001479263075,-0.0039036419045411067,0.011274951983808653,0.012689917893346421,3
12.75,0.020640772146078068,0.014830234027704543,0.006563134001574316,0.02624980083782387,3
12.76,0.023841924677119312,0.020323999683740924,0.005474918915426042,0.03180372733791783,3
12.77,0.014572653478965927,0.01274108943358085,0.005760850154928017,0.020196162602832687,3
12.78,0.020053538947471472,0.0159494943523555,0.011069049938366689,0.027911550672645023,3
12.79,0.017205882462162266,0.00026488565817293745,8.55958739047584e-05,0.017208134191924417,3
12.8,0.008389009550702375,-0.0040078775075262345,0.011631294186248425,0.014890452236388484,3
12.81,-0.024674108694992286,-0.03110392190646233,-0.012643110392841937,0.04166669939245475,3
12.82,0.029584171938205027,0.009499864635124311,0.023488893848530097,0.03895123607258797,3
12.83,-0.0024687445933332312,0.0019526870982902633,0.00689234672647558,0.007577079263733483,3
12.84,-0.004909859863297393,-0.006261074367166405,0.0017566752189165933,0.008148231951359912,3
12.85,0.013000266872479453,0.004045719606682623,0.005719595192871698,0.014767821608548228,3
12.86,-0.004368304306229625,0.011362915250527017,-0.008035772891657656,0.014586691587497962,3
12.87,0.022744642625329933,0.025540729072378476,0.006449638519796681,0.03480295169577804,3
12.88,-0.017956452964201904,-0.025289090615941784,-0.014536787634116049,0.03425332833399259,3
12.89,0.004664117143204939,-0.003679162948050555,-0.004614234119789105,0.007522059906440003,3
12.9,-0.009801078848785085,-0.014449045847400869,-0.00268691956105709,0.017665095788814332,3
12.91,-0.004116821172816846,-0.002382817375853785,0.00010310133853904226,0.004757800447857427,3
12.92,-0.01387285131729859,-0.02004316942845233,-0.015580506035909367,0.028929860226840493,3
12.93,-0.008544180378630608,-0.011429736924087205,-0.006773759247511248,0.015796383093596548,3
12.94,0.01690299532335162,0.015172925884503658,0.0027462880961302153,0.022879489266695495,3
12.95,0.009911652871764631,0.005868747745542861,0.013202818913258052,0.017521343841368418,3
12.96,0.010718946805094942,-0.0029774838047357385,-0.007755164868964839,0.013561113986791242,3
12.97,-0.012516949285872804,-0.007949162583675633,0.005877201518158758,0.01595006905602192,3
12.98,-0.011386680976391152,-0.006935065096961448,-0.0016416990284029917,0.013433049067767914,3
12.99,-0.0031276659609776204,-0.0004718417276524155,-0.01677246112999848,0.017068110069270177,3
13.0,0.002553935841272909,-0.009473213817489147,-0.0026979279043067824,0.010175617096276906,3
13.01,0.004773109024849682,0.011188564309336617,0.00482635380690719,0.013086643272310518,3
13.02,0.007958572219518624,0.0015923581402804716,-0.0005039129642491697,0.008131937315040584,3
13.03,0.01421003191236707,0.0007366613180075747,0.004755685794160027,0.01500280721134264,3
13.04,0.01718859169394445,0.012592771688297477,0.02138839699970668,0.030190877917539667,3
13.05,-0.00047683275610750555,0.004966587616095076,-0.002751859512088199,0.005697990242174547,3
13.06,-0.015061174995649245,-0.005772503641120764,-0.013268608301193027,0.020885802756581105,3
13.07,0.0021876414226671952,0.011828392256997576,0.006479932926959202,0.013663314719256804,3
13.08,-0.005417447610402772,-0.008872593078587213,-0.010853242311454254,0.015028789546094299,3
13.09,-0.002399254446847146,-0.014635253557417781,0.0031357490236788065,0.015158495655246539,3
13.1,0.0068251436699954355,0.00215642205276931,0.006576298643496075,0.009720105248102866,3
13.11,-0.011253106873672949,-0.030494810283867423,0.005892360929733122,0.033034614964997204,3
13.12,0.01251427008698876,0.0020908677809518827,0.008119271929926706,0.015063242033493986,3
13.13,-0.01996471166154766,-0.016654016805932016,-0.010388240784626995,0.0279975272854656,3
13.14,0.008224808808440945,0.0018102467785256378,0.003525947014625688,0.009129993191920682,3
13.15,-0.005928427348728246,-7.327092359921388e-05,0.010161182333395318,0.011764405886822302,3
13.16,0.006804067156938475,0.0045925282208388275,0.0034391056389127474,0.00890022993696968,3
13.17,0.009910268553359289,0.010517336377954075,0.0031771050989199473,0.014796005680463943,3
13.18,0.003071257183000396,0.004398382422008648,0.0009907037770577603,0.0054552619174740545,3
13.19,0.000241910835250006,-0.01170609426128034,0.002963187631845843,0.012077733423441506,3
13.2,-0.0023188540610793486,0.0031885763663990355,-0.003302794163785602,0.005143204515599092,3
13.21,0.010544521999833844,0.0030636122814045926,-0.0014557305952269855,0.011076633783854773,3
13.22,0.013295258455930915,0.011028061369404152,0.001954704064721426,0.017383984093354007,3
13.23,0.025599173958648178,0.021613390860909493,0.006209656054460503,0.034073687798450505,3
13.24,-0.0015896721620623222,-0.007475605459371191,-0.0016362403711095237,0.007815946335477546,3
13.25,-0.019349388213583764,-0.019072810156419564,-0.012389695885826078,0.029860935612369067,3
13.26,0.0024228087484053427,0.0019660642143869544,1.3971087416597607e-05,0.003120193250060973,3
13.27,-0.026146983524146558,-0.022154976659874696,-0.012675165987086734,0.03653994486875677,3
13.28,0.012395824107133723,0.022435696745683652,0.007158186172351716,0.026613090257189692,3
13.29,0.0013384729388547442,0.0010180504043030068,-0.005176337098230775,0.005442646616148082,3
13.3,-0.02008952257734872,-0.02336139669602643,0.00117698513616127,0.03083389477483607,3
13.31,-0.02651623414159934,-0.0018829451940544362,-0.004459963163231642,0.02695454371851459,3
13.32,-0.016666339349624845,-0.008856568427592668,-0.004262736109191265,0.019348813678520135,3
13.33,0.0017929645818463335,0.0009575263194889904,0.005223823331753256,0.005605346451883168,3
13.34,-0.011652993034440088,0.003985825589726561,-0.012057565127827196,0.01723554261125024,3
13.35,0.008875803895948583,0.008678144212548547,0.0004910597633113953,0.012423011771075052,3
13.36,0.013593197412173276,0.008861587637560139,0.003278623357666571,0.01655451969904019,3
13.37,-0.0023524285176358475,-0.01444068406349194,-0.00958456591425206,0.017490888482773505,3
13.38,0.016871786943792124,-0.006517935706750536,0.005324102621148427,0.018854356241319075,3
13.39,0.021959204653587625,0.025135127891208527,0.02351384645210288,0.04082746989587555,3
13.4,0.014771349560997982,0.012734360266664432,0.0072874555135394245,0.02081979123613427,3
13.41,0.014322072893676492,0.008417128495013769,0.01563154035469313,0.022810411612545607,3
13.42,0.00012347213483963632,-0.0010421208822164391,0.008837943976682906,0.008900028934572016,3
13.43,0.029709895327015068,0.02324940204702467,0.00770834931661832,0.038504950656680456,3
13.44,-0.008453559106020513,-0.0008391406097145301,-0.0035864264327040278,0.009221131876242338,3
13.45,-0.004298080019254489,-0.009230886914188566,-0.00431515108045339,0.01105908196558785,3
13.46,0.009870223557167134,0.008452543020399262,0.010032693570662278,0.016417117190998105,3
13.47,-0.008186043312865267,-0.0015195475486682788,-0.000861989955969293,0.008370385687467567,3
13.48,-0.009221578451453522,-0.010465511030973745,0.005844868645212058,0.015123720433660762,3
13.49,-0.023393762405190116,-0.03417948636007696,-0.009289578219280316,0.042447634454717276,3
13.5,-0.013490573944970339,-0.015602749851707669,-0.001112231384359951,0.020656196333111075,3
13.51,0.021025973191490716,0.004290712818800661,0.005600681367450717,0.022178128796686528,3
13.52,-0.011633590306753584,0.0013382654865456024,-0.014028914506578671,0.018274075083865766,3
13.53,0.009324372764747037,-0.0011711929028672304,0.008222412692678292,0.01248694080871692,3
13.54,-0.010175315640329544,-0.015097985873686902,-0.0036886563099412825,0.01857666308019968,3
13.55,-0.014756759249305838,-0.015515954421670464,-0.0033186678360694654,0.021668418063243346,3
13.56,-0.008924649307383311,0.0004337381859844955,0.004476714681905348,0.009993921573483826,3
13.57,0.011487568631592712,0.015073951516681902,0.007188619133519035,0.020269792609684624,3
13.58,-0.021300757012596937,-0.021351481087274544,-0.004608140100096142,0.03050971892876193,3
13.59,0.02700689372422467,0.015299218435225866,0.01828325840993481,0.03602382449775111,3
13.6,0.013346550648422127,0.00793351445126014,0.0051211868673370535,0.016349239147111283,3
13.61,0.00351383032092884,0.013587218771823756,-0.002017365257115755,0.014178479469191908,3
13.62,-0.0018671477651890237,-0.01772323405363051,0.011030432053765443,0.020958761828637557,3
13.63,0.00035726197361184327,-0.011109198744703702,0.002476778472356872,0.011387553050073829,3
13.64,0.01878826898297932,0.03260005906632519,0.010177624035469804,0.03897880107843296,3
13.65,-0.01604041340611421,-0.0018061532597979744,-0.013117392396656359,0.02079959218650177,3
13.66,-0.00011795948391219726,-0.01200556833978192,0.0014300198550355684,0.01209101080914308,3
13.67,0.011693288132485274,0.03327077258734058,0.007196033889722766,0.03599250199208014,3
13.68,-0.028397966334022924,-0.014773579779798303,-0.018397181881906595,0.03692098932334177,3
13.69,-0.01348617511444444,-0.008535252978045664,-0.0016362966443104823,0.016043843969724948,3
13.7,-0.025430847982586036,-0.005981190371147456,-0.012977063286106264,0.029170307487253445,3
13.71,-0.02339964856422998,-0.023372764749605923,-0.02379053468278452,0.040740879046268316,3
13.72,-0.00528181577678608,-0.007581692589794128,-0.005519559186410451,0.010763139599500395,3
13.73,0.0006772998389164581,0.0010871736461502525,0.006115389300099263,0.006248093141147021,3
13.74,-0.010621129747971761,-0.0033961569797115185,-0.010166747467394332,0.015089898389978079,3
13.75,-0.02176771087543529,-0.012537141356929385,0.00471484711004601,0.025558617596248865,3
13.76,-0.011895667991869696,-0.0066859877604400165,-0.0024865555531370354,0.013870555425951173,3
13.77,0.005661599465036545,0.0007944718729852398,0.015966052641914717,0.01695876561026358,3
13.78,0.0027946801725262033,0.004778892370466699,-0.00535576380568091,0.007702743374763149,3
13.79,-0.00890890909603181,-0.004084650795954355,-0.01126937874590515,0.01493492319112849,3
13.8,0.0009558266906938397,0.0005872549692094863,-0.0010052646430082643,0.0015063299983690509,3
13.81,0.017108935534550805,0.00985610724090616,8.920415615808457e-05,0.019745036906806072,3
13.82,0.010399801420228217,0.0031252291201459602,0.0019422454254593665,0.011031556731772129,3
13.83,-0.005040240580636031,-0.015239641288751262,0.007259561499737079,0.017616808022140884,3
13.84,0.00940470721240733,0.01797410432715947,0.002384707098301067,0.02042556662762154,3
13.85,-0.002140808074306523,0.004501045135247462,-0.010512722792272979,0.011634423364641955,3
13.86,-0.005303840078704492,0.004342209330101987,-0.000577693527102504,0.0068788975321742475,3
13.87,0.0016558492854757102,-0.00811027416454022,0.008681380926912162,0.01199519731719213,3
13.88,-0.015488535310471264,-0.014840894549818441,-0.018194266708020913,0.02812789039628006,3
13.89,-0.00976869155954492,-0.007399435568484481,-0.012499569368519925,0.017504805509234285,3
13.9,0.006311877387259405,0.007277009719693358,0.0031755639776639543,0.010142922319950258,3
13.91,0.02218153668571648,0.009371713506144786,0.002797676704116508,0.02424204155432869,3
13.92,-0.028540457906722452,-0.00610610060798342,-0.013847966621815512,0.032304928133632,3
13.93,-0.018320694470244068,-0.0057843935423954615,0.0003992654810604252,0.01921630733126696,3
13.94,0.006678496772397142,0.0061243262924601865,0.0007401387330162892,0.009091616853978676,3
13.95,-0.020427820681416048,-0.01187426709589853,-0.0064459927646574895,0.024491731249114353,3
13.96,-0.004886302099978024,-0.005187797974058965,0.0009771620043958055,0.007193333136643594,3
13.97,0.020524978915104474,0.008915806389403723,0.00447652086009556,0.022821165659310354,3
13.98,-0.0073689395334500946,-0.02444579498165742,-0.00964646107619669,0.027293815662663375,3
13.99,0.0006329108195660504,0.007453318026889882,0.0062540913050743545,0.009750188909333608,3
14.0,-0.009850367477528273,-0.006426988005264779,-0.0041383211026475505,0.012468424752581302,3
14.01,0.015282196907550819,0.020165695467667118,0.008130722363650764,0.02657648325438519,3
14.02,-0.013612434581801384,-0.004875155667106308,-0.006338779775520897,0.015787515544407035,3
14.03,-0.00034466434067063727,-0.00046828146640894686,-0.0009233566405253024,0.0010911775864240482,3
14.04,-0.00824351339343491,-0.0050482697644507815,-0.0025467331548665144,0.009996318844680028,3
14.05,0.0021859543869899877,-0.004354821926945539,-0.00572019950041106,0.00751422337450181,3
14.06,0.026475173497564897,0.008973411371402451,0.014250738965983235,0.03137738810741216,3
14.07,0.006626383153666385,-0.0032801491934969906,-0.0030285120874910657,0.007990007377648165,3
14.08,0.002463299754644677,-0.0059577091202376534,0.015064222266537126,0.016385754060714703,3
14.09,0.0007881882535013701,-0.0010010678965546665,0.004029545078579561,0.004226181633197357,3
14.1,-0.005144205872905654,0.0026630045530821192,-0.0006215743579848219,0.005825873496316012,3
14.11,0.008870909660204207,0.011687012158996282,-0.002400765318786304,0.014867513763905462,3
14.12,0.0016729630985288834,-0.01097595872931445,0.007377605814017189,0.013330399210213987,3
14.13,-0.02361373136991968,-0.009647218477624262,-0.01347075443295177,0.028846808463998813,3
14.14,0.0040352421310667725,0.003958029839692439,0.0054453492326290796,0.007848630933705966,3
14.15,-0.0038090571660149386,0.0029373998972428094,-0.005724416861340264,0.007477043737513413,3
14.16,0.00045746301257949557,0.004436533817383092,-0.011282706857051883,0.012132253654734871,3
14.17,-0.027027208560246273,-0.03231326524267192,-0.002913976276862573,0.04222686787987521,3
14.18,-0.000561159273755717,0.0011926276924929659,0.003222411546599253,0.003481550907150336,3
14.19,0.00016176705318348946,0.011884659967314653,-0.0022779771626758225,0.012102086228079015,3
14.2,-0.004253076990651782,-0.01247189652863348,0.009883577346899078,0.016471853814355206,3
14.21,0.018806393760636822,0.005769760987167393,0.008351510336939389,0.021370968930705128,3
14.22,-0.012370671174600278,-0.024573074688861024,0.0016895598834384433,0.027563093396318076,3
14.23,0.04425443192338756,0.027374493770646012,0.010113702850607555,0.05301042010219564,3
14.24,-0.005527744811404443,-0.01564343438303952,-0.004456217407432966,0.017179373550242755,3
14.25,0.012767226105337256,0.002052413547442653,0.003993981476751279,0.013533896402409897,3
14.26,0.008293394949244956,0.0077767965915861055,-0.0021894387181673252,0.01157810895231502,3
14.27,0.017818502381377613,0.018998712325061926,0.0027103578212894826,0.0261877096487082,3
14.28,0.021587399157654046,-0.00040987863997258775,0.010605507406375711,0.02405536510298853,3
14.29,-0.006093752493508992,-0.007944620363427852,-0.0037885951464441464,0.01070533817096871,3
14.3,-0.0010878032272970753,-0.0026250109651079273,-0.0016663961000509611,0.0032940665431226246,3
14.31,-0.010360082635596641,-0.008291210351756456,-0.00772626445974924,0.015354824773192582,3
14.32,-0.01839932653085166,-0.006484197774949658,-0.002157152700713384,0.01962736215969326,3
14.33,-0.007334840804015669,0.0012815440294334972,-0.010770282428393075,0.013093556747766532,3
14.34,-0.008316380870883964,0.0012647014654218183,-0.0034194817421639642,0.009080446903717763,3
14.35,-0.007379961876832437,-0.003223482348081428,-0.006026380364340715,0.010058426121794804,3
14.36,-0.010896243489633481,-0.009636770143974007,-0.008086757264533107,0.016643049721990492,3
14.37,-0.0005406823967817331,-0.004453742505038686,-0.013314716787427724,0.014050261310195891,3
14.38,0.006908545838313576,0.009664460632696445,0.0028664741811746403,0.012220739713796381,3
14.39,-0.014569569962588078,-0.01693659514691285,-0.01023977892607607,0.024575876312353386,3
14.4,0.009688330457968311,9.67262335027268e-05,0.006020598599253519,0.01140704652924575,3
14.41,0.023200515739755876,0.020231808957563616,0.028879045818712645,0.04220887716683915,3
14.42,-0.00907310979095724,-0.0003701430629796153,-0.0030477496651901827,0.009578470921159751,3
14.43,0.009300761036237665,0.006523256982705494,0.006976101558056379,0.0133312801509806,3
14.44,0.013432085853872663,0.014480883957067581,0.0013436249533792018,0.019797026508524117,3
14.45,0.017191237102758414,0.00989262077493477,0.008779730507699795,0.021690694933721305,3
14.46,0.01765649110255697,0.011168630728102917,0.007270173409118134,0.022121153039433693,3
14.47,0.01983371663603729,0.01681702164940581,0.003966852361714572,0.026304456854587332,3
14.48,0.005008113184635144,-0.0027693868997001347,-0.0032093945346027587,0.006561319589006859,3
14.49,-0.010900980378800598,-0.0018850038133234196,-0.0020598294234058087,0.011252888955675684,3
14.5,-0.005635411923783368,-0.005878474703719282,-0.0065740702161069635,0.01046578862768076,3
14.51,0.013695156984787312,0.008166958372436552,0.0005067957106224298,0.015953475351389284,3
14.52,-0.016138293043413663,-0.01059144746773859,0.0006483221838699919,0.01931433621616487,3
14.53,-0.0008075788081613484,0.006084141865889079,0.008812205749621967,0.010738898265153927,3
14.54,0.0022926042528849753,-0.01604188469432,-0.004544378494572891,0.016830017073911158,3
14.55,-0.0006085279235329725,-0.010565780190871931,0.006069685976801812,0.012200291190480892,3
14.56,0.0038145889224465305,0.010882904370904667,-0.008120604833995161,0.014104358158505947,3
14.57,-0.006439669347109111,-0.0005988928696106883,-0.008610248038605332,0.010768676114345448,3
14.58,-0.005447705007527935,-0.007338103452023237,-0.009742893350313225,0.013358488797660382,3
14.59,0.01977163655565332,0.014384537609989458,0.005886880546806246,0.025149312056484043,3
14.6,0.024043578764660657,0.021606617537421893,0.010808694581050193,0.034084710351817454,3
14.61,0.020091238310642707,0.02648826102777809,0.0014976934867903004,0.033279557011942316,3
14.62,0.0114371985691685,0.004650264905275739,0.002522626927111287,0.012601512663693042,3
14.63,-0.0003916460687039148,0.010262896259807395,-0.00586470304416479,0.011826883278317055,3
14.64,0.009243163975434135,0.01101302125364598,0.005551550858211449,0.015412411697762609,3
14.65,0.006447779227198368,-0.0028763851994714797,0.0035989235163408884,0.007924626127136902,3
14.66,0.020879448791109714,0.009754523707845054,0.017719059321974172,0.0290700391785619,3
14.67,0.011332031415805768,0.017607944587460914,-0.0054053478786903995,0.021625735462489262,3
14.68,0.012027539768364848,0.01973542650048802,0.01219370777210198,0.026131117107142263,3
14.69,0.002543199202578146,0.0013879299093692422,0.007952091780915351,0.008463449374186468,3
14.7,-0.029337593186212256,-0.011733937803281917,-0.016450576706224303,0.03562304232232764,3
14.71,0.013945557842824509,0.01259623397785722,0.004043171086061892,0.019222146768861584,3
14.72,-0.004813006223930045,-0.0039036979555389234,-0.0002132085515958442,0.006200753545025131,3
14.73,0.005706633468574633,0.005511586427603682,0.008590304582117512,0.011693441893093341,3
14.74,-0.01130523219650558,-0.019068718646686127,-0.017424570503064715,0.028196453022670324,3
14.75,0.011539755216833102,0.005909397664661777,0.002401287099893069,0.013185336967997813,3
14.76,-0.014307710211670417,-0.014220995067789947,-0.003845103033796782,0.02053611671080385,3
14.77,-0.007990286540301723,0.002422981227614267,-0.003201114500128541,0.00894218379750893,3
14.78,-0.0055483059745410025,-0.0018900472504146874,-0.0023640670508629892,0.006320189144076586,3
14.79,-0.021922360332357175,-0.01724072089627625,-0.019658381700197083,0.03412161061022248,3
14.8,0.003366123720422072,0.011262362998080217,-0.0014926415467285512,0.011849033209031645,3
14.81,0.010774304450930878,-0.004550637437911647,0.0024894091044067937,0.011957888408150305,3
14.82,0.008209920515954401,-0.0018809286785383848,-0.0016602829512154227,0.008584708908875928,3
14.83,0.03302340852042769,0.033228621288917314,0.021507630580702604,0.05154866590189623,3
14.84,-0.00391026816705954,0.002396814730101159,-0.004013306825106983,0.006094386733806722,3
14.85,-0.012958453993696873,-0.021741219694639366,-0.010979163565434439,0.027588841880620798,3
14.86,-0.006302887014672272,-0.002667027778500809,0.008915103533122188,0.011239150007776701,3
14.87,0.008532183955510003,-0.004162782876393118,0.006519699937540069,0.011516658004916793,3
14.88,0.02075947234774117,0.011122741117579892,0.010300224375299696,0.025705362948358672,3
14.89,0.006740269256119466,0.008380418434231136,0.002239782616845532,0.010985411642196833,3
14.9,-0.003420477016496752,-0.0026659711657235127,-0.005588376094843682,0.0070736845175814874,3
14.91,0.01809026483792628,0.012111703320491676,0.003105019101972856,0.02199072947524791,3
14.92,-0.0036483995431066934,-0.009140444221703715,-0.008683359666949352,0.013124758089268568,3
14.93,-0.02092552464990829,-0.00541772947953682,-0.011428704210020995,0.024450862040171783,3
14.94,0.005766072438594507,0.008009489404065817,-0.006501395359884771,0.011818107018744289,3
14.95,0.00030700228982245663,-0.006225868822262382,0.005538021309698054,0.008338187634291085,3
14.96,-0.005125573216513926,-0.0026092514121468574,-0.006350597867759907,0.008567951155768336,3
14.97,0.011661518714234017,0.0056843263354728986,0.010385861776374735,0.01661832450786007,3
14.98,-0.008163845044510915,-0.010097971900715406,-0.008688885087904523,0.015624152024645463,3
14.99,-0.002042115496836256,-0.0002745358386095312,0.0013977795945454366,0.0024898581132320437,3
15.0,-0.015109490466295013,0.0027997871564629066,-0.01523304030113674,0.02163749123832545,3
15.01,-0.009539316653809195,-0.013614212219017307,-0.008129810837754214,0.018505111748480404,3
15.02,-0.004372904215588683,0.0014379378670484181,-0.00509896682112336,0.006869455526540796,3
15.03,0.01191823294366455,0.015184576446774976,0.0068592682010526936,0.020485731586188886,3
15.04,-0.0025502444475091904,0.0021191657365724017,-0.008694476286700094,0.009305295699820837,3
15.05,0.005862524901006549,0.011405846324007238,0.011337399938344268,0.017117218405563444,3
15.06,0.0051690289765877525,0.0030698098997107874,0.0021817290620091173,0.006395508977492047,3
15.07,0.007324588905513779,0.009058936250497158,0.002899358115028249,0.012005007542876731,3
15.08,-0.0018228989100009313,-0.000293526472471289,-0.009552749792148943,0.009729550185775584,3
15.09,0.003591763810484751,-0.007751572335157591,0.003440879931961024,0.009210173486078345,3
15.1,-0.009577456322095678,-0.015031812098978563,0.002257335014753936,0.01796604035255078,3
15.11,0.0015692340164014198,0.009536996793089654,-0.004897059648388924,0.010835035598903803,3
15.12,-0.0006858059429506655,-0.004153171551360835,-0.003941651130743191,0.00576678223647369,3
15.13,-0.0018381493222468,-0.0038839030553612904,-0.00241124169555551,0.004927228672256499,3
15.14,0.0018877839388184506,0.007444119453625246,-0.0010901403822597766,0.007756742144259807,3
15.15,0.015205408350601959,0.00965954995263287,0.0011036620125660602,0.01804797546080853,3
15.16,-0.027500713886987684,-0.013565280898799197,-0.010001175646018844,0.03225414119860896,3
15.17,-0.012450237981669485,-0.00956919242767445,0.001424048607420298,0.01576723767672585,3
15.18,-0.01863492270794842,-0.021284058331917315,-0.008827332920162257,0.029634326209499868,3
15.19,-0.002921890060859081,0.006088878413551992,-0.006745759843966637,0.009545530772840203,3
15.2,0.0034522686080911205,-0.004171045008472323,-0.0051642762202524905,0.007482347484859189,3
15.21,-0.017527003545196825,-0.002176906761896658,0.006636033566854646,0.01886721277305567,3
15.22,0.003194329069405345,0.006819291815050912,-0.0012131468321478864,0.007627463818256946,3
15.23,0.01216165300056462,0.0043376567485667915,0.008480766294599405,0.015448121786098877,3
15.24,0.009116634579871212,0.011137314716643521,-0.005894672028352187,0.015553133558299613,3
15.25,0.001840713903588283,-0.0024259299924404495,-0.0037166019577065546,0.004804840696122352,3
15.26,0.015347106126207325,0.004627503936897112,0.013363141908111546,0.020869140394165635,3
15.27,0.00486282735231202,0.005097548563577807,-0.003108155308316332,0.0077001766627164524,3
15.28,0.01875962686954457,0.019356058665516023,0.003475062777832197,0.027178238880716892,3
15.29,0.011380734891663441,0.010183972502389662,0.00726325237187468,0.01691121691722088,3
15.3,0.0034986664268308204,-0.003444007561539,-0.002392646107637609,0.005461374391722687,3
15.31,-0.01124908467892485,-0.018655389092679952,-0.0018097363821655858,0.021859565276689235,3
15.32,0.0017913740427222171,-0.00015490157115221844,-0.0031759574674468877,0.003649619335316495,3
15.33,-0.013678373739963704,-0.01833388553615301,-0.006779008013819708,0.023857581953633123,3
15.34,-0.01619313620490801,-0.012125228569623971,-0.0034002523444594725,0.020513423508091724,3
15.35,-0.009370064805732605,-0.006832936180047443,-0.006984771321300237,0.013537878774575005,3
15.36,-0.00768127821903097,0.00031959767386654896,-0.011003015330274282,0.013422761418931329,3
15.37,-0.022063571632801017,-0.010276980202462576,-0.012559410074669842,0.02738898130090398,3
15.38,-0.00997592767936514,0.0008768137788460273,-0.010464142655538099,0.014483998653070557,3
15.39,-0.010384620570639073,-0.007410830930225481,-0.007651895937137434,0.014876567846963467,3
15.4,-0.013586862071622165,-0.012724962057255724,-0.006082730460421803,0.01958384768542755,3
15.41,-0.007747865171769678,-0.0019099701651081112,-0.0034604751828116336,0.008697832445062385,3
15.42,0.005211720577709387,0.0070354235364300036,0.007764926328268458,0.011702704670310593,3
15.43,-0.004803641880578447,-0.0003304839577904996,-0.006868469057437699,0.008388090495230916,3
15.44,0.00921181389818055,0.021727930845429053,0.00401730852108775,0.023939491679483584,3
15.45,0.0034615120491577446,0.007740165827547628,0.009759566336614777,0.012928316510017253,3
15.46,0.018423541871660926,0.022363913151649498,0.010233627413036798,0.03072944250357014,3
15.47,0.017164822465299687,0.003342742659397142,0.013385665125646942,0.022022286203030126,3
15.48,0.005424849517358707,-0.003992692528430085,0.0020983838542255255,0.0070550549758483655,3
15.49,-0.00036642257477521173,-0.006449792756238803,0.00465464425953858,0.007962399467785505,3
15.5,0.01274550240530702,0.009043209149739547,0.004627970729463627,0.016298637254764343,3
15.51,-0.0008745144520386876,-0.0017556133129839053,-0.008854781617162773,0.009069405224114457,3
15.52,-0.015381950266053546,-0.008658592631585383,-0.0030504333424695483,0.017913145003709968,3
15.53,0.009946031119596856,0.020183122477284425,0.0066836908563786546,0.023472402762152247,3
15.54,-0.008633627349478883,-0.00676065167391599,-0.0036533868986366015,0.011558251082963305,3
15.55,-0.028419152930151917,-0.016020933222707576,-0.0184756580950684,0.037492245820165054,3
15.56,-0.006460812018101133,-0.0039093662923372985,0.006422704616300253,0.009913443969133415,3
15.57,0.004224135362500554,0.011615173461759538,0.006665405546746323,0.014042193746352006,3
15.58,-0.014915047025438305,-0.00534250009365358,-0.01051980934974877,0.019017553043879913,3
15.59,-0.012135686293076282,-0.008896117751707618,0.0030684029757747037,0.015356786437205866,3
15.6,-0.0013756847730648008,0.006727099051398738,0.007588103887795062,0.01023355709683308,3
15.61,-0.011553807057711933,-0.0032044762774200318,-0.006415646563286689,0.013598516336880069,3
15.62,-0.00552223648115714,0.00304448064800372,-0.007623840148673429,0.009893780712266511,3
15.63,0.00866927503114116,0.006424787915561772,0.0067276805225468545,0.012715970845317805,3
15.64,0.008450708752440668,0.011234054432215708,0.0026295542584839427,0.014301503872071419,3
15.65,0.005398828236578966,0.001961688248405362,0.018581814485450446,0.019449406075346107,3
15.66,-0.015200243129447205,-0.018776952805767536,-0.013032269507137727,0.027449251289807523,3
15.67,0.013498382270851705,0.005782018100882221,0.015462460659921497,0.021324299447076644,3
15.68,0.0028452005561035694,0.006890240677889721,-0.0011643856320049286,0.0075449570378974175,3
15.69,0.013873846448249658,0.013984939098388015,0.004839696883762313,0.020285088187679396,3
15.7,-0.010516823930817851,-0.012852299101469894,-0.009783239589120384,0.019274256266938013,3
15.71,0.01792932959129824,0.023559496643637032,0.008779732198974995,0.030880324466894215,3
15.72,-0.005021875427469212,-0.011462450734684165,-0.007499748679113745,0.014589490734907406,3
15.73,0.008164800163706373,0.007034112316085719,0.002281598683952532,0.011015824542138565,3
15.74,0.011848945518590441,0.004985597321422451,-0.0022441524637499743,0.013049517647578179,3
15.75,0.0029380475309412468,0.003617020418729894,-0.010663549520728696,0.011637278392502781,3
15.76,0.0006404068926322065,-0.009562786129890427,-0.001081576799780497,0.009645040587160793,3
15.77,-0.004815667729579714,-0.01670517207212764,0.005648620501698237,0.01828005315127159,3
15.78,-0.021861193784412324,-0.02017408862154086,-0.00837184056014181,0.030902966843878405,3
15.79,0.007985846281298867,0.011023457363790665,0.002539077992258671,0.013846922767554455,3
15.8,0.005247990745780409,0.00517343593806505,0.01800901885495079,0.01945843278352686,3
15.81,-0.011752858654153334,-0.019064623396804547,-0.01925493823373741,0.029535439698632166,3
15.82,-0.046912271758953905,-0.025095787081250057,-0.019458158804063562,0.05664962237171169,3
15.83,0.008211018011348426,0.007516338326390797,-0.0016232967101420192,0.011249500025717472,3
15.84,-0.023460669524060132,-0.010393669703435835,-0.010340240901500031,0.02766499532482046,3
15.85,0.007177773714760563,0.0023191169044109584,-0.0015249323100096435,0.007695723310173233,3
15.86,-0.005619086134614697,-0.01827407848742912,-0.00661320876147908,0.02022994324450374,3
15.87,0.010936287603714158,0.019555468142967252,0.00650839060455314,0.02333190667526327,3
15.88,-0.005333585919453642,-0.0051035971788071285,-0.0035676817423800477,0.008198914314629355,3
15.89,0.0077904904648999525,0.013361049771011681,-0.0009273819076770595,0.015494174062202708,3
15.9,-0.012481855931019992,-0.01181167456466227,-0.01373286409974272,0.02199781670726054,3
15.91,0.007723859954027781,0.006149700071759167,0.008000023478821906,0.012707367910929883,3
15.92,0.006351923980095569,-0.008568981231953958,0.0013750730290575921,0.010754775843211885,3
15.93,0.01330523115790207,0.0026921294588600226,-0.0014644616779970138,0.013653621687845018,3
15.94,-0.0031909164620964243,0.00962361069537108,-0.011691710130944933,0.015475526371344497,3
15.95,0.003573931614674504,0.00948530944855374,0.003193602713180173,0.010627472926845051,3
15.96,-0.0069674095862966925,0.004597553375527983,-0.0050710537177803,0.009767183790257108,3
15.97,0.0010469518853373364,0.004624485610378162,0.0014172132347213616,0.004948784574365253,3
15.98,-0.0014915962700037932,0.0009654094480989076,0.01447847488788814,0.014587087094906075,3
15.99,0.0031414806529379844,0.009836992594087062,0.006193872262421955,0.012041568734683511,3
16.0,-0.022044810566745243,-0.008112808964027683,-0.010197655456965911,0.025608270520077636,3
16.01,-0.008906142278806638,-0.003817443725299122,-0.014155123828833792,0.017154001792462042,3
16.02,-0.003533067053033192,-0.001706577311244782,0.008112414865801349,0.009011450708701614,3
16.03,0.01639191639808984,0.019138074441381672,0.007771789803772132,0.026369708630924412,3
16.04,0.020342956200121713,0.005950913166630784,0.023778031499548605,0.031853477305788386,3
16.05,-0.017459209269655496,-0.014625767413871255,-0.012782127563156304,0.02611742418017295,3
16.06,-0.006117604692537899,-0.015440356205986681,-0.01053743224505611,0.01966893909851422,3
16.07,-0.026432202639882912,-0.026115008211470996,-0.0033212588939160095,0.03730530459494262,3
16.08,0.03187939293006809,0.023996647581373,0.015800743650015322,0.042916177469898106,3
16.09,0.010806537041979552,0.013760347787715416,0.012303130780118654,0.02138914306537931,3
16.1,0.01480080646951322,0.024962861982365504,-0.0007074209240819267,0.02902944702991158,3
16.11,0.004167939170998128,0.0020192329826718277,-0.005567979552327176,0.0072423349181451055,3
16.12,0.007323788607353984,0.0018992879727616923,-0.0028838993490578405,0.008097039571607728,3
16.13,0.019662444710435593,0.013174090218942357,-0.007833262350775933,0.024930470997232543,3
16.14,-0.008255981840341778,-0.0038432496890639383,-0.006853203883382607,0.011397289493022178,3
16.15,-0.011451602151097733,0.006402563810445993,-0.016392877415562224,0.02099662937558095,3
16.16,-0.0031823725562502617,-0.002160151377293563,-0.0009808516277071352,0.00396936002085649,3
16.17,-0.0025394161421500917,-0.01053119225261494,-0.0017218720816560644,0.010969024025415205,3
16.18,0.0018823330638508325,0.00440764578602802,-0.004528869863861483,0.006594026189070632,3
16.19,-0.006237412998899676,-0.0036887445524288955,0.00025393611272097336,0.007250975164849231,3
16.2,-0.017717277144968627,-0.012703377048721114,-0.007019605500794597,0.022903112436094525,3
16.21,-0.012566382597634145,-0.010935630013878438,0.0023191208059678914,0.016819045653759145,3
16.22,-0.005569076742875365,0.012668930541257374,0.008576875428248355,0.016281253297548363,3
16.23,0.0012357493072260757,-0.0031719066404655672,0.0013524334622506279,0.003662942035571203,3
16.24,0.006908393784535037,-0.007445067006470448,0.005702576350079131,0.01164793133743151,3
16.25,-0.0063123046482912145,-0.009216162579481924,0.000661858772801211,0.011190214461725733,3
16.26,-0.00916636582422253,-0.010337394496509958,0.00743603476717112,0.015690079682988446,3
16.27,-0.009052623518273758,-0.016463792689530198,-0.012528634562924499,0.022582585022506558,3
16.28,0.017971908687725805,0.01106974554251237,0.004672879899087979,0.021618616394377028,3
16.29,0.0006211447612851561,0.01334084922741476,-0.007998407918900366,0.015567228660240495,3
16.3,-0.0019517219074449551,-0.011531405405917338,-0.004654538331551587,0.012587583410627443,3
16.31,0.00992164224436475,-0.004139985184760597,0.0021422753234168917,0.010962107722355285,3
16.32,0.027274019726829177,0.025056972741580513,0.007011167802926264,0.037694568693547426,3
16.33,-0.003918542600179091,-0.004349249215317173,0.0007404144744746547,0.005900776087970712,3
16.34,0.012890485532688747,0.005970158754837111,0.008816068710612468,0.01671916506099082,3
16.35,-0.0015669748022446987,0.007543173062597374,-0.0007515484772913047,0.007740781291115473,3
16.36,0.0029707803065759713,-0.0023557575900071924,0.003273629623722343,0.005009169628404354,3
16.37,0.008968282013937467,-0.00624692008927808,0.014682290744515537,0.018303654126699043,3
16.38,0.011492385180522327,0.01444995514179272,0.0073290664989972875,0.019864323207298945,3
16.39,-0.011508141980346984,-0.008541270382049243,-0.013176648998301121,0.01946830014160266,3
16.4,0.002264862426928041,0.0006716734379304029,-0.003742738328784787,0.004425927836949713,3
16.41,-0.004867271716733025,-0.019001881325340253,-0.007408078846151916,0.020967628861118925,3
16.42,-0.0031616809239717204,-0.01021741641772262,0.007069672544871001,0.012820768089699511,3
16.43,0.00727808672664942,0.0035023501402520803,0.000248864454939577,0.008080775731480649,3
16.44,-0.014948005646008941,-0.01898017847594273,-0.012906615874598012,0.027391071193112917,3
16.45,0.004587422909157851,0.010855477425802448,-0.004795192024617856,0.01272319557511129,3
16.46,-0.0006920563686267844,-0.000998920784680477,-0.003761742097070273,0.003953161817620701,3
16.47,0.01400100960808324,0.007879683959092809,0.0026083723013990267,0.016276403024118362,3
16.48,0.007103909034008451,0.012769089039544563,-0.0013880414326992254,0.01467793641770442,3
16.49,0.0025601658644889714,-0.002873996338816266,0.006399197302875192,0.00746753174284174,3
16.5,0.016622781549744687,0.014721239998740945,0.005722375680145401,0.02292983552003333,3
16.51,0.0005902569696051808,0.0004193920697104406,-0.00022032504301977156,0.0007568593811832965,3
16.52,0.003165481102835737,0.008931801035498795,0.005909049908816371,0.011167551709082447,3
16.53,-0.0011991116136336657,0.0026641757844377547,0.004396196800445512,0.0052784701932077835,3
16.54,-0.0005695438097567994,0.004615203168119001,-0.003926905317448577,0.006086465789475356,3
16.55,-0.02736233765927515,-0.023228084161225893,-0.005080560903580224,0.03624987606980427,3
16.56,-0.0026549798583399347,-0.006336227187042721,-0.001336567975522406,0.006998793250782747,3
16.57,0.00029052107079381175,-0.0005160977024502619,-0.003411885264076719,0.0034629063496250494,3
16.58,0.00788977317752314,0.01048882394234947,0.009017824128309988,0.015924355575516923,3
16.59,-0.014580427642089602,-0.00715524106464011,-0.00420779086545482,0.01677771882249574,3
16.6,-0.01151082367720795,-0.0018217974280623703,-0.0034174694624682033,0.012144838620729735,3
16.61,-0.009098243251469268,-0.013088792096884818,-0.006268041385605437,0.017128422333362845,3
16.62,0.0013579332712233775,-0.009685715572629134,0.0006016339393094838,0.009798930162007228,3
16.63,-0.005805066470217854,-0.00788540830276621,-0.006996679953438972,0.012034616370945798,3
16.64,-0.0028864959872281866,-0.007216128600346075,-0.0025717666160516434,0.008186473880032522,3
16.65,0.004457627219333721,-0.00441153408752893,-0.0005182331636803903,0.006292903864188041,3
16.66,0.001713665960289751,-0.00046758523226259866,0.002234142183827213,0.0028542386498753205,3
16.67,-0.009356385131850983,-0.016757728002073948,0.00501750713982539,0.019837811583569752,3
16.68,0.020792337068642672,0.010108850659120296,0.008299420726538827,0.024564008769346897,3
16.69,-0.020188669468307007,-0.021858385897400752,-0.004374072710458982,0.030074971671085936,3
16.7,0.015540941818606952,0.0015412308109916117,0.007792734517066886,0.0174534517008975,3
16.71,0.011738247441719384,-0.001620450360941118,0.012166913678861444,0.016983701034938514,3
16.72,0.02250079141178308,0.007912994094425332,0.02034380092308293,0.031349183812230445,3
16.73,0.005199077953109442,0.007764037155861221,-0.0007327927165992278,0.009372708769912952,3
16.74,0.001744442316906564,-0.0010390131634929094,-0.009460643632842592,0.009676073857643448,3
16.75,-0.006517903746553041,-0.003673467340692101,-0.01041054473698641,0.012820174463448502,3
16.76,-0.007656785131620287,-0.006998991325885675,0.002465815752177056,0.010662667839490683,3
16.77,0.0010377658547432978,0.005813246858840371,0.0023781826614996384,0.006366046636849752,3
16.78,-0.009401811576734776,-0.0025702041842656674,-0.010095691134891602,0.014032925210531469,3
16.79,-0.010236060913089696,-0.002920721136007021,0.0050086103748367096,0.011764086571328975,3
16.8,-0.01667005752059904,-0.013156303096798478,-0.009410740242209281,0.023228025331940017,3
16.81,0.006568759863326535,0.004308336212480471,0.0008025744076613842,0.007896486100896603,3
16.82,-0.015871991604979187,-0.020548046280049137,-0.008898855809312014,0.027446893415293782,3
16.83,-0.003091068393361575,-0.007782946925655617,0.006201529130885461,0.010420553258883719,3
16.84,-0.009420385710188023,-0.0007139048648691949,-0.008831635026171996,0.012932559851796806,3
16.85,-0.003020990323372362,-0.006537741036114192,0.006325319106813889,0.009585306577894406,3
16.86,-0.008961584748587433,-0.008316649086992409,-0.0006543152403796519,0.012243560825024705,3
16.87,0.005382618172044527,0.0085415851829012,0.0106157705938794,0.014650114031114431,3
16.88,0.005698687632382909,0.005868357515689411,0.007158421553989618,0.01086994295330226,3
16.89,0.015251663655415465,0.010708315231566666,0.008974518989601991,0.020683888668508406,3
16.9,-0.004855467561653811,-0.005381728110091747,0.0019929620951133265,0.0075173439861285175,3
16.91,-0.005028824694046249,0.0029307114290787633,-0.0017010724382679524,0.0060639751586081805,3
16.92,0.002059521545647966,-0.0038904665133819927,-0.003303805592872615,0.00550386137945272,3
16.93,0.009071120980523347,0.008857731801447572,0.008051781646997352,0.015019182274697578,3
16.94,0.014319401149296033,0.0077405865342703405,0.006012936067431256,0.017352732618236343,3
16.95,3.7611630017784364e-05,0.004282363673431921,0.007595169414595832,0.008719326333074932,3
16.96,0.008835747726747521,0.011134563783940087,0.011341802159992436,0.018184758034842347,3
16.97,0.0025404937670163146,0.002615094908028732,0.004646175284920686,0.005905910153097012,3
16.98,-0.0005944214407304447,0.007933277020381817,0.005682669327869242,0.009776653406008832,3
16.99,0.00012678233206231155,0.005577530161143585,0.0030159300207822913,0.006341983155799566,3
17.0,0.015854300610986995,0.008735028506915399,0.010147776338215207,0.020751793548766037,3
17.01,0.005135772828258982,0.005269010190558402,-0.0014868930618793528,0.007506629197526444,3
17.02,0.006437748447367899,0.0065182970076673435,0.004418836183687958,0.010171475515873928,3
17.03,-0.0030447513321235466,0.005417424721712584,0.0013015391897885707,0.006349252361691593,3
17.04,0.013166086312847509,-0.0024952320644341785,0.008132400511109568,0.015675074160138004,3
17.05,0.00285797550301386,0.010530505992239304,0.002923588171764569,0.011296324545023346,3
17.06,-0.02407068998238285,-0.029325438301888468,-0.009565498197651807,0.03912643867764013,3
17.07,0.0032519660314113963,0.005778574037559603,0.013951668210947883,0.015447208383568377,3
17.08,0.0005637672544326683,0.003841412075400417,0.001068483128278608,0.004026901593734161,3
17.09,0.006267219941207021,0.0027509891933523824,0.0072809093522089915,0.009992878880907588,3
17.1,-0.01679174131161875,-0.007121479033048252,-0.007365263521477742,0.019670412975717626,3
17.11,-0.014058808427391711,-0.019351635589333754,-0.0042769597378035365,0.02429872998696149,3
17.12,0.004345134664014913,-0.0033410973786949004,-0.0031027099875544223,0.006298407434361157,3
17.13,-0.014100660658034527,-0.01834970993345579,-0.00976082742879281,0.025116015562379374,3
17.14,0.016262082485014838,0.006080933672735177,0.004484530907465584,0.017931650747815858,3
17.15,0.009740881775393218,0.015064359683048614,-0.003899838499856265,0.018358334639814403,3
17.16,0.030763698052683974,0.03132902156303513,0.01469331584962658,0.04630125528137136,3
17.17,0.010639673611430915,0.006681686577280328,-0.0004531228807187629,0.012571909577300432,3
17.18,0.012669768202155473,0.010310925218023985,-0.0006331214052766355,0.016347447747640985,3
17.19,0.009096332057408285,0.021610675429513473,0.01713942548592475,0.029043492479486312,3
17.2,0.0007013428790277434,-0.002855025364062163,0.0073791885046994255,0.007943265993990718,3
17.21,-0.0011968194607539005,-0.0062454354019738315,0.011948273843939252,0.013535105763592325,3
17.22,-0.005416739989178581,0.0034820462624373157,-0.0026382554407801376,0.006958887127617897,3
17.23,-0.03508082486002622,-0.02877559944983613,-0.01735742287661724,0.04857962047479332,3
17.24,0.005905207013689825,-0.003620517262559117,0.005307833185051831,0.008726551910311284,3
17.25,0.005589955640743147,0.01084005411342111,0.0051060903458848474,0.013222198601885863,3
17.26,0.0026584390408061816,0.012697102431452455,-0.0005247746101737323,0.012983031105252785,3
17.27,-0.005655322103276077,-0.007915895098449543,-0.006758200261845097,0.011845561788309728,3
17.28,-0.006746322179110746,-0.005002315575107746,0.0008907924022416441,0.008445681450375603,3
17.29,-0.016679870489070096,-0.00459268377286867,-0.016645782534000425,0.0240081840200161,3
17.3,-0.015755242329330666,-0.01710566954720034,-0.003232104435931265,0.02347931197030093,3
17.31,-0.005455222040599074,0.0036665684962661808,-0.0038879757051001797,0.007636722276834401,3
17.32,0.006362891851105381,0.016033069208133497,0.00789593873837462,0.018970807824176247,3
17.33,0.010301559355515228,-0.002666830801340078,0.011438853867006094,0.015623107548400855,3
17.34,0.0010087681245493814,-0.010026305668776625,0.004256500426499777,0.010939022551107661,3
17.35,-0.007735935464952409,-0.018323793591319686,-0.010126682314339053,0.022319404198829863,3
17.36,-8.852451873042969e-05,-0.004212714621394753,-0.008702706625956751,0.009669121143578723,3
17.37,0.005765493440432021,-0.006033976234863207,-0.006538241263129005,0.010601810346796503,3
17.38,-0.012908104505971865,-0.00035982597455326733,-0.008493210828564652,0.015455848952661973,3
17.39,0.006134807659118398,-0.0034126685332514905,-0.005832933766212373,0.009127173048279686,3
17.4,0.021035126509373878,0.011475538459909536,0.009369170930820925,0.025728309197091955,3
17.41,-0.010351617587523993,-0.004369631137212155,-0.009867728045913196,0.014953986750754192,3
17.42,0.022381179130049805,0.009064127480657302,0.006783446190052069,0.02508168113285702,3
17.43,-0.01356673191097928,-0.009438601382005012,-0.00603773288971637,0.017595386589681208,3
17.44,-0.009385937548559122,-0.0014089736516389138,-0.0017717594527591686,0.009655058879929537,3
17.45,-0.0019036210688389583,0.02344206560039193,-0.005563220620275214,0.024168236105613115,3
17.46,-0.008552455133680897,-0.002963819580908709,-0.006337295252664755,0.011049435571161535,3
17.47,-0.027911006062069966,-0.03219080493459278,-0.010371957533771453,0.04385030997400438,3
17.48,-0.003449205917505015,0.0031034790959279107,-0.0022343417954007513,0.00514984341692908,3
17.49,-0.0038210129363233022,-0.00022361549504674007,-0.0025784643045328433,0.004615043002933457,3
17.5,-0.005779289617862553,-4.996753393399483e-05,0.0015454545789686516,0.005982567600724333,3
17.51,0.0006018523805531046,-0.00037043398712362756,-0.0050657315035186985,0.00511479064014702,3
17.52,0.007438529440447018,0.012233126718743235,0.008364934980791846,0.016581714229418554,3
17.53,-0.0063125733574765815,-0.0064318752839250155,0.010903468149761402,0.014145784522406312,3
17.54,0.012564607269173831,0.011238155473335057,0.0073784927129964956,0.018401294763879226,3
17.55,7.20521904160323e-05,0.0016739513255867925,-0.0026204130053751645,0.0031102843724194786,3
17.56,0.02638937515206726,0.01931162939653501,0.003221357358405237,0.03285902150241562,3
17.57,0.020307732789471518,0.011594743707896657,0.00618420932975048,0.024188562126231456,3
17.58,-0.0049810381556763235,0.005444646987255752,-4.331056471441755e-05,0.00737948492302494,3
17.59,0.02025823489609529,0.025195509082609403,0.008432819182227585,0.03341140820733798,3
17.6,0.00841064219446406,0.02135016943792234,0.0034742790611638225,0.023208602977045682,3
17.61,0.007587627475733241,0.0063539111091133705,0.0027675093455004473,0.010276350766222834,3
17.62,-0.003358817173211252,-0.0005242874077063229,-0.004480494162201438,0.005624176208695759,3
17.63,-0.007595429687213079,-0.002999261673676856,-0.0037555100841475835,0.008988324577623955,3
17.64,-0.008711605984673411,-0.012406337226139243,-0.008766092865301604,0.01751152952554338,3
17.65,-0.018393509714669114,-0.005781004168149794,-0.0076830651180417615,0.020755016223165484,3
17.66,-0.0302685489191022,-0.023299087415909428,-0.012681915414129987,0.04024752795704874,3
17.67,-0.015623836101949371,-0.006178506031459548,0.0013572672778155333,0.016855870365685283,3
17.68,-0.015112982743479334,-0.01977682866345297,-0.011410296610259163,0.027381016564809475,3
17.69,-0.019240661638143558,-0.0089061656166703,-0.00425539192713675,0.021624782235172453,3
17.7,0.002618620522527592,0.012144822228057775,0.006260964567796465,0.013912352702233064,3
17.71,0.0007546393076351913,-0.004610403792918843,-0.0011617973051973513,0.004814049916312917,3
17.72,-0.006895768321428881,-0.008216553712630012,-0.007104850968886354,0.012866323598660244,3
17.73,-0.0011546179319667596,-0.004420109731875927,0.0074990298210036764,0.00878099999242375,3
17.74,0.0073953108653257126,0.0015718753613059746,-0.004476177662999761,0.008786215420590559,3
17.75,-0.002296176434509717,0.009315757805332388,-0.00591093310144601,0.011269201384116766,3
17.76,-0.02309848811772637,-0.014973294576551749,-0.016826952203087532,0.03226276529136851,3
17.77,0.022352509488442085,0.008237930983855682,0.00600512946540551,0.024567453413448136,3
17.78,0.006339142070199124,-0.0017876605798833383,0.0014387066803316676,0.006741685949899197,3
17.79,0.009977957940366251,-0.009070081072066319,0.013390144197208237,0.019003209648256872,3
17.8,0.0072103628810938954,-0.0007608872237361867,0.0007177023496598373,0.0072858341256858755,3
17.81,-0.01422442729952705,-0.019660395578166998,0.006219427479785829,0.025050883506692014,3
17.82,-0.00748709421721604,-0.014583640985536444,0.0020330709289431747,0.016518854125350285,3
17.83,-0.0018065617539952557,-0.004303760025910219,-0.0038365576732252602,0.006041952541323439,3
17.84,-0.0062907455128322675,-0.012738325400783351,-0.005786659569070853,0.015340268644707005,3
17.85,-0.019415398366497708,-0.014561019233180934,-0.0075604308809754436,0.025419305457562644,3
17.86,-0.0030665068854821426,0.0010349470733995053,-0.0009220156401272704,0.0033652180856650125,3
17.87,-0.0010722957693124454,0.0019101881966664533,-0.007468702085169404,0.007783324996464109,3
17.88,-0.012482441836727958,-0.006760115830501696,-0.009999530053263421,0.017363787649450634,3
17.89,0.004821333571151605,-0.016665644782398195,-0.007112592192164531,0.018750411758396923,3
17.9,0.0005443347124181198,-0.003401754913090892,0.010796265966002437,0.011332589976547456,3
17.91,0.0006761362596140246,0.010704153534235315,0.001142837456405266,0.01078620139705402,3
17.92,-0.007709529287407295,0.011690482958125657,-0.0053392443862277225,0.014987053220813007,3
17.93,-0.0013509748518545218,0.005524593984917238,-0.004624966996598501,0.007330524637988228,3
17.94,0.013024803418583742,0.009587630048117489,0.0025150070944374423,0.016367449853822272,3
17.95,-0.012300406250567506,-0.015271775251042327,-0.014332348619257324,0.02428874904541764,3
17.96,-0.009916324036381036,0.0030604061510054476,-0.00348403653883342,0.010947057997815972,3
17.97,0.002801872503539432,0.0007271091034218439,0.00591818911434632,0.0065881818104494136,3
17.98,0.007754844969090924,0.00344249318525163,0.01289403459955431,0.0154351711386574,3
17.99,0.006405692006491735,0.01367482468979698,0.007640149183457773,0.016923522089807536,3
18.0,0.012733118417898372,-0.015748437823680496,0.010220216101156955,0.0226847617506753,3
18.01,0.007674386586129926,0.004808176077431543,0.010450154883437267,0.013828250205748509,3
18.02,0.0029007158629588315,-0.009766483490187793,0.00037035187536216155,0.010194876791473058,3
18.03,-0.003336196152401087,0.002088488803465957,-0.00954854722741509,0.010327959353312486,3
18.04,0.00769496301205453,0.01832922540866949,0.008130505796121073,0.021477385416746167,3
18.05,0.010095869682786609,0.011016841574546818,0.00025736587099551775,0.014945354466255601,3
18.06,-0.009669839729803774,0.008992387356911262,-0.004891324845197037,0.01408168631656276,3
18.07,-0.0027016332003510094,-0.00022093237802758587,-0.007284337134890278,0.007772335592319805,3
18.08,-0.011054787829418636,0.003809323638307392,0.0019466498274193543,0.011853637673112068,3
18.09,-0.022347113263301945,-0.028364531922887376,-0.004955933820079468,0.036448613450121126,3
18.1,-0.026996943285863523,-0.017215835912120028,-0.02056258999965499,0.03805312155956571,3
18.11,0.00859318540510768,-0.004577737383435745,0.004476659665856804,0.010716295848947524,3
18.12,0.006050985397955653,0.007301590056542208,0.008967973608259856,0.013051903779851961,3
18.13,0.0035772010243765176,-5.434039157817998e-05,0.0008494775755484734,0.003677082022244947,3
18.14,0.013133971265011247,0.007612241651917276,0.005820831519075638,0.016258213423706487,3
18.15,-0.006153018801807183,-0.006016159160471079,0.003031460484000164,0.009123791102692305,3
18.16,0.0161346674591002,0.019688675997137486,0.00567231522340198,0.026079620712917636,3
18.17,0.01112483932423097,0.00933201918495639,0.00449167045101926,0.015199464974100551,3
18.18,0.002640345967599416,0.003352196052936028,0.005902468247556503,0.0072833904618214125,3
18.19,-0.019680052542051477,-0.01364324446837084,-0.014897798167024532,0.02820260587085948,3
18.2,-0.00974793208878397,-0.0010787625858735082,-0.008487293079335583,0.012969967329903433,3
18.21,0.026815384012277475,0.017014944256685226,0.0018022813186658344,0.03180913965726869,3
18.22,0.024612440882353377,0.00838870766319268,0.023122790719843255,0.03479663939404949,3
18.23,-0.014816223034462684,-0.0026858662899434038,-0.005961470178652682,0.01619485935182403,3
18.24,-0.02414904242736548,-0.020426892514326084,-0.004565767749583915,0.03195747835943364,3
18.25,0.013078046520127156,0.011390698789008743,-0.0012722149729026229,0.01738970530577827,3
18.26,-0.005668505731161587,0.00213715068710696,0.004884375877697711,0.007781805574431219,3
18.27,-0.015055431797085132,-0.01909669346343416,-0.008541362164354752,0.025774107073877884,3
18.28,-0.022350266769794146,-0.02218125755957999,-0.0017964648585238503,0.031539973011930435,3
18.29,-0.02289835038489086,-0.02747626579063614,-0.011512612228495199,0.037574191574411955,3
18.3,0.007933371918105399,0.002764538957592939,-0.0029339770548064727,0.008898836272073066,3
18.31,-0.0037577067331545683,0.005833138457784252,0.004829106992234482,0.008453764753204621,3
18.32,-0.026674237649589247,-0.018870023193563908,-0.011645880226862781,0.03468745098404952,3
18.33,-0.011540723947858685,0.003227620890561063,-0.012228683736546463,0.01712152305673596,3
18.34,0.01820809218040302,0.015353635520423854,-0.0016761969061827656,0.023876314217491177,3
18.35,0.005238459881064563,-0.0008904290492899977,0.0048479680688054624,0.007192852022216209,3
18.36,-0.012886430243291877,-0.01447254935957834,-0.005964940065113285,0.020275484688683836,3
18.37,-0.0020134052822617047,0.01124877220951573,0.0003296083304974003,0.011432292801697568,3
18.38,0.005851282194246997,0.010345284901380602,0.004036010202265647,0.012551964043935028,3
18.39,0.019292914638993013,0.012062052688749965,0.007826448731842106,0.024061649363370834,3
18.4,0.006735907922044991,0.005798233988897753,0.005310604952639074,0.010353477574577167,3
18.41,0.023747328078314162,0.013065990665821217,0.015011971297905907,0.03098410859114017,3
18.42,0.00901878967702523,-0.013887024546909876,0.003166765934874542,0.016858719538896665,3
18.43,-0.023512945176684865,-0.015763042019330313,-0.007465410245030049,0.02927566283983269,3
18.44,0.008160299882104975,-0.004245161798037777,0.007107314503381515,0.01162436287748189,3
18.45,-0.0028481238742705645,-0.004885433893592905,0.005136743361051025,0.007639725537554218,3
18.46,-0.009067730018868465,-0.016429524380980987,-0.01747531498410537,0.025642535617095955,3
18.47,-0.00033861894666139397,-0.0017258398613179042,-0.0027311162245729033,0.003248412204458853,3
18.48,-0.009666263286647957,-0.01473427981184737,-0.001043813252396322,0.0176529089276099,3
18.49,-0.0052731586948088546,-0.0031445860389341025,0.010201066342716426,0.011906148768825266,3
18.5,-0.014278632072998503,-0.004438948423972079,0.0006619844124450235,0.014967358496042844,3
18.51,-0.014340454894688442,-0.0075350704196917645,0.0007617826546802205,0.016217467300083548,3
18.52,0.006802275109288254,-0.007023252848390784,0.01900514346960598,0.021372704684601306,3
18.53,-0.00342676032817175,-0.015718119815486358,-0.002053158118891109,0.01621781227977082,3
18.54,0.0022390508227906913,-0.00869110417168303,0.013434865980459518,0.016156864306634326,3
18.55,-0.007244669306589029,0.0031334840034924673,0.0008388027338710946,0.007937729233749786,3
18.56,0.014849518743928413,0.027904519687954054,0.0008020508501167074,0.03161983098480872,3
18.57,0.006754144361893134,-0.0006505935048965045,-0.007220967793800829,0.009908789726753471,3
18.58,0.0020454771050817796,-0.006757108477309702,-0.00043907499723149434,0.007073561932629007,3
18.59,0.022562535259520778,0.02688822456804502,0.014121141692154966,0.03783452471551156,3
18.6,0.0039016927023238154,-0.0006171696067698573,0.00016410218710794368,0.00395361022291032,3
18.61,0.01000468816301376,0.00637090821271747,0.005208354246542047,0.012954119447167805,3
18.62,-0.007426318276232414,-0.0038968978870632205,0.008160237837810313,0.01170151690387757,3
18.63,-0.001970112653764327,-0.006853410903720338,-0.000612307389336094,0.0071571995377235865,3
18.64,0.012888495260074987,0.0028184056235224294,0.01758630948714454,0.02198488120744136,3
18.65,0.0006721012470623859,-0.00015072323722887507,0.0049446722816200136,0.004992416404223994,3
18.66,-2.2655508841001567e-05,-0.0033044751640255747,0.006383910096752371,0.007188489236630988,3
18.67,-0.004511587619525717,-0.017403799507914125,-0.003380888409305519,0.01829418122235882,3
18.68,-0.006014153380070369,-0.011398302223789918,-0.0031476170677383133,0.01326645497746039,3
18.69,-0.013413141011349647,-0.010496334299915557,-0.005933270050345912,0.018035772204601206,3
18.7,-0.013453478653857032,-0.013852047708951182,-0.0065801334504817415,0.020400330140637316,3
18.71,-0.011501830524669646,-0.004077167300794547,-0.0012711355056248229,0.012269115049201827,3
18.72,-0.010901131247895119,-0.013861121500592747,0.0028392441850135413,0.01786131740046526,3
18.73,-0.0006486804362215879,0.014045993203301783,0.014483875882165336,0.020186465068097167,3
18.74,0.0007379567330605659,0.0009346668099926168,-0.003861631893831994,0.004041086867295935,3
18.75,0.013586296191292209,0.010107302373822036,0.006105311367885533,0.018000550890798373,3
18.76,0.008471776591031464,0.0018157878414163898,0.009780953487529088,0.013066565547939203,3
18.77,-0.008099853160197814,-0.007795987563953803,-0.003275976787440951,0.011709699706907125,3
18.78,-0.003363414837963535,-0.017473014487264488,-0.009287842381247583,0.020071940881322033,3
18.79,0.017560485722664162,0.012295431506703739,0.012671335560006956,0.02490202882550399,3
18.8,0.015456103228620257,0.026564347848576985,0.0021363829413540763,0.030807788555916683,3
18.81,0.020463110156593724,0.02149636256106955,0.010385542186908094,0.031443472568307235,3
18.82,0.007680221947833907,-0.007675783677294877,0.013779901620925914,0.017543920682419105,3
18.83,0.00364589415387347,0.004873410761124098,0.005874621769149009,0.008458951327348346,3
18.84,0.00929678691048809,0.010073882599794423,0.007966251075664038,0.015854794659470744,3
18.85,-0.013349572057003385,0.0028032864250887458,0.0029502292567122933,0.013956122009834022,3
18.86,-0.001562770016077795,-0.00740131484453538,-0.0014487096795598423,0.007701978400822865,3
18.87,0.021916494684246546,0.03362423525287833,0.011916171672967098,0.04186785261898605,3
18.88,-0.00781472251353127,-0.0045696954826721535,-0.004585146799191723,0.010147688206581086,3
18.89,-0.005951665062960702,-0.010797044491456062,0.0020363579491945705,0.012495808916168518,3
18.9,-0.009591579886891275,-0.01976428367942567,-0.012305419935137101,0.025180323148591616,3
18.91,0.010138558122737139,0.006145816319853984,-0.0007625354886886754,0.011880356872460206,3
18.92,-0.022137539687269385,-0.013843827510973149,-0.009763854841945505,0.0278757077925133,3
18.93,0.0008638464642695826,-0.00853344822559388,0.004008556246370712,0.009467549446030902,3
18.94,-0.010682988750750067,-0.00248565397432715,0.006615310379391312,0.012808866294267548,3
18.95,-0.011807576491968287,-0.004055123372266445,-0.010674801605163948,0.01642602439690123,3
18.96,-0.021879704939829662,-0.015246956325067987,-0.01023181327012553,0.028563633666381698,3
18.97,0.021206093782638144,0.007974453056764523,0.011074867485161871,0.025217910398890722,3
18.98,0.011657693365041919,0.008314719820456737,-0.0016533496643959932,0.014414227187012033,3
18.99,-0.010872054421858162,0.007124623636295923,-0.009385705353187494,0.016032881658877313,3
19.0,-0.008443240827592065,-0.013309939920532627,-0.014572082391319588,0.021465982427559937,3
19.01,-6.853157514977778e-05,-0.014108001019175084,0.0032929985717635693,0.014487381714011493,3
19.02,0.013990172163656313,0.00681814379143207,0.0014664450597443078,0.01563209720551392,3
19.03,0.0060530608144728024,-0.0022437508279955715,0.010088205555412476,0.011976888340887715,3
19.04,-0.004458305789549006,-0.01795009413704478,0.0005059673412428503,0.018502388305089157,3
19.05,0.0038490095576911754,0.005953277577873206,0.0005777470889364728,0.007112677427887508,3
19.06,0.01791539048322349,0.001987376265004233,0.003560094086762506,0.018373490427561073,3
19.07,0.007478678843998274,-0.0061480343499223855,0.005669541344656812,0.011219298671408383,3
19.08,-0.023731313542349412,-0.010050977399636389,-0.012206255682406183,0.02851648763290408,3
19.09,-0.016884962373701032,-0.0006107540993396578,-0.0043621174005157495,0.017450015562945554,3
19.1,-0.007652601931461236,0.015339783677280613,0.0034851000860915676,0.017493347369707275,3
19.11,-0.005744762481801684,-0.016480654078656454,-0.007140309912367392,0.01885731371318046,3
19.12,0.00775040868394327,0.008569971754685785,0.0008873481352551565,0.011588815183503283,3
19.13,-0.007963590263266627,-0.016789081120687284,0.004092457987600946,0.019027354706802835,3
19.14,-0.0005464491359626926,0.00018977902380187958,0.008097601495877748,0.008118237045203295,3
19.15,-0.03180286060556924,-0.023514363531975106,-0.020102089099713224,0.044367118693734865,3
19.16,-0.008363684930669139,-0.022990496287592147,-0.008797907005103035,0.025998409813673823,3
19.17,0.007081987441462139,0.00918191485840128,-0.0019110782529726065,0.011752205183579058,3
19.18,0.023764185426267657,0.016623108921442625,0.012120780426590252,0.031432110609021964,3
19.19,-0.012666569888132856,-0.004029692369870396,-0.01404794038629804,0.019339727051427825,3
19.2,0.0033478900468619016,-0.007738623375775933,0.0017078845098868183,0.008602995351451379,3
19.21,-0.014223108090527334,0.006961058690012055,-0.006640944350663662,0.017171350666421906,3
19.22,0.005352791794755491,0.005858141977254637,-0.0012767891329761656,0.008037437272772997,3
19.23,0.020476170266186446,0.017003190557830877,0.0097540668233509,0.028346496388622026,3
19.24,0.018508368852862965,0.024001614312326357,0.008858752321334021,0.031577123046313736,3
19.25,0.005627821434819424,0.0038291162884403185,0.0003897354975817913,0.006818093531969714,3
19.26,0.0013317473383721743,-0.0062257123841027865,0.010685977447374831,0.012438776453841257,3
19.27,0.03346108228129167,0.032142173798009085,0.012612131747541383,0.04808148532558176,3
19.28,-0.002748152362053508,-0.0031311039864426096,-0.0009841611964134579,0.004280739052956049,3
19.29,-0.00911823650208134,0.001345212670903275,-0.007716458213524552,0.012020630657287404,3
19.3,-0.01141922562566389,-0.0089281713962914,0.0006816680589899456,0.014511224266546979,3
19.31,-0.02400353319608444,0.0005672631790149402,-0.01760586228646217,0.029773440853547054,3
19.32,-0.0022690150481675248,-0.002035353696070524,-0.0001296975801583748,0.0030508876444762033,3
19.33,-0.00021986990636918557,-0.005266084968745321,-0.0055410055297654606,0.007647400601162699,3
19.34,-0.0003849352902906408,0.002327930999970756,-0.010462571644079405,0.01072533651340742,3
19.35,0.002503559057224705,-0.0021387094569632684,-0.0028891639144286874,0.0043805426854161425,3
19.36,-0.012372629745167556,-0.01572824786912916,-0.009377892408161205,0.022099878141356763,3
19.37,-0.005155748733163443,0.007041943444044354,0.0009041783411747567,0.008774294897100578,3
19.38,0.012968538248534818,-0.0012481369174110104,0.0007603445190239736,0.01305063040070956,3
19.39,-0.004090985831940383,0.005254857133066164,-0.01428994058856088,0.01576553489706813,3
19.4,-0.002929430433820711,0.010640772594784279,-0.013247135865017808,0.017242221803084087,3
19.41,0.0176668167650796,0.009504694116927496,0.00892616494057834,0.02195750544605793,3
19.42,-0.0024290947066476568,0.0003219075970349644,0.0017140497206699571,0.002990333098472685,3
19.43,-0.0058596634476618045,-0.010911255060383103,-0.0015833915268234852,0.012485922931037821,3
19.44,-0.004689178872018682,0.0057282700034645565,-0.004661778115320696,0.008748351325984869,3
19.45,0.0396542540093808,0.017287150001602865,0.019742890429508306,0.04755088998883178,3
19.46,0.01796734368720438,0.020395900061816033,-0.0030013019505082204,0.02734640729426509,3
19.47,0.011476038598621372,0.007923637218634946,-0.00691614522843746,0.015566520276234596,3
19.48,-0.009486801569600908,-0.013596542657572246,-0.013015505600007587,0.021077683987667923,3
19.49,0.005365357142444232,-0.0020025277296226193,0.0013327937274698956,0.005879924633349304,3
19.5,0.017371098827117157,0.01589482011192518,0.012505914914237394,0.0266608006011462,3
19.51,-0.0007040321225091897,-0.010210064205456667,-0.006357787185843417,0.012048341388321757,3
19.52,-0.01992927157341044,-0.009747999110164588,-0.014331584375017841,0.02641199846275875,3
19.53,-0.0012668877931475237,0.0002872679964782545,0.003218253567766379,0.0034705451457469707,3
19.54,-0.009925781061930818,-0.010305536280310544,-0.00697364065486192,0.01591718793309058,3
19.55,-0.005959511211971151,-0.00046397928811463566,-0.0015962058208010695,0.006186996338108537,3
19.56,-0.0181089129144283,-0.019271606505777285,-0.0075562588321566706,0.027503174213068773,3
19.57,-0.013984362560962471,-0.012209731382425345,-0.01377016701099814,0.02311400952189413,3
19.58,-0.008401189163055565,-0.009182823516850224,0.006982756648965943,0.01427105873836058,3
19.59,-0.009701806255517892,-0.0171545663674932,-0.00966828091028989,0.021951761834454447,3
19.6,0.0013196412241770986,-0.0019610872209278422,0.011982915405647436,0.012213827314463585,3
19.61,-0.003967896393697458,-0.015526183035158944,0.0014928006063262176,0.016094564768350295,3
19.62,0.025706024109459644,0.013321038363449073,0.013203765760550781,0.031821206275942704,3
19.63,0.013241626459225286,-0.004774595945611868,-0.00298261179612087,0.014388655630595508,3
19.64,0.017052820890614512,0.0035478298862624616,0.009726444880851646,0.019949674865758615,3
19.65,0.006178898852897977,-0.003266728720834747,0.002296479137087203,0.0073569099489491745,3
19.66,-0.01703315152685928,-0.008807556470961524,-0.009028486243606857,0.021194689565481328,3
19.67,0.015647884808369886,0.003064696723733138,-0.000772527425348577,0.015963879967206888,3
19.68,0.002301873418723001,-0.008606809002610646,0.006290843925002962,0.010906443037580578,3
19.69,0.006329189704790584,0.001153334098137598,0.00837485110137208,0.010560632217405694,3
19.7,-0.0019312435726285718,0.013625437569979627,-0.011137465693604654,0.01770382424185385,3
19.71,-0.03010485110663294,-0.03456808716161516,-0.017146939514289698,0.0489415186204134,3
19.72,-0.010552640534085781,-0.0020003766466110797,-0.006469773073088378,0.01253864795690495,3
19.73,-0.016819655384644264,-0.009147117653324651,-0.005531027561846719,0.01992894464119624,3
19.74,-0.005301719687670464,0.01281440339093094,-0.0015263570881053937,0.013951592449342281,3
19.75,-0.0024792793711685716,0.00043190631559360325,-0.0015451322736740871,0.0029531005754801043,3
19.76,0.018415540431783887,0.013066355492152496,0.011201965704547385,0.025206066946031596,3
19.77,-0.0006290234728440289,-0.0003060659012239515,0.010918340478258404,0.010940726925778594,3
19.78,-0.01117977513657008,-0.008283531530578522,-0.0068021439937615774,0.015487847805109199,3
19.79,-0.0073521680016624905,0.00030501018841083954,0.0028854390083455175,0.007903996698543478,3
19.8,0.006295367497174998,-3.9170544259164476e-05,0.013352453429288057,0.014762154274946843,3
19.81,0.012620234077431264,0.03296677153081377,0.01484487874515452,0.038294239231147685,3
19.82,-0.010317443217380002,-0.0005078924232801638,-0.0006933846921151916,0.010353181713306576,3
19.83,0.0033941789590436642,0.0006906313678718607,0.005453481675768361,0.006460486427525762,3
19.84,0.005659453449318898,0.0018092856348174303,0.005127661464527142,0.007848301723822863,3
19.85,-0.011395105986395367,-0.00826292404758723,0.00502033110544506,0.014944165371999807,3
19.86,0.016384039670647225,0.010957564395623589,0.005050919941396953,0.02034740193901868,3
19.87,0.009493353865521501,0.01164076986743387,0.0020253702669454044,0.015156959307222372,3
19.88,0.002870568131843821,0.004249844043879138,-0.002662333697933301,0.00577835240496835,3
19.89,0.006110822562357431,0.015854995518023815,0.017387560794857523,0.024311526189444346,3
19.9,0.008702925538629646,-0.0017075599967661757,0.013122917546117038,0.01583880169064802,3
19.91,0.021666334127232983,0.014781154481198412,0.006129593667016747,0.026934819116390674,3
19.92,0.0040507644717537195,-0.005051010247874285,-0.0054048696227680885,0.00843409823092395,3
19.93,-0.019467755806328,-0.017514889977425036,-0.009951160990488752,0.028014112374207874,3
19.94,0.0267110301383075,0.01449222311573051,0.012444951877397732,0.032838704132721656,3
19.95,-0.021354739976463935,-0.008766095411915122,-0.00808032993595508,0.02445733182722674,3
19.96,-0.0032525268662166136,-0.0074523618141439565,-0.010696158358254028,0.013435938048726608,3
19.97,-0.009736879405587437,0.0043170007161516715,-0.008817910202685495,0.013827467450145445,3
19.98,-0.0073445939062478215,0.006441490793797617,0.003986890966854444,0.01055135834269018,3
19.99,0.0004952391323619198,0.006035465223505187,0.003895832897757858,0.007200667762757527,3
20.0,0.0036405020167673686,-0.0066120443659143,-0.002553716742084527,0.007968303133648288,3
20.01,0.017143875051371393,0.02346600720331593,0.013518971077709125,0.03205196600589495,3
20.02,-0.004972586585424126,-0.006944225961880422,0.003627457142184291,0.009279403907448898,3
20.03,0.00980498626537278,0.004172731539400483,0.017754622464078138,0.020706908581582247,3
20.04,0.013930630059825328,0.01386381821947262,0.004972529423450487,0.020272985925940235,3
20.05,0.035905922093211876,0.0182474428217407,0.012114527623806525,0.04205907976221625,3
20.06,0.013995351497478086,0.019758202884690712,0.0054046533043907614,0.024808601776626277,3
20.07,-0.006193719569793424,0.0020298635940262403,0.002769929626397832,0.007082020788926815,3
20.08,0.023023774718047736,0.039872520973192216,0.0028379076053759306,0.0461298802361519,3
20.09,-0.0004577119654635142,0.0020705095986667727,-0.0001814373655675165,0.002128245699895525,3
20.1,-0.0075818383794732155,-0.006375745585345946,-0.003178891103630981,0.010403833602583979,3
20.11,0.016310111508030998,0.027454967352570706,0.01531154964484659,0.03541523008906945,3
20.12,-0.00041179682175618683,-0.015211401435624265,-0.003409492597552211,0.015594260162985731,3
20.13,-0.006608355554313021,-0.002802958751273295,-0.0038549435960997525,0.008147854381533202,3
20.14,0.014183626209597754,0.008838352025873054,0.009518747974409672,0.019232739846084614,3
20.15,-0.013483067477236918,0.0004092679142833795,-0.009757590596976727,0.016648458880016325,3
20.16,-0.014190372295530738,0.014923723796092,-0.011165242345682672,0.02342534598390458,3
20.17,-0.0018938317852516444,-0.006725057774935583,0.01038312327057601,0.012514881132437016,3
20.18,-0.03412674576268567,-0.014637863736146435,-0.01201204166557448,0.03902807932866378,3
20.19,-0.0036614194521549254,0.00857589173345637,0.005645582647933467,0.010900665799079947,3
20.2,-0.002686603153282529,0.00863641342211157,0.0031488826705893007,0.009577104749035281,3
20.21,-0.011602704488176265,-0.006167226953284367,-0.005924507894948893,0.014413786231610853,3
20.22,0.0008441887509128355,0.006315725466976248,-0.0032532719994290173,0.0071543568211020194,3
20.23,0.0064736827314281035,-0.00308216934979852,-0.00047441081308379407,0.007185638567837843,3
20.24,0.0048483727461543676,0.017593836304946764,-0.002226088956612076,0.01838491953351076,3
20.25,0.01668479504096447,0.0030467673101180932,0.003128692636532133,0.017246851718933726,3
20.26,0.011025723379498307,-4.636351564131329e-05,0.00028104438256515776,0.011029402139815632,3
20.27,0.005947409630875197,0.0018995835626099355,0.007359549827330341,0.009651065883607,3
20.28,0.015867321667141283,0.006546435766157324,0.0013770554454272284,0.01721987223613276,3
20.29,0.009467188682735697,0.010104173563563905,0.012618026679073264,0.01873330142369324,3
20.3,0.04049406693070298,0.02582009940506086,0.0227459285955112,0.05313966745800702,3
20.31,0.014581952451184007,0.0032547833874975018,0.010598931864584405,0.01831841447446322,3
20.32,-0.006434492011213926,-0.013469338095725862,-0.0014669395994418805,0.014999255580453268,3
20.33,-0.023089052113517625,-0.006657627602553819,-0.007890356279956098,0.025292015637739546,3
20.34,-0.012745288033812816,-0.004698530251059427,-0.008272947392312591,0.015904722950776114,3
20.35,-0.030851219893930096,-0.03200494882196699,-0.0189426445623847,0.04832119929241406,3
20.36,0.00047317102450121495,0.005438127893724016,-0.002455934183739069,0.005985711195988729,3
20.37,-0.011481021736576433,-0.010597364562254777,-0.013036610971066464,0.020348740044337007,3
20.38,-0.016972616992014092,-0.02450383684874934,-0.004888030991231716,0.03020596952324115,3
20.39,0.0003697280619627593,-0.009665903286330211,-0.005825510212253904,0.011291720613509991,3
20.4,-0.009679868951962926,0.0013543900195573683,-0.00044497128146631874,0.009784285088527533,3
20.41,0.0015153749845905023,0.011866981090626843,0.004762106424744232,0.01287630611432518,3
20.42,-0.004083241644674748,0.002771042127618166,-0.0002788175499396821,0.00494259810504507,3
20.43,0.0024389290600943386,-0.004154650391228571,-0.0019414258582320756,0.005194095609104681,3
20.44,0.019267490727564205,0.017604096080717443,0.0035954575670392053,0.026345164886033327,3
20.45,0.016687923402951044,0.01561725046783688,0.003154728345753288,0.02307244266681384,3
20.46,0.02431249475665501,-0.002984821024023053,0.005395475230019909,0.025082219016577974,3
20.47,0.012012829515284044,0.013071862309400143,0.0053359996363549055,0.018537921925565852,3
20.48,-0.013784322616117995,-0.008107477225099453,-0.006861913060463911,0.017401855872006686,3
20.49,-0.0009473290212664237,0.01809634283570265,0.011011961868997585,0.02120467779774258,3
20.5,-0.013444398088569808,0.006500468415162362,0.005097647829076056,0.015779541912544444,3
20.51,0.015101426034675243,0.009943373358410825,0.01595774891073908,0.02411583488755294,3
20.52,0.0020309950590128713,0.00498401237475564,-0.00028184896178954765,0.005389318984687573,3
20.53,0.014560837619721694,0.011185303476259255,-0.001936212431281099,0.01846287964059148,3
20.54,0.00955321129913745,0.0029498420216769934,0.005405553926421906,0.011365976743345649,3
20.55,-0.006497376244091318,-0.015453803353090472,-0.004408130830539229,0.017333999929399532,3
20.56,0.014327251417690652,0.004680413679718979,0.006677353299875936,0.01648524954286053,3
20.57,0.0038540083247538123,-0.0009378652442518188,0.004325487632324448,0.005868800102324066,3
20.58,-0.007022394527828462,0.004643054875544385,0.00106126290396417,0.008485178986510659,3
20.59,-0.002399492951286863,2.4736479421628293e-05,-0.011748269842568649,0.011990830772323388,3
20.6,0.010420792592901806,0.0027741377275066854,0.012462282025034629,0.01648020727014543,3
20.61,0.000488922515231794,-0.00554872784554992,0.005965959636563368,0.008162113716126781,3
20.62,-0.010768453790638606,-0.004013006725882661,-0.008287390412611478,0.014168438865102361,3
20.63,-0.01453722319303182,-0.01268337346782531,-0.001204302184894381,0.019330006840166888,3
20.64,-0.001198884977092484,-0.009264870818461803,-0.0020498468728876885,0.009564362429005427,3
20.65,-0.003976281108449599,-0.010221006929008979,-0.0015798220235682442,0.011080416586140342,3
20.66,0.008480006053698669,0.020039751184620702,0.002932873794447792,0.021956864049914586,3
20.67,0.0011382224246187086,-0.0002174951416857875,-0.0038311977107825983,0.004002615435395666,3
20.68,0.003346436443833761,0.011152215495654271,-0.006025243494042178,0.013110076525201048,3
20.69,0.02240892605425607,0.0015646146264130713,0.02648529443021417,0.034728645336226924,3
20.7,0.02692652573371121,0.028310090471245032,0.015887793330769534,0.042177256756450336,3
20.71,-0.0037150325855086477,0.003626591111617006,-0.0008406196779260211,0.005259303342189628,3
20.72,-0.0006451088630860138,0.006677698111011037,0.010585171415064341,0.012532105624887135,3
20.73,-0.0013750064967300063,-0.013748736357301644,-0.010707677283276321,0.017480639207175165,3
20.74,0.0027426240303570345,0.0021759198095395523,-0.00023703854061000507,0.003508960082299744,3
20.75,0.0007923630770701115,-0.0059920694307751075,-0.0033419942572916225,0.006906638902165345,3
20.76,-0.011439452781598098,-0.017374506410298696,-0.008106788669204787,0.022326096288224462,3
20.77,-0.0007583126351557307,-0.015574104567231285,-0.0001562076978617775,0.015593337422391733,3
20.78,-0.0133227659421155,-0.01794070776575589,-0.008622850958748256,0.02395242464013679,3
20.79,-0.012462356435329757,-0.017923498877965627,-0.01628946088103641,0.02723800058272368,3
20.8,-0.01836943085181934,-0.006573108276408807,-0.014356383727775621,0.02422287134037389,3
20.81,0.006162369424191241,-0.0005415266276698446,-0.0027497013316378225,0.00676970497303194,3
20.82,0.006407555517652405,0.003243052904480158,0.00021718238989098864,0.0071847983996444695,3
20.83,0.001832806542730291,0.010892452463871388,-0.004896823864067611,0.012082366674475448,3
20.84,0.008009011181710223,0.006177390164535744,0.002537225420853475,0.010427939498764242,3
20.85,0.015733015539628543,0.005285434014717966,0.006198338949688582,0.017716743392321214,3
20.86,0.013612006073821063,0.011161253480501492,-0.0068018885967546724,0.01887130035510032,3
20.87,0.015063523990973365,0.004275175068015492,0.00034079395506878517,0.015662152387479276,3
20.88,0.002351357610760895,-0.012400765170387807,0.002356617999274953,0.012839840646179889,3
20.89,-0.010050493681969207,-0.004045320284745985,-0.0051889190026636715,0.012012573407629377,3
20.9,-0.0017308634612190925,0.003970346407466876,-0.011325377639705668,0.012125333710814461,3
20.91,0.03315944799113835,0.02165968267368941,0.019751565310177674,0.04425850400549192,3
20.92,0.0024191136202033696,0.0006485581867641242,0.004730875451396196,0.005352935733379898,3
20.93,0.022446690274229956,0.01232496360631803,0.02407933522299112,0.03515071858362862,3
20.94,0.007414150308293029,0.017566900948140608,0.013916850857616844,0.023606024051264874,3
20.95,-0.0018490139246650449,0.0011048229769635815,-0.005950113755412888,0.006327980721082008,3
20.96,-0.014587348332389598,-0.011231878439421632,-0.007329447404127946,0.01981581751778846,3
20.97,-0.014129212163950116,-0.002141210208723816,-0.006168039781873946,0.01556483640397928,3
20.98,-0.008686119711662518,0.002388737424045664,0.0037431052646191175,0.009755284677977767,3
20.99,-0.009492449578762985,-0.0030940929946855628,-0.005986635131795169,0.011641297636705456,3
21.0,-0.0013794926620587069,0.006769780834206164,0.007453775165279832,0.01016325227288988,3
21.01,-0.015416633883929626,-0.006341915496109318,-0.005235223975953022,0.01747283785048416,3
21.02,-0.01366018621727939,-0.009166939312738964,-0.01093753223494558,0.019755077201688242,3
21.03,0.006368255211938464,0.012403074261256749,-0.0042086036133417454,0.014563765651398825,3
21.04,0.020910976543533598,0.007162753327427958,0.015515189896879191,0.027005464128024438,3
21.05,0.001551751162593527,-0.006551455765110293,0.006504360460820096,0.009361421329963045,3
21.06,0.008197878821749714,0.009706822679326705,0.010252073749057983,0.01632582738669338,3
21.07,0.003205909057610673,-0.0031839960717375123,-0.01404554548499719,0.014754424144697582,3
21.08,0.00583676572307666,0.01065922394629563,0.0018457055316937823,0.012292010338146067,3
21.09,0.005108604029344569,0.005581308810140246,0.009819484135748867,0.012396415282451953,3
21.1,0.003802815469844704,0.019225021030764615,-0.006871940148527208,0.020767436060717077,3
21.11,0.014286373079344807,0.0020967981054604307,0.00983971612668176,0.017473323424894636,3
21.12,0.013965224489166296,0.017230684660607582,0.002962691360614142,0.022376360941948652,3
21.13,0.001976288758724232,-0.002578511485450887,-0.004758282525867708,0.005761570214311363,3
21.14,-0.004089920133867163,-0.0005190563831435481,-0.006202632282541255,0.00744778580940114,3
21.15,-0.005281638108609309,0.0021294497291299425,0.007103230080508862,0.009104182271673367,3
21.16,0.005869765633419726,0.00727571837899183,0.008014845363268675,0.012313731064091994,3
21.17,-0.01379910490058336,-0.005603500663236891,-0.006913778263645607,0.016419952667990807,3
21.18,-0.018212595113381618,-0.009378433257278293,0.005008946530640459,0.021088934929768516,3
21.19,-0.003921903504332297,-0.004658122890023312,-0.012514596015328892,0.013917418919567624,3
21.2,-0.008748457316874673,0.0007378710240143697,-0.007775850655876576,0.011727907421861507,3
21.21,-0.009531000433206448,0.0006148509751335149,0.005310561528279125,0.010927949246086498,3
21.22,0.0029324111513767395,-0.000603769589518422,0.0002409007754155877,0.0030035988516347737,3
21.23,-0.0062535426020704716,-0.010630231451040209,-0.004058202419786444,0.012983744554578826,3
21.24,-0.011545255955064603,-0.0058728808227625235,-0.005922009939547128,0.014242677625728298,3
21.25,0.0006391926808219316,0.0021435911692232732,-0.002458535737343954,0.003323845416950931,3
21.26,-0.006829905003780465,-0.017596326296155332,0.0024973433906312235,0.01903982734932653,3
21.27,0.013934201328947583,0.011599696496200743,0.0013160686532426484,0.018178200190878752,3
21.28,0.005598088762681716,-0.0024897681730963964,0.01865221294173391,0.019632691893227812,3
21.29,-0.005481853395486656,-0.01916273011001898,-0.010953764689597207,0.02274304075523111,3
21.3,0.009641473489011232,0.009900836207566072,0.014490352591563272,0.020023857941869797,3
21.31,-0.0015571625936179109,-0.010753455769894272,0.004251426096741597,0.01166774143500321,3
21.32,0.019799195444538467,0.02417987346176849,0.00481552856614596,0.03162062200921318,3
21.33,0.0050937642513579654,0.009849986793120501,0.003834801140886172,0.011733472370240727,3
21.34,0.012076394670115283,0.01043002978843719,0.010502287737053816,0.01910295467533614,3
21.35,-0.0050645441635052335,0.007590338951447129,0.0014774003672012384,0.009243677018749452,3
21.36,-0.002348396997581224,0.006074851437964426,-0.012465386155089147,0.014064303766880006,3
21.37,0.0025696764313843266,-0.005344300047023132,0.0034743709961577805,0.00687284757386383,3
21.38,-0.00645386881768773,0.003588145985236776,-0.011234247097852862,0.013443791213155174,3
21.39,-0.017014460050361977,-0.017382604665516395,-0.001367581295038554,0.02436220585992852,3
21.4,0.0011263312874302883,0.008145107215449381,0.006926383356049309,0.010751101344288725,3
21.41,-0.004596301170254058,-0.00657444071843761,-0.010284048346736095,0.013042657152817237,3
21.42,-0.020662858642928862,-0.024551065730106115,-0.021155946943611354,0.038435434781755096,3
21.43,-0.011186749426534373,-0.004417380478975758,-0.006863654668845767,0.013847973441672667,3
21.44,-0.015126776738326249,-0.014441962973410842,-0.008254934067269291,0.02248407448554423,3
21.45,-0.009092385817930338,0.0022779033426784433,-0.004044698409149889,0.010208815245740615,3
21.46,-0.006362721854370449,0.0059982704708941015,-0.000335909135056539,0.008750789277836481,3
21.47,-0.0013856070205339158,-0.014790884961523582,-0.0015528148524020834,0.014936579887183606,3
21.48,-0.013292891123108611,-0.009308678535869485,-0.005359092335030687,0.017090123497223816,3
21.49,0.0006814703345274032,0.005680113187818538,-0.004694173974040465,0.007400226816917831,3
21.5,0.018653649636143008,0.014059242891518378,0.002229392961267773,0.02346467874074645,3
21.51,0.028561678279248284,0.021160825770449795,0.016474146802205773,0.03917840637743248,3
21.52,-0.00574686987918482,-0.001862427825784128,0.0005326214750399237,0.006064555750441285,3
21.53,0.02023108419900429,0.001347782665475637,0.006957470222641407,0.021436410097763557,3
21.54,0.032807122330722284,0.035747027091167616,0.008446493245348732,0.04924937024595715,3
21.55,0.0017690344720207134,0.006527339902700943,0.01011001823649655,0.012163392532960627,3
21.56,0.008027580885954887,0.00041767555256243,0.01387622473731596,0.016036399867434586,3
21.57,0.01167780037167431,0.002182624725828931,0.012090822701420353,0.016950600750759787,3
21.58,-0.008081445711715754,0.001275071874401441,0.00016125019564925498,0.008183005236579987,3
21.59,0.006460971954978152,0.006621360326875186,-0.003630468148522318,0.009938152250733833,3
21.6,-0.008884861726104712,-0.0033075095728534844,0.0036886560076071434,0.010172834934715795,3
21.61,0.0038521109009571177,0.007130549486079463,0.005205411512263549,0.00963222733217539,3
21.62,0.010201134577172135,0.00896230121611289,-0.001555656770811621,0.013667701260215177,3
21.63,0.007468511246422722,-0.009812468603013595,0.007593951014439515,0.014482102483160973,3
21.64,-0.010341086478559565,-0.010514903952005425,-0.007716480005993843,0.01664467898037837,3
21.65,0.0022590305916625596,0.006052200209315406,0.005990486347300942,0.00881012333993706,3
21.66,-0.008448420772921387,-0.0007570728311795324,0.0030646101419278347,0.009018913911887992,3
21.67,-0.014148503870547054,-0.013695859382649066,-0.003247726463042906,0.019957566314130856,3
21.68,-0.0007284640034798898,-0.0007951421601318218,-0.005337028310034945,0.005444885861181988,3
21.69,0.013962025679100043,0.019079987397270928,0.009990251505437616,0.02566688927949324,3
21.7,0.00273014915036036,0.01315742023538516,0.004597442594928967,0.014202390645500619,3
21.71,0.024768879517668665,0.019985223154014117,0.006937307608729439,0.03257349803037223,3
21.72,0.00887455390138685,0.013322093087848961,0.001947368368398652,0.016125387274486563,3
21.73,-0.004975079714904379,-0.0006385598375456365,0.009190945760495884,0.010470561628115113,3
21.74,0.00379189523282687,0.008300939175535354,0.011644254112717247,0.01479434738318001,3
21.75,-0.002024811380535752,-0.0014957652147760216,-0.004195949748246992,0.004893175757552048,3
21.76,0.01952237662653923,0.008848828810449353,-0.0033444981020778666,0.021693561902552706,3
21.77,0.007498730465804415,0.020049853245555027,0.012269013535777015,0.02467298658266073,3
21.78,-0.001710847134989305,0.013199728338341415,0.011950923380465524,0.017888107663223407,3
21.79,0.005650196650627434,0.004178099421642953,0.011984714600301805,0.013892970201457352,3
21.8,-0.014581511321788672,-0.007036324316930316,-0.008689758899668115,0.018375044001439488,3
21.81,-0.020473373542005735,-0.012958717748018404,-0.0051890837167337875,0.02477930547215921,3
21.82,-0.022842916446777044,-0.015563282448738001,-0.015827587910222346,0.03185164252325851,3
21.83,-0.029922430760439624,-0.020174016136221763,-0.006978491421902567,0.03675652502894428,3
21.84,-0.020211759932209146,-0.00475712862543343,-0.01258888869501371,0.0242822081140002,3
21.85,0.00047875545708497835,-0.008208772787022426,-0.0035960266395093235,0.008974662391906967,3
21.86,0.004221460847167248,-0.001925404073502082,0.0013874975509559195,0.004842836150886492,3
21.87,-0.01279659042290248,-0.0014833807406819128,-0.009119842825484932,0.015783683918366286,3
21.88,-0.0241057538760928,-0.015378730938553624,-0.006438334360239201,0.02930946749003513,3
21.89,-0.0024776162556919405,0.00863455122495183,-0.006239314912969618,0.01093723492250172,3
21.9,0.010540091796901345,0.008264068619055369,0.02026718795542352,0.024292946977425917,3
21.91,0.01630011715508753,0.014577039548194717,0.01063821031892988,0.024317800477201838,3
21.92,0.010400010277719491,0.005956359322326095,0.0025810174985830573,0.012259693368160721,3
21.93,-0.004092404498556131,0.008279310484190484,-0.007701463241793265,0.012025277241632385,3
21.94,0.016505354680893494,0.018845232691685962,0.005564313488733185,0.025661861057740536,3
21.95,0.011582810266411888,-0.0005897671445936961,0.003962961861835047,0.012256197847248466,3
21.96,0.014182986728870285,0.015236407390094898,0.004754182471611949,0.02135198992322803,3
21.97,-0.0074026452882852666,0.0034363964225699655,-0.006302256086957239,0.01031146979934545,3
21.98,0.007129889376888789,0.005051319659685591,-0.0017290466371957833,0.008907342763394468,3
21.99,0.008984060223800461,0.012199031572632203,0.009484120691364551,0.01787395464644912,3
22.0,-0.019923141117996902,-0.0031942332736581147,-0.0004871793337029532,0.02018345911674584,3
22.01,-0.013040044307937116,-0.009572648167250742,-0.011040923858196666,0.01958520738030181,3
22.02,-0.02533377751523137,-0.014638552987624325,-0.011696809697997678,0.03151036137326737,3
22.03,-0.0176154969501063,-0.015802390843709803,-0.018722235643970755,0.03017521162618312,3
22.04,-0.009185766317975087,-0.0017807835600357263,-0.007407921070979739,0.011934269459418315,3
22.05,-0.024669280892285508,-0.024439505864725045,0.0007146019227789319,0.034732888197822706,3
22.06,0.00735265897790265,0.01086196348701823,0.01050772136858634,0.01680642892462571,3
22.07,0.0093734400086753,0.019248140219049394,0.007931240382299667,0.022831050205591563,3
22.08,-0.0034887701822011296,-0.00909966450290294,-0.008507540674793333,0.012936524254330083,3
22.09,-0.007408812248854371,0.005924639179158958,-0.007515532411356158,0.012102688782586489,3
22.1,0.002300108125362789,0.0019032298103750568,-0.002060652761903151,0.003627543370464271,3
22.11,0.02243390741224687,0.011140653868286547,0.016224760182427994,0.029843545589817812,3
22.12,0.014073952513002037,0.00875981538817652,0.01414049113965347,0.021789079710804418,3
22.13,-0.013957392743732836,-0.008916036046640435,-0.0062286813833091325,0.017694659724407796,3
22.14,-0.019045273953115012,-0.01587664666396945,-0.0031172142241483753,0.024990145933166664,3
22.15,-0.0032297761422723356,0.007472158450782733,-0.005813117856805003,0.010002846847767918,3
22.16,0.006074615864085599,0.002678919621714059,0.004717978168689976,0.008144745928268127,3
22.17,-0.01548381635560253,-0.007677333790436752,-0.0006106360108843797,0.017293435153305867,3
22.18,0.00037820169612468686,0.01783987835493092,0.009806509573087251,0.02036103941965479,3
22.19,-0.019617825199825373,-0.014482142957148962,-0.01571796844935026,0.02901113686805419,3
22.2,-0.0018029091366162102,-0.0045313142978155255,0.007968631722192565,0.009342504061782112,3
22.21,-0.0015140671993125712,-0.003477763863146917,0.013866054445474982,0.014375489795367714,3
22.22,0.01447357538846418,0.01966886147263923,-0.0019141876133566922,0.02449515483467202,3
22.23,-0.008873504495260892,-0.00636617773755901,-0.013399358078017275,0.017286124433097603,3
22.24,-0.012201616253527003,-0.005857324389713692,0.004395177999402629,0.014230434914334211,3
22.25,0.008130952795942285,0.0006606133013351903,0.0015390848769593984,0.00830166161453403,3
22.26,0.0007455375441955334,-0.001298790616195489,-0.0005778297693627522,0.0016051699401883827,3
22.27,-0.0051589871268642494,0.004643419454759541,0.005222308085359643,0.008686138045552991,3
22.28,-0.007386266105192737,-0.016315554663500063,-0.008204234102996935,0.019699332683397065,3
22.29,0.01894819962514089,-0.0004355907314034773,0.010593670658101784,0.021712896313753276,3
22.3,-0.007842483630117624,-0.00899477432445759,-0.011242902733559764,0.016395529162331723,3
22.31,-0.014464084689127032,-0.01283995015646607,-0.0007961896665464293,0.019357375439348366,3
22.32,0.0029880806158682,0.00041023266115088313,0.007026039435022408,0.00764605432531657,3
22.33,0.0030387221166824955,0.0006608501078428132,0.0029332852842764356,0.0042748938614197065,3
22.34,0.022227812285647672,0.016108129429803355,0.010618367835388418,0.029432927279169803,3
22.35,0.009854895544012244,0.004043693746341745,0.004889515835604816,0.01172082720648274,3
22.36,0.018470825516425836,0.024254002332443868,0.007825454050214503,0.03147484321632848,3
22.37,-0.02441213264187072,-0.01006159608402938,-0.010886972544128676,0.02856070914839225,3
22.38,0.0005546908650031802,-0.0001283759588062986,0.006022955855828381,0.006049806574079439,3
22.39,0.020113795306442243,0.02179885891866442,-0.0011206918551859568,0.02968182881864885,3
22.4,-0.012920412647718607,-0.02931423607447029,0.0057342004578799,0.032544470413700885,3
22.41,-0.005704757366868434,-0.0008641725360947396,-0.0009007011428583086,0.005839718600731233,3
22.42,0.005546853526232567,0.011182211837362909,0.01654857654870665,0.020728358145437893,3
22.43,-0.01233686815357456,-0.012723924056021827,-0.0035037573551438,0.018065792947607295,3
22.44,0.0019192655706638554,0.00602518102763968,0.001466235791949001,0.006491242881309951,3
22.45,-0.015233153704233067,-0.015296485783105721,-0.0025572941271568552,0.021738702867060308,3
22.46,-0.008222998449530988,-0.002645325007965549,-0.010658140066449008,0.013719015911310936,3
22.47,0.0011905355276477566,-0.00919335093949856,-0.0053348772590536865,0.010695606187053577,3
22.48,-0.018428172165190188,-0.005251501244044173,-0.008959895941091995,0.021153144682086508,3
22.49,-0.013080706972708122,-0.008704598163316313,-0.004896842245329779,0.01645764223898159,3
22.5,0.009975390151443287,0.009266239042408956,0.011214121701359887,0.017638824229451535,3
22.51,-0.008043748822815971,-0.005779527765134598,-0.0026185172335977743,0.010245070464138525,3
22.52,0.005205809445831603,0.012746407828956724,0.011590380664125923,0.017997452277134753,3
22.53,0.017319670507564704,0.014566026111371498,-0.007731381365636267,0.02391473104571052,3
22.54,0.008173647996803275,0.013690325651109858,0.015058599047905262,0.021931596916199607,3
22.55,0.011136581704509561,0.003872949558040707,0.0030831781684691273,0.012187254734306223,3
22.56,0.02653998180112302,0.023526894873308928,0.01657305864589538,0.03914781844833705,3
22.57,0.03491778838058785,0.03745260436177362,0.02344462311530706,0.05631695900783218,3
22.58,0.007645414608393539,0.018706331970129622,-0.003922829338271103,0.020585621446245712,3
22.59,-0.0009190986598137255,-0.02069800926039494,0.008789987165264595,0.02250591486821592,3
22.6,0.011949674294770526,0.010084554174246241,0.010431282295729497,0.01879639856402301,3
22.61,-0.009767853500071404,-0.01823380134588826,0.0067849703420401015,0.021769664583142695,3
22.62,0.012954963093341192,0.006376593468170372,0.006823309417270383,0.015970271269203796,3
22.63,-0.011470176079946354,-0.012001950599821622,-0.004649641696281317,0.017240386463456377,3
22.64,-0.011641886152880424,-0.0029118660620760847,-0.009156751111507409,0.01509498486511966,3
22.65,-0.01993873741269902,-0.01466037837847642,-0.012669601375654156,0.02780285494028698,3
22.66,-0.01819032283333584,-0.018251496987205715,-0.00804106016486294,0.026993770311497876,3
22.67,0.006515014361217187,0.009205978156734778,0.006965042353829744,0.013255461551367656,3
22.68,-0.002497321409851065,-0.009650938818087063,0.003913159464454323,0.010709344111046609,3
22.69,-0.005597668189286931,-0.00970434772363829,-0.008051577428829993,0.013796236914140142,3
22.7,0.02172830132077168,0.012547177364358045,0.009698151593854395,0.02689990487782973,3
22.71,0.0008947464105973472,-0.0005891462132818179,0.002283748670148812,0.002522532931065045,3
22.72,0.0016617527999869272,0.002969200023260712,-0.011651336042820261,0.012138006538518518,3
22.73,-0.009251891204276264,-0.004573145655447075,0.0015191681528176505,0.01043163572591731,3
22.74,-0.003750388457004241,-0.007213310471975102,-0.0027344645676522458,0.008577561309328073,3
22.75,-0.003950624323671163,-0.00048212163695236093,-0.0011901197291397203,0.004154065332814044,3
22.76,-0.0002916963136924567,0.0008063413206444808,0.009106847414343778,0.009147127576072197,3
22.77,0.002261929925546298,0.001987570066855723,-0.004455885095592715,0.005377887479658536,3
22.78,0.003683055606631589,-0.009378685938094666,-0.003073348804322064,0.01053423568181303,3
22.79,0.01408332734696155,0.013773482323878233,-0.0069064670220105135,0.02087458289916184,3
22.8,0.003457410409925703,0.007353134659005351,0.0015732757084887979,0.008276319986023335,3
22.81,0.02294649798940179,0.022286292797112434,0.017324898495521206,0.03637819023118603,3
22.82,0.0066468458286825715,0.006023615952708967,-0.009240026115287642,0.012877988632826264,3
22.83,-0.011717389402061084,0.0004896556168593139,-0.011062579001193368,0.016121961145601976,3
22.84,0.00015768011635844143,0.0041189463306148515,0.001464571260176743,0.004374420060958487,3
22.85,-0.005005715842917691,-0.0066831450374592455,-0.004618211994475969,0.009541986204018272,3
22.86,0.009002585564010353,0.005927425323513723,0.0017417278562329788,0.010918540824136588,3
22.87,0.0018668001656829032,-0.0031544432295105536,0.0021640160473794926,0.004256573786522988,3
22.88,-0.006685001714987336,-0.012478279460968762,0.008412510925010087,0.016467150521533244,3
22.89,0.01465394857015647,0.01595921423821162,0.007245561400070197,0.02284585055978688,3
22.9,0.002100430525892749,-0.00047458299426814295,0.0027888489606248046,0.003523452275500359,3
22.91,0.004784183632172471,0.0089723834506616,0.005446142299212503,0.01153484043042316,3
22.92,0.017984637324201337,0.02759748946715858,-0.003191759408505093,0.033094651119097256,3
22.93,0.012610313214834289,0.017274294906773624,0.008025237297117592,0.022843504494220162,3
22.94,0.007091289466892707,-0.0026508428694739196,-0.005656603527700917,0.009450424206960375,3
22.95,0.005328517049488993,-0.0006979612217470877,0.0029661387728895537,0.006138258957863893,3
22.96,-0.01676843815705013,-0.007080534044517876,-0.0005781699311381526,0.018211226236902987,3
22.97,-0.014166627462927923,-0.0064831096506874734,-0.008474132009118104,0.017735133428429025,3
22.98,0.006371968275463816,0.01515107253470361,0.009713582372498536,0.019092162296677703,3
22.99,0.00021234989597205406,-0.002691047666476989,-0.009865019833130848,0.010227680398293425,3
23.0,0.005573502688089732,-0.00612031064250528,0.004569126858270933,0.009455107340579465,3
23.01,0.015540533444927859,0.0035381397286470993,0.009149070998378604,0.01837748929058931,3
23.02,-0.008249186131329488,0.0038219894553385833,-0.019491467897126535,0.021507533471106174,3
23.03,-0.02030035603227088,-0.01284297936633866,-0.005659174785032967,0.024679400991286442,3
23.04,-0.01925494253584121,-0.006721686667913372,-0.026186385129373952,0.03319127370053835,3
23.05,-0.017424594654447657,-0.014806456961078063,-0.006430531411442833,0.023752881948210326,3
23.06,-0.02073730225111664,-0.020274580358795268,-0.006272738129098476,0.029672235457000203,3
23.07,-0.007339392355133113,0.00021541930629333326,-0.005486397013401264,0.009165895363180217,3
23.08,0.010519209411912074,-0.0031681482819856796,0.0061109047779864065,0.012571160940578458,3
23.09,5.757116953492968e-05,0.0040454942103510475,0.013985626877419388,0.014559089841056036,3
23.1,0.0022362094187328985,0.014639989415380313,-0.001913022549111623,0.014932835561951616,3
23.11,-0.0015626698765561263,-0.019080467506636105,-0.007358133125637684,0.020509712345849678,3
23.12,-0.0168413277134054,-0.019209335247335344,0.005037018233069567,0.02603844143713506,3
23.13,0.02730725141243036,0.019022806793414365,0.01380462619406451,0.03602944438038288,3
23.14,-0.0010389078640277646,-0.0043766824987482265,0.0068193007215450385,0.008169304840416499,3
23.15,0.014193848648391932,0.009007461139847815,-0.0031309470774334523,0.017099781438399003,3
23.16,-0.02030867518706873,0.0035556416447602955,-0.02369046836956315,0.03140578238046438,3
23.17,0.00654957998714474,-0.0005603779242951933,-0.0020545377916421827,0.006887100040171496,3
23.18,0.00593716095669828,0.0025341623585196323,0.0018026783400196806,0.006702350951916524,3
23.19,0.0044519860610903435,-0.004715440030032625,-0.000944543396048241,0.006553450754525828,3
23.2,-0.01019588485303511,-0.018315790104054833,-0.00754722853741824,0.022279696893543324,3
23.21,0.007367000030323166,0.008720003065257144,-0.007740302058642817,0.01379215062504415,3
23.22,0.017539024934972048,-0.000647596474457399,0.009387719123726952,0.01990392039798415,3
23.23,0.02574966026388521,0.007642361484234828,0.010179628948726892,0.028724128155524293,3
23.24,0.01793911250979116,0.012922358736331525,-0.004977393243766075,0.022662161336740975,3
23.25,0.01109665726043523,0.012468947801530787,0.0032889264397871973,0.017012568846567547,3
23.26,0.01456525236857107,0.0032588415391200587,0.005903672284875553,0.01605054426443126,3
23.27,0.014646332329706933,0.004338338061535272,0.013094891803710478,0.020119950775269506,3
23.28,-0.019016926880163598,-0.026382991753122413,-0.011638748274214517,0.0345422382482859,3
23.29,-0.004862097599982414,0.0006735443195175325,0.003786413190925107,0.006199240265913295,3
23.3,-0.022434492402911715,-0.01542149146336997,-0.00479435941033779,0.027642625245923928,3
23.31,0.0007553433663222272,0.0006097707864386924,-0.004463929737083576,0.004568263642858203,3
23.32,-0.006735797881594172,-0.015207102852269068,0.0011455457609930108,0.016671509390325388,3
23.33,-0.003369959147206953,0.004134768044351773,0.005467559897688314,0.007638530138007302,3
23.34,-0.002393150780199342,-0.005678360703232058,0.005605984199916614,0.008330546787726092,3
23.35,-0.026732909709156916,-0.011597128488887318,-0.009808674804590245,0.03074657626676345,3
23.36,-0.017658530487635597,-0.017608226072011835,-0.008489729379708263,0.026342908520634443,3
23.37,0.017076636581073938,0.014563630282527629,-0.0004256550812919962,0.022447539423653053,3
23.38,-0.00033684553496752135,-0.0062739307590308855,0.0070520433255774565,0.009444945058038346,3
23.39,0.02026446538862821,0.02187989177804578,0.0004165356571333087,0.02982535370552325,3
23.4,0.005572523791831765,-0.0057755123457541545,0.0015842018789613177,0.008180419296087107,3
23.41,-0.012688328868031291,-0.006471563417406418,0.0008673853156052182,0.01426979957163228,3
23.42,-0.012197797495357054,-0.018304583464539625,-0.011429083634281766,0.02478846490340706,3
23.43,-0.00560401801548367,-0.0073432722127589264,-0.0025186310839893874,0.00957455833162974,3
23.44,-0.011052313584397077,-0.0026224302795741427,-0.01439836219888855,0.01833967312002747,3
23.45,-0.0033645321622149493,-0.01148425994527456,-0.0036541365433245313,0.012512434496870551,3
23.46,-0.0014525697491743748,0.0027339516772908797,-0.006611998840348319,0.007300888940036387,3
23.47,-0.002165608730174998,0.004527758919018673,-0.005663892054797851,0.007567703430325843,3
23.48,-0.00471244322006093,-0.01931015144922734,0.0013399195755075814,0.019921959104546506,3
23.49,0.0026283619119195634,0.005645082325198612,0.005178753517446339,0.008099057278026995,3
23.5,0.004245920169167561,0.011977755280467494,-0.0015003052219146901,0.012796303192743415,3
23.51,-0.01804363029485305,-0.0186168834942061,-0.006436659493839735,0.0267131340485129,3
23.52,-0.027744092668697595,-0.026296605673202415,-0.01520372872958813,0.0411387835895045,3
23.53,-0.01150228633110592,-0.021059300314436286,-0.007261687309381766,0.025070477122615727,3
23.54,-4.774779048251441e-05,-0.007725389455692747,-0.006913500140300328,0.010367275740692792,3
23.55,-0.004947636580996666,0.004687818863999589,-0.005311804633924154,0.008641181742578089,3
23.56,0.011237578932429507,0.004526381415509205,-0.0067248778365630825,0.0138562365344255,3
23.57,-0.010390459870498697,-0.0032741743268653927,0.008006514550120648,0.013519842790670382,3
23.58,0.02600707665493771,0.013208876500044153,0.018960208912908054,0.03478982576200034,3
23.59,0.017265124042178025,0.0111889108384383,0.022512703314645013,0.03049750882409159,3
23.6,0.003329117058408401,0.012297767478813402,0.008336791494867801,0.015225642770682835,3
23.61,-0.001832086096563052,0.009491278450550577,0.00107658975887894,0.00972625064452014,3
23.62,0.004223457589219457,0.004179620188779008,-0.011165773991219003,0.012648372533783437,3
23.63,0.017988295464780903,0.010929384092512607,0.014389047235502737,0.0254965662534282,3
23.64,-0.0027879475229775543,-0.008274893712722026,0.006907377377610154,0.011133659756991127,3
23.65,-0.007371264741117974,0.0012568632232132842,-0.01006984911079395,0.01254261177584927,3
23.66,-0.002810858666204996,-0.0029253402278354044,0.0021687063738605413,0.0046001988246156455,3
23.67,-0.01992594415721765,-0.0035860496338155495,-0.007968782996275273,0.021757860762824793,3
23.68,0.006376023494975373,-0.0089969351888517,0.0025311166098585117,0.011313932547685512,3
23.69,-0.00015297053893265685,-0.0035619705010768066,0.003314477069124572,0.004867935093864267,3
23.7,0.0028691820978173684,0.0008310080622163422,0.004177234593451961,0.005135374295865493,3
23.71,0.008961019162072802,0.010367830174290008,-0.0018531188911899378,0.013828442304570655,3
23.72,-0.016124724191940082,-0.02162957341822707,-0.0013542291582279882,0.02701257324161487,3
23.73,-0.004822072656850864,-0.004463692347709431,-0.010840869656293528,0.012676805156966571,3
23.74,-0.004061245127249945,0.00494999607607583,0.0011770114745070222,0.006510109764658252,3
23.75,0.018432997807595553,0.015421156265313828,0.010143971151433749,0.02608615762152737,3
23.76,-0.003151770358547207,0.0004700704383311812,-0.005850643446088372,0.006662180674769071,3
23.77,-0.017426252315225363,-0.018702940006623772,-0.000276361049053854,0.025564635926895174,3
23.78,0.000402649639768788,-0.0014570653130630232,-0.011098900458125708,0.011201373015765542,3
23.79,0.01788657148023874,0.004323218853389597,0.00973944903057424,0.020820099134998053,3
23.8,0.01432510004044412,0.018130320997239484,0.007691075861642806,0.024353021959116688,3
23.81,0.006763501927591897,0.008118679423590201,0.012604357331021327,0.016447727430731498,3
23.82,0.0025677488166311073,0.002821618843901851,0.005172139432679535,0.006426966095806874,3
23.83,0.009818688634982402,0.008296039073597545,-0.008861163265130263,0.015612531032240858,3
23.84,0.010600542169047069,0.01713359336159805,0.0020386542870255695,0.020250620411739233,3
23.85,0.004145539475916305,0.019044212390702996,0.011616957080204379,0.022689671988195347,3
23.86,-0.0050507636035125245,-0.0028790947842670216,-0.0031949354046077933,0.006633778108663023,3
23.87,-0.003562070595146605,-0.0018313972791959897,-0.008257726514618844,0.009177821642922336,3
23.88,-0.011790234562180823,-0.0050749275346756925,-0.005607504575677939,0.014007449021135208,3
23.89,0.005614596829368443,0.015554180094146046,0.012594759052009285,0.020786634444653448,3
23.9,-0.009322015454171724,-0.0003182893953924534,-0.009282863424498935,0.01315951494641561,3
23.91,-0.019210520171159096,-0.010252593855651842,-0.014931874654382218,0.026403042376014974,3
23.92,0.019596531402362755,0.01990103709172249,0.007452466336375476,0.02890699871700128,3
23.93,-0.015102425429995915,-0.007232222952138146,-0.010691409064448968,0.019866920508257002,3
23.94,-0.01534956389737366,-0.021909168129061303,-0.002483817611195884,0.026866151750347858,3
23.95,-0.016923303891400746,-0.00328275794131167,-0.009729017819082586,0.0197946584215533,3
23.96,-0.008351923182908925,-0.012210930228611461,-0.0016481174919003852,0.014885487199562423,3
23.97,0.011232396763076677,0.007178529453712182,0.014830872956173465,0.01994123403410998,3
23.98,-0.014516992322974227,-0.0163524346779742,-0.012221851127915382,0.02505032596585586,3
23.99,0.008163016872596483,0.0036163445987387618,0.009894913652331862,0.01332749447218889,3
24.0,0.0004462038032533363,0.0022303299620520653,0.005631947081669586,0.006073902987732968,3
24.01,-0.0017599869335807317,0.00963830400571992,-0.00823963566557462,0.012801798858537845,3
24.02,-0.0130740452759027,-0.012521874750777803,0.002377290053025993,0.01825868328074992,3
24.03,0.006371227592160888,0.016166587889743227,-0.004512800276681701,0.017953174409143444,3
24.04,-0.01517675931529799,-0.023434519508400673,-0.015564982785449977,0.031965284560213914,3
24.05,1.664766183581516e-05,-0.009835750715199846,-0.005035234477805722,0.011049699340827439,3
24.06,0.005171693915623473,-0.003157271655978565,-0.0024986077378257522,0.006554221761129631,3
24.07,-0.028439280927421758,-0.01378723702698884,-0.014874828841452413,0.03493051871314956,3
24.08,0.004708771413107812,-0.004149454594792469,-0.004530997795425673,0.0077408295858582225,3
24.09,-0.029304048664878273,-0.030488475337529478,-0.009774030257537519,0.043402834746545715,3
24.1,0.014760948226703284,0.024704923623618712,0.00586288096183212,0.029369920275221423,3
24.11,-0.010178123837137003,-0.008185762023896481,-0.0034762320437944196,0.013516104985470682,3
24.12,-0.018310509265037654,-0.0009158377684984169,-0.004169427460091863,0.018801532748906565,3
24.13,-0.004883120728106052,0.004835772415808631,0.0069447520652350485,0.009770319552109906,3
24.14,-0.016877638146890882,-0.0053629836965281025,-0.010198021962164901,0.020435653047735227,3
24.15,-0.03338825258706177,-0.013304320694407257,-0.018712192331912448,0.04052069226732871,3
24.16,0.011633087552397206,0.005989365789378359,0.0100354229318407,0.016489722313660374,3
24.17,-0.003801796097762637,-0.011899516813838731,0.005817935076326343,0.013780439852346596,3
24.18,0.0036349033963262996,0.006687531378341171,0.0021136996252479317,0.007899577504062826,3
24.19,0.0028564843018105074,-0.0008172104864437217,0.0017080344853636783,0.003427056659705966,3
24.2,-0.0034502257990411305,0.002395381052341918,-0.0028110157785385887,0.005054079358051335,3
24.21,-0.005802357190005572,0.0031569067608537065,-0.006310543756697819,0.009135445898385641,3
24.22,0.016752847298624578,0.005281976516508415,0.005173717937963016,0.01831186844190345,3
24.23,0.013820902225308324,0.004943897005311562,0.005735150225315784,0.015759168887590515,3
24.24,0.006131803464509906,0.0035804033090726674,0.006730462182524531,0.009783528135258112,3
24.25,0.017289350088450228,0.02226189286596333,0.012808025281083829,0.030960604193999597,3
24.26,0.002057668680589157,-0.00484362510619917,-0.0045703622836891795,0.00697014461633681,3
24.27,0.014017019454745198,0.02448475738750281,0.006688636615743946,0.02899513818723838,3
24.28,0.015916374224149748,-0.0020160658874666653,0.0028576119370873256,0.016296055844552362,3
24.29,0.008958015550709358,0.01922170038162865,0.002489891607289426,0.021352268459906173,3
24.3,-0.0009795770503828807,0.0012330988493311115,0.00033831943769491624,0.0016107650392843584,3
24.31,-0.019359457553133064,-0.009276193731694058,-0.0029549855852761507,0.021669524838091647,3
24.32,-0.0026041704564836446,0.0027820260086439206,-0.002012496503428937,0.004309468024653061,3
24.33,-0.01357889654076196,-0.0280292310160574,-0.0034448712764568634,0.031335145774793974,3
24.34,0.0015006641562042107,-0.0012152593628254305,-0.005736060308746625,0.006052374417881745,3
24.35,0.013637971726266697,0.008371520884694459,-0.000672985043509702,0.01601653968865039,3
24.36,-0.004911688036526687,0.0062582913666135356,-0.003764241215670353,0.008801159135440077,3
24.37,-0.01500395454707082,-0.011161610667804493,0.013268086787355568,0.022929071759384714,3
24.38,0.009253747300103553,0.017880830581298197,-0.0005544181962911492,0.020141085395470656,3
24.39,0.0030656855459261795,0.01671807487136108,0.0022989560922674385,0.01715160792418918,3
24.4,0.02364390940122993,0.021249166998841863,0.013088427150292407,0.03437831402478531,3
24.41,0.00742776139724701,0.0067512608953490295,0.0035360899589236207,0.010642137719889849,3
24.42,0.0068918379586184195,-0.003345313104764642,-0.00048549037926944776,0.007676213332439826,3
24.43,0.00914293272636706,0.0115700365585075,0.00744905771748884,0.01652112059403217,3
24.44,0.011222064495147305,0.005432451203010141,-0.00041546189515402187,0.012474729102976827,3
24.45,-0.017402102286369663,-0.0008940301172795598,-0.005550297902820743,0.018287653229595413,3
24.46,-0.005086661554316355,-0.01512126603857071,-0.005785465055831074,0.0169705161468246,3
24.47,0.015790625053310643,0.005827022106531555,0.013082501199002904,0.02131782971660487,3
24.48,-0.0076915895669533016,0.0022235927070021356,-0.014191318743642326,0.016294122936714082,3
24.49,-0.0026012437119041615,0.012128068317369362,-0.0018304108788771483,0.012538218132773544,3
24.5,-0.007183075273897336,0.0009507365153759925,-0.009943206669467531,0.012303163381175111,3
24.51,-0.01445556855550044,0.00031055664919909555,-0.0015451153964350954,0.014541227227556675,3
24.52,-0.009364020360956288,-0.0048633804753627,0.0008264762431319204,0.010583969479784251,3
24.53,-0.02023658471605274,-0.0002656228435216103,-0.024865613187459504,0.0320607023574553,3
24.54,-0.02557036303054151,-0.015636596441820118,-0.018963422558191327,0.03546770374465402,3
24.55,-0.004443317844847375,0.001355044394285671,0.0035902390196438662,0.005871033554579423,3
24.56,0.01393415530577352,0.011813083611284646,0.005467479181167681,0.019068375837735112,3
24.57,0.005557240014753155,0.002203458835371998,0.006162161559162801,0.008585475088891488,3
24.58,0.00811489938179209,0.009538891574007023,0.003547140713182692,0.013016307144362799,3
24.59,0.013957343870169623,0.012239504582274071,0.007241852928825602,0.019926298054892422,3
24.6,0.006060404145673902,0.008334963203960025,0.0086597083998343,0.01346070798993982,3
24.61,0.005840744523406337,-0.013385487680982355,-0.004521951042534561,0.01528834910238875,3
24.62,-0.0032934338234201135,-0.008794648552434708,-0.004136006587083774,0.010261534972823992,3
24.63,0.017300563937554685,0.00840979863128634,0.001570766132057106,0.019300298749444812,3
24.64,0.011282616142599353,-0.003586322973382579,0.006707616929502725,0.013607029961149007,3
24.65,-0.0009062324616440891,-0.007657266958993169,-0.008251171359645348,0.011293220238800696,3
24.66,0.0023023320963878125,0.007709338546358998,0.0065749966346543235,0.010390631099704669,3
24.67,-0.009257817935886366,-0.0035163947947742017,-0.007374996907641756,0.012347582948677036,3
24.68,0.00835657947920339,0.014098572854245744,0.006829411348503123,0.017755084806493644,3
24.69,0.018198430358408298,0.020438995042957736,0.003744071035086262,0.027621612078075015,3
24.7,-0.01625633229985528,-0.003045453839923065,-0.0024686534660548903,0.01672236164152316,3
24.71,0.007721494712381263,0.006158856993481326,0.01059922467547009,0.014487807417983566,3
24.72,0.008009404835482542,0.01680947915107948,0.008173808007658493,0.020335198363804787,3
24.73,-0.021548221254284277,-0.019227716795758156,-0.014991396092671253,0.032538790530823786,3
24.74,-0.03280822010147286,-0.012173533563801473,-0.006005608048006778,0.035505514412299,3
24.75,-0.006925373819133243,0.0026425869605687293,0.0010312094942207602,0.007483813292692107,3
24.76,-0.008751194211232688,-0.0005128975975265066,-0.007750234245856524,0.011700965555624384,3
24.77,-0.007692246974274114,-0.005145662538523583,-0.0017882485293102685,0.00942583361173825,3
24.78,0.010544620342338077,0.0023309405816998386,0.013965029572154617,0.01765345159198671,3
24.79,-0.004855555871511579,-0.0030259651024113735,-0.0075595079407089275,0.009480456103375163,3
24.8,0.03080084447486368,0.009765819251800699,0.008315467077911608,0.03336480539052212,3
24.81,-0.014420082246441332,-0.0014283668055167995,-0.007262350102114433,0.016208662274565296,3
24.82,-0.004521296596899773,-0.006646327025560342,-0.010439334159790736,0.013175563879682911,3
24.83,-0.003238782971928267,-0.005256260696131786,-0.0008047228963102528,0.006226200332851351,3
24.84,0.0056743034000278515,-0.010296209091132675,0.006935468689586036,0.013649555548372959,3
24.85,0.02493970215489966,0.0093828718479669,0.012247148081979492,0.029326091860873833,3
24.86,-0.006248701625198656,0.016917258549596775,-0.007164810880644647,0.01940552559942836,3
24.87,-0.00507805629539744,-0.008390988773702574,0.00316247516824299,0.01030517333815311,3
24.88,-0.003763206550518445,0.0058290077475028,-0.0027180466092698117,0.007451632856795598,3
24.89,0.0005161039442212502,-0.009705647202096414,-0.004508027615726567,0.010713928498779337,3
24.9,0.001128704862520662,-0.009804071100411885,0.0020592587493017626,0.010081385391164507,3
24.91,-0.007823634595448907,-0.00555355184342415,0.003706916781412346,0.010285544632396537,3
24.92,-0.020653634648381325,-0.013869371592207068,-0.012771046963987417,0.027964830289274246,3
24.93,-0.007931250045331876,-0.010298325142206625,0.006032781401409833,0.014330201654316607,3
24.94,0.009474002438680105,0.006657864631259754,0.004729579083076362,0.012508109447849006,3
24.95,0.002992075660244165,-0.0040410215302715945,0.002110618563533589,0.005453171782135304,3
24.96,-0.013017604445755164,0.0006630137204573106,-0.005168994885147838,0.01402198704971388,3
24.97,-0.00553642960998712,0.012278729884171941,-0.00581290886772615,0.014670009199018537,3
24.98,0.001317275121239002,0.00935134898573445,-0.007009921609967927,0.01176103492792736,3
24.99,0.008088020357050734,-0.005202490828274318,0.015375227140176886,0.018135037737109273,3
25.0,0.01825454849211058,0.016408870591955883,0.0011350335525946338,0.024571688503639444,3
25.01,0.005449623177282239,-0.000779264355785801,0.009909402716705883,0.011335868202851864,3
25.02,-0.009659597052850131,-0.011360190875050283,0.006029283911899898,0.01608458940822866,3
25.03,-0.012169537004628625,-0.002788723121756498,-0.009758141057734005,0.01584600657766741,3
25.04,0.014655531385924011,0.011170793210478638,0.010307469733976853,0.021114335260005897,3
25.05,-0.009395630309401356,-0.005614355300021772,-8.541644130452379e-05,0.01094559958678688,3
25.06,0.01759383547331642,0.01273253352729995,0.012072972316959377,0.02484787953230641,3
25.07,-0.00022650181731592636,-0.007314570926235767,-0.003887838846778718,0.008286708743928596,3
25.08,-0.009155833180855832,-0.014509634011307912,-0.006444803407952394,0.01832741802177597,3
25.09,0.009591725217863282,0.004481602766998083,0.009141882073222701,0.013987850580302533,3
25.1,-0.01114773058264219,-0.009336412949720468,-0.014853720676987096,0.02078637827667047,3
25.11,0.004386520945908515,0.00640003270459116,-0.01003354002075665,0.012683607924279902,3
25.12,-0.0013783634493589802,0.006144358980998848,4.444509345210689e-06,0.00629706700294457,3
25.13,-0.02835506872768877,-0.021252648591329762,-0.013534525769482749,0.037932418621850324,3
25.14,0.009989175970523989,0.008410170703368643,0.00543969446401452,0.014145843336179157,3
25.15,0.007687168152958099,0.012740851082680603,-0.0008743099314793318,0.01490591353722341,3
25.16,0.00345868798787039,0.00041811860187101037,0.006266374966112337,0.00716971414901521,3
25.17,0.00431174599700845,0.0064760335505184285,0.007031572721375929,0.010486809763991946,3
25.18,-0.014843349340995137,-0.008651848641447475,-0.005697078742499724,0.018100724039981923,3
25.19,0.009626899999078481,0.004185340656308219,-0.0036023669432580967,0.011098257863082946,3
25.2,0.007016613297025588,-0.005248403612344839,0.009406478008001474,0.012855365850612189,3
25.21,-0.024792894535681967,-0.02492077437758273,-0.021697506896892906,0.041309979672913756,3
25.22,-0.008909162905250224,0.0020827124350552275,-0.011581170119752623,0.014759213261623102,3
25.23,-0.004298322552037707,-0.015934720691069843,0.0026216181019410936,0.016711187322754496,3
25.24,0.024217922414737136,0.031159249776682132,0.004142548934164425,0.03968081809141338,3
25.25,-0.004005169155618715,-0.00821662738872167,-0.006221273446936559,0.011057060590942264,3
25.26,0.0009585744993079372,-0.013480431921744626,0.0012316732860659534,0.01357048005603057,3
25.27,-0.007720355714012282,-0.009735492603880024,0.00205271352465659,0.012593543639714471,3
25.28,0.0009510638281370401,-0.017364547390722344,0.003912757147166937,0.017825310571839663,3
25.29,0.017482888971610166,-0.0014131012711491222,0.015795178941102994,0.023603727243332463,3
25.3,-0.014080320876330012,-0.009061158115671635,-0.009036172116500377,0.019026624211789005,3
25.31,0.006320544299473962,-0.00810060271911536,-0.0023545259023928984,0.010541007393963398,3
25.32,-0.012266233495979644,-0.020705795519026238,-0.013212466310643552,0.027454684814499527,3
25.33,0.01861634166065969,0.013464150171795908,0.009048126629662855,0.02469251125708966,3
25.34,-0.004490126437000901,-0.002558884071250805,-0.00037488015901757316,0.005181665585888436,3
25.35,-0.008229208097588543,-0.0017798333003142038,0.010987017882324774,0.013842045890577323,3
25.36,-0.014889091888805751,-0.008580538646942365,-0.003021864879846477,0.0174482769377673,3
25.37,-0.005319824894593852,-0.00418427728281882,-0.012675168566133575,0.014369015675005536,3
25.38,-0.024816272909253607,-0.012814260650840941,-0.004267542787352699,0.028253576739523282,3
25.39,-0.004614217821488331,0.0040253360948726506,-0.007146116012083826,0.009410701931258154,3
25.4,-0.01091799656362446,-0.007143586979352472,-0.012788791101480908,0.01826982927485112,3
25.41,-0.00918100474022748,-0.0023770277437708135,0.002077465592852536,0.009708603000649565,3
25.42,0.02550067339253495,-0.0030807118317736602,0.016521002959533085,0.030540443147604637,3
25.43,0.019963676441170912,0.010451604307311662,0.015522643741047216,0.027363056816734684,3
25.44,0.022690026640128376,0.02737443189381688,0.00646521991861325,0.0361385652597746,3
25.45,0.016952940185519034,0.007359004225391993,0.020968998648782287,0.027950957558834307,3
25.46,0.012617890421130332,0.01284171760519472,0.011174982240743984,0.021189646004880873,3
25.47,0.025607511609017992,0.019774460807078665,0.0058220019939459345,0.032873540397015226,3
25.48,0.011480921686666678,0.002983501714725274,0.018475041938618247,0.021955409809221164,3
25.49,0.013829377153457976,0.013281352025239935,0.009689460008998363,0.021483286977017946,3
25.5,0.02133797904228278,0.011263532932815607,0.009500576860480255,0.025931399584662104,3
25.51,0.012350563386310347,0.004698157317741014,0.002205316593002395,0.013396735401465718,3
25.52,0.005507628418761701,-0.00018000352002644398,-0.01680888638734203,0.01768912190157967,3
25.53,0.007346958330907823,-0.0018259638248436976,0.007894896365696326,0.010938067892951604,3
25.54,-0.0030568225418800363,-0.010182848155084754,-0.00509670017875475,0.011790288941081029,3
25.55,-8.521675710324202e-05,-0.0039862973815284995,-0.0014510490541254936,0.004243038070433809,3
25.56,-0.00016200917895795724,0.00039724008756188253,-0.0006618008040623077,0.000788686861492139,3
25.57,-0.022785389507806262,-0.019004226905012273,-0.015431122334513072,0.033443297561429976,3
25.58,-0.016646753630405405,-0.015231301938716853,-0.004385801020046928,0.022985695894778127,3
25.59,0.0017922458792095797,0.02177033430279407,-0.004241457799413888,0.02225195643558482,3
25.6,-0.003864408212996622,0.0030694141601043563,-0.01135428543127117,0.012380418077662063,3
25.61,-0.003668834483519767,-0.01579247278394764,-0.0012600809442894548,0.01626192937770153,3
25.62,0.0023680775451899424,0.003659073885072383,-0.002418059924112704,0.00498433814593788,3
25.63,-0.02254011888936369,-0.013460458190106012,-0.02189575676487439,0.0341857434984349,3
25.64,0.0015129491295948864,0.029128338986138064,-0.006690854772844875,0.029925184790597595,3
25.65,0.0035885843782459083,0.0052163768645196815,0.0026185437252817033,0.006851663788723068,3
25.66,0.009151563055067414,0.02325649375325739,0.004957002301962426,0.025479157754286847,3
25.67,0.01809100474421941,0.009443310086813622,0.016488562083561864,0.02623610561105743,3
25.68,0.003580148468734874,-0.0037117602414905157,0.008658179783793888,0.010077633864999838,3
25.69,0.023504835020680605,0.007200630240162981,0.013213494450948897,0.02790918810732803,3
25.7,-0.0055652490326899015,0.0031659298362538986,-0.006736502316668988,0.009293845920092778,3
25.71,0.012630634602232809,0.0015137485396608356,0.00240791224364067,0.012946907216378771,3
25.72,-0.004123604421217786,-0.008069355900792427,0.0007716999409423232,0.009094731380045856,3
25.73,0.013727980745890607,0.013722904931369927,0.012137802857078044,0.022893270480913212,3
25.74,-5.960736557467095e-07,-0.0026125756808014306,0.003265386102997965,0.004181901295448172,3
25.75,-0.019249219846976508,-0.012261950693451118,-0.011476242045227382,0.025545880900969247,3
25.76,-0.005229757466142969,-0.013717280697739155,-0.0011047139472926267,0.014721907002850827,3
25.77,-0.0027691028508583923,-0.0210074328095687,-0.0027885603670045507,0.021371856090840684,3
25.78,-0.005292324157267676,0.0065751379474322524,-0.015062008793548179,0.017265724511594794,3
25.79,-0.0037486043653513603,0.006645585672322636,-0.002962714384829381,0.0081849569419873,3
25.8,-0.009394740025975163,-0.00855105710103529,-0.006692047997078814,0.014358454794859803,3
25.81,-0.011800357736070893,-0.007419424391978428,-0.0005380552042458095,0.013949401578933363,3
25.82,-0.02275148064138341,-0.0234450735039759,-0.016860762976673216,0.03676393166049615,3
25.83,0.006310783100609006,0.002326865805256525,-0.0030906652021343173,0.007402195566876647,3
25.84,0.007809005232563614,0.024851177992777945,0.009856998935175467,0.027851786986816254,3
25.85,0.026883737618306966,0.03315879454677506,0.006573221833866198,0.04319083524779797,3
25.86,0.005353484662384035,0.005999281469701065,-0.0017264508440819623,0.008223856072434086,3
25.87,0.01053906042863096,-0.007842038483578638,0.007723245355787741,0.015238696831486615,3
25.88,0.009726103908519,0.010993409076835731,0.008656694613556302,0.017040848042346294,3
25.89,0.018300055039735134,0.010699233666050002,0.016613979087876395,0.026933063632466083,3
25.9,0.0010045849795994512,-0.002601765729233091,-0.001673724996246077,0.0032526498818820876,3
25.91,0.007608480218004775,0.005280068974757396,0.0016378895832632656,0.009404827584433855,3
25.92,0.004226676180999192,0.01838789574409812,0.0009226531393497471,0.01888996533216511,3
25.93,0.010568526086411664,0.008585046127725012,0.0011383936607379857,0.013663553739095058,3
25.94,0.025903765917806736,0.0261165176747669,0.014260536638749344,0.03945174887639394,3
25.95,0.0008798032545318558,0.004042839315468032,-0.0015790756323303796,0.004428553189247981,3
25.96,-0.02248328770427589,-0.012562450456376334,-0.017449122506420743,0.031109247237858913,3
25.97,-0.020800872366664863,-0.009205735484456745,-0.019961250348667962,0.030263399883460957,3
25.98,0.004947395182850938,0.00014882671977698055,0.0014703512590160646,0.005163409853256505,3
25.99,-0.02796206320067403,-0.030397501528053397,-0.008859544131030038,0.042241882057931154,3
26.0,-0.0037545700266154794,0.010169127215213708,-0.005807318527216277,0.01229767835327095,3
26.01,-0.015193555007272673,-0.022794192682089577,-0.014673772940328306,0.031076340616159392,3
26.02,0.02765830201965438,0.02170476773290978,0.02165295125032593,0.041290784816941546,3
26.03,-0.01712933052961754,0.0025589914311787195,-0.00983441264352915,0.019916778694882856,3
26.04,-0.008156582155489539,-0.0029134213328460066,0.0017275620869636708,0.008831892610660913,3
26.05,0.01155113359661495,0.012932621969742476,0.011513708964135215,0.02081458364920903,3
26.06,0.001584894939969396,0.005958994640082809,0.00977515965879149,0.011557476171125805,3
26.07,-0.002467657214738425,0.007636518083710986,-0.001452460780782652,0.008155696346236,3
26.08,-0.0041849831247957985,0.007971355703248327,-0.01046060175758332,0.013801477624996915,3
26.09,8.660756756730115e-05,-0.011367429338758695,-0.01143328557514544,0.016122840000609713,3
26.1,-0.003058405133673033,0.008398676784888051,-0.002967381597273602,0.009417906733586456,3
26.11,0.006803697318988779,0.0042865333413400816,0.013241490693779057,0.015491989578110122,3
26.12,0.028567053882403583,0.013956947506703711,0.013298644199672735,0.034463413771339046,3
26.13,0.02823072664940503,0.011172633658789271,0.02084868965606094,0.03683028007498288,3
26.14,0.025723515409741823,0.02007845897852878,0.0057465998075246485,0.03313407867038905,3
26.15,-0.0027883744606163616,-0.006409756563333617,0.007461271075883026,0.010224019630342295,3
26.16,0.005068139727834863,0.0041663472852156705,0.006328742895900534,0.009115781735226744,3
26.17,-0.003975496945375762,-0.0027946961785200782,-0.0010066357254185517,0.004962682558517689,3
26.18,-0.01682536858173771,-0.009431391266544242,-0.0019382014999455013,0.019385582121472764,3
26.19,-0.029476541955563516,-0.01424869455939258,-0.016677428825931345,0.03674273335707301,3
26.2,-0.029110369156475413,-0.010947505379921181,-0.010322685870823047,0.032769182322074625,3
26.21,-0.0055222640594872535,0.005393804418714448,-0.007557074981205822,0.010802680626659992,3
26.22,-0.02249653561430076,-0.0035964430134405936,-0.013787218486070786,0.026629230378985427,3
26.23,-0.013873494556787127,-0.011794255444160259,-0.011748487031646559,0.021670377482454553,3
26.24,0.0022971460010523955,-0.004239256087365292,-0.004328421359166906,0.00647946011538824,3
26.25,-0.027727832363329614,-0.02008531832575511,-0.02289932617321733,0.041190191053249794,3
26.26,0.02024000741907927,0.010253045502903024,0.022758550370240764,0.03213618610482224,3
26.27,0.005388892615660994,-0.006726420937125733,-0.00478802411886289,0.009859517088039442,3
26.28,0.0019359869441990382,-0.0006991279198063046,0.007071618547637072,0.007365094308944487,3
26.29,-9.311789500205357e-05,0.005434661420376439,-0.01017050233848235,0.011531839988205377,3
26.3,0.01367167665486902,0.019254424523761412,0.0026866506421021692,0.02376690341565816,3
26.31,-0.003874573845364526,-0.0034641158589313013,-0.003891774135553648,0.006492944408313268,3
26.32,0.022559114994091304,0.024440749461953088,0.01868386935693412,0.03814906129547065,3
26.33,0.015522320412399728,0.010918218121986343,0.008970939287210988,0.020991133119469704,3
26.34,-0.005644156932044329,-0.023008294359643213,-0.008973542881284885,0.025333033546257194,3
26.35,-0.0016422042921223315,-0.012029309932630825,-0.0022059874246514143,0.012339672317775534,3
26.36,0.012865209568684135,0.012265514338186147,0.0129077281916357,0.02196738278210581,3
26.37,0.0009291891336961041,-0.013835932279173107,0.006719703785228315,0.01540943975105049,3
26.38,-0.008547013699362439,-0.016663587725560994,-0.00785689353266642,0.020309046630706516,3
26.39,-0.016130247988479104,-0.02348862254723811,-0.016079750708770636,0.032717864725447264,3
26.4,-0.009258652930604341,-0.008162612719637818,-0.008019954576677844,0.014719734097875456,3
26.41,-0.012869964340800195,-0.0071140365024046776,-0.0017175015990429816,0.014805246003823441,3
26.42,-0.003480337991671781,-0.016115426725686176,-0.012097317551127001,0.020449078781696734,3
26.43,-0.009585880758045843,-0.0006731226583710174,-0.005353571145610546,0.011000133091549385,3
26.44,-0.015532512491348913,-0.010801763994328408,-0.014304584489386592,0.023718309111255782,3
26.45,0.011497965095541187,-0.0025355523203641744,0.00225732771858689,0.011988651105803702,3
26.46,0.007251886482492108,0.005377794211809758,0.006331040466320067,0.011026903532982798,3
26.47,-0.008903972704777429,-0.012294557063392792,-0.004394957091003376,0.015803560078166055,3
26.48,-0.0019498319871011013,-0.0075405575541077985,0.0032942448127937663,0.008456589258758725,3
26.49,0.015239363014891443,0.0005174449906666986,0.01420607285449507,0.020840308067906026,3
26.5,-0.002357595964075021,-0.001805594313935279,0.021321900013374452,0.02152769959230841,3
26.51,0.005954121156361023,0.0021462762218435166,0.008124709593107717,0.01029897889780406,3
26.52,0.004071474657330574,0.0007511491795013981,0.005443591925247564,0.006839139128850298,3
26.53,-0.0022383266298430307,-0.0025952194327988278,-0.004939151235747779,0.006011695678910397,3
26.54,-0.007999971018025737,-0.0037297428135981627,0.0017662115090332645,0.009001667669908751,3
26.55,0.0019501752503641896,-0.00025017558143664844,0.010262969617998897,0.010449608447623701,3
26.56,-0.0109250664159023,-0.02355848139458594,-0.008968432524966461,0.027473476368414036,3
26.57,-0.009306718624619256,-0.006915443603446623,-0.007549746303508699,0.013836077516320476,3
26.58,0.005849241205008335,-0.0036646621269412726,-0.001256801840594937,0.0070159049341854615,3
26.59,-0.014750837348048544,-0.0013560417886139629,-0.0145756522155493,0.02078161902522752,3
26.6,-0.0019026871397378716,0.002069019937245274,-0.000951625398939452,0.002967600504169824,3
26.61,0.0035201166375066206,0.010353828479187444,-0.006503841343073117,0.01272371555536947,3
26.62,-0.009107509964370685,-0.010766419639245812,-0.004694501775596288,0.01486273449000977,3
26.63,-0.000851030126493982,0.006520203385504144,0.0015361403037856592,0.006752557404232471,3
26.64,-0.01576870835198136,-0.020013621956697116,-0.005399603053683846,0.026045209541349205,3
26.65,0.005389372965718144,0.0035939974733076186,-0.0005493761340381194,0.006501074752562518,3
26.66,0.006533576012589715,-0.0027258759686826306,-0.006354226573839985,0.009512844509431627,3
26.67,0.01865972751360419,0.017813729292914346,0.01570925615020003,0.030204223396667385,3
26.68,0.017561259069214293,0.026049816936601886,-0.0027037008254177358,0.031532535271999555,3
26.69,0.00865311922575759,0.008844460296690865,0.004598907676798693,0.013200412951670666,3
26.7,0.04008960743439382,0.01608989623155388,0.026954358020903006,0.050917568690040514,3
26.71,0.01842577025112406,0.007475917687740733,0.008842219144512765,0.021761966685496768,3
26.72,0.023242429087008902,0.04073322748312551,0.018130857917966575,0.05028055628071531,3
26.73,0.0018607301429359943,0.007852474243294133,0.003896272632712875,0.008961283883175205,3
26.74,0.0017255096255663505,-0.004984464971666924,-0.007583831565659998,0.009237790630773013,3
26.75,0.005218264269791903,0.01100516089042901,0.01021738508142944,0.01589776104097152,3
26.76,-0.00987165734220025,-0.005926953859127801,-0.007978171138498077,0.014008198151268768,3
26.77,0.0002217338669303254,0.021158533295565232,-0.0024721147029318747,0.021303615848764695,3
26.78,-0.003071758427648029,-0.001590343052166014,0.0027208039836571912,0.004400870956854364,3
26.79,0.008397561505913715,0.0038321601428629843,-0.001908248509262924,0.009425810468031683,3
26.8,0.007569178404879945,0.00471923513711091,0.009045614187470968,0.012703809587396184,3
26.81,-0.006105944987138399,-0.007384030505644765,-0.0002179990081578086,0.009584048949259953,3
26.82,-0.012468672990285163,-0.014452838015648119,0.004316010478756481,0.01956988194389445,3
26.83,0.013776599217522785,0.0006444049156707349,0.013083460160411939,0.019010178154469683,3
26.84,-0.024969697193149256,-0.021316333210654802,-0.012466178111401403,0.03511805000523825,3
26.85,-0.023753176474557994,-0.01047577470909307,-0.013187290241836937,0.029118033455396968,3
26.86,0.0026941159704183125,-0.00016821744061299923,-0.0031782551407446157,0.004169875742640178,3
26.87,-0.0015704463445695037,-0.005713079602756089,-0.002207399832139171,0.006322831192395336,3
26.88,-0.002022158995914446,-0.012022744355628279,-0.0063211821920760814,0.013732911313737125,3
26.89,-0.01803404193777177,-0.006988307204968121,-0.009970281050020345,0.021759356847588927,3
26.9,-0.004725047743818406,0.009566852206343065,-0.00971788323385464,0.014432185969776294,3
26.91,0.024921201107781742,0.010663624701704084,0.0053691034200622585,0.027633429536860234,3
26.92,0.023595642019866712,0.011417808844368191,0.018823580928696494,0.03227147161372438,3
26.93,0.01739890559870028,0.004808736660431496,-0.0002122163241960514,0.018052448589322086,3
26.94,-0.0025931899653298526,0.00473314313650796,-0.00973842754644995,0.011133923352727693,3
26.95,0.001840326380265312,0.009622676884489617,-0.003526056017461981,0.01041228998095381,3
26.96,-0.0008828657552090984,0.0006075073018116882,0.007795323207495014,0.007868645434430619,3
26.97,-0.006424125364837214,-0.014005283662852672,-0.008537312472251899,0.017615421125507635,3
26.98,-0.007233873977661575,-0.0019427186195734867,-0.005104990819440737,0.009064437082693057,3
26.99,-0.004253454778589339,-0.001103129775261496,-0.0002300324698314008,0.0044001917903370635,3
27.0,-0.022813618753003508,-0.013300389818012131,-0.007113560404697154,0.027348936205083902,3
27.01,0.007463408458295057,-0.0031317885188689347,0.0026965068116680427,0.008531219967134926,3
27.02,-0.009326602822738573,-0.015424987770428281,-0.001872746647724207,0.01812244321104468,3
27.03,-0.014023109491692599,-0.02280365141682509,-0.0005374145234563329,0.026775790037384326,3
27.04,-0.026485702157507708,-0.009319403974840889,-0.019656598243900585,0.034274269704030226,3
27.05,0.0029356872514262238,0.01153093171470736,-0.002777273313364957,0.012218588007808416,3
27.06,-0.017265709695034086,-0.02503409819442795,-0.012819607186632224,0.033002320101789925,3
27.07,0.003150483037057102,-0.0041777908438805494,-0.0008079413568218325,0.005294548983441347,3
27.08,-0.010837236277553801,-0.013928826375616692,0.0025625949091260475,0.017833249479718555,3
27.09,0.003492495330241347,0.009718283729457473,0.007405435344166501,0.012707597527252187,3
27.1,-0.011067111045866367,-0.007054235347114691,-0.005498049251647894,0.014229256087637388,3
27.11,0.0040851809583053525,0.015198061050705963,0.00666147099820456,0.017089322953909167,3
27.12,0.006448441727304605,0.0021834142924975343,0.015598759366506709,0.017019723630461996,3
27.13,0.009903997037334548,-0.0037856484006226236,-0.003024433741754073,0.011025764852695194,3
27.14,0.018428776600393913,0.007009301643762051,0.004303033700759527,0.02018083783073299,3
27.15,0.01318000532058931,0.0019445455659347936,0.004302888244086663,0.014000308744804823,3
27.16,0.024260853490842914,0.025396013287218046,0.01317391194091501,0.03751131107833587,3
27.17,-0.013636710162110967,0.005835550435373187,-0.0030430178332845254,0.015141778972858252,3
27.18,0.02632951963803595,0.022353328942630923,0.005476397372363389,0.03497007073723487,3
27.19,0.010109050006455018,0.0014999555762886243,0.005622217140146261,0.011664136673359153,3
27.2,-0.008782717665567163,-0.004095145679666316,0.00112274522031121,0.009755352610771529,3
27.21,0.006408105932143177,-0.00856897465892649,-0.004438416125485976,0.011584070357429069,3
27.22,0.01424581301883088,0.008367700403058169,0.007311076519975883,0.01806691557747957,3
27.23,0.005536266214156239,-0.00951405489743248,-0.0011920047013989133,0.01107196276156689,3
27.24,-0.019819126125249963,-0.010025765441843512,-0.01757941677053701,0.028325776724666653,3
27.25,-0.006911547274764757,-0.006169966911304616,0.0027784469681119274,0.009672525263472426,3
27.26,0.0028898557793131767,0.008580940678686724,0.004095343441290309,0.009937587597525362,3
27.27,-0.004750884880399963,0.002609431052239596,-0.007527473571043344,0.00927593100049592,3
27.28,0.0030960387539416224,-0.0022740048549764504,0.006891205621359061,0.007889567095995545,3
27.29,0.006322558139736081,0.012544218241742334,0.015564498666647823,0.020966300853295174,3
27.3,-0.009263954765578222,-0.015955426009842833,-0.003533578500784381,0.018785171121803876,3
27.31,0.019815648209902635,0.034953566705904195,0.000622917060729972,0.04018457123209429,3
27.32,0.00752033106084676,-0.005458333225424652,0.0015771489238579572,0.00942529466873782,3
27.33,0.007012284021337601,0.010871583407092612,-0.008484933801287875,0.01547118465359119,3
27.34,-0.0027995164050147476,0.007988817383805209,-0.001980190745294463,0.00869365577196871,3
27.35,0.004813666053013288,0.004810405354896924,-0.00013905760573792482,0.006806667140830899,3
27.36,0.017980415183371776,0.004321537553203185,0.012782245919764021,0.022480142965370476,3
27.37,0.008029160885309888,-0.0005731410980616405,2.5944652427659174e-05,0.00804963280935641,3
27.38,0.011590372064967103,-6.437440483530142e-05,0.010587925216247575,0.01569856773891233,3
27.39,0.0003572354841964692,0.0002099094215865423,-0.004641705346081396,0.004660161765033537,3
27.4,-0.000581983367711958,0.005928835917128089,-0.0009764041665770495,0.006036817461960437,3
27.41,-0.023594324343330392,-0.01264652957240554,-0.019055462895562838,0.03285935966521827,3
27.42,-0.001100045255132227,-0.0003257802256194011,-0.006904361747825103,0.006999031608985208,3
27.43,-0.009513012823658603,-0.017832214810897355,0.00042114486556186267,0.020215406526777273,3
27.44,-0.004094383357548671,0.010742948087992856,0.004579503831579627,0.012375248039669079,3
27.45,-0.03372555165369096,-0.025008458794514223,-0.019100858953659764,0.046126767265767685,3
27.46,0.02318734954072462,0.013190023952767662,0.013549231803650068,0.029920086782417084,3
27.47,-0.004973766754812676,-0.0016362731959803053,0.0024401799629755094,0.00577669662998418,3
27.48,0.00157101520282264,-0.012166456909874102,-0.005700011647065845,0.01352704310941639,3
27.49,0.002923277829928579,0.0015821174751475867,0.004023658860746761,0.005219049683973629,3
27.5,-0.0031146464652656728,-0.0038516167864335415,-0.0013283231426488564,0.005128393202985232,3
27.51,0.00807807407745493,0.004284665458960116,0.005739476529792775,0.010796074737241186,3
27.52,0.019331145923318558,0.02329504707927859,0.007971530949136616,0.03130331814372855,3
27.53,0.008831530668842383,-0.003819578486111276,-0.008810626652004078,0.013046541908386002,3
27.54,0.0179924647547043,0.012285064453590833,0.00909980075357804,0.023610547861770956,3
27.55,0.017226135277471126,0.007128579600449199,0.006756236368051513,0.019829349802216352,3
27.56,0.01605528364175682,0.009512429263902685,0.005228381121220972,0.01938025831785418,3
27.57,0.02868388861857708,0.02673301510913419,0.003055620633404574,0.039328823788201704,3
27.58,0.00901377960741884,0.0052803874099146934,0.01006270402850808,0.014504782879287028,3
27.59,0.0017360099228235846,-0.000981381403490073,0.0010254898179135193,0.002242424865609191,3
27.6,-0.0002172063014362076,-0.018946507634602663,-0.012233881821753065,0.02255405051324619,3
27.61,0.002805344888262379,0.008240067206662248,0.00942617209127427,0.012830486655101139,3
27.62,-0.02052553147390382,-0.02735318706071138,-0.0066779782623489665,0.03484378966669513,3
27.63,0.010682070845507895,0.0037114377007489074,0.010336090683255937,0.015320449665968693,3
27.64,-0.010296416037818674,-0.0140588617824788,-0.00641364276120702,0.018568860797342303,3
27.65,-0.009066086347505019,-0.024596425128099307,-0.0041587021626092666,0.0265419075128353,3
27.66,-0.023471662816013455,-0.015318433017938105,-0.004174599645568633,0.028337265705682804,3
27.67,-0.0056815833141174174,-0.007351718096269946,5.432737411217078e-05,0.00929145302877103,3
27.68,-0.021790360752660103,-0.011145841956196265,-0.010634792516361164,0.02668610924263082,3
27.69,-0.023742562320368543,-0.01226401989525739,-0.014512090843155103,0.030409147146341336,3
27.7,-0.01002192084063632,-0.002094210913581712,-0.01987755513312789,0.022359378675559934,3
27.71,-0.001811766609368046,0.002788068059455311,0.004668837290612026,0.005731828974872274,3
27.72,-0.0068414326159339615,-0.0008449479328185927,0.0025867418575223206,0.00736276922665633,3
27.73,0.00887062653279699,0.013847561014545609,0.008470693591219231,0.01849852997003405,3
27.74,0.021653658125044238,0.018027769448660712,0.016594963056042165,0.032699758108000784,3
27.75,0.010427733529056751,0.009015557072711183,-0.0008660908773072381,0.013811879281693779,3
27.76,-0.018625462490969576,-0.014375730943446855,-0.01045520641739358,0.025746472270802418,3
27.77,0.007192773357886207,0.00709745072804863,0.0003834342639280693,0.010112211293765064,3
27.78,0.013153567712115774,0.013366156517909712,-0.00582309856611987,0.01963616460842652,3
27.79,-4.7838144626840585e-05,0.003892232406519331,-0.0036049455099542932,0.005305411739363894,3
27.8,0.0059943108386257184,0.002758291460962162,0.00371866116368325,0.007574191380204794,3
27.81,0.002999250225793114,0.019075046537901142,0.007636928099877052,0.020764767591829825,3
27.82,-0.015746743790863584,0.001227792060500929,-0.003970698868337705,0.01628600205274297,3
27.83,0.009764374978765141,0.0002747760587893198,0.0006205836046585659,0.009787933623538195,3
27.84,-0.009879741379706163,-0.006984063450266813,0.0012961734808159256,0.012168257792288981,3
27.85,-0.011487290335803969,0.004845422564984462,-0.003327244247516327,0.012903740286248262,3
27.86,-0.0025700401788369713,-0.008891610602304017,-0.010946015760378097,0.01433461219043917,3
27.87,-0.02698445187272256,-0.028780178403613722,-0.010883932112484052,0.04092577781843951,3
27.88,0.008438121846006546,0.02731311882471913,0.008690360490053615,0.029878599794307032,3
27.89,-0.016961398926849787,-0.01576541487938695,-0.004246224390172668,0.023542892376397465,3
27.9,0.01858715321138795,-0.0031500905206175538,0.0015024376540077392,0.01891197117425559,3
27.91,0.012726332483932158,0.0023232819951586707,0.0002648555879253972,0.012939371167219473,3
27.92,-0.010512753725930166,-0.010790504627670637,0.007891177112663099,0.017006576882055306,3
27.93,0.00786939961240941,0.011979353479782028,-0.0016822929550514222,0.014431301730612205,3
27.94,-0.005694645907929523,-0.003724055611920817,-0.0020052450341944833,0.00709355974561003,3
27.95,-0.0059590252554167335,-0.015462363474747241,-0.017603986335705757,0.024176331424093422,3
27.96,-0.02207639204518457,-0.03896564879865466,-0.0018443875371269448,0.044822880735400035,3
27.97,0.015530783941595225,0.014773709788372176,0.01195667378511122,0.024544445374771087,3
27.98,0.001745552139343247,0.0016953593012092407,0.011377161781988014,0.011634474876198373,3
27.99,0.015294456129982014,0.02034330962336156,0.0007891515207998651,0.025463569955265115,3
28.0,0.0066988630170319525,-0.00041719994921307277,0.010558728005153529,0.012511417130181347,3
28.01,-0.012858564496268567,-0.011193653041577737,-0.011804482076398937,0.020736112133472484,3
28.02,0.009441528468038954,0.002255765365336189,0.01377451343559263,0.01685135476997509,3
28.03,0.0032379681238364827,-0.0026765775411721807,-0.012779097892667167,0.01345190870676942,3
28.04,-0.010819338711160528,-0.004546766529563081,0.0016172337536110356,0.011846797923278286,3
28.05,0.005024437522855772,-0.00018588999748420836,0.0027130804296883818,0.005713171879980842,3
28.06,-0.010931153681463598,-0.021171597709234324,-0.0006010899790502471,0.023834596273743465,3
28.07,-0.017431833018841904,-0.001749317415561353,-0.004233322464066292,0.01802359378431342,3
28.08,-0.00987534346034808,-0.0051988385505890005,-0.0014693624627278748,0.011256525075786207,3
28.09,-0.0109253210007479,-0.0024288260265941186,0.009906916321772513,0.014946866756730211,3
28.1,-0.02261129039254725,-0.0053904292325369415,0.001099094097187437,0.02327090862776013,3
28.11,-0.03432143083238033,-0.025741524635100585,-0.011706674664041477,0.04447058507160737,3
28.12,0.019442072859340253,0.011934187385434813,0.010287933364734637,0.025025199270650902,3
28.13,0.01565940111839324,0.0022830481100879485,0.01624876184611327,0.022681521412626138,3
28.14,0.022013737364790804,0.022225146005604483,0.019543008447818904,0.0368848332913129,3
28.15,0.016917499735319426,-0.0006278955660949676,0.00861490569394409,0.018995069103638577,3
28.16,0.0023933677528542897,0.003235446048476175,0.0017857812968738195,0.004402878055688941,3
28.17,0.0058474994772833265,0.008224064552437998,-0.0027778571912223564,0.010466373702210414,3
28.18,0.0004462558223223157,-0.010276457223382406,0.0024322890885426613,0.010569803571174286,3
28.19,0.01350167934159717,0.019277190629861343,0.007752850587518301,0.02477926786359332,3
28.2,0.011218585582429117,-0.00804215297072328,0.011302848717458985,0.017840607500995136,3
28.21,-0.0005375877618077731,-0.011006551916108895,0.010977556717110265,0.015554418573544258,3
28.22,0.006543957187999431,0.004305684824431085,0.010711281865109045,0.013270036046654865,3
28.23,0.012800927827217203,0.014663755563643318,0.012444410752459497,0.02310309155597652,3
28.24,-0.003460433104883589,-0.013366012831046346,-0.002562042033916757,0.014042398500848284,3
28.25,-0.019385479550617965,-0.007781771197925295,-0.010805993282880698,0.023518551639375027,3
28.26,-0.0014474231532837136,0.005527923161197097,0.0041934542222151015,0.007087878848751207,3
28.27,-0.022479707527990195,-0.01889799521308345,-0.006271312248682007,0.030029998850119408,3
28.28,-0.01768084331028405,-0.011331084124226133,-0.003397890604358504,0.021273254291534562,3
28.29,-0.00410975470944865,0.006464709804019245,-0.007394271093558791,0.010646962084419058,3
28.3,0.0012226344503279288,0.013065156780642241,-0.005029617123767373,0.014053120831814711,3
28.31,-0.0032735180556268707,-0.0064204226877951475,-0.004237793324401143,0.008360421054636465,3
28.32,-0.014389012031012689,-0.01673686388828448,-0.0018732369965759653,0.022151191771300476,3
28.33,0.03357352978579767,0.02222418257458249,0.01540082827603502,0.043107791696793504,3
28.34,-0.0037362668001294343,-0.011265174511297887,0.007799725459425473,0.01420209715549626,3
28.35,0.010127658342373336,0.0170985272067973,-0.001274057322128915,0.019913621423575924,3
28.36,-0.0006207314440458906,0.003475648176865038,-0.006030719079290226,0.006988205090599996,3
28.37,-0.0037460983031547077,-0.002655179683464415,-0.002782182554459064,0.005368777459973279,3
28.38,0.008616960493572773,0.014976908962661831,0.0007653676772354061,0.017295826025518726,3
28.39,0.0024233465519223132,0.007882711116430503,-0.0036337706588585993,0.009011882836399532,3
28.4,0.007911126438832551,0.013332758121364299,0.004167409144226956,0.016053524835044405,3
28.41,-0.002677971000325175,0.002565387805727767,-0.0003912604830937417,0.0037290518953200552,3
28.42,0.004764316591374147,0.014657880614401226,-0.005326804313410126,0.01630726895841995,3
28.43,-0.008185789254963813,-0.016694044167059312,-0.007161207482371075,0.0199243857868687,3
28.44,0.011331696410471723,0.012110912054914578,0.00948131328848497,0.01910436693573945,3
28.45,-0.00027177124998597514,0.012379934284038155,-0.0016812705017370763,0.01249653163839605,3
28.46,-0.007263605365608,-0.007623206839134394,-0.0081399497514024,0.013309095663299995,3
28.47,-0.007347652592427454,-0.009718171304965849,-0.005415571172974,0.013332639020884593,3
28.48,-0.012417411458304464,-0.011644747255369245,-0.01289213378464689,0.021354141506684233,3
28.49,-0.0064905999835958485,-0.004527371081474753,0.0078002183129750775,0.01111163276870236,3
28.5,0.010736362110464822,0.016161993279018162,0.010175820391364465,0.021909514343210847,3
28.51,-0.012747467975694447,-0.008876376089378059,0.009021313199717561,0.017963075575157954,3
28.52,-0.0020911149742911268,0.007595934974523759,-0.00033038030649414107,0.007885438549618975,3
28.53,-0.010986882649589426,-0.0038259751833241047,-0.007032646656235687,0.01359440309284391,3
28.54,-0.029158641027979694,-0.012915451861447973,-0.01828261110267479,0.036759884549813375,3
28.55,0.010323003484646502,0.007615759146087938,0.007396128103348403,0.014807663530631225,3
28.56,0.017984241820474475,0.010644439271101909,0.005406856696125165,0.021586364691302543,3
28.57,0.011889774328002499,-0.0023083507491675134,-0.0004085871393928247,0.012118669902364973,3
28.58,0.03569420775595177,0.005535030599557313,0.02400702839733329,0.04337107842253234,3
28.59,0.003681916836551443,-0.0005635511078178924,0.0018909716483391345,0.004177304779068219,3
28.6,-0.0031508052930851104,-0.022417618132137072,0.0001539333450282375,0.02263848210874496,3
28.61,0.02071174067085807,0.013745541520964966,0.010641776468597302,0.027040035497924914,3
28.62,0.019777166504432595,0.019133482325497792,0.011377036970546336,0.029776894248281924,3
28.63,0.015886173652338752,0.011309355031182081,-0.003341476307252407,0.01978477921144218,3
28.64,-0.012622461859838984,-0.03144693353947386,-0.012588032227497954,0.036148232706450574,3
28.65,-0.010432238183921121,-0.010698239876177079,0.006359238721421251,0.016239576567457375,3
28.66,-0.02396549431958308,-0.01260460867178841,-0.011064808661421522,0.02925151395167028,3
28.67,0.017599575012411148,0.022313142355068438,0.01039561083452267,0.03026037156080343,3
28.68,-0.018391881756704247,-0.008857477843707641,-0.003493792463009039,0.020710451807697025,3
28.69,-0.022435108959615927,-0.01591295614795628,-0.012345670465257386,0.03014916029731752,3
28.7,-0.00909459252763684,-0.0027861177396604443,-0.010508864045032602,0.014174282656274972,3
28.71,-0.005612695957116817,0.010647601953436652,-0.010723345844772813,0.016120295573359374,3
28.72,0.0024323832523378223,0.0017423669374409998,-0.004954390105471027,0.005787772641364748,3
28.73,-0.005163763232363406,-0.01568868738760683,-0.006454629091171969,0.017733065143132058,3
28.74,-0.009465006491455532,-0.010556398523531131,-0.008829651111883951,0.016702893055650543,3
28.75,-0.003654868761803296,-0.008707505571701663,-0.009374511243120165,0.013306396206133629,3
28.76,-0.003840814084724851,-0.012177422654226165,0.0037957969170030834,0.013321019088951547,3
28.77,0.02212438813679283,0.00961033368024037,0.01879767154243453,0.030581032018070855,3
28.78,0.006836313273778907,0.026676936160932207,-0.0025318802863918475,0.02765509934707011,3
28.79,0.015414776386311349,0.0024287778733777955,-0.0033338661314453863,0.01595709736702105,3
28.8,0.005465463947967085,-0.00040294071869280456,0.0028164024506092526,0.00616163778171895,3
28.81,-0.014488167935335378,0.011983335893142629,0.0025658253163026038,0.018976058832226993,3
28.82,0.025933953541337807,0.022493793698921766,0.0036883935422055564,0.034527452095051904,3
28.83,0.011405184914832226,0.010478872510778878,-0.002684378121513344,0.015719125228139553,3
28.84,0.006913212002148381,0.008863702794682043,-0.01109587876432043,0.015794817281994743,3
28.85,-0.025570266905888726,-0.01666717496301528,-0.009956889645509167,0.0321056524976366,3
28.86,-0.004168380608052952,-0.0069366657438604375,-0.007876598865625412,0.011293074790578972,3
28.87,0.013862443828872972,0.011979823672991448,0.011518925876558925,0.021641838588583075,3
28.88,0.009174656221104686,0.010512073554053317,0.008478496899802415,0.016326754633461033,3
28.89,-0.010134921169543162,-0.02092810234143012,0.004408207842772616,0.023667158492546355,3
28.9,0.006640456792285096,0.0006786565672964925,0.009567279244546567,0.011665722150371637,3
28.91,0.0111055599919509,-0.006127783914649882,-0.0045078938926012575,0.013461214870375335,3
28.92,-0.008636667620353375,-0.013565232251954669,-0.005560262997362101,0.01701540708398614,3
28.93,0.010602847226570823,0.01127482937307234,0.011607106429891267,0.019345983210390695,3
28.94,0.012104688220288352,0.004705890044581548,-0.0027630519168843183,0.013277926566956057,3
28.95,0.009221475045154744,0.004215402398718356,0.0018813697213821228,0.010312360128509168,3
28.96,0.01278832567403502,-0.01315426671112292,0.006171935387270621,0.01935636310563488,3
28.97,-0.006655162837014379,-0.0157912023986488,-0.003294094484330839,0.017450052265078397,3
28.98,0.015159130956520868,0.0009837060859309767,0.00859587409464638,0.017454397167231517,3
28.99,0.005631209269162861,-0.010116434472058818,-0.001543509212581693,0.011680547288114983,3
29.0,-0.0029608717949195524,-0.0008755277206023415,-0.0069513186355630524,0.007606190988176635,3
29.01,0.026174382111439604,0.018666930372812925,0.01448430923738035,0.0352611370001473,3
29.02,0.0058323343828888645,0.010489436034822486,0.0015517980905921664,0.012101754831280695,3
29.03,0.008724128252586385,0.016267654465931973,0.0166090308100049,0.024831570631722522,3
29.04,0.005730132643107567,0.014992034914551273,-0.004083621651974118,0.016561144187018092,3
29.05,-0.016876289830291717,-0.008984156798899502,-0.007943591097208547,0.020703257505592463,3
29.06,-0.004145450879879789,-0.0013805353365042119,-0.00981449439801963,0.010743134603158969,3
29.07,0.00634011896172432,0.006690369816497544,0.005049674187653706,0.010509869938860984,3
29.08,-0.004850312870478655,-0.011507045450597442,-0.003428430089098708,0.012949585430409869,3
29.09,-0.010882813923871186,-0.005449846176488846,-0.00175018420238889,0.012296324938423118,3
29.1,-0.0036683990806356207,-0.006686990089638545,-0.005935860525813547,0.009664751856909926,3
29.11,0.004889785710466214,-0.006413844396830081,-0.008835024122911919,0.011962652527490035,3
29.12,-0.02721599564128934,-0.033435580671215624,-0.004588211757390304,0.04335550900057227,3
29.13,-0.00777595555333752,-0.02483241368567741,0.0018980931814357445,0.026090554075172728,3
29.14,-0.004614858986856363,-0.005283576631889397,0.003581674891203805,0.007876642718817226,3
29.15,0.018499754724042975,0.007494061355716999,0.013659028151547502,0.024186172299431104,3
29.16,0.014103599687881281,0.0038575938711422056,0.0069434371485732685,0.01618653372612142,3
29.17,-0.014545908134206345,-0.019438898652575212,-0.0028766806546370993,0.024448507436296063,3
29.18,0.020309151581343332,0.009708713752060796,0.00369982787959914,0.022812485331767208,3
29.19,0.00425017706292669,-0.005811736622220169,-0.0005890754366985212,0.007224077622949853,3
29.2,-0.011974677374064489,-0.007647174743298927,0.001423127121985674,0.014279267158114672,3
29.21,-0.008165098560836434,0.00017743058092836283,0.008504253138181634,0.011790786129749532,3
29.22,0.02423254028072803,0.013051786167722654,0.01287423970654827,0.030386035915313584,3
29.23,0.012488206965439584,0.01744776671594405,-0.014221130634375002,0.025741414745612135,3
29.24,-0.006214772988072564,-0.010566673939205943,-0.0006648603610629094,0.012276809061416698,3
29.25,0.022619750227410886,0.00038854772169632894,0.018691517917335948,0.02934581591533248,3
29.26,0.009857183643911067,0.01779555548140998,0.002612576938752157,0.020510276023072635,3
29.27,-0.004140167512101713,-0.019259293736001847,-0.007886825127198589,0.021219410755835645,3
29.28,0.00021053011665423185,-0.004336646345611319,0.0058603688092716665,0.007293472906483348,3
29.29,-0.015904560981827687,-0.004866999309798267,-0.009284206825028379,0.019048339525432553,3
29.3,0.017090710806782105,0.021875171140133556,0.005520756992792643,0.028303608710987006,3
29.31,-0.02202639116387859,-0.01671895470460943,-0.019930636901405282,0.03408688371521557,3
29.32,-0.023439074778453063,-0.020995456274424847,-0.020446861809333538,0.037526971213930685,3
29.33,-0.005107564692724999,0.013222994448288162,0.0027174792533191483,0.014433277270323971,3
29.34,0.028334389506641366,0.02718715713177113,0.005332087054766309,0.03962840261707868,3
29.35,-0.021331023208793064,-0.0063246960754363875,0.0010135821815383753,0.02227199318470264,3
29.36,0.00749824140130097,0.009043130149647596,0.015339224392306913,0.01932080826397262,3
29.37,0.0009363953404755972,0.005486820126475491,-0.005841087379341812,0.008068477744101866,3
29.38,0.007266950866522286,0.0071447523677347965,-0.0008726749223980828,0.010228275651979833,3
29.39,0.018329467475383113,0.011774389748960796,0.012478388119271832,0.0251060909332127,3
29.4,-0.0018681328784968974,-0.01613947447106396,0.008321665375907264,0.0182543877268568,3
29.41,0.004421974905686181,-0.007626480834562906,0.003003317442819058,0.009313269439290095,3
29.42,-0.0002815311524913943,0.0052164763892768185,-0.004033856056487835,0.006600218208072308,3
29.43,0.0245640136703248,0.026803033023141586,0.00873490960483184,0.03739106835382088,3
29.44,0.022063410091788034,0.01687964100719145,0.010601303094366875,0.02973388593353896,3
29.45,-0.008255067765244463,-0.014600569005982732,-0.00694085720746936,0.01815208687401317,3
29.46,0.007768490121423562,0.007041375134769573,0.01081366180755182,0.015062061088818872,3
29.47,0.013455785101353989,0.012436087163428512,0.0018922844315330829,0.018419966259470563,3
29.48,-0.020616541456356677,-0.029682573569499396,-0.00652261764362572,0.036723854594191974,3
29.49,0.012858114554774785,0.02100502597304671,0.010357473632037626,0.026717400436240664,3
29.5,-0.006503369140439471,0.0023360667257176565,-0.002867256783296396,0.007481455699607185,3
29.51,-0.012567327259716599,-0.01730126828363316,-0.0070125737057015435,0.02250439487417876,3
29.52,0.008876157559756813,0.005530145105211289,0.00384918723321042,0.011143828797438988,3
29.53,0.005639639381346161,0.0012772901079899915,-0.002689661107068586,0.0063774038011150756,3
29.54,-0.02368142367246456,-0.00627554106010573,-0.006007653635942003,0.025224673337058003,3
29.55,0.002724235564094962,-0.0026477490840460718,0.00044172356002075805,0.0038245462899831684,3
29.56,0.004106420079987292,-0.006717422225909334,0.00033772961019558844,0.007880387587172754,3
29.57,-0.02799344957434689,-0.020554867222431387,-0.019169551262583035,0.039668721698739993,3
29.58,0.0073051089072285295,-0.0032622715631031125,0.014975171328328096,0.016978303455018134,3
29.59,-0.002027119905184061,0.006280827136891556,0.004231075716498512,0.0078396432541443,3
29.6,0.018549736776456372,0.012209527961510562,-0.00041301339071598935,0.022211165831167824,3
29.61,-0.0036309094722536354,-0.012081309880980889,0.0017576096998427944,0.012736983312110019,3
29.62,0.009134674536302434,0.00048490224438520364,0.00045496546136313204,0.009158842865876413,3
29.63,0.0015751313766046975,-0.002682484853723843,-0.004743888031337395,0.005672850914477536,3
29.64,-1.6433298342496266e-05,-0.0026104521880675954,-0.004398768886236443,0.005115065824992197,3
29.65,-0.019721064948411294,-0.027047257023384282,-0.005761657842362449,0.03396573591549171,3
29.66,0.017653263903499215,0.0029174576927368714,0.007079827645264952,0.01924248542476142,3
29.67,0.01668635536846528,0.013703147790803866,0.007205212095171106,0.022762376769479124,3
29.68,0.001264913480957902,0.010983141186101414,0.002270520948131364,0.011286481373929146,3
29.69,0.0024529761987111174,-0.0025677540593614092,0.0067374159717582625,0.007615984973548305,3
29.7,-0.013012592925983602,-0.008518470405695077,0.008015029177603532,0.017496645547872808,3
29.71,0.006856781477926043,0.023314870040810492,0.0015051388684613968,0.024348799975959092,3
29.72,-0.004369845287729938,-0.0012866422613396003,-0.004515619339899991,0.00641418850442045,3
29.73,-0.007202604099647979,-0.02078963392413391,-0.002604879919328483,0.022155626461688827,3
29.74,0.009802004872052699,0.011199640801047829,0.00864089813029821,0.017209775538409303,3
29.75,-0.022660069074156384,-0.01429696881489881,-0.0036137520927410818,0.027035925209386087,3
29.76,-0.028904312584128188,-0.02387421018249808,-0.01897920310540819,0.0420196067130027,3
29.77,0.0016880718639118077,-0.00804809276452007,0.015309471304840033,0.0173781844678255,3
29.78,-0.003870352964391431,0.0036933510416393986,-0.008811388775261142,0.01030829986634801,3
29.79,-0.012580479976143331,-0.030699445345873693,-0.00031404531651468143,0.03317865346024842,3
29.8,0.0054175484395331,0.0002105432037291374,0.006946154363141142,0.008811539024024621,3
29.81,0.00972211157720412,0.003786736512247448,-0.004034147231974553,0.011186293882338435,3
29.82,0.01743615960650186,0.0063899116968667334,0.009462749179635955,0.02084212693929922,3
29.83,-0.005450270500995476,-0.004835407734966633,-0.012929883372870028,0.014841445365375214,3
29.84,0.003069681988701672,-0.007981085479962052,-0.0035947368083222857,0.009275926135504079,3
29.85,0.011042978666137385,0.01201238845239214,0.004567431269012496,0.016944210885995327,3
29.86,0.019553338918665147,0.03690474241497716,0.009648462038955693,0.0428647395338076,3
29.87,0.015403218161091312,0.00340971260494014,0.014401744532953342,0.02136107477068774,3
29.88,-0.0036040876798056455,0.0006596228907207262,-0.005776379287330706,0.006840402622126332,3
29.89,0.0061583196787328804,0.00546527009323533,0.004954172285282094,0.009609261235378001,3
29.9,-0.008695566219178183,-0.004525055877576461,0.0016418642176577085,0.00993905029047176,3
29.91,-0.009555107282904525,-0.01048636583021609,-0.004648388452600276,0.014928880022265776,3
29.92,-0.010081446495654268,-0.007034973364149257,-0.004569124364294895,0.013115003283851,3
29.93,-0.01521521109442604,-0.009002481152669273,-0.0155891017993894,0.023570477518791096,3
29.94,0.0008292682449186264,0.006954859836802608,-0.009333726622832085,0.011669456450125038,3
29.95,0.0034193850780736878,0.00820774839132129,-0.003508602169415051,0.009558745584574068,3
29.96,-0.011614646832942187,0.0021091562658228265,0.003125215939514624,0.012211287232566021,3
29.97,-0.003167966051195367,-0.008130778241001646,0.006949627380672363,0.011155397098985907,3
29.98,-0.007835696760014376,-0.004041759945951741,0.003964016282318199,0.00966681913879035,3
29.99,-0.01214519277123069,-0.009766016620769896,-0.003238281791649277,0.0159175141604974,3
