time_s,acc_x_m_s2,acc_y_m_s2,acc_z_m_s2,acc_abs_m_s2,acc_accuracy
0.0,0.009313132522070812,0.007175557684967373,0.0032659690304735938,0.012202033403165228,3
0.01,-0.01792923736777048,-0.03222266968177726,-0.0012030500758951346,0.03689451617105036,3
0.02,-0.035293521569208355,-0.021191027282368005,-0.015888861938378514,0.04412650264563343,3
0.03,-0.03319416485714233,-0.016866804783957703,-0.025101126418033123,0.04490443443177257,3
0.04,0.006578811255017863,-0.00010749604649265901,-0.004956557034496116,0.008237704204775395,3
0.05,0.050630330715816116,0.045073201322448894,0.030446552780174184,0.07431027144374358,3
0.06,0.04088630988316909,0.014811236568852673,0.010874914305658583,0.04482551534245275,3
0.07,0.008179124860786756,0.009356957650487392,0.008782996218177045,0.01521813925977374,3
0.08,0.009617081509767702,0.004415521525648884,-0.0007499216831953134,0.010608839222078491,3
0.09,-0.030878302121018896,-0.005349369414240256,-0.018830644311976202,0.0365606135097743,3
0.1,-0.042893767529345095,-0.022981637272183456,-0.02633411794567539,0.055330974259888595,3
0.11,-0.01642780439828527,-0.019660884874701426,-0.007884824531119008,0.026806596376472716,3
0.12,0.04864791318211734,0.04046459065915462,0.016842042749878938,0.06548020279578035,3
0.13,0.04259373121253231,0.02740223858539901,0.020127447617963628,0.05449975014355982,3
0.14,0.023520661265925988,0.023474879831717622,0.016854982468202526,0.037260997349821814,3
0.15,-0.00045341104253734076,-0.001155675274356132,-0.0013229121958677657,0.001814184001480719,3
0.16,-0.015221371551117007,-0.001156250016775039,-0.020716165984992173,0.02573298659534476,3
0.17,-0.030137603335728805,-0.010514291541456226,-0.01876055660193928,0.03702409952254123,3
0.18,-0.051473103767593884,-0.030033501814448315,-0.024258101309663393,0.06434242085792118,3
0.19,0.014325730833448973,0.007793135269058969,0.008241965578302844,0.01827264397475665,3
0.2,0.03435222497466447,0.029763738732039215,0.0077034040383608575,0.04610095376233866,3
0.21,0.023562970662809015,0.016764388638621404,0.014219028744125397,0.03222482104386929,3
0.22,0.0008968721485983575,0.018412847566016445,-0.0026968992507434113,0.018630904452252163,3
0.23,0.01122428679332053,0.01063294703428245,0.013120199959018669,0.020277668101071164,3
0.24,-0.026605831788366806,-0.024090102203233738,-0.0078742684145021,0.03674516855828453,3
0.25,-0.040296101333921315,-0.02985979404477146,-0.01771522658761619,0.05319034062835477,3
0.26,-0.014606145525735722,-0.0035567736465397376,-0.007916073117687439,0.01698983047285237,3
0.27,0.014331528616957172,0.012016426746135246,0.007569878572957312,0.020176478529545613,3
0.28,0.03128758128143129,0.02254236173878653,0.016796483962275333,0.04206177229622462,3
0.29,0.011583909185522335,0.014430056947365445,-0.0033025650662588625,0.018796819718758594,3
0.3,0.015426192827934998,0.012746261806480887,0.004623267904423771,0.02053799457883027,3
0.31,-0.008086368037190287,-0.009991747351096411,-0.00011721337666618101,0.012854497350604741,3
0.32,-0.030795654688782315,-0.02729893137294976,-0.010956680166359123,0.04258700320618519,3
0.33,-0.04358725832780917,-0.01764553578931848,-0.018734145979990596,0.050618003194781276,3
0.34,-0.008919302200051292,-0.005028432619869053,0.008520502767306686,0.013320587590496294,3
0.35,0.05141066092239444,0.030745443754757074,0.03218260410787008,0.0680004292289265,3
0.36,0.0016580847685593002,0.0024355585139520875,-0.0027383730012329154,0.004022421791470185,3
0.37,-0.0007443273336292158,0.001755445906616645,0.0017737706200737155,0.0026042034719432746,3
0.38,0.0004679388445463276,0.009755293423762475,-0.0031473629165097937,0.010261121277626522,3
0.39,-0.018073883154851797,-0.024466317337751932,-0.011232036992315753,0.03242567796305215,3
0.4,-0.04230030637569369,-0.04669378966805353,-0.013724659001151251,0.0644824951265059,3
0.41,-0.015831486452168593,-0.0011110759595651162,-0.008161303853711395,0.017845933252865365,3
0.42,0.033600941068069955,0.024236520145223112,0.00881729975187847,0.04235772567459438,3
0.43,0.029558476703038912,0.010126121662388993,0.009125032107352535,0.03255008595819391,3
0.44,0.004028354439978411,-0.0010838370616889094,0.008812082685757543,0.009749622737881302,3
0.45,-0.0012859676277578403,-0.00030376655681044044,-0.01437083341785344,0.014431453148743226,3
0.46,-0.026443124021785308,-0.00769390351277466,-0.013131273489506892,0.030510085262936124,3
0.47,-0.045495989528608866,-0.03643557662178341,-0.021863169255036893,0.062252987693953515,3
0.48,-0.04862283626579048,-0.03664250097594184,-0.008949203405596639,0.06153812904124167,3
0.49,0.02610575149630742,0.00043114449397662485,0.007223857851613037,0.027090224602648733,3
0.5,0.039157282969153655,0.024162113659305134,0.020474130795034202,0.05036159824532695,3
0.51,0.030720350790417687,0.029310752555840473,0.009865290677518379,0.04359110147986578,3
0.52,0.008879108130129144,0.00287010211959625,0.0033697437152227184,0.009921250932705985,3
0.53,-0.006422822102861446,-0.01903883333105884,-0.008343662147616431,0.021756528133100875,3
0.54,-0.03431349798948451,-0.02992445151855093,-0.016041914019213215,0.04827247609518588,3
0.55,-0.041103444474080035,-0.010864068289437957,-0.016037577273376836,0.04543924528676599,3
0.56,-0.02080374633286339,-0.015316675582344542,-0.010141223798501093,0.027753213012337893,3
0.57,0.038708113434895795,0.029781126790481987,0.012173244037033518,0.050333104702419224,3
0.58,0.05072568009047137,0.04092900877205902,0.012471962553551662,0.06636134589986345,3
0.59,0.010702184825203184,0.013125139895637197,0.0011451787198054095,0.016974024025349782,3
0.6,0.001881589363493045,-0.004414129903814819,-0.004931159136995683,0.006880497930741525,3
0.61,-0.02289031522733289,-0.02504817866991473,-0.012510562712369413,0.036164789025608414,3
0.62,-0.057937345911322054,-0.041751958620647935,-0.02750458445694403,0.07652753926566339,3
0.63,-0.021532482655803806,-0.009752421782809478,-0.014929005653728622,0.027957695716231152,3
0.64,0.010525780401357786,0.0025038516859402903,0.009171587521605115,0.014183770443336156,3
0.65,0.045352157827547875,0.03034773171382885,0.01994454151642223,0.0580998087440022,3
0.66,0.04063699994531002,0.03426315088435495,0.016222140981199437,0.055574158842875074,3
0.67,0.006479168063767459,0.01812002753861912,0.005614988782015199,0.0200460249381521,3
0.68,-0.00793012655875875,0.003518808733382975,-0.0022928412176302275,0.00897363042415539,3
0.69,-0.02330237074477317,-0.015289309480408986,-0.02072202702195483,0.034729898799351705,3
0.7,-0.06394127587763544,-0.03743654821711055,-0.0290637089974416,0.07959070978424489,3
0.71,4.490573475482429e-05,-0.021327969500496227,0.0019279825004110643,0.0214149811127865,3
0.72,0.023516856443889962,0.028496951701569018,0.010087085429971063,0.03829971391219027,3
0.73,0.022443029528714218,0.01131461762426026,0.013361339343194011,0.028464636576881558,3
0.74,0.009696211315580596,-0.004786665299031725,-0.004616627167833058,0.011757632626006051,3
0.75,0.023053585467973037,0.01948185100115785,0.009776592533820155,0.03172683537532227,3
0.76,-0.01609219259170088,-0.014138798913341494,-0.009066477768054616,0.023260810739072015,3
0.77,-0.050204997700117986,-0.029709817941279776,-0.03267966831497339,0.06686685125942089,3
0.78,-0.025741790435225967,-0.016840323504587314,-0.016765434490641728,0.03503307100741022,3
0.79,0.01642281538482593,0.007143831556024668,-0.001558270680320454,0.0179769686537546,3
0.8,0.028753424002901026,0.02373019112934464,0.016857882932729905,0.04091539538974857,3
0.81,0.012227268499856187,0.006230896680539121,0.003782025732410641,0.014234953004901177,3
0.82,0.003940531035082453,-0.00032550336628638576,0.0002504201337477673,0.0039618742437510564,3
0.83,0.010247927709146842,0.008259743488171647,0.013821208654029464,0.019085837510586547,3
0.84,-0.030098543004521666,-0.008221183963733798,-0.01559551366346119,0.034881659983260524,3
0.85,-0.04899295698126053,-0.04450994130785216,-0.023484200056489275,0.07023497961336146,3
0.86,-0.01697854420815001,-0.013086692914500667,-0.0010696202641276437,0.021463377701936355,3
0.87,0.02827465485063741,0.025076109327704026,0.015478682106986306,0.04083940457091382,3
0.88,0.049320770080594836,0.045726143305893856,0.01768508059125737,0.06954265323161972,3
0.89,0.01973177287665458,0.016421781865499446,-0.0014132770270198543,0.025710214554706266,3
0.9,-0.005877602712961664,0.005585733868267283,0.006528199942905121,0.010409804560752757,3
0.91,-0.031105059907857436,-0.013947279662333433,-0.015026483525508626,0.03725381281148444,3
0.92,-0.052826890718081915,-0.04072974144702583,-0.029615701267541386,0.07298412144329748,3
0.93,-0.02127255966084419,-0.017281252474548828,-0.0152241234042735,0.03135183272221615,3
0.94,0.027393851247201177,0.027185181564666518,0.014481296047516924,0.041220930582332796,3
0.95,0.06878850373146796,0.0510246462637956,0.022349086564630277,0.08851471313986727,3
0.96,0.015517728957357042,0.010979775888846698,0.0039710509855273276,0.019419697126704993,3
0.97,0.013555739632629609,0.0022713879042422676,0.0020224642241137925,0.013892719011662311,3
0.98,-0.002862170266875322,0.00452988022713107,-0.01487872284971275,0.015814178042102046,3
0.99,-0.03606255800074705,-0.022497540586390717,-0.014093783039360928,0.04478037675538383,3
1.0,-0.03857520487069932,-0.031435861584677566,-0.012042979168699883,0.051198566109268824,3
1.01,0.002790740289627936,0.016320922061377214,0.001135640159466874,0.016596698673817512,3
1.02,0.04056907149053879,0.04828209060082177,0.020597204966298667,0.06634195269069283,3
1.03,0.029757873191264,0.021885711547050136,0.022548355199163643,0.043277519672177175,3
1.04,0.0023663652216303448,9.770213082746504e-05,-0.004200587035900616,0.004822256890159024,3
1.05,0.008117674018937406,-0.004260518816079736,0.005137197698538636,0.010509017663595941,3
1.06,-0.010513754452855635,-0.012981148908619235,-0.006422031753250122,0.017896696665095514,3
1.07,-0.05360670938660836,-0.05242187659851673,-0.04339726023372749,0.08663171840131226,3
1.08,-0.05184690095946229,-0.0330136000418273,-0.020744963059214347,0.06487181529100446,3
1.09,0.0225831182388179,0.02685837261821069,0.011346112453735756,0.036879583469717994,3
1.1,0.05737247302490556,0.042715779471182616,0.019237071106287647,0.07406958472661089,3
1.11,0.03993811252020689,0.04375753147342781,0.011598244756927896,0.060367985503628804,3
1.12,0.00776933557390628,0.0109854796516703,0.005832966484883059,0.014665157225580532,3
1.13,0.003461698846388705,-0.0003219615404730118,0.01665863304600601,0.017017551912602357,3
1.14,-0.03856423127998819,-0.023015194224025648,-0.024513197553572584,0.05116440123451578,3
1.15,-0.04774443416658391,-0.02734130926784795,-0.01652576980772447,0.057447186650916776,3
1.16,0.008785062733710783,0.012232723884709747,0.002012040330096658,0.015194247831489316,3
1.17,0.03989138992435636,0.025051754565334965,0.02072044475514881,0.05146115260805956,3
1.18,0.03720149173505227,0.013442364684299372,0.01400440366681316,0.041961547608279554,3
1.19,0.003100253213280677,0.007565518931839047,-0.004197597632139182,0.009190673129635972,3
1.2,0.006713659351823744,0.006215001316098174,0.01713049722435389,0.019420437647103342,3
1.21,-0.004843632201340499,0.0014565518423486868,0.003508977345151827,0.0061559108326957376,3
1.22,-0.04893631027385604,-0.03260538483877247,-0.017108183174221508,0.061241844479295995,3
1.23,-0.04124763663145113,-0.01784982281611004,-0.016177606489681848,0.04776712942999346,3
1.24,0.02295708722353671,0.026249369159614084,-0.0024064548951428476,0.034954946148279625,3
1.25,0.045768417667004624,0.028333911584994716,0.03157038988850855,0.06240391108864989,3
1.26,0.019959178836542246,0.010561698647642994,0.008786611692685893,0.024230617887101933,3
1.27,0.0030064645419123903,-0.006026607558481049,-0.008866662974893802,0.01113447529145716,3
1.28,-0.0012538041517372051,0.004656179212231076,-0.007348738749971521,0.00878953872069856,3
1.29,-0.03274780161348242,-0.023818995599852535,-0.015296884259105706,0.04328692331337805,3
1.3,-0.047666440099369524,-0.03421196160309488,-0.010559624042621731,0.05961588285348072,3
1.31,0.005206472262894924,0.021392541849586395,-0.00024223966489570837,0.022018330551289492,3
1.32,0.03709205664098045,0.01578010936501781,0.01770279892450792,0.04402523829794886,3
1.33,0.016594998625871073,0.020145436187322556,0.007399976199743027,0.02712917666142692,3
1.34,0.02379741909218408,0.01509555414116325,0.006432179328255506,0.028906155766353227,3
1.35,-0.0022443531149793786,-0.005348110806243389,-0.0046937418322107,0.007461274856753342,3
1.36,-0.012011985263896774,-0.005741257887181352,-0.003324393243978034,0.01372229654787427,3
1.37,-0.04553462193942571,-0.023938787048810063,-0.016375742340672537,0.05398733423445541,3
1.38,-0.01938074389277008,-0.030673232263709427,-0.004982120447939822,0.036623516154219674,3
1.39,0.019997703696439408,0.015648550302848053,0.01398418892132617,0.02898866708730662,3
1.4,0.047944183104217074,0.026415806213950316,0.015015786998683204,0.05676190069627244,3
1.41,0.0216474089690638,0.014640933006613593,0.012826453331974502,0.02911159802304523,3
1.42,0.015802071288056566,0.020118509156088996,0.0041226586515352645,0.025912471553549983,3
1.43,-0.0001451788405165081,-0.012126644869026735,-0.005706161025950843,0.01340286783973141,3
1.44,-0.04068463083441456,-0.04167091853420077,-0.017568765361347456,0.06083063499535966,3
1.45,-0.054252712385650936,-0.029185370339457416,-0.024418281868553667,0.06626760243485183,3
1.46,-0.00766681635904241,-0.013503992741643794,0.001156021229518714,0.015571585601111614,3
1.47,0.043120318406307256,0.026499934968329943,0.013940676540671156,0.05249715111507153,3
1.48,0.020076712562804112,0.01248209470225965,0.010498028065035863,0.02586669033216108,3
1.49,0.013057945941952863,0.007657484181494279,-0.008985256086057457,0.017603461112657103,3
1.5,-0.0028554507242127217,-0.011814495643216879,0.00032890342944270077,0.012159115247743017,3
1.51,-0.02961572456095303,-0.031513407363092806,-0.019019962453751545,0.04724346469771863,3
1.52,-0.04135213270005648,-0.02868713079757496,-0.016030660480734284,0.05281981093954076,3
1.53,-0.013244965699603735,-0.017074737989524035,-0.00658827350954057,0.022591616622789277,3
1.54,0.015731013671206974,0.006807542100598978,0.011242813632135033,0.02049898238796379,3
1.55,0.030625317654227484,0.024955807256782467,0.019046838323734664,0.04385754721128966,3
1.56,0.007661601397455697,0.006666656083549384,0.004681510757528743,0.011183066765546848,3
1.57,0.00892509903639919,0.00111021070526518,0.0018564898343555111,0.009183491445233916,3
1.58,0.009453671955474361,-0.009406136571451756,0.006250022682381682,0.014727868215488967,3
1.59,-0.02976665707470351,-0.012911441994048405,-0.013136554141161341,0.03500468914977444,3
1.6,-0.03768529615510421,-0.011373581699792695,-0.013244138893258268,0.04153248273344236,3
1.61,0.001242776902965814,0.0007140610632423732,0.00621498804310278,0.006378123078813598,3
1.62,0.05229492807057318,0.03400059116369038,0.028467942523418784,0.06856546837077333,3
1.63,0.02469406088680166,0.023730684283278094,0.010923925758722931,0.03594821516592694,3
1.64,0.009106778153764166,-0.008506809717028297,0.005888269414996345,0.013782994471709867,3
1.65,-0.002951641295393879,0.004935894605333094,-0.00047833567754187675,0.00577096585607992,3
1.66,-0.020970015562829875,-0.015026660138663403,-0.0070609090832391384,0.026746934491825258,3
1.67,-0.02152569295920083,-0.028601864375743018,-0.0130625592749722,0.03810580740457218,3
1.68,-0.021474440977441826,-0.01519379567785649,-0.012034184358816521,0.028927921383605622,3
1.69,0.020731852126444125,0.011564785858506427,-0.0010195973249133069,0.023761177227798,3
1.7,0.01936633961119109,-0.004142736345816574,0.003340714134986677,0.02008426611302087,3
1.71,0.010099695668667577,0.005195853653088894,0.01173255738130654,0.01632953307629065,3
1.72,0.002618970105072025,0.011219667704855775,-0.004153829119526264,0.012247213731003022,3
1.73,-0.0022998735718225997,-0.013444154264488892,0.0026393860380291593,0.013892482175316483,3
1.74,-0.054006580126162544,-0.04487541287096908,-0.02617892047255769,0.07493897019823566,3
1.75,-0.03093842874178168,-0.017911804914786774,-0.023583453523226446,0.042827542637861725,3
1.76,0.012229168377617224,0.0034147950840134854,0.010608086466953062,0.016545237476816962,3
1.77,0.0386576293659161,0.025449763204014778,0.023092942737340666,0.051724140975013384,3
1.78,0.03451464471483519,0.027048499881525048,0.01820882629455343,0.047480979356552676,3
1.79,0.006997067762155014,0.008884763256014328,-0.010535156467485905,0.0154559858041479,3
1.8,0.0030234638179458912,0.0005555921906378108,0.009436849177732973,0.009924925115284505,3
1.81,0.0057548682080403,0.00563641883329941,-0.0036832121057348917,0.008857413661567202,3
1.82,-0.03992860119813787,-0.02761889332383653,-0.0050840658585415074,0.04881540932663974,3
1.83,-0.028253937086230405,-0.014618677263675429,-0.014350182505610253,0.03489868799477266,3
1.84,0.021596149846503043,0.016037250902748695,0.00493204281689102,0.02734798257747678,3
1.85,0.03048846120084836,0.031407561822737934,0.016450247994028045,0.04676100795652041,3
1.86,0.02935862341377873,0.00872410241625614,0.01235370948090207,0.03302503398423585,3
1.87,0.02768688155599749,0.018536115159990967,0.017277128746717177,0.03753198839990924,3
1.88,0.003465682688680128,-0.004926544802143617,-0.0032403846401501584,0.006839729000645163,3
1.89,-0.03315922475410512,-0.032285054386842295,-0.01597494744376905,0.04895975764733528,3
1.9,-0.04187453237330015,-0.03745561851619253,-0.029934202679126595,0.0636589059751119,3
1.91,-7.54573734714735e-05,-0.00577811482975431,0.009813184624878171,0.011388191133054592,3
1.92,0.045080558477203464,0.039688454115506866,0.01698374339293919,0.062416966301899524,3
1.93,0.01842008433334192,-0.0002160683419755692,0.000989893332488394,0.01844792891317444,3
1.94,0.017007095915351475,0.022793488957244368,0.014313838912304052,0.031838191448720445,3
1.95,-0.008035892958198279,-0.019968713721542224,-0.009285864109634785,0.02344253347211288,3
1.96,-0.02618304351726287,-0.027880139428049046,-0.005827535997831828,0.03868868204217303,3
1.97,-0.03414810609566722,-0.021893265819278945,-0.010805173759735155,0.041978089738965274,3
1.98,-0.02315462395235309,-0.0035372567902279915,-0.00881848044538103,0.025028271880824397,3
1.99,0.04514582415348054,0.028902881531154837,0.02004325029953448,0.05722983384451459,3
2.0,0.049290761567954006,0.022304367108533604,0.02971335382972043,0.06172477107184189,3
2.01,0.013819690853544103,0.004130321147965808,0.013972574528321602,0.02008173914337017,3
2.02,0.009941813591847207,0.006479927427433304,0.009464122253924206,0.015178890835534184,3
2.03,-0.009407439732743918,0.0019140873744207237,0.005189279738998504,0.010912940804920833,3
2.04,-0.039395612887904045,-0.03909639988282017,-0.018386725765931308,0.05846891894846812,3
2.05,-0.03913441055299619,-0.03060984822773621,-0.013657937592338912,0.0515267324515317,3
2.06,0.005342890847901854,0.002616817083255266,0.011633641478616119,0.0130665920695791,3
2.07,0.04780547620505338,0.03626923308833472,0.019231285420530302,0.0630131983233178,3
2.08,0.03497498333207731,0.0185035288528661,0.008927925169974486,0.04056276478407997,3
2.09,0.006147268364105111,-0.004841260211540537,-0.0027657041032577694,0.008299146218916132,3
2.1,0.011054735471402921,0.005673695297160115,0.010314766428877218,0.016149068120173474,3
2.11,-0.017600498295412235,-0.00875738233725455,-0.013431087425187031,0.02380889319289505,3
2.12,-0.050003193327769306,-0.02447443301981319,-0.023727996598966187,0.06051722925924605,3
2.13,-0.011438131290901538,-0.010152755693389122,-0.016272236112795983,0.022331479210032815,3
2.14,0.022024417648009997,0.02344998533363843,0.005477116131994396,0.03263396368823721,3
2.15,0.029908590973073815,0.027110182180259193,0.017205631105920983,0.04388074217233012,3
2.16,0.013339607955823365,0.007708052941641536,0.0021046674541169855,0.015549560947455528,3
2.17,0.009149659801064101,-0.0038879663363069914,0.0027814546249014718,0.010323228493928175,3
2.18,-0.005110703775914367,-0.020438287007646584,0.0007233370365652605,0.021079992537013564,3
2.19,-0.03386794588825829,-0.027584824920940658,-0.015404163614617735,0.046316828273046215,3
2.2,-0.027124369819071507,-0.019155178436582605,-0.015030701915400197,0.03644961315417067,3
2.21,0.01142498483541907,0.01821498510048719,0.0062204257572826315,0.0223832450127856,3
2.22,0.036669246973097945,0.0287833657259507,0.026543492557883498,0.053643944795832295,3
2.23,0.030890615370972024,0.03169311119136946,0.013666245821755883,0.04631899923191887,3
2.24,0.010721825022857304,-0.003616276854014281,0.00854227974133031,0.014177642021323244,3
2.25,5.8767925400532775e-05,-0.008206778186110847,-0.008618901743289529,0.011901265862317337,3
2.26,-0.023589648237416477,-0.009437917129979196,-0.004890029536253731,0.02587388978454602,3
2.27,-0.05860646879189431,-0.044254344991689294,-0.019522809423696826,0.07598884998927621,3
2.28,-0.021504877543806745,-0.006204593597523471,-0.006462945708427362,0.02329648915855418,3
2.29,0.03784453372442724,0.01631699312881956,0.01649117946714708,0.044389323015821144,3
2.3,0.04683635942439112,0.032313020709064895,0.013042184153188344,0.0583770026548202,3
2.31,0.02267964784996899,0.0009639449157230404,0.016077697097345533,0.027817044421597784,3
2.32,0.005490131031973892,0.0001979000999473078,0.008816581886859848,0.010388109518363147,3
2.33,-0.003161376754711241,-0.01348815301841087,-0.0008940754666612004,0.01388250502515235,3
2.34,-0.02999214599094642,-0.025642615781841113,-0.013680132588078655,0.041763843129012705,3
2.35,-0.020753681606953293,-0.0062509422838976925,-0.014789343659638878,0.026239555361368308,3
2.36,0.022073865658781375,0.01489493671458126,0.009651291676985547,0.028324231955828193,3
2.37,0.05716791785577164,0.044583223280142956,0.030773727170018104,0.0787582180724402,3
2.38,0.018415609801143776,-0.007487416288520565,0.018578995788086777,0.027209835933340944,3
2.39,0.01749652024180597,0.003580598630548687,0.013113171835493667,0.022156357613836202,3
2.4,-0.01287181305912606,-0.013247260041357812,-0.0014180232116154214,0.018525233058213426,3
2.41,-0.02449125381088922,-0.03304413167902234,-0.012867531542525014,0.04309651400807077,3
2.42,-0.0733235903554222,-0.03973359660554421,-0.03004857977108411,0.08864550043900188,3
2.43,-0.025815125055088074,-0.034133650090728926,-0.021255920794572974,0.047784316663015226,3
2.44,0.05088047454915744,0.02705990282175371,0.02120688478544025,0.06140678295899525,3
2.45,0.038265424915575275,0.021184191582892746,0.018841536632988324,0.04762369388951758,3
2.46,0.012485296038541274,-0.005497044219218813,0.005137252363280435,0.014577087300352284,3
2.47,0.019704558215774305,0.03063233781572361,0.006323655026613893,0.03696753098911352,3
2.48,-0.014303539555354506,-0.005508231219019968,-2.066788720830187e-05,0.015327500844408355,3
2.49,-0.04893362535838608,-0.030941181807037792,-0.016313635584603855,0.06014973922070074,3
2.5,-0.0326129949082556,-0.025155284279199254,-0.01331026498341413,0.043284626808855996,3
2.51,0.021449731072797067,0.009207274136773025,0.012422000462574662,0.026441841002797263,3
2.52,0.048842695052615195,0.029096699127204383,0.027040289669616354,0.062955571838548,3
2.53,0.021117768855422023,0.007883988612491784,0.017130072424142516,0.02831177880546011,3
2.54,-0.004116407073149322,-0.017001426367389195,-1.609874894032879e-05,0.017492671748116344,3
2.55,-0.005575695141503176,0.0024742886017017304,-0.0068871692345359205,0.009200194588193846,3
2.56,-0.02873660409117792,-0.017602113938731376,-0.004557520435040501,0.034005849825008,3
2.57,-0.05794149764637052,-0.03252596485377834,-0.02059364936128328,0.06956474633885376,3
2.58,-0.017907460214022237,-0.009624679027789537,6.712524949104189e-05,0.02033017667173309,3
2.59,0.0316358746012392,0.03010806128565098,0.016067511361943464,0.046534813178222056,3
2.6,0.044033059711762246,0.032996138072315356,0.04005544584401692,0.0680594902789456,3
2.61,0.00815931338294418,0.0074037395927756995,0.00016602521449862783,0.01101895272748621,3
2.62,0.010889271904592518,0.00026137670101264703,0.003019616843510116,0.011303213979819643,3
2.63,-0.03435497827931391,-0.023291778863038202,-0.021329886840522012,0.04666621441478061,3
2.64,-0.06460622722358678,-0.03422139042707521,-0.020863487898237873,0.07602863464582248,3
2.65,-0.05124615756298538,-0.04928604191830392,-0.021501186520258897,0.07428043897771539,3
2.66,0.016192963807689788,0.010086598909207985,0.01237790338492525,0.02274124109715499,3
2.67,0.05091090880978495,0.04860277126789418,0.026537607026999623,0.07522230119769628,3
2.68,0.02582558459231435,0.017695125753728787,0.012035872300667248,0.03354013293075967,3
2.69,0.00834619171477892,0.013367622477019031,0.0025145836600872417,0.015958551870753387,3
2.7,-0.005185327794676933,-0.0169023058485519,-0.010428355080100524,0.020526230950003933,3
2.71,-0.039403977796404366,-0.026863032652990886,-0.008392210487861141,0.04842236246165349,3
2.72,-0.05658990637674665,-0.022554730596855796,-0.02626549639157768,0.06634010609519458,3
2.73,0.0010822736767603317,-0.004010734203647206,0.0009298606142690898,0.0042569878935325624,3
2.74,0.04634242161020087,0.025737517517204395,0.02789088360855969,0.05989942601655077,3
2.75,0.035075326793857386,0.0074410794901015945,0.024251911277942396,0.04328745100265307,3
2.76,-0.0007925683500237223,-0.010313342575569498,0.0039097682949361355,0.011058005597330904,3
2.77,0.013373588636743212,0.012734652008968736,0.0037946655414667157,0.01885268472621217,3
2.78,-0.023901609560378814,-0.013614964186629943,-0.0038512597154847627,0.027775643840892754,3
2.79,-0.049553649998281143,-0.02743070826565765,-0.0095680210838387,0.05744175320764983,3
2.8,-0.0396796460371657,-0.015811158368115738,-0.025431221107228594,0.04971130701944121,3
2.81,0.022157718754671395,0.017279170691911684,0.014085955420182246,0.03143164615973363,3
2.82,0.03875903301262902,0.030128853795081442,0.023725336178553373,0.054524325285736766,3
2.83,0.018351475248755557,0.019702049167107716,0.014144544101247977,0.030414067682915526,3
2.84,-0.0040966968956259245,0.009482648981305299,-0.0019452055415202496,0.010511297815019922,3
2.85,0.0002854536274782063,-0.0003279314637886052,0.000648743498515311,0.0007809551493196579,3
2.86,-0.03428650307376233,-0.023384548603903092,-0.019387284573587096,0.04580685766970562,3
2.87,-0.03707842167236111,-0.004232785303940875,-0.012124429387305924,0.039239363056890256,3
2.88,-0.00907678037978847,-0.01346172441493197,-0.006640891736214873,0.01754159084400886,3
2.89,0.04778150685200454,0.04148260125526067,0.015083114736975729,0.06504905037062328,3
2.9,0.028010457336876397,0.004318472468185558,0.011366209046228608,0.03053564528157246,3
2.91,0.025110464329441542,0.01241114733088794,0.005035098305323824,0.02845916744835375,3
2.92,0.004323796078300356,0.0032464224438651565,0.0028172185414213754,0.0060968181472703725,3
2.93,0.004099968022100607,-0.0005924170327704795,-0.010928911815691824,0.011687677664879902,3
2.94,-0.03579589395258671,-0.02649406823885921,-0.01499292159503439,0.04699009867690225,3
2.95,-0.043165316686287515,-0.0399067721924195,-0.00433873653019223,0.05894590457464863,3
2.96,0.019197947763380786,0.01492518375259542,0.010812983207088393,0.026612833637382757,3
2.97,0.038666855661469615,0.023545037460578844,0.022272302771033547,0.05045344375252867,3
2.98,0.013848089930041907,0.01999776245911453,0.008689877951203295,0.025830100210578116,3
2.99,-0.00023829807957229197,-0.010211819797417277,-0.001081719272200885,0.010271716805554078,3
3.0,-0.0136177521926976,-0.016784398766247953,-0.0038116470674426357,0.021947388685055226,3
3.01,-0.026950946530160027,-0.03931172166582415,-0.01695359569454947,0.05058843134726574,3
3.02,-0.04036347454375723,-0.03353146319251514,-0.021941998577817052,0.056877239759542314,3
3.03,-0.0032548286405877057,-0.006180938496917444,-0.0001532427686553601,0.006987230748187099,3
3.04,0.030998825822928438,0.019231800767548463,0.00474489158921447,0.03678727170308137,3
3.05,0.03152272923945857,0.011538395938149912,0.006766229249688007,0.03424323141569826,3
3.06,0.006018163408870114,-0.004168081263568329,0.010501763729876004,0.012801493415758635,3
3.07,0.002224350455629522,0.004380861164796771,-0.012234045626336643,0.01318376091568603,3
3.08,-0.018333503042130637,-0.016132431429426667,-0.008603458049399375,0.025891932489266644,3
3.09,-0.051723893583411173,-0.03179902962511146,-0.021736051178092484,0.06449027347859067,3
3.1,-0.03590079351177041,-0.02048705920040503,-0.019596218208435653,0.04574492690483068,3
3.11,0.014991027761169473,0.014594146163601312,0.006528900811958547,0.02191681001863879,3
3.12,0.049321034072516805,0.039187295809665214,0.011003800159978209,0.0639475736272871,3
3.13,0.03947542233684628,0.016712911442287568,0.020205371891963697,0.04739079479015609,3
3.14,0.024800555703444374,0.008461866410139088,0.007620070930840146,0.027289855758756264,3
3.15,-0.003884498869521593,-0.014779227837237839,-0.018302764104705473,0.023843365551129637,3
3.16,-0.033740188853675364,-0.026739482077373054,-0.004170012113357373,0.04325262126939108,3
3.17,-0.05410962033016324,-0.043884032019236616,-0.015365791026235785,0.0713426016654968,3
3.18,-0.008910768478852948,-0.007072013219874367,-0.01124327323140541,0.015994572792726744,3
3.19,0.03963105881842955,0.03630130876911553,0.020975965152587747,0.05769226079382799,3
3.2,0.01914089079955392,0.01795414392126201,0.001684814733445619,0.026297596567592882,3
3.21,0.0013648731236202416,-0.008633269754986891,-0.0014723162288140781,0.008863630203453977,3
3.22,0.008989183462393541,0.011680122355769443,0.011986152652871479,0.01899732962772012,3
3.23,-0.02322549140689618,-0.017154787262405193,-0.012646857719301394,0.03152226494531193,3
3.24,-0.06101392835802085,-0.05184997659043948,-0.025728028009528905,0.08410143251672902,3
3.25,-0.05007500653578777,-0.03311185946334063,-0.025940967057082882,0.0653975174493334,3
3.26,0.018083355492617966,0.009616341901639654,0.004576051916309066,0.02098623426397368,3
3.27,0.04850141018271847,0.026530451790595343,0.03194860445806617,0.06385111579873429,3
3.28,0.029630717116131782,0.022265234345306716,0.007845004609500168,0.037884880290040904,3
3.29,0.012814523421091961,0.013000278022029072,0.012017098087677775,0.021854745150850775,3
3.3,-0.007250889405734618,-0.00413258949133781,0.0036536078753095667,0.009110573175417356,3
3.31,-0.04699768331982987,-0.03490728660283358,-0.026176837046630343,0.06412899260996713,3
3.32,-0.03940243755250103,-0.027080934907390646,-0.00649732547296746,0.048250848270665087,3
3.33,0.002231829585405567,-0.007597727286244885,-0.0023338282044138067,0.008255499821461995,3
3.34,0.028095114504988826,0.013311563158795645,0.023440586406677264,0.03893577100646579,3
3.35,0.02686499094315039,0.0077969498423625955,0.012487304761610292,0.03063417936601543,3
3.36,0.022687701793426863,0.010776975318528009,0.009304386579092156,0.026785194031345314,3
3.37,0.003554843266294229,-0.0055821272435649,-0.007105722237551225,0.009710218521150638,3
3.38,-0.010471333905280489,-0.0034141974987210192,-0.0004611721636537053,0.011023532014770885,3
3.39,-0.04805542438666083,-0.029642210523149158,-0.029827290634949738,0.06385649320392196,3
3.4,-0.018476167396296914,-0.03354978202489303,-0.00905393685766339,0.03935645319634858,3
3.41,0.00855809845638973,0.0005311508315276152,0.003648039205513102,0.009318334638767457,3
3.42,0.045339997645951854,0.027547440141777273,0.00970459118054863,0.05393288361362948,3
3.43,0.018551916214931016,0.006467694846678329,0.0009814903582874282,0.019671502108354128,3
3.44,0.01847754886495753,0.0235408960619191,0.013839670352692792,0.03297165562913357,3
3.45,0.00018456704336365648,0.006186090075295348,0.004314623795783962,0.007544385588787785,3
3.46,-0.039722919937321674,-0.018489724352009972,-0.01619038678312144,0.04671090771058995,3
3.47,-0.04199371306754049,-0.019348239480126022,-0.029710333213624075,0.05495935050420266,3
3.48,0.0022184889015914784,0.006135802923133524,-0.006119188399050932,0.00894506775721112,3
3.49,0.05681749892312351,0.0357228255100539,0.030758746354217728,0.0738271557327248,3
3.5,0.020493377758047143,0.013334423966921754,0.005418300964344879,0.025042830906346417,3
3.51,4.775259470159339e-05,0.004812422429051759,0.003497641796955402,0.005949385521694705,3
3.52,-0.005845537520606439,-0.005757403619044854,-0.008776194350734963,0.012014141360050695,3
3.53,-0.015945892519744195,-0.005580695547063949,-0.007545179072091966,0.018502577611516396,3
3.54,-0.02092422501584379,-0.006555738633312181,-0.013834018083659107,0.025926452859598284,3
3.55,-0.01682968641436553,-0.013929495990756154,-0.0017990230983605422,0.02192043994701763,3
3.56,0.0266828589573624,0.016002898796088565,0.013003378453299349,0.0337217375474052,3
3.57,0.045764664531700285,0.04614686970681589,0.0070255310144964125,0.06537045348987996,3
3.58,0.02006227204518903,0.00314690729634203,0.008260435626861707,0.021923334187401104,3
3.59,0.02025483086867281,0.020737384891293956,0.0072000103970201665,0.029868670130513114,3
3.6,0.00808490198199153,0.010659906804289371,-0.00079696572152126,0.013402776111530972,3
3.61,-0.044537243866499314,-0.03843633545566237,-0.012321344806603594,0.06010601893593899,3
3.62,-0.04592220703449303,-0.038330360506917203,-0.02479864989041553,0.06475367689866333,3
3.63,-0.006601618975738044,-0.019908556877563252,-0.010686792858308397,0.023540168895833928,3
3.64,0.043912105859723424,0.03516870533040532,0.025916181219191675,0.06194157993334057,3
3.65,0.032047852915885314,0.0307834380984279,0.015046007592244923,0.046915533484591786,3
3.66,0.01837041306919246,0.013665725583412554,0.014144224902096693,0.02691251066205057,3
3.67,0.000151949832326572,0.0004460740547479408,-0.002200145125927315,0.0022500465304088856,3
3.68,-0.021268967102925355,-0.010138392706789227,-0.014313710402183082,0.02756879166340016,3
3.69,-0.04891655079705434,-0.037502845953632485,-0.011217575196210174,0.06265082912288804,3
3.7,-0.02039066575143908,-0.013324609600109666,-0.020851373002857075,0.032064064416204664,3
3.71,0.0360420227604663,0.03531814248235293,0.01747737110479698,0.05340278170474406,3
3.72,0.052226815327649764,0.04432916463577505,0.029301088718202063,0.07450683778450157,3
3.73,0.009281820206629035,0.012625466928499777,0.002381306066940689,0.015850085807189725,3
3.74,0.029816903396500442,0.014742095548501189,0.012146793190600424,0.03541075675741193,3
3.75,0.0003608690843284494,-0.003951346649687268,-0.004096490877511767,0.005703034661612708,3
3.76,-0.0359110635798142,-0.023331818063910444,-0.023603569920252674,0.04889894410497155,3
3.77,-0.05147311561765046,-0.03211811565820161,-0.015798845930491284,0.06269496405260176,3
3.78,0.022961725918306867,0.004760300025838639,0.013580568166848897,0.02709858197799055,3
3.79,0.043262886035694205,0.03274093512478904,0.025473396646962538,0.05993780174244457,3
3.8,0.04479720055967875,0.02711639541362027,0.021550826120208567,0.05662619698227449,3
3.81,0.007496060782865682,0.009455169951233479,0.0056516829906991355,0.013324139247789453,3
3.82,0.004575793759289832,0.003234520991250751,0.0010898771631237657,0.005708576600265273,3
3.83,-0.022300456459721976,-0.016198093405107254,-0.012322176075137675,0.030191465871984915,3
3.84,-0.05320540776764391,-0.0365152794043942,-0.025472992765657697,0.06937618039458131,3
3.85,-0.027454480491262794,-0.014243907649614699,-0.005693286894347457,0.03144917995492458,3
3.86,0.027842108265195505,0.014808190586329635,0.014310059528839226,0.0346300924747661,3
3.87,0.052851293748710504,0.03357874455260359,0.017024138273158403,0.06488923347201066,3
3.88,0.015592818282927119,0.015448419722243811,0.001747663174014662,0.0220191730200933,3
3.89,0.027020845117347196,0.012864289241246975,0.010848809786791863,0.0318325726627321,3
3.9,-0.008148451870295854,-0.006982541857781685,0.00012543506554023396,0.010731677065299178,3
3.91,-0.03152729911725377,-0.017402595635116223,-0.016143775849008835,0.03946444505033864,3
3.92,-0.03221035954220264,-0.021314004618546465,-0.01345989875158449,0.04090186950642098,3
3.93,0.013830905424750711,0.02489151620204591,-0.006415434441295752,0.02918971261892923,3
3.94,0.02801844010992139,0.021349597345588757,0.016110690179887824,0.03873490197592291,3
3.95,0.029899246441778903,0.014200733808560378,0.017064862735750128,0.03724023789770698,3
3.96,0.009016204339712959,-0.005811965270862731,0.005942989361378182,0.012263360206510593,3
3.97,-0.004355006760044028,-0.006413805680540785,0.00245721739386128,0.008132705854047646,3
3.98,-0.029691610835105697,-0.02417535380375059,-0.0035238564575322713,0.03845070935435621,3
3.99,-0.04590373999688051,-0.028626936135695658,-0.013774139969588081,0.05582456224745707,3
4.0,-0.024061874131077538,-0.01760536228347699,-0.005922367486175193,0.03039731903430955,3
4.01,0.029438887407390976,0.02365681047192335,0.016038976053415272,0.041030982517258514,3
4.02,0.03415729356122906,0.02073092765213875,0.010091191679065406,0.04121072935838227,3
4.03,0.029892603133938635,0.01769696515014469,0.012135122397214988,0.036796895157662185,3
4.04,-0.0006091361226980233,-0.015607502270192083,-0.0017197896947343356,0.015713779002014157,3
4.05,-0.012408702396487583,0.007542451586397662,-0.005429469715126865,0.015503019463486107,3
4.06,-0.043390048546312725,-0.01851103816477933,-0.033358523033282385,0.057776689986112253,3
4.07,-0.02663221266980456,-0.014268924582333298,-0.01614212082049918,0.0342555838515359,3
4.08,0.010973813434612872,0.013895657541307553,0.012070832493842654,0.02142939282614874,3
4.09,0.034209054140359865,0.029103609536604298,0.026686103279832767,0.05224392387157667,3
4.1,0.035683973810440466,0.023115383726723858,0.030017637415108326,0.05204541773992022,3
4.11,0.0008891614931326348,0.006226294174102351,0.012521454425251594,0.014012286331180342,3
4.12,-0.007212566564260224,-0.001267404833199455,0.005834038191080028,0.009362875256569543,3
4.13,-0.02913577742025278,-0.01839100509941296,-0.017537945048078547,0.038661377509842665,3
4.14,-0.041732853848729434,-0.03972214018270173,-0.025581354134933215,0.06303875942965949,3
4.15,-0.027155403589136186,-0.018592705074634557,-0.014897599415918332,0.0361253801978385,3
4.16,0.03239926439573033,0.022797336468541936,0.0006742524233764851,0.03962178062347501,3
4.17,0.026377624435977836,0.027919257315335427,0.007083555789283597,0.039056891357931944,3
4.18,0.008111258671069023,0.012301766085301553,0.00389746288597086,0.015241921893054964,3
4.19,0.008666809000558866,0.019390209597774818,-0.003946818836357847,0.021602573583368163,3
4.2,-0.0030455614645715718,0.0001795670207086885,0.0009526744677722321,0.0031961347892344337,3
4.21,-0.022091723229585507,-0.01553045365746432,-0.009620954579483355,0.02866708902347318,3
4.22,-0.03126709440179826,-0.019818528540588458,-0.005000590358923718,0.03735520271371639,3
4.23,0.021537150196811496,0.01981923888742888,0.0027296815681474053,0.02939561583196505,3
4.24,0.029813109776939344,0.03158879549568171,0.01621426197733987,0.046363518060104615,3
4.25,0.030020369949739025,0.01831133153400228,0.014098072166497926,0.03788513050365702,3
4.26,0.01467170039077509,0.00031131744123086974,0.004469575299451347,0.015340561080460847,3
4.27,-0.008314417713471365,-0.018450266678905307,-0.009114499829405024,0.022194954146765748,3
4.28,-0.012421730428522685,-0.014689245760058898,-0.012415404464225885,0.022895754974418613,3
4.29,-0.05304866199234864,-0.05655550282953009,-0.02866277579789018,0.08266946326134918,3
4.3,-0.028144388554438144,-0.027721027788251952,-0.01723673219510922,0.04310066038364308,3
4.31,0.047342694512230415,0.03948672164308586,0.014115023140522948,0.06324370156825433,3
4.32,0.039208351005003424,0.031630101951472374,0.005185166988620893,0.050642315258012965,3
4.33,0.004749956707577111,0.014160624385540931,-0.00411502636208717,0.015492540581612353,3
4.34,0.004220797212438794,-0.00046647830944514246,0.011467150746271026,0.012228175553181187,3
4.35,-0.01772609910046189,-0.013641558480878623,-0.00015764323282698237,0.022368092419683076,3
4.36,-0.04182171844554926,-0.024085138541307678,-0.013236971595001226,0.05004365543502642,3
4.37,-0.05569213779248566,-0.04954610927193457,-0.03134720213894724,0.08086456725800063,3
4.38,0.011654419487316114,0.011515293697464523,0.004904875628135481,0.017102201245824386,3
4.39,0.04118410877724426,0.04025041282831656,0.013452144351186301,0.05913701663316261,3
4.4,0.023228644686552245,0.013270812708346241,0.006020716259450877,0.02742140456269358,3
4.41,0.014669234254609169,0.006453064424370234,0.005474222460728573,0.01693504017211701,3
4.42,-0.0025591018766785377,-0.013691215668665503,0.0005958953009374316,0.013941071698790258,3
4.43,-0.0254197018570167,-0.02337344487942452,-0.012883299371732729,0.03685727296929066,3
4.44,-0.05948978689278157,-0.05267527225515567,-0.04078085521774175,0.08931291734118729,3
4.45,-0.02123317367472948,-0.016864705212015784,-0.012616714355948366,0.02990731394373308,3
4.46,0.01757775636618782,0.01999517870583752,0.019805355184298965,0.033181874334095,3
4.47,0.03483679564560354,0.021432317745107343,0.028536934204611453,0.04987287026609866,3
4.48,0.017842446830697793,0.0173697871963811,-0.002344989253584605,0.025011225294920475,3
4.49,0.010036620440900128,0.01904521741438528,0.004619001113835123,0.022017929682999458,3
4.5,0.011277074325948183,0.004381261674800788,0.006285397440622243,0.013633564471649318,3
4.51,-0.055734638418482835,-0.04787635808557866,-0.024394587407610507,0.07741828904054342,3
4.52,-0.03984214471433361,-0.04131126883947865,-0.03426316890504617,0.06684296651092995,3
4.53,0.015993698404805433,0.002750839912251819,0.007037079313418754,0.017688583723691944,3
4.54,0.032482943365379616,0.014835249713180612,0.015941863655034118,0.03910715101521182,3
4.55,0.02882233191242205,0.016643171921263713,5.586363217817067e-06,0.03328245813755375,3
4.56,0.015599255928822374,0.023102352684140938,-0.00011572963734595484,0.027875955202006877,3
4.57,-0.0065101374942938845,0.0041032360392021594,-0.0014300178860918954,0.007827093160462652,3
4.58,-0.03307172533949787,-0.0218550790116868,-0.02163271218233059,0.04515924857547801,3
4.59,-0.04842466862803765,-0.026001934803651934,-0.014927209964652018,0.05695498874196558,3
4.6,-0.031560330968568265,-0.021506457012067035,-0.011448151576177363,0.03987031926845568,3
4.61,0.027115288219818363,0.020969433852468536,0.016021158749738324,0.03783693353089268,3
4.62,0.0334943821893808,0.02947162350548685,0.009260077258974327,0.04556532959542428,3
4.63,0.020243584439012897,0.02075948283397123,0.012244047281269863,0.03147499852739255,3
4.64,0.00028406428926363615,0.012020577294792596,-0.01414915150347128,0.01856807634863401,3
4.65,-0.01836916597146094,-0.004614846674187278,-0.00725866474541924,0.02028327592376853,3
4.66,-0.01039708181259745,-0.009919971322854895,0.005020993052441579,0.015222204587272331,3
4.67,-0.04558289026830483,-0.022488007196638453,-0.0283280081590832,0.058189229236598985,3
4.68,0.01669713125717209,-0.0024454933252522695,0.0065891881409559355,0.01811607104700136,3
4.69,0.03491799067943593,0.030839291662650908,0.00891814701512698,0.04743270316486973,3
4.7,0.0440767828659684,0.02723520362026652,0.019322488542365686,0.05529808014317457,3
4.71,0.022296776017803333,0.01052719243807113,0.01912182229440679,0.031202757719072594,3
4.72,-0.009042441403683418,-0.01360060507747196,-0.009175534426492016,0.018733196124103978,3
4.73,-0.020920207711332805,-0.012744695370055951,-0.008108111617478979,0.025803562249471133,3
4.74,-0.029035546851057182,-0.009750898030930634,-0.01121389599240888,0.03261739500141156,3
4.75,-0.012333888330254492,-0.014489152256170517,-0.009071234271530795,0.02107955468350017,3
4.76,0.050203518751452195,0.033459748173122625,0.0304061760442016,0.06756096198595143,3
4.77,0.04210342145628833,0.019553057357988447,0.011287196228630805,0.04777468941891976,3
4.78,0.020484028585832134,0.010283674965267109,0.008198817058355094,0.024342760711407077,3
4.79,0.011056549525206691,0.0002107709692438977,0.008025721181260059,0.013663964003324609,3
4.8,0.0020773406581570016,0.0008423108171427021,-0.004349876221708297,0.004893491071504169,3
4.81,-0.0364367408836882,-0.019327592493356124,-0.01900375886763369,0.0454129361406355,3
4.82,-0.05314498022892754,-0.04154993903855388,-0.019920302759995956,0.0703392125324882,3
4.83,0.009745084449016244,0.014931543258025367,0.0012422973717023424,0.017873470780586504,3
4.84,0.023293913630691283,0.021180760460550237,0.007524845403117342,0.032370578064998004,3
4.85,0.001978963588908811,-0.010523020604303473,-0.006939676807920663,0.012759677649659266,3
4.86,0.005663418473336859,-0.0035306352198155345,0.007833864227763228,0.010291215797881387,3
4.87,0.0037082856734783733,-0.000641875293885479,-0.0010172130150331556,0.003898475195121596,3
4.88,-0.01759188192679427,-0.009221187012070415,-0.009938399062263665,0.022209826103746295,3
4.89,-0.05559890111775105,-0.040435832448686,-0.021025713134318825,0.07189141092040366,3
4.9,-0.01868416728833302,-0.009081982155764534,-0.0034606063645376724,0.021060776423159656,3
4.91,0.029614162009616418,0.02016923884718774,0.01954422223153317,0.04081388746299807,3
4.92,0.04705769837435343,0.022799160908121556,0.02293682822928058,0.057099271480690245,3
4.93,0.01945755611054841,0.007083452195520475,0.01088388549830679,0.02339296365024356,3
4.94,-0.011150835840307918,0.0009219268969085205,0.0008349239701740153,0.011219990515892165,3
4.95,-0.019378518136753356,-0.023993250487380303,-0.006414015371156271,0.03150147024042026,3
4.96,-0.04483872238098579,-0.03026660557907589,-0.017307498140273617,0.0567990134589857,3
4.97,-0.024241969944975787,-0.028833861393366644,-0.0073795432381573945,0.03838648626885278,3
4.98,0.011079778519060775,0.01722454125000663,0.0007208358976917573,0.020493069991975862,3
4.99,0.026657337000266793,0.02223603684712594,0.011775879359370902,0.03665687227927382,3
5.0,0.01773091809202067,0.01605855576264863,-0.0011308776717398623,0.02394872760454052,3
5.01,0.006929710886708954,-0.011205602516741938,0.0007067463463398755,0.013194162009565085,3
5.02,-0.013852917455620622,-0.010231777710864167,-0.010078857231104098,0.01995434690090745,3
5.03,-0.023108233968914017,-0.011662270243014293,-0.01274309022508963,0.028851089630513842,3
5.04,-0.07054640467674497,-0.050260044729243336,-0.020581791200884842,0.08903076680584879,3
5.05,-0.013323470225714132,-0.006466245555212453,0.0047697043409346525,0.015558832537685039,3
5.06,0.032539148715812184,0.03959550633706582,0.01965323690924117,0.054889434705133563,3
5.07,0.024420088006237586,0.014450233843853202,0.002116547764029253,0.028453993231387517,3
5.08,0.020278295234762503,0.014709184837321069,0.01917045965170018,0.03154482365561951,3
5.09,-0.0023614589875263796,0.0048068479826603484,-0.009406301086089558,0.010824083157493967,3
5.1,-0.0022010273310965577,-0.0040382223294220514,-0.0019069692971439849,0.004978784268707243,3
5.11,-0.037813696583899443,-0.026068125443798874,-0.008099456072238075,0.046637152594888945,3
5.12,-0.029419179766438174,-0.019867005225406242,-0.007664901978564271,0.03631716890256346,3
5.13,0.019036424040697348,0.017628147494754304,0.010653097461941973,0.02804684491859444,3
5.14,0.055721925477713305,0.0388984950710577,0.028532712004900394,0.0737030633833596,3
5.15,0.028880091549487334,0.02633722714058602,0.009895146393577805,0.04031901714466669,3
5.16,0.0004133827671235447,-0.005025744621274377,-0.007520707346653179,0.009054834802713197,3
5.17,-0.0013006749720447474,0.00010136973031543901,-0.0017877113064499715,0.002213129666408386,3
5.18,-0.03297759541950167,-0.021896804351129437,-0.015356946295215347,0.04245971785066531,3
5.19,-0.04185600507327745,-0.009704337085511935,-0.008884482045236617,0.04387520188187858,3
5.2,0.009720702683532064,0.006737414701910458,-4.2407840148308076e-05,0.011827367245167147,3
5.21,0.04722843189153034,0.02896878432163137,0.022074743171041626,0.059640670100809264,3
5.22,0.017826619735565995,0.015871279036975404,0.010268244263756447,0.025983123555996364,3
5.23,0.019275283084571822,0.03051404479614102,0.0075486129764170675,0.03687309351924535,3
5.24,0.017775251149551346,0.017070137578873195,0.0045826665179214444,0.025066910116840556,3
5.25,-0.0203710135075288,-0.02110110014882182,-0.01863946401664011,0.03475146382013498,3
5.26,-0.028199755495287197,-0.0161525501623047,-0.011116790490893832,0.03434696664274994,3
5.27,-0.023697866590618705,-0.006413571787877844,-0.01453443882843016,0.028530206730453304,3
5.28,0.034832101017984424,0.009568933948574861,0.013913184741038968,0.03870938475198927,3
5.29,0.037718168664071045,0.027446549103278994,0.008480307259893464,0.047411906903985813,3
5.3,0.018802451706366796,0.01648547790473362,0.01125757479315753,0.02742327774248096,3
5.31,0.02412340471651721,0.02953498902388515,0.009331282684445061,0.03925973851536616,3
5.32,-0.01007837132368248,-0.009820634669837852,-0.016561886240288367,0.021732798018034852,3
5.33,-0.03588359285267044,-0.014274524428150512,-0.01765991381052053,0.042464889490744,3
5.34,-0.041640690243607635,-0.038086951400801365,-0.015248770749380155,0.0584558633529455,3
5.35,0.012177649493668941,0.0071316501270173045,0.008707038324649483,0.016582162015604487,3
5.36,0.04931512419077162,0.04195895554292956,0.015441050070920274,0.06656546740989232,3
5.37,0.04076781614379037,0.020182987661779495,0.014963966025901712,0.04788828774673175,3
5.38,0.023608451661893404,0.013662937670860291,0.0024155956182346974,0.027383753538560148,3
5.39,0.014247587411508346,0.01069864992396603,0.009395434073128681,0.0201427167647926,3
5.4,-0.011109028145729737,-0.011997032928149196,-0.008208933692423774,0.018295515783609977,3
5.41,-0.05211275868316004,-0.042714000390326315,-0.025584375108193228,0.07207486175214493,3
5.42,-0.026035918708293415,-0.014002073438857716,-0.0029850480573186833,0.02971258378997912,3
5.43,0.020302077328435027,0.009961303443165372,0.0029015119507837996,0.022799576349948152,3
5.44,0.04898370928035747,0.029958272597835022,0.02003333399830936,0.060813126403734485,3
5.45,0.011823735820931066,-0.0009978013273012117,0.003149546777330633,0.012276643725160647,3
5.46,0.02974483965407032,0.022856334825119697,0.01522028677113475,0.0404823993493458,3
5.47,-0.014658475132317115,-0.012331132254488252,-0.0007893817949384081,0.019171615464029627,3
5.48,-0.04337115374228215,-0.02226478741855585,-0.019264913362353277,0.05242055534415041,3
5.49,-0.02606499878542108,-0.018350378506297567,-0.01847855769491142,0.036845320564388634,3
5.5,0.012531276698980395,0.009872815892790276,-0.0010793822232273665,0.015989698413139644,3
5.51,0.04148786039552615,0.025062614697581115,0.008977992684610322,0.049294843222420254,3
5.52,0.04566405271378833,0.03586086052350331,0.017534139139171196,0.06065190073761591,3
5.53,0.02265835028046061,0.00580632602430353,0.01013960406111693,0.025493642930126185,3
5.54,0.001271454498831991,-0.003445778325623407,0.0008438838597592506,0.003768570654863503,3
5.55,-0.014671870330956079,-0.005282125371176949,-0.004528899252407478,0.016238089662385703,3
5.56,-0.02979249165489721,-0.026886740474027008,-0.014145577205455577,0.042550989727623334,3
5.57,-0.0031262963187310908,-0.008598488793380158,0.01099046700331848,0.014300283324236203,3
5.58,0.019567025390180973,0.005550411869781205,0.003725921959458844,0.02067747685265716,3
5.59,0.055810883959534485,0.017288961432849508,0.03164915072956234,0.06644871479324291,3
5.6,0.017246724607777437,0.0005438015039414996,0.013117882545847361,0.02167542553812616,3
5.61,0.016106989518285077,-0.0011779345690268502,0.0041631413062351245,0.01667796110820309,3
5.62,-0.0038082633549136576,-0.01945263444697768,-0.0034148376534651483,0.02011389999248391,3
5.63,-0.02850754522059655,-0.020074119819926118,-0.011190556157859926,0.03661801425762086,3
5.64,-0.03761088798520625,-0.022315637564903262,-0.017074840826111173,0.04694802194130107,3
5.65,-0.019902360094598046,-0.006405130596832834,-0.0008276502588037398,0.020924020652074275,3
5.66,0.046600171104834893,0.02758118686557098,0.019503322294270126,0.05755586326715644,3
5.67,0.03839708916677798,0.03073682212985978,0.02179882324665974,0.05379848869683283,3
5.68,0.027111347531608303,0.01652467470226073,0.02080249343613366,0.03795831624500174,3
5.69,-0.020910069807724932,-0.02005158292971211,-0.009147796138786572,0.03038057227156609,3
5.7,-0.024772493816002265,-0.016733352290458355,-0.016799211436452244,0.03429132592401592,3
5.71,-0.05799659095586208,-0.05268089087421329,-0.025678043833085782,0.08245145699680648,3
5.72,-0.021414599066757332,-0.014930492342259523,-0.018433149627513773,0.03195756029428006,3
5.73,0.04575049024788892,0.037464580619897644,0.017333055147373107,0.06162091333053144,3
5.74,0.02710516582395802,0.01956112655133737,0.0038902589547088282,0.03365206978829668,3
5.75,0.01918440963007471,0.018489120911749143,0.0016699804645482928,0.02669602966165111,3
5.76,0.016743932389973598,0.004339513336488642,0.010186337288051163,0.0200736672091452,3
5.77,-0.005573626988286076,-0.008007868979624157,-0.0015145170196933574,0.009873451534408755,3
5.78,-0.04584881855799787,-0.031028222924158858,-0.018525285186383213,0.0583785146456497,3
5.79,-0.05377876267536171,-0.029123951677575477,-0.023567489267926726,0.06554224917260981,3
5.8,-0.0029849038493160794,-0.007213045864997001,0.0023142216076141855,0.008142069963428259,3
5.81,0.05981550519166576,0.028071321660037465,0.022649018729839238,0.0698489213266754,3
5.82,0.03279939473168631,0.028962382721846723,0.007610334148537907,0.044413253579805426,3
5.83,0.028826254208014074,0.030811427096779274,0.011908451164817297,0.04384185420976206,3
5.84,-0.00435443714436738,0.009476863490849557,-0.0021997433824876367,0.010658843061854403,3
5.85,-0.0336653464100586,-0.025347015898930306,-0.017516483060177813,0.04563610350027013,3
5.86,-0.055292016748398946,-0.03704727581880607,-0.017685508872884337,0.06886570253611585,3
5.87,-0.038292947671945375,-0.016449275949505626,-0.012390954918544765,0.0434794696892998,3
5.88,0.026384588762494974,0.019647790246481226,0.010884956536478153,0.03465060554357914,3
5.89,0.038689373003528676,0.023763322040049235,0.02673655747764336,0.05269161758326072,3
5.9,0.018590423441232466,0.017222533287896424,-0.002601108490950431,0.025475189144709413,3
5.91,0.0014129545171204308,-0.0005419921221277732,0.0022770545350619207,0.0027340763126777676,3
5.92,-0.0012202828300765297,0.003570806203405723,-0.008569812182391693,0.009363836178037795,3
5.93,-0.04794472428052329,-0.030155649185120263,-0.014211547163947576,0.05839544363137034,3
5.94,-0.04224582077269025,-0.025972327845659875,-0.02330734940280606,0.05479510674015692,3
5.95,0.0026736118604226843,0.008553361558393542,0.004568314466278048,0.010058712213380127,3
5.96,0.03903763516293724,0.03996920590617394,0.009595338510739472,0.05668813721600317,3
5.97,0.020773124714655637,0.011857121221997047,0.012522623831445546,0.026998706296925738,3
5.98,0.0006577513670432862,0.0007397689866516858,0.012223523785881006,0.012263540628972438,3
5.99,-0.007843526223876266,-0.004643711289738236,-0.011293001816761312,0.014512644424792174,3
6.0,-0.021923985396107657,-0.011998209125217773,-0.008340818663477767,0.026347436570532245,3
6.01,-0.043835530930712505,-0.04584256059426581,-0.023618401420112616,0.06768251634992571,3
6.02,-0.02878164675517074,-0.0038651676661134726,-0.004920895952414935,0.029453996808601255,3
6.03,0.03955469478063875,0.02838413107594217,0.020389873538235695,0.052782380763195975,3
6.04,0.03892507830887169,0.02450800862844161,0.023013678127291534,0.05143377867928953,3
6.05,0.013700735888258282,-0.004342006937392947,-0.0029666602373430665,0.014675294241956764,3
6.06,0.020160890010490474,0.02202843010610944,0.0007979673539881792,0.029872227416998454,3
6.07,-0.004998078282780931,-0.005075127037462437,0.005181188569732896,0.008808088099146117,3
6.08,-0.038875864584753325,-0.03016754162040712,-0.014800641832104642,0.051385527274450726,3
6.09,-0.037545691575632034,-0.03001543767200605,-0.009589977567896257,0.049016049660160495,3
6.1,0.0014953646806122973,0.01187089856363819,0.005460994322293234,0.01315206475137379,3
6.11,0.028351244357975095,0.015257918953527738,0.0039775217674742225,0.032440989917830294,3
6.12,0.00047687595123965115,0.010350420057617127,-0.010710439823319281,0.014902084661245795,3
6.13,-0.004725104598144821,-0.0019238336177158288,0.0053764314660623685,0.007411731549464568,3
6.14,0.009351317669611477,0.01706456848148493,0.0009362676050316825,0.019481356129528265,3
6.15,-0.016348061853985726,-0.008482778537085726,-0.001427385057161468,0.018473063800907345,3
6.16,-0.040205117043833456,-0.04236281848502735,-0.03044997750705998,0.06586547621238445,3
6.17,-0.021272418038970033,-0.005840229644047413,-0.009792634069449076,0.02413544558399622,3
6.18,0.02665255232001716,0.020663507101906058,0.01112931215909497,0.03551338705412867,3
6.19,0.03150078501263336,0.0194833177903761,0.013220132252292887,0.039327738624297316,3
6.2,0.02734994498869627,0.012228560795913028,0.016352699522320886,0.03413162714684677,3
6.21,0.0034582012717440202,-0.0007317087086682124,-0.004330630018027956,0.005590072452417561,3
6.22,0.0019167166170919424,0.009458488183904854,0.011535090076254246,0.015039784053722425,3
6.23,-0.04986120297005533,-0.02339067215691434,-0.02918500142469375,0.062329988077430905,3
6.24,-0.04240585222728923,-0.02903462103024667,-0.025566941701348832,0.05740151591598347,3
6.25,0.02042578461963801,0.019217466154479532,0.00963732625080029,0.029654708563578422,3
6.26,0.029332230763013695,0.024061334185860917,0.014995665494746275,0.04079457743338801,3
6.27,0.03524665946381332,0.025130889855311322,0.00704947510970773,0.04385867904531781,3
6.28,0.005537767858857736,-0.0015472984660203693,0.011809373166566182,0.013134774455191843,3
6.29,0.0011700520915007495,0.004924829265840784,0.006565256010193296,0.00829008755526058,3
6.3,-0.033249154747636504,-0.032833727859034906,-0.016404923520527387,0.0495245544378523,3
6.31,-0.059553916354333575,-0.03833259756806919,-0.04215480713605751,0.08242017200984665,3
6.32,-0.01082539050603752,-0.01772208161135678,0.00048550854513309833,0.020772505260444503,3
6.33,0.026609562630779512,0.015433009808913071,0.010932815276531775,0.032646179945502826,3
6.34,0.054805050378145315,0.03914169534025655,0.019297479307535923,0.07005753755796221,3
6.35,0.021306791330781366,0.0043695471265503185,0.006937537463143673,0.02282984285879178,3
6.36,-0.008504220227032712,-0.005276042521350426,0.0004741671574449145,0.010019142720321408,3
6.37,-0.01675272217300017,-0.005900236243611617,-0.022868159369527616,0.028955469274150495,3
6.38,-0.0316662095130817,-0.0232778681369023,-0.011026552643154813,0.04081902538177096,3
6.39,-0.05219493937261485,-0.04906524477031867,-0.017455752194174685,0.07373203662687379,3
6.4,-0.0010573732873613538,0.012318163309324465,0.007204362969777087,0.0143093686577818,3
6.41,0.0605362199277081,0.048897097451032115,0.030635558046139343,0.0836307209048801,3
6.42,0.03231251647572005,0.0172058107523788,0.012733892001911511,0.03875939434713473,3
6.43,0.025801411139715562,0.02785798884504374,0.017900139953027278,0.04197851080766424,3
6.44,0.008886396151683514,0.010923058066058821,-0.0012077539080164873,0.014132936834977978,3
6.45,-0.028705647591716458,-0.012966393116500396,-0.01735781597944893,0.03596436193911771,3
6.46,-0.046363208806094104,-0.031174987937510498,-0.020042857988645753,0.05935607096207116,3
6.47,-0.04449214608966711,-0.031491513014085,-0.02679397385214985,0.060738649066062175,3
6.48,0.03462159546238729,0.025497113127461554,0.012164243751467957,0.04468474545346427,3
6.49,0.02795813748072383,0.015202145628110583,-0.0012793219533662244,0.03184963654030766,3
6.5,0.026322438548075353,0.028548606046956655,0.006970279714560866,0.03945223032530293,3
6.51,0.008256216728723158,-0.005421107126966709,0.0024690159288107754,0.010180842637543257,3
6.52,-0.010130197722816127,-0.015852261566176834,0.0028266211729395634,0.019023797988865065,3
6.53,-0.04495173454340617,-0.02962596748916774,-0.03347023793944409,0.06339253280831332,3
6.54,-0.04450263723724474,-0.044992959250213425,-0.01797247940869844,0.06578648128040637,3
6.55,0.018279868296453734,0.021113441183786462,0.011855782905733574,0.03033958753616781,3
6.56,0.028536427705881346,0.032665495006153226,0.007920192019271587,0.044091855391128046,3
6.57,0.019626361702018882,0.01251142154695384,0.010119921678994077,0.025379963703146397,3
6.58,0.0208396430322068,0.01039421120109624,0.018232334109707107,0.029576145037695317,3
6.59,-0.013276745237533553,-0.0023885733641914953,0.0004480178889151405,0.01349733184178573,3
6.6,-0.03250359589156236,-0.025482156405596684,-0.009784248443495645,0.042444735345686026,3
6.61,-0.07233930486227431,-0.06494786718079656,-0.028382064603328056,0.101275574895623,3
6.62,-0.010756733663065428,-0.0005025511511673394,-0.00627397308151075,0.01246284939270254,3
6.63,0.02795377076381722,0.025484601579248783,0.015463380904486923,0.040865564557049046,3
6.64,0.03715331744935213,0.018978484691365906,0.018473503991431,0.04562699013077852,3
6.65,0.009435049260738777,-0.013264587363385792,0.01127412027230007,0.019800889383756192,3
6.66,0.0006168297735927031,0.00408547612869318,-0.007848590324801443,0.008869721768707239,3
6.67,-0.027309062873705988,-0.024863980928119367,-0.01149841228581174,0.038680950708694026,3
6.68,-0.0427915646258052,-0.02783432220970145,-0.020103745963933207,0.05486372296682301,3
6.69,-0.032335441596610795,-0.03421015667568723,-0.019629951554235102,0.05100245681380959,3
6.7,0.022034142071634483,0.004214424251551179,0.009834260522763193,0.024494437503943912,3
6.71,0.04647301659263392,0.026056665544659956,0.019746429748720096,0.05682088153440278,3
6.72,0.02783811371614173,0.02871564791457787,0.010893500514608464,0.04145138554847851,3
6.73,0.016792221622509845,0.016810403095421086,0.012142603465853916,0.02668353758741516,3
6.74,-0.01599931735380887,-0.003953415945602947,0.005712636606996354,0.017442530505360515,3
6.75,-0.025975306248588206,-0.012592494075180058,-0.020023899411607662,0.03513180879754944,3
6.76,-0.05244828800500137,-0.03394725028316954,-0.0430670878733084,0.07588157071602428,3
6.77,-0.014259530721722894,-0.015665289885390954,-0.0014167532025558876,0.021230702137094843,3
6.78,0.016836904112410178,0.014258244679619007,0.009509069278627096,0.024025013631215866,3
6.79,0.03543008985277114,0.023918189003305723,0.0265293263282165,0.050310795934891475,3
6.8,0.027335305056339153,0.01418962042746848,0.016767675520656236,0.035067351949709086,3
6.81,0.01018644917446811,0.0034666870967008543,0.014132605797289342,0.017762663449832926,3
6.82,0.000624841457975615,0.001774156410064775,0.007689252391480782,0.007915974997110081,3
6.83,-0.0353255370205633,-0.0104191474951062,-0.02311661062744835,0.043483673800830396,3
6.84,-0.05444163786460033,-0.04873736880926815,-0.024457779284962455,0.07705456520792812,3
6.85,0.014797035821905193,0.01071333883085508,0.005170512108623621,0.018985839288397977,3
6.86,0.03769032799364583,0.024634179961897117,0.020743978763168868,0.049575359823107054,3
6.87,0.027403083767238153,0.008187150304235453,0.011745301641892986,0.03091780297365044,3
6.88,0.0006881070275514172,0.0016947325544279703,0.0033513303258163544,0.0038179869912219385,3
6.89,0.009385433166664988,0.013961458587871328,0.005437532466477624,0.017679803193213987,3
6.9,-0.04169257207586726,-0.027202155218308266,-0.029335223518501867,0.05778220447250855,3
6.91,-0.05176535473168657,-0.057086979944338735,-0.014736618457818153,0.07845854416973326,3
6.92,-0.004399938371933122,0.001012919301815506,-0.006354372074830963,0.0077950951023186025,3
6.93,0.04756767742836679,0.04073917132364738,0.03251011561441976,0.07056395420701413,3
6.94,0.04364054946618586,0.02159743504568326,0.016480384353231847,0.05140573729354897,3
6.95,-0.010556474966082897,-0.0015484865753948827,0.0034371011808861287,0.011209399578539517,3
6.96,0.018842922564888585,0.024052199777044304,0.00763905158539461,0.03149474803876922,3
6.97,-0.013140348805877035,-0.02164593086356666,-0.00407505244583773,0.02564802413689502,3
6.98,-0.027926752380113655,-0.03313932043930254,-0.00940203642526299,0.04434542080780078,3
6.99,-0.02948498324301394,-0.022322192582789467,-0.010210944738735933,0.03836545205000813,3
7.0,0.027335191437369746,0.028807655910252757,0.01419353323359937,0.0421728599411335,3
7.01,0.0525121602161233,0.027023718928573692,0.02609218127505081,0.06456477583779306,3
7.02,0.014474687734597827,0.01774862399038376,0.006611087656415373,0.023837716303516793,3
7.03,-0.0020051528046398075,-0.003866566484951149,0.005075515245936971,0.006688185790200584,3
7.04,-0.0013122699022791676,-0.004005662294517929,-0.0037909302261908413,0.005669085878163936,3
7.05,-0.03486935328804378,-0.03931291405438257,-0.014593916797196987,0.054537688048332124,3
7.06,-0.04099608985360114,-0.030955799362802475,-0.022190811569260047,0.05595867238933592,3
7.07,-0.019993088652490706,-0.015248813411205828,-0.0076178425109906,0.026273207433398362,3
7.08,0.036142194725128696,0.021006118723643094,0.017837379066512806,0.04544983339181101,3
7.09,0.019993370557073467,-0.00208558324975997,0.008214809468399897,0.021715607712570334,3
7.1,0.028250011949096043,0.021345465406539203,0.01374466515532241,0.037981678330186584,3
7.11,-0.009245979120240218,-0.008110778887578942,-0.014476105212294624,0.018995538586008505,3
7.12,-0.010509391785074877,-0.015247657552122875,-0.007860383176813774,0.020117753358795957,3
7.13,-0.03934154015221254,-0.024436227482725264,-0.01929920720884065,0.05017315411677261,3
7.14,-0.042085190987856916,-0.014747473106379088,-0.02924588872734915,0.053328915898977876,3
7.15,0.008159892359439327,0.018902362685357423,0.006094376815905807,0.021471483115534408,3
7.16,0.03644724519188009,0.01837625124079145,0.012234949485410793,0.04261199690993452,3
7.17,0.026184423866891682,0.018021617515368762,0.013057750438333798,0.03436433612949767,3
7.18,0.006145867581832503,0.00746197444320375,0.004800123357643277,0.010793235621121137,3
7.19,0.0016303591125454335,-0.022341542285248928,0.004877789614932946,0.02292586779266978,3
7.2,-0.029583991569188364,-0.0210879695447406,-0.018146522845420343,0.040610482736173896,3
7.21,-0.0399890174533014,-0.03513369919881339,-0.02215198107145002,0.05765595027109539,3
7.22,-0.0007854176883791177,0.0007657130573054847,-0.010109501497002562,0.010168835624064535,3
7.23,0.023167318675604533,0.015846234488155978,0.009321623898660227,0.029575673689346656,3
7.24,0.043514524381012075,0.04097945646796754,0.021106857797481983,0.06339029208482058,3
7.25,0.022375007237805996,0.02063957845549326,0.012078936925945976,0.032749562821102106,3
7.26,0.008169973161901878,-0.004281388007190126,0.0064774264517016575,0.01127101584470152,3
7.27,-0.03046495979279209,-0.0209649105220852,-0.01836795716521944,0.0412919253462322,3
7.28,-0.04113957001316671,-0.0181422789800328,-0.013708348670478083,0.04700558829255287,3
7.29,-0.03770394681762091,-0.03319601017406834,-0.01021645093556248,0.051263423284263705,3
7.3,0.028731810476670026,0.020931304629219667,0.008379511222910543,0.03652194758064473,3
7.31,0.04029797344102469,0.03702117992639009,0.023971150599419795,0.05974203283832702,3
7.32,0.03723173608560326,0.02435996964158839,0.01928898089371617,0.04849407259454776,3
7.33,0.012092305147070794,0.00987444879714366,-0.004307346476516549,0.01619511705688002,3
7.34,-0.0005613006351695426,0.004341142940400461,-0.006900034002766204,0.008171355436606603,3
7.35,-0.0329174571268498,-0.02929728164806552,-0.015007710170241308,0.046552347526392646,3
7.36,-0.030335450060812476,-0.007540024108862278,-0.015041847377014085,0.03468931631594456,3
7.37,-0.010937359127545523,-0.008836880287961306,0.0007319110233532152,0.014080197855668379,3
7.38,0.04971898472720155,0.04224318897999502,0.030689606685777672,0.0720993510097768,3
7.39,0.02925347897192802,0.023449104702423514,0.016986717370371628,0.04116035848151885,3
7.4,0.017358515619691182,0.004614486151803519,0.00710410411769201,0.019315274843482236,3
7.41,0.007835687283542253,0.0008854134194717332,0.0025786914494506023,0.00829648128547977,3
7.42,-0.009662166046879493,-0.011724641800818801,-0.002110727609077023,0.015338834672643761,3
7.43,-0.04562523567525231,-0.03402296984401217,-0.025949096115188797,0.06255062107304918,3
7.44,-0.036528268518723477,-0.031015766334981452,-0.00880813409376418,0.04872243208765203,3
7.45,0.011473221768922475,0.01591009992883399,0.005802146744950392,0.02045558614057046,3
7.46,0.04044247875966369,0.04073718295780353,0.01662122830221148,0.059761002282739895,3
7.47,0.02698907122728857,0.017416235070592735,0.0032302803331784244,0.03228265665611676,3
7.48,-0.007296534274539301,-0.009160193184936933,-0.0062881592582944386,0.013292460211058217,3
7.49,0.0043747199925713775,0.011936333547015222,0.007322016159856311,0.01467058806606612,3
7.5,-0.04291484308087326,-0.02774333724410775,-0.023772374256430036,0.05636046749170955,3
7.51,-0.05327919794581371,-0.03466722333594154,-0.031306242173098346,0.07085598144528048,3
7.52,-0.00214044176399805,-0.006352994175703747,-0.01041975720351842,0.012390051094400978,3
7.53,0.022644407471406485,0.00933586942106674,0.006821446240974449,0.025425573275676662,3
7.54,0.04339981145634627,0.03147285780020757,0.02501192690117903,0.0591581008811846,3
7.55,0.019633827869892637,0.023791316203529506,0.008180056393522508,0.03191280692954016,3
7.56,-0.004603355796199272,-0.006242562766201953,-0.014457846656423391,0.016407004736301672,3
7.57,-0.009420184789520857,0.003553228230910893,0.00244006620453111,0.010359499766502103,3
7.58,-0.02747209553264831,-0.02518223289349607,-0.014310288043457619,0.03992048634904085,3
7.59,-0.0440776134626016,-0.02548170723272581,-0.015693516367557836,0.053277010689711884,3
7.6,0.00896407788686747,-0.002380873942425356,0.0007545253293016123,0.009305512428883438,3
7.61,0.05404974743955537,0.034706594622393304,0.027347370675985038,0.06981261770949854,3
7.62,0.017891267103902597,0.01860456758645898,0.00960078644730185,0.027539108084122882,3
7.63,0.010331475149666147,0.004942962438830113,0.009594487905124224,0.01494076485998724,3
7.64,-0.00036606404865340177,0.00795075252567738,0.0027320611774236544,0.008415023879316523,3
7.65,-0.02931202795623545,-0.021373371194550794,-0.02121147026353718,0.042023118040765424,3
7.66,-0.052598959712676696,-0.04041745359218804,-0.025778949472712986,0.07116723511314142,3
7.67,-0.0129562105534219,-0.0017419403156610069,-0.0022071932555228677,0.013257807135237403,3
7.68,0.03664185277769666,0.02976412149054451,0.01322474712094487,0.04902471049888239,3
7.69,0.024667485492256894,0.023744114171100054,-0.0011649266363213742,0.03425820853969089,3
7.7,-0.0014118981447742898,4.437739412988884e-05,-0.01386418065096831,0.013935958196227876,3
7.71,0.0008373804462807693,-0.0049633846779642546,0.002163022578970885,0.0054786001999052245,3
7.72,-0.014954785442216801,-0.01716107893285516,-0.006698723776871246,0.02372806646149755,3
7.73,-0.05017092884404904,-0.037572924439240936,-0.01547468747919184,0.06456247133257988,3
7.74,-0.04868223684408496,-0.030123265925188575,-0.026303899161882527,0.06300211460944541,3
7.75,0.022660964082006334,0.002155964859877091,0.009889406977360914,0.024818699562363874,3
7.76,0.028719346135670558,0.01951672809860141,0.009603278937296372,0.0360267467929414,3
7.77,0.026243797400071347,0.013739836963634495,0.008659564170224069,0.030862729519300088,3
7.78,-0.009567676840459989,-0.04037914691941411,-0.01784362550093083,0.04517090786203631,3
7.79,-0.0008684130257623872,-0.003740402804058309,0.004651605238975183,0.006031764718486822,3
7.8,-0.025368555051388526,-0.01218906909772106,-0.022986144077757172,0.03633868201280503,3
7.81,-0.05840373419645681,-0.02053708759307561,-0.025786852279126953,0.0670651167549983,3
7.82,0.009843869422514265,-0.004055903602654241,0.005994942866907144,0.012218488417926983,3
7.83,0.05279706011490244,0.04201203761583155,0.020146379101625898,0.07041603121674138,3
7.84,0.04120446654097798,0.03012493451290433,0.017506767407916367,0.053961158692231864,3
7.85,-0.003258481183535047,0.0006502092459368838,-0.0017837986603680663,0.003771260975812292,3
7.86,0.00906548003614567,0.006067678138195256,0.0059129518460568084,0.012408168511439348,3
7.87,-0.016165961281123433,-0.023114856751373435,-0.004609491856405296,0.028581153264932522,3
7.88,-0.04944566362923133,-0.031418427296296784,-0.02874585156458753,0.06525576762004318,3
7.89,-0.021695018869626985,-0.018421869648839507,-0.013447582799150887,0.03147819258236286,3
7.9,0.0394532826398409,0.04088202522389406,0.02381765645362953,0.061605050575495854,3
7.91,0.042337945674903,0.022149924154842047,0.01555974511541056,0.05025163133762759,3
7.92,0.02623599817368154,0.011818922999324652,0.011475485027589886,0.030979046106228418,3
7.93,0.019056904540608304,0.017702718347371752,0.010198669003007824,0.027938587956250448,3
7.94,0.004972412665891369,0.007453491641669403,-0.0008826429876280608,0.009003248525724565,3
7.95,-0.028331763424559425,-0.012577339331477762,-0.016621049845844373,0.03517296662754485,3
7.96,-0.05130936076147568,-0.04867508001426912,-0.027804110355584832,0.07599330542101916,3
7.97,-0.003586164955406468,0.0036441497067763026,0.007055240579818738,0.008713026214347363,3
7.98,0.06217331054240878,0.04034670292175373,0.023998023363622358,0.07790559739723464,3
7.99,0.037290425428974226,0.014454637100721108,0.014039201199559422,0.04238645458998831,3
8.0,-0.014053259552520339,0.0005023219506791535,-0.01673433213898632,0.021858277689025474,3
8.01,0.007328549479607543,0.0042708850242579284,-0.006197632480987189,0.01050517704443262,3
8.02,-0.023705570868701446,-0.002413444517321832,-0.012709837650286718,0.027005902646382016,3
8.03,-0.04417855560521437,-0.03410552711530724,-0.014145215736727928,0.05757620066845807,3
8.04,-0.02248144804482879,-0.0018291723762355189,-0.016906380201436793,0.028188420837107094,3
8.05,0.030262605595937412,0.02051217818921045,0.013522082046651144,0.038979756982279255,3
8.06,0.038206298778702255,0.04344711005828544,0.014920247686787683,0.05974936342605942,3
8.07,0.02929639291399458,0.023633764202244962,0.01602735310637322,0.04091099480255691,3
8.08,0.007898948683952047,-0.00450405679700007,0.002244664530780387,0.009365812126988981,3
8.09,-0.012168901272981111,-0.011208761725612157,-0.006283709659533957,0.01769755646123017,3
8.1,-0.03328997928480011,-0.028930158671404364,-0.01647615259737986,0.047081210752774834,3
8.11,-0.05717355039256439,-0.041952181466617784,-0.013984561811402547,0.07227979221992871,3
8.12,-0.010936513349146353,-0.010017535929315188,-0.0028212178014513753,0.015096940756802459,3
8.13,0.018229896323258426,0.005525847426549996,0.013081745157292157,0.02310835706186394,3
8.14,0.02768329948804342,0.026754418750226685,0.01351147721163817,0.04080102951700856,3
8.15,0.015500437130654958,0.02319593622799531,0.006141751147365056,0.02856634586170888,3
8.16,0.012461962408904077,0.008627024360060447,0.002776354178572731,0.015408899990424135,3
8.17,-0.021833580494449382,-0.019617156868737603,-0.007332154084624276,0.03025390163831653,3
8.18,-0.06072173259996001,-0.0410649586905953,-0.02519960474545559,0.07751438396535532,3
8.19,-0.02255200771739333,-0.01681205161953342,-0.023677426968273407,0.036767630867124756,3
8.2,0.040325051849235724,0.027141587069608217,0.00955516853272219,0.04953863947454954,3
8.21,0.04798200385935787,0.03476074034098052,0.03562486751992705,0.06913546809868909,3
8.22,0.022804712733597122,0.026398492634511786,0.01385296504341772,0.03753451713730194,3
8.23,-0.014412980423717666,-0.006779371369466179,-0.0012155304214661817,0.01597408510886042,3
8.24,-0.006058616808685826,-0.004714274309407077,-0.0003188241090322959,0.007683285020831014,3
8.25,-0.04538362556072955,-0.03729544686438518,-0.02182431092184616,0.06266517671772813,3
8.26,-0.05094149284520555,-0.04097592096919229,-0.019489740335225846,0.06821958495114251,3
8.27,0.005675744948130422,-0.004569444597402047,0.020874862967543994,0.022110038637657203,3
8.28,0.0439197856199478,0.027706432370339925,0.016464966563685766,0.05447650032387987,3
8.29,0.0373370816229256,0.01842384958018779,0.016031951658405694,0.04461523698746709,3
8.3,0.02214161652599724,0.023941596224378664,0.018741318649597452,0.03761234155009823,3
8.31,-0.0017278780096070668,0.0011856257260478762,0.0058303740581848035,0.006195525194582343,3
8.32,-0.018109862886691478,-0.01699243022699172,-0.0007556187990505042,0.024845135913563157,3
8.33,-0.05694846656760229,-0.0347141404538483,-0.02817616687325755,0.07240231882695801,3
8.34,-0.028373251456864083,-0.023977488305930827,-0.021989683951666315,0.04316836276707353,3
8.35,0.03570221677791704,0.026661659420406943,0.01934581568246095,0.048577288420895905,3
8.36,0.04303603824507592,0.026900447862302303,0.02722624664759096,0.057593430090067906,3
8.37,0.01876117427952058,0.015612245847756603,0.0023785243480258225,0.024523076047500432,3
8.38,0.023631285882695186,0.016679870802263422,0.013356310509031969,0.031859799008523995,3
8.39,-0.024737069472963256,-0.014429509689769075,-0.01081204760654142,0.0306110066715139,3
8.4,-0.02576160231108402,-0.018747067849225,-0.013299750157570057,0.034525295955743524,3
8.41,-0.04042687360224255,-0.034907011459720375,-0.014479370348500945,0.05533971199771276,3
8.42,0.031653954292328736,0.006076509570999217,0.02102770504191965,0.038484557555430655,3
8.43,0.05370307590873299,0.040174030228825264,0.02615348835364386,0.07198595710240914,3
8.44,0.018212792880331452,0.008039960207276315,0.011739971551403904,0.023112198438578094,3
8.45,0.022377720694169656,0.019269846252833994,-0.00044931664972426566,0.029534577083917227,3
8.46,0.007812397646901267,-0.005424683596268054,0.00868779753528811,0.012881714758800024,3
8.47,-0.008654421856570529,-0.004609647784164321,-0.005353730453177309,0.011171853030308572,3
8.48,-0.03722334313896558,-0.04078223277584567,-0.0035633524253549115,0.05533050935181891,3
8.49,-0.01650736407807182,-0.010709129711181532,-0.00879285036316689,0.021552093761070434,3
8.5,0.028325901151200605,0.01730122452839644,0.008849269998083695,0.03435110807104421,3
8.51,0.031289945572598024,0.016846590330345773,0.0167504747452112,0.03928672427022396,3
8.52,0.03458156655949453,0.03020382543213164,0.010947084598333044,0.047201636387380605,3
8.53,0.0031903110254166084,0.01841352837234561,0.00259507023261793,0.01886718052784494,3
8.54,-0.007279153346007321,0.003997930124775601,-0.005274151193167837,0.009837997231432399,3
8.55,-0.052972277177277635,-0.038709051836347895,-0.01729154857317917,0.0678487324529649,3
8.56,-0.03022934082844407,-0.03980454310317154,-0.020498998775991654,0.05402243653698511,3
8.57,0.005874958467926246,0.009542908351524784,-0.002239938119785799,0.011428016432694229,3
8.58,0.05420784353032322,0.051300394748501364,0.026777796789548353,0.07929231490164994,3
8.59,0.02868351572471422,0.012018784072756493,0.008098169706488547,0.032136826189164386,3
8.6,0.003309558419674439,0.010546125480668272,0.008003772773448221,0.013646769515025511,3
8.61,0.014382900068599592,-0.002409669013052944,0.006668049171732149,0.016035498086820612,3
8.62,-0.018143372003576214,-0.025929662998595948,-0.008965534606937765,0.032892403099638486,3
8.63,-0.03815312875197187,-0.023170139456594116,-0.01884725046285867,0.048453435853531464,3
8.64,-0.01350799763693435,-0.013249170229573476,-0.001989732595170232,0.019025392183393303,3
8.65,0.030195989241955844,0.009349672056891946,0.016958257803595052,0.03587194783678371,3
8.66,0.030149255470218454,0.01698430897667648,0.01625652371639729,0.03823243283085054,3
8.67,0.0024314572365961434,0.0007717335806959845,-0.005217276890495325,0.005807541232317353,3
8.68,-0.0010884100584775758,-0.012248056983246752,0.005718787941329198,0.013561123546304964,3
8.69,-0.010208608904635612,-0.010365627589882723,-0.010170939263830402,0.017751336192198895,3
8.7,-0.030987888544813005,-0.028411284198413354,-0.009778654211683006,0.04316332221296724,3
8.71,-0.040793452947590556,-0.022976289455256916,-0.020879267687585967,0.05126362745347725,3
8.72,0.013438942777795369,0.006191459338649103,0.003591800775304486,0.01522630567591763,3
8.73,0.047590153271446486,0.04297155857315446,0.022110273464547064,0.06782508184501415,3
8.74,0.020309107647513973,0.016816324445718265,0.0017915877601882395,0.026428363702742336,3
8.75,0.01575880497511107,0.016662066045085012,0.011593346466204444,0.025697666458645917,3
8.76,-0.01763931161681294,-0.004531317763496807,-0.00216585630895368,0.018340367731859906,3
8.77,-0.02649910246327375,-0.002473178437301174,-0.02270033533030469,0.03498034115113933,3
8.78,-0.05757680831562667,-0.04019402479897144,-0.02871512467510994,0.07586307975861417,3
8.79,0.008854478413526667,0.02031598584250193,0.0016229596043142256,0.022221050078823554,3
8.8,0.039205796545938296,0.029874037773583325,0.01685639484088893,0.052093096113889584,3
8.81,0.047006917623636145,0.02740174425922088,0.021176448635273914,0.05838619588332034,3
8.82,0.02790363209275627,0.020325663075270294,0.017269917435966113,0.03860045740224318,3
8.83,0.0014926786688431695,0.005780689632001098,-2.022762386821289e-05,0.0059703326026873706,3
8.84,3.8187787892395714e-05,0.008135539901959065,-0.0010633173898512826,0.008204822464567553,3
8.85,-0.03069744080433761,-0.01403561775524377,-0.006395125401943282,0.034354462106307326,3
8.86,-0.027085269287061533,-0.015753023597680438,-0.01501252634762864,0.0347439996569186,3
8.87,0.00867342940090575,-0.019738216076822246,0.007984964668331394,0.022990981106127704,3
8.88,0.049774914630187794,0.03131678657093387,0.012280254792993644,0.06007568480968611,3
8.89,0.030963517200243325,0.0322494430185892,0.017987795317481316,0.048190525550180496,3
8.9,-0.00042466821149070126,0.0021119707066163352,-0.006336591469478656,0.006692768844546022,3
8.91,-0.0002096685697083631,0.004613610982391885,0.001478235378309879,0.004849180037868001,3
8.92,-0.02589369133988169,-0.012136264678216855,-0.007844014323320938,0.029653005450531688,3
8.93,-0.03464612989880529,-0.023011531373471176,-0.020092292977435703,0.04619074723587236,3
8.94,-0.0008366406729410567,-0.004967883304357969,-0.0034477568783546106,0.006104658846617019,3
8.95,0.03524054208859941,0.028866159640917974,0.020426936604764488,0.04992404949689454,3
8.96,0.04387529029233196,0.04408549535554162,0.02102158191357221,0.06565423752606458,3
8.97,0.011181889103155521,0.01229726608035653,0.009853116474516295,0.019322041849316542,3
8.98,0.0061894984211563345,0.006750991623439662,-0.006032544002119751,0.01096710379921519,3
8.99,-0.012248105727644195,-0.013534941091981091,-0.008419935402307534,0.020102388824664114,3
9.0,-0.041713960093422014,-0.024896236033277983,-0.01799009063843823,0.05180270645902119,3
9.01,-0.02656309934123817,-0.007168194622197718,-0.008371752335727532,0.02875878123156389,3
9.02,0.0053774490883210044,0.013671024531056739,-0.011001894724465089,0.018353625199247485,3
9.03,0.056573264017704156,0.03701145744140025,0.03356292689355673,0.075477494958535,3
9.04,0.028957026600086738,0.019598276785655566,0.018271639302620154,0.039451928283549716,3
9.05,0.008420575834015575,0.006259853976126232,0.01057992449151282,0.01490055943328784,3
9.06,-0.002036807780460263,-0.004521103771619655,-0.001940801223812125,0.0053250046609038355,3
9.07,-0.042398770741249155,-0.03007192143821301,-0.019676814325803593,0.05558015150543591,3
9.08,-0.058579260162367947,-0.04414952603840579,-0.03026261055750602,0.07935071498317789,3
9.09,-0.028174285316018205,-0.019188929785187832,-0.004806865938997151,0.03442544610494915,3
9.1,0.041922791159057476,0.03706783417361675,0.02636818236991946,0.06186134326364106,3
9.11,0.042319826475057505,0.03792076567884846,0.027698573825935546,0.06321521315743474,3
9.12,0.019070444867582685,0.011977400355271301,0.010007088282508035,0.024643088333483557,3
9.13,0.006311655291398254,-0.004831342542807207,0.01170744538789478,0.01415072933787913,3
9.14,-0.00434605438577856,0.0044429656101256845,0.0054821992903397575,0.008287499091759003,3
9.15,-0.04623438668926569,-0.029067375487398094,-0.02353559473371506,0.059468101110827606,3
9.16,-0.026224411374473997,-0.020718949299789707,-0.012815250879655479,0.035794207172857,3
9.17,0.012412158953303137,0.02177855392361541,0.005895644096290037,0.025751227547361834,3
9.18,0.04673141158798731,0.03479830079590271,0.01601044074030532,0.060424173804751576,3
9.19,-0.005828921713565988,-0.0023457361150982002,-0.007203174409901011,0.00955847936881227,3
9.2,0.013728067863382001,0.001197418302402135,0.0021528473548264064,0.013947344176786215,3
9.21,-0.007710000928686859,-0.016510853817280083,-0.009889726530410125,0.02073304364878062,3
9.22,-0.028753824540305156,-0.032613514377512705,-0.016070339932443826,0.04635385174169652,3
9.23,-0.04123562007950084,-0.04107087198218048,-0.01737734883230845,0.060738498015322384,3
9.24,0.005517741766079101,-0.004388380323039995,-0.006755666766959169,0.009764342759396296,3
9.25,0.011541659130038101,0.005268716849936642,0.008459367347229662,0.015248939918373786,3
9.26,0.04945503425867072,0.028919244723821846,0.017165939609707505,0.05980629240812974,3
9.27,0.024703244117099957,0.016482219187589017,0.0010818823224876453,0.029716734151256804,3
9.28,0.00021248916428535242,-0.013110363380906763,0.0005015522295724719,0.013121674217238774,3
9.29,-0.016298432519906727,-0.028339863817432046,0.003543150362825595,0.032883745198656104,3
9.3,-0.047950930976369974,-0.0369966057510763,-0.02671949625722105,0.06619646590899561,3
9.31,-0.032895464385089994,-0.025079689043996396,-0.00925362546260791,0.042387875198652065,3
9.32,0.01406279413486516,-0.002479802953346424,0.007693392747231767,0.0162203542973075,3
9.33,0.0404289254659857,0.031187558047976575,0.019988871786414657,0.05483353706103464,3
9.34,0.017680920999616687,-0.0006577435303257891,0.007936050582851096,0.019391454117727816,3
9.35,0.018765237821695882,0.025732303017408018,0.016351384715415876,0.03580018646873292,3
9.36,0.013022358578551182,0.00685379473451459,-0.0021158493641511306,0.01486718345023711,3
9.37,-0.032779703532698753,-0.034135528089096874,-0.01105110178030927,0.04859907501354218,3
9.38,-0.05919217054919809,-0.040328554718459565,-0.028066092433080003,0.07692730935413855,3
9.39,-0.019805733608130177,-0.013010703002470337,-0.004019013680443661,0.024035347872213148,3
9.4,0.03864885584312114,0.026989062010188535,0.027946258909293684,0.054800884237368265,3
9.41,0.0476246029344214,0.04377143317333746,0.01842691368168118,0.06725765617787595,3
9.42,-0.0004726662418698506,-0.007827040640728368,-0.002201131953975736,0.008144382140262696,3
9.43,-0.0062722383132193145,-0.008102802786236622,-0.003734012488482097,0.010905926632551702,3
9.44,-0.006097720224725347,0.0005897846047770655,-0.015867167792112263,0.017008734566748382,3
9.45,-0.05632217115307075,-0.04273187696554228,-0.0221575113668282,0.07408883574712967,3
9.46,-0.03124890252041003,-0.031326198169761746,-0.019614920633733036,0.048400100330153434,3
9.47,0.03564201568982482,0.03664898809979441,0.011002207455462236,0.05229292667336204,3
9.48,0.04920053914329919,0.04285320978253483,0.02354150412747119,0.0693634850424991,3
9.49,0.0193013282846502,0.017040677314230795,0.011224047280438033,0.028087456172339393,3
9.5,0.0038556579833040248,0.008536102599822546,-0.005120466982385564,0.010674751903281593,3
9.51,0.013286562088844954,0.012191483066755035,0.010469156652341667,0.02085109667425137,3
9.52,-0.051646452759793376,-0.03834904185699921,-0.010705510262751353,0.06521206210514524,3
9.53,-0.0691292039897778,-0.02987658433631366,-0.03269581335503436,0.08210038578966859,3
9.54,0.0005318367861148711,-0.002140577862513878,0.002771403067862593,0.0035419766962965283,3
9.55,0.04378380137384671,0.028473714202925923,0.013413229396411786,0.053922985693441824,3
9.56,0.044203813448769516,0.039107272023759146,0.028293462446038177,0.06545132440019288,3
9.57,0.02630289098034868,0.020626779554754344,0.013391723043582372,0.03600894826012772,3
9.58,-0.0123981096728559,-0.0022139976104845914,-0.00953931966111701,0.01579916227134743,3
9.59,0.006334674067117997,0.017323446170437115,0.0014219213112204952,0.018500047107290096,3
9.6,-0.030086785997185103,-0.0084083598514372,-0.009347085044940018,0.032608023642487376,3
9.61,-0.03147667116018352,-0.032406794233027336,-0.0161898068861885,0.04799053017836101,3
9.62,0.03330222772756325,0.02846669383903552,0.012698851452543156,0.045614162909754494,3
9.63,0.04998382668043983,0.03407021658353862,0.020614038414113845,0.06390697276047458,3
9.64,0.015500639128226783,-0.0030188620800707198,0.009070948275260438,0.018211684278354224,3
9.65,0.011222896179954499,0.01994909319855167,-0.003374209375005069,0.02313665937461391,3
9.66,-0.018517058536119277,0.016968751558189665,-0.0033409934618918924,0.025337368126662964,3
9.67,-0.029920821938972383,-0.02620738301627157,-0.012286309852896126,0.04162974801589151,3
9.68,-0.04654429535406247,-0.04698222254533401,-0.02162636782876452,0.06958017282797244,3
9.69,0.0012734025126570113,-0.0077413054751410285,0.008626292094039367,0.011660286433461904,3
9.7,0.0413159370430359,0.03298948643905382,0.014950469174685264,0.05494387497983589,3
9.71,0.0398291488115364,0.030293003112196352,0.011025344771232598,0.0512404660393677,3
9.72,0.005367398030985252,0.003820264037789622,0.0067150724501213056,0.009407208775818212,3
9.73,0.00017233743919204585,0.007843555754658163,0.0011008182783613031,0.007922301935129258,3
9.74,0.000837998153495341,0.005653728279233586,0.00019459120586020408,0.005718806702281981,3
9.75,-0.04975157322258675,-0.03718892364936401,-0.021635266275546898,0.06577476588429984,3
9.76,-0.0197104321949569,-0.0059259674571287314,-0.017437345472307283,0.026975530481077432,3
9.77,0.011568903806244795,0.018686327720287062,0.013960694279863451,0.026036884677778295,3
9.78,0.04457270953385815,0.03623411543714491,0.024719109751572148,0.06253536554312529,3
9.79,0.028043681618384688,0.008669101779485962,0.02517021031426056,0.03866705175780179,3
9.8,-0.00813684693825925,-0.00665656947271199,-0.01619364896358885,0.019306798336276326,3
9.81,0.007472267802611366,0.015746963475095955,-0.00014674217135769285,0.017430524319847734,3
9.82,-0.03209711946264562,-0.020367153314878296,-0.015495963010735588,0.04105083289753312,3
9.83,-0.03618894406910121,-0.018164310680768438,-0.022627281955775753,0.046385081050378564,3
9.84,-0.004323243311929669,0.0011887137073431234,-0.002199629579677978,0.004994180943854995,3
9.85,0.052742361650744154,0.023239275239504364,0.020130658735821285,0.06104968507120595,3
9.86,0.02294764637557275,0.012420742364719064,0.015458034975663257,0.030328537062936166,3
9.87,0.009737361104867837,0.0024027803099762194,0.0059031190177902945,0.01163771320504161,3
9.88,0.01158044289731035,0.007264561372965864,0.0010635554975180275,0.013711734388316974,3
9.89,-0.011276939206296249,0.004166092274839295,-0.003280327639720874,0.012461389654805512,3
9.9,-0.02154125733323372,-0.02465991279281133,-0.005133253768746803,0.03314343616313807,3
9.91,-0.03066687871429481,-0.018429929996720096,0.0022045299355987306,0.035846613814950815,3
9.92,0.04322989942288135,0.040493491743437776,0.014069149822233932,0.06088093342261406,3
9.93,0.045566970479542564,0.01270986661897388,0.023180304553792372,0.05268031916534084,3
9.94,0.02015637490456342,0.020488669697808975,0.013313667998878613,0.03167520782668354,3
9.95,0.009138600848891065,0.005218458404832323,-0.006290601803273639,0.012260424325677607,3
9.96,-0.011787795305824213,-0.0038072052253935165,-0.0026839930092926122,0.01267480762276914,3
9.97,-0.030785503582438693,-0.02725803213945497,-0.011200309638528456,0.04261683332837882,3
9.98,-0.04178264303095873,-0.036766660369140176,-0.023902665826724477,0.06057156104126993,3
9.99,0.006972508032437729,0.009557711840910713,-0.0003035862342933345,0.011834605548895405,3
10.0,0.04007047601346019,0.039111882317436474,0.01563031906193397,0.05813509491121645,3
10.01,0.04206209870593526,0.02496208204445049,0.013098233944113108,0.05063486368102945,3
10.02,-0.008966899042050294,-0.0054344894630849756,-0.005416685127053997,0.011801670725806245,3
10.03,0.018355702525998323,0.01367207927102205,0.00014554139277288963,0.02288839769649816,3
10.04,-0.027512401632719535,-0.006566748093585411,-0.013444678617181231,0.03131794704708414,3
10.05,-0.04570334594142214,-0.0265403767119278,-0.012702134686956171,0.054355603684053795,3
10.06,-0.027702763893772773,-0.01630547273606025,-0.015271563347510635,0.03558837191524157,3
10.07,0.030031362552464035,0.014813321142264767,-0.0017144960384845136,0.03352993761830443,3
10.08,0.04743626860119786,0.02528621876723745,0.020426416064579293,0.05750505118329071,3
10.09,0.004934183120234161,0.00991414106985575,0.005136170632770633,0.012207235763510906,3
10.1,0.0024930516359568827,-0.007795253559549186,0.005259096491439057,0.00972827736156192,3
10.11,0.003085665772441834,-0.0025848780034206493,0.011132426931449833,0.011837814702716738,3
10.12,-0.03775615797937572,-0.0330756652987223,-0.008228927581878261,0.05086494224379377,3
10.13,-0.03311503487175551,-0.013027413741251619,-0.018124588865759576,0.039935194564395836,3
10.14,-0.001537005855469299,0.00531865075730032,0.0011725618891047982,0.005659093059992846,3
10.15,0.042642352445281265,0.038640692261425746,0.018282299975884438,0.06037976327312005,3
10.16,0.02867731198951467,0.020968884170303966,0.0074499114561867846,0.036298533124585204,3
10.17,0.004114769243088729,-0.0038355897517370727,-0.005059281906181938,0.007565673008643672,3
10.18,0.02291655520579062,0.023548248375401412,0.007350911760096282,0.03367082428088695,3
10.19,-0.013726051645216158,-0.009760006194251535,-0.004939542021300425,0.01755167485054239,3
10.2,-0.046769173777702906,-0.013253537701441411,-0.01903320834403088,0.05220416551693733,3
10.21,0.001342448468873183,-0.0025855972881209358,-0.007163193740955332,0.00773297005027046,3
10.22,0.03848071063356238,0.024433197441626222,0.017232072107012657,0.04873079659913979,3
10.23,0.06058251178633956,0.05785856109770962,0.030643044122729744,0.08920117700875325,3
10.24,0.018369389146613742,0.013493602059905964,0.006121998910720614,0.02360064882230346,3
10.25,-0.018702742428858846,-0.007405001113084807,-0.00313552521306985,0.020358244870489716,3
10.26,-0.007075959103161031,-0.016460411765642873,0.0007510303382484611,0.017932607152700675,3
10.27,-0.04650473883220814,-0.029269474699025085,-0.016408829043296463,0.05734668738105878,3
10.28,-0.0451983703993849,-0.02432223220788178,-0.019122690503875862,0.05477354250403327,3
10.29,-1.299345635289665e-05,-0.01095101041128319,-0.00138773409132628,0.011038596095798143,3
10.3,0.03701700441002226,0.031027644352645094,0.01835266726682739,0.051670046694121674,3
10.31,0.043427386844312285,0.018555872069318274,0.03258339374957407,0.0573753942436846,3
10.32,0.006487653008354374,0.01152773536165622,0.003352621687323971,0.013646186144982189,3
10.33,0.005895605245679409,0.013325259685233374,-0.002114728660862061,0.014723884820279594,3
10.34,-0.04342631591309177,-0.02881075893474442,-0.007085125455862521,0.05259376148275491,3
10.35,-0.04942977255372083,-0.037828546691161244,-0.030061850931989986,0.06912319611342582,3
10.36,-0.01745870855199326,-0.00583414315856147,0.00043840731689854043,0.01841292838397908,3
10.37,0.03875602773118453,0.02585680447090763,0.019059043630435264,0.050337373462010594,3
10.38,0.04742451672270439,0.026383097239782313,0.03168719735763754,0.0628429079747886,3
10.39,0.024731297371305895,0.014979146998587078,0.012387668556673196,0.03145578240551699,3
10.4,0.011003094230815285,0.01449127143969368,-0.00044532610511757633,0.018200641360429624,3
10.41,-0.011506420421460453,-0.00531259747246046,-0.0016810286474920944,0.012784649394233872,3
10.42,-0.027549744736289176,-0.016809271341365697,-0.018341568217211706,0.03712079151538908,3
10.43,-0.04644178952862985,-0.024055486111651814,-0.028840810273231404,0.05972686634929006,3
10.44,-0.0038058321482217954,0.010940560047442396,-0.009969340342691813,0.015282930326365875,3
10.45,0.029824984121663164,0.018996436770599427,0.024609692375636434,0.04308168110299666,3
10.46,0.0334731495815361,0.026787983387947127,0.013360407173851225,0.04490599377312473,3
10.47,-0.009008033024217198,-0.019852076535919735,-0.0025254786178373154,0.02194601658621801,3
10.48,-0.004355870763513963,-0.0052457653486696915,-0.0019651587965711518,0.007096020948213185,3
10.49,-0.028657660952248712,-0.01724846069453264,-0.0074671326275412946,0.034271402032338416,3
10.5,-0.05505270545309498,-0.03342630784434896,-0.020724874510955074,0.06765825047475921,3
10.51,-0.03005294096806352,-0.03281186577533642,-0.007724396333601696,0.04516042620710265,3
10.52,0.02866044628653017,0.027263297942529442,0.01363082018999985,0.04183907091581168,3
10.53,0.052975965046767576,0.04194185779415869,0.014956226950460305,0.06920448708324804,3
10.54,-0.0008462285050893532,-0.0019390859795380712,0.0005714173328560074,0.002191500601678027,3
10.55,0.0025365749884005556,0.0076703633368732154,-0.0001061824214799471,0.008079601543272998,3
10.56,-0.013794207103137161,-0.0006228892343741917,-0.013001028259264566,0.01896562354368384,3
10.57,-0.03688549525690395,-0.03677598471382028,-0.006053025871089714,0.05243712362643767,3
10.58,-0.01772447752229062,-0.005004986657985075,-0.018870629004889665,0.02636868661736828,3
10.59,0.004593057454844812,0.0033599413268079266,0.0028756387171822535,0.006376102299591413,3
10.6,0.029636949639812567,0.018660620872281812,0.028180777429752873,0.04495246124337459,3
10.61,0.03689207310501733,0.030700695846867306,0.018945721022085776,0.05159940046661881,3
10.62,0.0007539292439187259,0.010393562798685904,0.00949798067298189,0.014099865028410766,3
10.63,-0.0006274508577348379,0.013017386626666672,0.005207025137290819,0.01403421390557273,3
10.64,-0.01695167813361544,-0.027881646442244452,-0.013290392712014602,0.03523322492074192,3
10.65,-0.049680096766310744,-0.04632037888958254,-0.02165542519512659,0.07129268514767982,3
10.66,-0.013030213920711832,-0.006204219572342271,-0.013389710345134736,0.019686623845849127,3
10.67,0.024557914449371273,0.01856074995469649,0.02165206518288803,0.03763515016135097,3
10.68,0.03113564700267967,0.016304247710012813,0.015394510205822652,0.0383698834001631,3
10.69,0.004357562975959248,0.008734435789948543,0.016342174851987978,0.019035372403794288,3
10.7,-0.003816536842302017,-0.005055594721520231,0.00648640727808162,0.009066337233638625,3
10.71,-0.02836608038006664,-0.024604851758571435,-0.0051198553336682965,0.03789783852447748,3
10.72,-0.049303082621720784,-0.03958359013252291,-0.02305439144594686,0.06729903066706637,3
10.73,-0.03639178029405202,-0.01889126260239801,-0.00880274864973776,0.041937213301240873,3
10.74,0.003593348240713265,-0.006850358554616898,-0.009332941354770396,0.012122019561006885,3
10.75,0.06097415363791164,0.042683139997358316,0.02459979901485054,0.0783890806392369,3
10.76,0.041144172063074164,0.03522177103397435,0.02750432584068257,0.060744579918508006,3
10.77,0.005107263729832491,-0.0027197574492416046,-0.005103095387536468,0.007715102457068452,3
10.78,-0.02092686028432405,-0.003118180586777864,-0.004246462029711375,0.021579827879321882,3
10.79,-0.0030533845317431835,0.0030535008462208436,0.004489896962588709,0.006229462195986365,3
10.8,-0.07014734879519356,-0.04406456363110569,-0.030109346267688877,0.08814141503097109,3
10.81,-0.027300717213592327,-0.020921273963251247,-0.02409332890288765,0.04199425391937178,3
10.82,0.030844736854491035,0.01992588291193241,0.01696320652708073,0.040449832844193956,3
10.83,0.036150948423898176,0.03148915385964053,0.009590022645662537,0.04889198724829847,3
10.84,0.016781244849175852,0.01499007138701362,0.018972321355201223,0.029432318911033494,3
10.85,0.0012772876589939083,0.008870271747220796,0.008025814660562694,0.012030248775443703,3
10.86,0.006540202887691925,0.019840950914271127,-0.004837239524492936,0.021443798012759,3
10.87,-0.02960441471034645,-0.014145167922138397,-0.02682842480083543,0.042382443572566125,3
10.88,-0.026859976122923117,-0.01713725455502338,-0.016098237194663148,0.03569729754173704,3
10.89,0.0025656599956388575,0.0029670661650941527,-0.004091392884590159,0.005667943946206868,3
10.9,0.05035479210989577,0.03782967247474015,0.01608090027657205,0.0650021888991593,3
10.91,0.03151823166133024,0.01565238668364824,0.012158758029032405,0.03723213038170511,3
10.92,0.01945917237611485,0.006899253693396293,0.009114912157854411,0.02256857803971256,3
10.93,-0.014504505401882768,-0.015644612906865224,-0.00012238116403650093,0.02133423462672639,3
10.94,-0.019628705037031367,-0.009056929542681929,-0.008348401761290408,0.02317347289768631,3
10.95,-0.05218380477882667,-0.029878372438938622,-0.022052328020236843,0.06404819897473107,3
10.96,-0.03504241025347638,-0.024464812695319815,-0.006674257207588916,0.04325555786096257,3
10.97,0.03634657634679832,0.02105755047924883,0.012646193347511941,0.04386821458074635,3
10.98,0.03911949849174024,0.010200722690162086,0.015179186875921265,0.04318330255852365,3
10.99,0.007704929457666043,0.00849399729768689,0.017065550180974342,0.02056081056330405,3
11.0,-0.001785723109956264,-0.003989662274651788,0.009046574222755264,0.010047224355961778,3
11.01,-0.007788244323139242,-0.0024455877362697964,-0.006415218970735829,0.010382325532133575,3
11.02,-0.036634700976649504,-0.024453630299088258,-0.015285235260638592,0.04662316771119355,3
11.03,-0.04642319272607984,-0.038126224952540394,-0.01667588564325366,0.06234426207760694,3
11.04,0.0013915541156325206,-0.00976731658476629,0.005411006639449165,0.011252372593188842,3
11.05,0.029309258863364204,0.013137882239998898,0.009868847196351595,0.0336010528087545,3
11.06,0.01608140062333832,-0.0023397665590595643,0.002407908035926284,0.01642814580738429,3
11.07,0.02029981695376118,0.0012013588785239476,0.008406162391019772,0.022004304071145113,3
11.08,-0.007138340028249459,-0.0020684676300105325,-0.001471686569514832,0.00757629976005439,3
11.09,-0.030525905588092813,-0.01468978965511996,-0.01652776647559577,0.037693340217559025,3
11.1,-0.06195068376910934,-0.05115969305340534,-0.030392717384531143,0.08590063260998035,3
11.11,-0.024582367549089146,-0.027568131560142005,-0.014388919242661159,0.039640076551485534,3
11.12,0.03419307494754392,0.006746200519154914,0.02158035190154843,0.040992550347687166,3
11.13,0.04133133629958691,0.02444842471688948,0.01392012503360231,0.049997747073224054,3
11.14,0.006689075056304089,-0.0072483827204792815,0.007033829842014031,0.012114352620665262,3
11.15,-0.0014105409332184071,-0.0018647516961725853,0.0009399326649379729,0.0025199996085873877,3
11.16,-0.01801086055806382,-0.019953080078837063,-0.005192669201178526,0.027376638144727915,3
11.17,-0.04191120794755567,-0.02836383526018247,-0.019703166746615514,0.05430719364996648,3
11.18,-0.02942056317815578,-0.02169297175712982,-0.020660242638917057,0.04198809578052348,3
11.19,0.01702931391387756,0.012947407315352849,0.01778039604488229,0.027816818151612924,3
11.2,0.04610710698307362,0.04463378740952092,0.02008428168200642,0.06724149510197615,3
11.21,0.021567178776204215,0.02032002466622116,0.006935954653434668,0.030432779527264545,3
11.22,0.011935740000101119,0.011126544380840713,0.0058730736439302515,0.017342285698138525,3
11.23,-0.00666603002444261,-0.02617835941417393,-0.002219792144846291,0.027104795425731597,3
11.24,-0.044384294793641005,-0.0355667832368485,-0.022995321900909915,0.061349380791270114,3
11.25,-0.0408530973499078,-0.031734469946544636,-0.01832951041108006,0.05488190136811115,3
11.26,-0.025269864340339,-0.013118719513489932,-0.006326549789258741,0.029166626093683305,3
11.27,0.04046165026996331,0.012321978157291746,0.01665492905210076,0.045457265096000954,3
11.28,0.022338861597854726,0.01419972940147804,0.011855300098464111,0.02900353759436858,3
11.29,0.012342502298753558,0.014266357594228778,0.009339741656610563,0.021049871643631764,3
11.3,0.01428978087214941,0.006512257891810012,0.015409010308454932,0.022001021315147154,3
11.31,-0.0041402393157594815,-0.005904377745420567,0.0014472670264940445,0.007355123384305331,3
11.32,-0.05779847568569364,-0.05518477180820248,-0.021314819023390295,0.0827063742471702,3
11.33,-0.029506864210292787,-0.029620926004223135,-0.020411375806421245,0.04652610616829307,3
11.34,0.01669672309140756,-0.004007531624062432,0.014390412943119563,0.022403679527758513,3
11.35,0.05248448242779716,0.05053369639834941,0.022143971739673824,0.07614874162979829,3
11.36,0.03461719727149544,0.022310989994562956,0.01458172292085598,0.043689326669241954,3
11.37,-0.007829828752673636,-0.0010782137272891618,-0.006160295113539955,0.010020878156320124,3
11.38,0.0017694767401078221,-0.008655142296907961,-0.004305372761042077,0.009827449858688208,3
11.39,-0.019784348869569143,-0.01760668618561265,-0.015592193654712073,0.030733245217475953,3
11.4,-0.029929594139808755,-0.021735364822283932,-0.018228150439800892,0.041236781612869186,3
11.41,-0.007605727250377019,-0.0012514550719426691,-0.001865796337685261,0.007930600404631312,3
11.42,0.042063063726249725,0.01905045555687558,0.016289471082455632,0.04896496763104409,3
11.43,0.04812717989282128,0.037945879713637894,0.0274192143633767,0.06714110922514357,3
11.44,0.019194590973426108,0.00594648091456725,0.014736471932939213,0.024919000038820752,3
11.45,0.004238711659383366,0.00979611760607474,0.0015706819517472058,0.01078877372443154,3
11.46,-0.013249546860422613,-0.02191826851227896,-0.013278238256280371,0.02884913513042361,3
11.47,-0.054708676790400486,-0.03460997718286739,-0.021346139512183893,0.0681655888907939,3
11.48,-0.028654973127175975,-0.013041724727013038,-0.01179607927937512,0.03362055257040942,3
11.49,0.021631620271877476,0.00935373387214048,0.00563405456042089,0.024231423889803257,3
11.5,0.046047257260754204,0.0240386808502719,0.023807024662487606,0.05714002538973537,3
11.51,0.03589178807821901,0.02184412002013283,0.008877268333553382,0.04294405574665325,3
11.52,-0.015369997287412628,-0.013954848438245975,-0.0033312702969006004,0.021025507683299822,3
11.53,-0.00858563167216965,-0.010883769564189523,-0.010135853451827652,0.017172799315588225,3
11.54,-0.02841175220085032,-0.024404823513193966,-0.015490010281541868,0.04053101889115225,3
11.55,-0.054221141070441806,-0.03826358216591501,-0.02010564837531918,0.06934169709302228,3
11.56,-0.008436594172606273,-0.018968482316404394,-0.018514680542876097,0.02781677260621288,3
11.57,0.041660899198965824,0.037549745072794904,0.01437072448131049,0.05789759579823685,3
11.58,0.04518947797533718,0.010935111300835215,0.025726340748206802,0.05313671223493211,3
11.59,0.01843447669113168,0.024753457801368693,0.010215547640521686,0.03251032170858643,3
11.6,0.0038121395172269886,0.011650404158435237,0.0075802246085161385,0.014412637852566834,3
11.61,-0.01748789310936897,-0.020246183825237574,-0.0170791549256199,0.031740067704139396,3
11.62,-0.040221607926057494,-0.019269398327025053,-0.020745037632742554,0.049187844458025924,3
11.63,-0.032370795986279156,-0.03210234993827043,-0.007680472773223381,0.046232228654529556,3
11.64,0.006209701915014344,0.011592857361603384,-0.004304050925440676,0.013837615186461911,3
11.65,0.031491798852662393,0.01587100269033595,0.011695685141978537,0.03715388502315063,3
11.66,0.0342598510972916,0.025889780612728397,0.022810995551674044,0.04862468154592164,3
11.67,0.013548665997207394,0.009639483198283758,0.008031535913861078,0.01846595667084484,3
11.68,-9.919178377226041e-05,-0.014880124874250188,0.001423305957799427,0.014948369647983503,3
11.69,-0.042695984267453725,-0.029124127170625035,-0.022932461515904598,0.056542547229461115,3
11.7,-0.053397482476837815,-0.014214043836524463,-0.018782367379852654,0.05836186684336437,3
11.71,0.003324258057395638,-0.0021070891560086473,0.0029705330939912393,0.004930981971780693,3
11.72,0.03471321758841531,0.019775440475262383,0.016150382357815723,0.04309188289730395,3
11.73,0.036675467608840315,0.023528496771247312,0.012794969759282682,0.04541355894204559,3
11.74,0.00590234635112878,0.013344906060663702,0.004507052489848614,0.015272122719611463,3
11.75,0.005025048096231398,0.004991847457885498,0.003714274459154193,0.007997842469701555,3
11.76,-0.031160382976348842,-0.026266906220058693,-0.017599453703145796,0.04439212317805109,3
11.77,-0.048757521123073966,-0.0383248562657121,-0.015909671298175942,0.06402505849017633,3
11.78,-0.04413203115232178,-0.024565924461460505,-0.019666959281548567,0.05420249169233619,3
11.79,0.03555909188953599,0.021782181484175614,0.017148382375839728,0.045088573545035086,3
11.8,0.043205904072504075,0.030060561524218026,0.023957774427319636,0.057830463091558,3
11.81,0.012438747526653377,0.013873391429390342,0.007442002122450685,0.020064317216777334,3
11.82,0.0009539131690137724,-0.001928060401453923,0.0028456215756539334,0.0035672019002994117,3
11.83,-0.01434360232166228,-0.011244986890994641,-0.012124121036258565,0.021890248254473596,3
11.84,-0.04113488730716474,-0.03560987563414568,-0.015038525215140437,0.056447315588067426,3
11.85,-0.06704010523365787,-0.04302099346830737,-0.024023657789229932,0.08320046707990343,3
11.86,-0.00878491796714287,0.008581204344657176,-0.011367152218006708,0.01673391768957669,3
11.87,0.04634731883765681,0.007981407569149813,0.018063064473828227,0.050379074310768907,3
11.88,0.04166080539059105,0.045556184581031556,0.020107027541110375,0.06492519708027607,3
11.89,0.014839388797458664,0.0052856330701081325,0.004130881579355576,0.01628525589165309,3
11.9,-0.007270035695979869,-0.007572433031190973,-0.0037962181438069885,0.011162725170318537,3
11.91,-0.029636409083102538,-0.030513796870767364,-0.01324350463437776,0.04455108256610876,3
11.92,-0.049039365530023686,-0.031026483852843276,-0.01344287220953416,0.059566877416059726,3
11.93,-0.04881527524378723,-0.03985961524267022,-0.022340369949594572,0.06686413204330975,3
11.94,0.025483066463221817,0.008409900089560203,0.012901045298616812,0.029774990607594292,3
11.95,0.044857169635082884,0.023161271819944693,0.012826032080130854,0.0520875923700502,3
11.96,0.00556967835090174,0.013582959725007827,-0.0021391001301710034,0.014835560696872424,3
11.97,0.003991604540660318,0.0048894667980996075,0.0027384062300985093,0.0068803096630733725,3
11.98,-0.011904985506693682,-0.007242559506075795,-0.0013303072877346557,0.01399832367083414,3
11.99,-0.05457232322751805,-0.03560586579728354,-0.030312850939022962,0.07186643913311899,3
12.0,-0.058117369679325015,-0.03007916732802892,-0.029323827917426822,0.07170963567974495,3
12.01,0.007368032433255659,0.013857457803595614,0.010904640384539099,0.019110945048114742,3
12.02,0.040938204610725025,0.03340783916854215,0.01831391874647782,0.05592333980113632,3
12.03,0.021276381457493106,0.015139884827915485,0.01206820752017431,0.02876703240303549,3
12.04,0.01280642432686691,0.01684689058741965,0.0023587830213302142,0.021292864622825487,3
12.05,0.008171427519448996,0.01026483132131233,0.01086356945142621,0.017033969912693982,3
12.06,0.0003451235187284657,0.013641280525114867,-0.004235703864915252,0.014287926086011071,3
12.07,-0.047145866049052056,-0.03323988589651124,-0.02058841262906618,0.061249534157517785,3
12.08,-0.037567730965145874,-0.014122685079512377,-0.018362709894785646,0.044135855700379485,3
12.09,0.013840495729100075,0.015938666561670457,0.0030160465373852406,0.021323624234801712,3
12.1,0.03511031683605204,0.008734933100114667,0.02638100384973794,0.04477712327418239,3
12.11,0.018731283661184102,0.019681150777132853,-0.0023648358259989247,0.02727271772288027,3
12.12,0.007401932988712971,0.006162387218984047,-0.0020565355187078306,0.009848500725785735,3
12.13,-0.0076885268401069295,-0.002442889170045251,-0.004650847863805738,0.009311903045051287,3
12.14,-0.041426061053002346,-0.022535003762423633,-0.007969912004721606,0.04782744427943574,3
12.15,-0.040655873316674924,-0.018615125361599497,-0.019056224651628536,0.04860619945380342,3
12.16,0.013582984101068493,0.009969799221215197,0.00042098513955285844,0.016854423220298786,3
12.17,0.040553806992727016,0.043080070064752736,0.01939541854402776,0.062263038464930184,3
12.18,0.02565624150777394,0.012916548311516906,0.016750802532588788,0.033251606488630826,3
12.19,0.0019122073163709181,-0.010570453338400121,-0.008928729084347886,0.013968293512872522,3
12.2,-0.0009113838741817894,-0.003775397856714279,-0.0035111050416205512,0.005235657375716504,3
12.21,-0.03350816086887716,-0.025049584736084537,-0.022742762051110067,0.0476183973478554,3
12.22,-0.050080573337075586,-0.05161623162719088,-0.020324078038103828,0.0747353152215267,3
12.23,-0.02379896275769091,-0.002209328607130112,-0.010455469260970834,0.026088093044593128,3
12.24,0.04566999056231182,0.03192521429878226,0.021690979409509897,0.059795199922139275,3
12.25,0.05792769171184774,0.039239866248518065,0.021805858495042567,0.07328628817841903,3
12.26,0.0015418955033177466,0.005049387559243218,0.006895569345805742,0.00868462049081061,3
12.27,0.010225839860995376,0.02194058842454451,0.0053617602387232245,0.024793259046271665,3
12.28,0.015269475991219979,0.005011102586741658,0.009168369199796158,0.01850208204405826,3
12.29,-0.01892508572589003,-0.0009117250938299459,-0.011270820554598649,0.02204589549900319,3
12.3,-0.038626892778518516,-0.026031885035549557,-0.01485187413918097,0.048890429019116895,3
12.31,-0.0067655179217323185,-0.017635434375760574,0.0028385483512567405,0.019100736507094727,3
12.32,0.03512288808008586,0.016027021060454096,0.01966105836344206,0.04332481837387379,3
12.33,0.035473901974881664,0.019178461323822504,0.02842937751672297,0.04934005073022547,3
12.34,0.01929987847115847,0.01574002365873909,0.00167906840927893,0.02496102811388567,3
12.35,0.00013160257436426424,-0.0017958439745182333,-0.0028868409818057065,0.0034023852916190553,3
12.36,-0.023358295176024925,-0.01938452526033678,-0.019242691658464282,0.03593954584245153,3
12.37,-0.052727413812363254,-0.04947428552068712,-0.02105930938249151,0.07530856263925213,3
12.38,-0.03002649211738761,-0.03799104416653813,-0.027722237521754175,0.05579813723550228,3
12.39,0.028388960299984247,0.011718384638492405,0.014965261831952629,0.03416449424693178,3
12.4,0.03650321527135725,0.022892406146668185,0.007045809434259089,0.04365994061969112,3
12.41,0.028001422224669656,0.009609125698419534,0.006465144202190935,0.030302030176992657,3
12.42,0.012943866773186857,-0.0008755365839363226,0.0077834927728020285,0.015129210524547639,3
12.43,-0.01455632425327947,3.982899370642487e-05,-0.0008019610375745792,0.014578453402921021,3
12.44,-0.044857408269594515,-0.03852068970464679,-0.017510573187625285,0.06166563698970399,3
12.45,-0.052299087403729086,-0.0397251153420605,-0.028283417612241603,0.07150686011867227,3
12.46,0.0002512224085477162,-0.008787460716001042,0.0012576782937814487,0.00888055928556682,3
12.47,0.05610833821217227,0.039748275301953434,0.02294874840739672,0.07248942033067574,3
12.48,0.026125404505085596,0.02066244328393373,0.002917439930329018,0.033436279379787506,3
12.49,0.0045615337098603385,0.01617698414916499,-0.0007278896712240809,0.016823561731155574,3
12.5,0.005628126877917136,0.0009475190724589897,0.005834007494538593,0.008161448890542617,3
12.51,-0.02346969469517986,-0.006277197816032568,-0.005246369969728603,0.02485466111951293,3
12.52,-0.031029945143211533,-0.017876248406101372,-0.010385101649231806,0.03728629894387798,3
12.53,-0.03616469450754307,-0.025622053875041188,-0.01820414580805242,0.04791414924842412,3
12.54,0.03353853425441153,0.02752970025011804,0.016392889187007636,0.04638366621660255,3
12.55,0.03626034606483598,0.025433443816900433,0.019873678161458304,0.048545193838260885,3
12.56,0.018989512787617163,0.03184368554592661,0.001991580581651483,0.0371293455136519,3
12.57,0.005504286260558096,0.00628797395142019,0.016809131496684587,0.018771858867057924,3
12.58,-0.010457035035181835,-0.00030001680012057327,-0.0011162950938672094,0.01052072747218399,3
12.59,-0.032660588367732155,-0.025780914524154184,-0.005923395283488101,0.042029230279802106,3
12.6,-0.05112810563665665,-0.05035002337739619,-0.020943819031695322,0.07475193372568945,3
12.61,-0.003855646981322564,-0.006067308966168299,-0.007835979848814168,0.01063394714706396,3
12.62,0.05036243991193948,0.02815126863517859,0.015459170752508666,0.05973152634923139,3
12.63,0.03531163573871727,0.030436333377860458,0.024558671825308444,0.0526916537020363,3
12.64,0.018242252166439932,0.005051239300895091,0.006218567806378699,0.019923989764638484,3
12.65,-0.0016213756013339778,0.00760455855317989,0.0006743774197399816,0.007804675171562087,3
12.66,-0.01373292709328547,-0.0008499746131013716,-0.004282289149904321,0.01441019582642093,3
12.67,-0.042086310755918344,-0.02822933446963778,-0.010819909364054458,0.0518191404433609,3
12.68,-0.014780312877035306,-0.019314172101325036,-0.0006773749457769608,0.024330099250102214,3
12.69,0.025164073167349366,0.019753332473167483,0.004414362586437369,0.03229413753627341,3
12.7,0.04118143812824554,0.02440052384100514,0.01664696543173149,0.05067956065428388,3
12.71,0.008047422891560426,0.01691471323385443,-0.006316812130113017,0.019767919831542313,3
12.72,-0.0161572590882181,-0.0485235679770104,-0.013479047280524743,0.05288930313450894,3
12.73,-0.012748549634147881,-0.004333160510550527,-0.009962587725261849,0.01674977468409843,3
12.74,-0.029469689148646158,-0.01977733496267874,-0.00955621065927482,0.03675495502525157,3
12.75,-0.033179736460104414,-0.02360967890744766,-0.013765596789955176,0.042986085011994114,3
12.76,-0.0006167408180908565,0.013287265405257735,0.007304148039599426,0.015175057488221996,3
12.77,0.04540480022607933,0.037898787109388335,0.03030268322595233,0.06645424409791541,3
12.78,0.03378604680955814,0.024186062245844415,0.014623903242870925,0.04404907617685489,3
12.79,0.009071248964941618,0.009782161260910718,0.004221501930635474,0.013992830852575036,3
12.8,0.005930332810144445,-0.01363233231796561,0.005609983371191453,0.01588965843218695,3
12.81,-0.03238236443428765,-0.02624377111555125,-0.011241098601704079,0.043170769584218595,3
12.82,-0.046414145051019574,-0.03537874847998287,-0.02102044839744948,0.062030540507533954,3
12.83,-0.02192106892505352,-0.005283699719129635,-0.0024775150946281087,0.022684550394111578,3
12.84,0.037698916902229845,0.023052296386545233,0.01639971467875346,0.04713350555431751,3
12.85,0.05379116601474825,0.03521852297466013,0.016560141027560284,0.0663933142160832,3
12.86,-0.008258271026450055,-0.008739274168450098,-0.004919969837843149,0.012991537882134275,3
12.87,0.014825930878173585,0.014215422409198413,0.0039508015736550595,0.02091638816217362,3
12.88,-0.027929388560955264,-0.007046025999679701,0.0004430088353348169,0.02880787192079911,3
12.89,-0.037034442307225926,-0.018535179147666874,-0.01611523097073639,0.04443876069698088,3
12.9,-0.02649447632046227,-0.02263944116647569,-0.012600163607550341,0.037057599689711236,3
12.91,-0.002661598526480487,-0.0026073769289889645,-0.010955629745724537,0.011571877301950246,3
12.92,0.03170681761230139,0.030127623142840843,0.020874789137034045,0.04846393278359092,3
12.93,0.03065392766469466,0.01954134533883076,0.02039935762729144,0.04168526418927807,3
12.94,0.008145652830050193,0.009933392452110125,0.007326826753579582,0.01478872326850133,3
12.95,-0.017978812004840104,-0.023211015837702832,0.00917521428964522,0.03075993326690395,3
12.96,-0.005636597145129908,-0.013785341905985505,-0.00922923120370547,0.017521004179351634,3
12.97,-0.056212997550163186,-0.033071636226169106,-0.024061509521538068,0.06951683577886568,3
12.98,-0.03387927113731114,-0.0323190342266602,-0.015388556822888803,0.04928623202508744,3
12.99,0.031682703700059066,0.01433905710479341,0.015581418017918769,0.03810751710423268,3
13.0,0.028414195409295635,0.02212100004809972,0.012037142690994948,0.03796838089844019,3
13.01,0.033732430222400356,0.025146084149836847,0.015486396912875225,0.044833367998878874,3
13.02,0.010172429474385587,0.006297214350937795,0.011567505364093395,0.016641526683010034,3
13.03,-0.010455754484979079,-0.009806024261383658,0.004044764855784832,0.014894329001455457,3
13.04,-0.04828201933611466,-0.04220907222075118,-0.02589998129341638,0.06916334433721996,3
13.05,-0.038427206963807595,-0.02682365653241539,-0.020416036431714673,0.05111725079060292,3
13.06,0.01770196461373391,0.006630686802653835,0.008140811451018417,0.0205815055266083,3
13.07,0.04555984396110641,0.047747619924941614,0.018994339507559913,0.0686754652229273,3
13.08,0.03861399656313906,0.025221455728310048,0.014868370225937877,0.04845854922311207,3
13.09,0.01313955293417695,0.005748117274911381,0.00877714879903701,0.01681448912565022,3
13.1,0.0025544914396810154,0.00031625228314862515,-0.0016869389232628351,0.003077532282985749,3
13.11,-0.02223960145357879,-0.015904325569843662,-0.010368735194319204,0.029241376748975423,3
13.12,-0.05861555020096815,-0.02851723054360523,-0.029186976479078607,0.07142054857833029,3
13.13,-0.018057102127634922,-0.002688690302786194,0.00040970405492734077,0.01826077353796268,3
13.14,0.015684963281131878,-0.001960110285974471,0.018238869963254134,0.024135378244397414,3
13.15,0.04601790632247476,0.0325140114120804,-0.001161254498469301,0.056357405479840646,3
13.16,0.017286044610659107,0.014176401038321927,0.008454362643269533,0.023900919069879786,3
13.17,0.011679381407692204,0.009887753755796988,0.002703817770489412,0.0155398280214949,3
13.18,-0.004438992677574548,0.0003638331625832221,-0.0018384564985304158,0.00481839733300861,3
13.19,-0.015000696094316607,-0.0030927335023561847,-0.0012306672642953343,0.015365559727717375,3
13.2,-0.04602466675406157,-0.03549555152360307,-0.019801722372147272,0.06140286912425818,3
13.21,0.02162873856937221,0.012654244553821744,0.0056254252968400125,0.025682243809692796,3
13.22,0.0401397006790912,0.02070754040352765,0.024174265685467478,0.05122882900869719,3
13.23,0.02078274389689755,0.010834514274685458,0.003520249274220781,0.02370023836177702,3
13.24,-0.011518557634930735,0.00020537314556207803,-0.00603646015591653,0.013006083166430506,3
13.25,0.01147936895697803,0.005859124047203472,0.009370270131920353,0.015934466059335267,3
13.26,-0.030820042050913318,-0.02278137218608906,-0.013986893603628805,0.04079827328920196,3
13.27,-0.05082899042902771,-0.032730347097560196,-0.02089926332352566,0.06396593700265027,3
13.28,-0.0006955704798331155,-0.0007034968971615512,0.0058431937122006864,0.005926351232844104,3
13.29,0.025457728147565487,0.02437431430413561,0.021128032954204283,0.04109254064603551,3
13.3,0.04061335934171393,0.034334087338784326,0.021386296021663743,0.057320573688098085,3
13.31,0.024395536696775584,0.008892242127589094,0.012740847899542846,0.028923059761696717,3
13.32,-0.006858131689653983,0.002624387975496382,-0.00458730066537545,0.008658216323996545,3
13.33,-0.004461900898913156,0.006974517089705828,0.005703632456409712,0.010054047516504534,3
13.34,-0.030634078689773424,-0.005852288399850603,-0.020823613554319723,0.037500919164013886,3
13.35,-0.044387709567642514,-0.02982955807094063,-0.02997899672996578,0.06130914728084465,3
13.36,0.004518834365907774,0.015892806802653214,0.007756849407947545,0.01825294181304881,3
13.37,0.0526986013000852,0.0312551606569334,0.0228814040910737,0.06540325909199833,3
13.38,0.022299176507975988,0.011202881019459467,0.017761095080817187,0.030630284271287167,3
13.39,0.002562694688390192,-0.005293132128066971,0.009511185120988475,0.011182454748255887,3
13.4,-0.0018517046388623962,0.002132996121348296,-0.003452472075401001,0.004460722582126699,3
13.41,-0.03333561902984203,-0.02005670932282215,-0.014646816337200204,0.04156999294898451,3
13.42,-0.0493903582688287,-0.03525795660700911,-0.017863539971714637,0.06325849393042834,3
13.43,0.00024578429372405265,0.0012811504368424763,0.0061636167045176415,0.006300152953783901,3
13.44,0.04666133126887414,0.03662974769091808,0.0196986022836323,0.06250642513864198,3
13.45,0.05644939403300399,0.043175325323531286,0.026424387783802083,0.07582144204138337,3
13.46,-0.0034418451294305867,-0.0003046597244405415,-0.004514670567502425,0.005685188279710172,3
13.47,-7.448121485393016e-05,-0.0008248797422977286,0.0079511679445758,0.00799418824668703,3
13.48,-0.02504124043209021,-0.019225553524143856,-0.004391724996629533,0.03187432946955105,3
13.49,-0.04763623135567201,-0.03719637396971339,-0.013829631497254004,0.06200031839930921,3
13.5,-0.04444873064880208,-0.04449951350004839,-0.02685262007901839,0.06838829989946268,3
13.51,0.010393228181818929,0.006268045233350796,0.002962331219380712,0.012493317787521635,3
13.52,0.04355881905446059,0.032045121718627306,0.028212210793813166,0.060993355222150436,3
13.53,0.028406479304347945,0.010559253245474154,0.020174865007113976,0.03640674489192458,3
13.54,0.011804042029583618,-0.0020925179346406603,-0.003898569064195726,0.01260606521842852,3
13.55,-0.0022811867135771155,-0.012034782197781153,0.001285788418054725,0.012316373136042712,3
13.56,-0.03780254496377723,-0.021599081636742408,-0.021987363397453344,0.048774961634641324,3
13.57,-0.039033975211108046,-0.03622737996586585,-0.009843717157912171,0.05415692981934621,3
13.58,-0.023410369619905447,-0.014807365093900736,-0.015929167440207875,0.031953745353289036,3
13.59,0.037728360386976016,0.01651257682686159,0.012628979782370542,0.0430765075336438,3
13.6,0.039009967042793595,0.0301827012588722,0.0077620483707842025,0.0499301750334661,3
13.61,0.012359218205780408,0.006571011846115067,0.013758846943833636,0.019627387512445936,3
13.62,0.012277320448454662,0.011880466426906535,-0.006951127699310383,0.018444409890452346,3
13.63,-0.017688938544516884,-0.020895588980044053,-0.0008021377186522571,0.02738918784072135,3
13.64,-0.04403399132260563,-0.036151113842076726,-0.016586352945944783,0.05933803609717422,3
13.65,-0.031520373324524315,-0.013216154943366223,-0.01853765880423522,0.03888245722619247,3
13.66,-0.0008551148415964771,0.006351923272457152,-0.0007137131543218284,0.006448839982365306,3
13.67,0.04226493208502932,0.021051756205609368,0.01620538422366862,0.04992109174817074,3
13.68,0.012204810101989242,0.01778449108804209,-2.373802450528293e-05,0.021569563657618914,3
13.69,-0.0014453598416049058,-0.0075027347435231055,-0.0018993162843792938,0.007873213832451221,3
13.7,-0.018959277305156,-0.01564246390579952,0.000611269481754521,0.024586877055806998,3
13.71,-0.007181243643564764,-0.007386238768412051,-0.0012724773235318477,0.010380076201605424,3
13.72,-0.04197022018813355,-0.021927567740132277,-0.01011603426796054,0.048421604258316917,3
13.73,-0.005000935610621741,-0.00923565269318561,-0.010962156528552125,0.0151814200062843,3
13.74,0.025127364868457597,0.015082632173433723,0.01534168122926691,0.03307925998948791,3
13.75,0.04613714754264052,0.028730223487204366,0.009252378766837873,0.05513318998426557,3
13.76,-0.0011123612988454042,-0.015343037652088453,0.00910897106867036,0.017877905525604688,3
13.77,0.0033252289391798922,0.0069290999691148415,-0.00042618734482211614,0.007697480726369717,3
13.78,-0.005929084517833217,-0.001987190667494672,-0.013116104897255164,0.014530491307742775,3
13.79,-0.03913275738904849,-0.028713270185647587,-0.015263598508532901,0.05088027147189582,3
13.8,-0.0342082436649874,-0.024822167690562492,-0.010640894615593588,0.04358408633574557,3
13.81,0.01713331417285959,0.014538843808241664,0.009255262547269433,0.02430202293318905,3
13.82,0.04144875174634631,0.025060266079839376,0.014014669424116227,0.050422484234613554,3
13.83,0.018788223470815504,0.012816324026383618,0.013876461333844828,0.026642291228200533,3
13.84,0.014664118274050814,0.014082243055749118,0.01716884543334213,0.02661043381364795,3
13.85,0.012581366825330882,0.033015233791088026,0.012877461157749324,0.03760485951766181,3
13.86,-0.03735438823510294,-0.03012950265060779,-0.014168212783162106,0.05003874003070758,3
13.87,-0.044390338231072905,-0.02469631442188828,-0.03180469698987899,0.05993286931986352,3
13.88,0.017140464153273936,0.012442118047748538,0.009504170917613464,0.023214889138976912,3
13.89,0.03072874009493404,0.021323853701806214,0.0022111909803227536,0.037468007287144355,3
13.9,0.05122959352882746,0.030347291647052306,0.013495390465728846,0.06105370527054534,3
13.91,0.02666010999549317,0.020354138831333777,0.011190893027795818,0.035359419102928905,3
13.92,-0.003764787647540471,-0.0025430956140126654,0.0031329096815908546,0.00551870314531317,3
13.93,-0.023019721363140556,-0.015037027835485712,-0.01334875084790281,0.030564831538243225,3
13.94,-0.04888703403856339,-0.02950247018979631,-0.01668582303158806,0.05948743173670343,3
13.95,-0.03918502981900474,-0.04713147584247221,-0.016808639524085282,0.06355606139194336,3
13.96,0.01072660698332756,0.012361018514394957,0.004834505850213186,0.017065383760810418,3
13.97,0.054690125066468406,0.03913537600475899,0.0254686659795531,0.07191133694764594,3
13.98,0.02333123970618044,0.025686181133378984,0.02148495328084702,0.040813354002387316,3
13.99,-0.0007118789578097109,-0.002301200551602786,-0.001063232911105364,0.002633013454680168,3
14.0,-0.014496389641904524,-0.00029161489410649104,-0.003838445986876821,0.014998800601733203,3
14.01,-0.03606532164671813,-0.03509974604035329,-0.017030856432246954,0.05312955550721594,3
14.02,-0.04048198779581919,-0.035243675407434866,-0.018868148890382214,0.056893892771325776,3
14.03,-0.012572000059069215,0.006656417003631633,-0.0002601628223200649,0.01422781632948606,3
14.04,0.030290491594271635,0.030570542351465408,0.010182812631550893,0.044223993643435835,3
14.05,0.047820415759902375,0.03702700409396507,0.03531137357631471,0.07003345128915525,3
14.06,0.016608884161629714,0.008107540556736193,0.007573481059832513,0.019973604139894192,3
14.07,0.0165743873686153,0.007945251121169263,0.010323695554948865,0.021081176958002767,3
14.08,-0.024473176989896674,-0.026789817580163335,-0.010756983282295058,0.03784631299470018,3
14.09,-0.04320496749210149,-0.029090805041644154,-0.025739713748402254,0.05809885556372159,3
14.1,-0.03280681834086808,-0.007842035654040846,-0.015666229275045806,0.037191606479799556,3
14.11,0.00703824964934704,0.006445598413326009,0.005487261150496751,0.011008757058185789,3
14.12,0.03121445114098605,0.02591441093829435,0.03100601515789317,0.05106144955133272,3
14.13,0.027169325486637627,0.015743697660226007,0.011814808716128715,0.033550349750996245,3
14.14,-0.001983876257293068,-0.002975181173182845,0.002989296005528774,0.004660832396276773,3
14.15,0.0003281729421650047,-0.002314771132082443,-0.0073551738519141915,0.007717800545866271,3
14.16,-0.03923400335053903,-0.020221187878320862,-0.0053888713634880955,0.0444662050628641,3
14.17,-0.045569070711819856,-0.040898836142553296,-0.02585671169055621,0.06646671755700599,3
14.18,0.005004379834744191,0.00019233488636676878,0.003997303709268911,0.0064077489950093245,3
14.19,0.04269986019125026,0.03044393457526142,0.010896392404324107,0.05356157746187213,3
14.2,0.037392443560152484,0.02274534994653966,0.014128949283666486,0.045991009854646166,3
14.21,0.005876156750144151,-0.001840063078691805,0.008700030214835206,0.01065859165297531,3
14.22,0.0237640467503072,0.01639811737227224,0.0127762758282437,0.031573111904672414,3
14.23,-0.024333281284204006,-0.032055292015727266,-0.0046014755940924764,0.04050708458915267,3
14.24,-0.05561829109969847,-0.026828022471800134,-0.038359182889103276,0.07269500675093088,3
14.25,-0.047335252962931534,-0.03619010598496557,-0.017884891721642707,0.062211086601687345,3
14.26,0.021149408177442493,0.014380086971052853,0.013136352180499267,0.028751488938161502,3
14.27,0.04454557481340774,0.04356424461669221,0.024129245407949626,0.06681595713927146,3
14.28,0.022936006426561156,0.021207054906903097,0.011396587846375547,0.033251793683406194,3
14.29,0.003375577082427632,0.002762501335497989,0.012507758161338743,0.01324650702980128,3
14.3,-0.0033727652515231623,-0.005107171690380806,-0.007777664820807545,0.00989701056793093,3
14.31,-0.0402296877369466,-0.0135409221807222,-0.01790123851458901,0.04606776193036526,3
14.32,-0.06197767388766308,-0.054795683297901944,-0.031846709446798474,0.08864542780763307,3
14.33,-0.00873739953309978,-0.01779938254374379,-0.001743418096509648,0.019904765163115606,3
14.34,0.049839237966811334,0.036861178268628614,0.025580890402985928,0.067060256920725,3
14.35,0.0266400058141895,0.014321135204008802,0.016640266932936777,0.03452076631407448,3
14.36,0.025369124973308538,0.03378328762826055,0.012849550320405545,0.044158962491455386,3
14.37,0.001950244859967028,0.004561660720794149,-0.007010122902238701,0.008588016456083184,3
14.38,-0.013200181289990742,-0.016964391200611932,0.0024656967279853732,0.021635965780394898,3
14.39,-0.0526294648968464,-0.03547754902764809,-0.023894275775962107,0.06781927067725876,3
14.4,-0.013309641718116445,-0.022873048953558746,-0.004585279664619117,0.026857917281488716,3
14.41,0.012106843153777408,0.010243061122950429,0.005860523394671601,0.01690685324885026,3
14.42,0.0415723572665451,0.026835478210410022,0.016960059766295485,0.052307240481170206,3
14.43,0.00799230201480268,0.006524739643157465,-0.002260863088640033,0.010562226129580096,3
14.44,0.011971809989799196,0.014842497891268753,-0.010242431442702427,0.021645585691836396,3
14.45,-0.014662028038784514,-0.01962402946285141,-0.007025748460591075,0.025484087976626935,3
14.46,-0.028075449032039998,-0.012939033519204855,-0.0105945138136467,0.03267863445294698,3
14.47,-0.055246099286650745,-0.04905903498118972,-0.029224559128275453,0.07945435957779873,3
14.48,0.007011543825420229,-0.00409688373338493,0.008968215060368438,0.01209855712511545,3
14.49,0.050120357947299354,0.027794025507835336,0.022863671092063605,0.0617033677403566,3
14.5,0.027995361071858023,0.01835619582693854,0.00032540883066583745,0.03347829233529833,3
14.51,0.0004850616588052744,0.014575111161580407,0.0018020164203123204,0.01469409450644523,3
14.52,-0.00514405815290564,-0.004707624097059479,-0.0003414815975570748,0.006981380135844216,3
14.53,-0.03136182908257358,-0.022463786848885905,-0.016153565400196825,0.0418225264437142,3
14.54,-0.04757989101720408,-0.03609423199389981,-0.026741889749700716,0.06543522201248825,3
14.55,0.0001341973938262242,0.007322689284202982,-0.006063261330424424,0.009508045290937097,3
14.56,0.034861569862381064,0.037208347900823446,0.004306451036302677,0.05116967585696103,3
14.57,0.038247829032893116,0.025866875512720395,0.01522373277906814,0.04861845034807742,3
14.58,0.0037518231321641542,0.0042731450409112465,-0.0013674171227119596,0.005848570333268831,3
14.59,0.02030971361564096,0.015478243498100128,-0.001196903236003164,0.025563510445402164,3
14.6,-4.661985830797105e-05,0.007800269001724065,-0.0039795867409270795,0.008756910444843467,3
14.61,-0.034181454574965194,-0.026426912824009708,-0.006011922743794945,0.04362220504909829,3
14.62,-0.046105864488297336,-0.027642866262436734,-0.03440070386145025,0.06382230974807633,3
14.63,-0.00414052842427483,-0.00780673625016747,-0.006957937557796852,0.011247310859494668,3
14.64,0.03018887703306995,0.037057255615708176,0.0043701730163517565,0.04799694680371453,3
14.65,0.030714054873048287,0.0178095290450146,0.0073123256320743206,0.036249173751953724,3
14.66,0.012462588014947878,0.012551352974926374,0.004094679725360137,0.01815541141326164,3
14.67,0.002671363019264491,-0.007259733807002837,-0.004300955551436965,0.008850883231896704,3
14.68,-0.02877770495822896,-0.028705792604528574,-0.00017255334193105355,0.040647368996933796,3
14.69,-0.040500779566600746,-0.017958892830127478,-0.017974647611833646,0.04781132641912359,3
14.7,-0.03162134574885409,-0.04338371910872858,-0.018319221610496407,0.056724337555304365,3
14.71,0.0389981615584456,0.019650982954538855,0.02665845929540229,0.05116337741024161,3
14.72,0.048627618400125645,0.03135386949553551,0.012171360523556125,0.05912573399633776,3
14.73,0.021886856535443214,0.012184499774598357,0.010529242382038609,0.027172807527010873,3
14.74,0.0016036524702837196,-0.0007643407323256919,0.002347524992666567,0.0029439415061671007,3
14.75,0.0018684185279786592,0.005570589734381559,-0.00627211511530443,0.008594293793216605,3
14.76,-0.027424798256808294,-0.01588454212315275,-0.016042944136068115,0.03552202548337934,3
14.77,-0.051599505013944294,-0.030895731799238067,-0.026133394243256006,0.06557445734253513,3
14.78,0.010609873104113678,0.01348985718913645,0.006721190945977683,0.018431496466673115,3
14.79,0.04355326894748493,0.02479971464368019,0.01869115313454957,0.05349086172346734,3
14.8,0.048357854770190674,0.0340011778427762,0.015060047961049282,0.061003010231135746,3
14.81,0.002627481092028772,-0.016607339413650377,0.004764297565645699,0.017475866518807344,3
14.82,0.0165111344267157,0.018780903468245822,0.0032745610188200606,0.025220282413300217,3
14.83,-0.026505120334048046,-0.024748312050554503,-0.009530029237947983,0.0374942903726705,3
14.84,-0.058007754136286414,-0.03133093731234245,-0.017814525908502347,0.06829263874057355,3
14.85,-0.022966702552877503,-0.019859447794864996,-0.0062353529911146795,0.030995914566166956,3
14.86,0.03391216422028096,0.033628788806469974,0.012033253581016822,0.049251695508261625,3
14.87,0.02629152768856229,0.014235290566969443,0.01194010784805732,0.03219400722413609,3
14.88,0.029868864144142915,0.0369889183592092,0.01357011916046311,0.049441655116659246,3
14.89,0.0015697009083377221,-0.002765829109541949,-0.0008871557888280813,0.0033016385323770764,3
14.9,0.011672386017194381,0.01159571970805907,0.012322598125124283,0.020556063228049797,3
14.91,-0.03417047037138951,-0.025816036327929958,-0.01162479590028118,0.044375946827196845,3
14.92,-0.03492548309531514,-0.03904504335366968,-0.022205563450191954,0.05689808281543051,3
14.93,0.01769495804801103,0.013443615074558938,0.013744165095782435,0.02612937811686116,3
14.94,0.030351212285773692,0.0199805310496302,0.009253816178677775,0.03749734420075767,3
14.95,0.030094268599145855,0.024879382528214027,0.016026807302831445,0.04220790482628614,3
14.96,0.010248472892207065,0.015382016049864746,-9.137155725693572e-05,0.01848366747001458,3
14.97,-0.008740921887178399,-0.004586560196429173,-0.009325948010684868,0.013579895293087493,3
14.98,-0.02020376262617185,-0.024159423818505187,-0.021120119093182163,0.037920037104505214,3
14.99,-0.04598746142532214,-0.0313862319924632,-0.01562561029365474,0.05782820993320977,3
15.0,-0.006688076025501432,-0.003903855653152051,-0.013797320125144874,0.01582202555045535,3
15.01,0.015996190511306643,0.01966991958241094,0.011161234851983578,0.027701209552538728,3
15.02,0.05667862051790028,0.03290744623229925,0.026803674867950898,0.07080821299659125,3
15.03,0.018343804829597878,0.006417661864815964,0.009339773912511312,0.021561839814225464,3
15.04,0.002047198773383898,0.009667620363891856,-0.0066311815040187285,0.011900692183958088,3
15.05,-0.007900943578104308,-0.0033103392437566115,-0.002939691351033237,0.009056767666915301,3
15.06,-0.05659305730819393,-0.03716808029026316,-0.023715907253689758,0.07174039716099699,3
15.07,-0.039261122157565276,-0.033271073969534715,-0.009752106208360527,0.052378465533620376,3
15.08,-0.0033028668175811224,-0.013221583014819623,-0.008643146276664123,0.016137631926409095,3
15.09,0.05490348726638559,0.03311459638701195,0.022730357348183305,0.06802674880560572,3
15.1,0.027094372465813376,0.018479807656711877,-0.0013196772425583363,0.03282300806400625,3
15.11,0.015940562483634686,0.009089185698323385,0.012015450960595638,0.021933670252371047,3
15.12,-0.0033588935116611015,-0.02011025288565856,0.003979726300657536,0.020773604843068588,3
15.13,-0.025162751497699126,-0.018168562875776596,-0.007944288353073453,0.032037048199588955,3
15.14,-0.05423794409066658,-0.027873129882408434,-0.026158622569840514,0.0663546492973571,3
15.15,-0.022963568749187355,-0.02217525630655623,-0.015235784834566932,0.035372257794567416,3
15.16,0.023828198764048767,0.023086990259099306,0.0059694953799866194,0.0337109336959753,3
15.17,0.0482397913181422,0.041797855803403866,0.023017964673410808,0.06785252326838286,3
15.18,0.005529766957458954,0.009887390970423605,0.010435714554960434,0.015402693305991396,3
15.19,0.016251265675464262,0.013058603784063094,-0.0034978924812356814,0.02113920577159783,3
15.2,-0.00986070715694568,-0.025720754134544464,0.0020886459792398638,0.027625227255378745,3
15.21,-0.041540839289828664,-0.028726344835610033,-0.017339054018880824,0.05339931657603325,3
15.22,-0.03809788296734277,-0.024160479930104947,-0.015358045299937909,0.04765550369559947,3
15.23,0.029783263377800573,0.021015716980368825,0.010683459830715556,0.037984726556668964,3
15.24,0.04904343419563223,0.03686505597553636,0.021332412013012853,0.0649566208486377,3
15.25,0.023878552414932426,0.025409375406098972,0.01700791778005814,0.03879550091407456,3
15.26,0.017222113248914584,0.016982453908003067,0.009500145291300468,0.025985720810701142,3
15.27,-0.004797740706530129,-0.017246832513343704,-0.0031983356407713232,0.018185183488253667,3
15.28,-0.011800759907666991,-0.007886981347744655,0.010343496428966155,0.01756275398546903,3
15.29,-0.06316822162898558,-0.0524210773460076,-0.031158930155472286,0.08780132403510983,3
15.3,-0.017388178247331906,-0.014881026687901281,-0.011379364441310153,0.02555941378700166,3
15.31,0.03952664499811131,0.028024413247924235,0.015352660863295169,0.05082742958561356,3
15.32,0.04388577879697232,0.02800404507674266,0.036111504032952324,0.06335794223930376,3
15.33,0.017736184872088934,0.005017310713397919,0.010808342880409947,0.021367403595949654,3
15.34,0.008908870340943106,0.006344026965228203,0.013418712022426636,0.017311166373993853,3
15.35,0.004882712372870118,0.002427202587598326,-0.0012819460907624379,0.0056013907466846155,3
15.36,-0.03569225610758036,-0.03695446140826456,-0.01864101335402838,0.054653972800603315,3
15.37,-0.038027966870545445,-0.01990939755707398,-0.016592262991190952,0.04601970845802666,3
15.38,0.01176670784461822,0.005555016621554212,0.00843587698365958,0.015507341604858681,3
15.39,0.04384677466903795,0.03394325108806304,0.026913311040794627,0.06163611161067219,3
15.4,0.03583716107133754,0.015673293235204777,0.015749415522717646,0.04216631740853031,3
15.41,0.010397230385110583,0.0021432344769566633,0.005472043407527638,0.011943161757179258,3
15.42,-0.0070960942541491625,-0.009210560447561394,-0.00972242758046362,0.015156337799063163,3
15.43,-0.029369672205141143,-0.020011668613285044,-0.0027430608978191422,0.035645040457467886,3
15.44,-0.049396551743457126,-0.03494125923552402,-0.01189738430057165,0.061664079286920505,3
15.45,-0.007243801785533097,-0.006560071171765401,-0.008286851729271532,0.012813239624296837,3
15.46,0.014946706127110139,0.006578456302094768,0.010413229877571886,0.01936789786868771,3
15.47,0.04406575696201258,0.0377533789603574,0.010184924780740573,0.058913846015591784,3
15.48,0.006413173838972131,-0.009540790409049357,-0.0010129042267022614,0.011540426997765552,3
15.49,0.024650453068284277,0.009837225275649774,0.0031766044023114667,0.026730257258850934,3
15.5,-0.01944848626696737,-0.00899928707580863,-0.0061981342771882265,0.022308017717118888,3
15.51,-0.07220397897727905,-0.0520949501519929,-0.040453034570931995,0.09779440892754043,3
15.52,-0.02791910694361035,-0.03250238458310585,-0.015056865230034945,0.045415754168265265,3
15.53,0.02360877578135366,0.009151791451474833,0.015067487349690638,0.029464533861892444,3
15.54,0.03260880154564927,0.03828208027359976,0.019744906184453535,0.054025113868929005,3
15.55,0.03189398930037032,0.023791835977350417,0.016196449458105326,0.04296048169788419,3
15.56,0.00760924404122873,0.0012470744855944968,0.001131569884914751,0.007793345883254617,3
15.57,0.0051224682495067,0.0010527844628181408,0.012903767980277264,0.01392319159464468,3
15.58,-0.03399888411370271,-0.013817132905666264,-0.013840114433417105,0.03922226472604447,3
15.59,-0.04336690934271515,-0.031558606300682863,-0.018751479009918963,0.05681771222638418,3
15.6,-0.010357523469068868,-0.008657605535298742,-0.008547398314714655,0.015977810987977507,3
15.61,0.03772691327294252,0.014088249870122426,0.010858194675375858,0.041709701043228437,3
15.62,0.03238098420203811,0.018925590961945557,0.022424464833005343,0.0436985440741246,3
15.63,0.022603649266253217,0.011320019361865597,0.023743672037362877,0.034681836172882334,3
15.64,0.007719203263727789,0.02421394191754594,0.002853940817998098,0.02557432424142757,3
15.65,-0.012275382883755168,-0.010622850278704498,-0.004896982086079098,0.016956131827098455,3
15.66,-0.042571326472197704,-0.02665022537748084,-0.027100076484122375,0.057069838756721995,3
15.67,-0.02557856263155213,-0.017798160342289086,-0.010680246386853408,0.03294093260291764,3
15.68,0.030736463560547267,0.017391382813472144,0.011647890932659876,0.037186876066062934,3
15.69,0.041604285784971586,0.04390063095683583,0.016607633020934126,0.0627215709994887,3
15.7,0.0419309509295097,0.02947639398315087,0.003907889139625656,0.051403638447394824,3
15.71,0.00918801213219335,0.01650313963963438,0.006085382870599525,0.019844522407666806,3
15.72,-0.010373825380955529,-0.006261310409115352,-0.0031571890957827666,0.012521505662674237,3
15.73,-0.02688873729632492,-0.013534708547080937,-6.132113155980085e-05,0.03010309434470776,3
15.74,-0.04911520530727589,-0.03331277198442693,-0.028283573332520153,0.06574195532624753,3
15.75,0.017992574947663233,0.007797237613912256,0.010077341745010826,0.022047278387611124,3
15.76,0.03584649680512829,0.0220386093756844,0.01076432448547488,0.0434343449132443,3
15.77,0.03553715372774735,0.01712439278055161,0.019065316649977945,0.043813473066353484,3
15.78,0.0007185879615902342,0.009651570386594078,-0.005080952151595539,0.010930931083522825,3
15.79,-0.0005059149775285482,-0.012188941394320798,0.0036534276343546963,0.012734746788143897,3
15.8,-0.0232719968660493,-0.026451625205032112,-0.011263259983194364,0.03698831355401225,3
15.81,-0.05372415511427768,-0.03651751362688301,-0.03321490468982023,0.07295919090687887,3
15.82,-0.03761729397137014,-0.030198007745160873,-0.016073647258016875,0.05084626450075197,3
15.83,0.008299996653463286,0.0019174675211862452,0.005463338948648318,0.01012001475345385,3
15.84,0.05926774270754534,0.051566448626580164,0.03531079367066439,0.0861313885831278,3
15.85,0.008479305733763268,-0.006458745331535612,-0.00045192354179600684,0.01066856372113384,3
15.86,0.01884958889503164,0.023923767462566706,0.004092776475063485,0.030731164481507995,3
15.87,-0.0014372256070267772,0.00028281504437565946,-0.0005522159537511347,0.001565421430285139,3
15.88,-0.01979970749315644,-0.017226446748153133,-0.015214215816960842,0.030335643182674937,3
15.89,-0.044004984047876325,-0.031086250981617963,-0.023921578533304406,0.05894943206402453,3
15.9,0.0016166895080004847,0.008319596495799709,-0.0048361400573886295,0.009757951704783158,3
15.91,0.04351253128181682,0.017218658796792404,0.02243210463931651,0.051894334063177734,3
15.92,0.024322098742980497,0.018343220772583126,0.004978896489639292,0.030867906405027876,3
15.93,0.006951856280954955,-0.0022737823951059733,0.010342263653925939,0.012667312643914028,3
15.94,0.004857891886852596,0.0017519023038466434,0.001958388294112554,0.005523002804370874,3
15.95,-0.022890268080173123,-0.019981920753829013,-0.016941444082206474,0.03478870588833428,3
15.96,-0.02116462790773206,0.0011303412763265294,-0.0010411036852731228,0.021220345019749506,3
15.97,-0.03622483625834199,-0.014042671592776739,-0.02039851947666705,0.04388091822473901,3
15.98,-0.009818132044878601,-0.00328308436709868,0.0031585306927403864,0.010823616583616719,3
15.99,0.04215824332624808,0.027627943380794072,0.022263753674656904,0.05510259035193629,3
16.0,0.027435952262943843,0.03627336523464311,0.004403513124237434,0.045693319313174004,3
16.01,0.012350831401751748,0.011840345421321773,0.0035724912532633093,0.017478544269056144,3
16.02,-0.0004006029458672876,-0.011559141653955917,0.006152586561780361,0.013100708373849737,3
16.03,-0.033894334878385855,-0.03421545091218139,-0.010718798684636766,0.049339797964866344,3
16.04,-0.05845971064377946,-0.03225115917695948,-0.028706600194619535,0.07267560754163484,3
16.05,-0.008904649688997703,-0.010348761187037977,7.363021803546109e-05,0.0136526578217986,3
16.06,0.04184401538300666,0.02420707524155362,0.018734074041812217,0.05184466843685702,3
16.07,0.04920564680505169,0.05655857402947035,0.025562394940379537,0.07920545441343363,3
16.08,0.01370010968295586,0.014825672338213976,-0.007686700756515592,0.02160043828549137,3
16.09,0.009830514119640942,0.0015948263312168922,0.008618812841885015,0.01317066489159316,3
16.1,-0.024480335218366317,-0.030878356971302093,-0.00955527701603597,0.04054704749428659,3
16.11,-0.05771200971446011,-0.04573159133043844,-0.02953540967285464,0.0793372228871135,3
16.12,-0.04569003882913815,-0.03484000024107463,-0.01906848481266004,0.060539345702252834,3
16.13,0.022532017724232085,0.015010023961481623,0.004771747804222893,0.027491129826845373,3
16.14,0.020635458981415805,0.006949307773808315,0.0055173063233159,0.022462317667019772,3
16.15,0.03202421853146264,0.018666985218362846,0.006630790147417403,0.03765599935830331,3
16.16,0.03187316239485407,0.0268640994922758,0.013355060550912616,0.04377140579074625,3
16.17,-0.00638940820565334,-0.005070541020495768,-0.007375579412403415,0.010997003915961366,3
16.18,-0.05136056634257534,-0.044957570067921976,-0.02392995695008724,0.07233072459940676,3
16.19,-0.039844640393188156,-0.018640582620095245,-0.026280892544436368,0.051242092086597024,3
16.2,0.007302156612783892,0.010364193913131486,0.00826299985318328,0.015133247280089034,3
16.21,0.03546387194755514,0.03158946208149068,0.00899431650319997,0.04833712918109909,3
16.22,0.011805172008839005,0.005909204778522961,0.005213569899750427,0.014193734475900915,3
16.23,0.020203093461438136,0.020076388353444084,0.006448369358147724,0.029202873524860666,3
16.24,-0.01319620442221882,0.00530204386941093,-0.01922854487878544,0.023916279361589906,3
16.25,-0.012206453696072607,-0.00262017358000416,0.0055172114188069095,0.013649265301236172,3
16.26,-0.04626009431749736,-0.018038582591838763,-0.01601255433547009,0.05217076465351761,3
16.27,-0.02849986738788149,-0.02125089154569471,-0.01373505391555149,0.0381116063513048,3
16.28,0.009543643818824629,0.02606746017719205,-0.0026396303828462317,0.027884785564678955,3
16.29,0.040348755531584304,0.032318417217732306,0.012169002890870313,0.05310919690378476,3
16.3,0.03211043417134346,0.019295798020162618,0.008302016861312036,0.03837096933715127,3
16.31,0.004677663357449406,0.02026492710065911,0.008740450035990067,0.02255977109175294,3
16.32,-0.009134903647363135,0.0015454719062978767,-0.008965360360523977,0.01289234790307099,3
16.33,-0.036250949184770134,-0.03228402893431114,-0.010813133856747854,0.04973242106344887,3
16.34,-0.055397723939221086,-0.0318216741198474,-0.027796756810746927,0.0696719918664001,3
16.35,-0.006763110705547911,-0.003908700648295075,0.006093010847704023,0.00990668402462287,3
16.36,0.057173278363188966,0.03049261074646078,0.017682275279851015,0.0671658092186962,3
16.37,0.028783647109602017,0.008880968336180234,0.015415821691004547,0.03383810718594027,3
16.38,0.006800903704778557,-0.0023730879486691626,0.0009901991305994776,0.007270786197656308,3
16.39,0.022704058009099512,0.021381400839401793,0.01189759419906438,0.03337950418537306,3
16.4,-0.015800086248804232,-0.010833827076429369,-0.0015709363059220466,0.019221924343542994,3
16.41,-0.046712210445119064,-0.032891067363822794,-0.027985686321994236,0.06361644092460435,3
16.42,-0.036329483636655724,-0.02552472549318112,-0.009783956683417817,0.04546502833157901,3
16.43,0.033963922555016346,0.031076242109866717,0.013739859944960736,0.04804232103366091,3
16.44,0.04406442143409911,0.021192757798006338,0.01848284414094775,0.05227257165039251,3
16.45,0.009625678670389642,0.0033052748497898626,0.007900680963251628,0.012884071226958277,3
16.46,0.020911467479083717,0.0012388605209011794,0.015159315536230487,0.02585786331168959,3
16.47,-0.012785869928906556,-0.0021020342690662806,-0.009105645729346818,0.015836975786292593,3
16.48,-0.026285662716070614,-0.03548971987414114,-0.021433238035723223,0.04909012093959442,3
16.49,-0.0346251192792999,-0.02658461212117153,-0.018237525876621453,0.047310124041681854,3
16.5,-0.010410626302041037,0.0016642994458496646,-0.010122575796811355,0.014615661921664554,3
16.51,0.05263199105440943,0.02831611691746758,0.02172225365592533,0.06359076397974386,3
16.52,0.037274781317729835,0.010294891657392651,0.013758766681902984,0.04104507007094857,3
16.53,-0.01246330903258779,0.008854668698038795,-0.014499590089088998,0.021070769861241907,3
16.54,-0.005238174776284002,0.000780665479832186,-0.005801496128154591,0.00785527026290581,3
16.55,-0.01132092444267465,-0.013915097048636013,-0.002400267535813283,0.01809846790071431,3
16.56,-0.04698135418358317,-0.026980677097516274,-0.02039756924130852,0.05789011494648895,3
16.57,-0.015722156171069437,-0.005533421721178562,-6.290887265335016e-05,0.0166676005513141,3
16.58,0.02130122671039532,0.01576931892101503,0.008498416009301102,0.02783229694558979,3
16.59,0.0387550275010074,0.03372018701156601,0.022230102291834038,0.05597482127353539,3
16.6,0.004330186293318671,-0.0013560340033257645,0.006135836524610395,0.0076313715287465575,3
16.61,0.009127325628481004,0.011518421993351482,0.008064660335977594,0.016763676943914767,3
16.62,-0.01231806222483919,-0.011516312355524362,0.004547990680313495,0.017465518213704158,3
16.63,-0.04962418636548955,-0.0404081993843377,-0.020164712209314567,0.06709693039480799,3
16.64,-0.0302138546146584,-0.009028658803381747,-0.01573979802867207,0.03524393469019863,3
16.65,0.0036933177755915305,0.013599072000881183,0.005970437617224147,0.015304296155583767,3
16.66,0.016947927215871645,0.00816717975475069,0.010957043466779415,0.021771354197518026,3
16.67,0.028488821646304504,0.016402542398222208,0.012431760641349595,0.03514548375772105,3
16.68,0.017449538641014162,0.0061703689236761216,-0.001557482645680234,0.01857378807971356,3
16.69,-0.0036505130847862936,-0.0018802559475531327,-0.001306258812376995,0.0043090509738708625,3
16.7,-0.012605535108393233,-0.005066514005203312,0.0020778196464342064,0.013743595381739223,3
16.71,-0.05046741633008437,-0.042681655730080814,-0.024500009141448537,0.07049066814001885,3
16.72,-0.02503804247422466,-0.018599886258945725,-0.012344724505826136,0.033544769531352284,3
16.73,0.025444329407485474,0.015653841104874184,0.009700163176328927,0.031409390410841884,3
16.74,0.0616508795429756,0.030563615683706562,0.027011961496836864,0.07392301141045594,3
16.75,0.003463104465667024,0.014425342649773368,-0.003959902144000849,0.015354622368966158,3
16.76,0.02112057568172062,0.011176211783409783,0.016431113724341417,0.028999446980540113,3
16.77,0.009115765850111396,0.017131713234075627,-0.00201533701062133,0.01951036567148446,3
16.78,-0.06467501513972036,-0.039305815367003887,-0.03706299824242393,0.08427022335146607,3
16.79,-0.03423495908444967,-0.0214335860705988,-0.01616249122042943,0.043504679723107585,3
16.8,-0.0144415221054904,-0.00490995300885681,-0.003250104394457661,0.015595780770689965,3
16.81,0.05351344879267982,0.039120407047101936,0.022983015488689224,0.07015920787873133,3
16.82,0.048340443523039095,0.04480481365811252,0.019925283036664077,0.06885700190273675,3
16.83,0.002650329036935911,0.016906800614303837,0.0010338181149809657,0.017144472313568387,3
16.84,0.009002412031112305,0.009895004373564269,0.003922202061709334,0.013940523768626792,3
16.85,-0.03733158351687887,-0.018495953629019193,-0.023970315139044428,0.048065823995741844,3
16.86,-0.06278946243973944,-0.043843746506975624,-0.027580996167118933,0.08139718699568196,3
16.87,-0.02365460043840562,-0.0194389525911787,-0.020693910013258862,0.036954714332268455,3
16.88,0.04443189496962739,0.02850417781858065,0.014323636244459752,0.054697787880031004,3
16.89,0.047091459764778895,0.03770658686390917,0.021759417624905655,0.06413161880912076,3
16.9,0.0271936731625039,0.014431001932030615,0.014897375316079032,0.034200606253975634,3
16.91,0.0017817688751198529,-0.01227561654283629,-0.009451547760311006,0.015594781720067192,3
16.92,-0.021763997439871993,-0.01850165947676691,-0.011628538999715771,0.03084162620914961,3
16.93,-0.031349502003602626,-0.020400319574556534,-0.012909957982301924,0.03956805946369775,3
16.94,-0.057175486055629936,-0.06086119831545636,-0.016937846629722284,0.08520570588019816,3
16.95,0.017495211257231514,0.02320738980338257,0.009185815155476389,0.03048023225784025,3
16.96,0.037278360807108085,0.023163461339639535,0.019081934997893134,0.047857521550553846,3
16.97,0.03948504277549553,0.02570881999402208,0.013540550199366567,0.04902406070665003,3
16.98,0.01586462472175287,0.009396452705996637,0.0024003754077261963,0.018594123886757897,3
16.99,-0.021149819254301604,-0.010678685937237808,-0.009643027691728603,0.025580015068393375,3
17.0,-0.0391105670759494,-0.01770454467592491,-0.008424511346191902,0.043749968578346135,3
17.01,-0.050800271214333205,-0.050482874909871765,-0.032946178968817366,0.07883298118973374,3
17.02,0.002889842856351261,-0.00679539874207794,-0.000979652277901839,0.007449050569289829,3
17.03,0.021329111225696383,0.014469976612385207,0.0017773315069328256,0.02583544302168319,3
17.04,0.04063832883487461,0.016104473078536234,0.012857757617845855,0.04556478634414928,3
17.05,0.027219451256856944,0.021890998592418453,0.00358601541556537,0.035113727410492186,3
17.06,0.01073050527283068,0.010623529010809703,-0.005555294655048306,0.016089263835184338,3
17.07,-0.002585820165359135,-0.0022277343219922214,-0.005990367042508042,0.006894473398376894,3
17.08,-0.02370197847924253,-0.021667282300864985,-0.009866506801055372,0.033594685034855215,3
17.09,-0.03294001646846759,-0.01981938369320642,-0.01580217658230741,0.04156394398586204,3
17.1,0.007245862511718951,-0.011598911295008958,0.0023498536225500504,0.013876565814913719,3
17.11,0.054095184362399774,0.04401442908270705,0.02464183688855435,0.07396471499249346,3
17.12,0.04231663266200107,0.03190556455988741,0.03890619468639213,0.0657446152525918,3
17.13,0.0073351469189023456,-0.006050587754553302,0.0038479570149184054,0.010257717372110264,3
17.14,0.015533304878837495,0.018602793530110774,0.013931981218767993,0.027954384061591342,3
17.15,-0.008461602578643146,-0.011566075124505103,-0.003296849282602525,0.014705170083232388,3
17.16,-0.03450580832522396,-0.030445046074171297,-0.022181386376576982,0.05108390686138349,3
17.17,-0.01192495040159316,-0.024788275998324436,-0.011175931537868045,0.02969115212969476,3
17.18,0.029811005887259812,-0.0003104301141787849,0.013230708659237249,0.032616622916722134,3
17.19,0.045905615324294276,0.029675250878927743,0.024775262496921458,0.06001466208203414,3
17.2,0.0242500569394513,0.02845762057569398,0.007717458815417907,0.038176702332240055,3
17.21,-0.00226961934934792,-0.0221291966935881,-0.009434020298028414,0.024163055627922085,3
17.22,0.004863558610211878,0.015165008321362942,0.0061368225014077965,0.017067286549295364,3
17.23,-0.03715504816251639,-0.029403940590269198,-0.0054095595914415515,0.0476901736332376,3
17.24,-0.04972278661886193,-0.04055825329366626,-0.02991580231021712,0.07079747627735085,3
17.25,0.004161223596697089,0.008519579155341996,-0.004931745061709559,0.010687428135877364,3
17.26,0.04433538814832128,0.0264366565479226,0.019137412912875938,0.055052375286567215,3
17.27,0.009383625132300847,0.009404495858888784,0.006093248796835823,0.014615903799749969,3
17.28,0.0269325633715528,0.010464048781979061,0.014608933521627872,0.03237715591761709,3
17.29,-0.007316335720759848,-0.001104143523294728,-0.010043063955904201,0.012474415213599486,3
17.3,-0.015306581956611146,-0.014966239146613294,-0.01783485033205859,0.027863267068938713,3
17.31,-0.049209098929296174,-0.02894764296222812,-0.01812236467989386,0.05989926169906402,3
17.32,-0.014940896908142848,-0.010251214957028389,-0.00928238236379355,0.0203587924706408,3
17.33,0.03298650825043091,0.034478598064404696,0.019886287732253184,0.05169475689866895,3
17.34,0.03423899727072804,0.02221421673234297,0.01727096394320318,0.04431779049844264,3
17.35,0.012096991855670668,0.004734645484201763,0.004809308567561813,0.013852203027506421,3
17.36,0.005147908941883973,0.009869416819893647,0.010848570590306646,0.015543417857459628,3
17.37,-0.020123196357072017,-0.02035474124359236,-0.012993381022479038,0.03143384279903103,3
17.38,-0.042696423561263734,-0.033807149513796,-0.017538149579692377,0.05721446175444332,3
17.39,-0.037466964554851635,-0.031884152245170896,-0.016668867877755768,0.051944429476834406,3
17.4,0.010089862655564667,0.005513634174012801,0.006013371626687661,0.012975597424922387,3
17.41,0.03269382852890412,0.03451749807316154,0.01492050214154587,0.04982936364498317,3
17.42,0.015052181664745442,0.010670393195522966,0.012936083062507986,0.022533701622584508,3
17.43,-0.015091451070999802,-0.007140412713646205,-0.004947387593593254,0.01741304204183812,3
17.44,0.020015147254008506,0.015062705395228165,0.023223675819674043,0.034158898284347414,3
17.45,-0.027149139482511936,-0.022188827807844487,-0.015876497320419566,0.038490037948699804,3
17.46,-0.0534613270833935,-0.040254878551856235,-0.02313179526575542,0.07080712317951567,3
17.47,-0.019306470100623807,-0.02968375426216264,-0.016611699113716613,0.03911283168331581,3
17.48,0.03805428835478369,0.01991115733704044,0.027732175960228672,0.051123934044422774,3
17.49,0.025963088023298733,0.02078510417511795,-0.0006401475431123006,0.03326427940228101,3
17.5,0.009329722758541596,0.02944008346678791,0.013658001070543239,0.0337683762494682,3
17.51,-0.0036955139654732605,-0.0037939749077560894,-0.004190288900600198,0.006753487257719818,3
17.52,-0.013692654477454744,-0.02647624831192341,0.0020475758267635077,0.02987763508177873,3
17.53,-0.04576649317158721,-0.027838537910147343,-0.015110263434125915,0.05565856763561502,3
17.54,-0.03225315061036734,-0.01945964651405197,-0.019153484638982633,0.04225872147335551,3
17.55,0.0064271465803506555,-0.011825080282896881,0.005163432093624952,0.014415331000283894,3
17.56,0.045968135613802634,0.030195207719017014,0.025065163231416013,0.06044073517770167,3
17.57,0.019024066142776526,0.025567536521684944,0.0066829056235530515,0.03256186794343572,3
17.58,0.0027222075670740604,-0.0036148316315752138,-0.0028731765274223023,0.005360276589934747,3
17.59,-0.0016439325608950336,0.0009220774237089753,0.009918235036131403,0.010095747979819483,3
17.6,-0.011735497985237875,-0.012349211595964117,-0.003843355193849143,0.017464143813811887,3
17.61,-0.05497165237694836,-0.032758480556754475,-0.016620416848029847,0.06611534519036853,3
17.62,-0.017463454596264805,-0.014950313260621982,-0.005371368554426156,0.023607958682910515,3
17.63,0.03813977677716532,0.03607436621119767,0.019804462681148795,0.05610899404053341,3
17.64,0.04194982248017784,0.04135875747952965,0.015188520810310888,0.06083605502310477,3
17.65,0.003768372432513517,0.01061886126220488,0.0025041879009238158,0.011542608125515502,3
17.66,0.014232576547605638,0.006052143616599663,0.0051086325444122055,0.01628781151699729,3
17.67,-0.016356906822957838,-0.010079808978059672,-0.005735067200116543,0.020050983657640083,3
17.68,-0.0286411381167537,-0.020857637120058763,-0.012310222802302387,0.03750863106402766,3
17.69,-0.04848073288818929,-0.043666577243658036,-0.01982414617932427,0.06819199514086334,3
17.7,0.01916893732348402,0.03846695771454968,-0.0036070112468592364,0.04312963626161924,3
17.71,0.040589388675688516,0.038110880009573356,0.020226869047393046,0.05923735206464411,3
17.72,0.0445288198643685,0.04620615722540826,0.018207096905064297,0.06670324686072582,3
17.73,0.017326801390135496,0.0006726660372961529,0.009266294223948061,0.019660486633237394,3
17.74,0.0020421041535193824,-0.006119399271710624,-0.003195808877913383,0.0071993354696516,3
17.75,-0.005432546618109192,-0.00016014730236755788,0.0009788646137893378,0.005522353288998647,3
17.76,-0.05478156585686188,-0.04602575382946721,-0.02374980511451874,0.07538861463296717,3
17.77,-0.00540081311591674,0.012530446423979238,-0.005391116297585244,0.01467123051524178,3
17.78,0.036825372213578254,0.02046266716463568,0.018448514847439756,0.045991047892339286,3
17.79,0.03459067895623032,0.026960328420998707,0.020128384361365815,0.048254805317397995,3
17.8,0.02658019053250367,0.009121781590186282,0.003642431013708621,0.028336914648791345,3
17.81,0.005421770791219069,-0.00955529949074527,-0.0010365011755827224,0.01103511130697545,3
17.82,-0.006897661925071639,-0.015971981771720878,0.0023489969169706902,0.017555618139635663,3
17.83,-0.038914114200641,-0.03253120243282603,-0.015762376474439573,0.05311346277421575,3
17.84,-0.03724251642317605,-0.026125119195365646,-0.019166844411484616,0.04936491473908022,3
17.85,0.030615106439350163,0.008030303235939493,0.01339444231652223,0.03436832258526042,3
17.86,0.057023309998927116,0.035872335037966364,0.017944707557537264,0.06971724918293452,3
17.87,0.02327618305527587,0.009544208007173774,0.008967621986376096,0.02670750546564481,3
17.88,-0.016847706774847464,-0.004934977888839168,-0.0011871854614996895,0.01759569946477175,3
17.89,-0.016199270021751495,-0.020914877102282802,-0.006161947952410751,0.027162806114417362,3
17.9,-0.027397836003622195,-0.006334567576041065,-0.012111581563177215,0.030617945261207546,3
17.91,-0.04179985172556406,-0.03060655757914422,-0.009811866942823048,0.052728186997357256,3
17.92,-0.029944149040006012,-0.023179093606051786,-0.018470158445739647,0.04213157005309595,3
17.93,0.03267522273554681,0.020917594628932196,0.011025322903117734,0.04033328267071675,3
17.94,0.04502665752078092,0.018307524585873564,0.019523293965893265,0.05238057226906505,3
17.95,0.004771421630299038,0.005126349368111117,0.0061125417200735555,0.009295648901376307,3
17.96,0.0020166572049188486,-0.010074656400525335,0.0020457408651431168,0.010476195089731468,3
17.97,-0.01900444555949819,-0.01694341969772914,-0.005243844403041671,0.025995121199960537,3
17.98,-0.05870859591314116,-0.047437478274421296,-0.03245980466816967,0.08216235450755058,3
17.99,-0.022142923166481088,-0.012180277852419841,-0.01822938014828652,0.031160528164804538,3
18.0,-0.0008732891651736102,0.00803415232959922,-0.0041383647143172116,0.009079443822719538,3
18.01,0.04538690807134721,0.039308155175266,0.01805697034254025,0.06269893671754803,3
18.02,0.033818622427509354,0.027307877128858977,0.0065745466620406815,0.043961847549786257,3
18.03,-0.0018352167563779704,0.0021956069402190295,-0.0051496696042579925,0.0058913332456963525,3
18.04,0.01089887415020108,0.014433366261871803,0.014824834074176233,0.02338553451854623,3
18.05,-0.03262137229671223,-0.022082025948429465,-0.007490139803678978,0.04009827919981695,3
18.06,-0.04508581119402741,-0.03393169397208984,-0.024649836548510086,0.061576819248052334,3
18.07,-0.013031120126686436,0.005556991235196099,-0.00936174664047989,0.01698035757882369,3
18.08,0.028701458177840627,0.031826262378379586,0.013493039230829776,0.04493046612485236,3
18.09,0.03519648138256018,0.029851812586557967,0.016394904367089663,0.048976687368807434,3
18.1,0.01334069000951638,0.009093006622236308,0.01725125611620298,0.02362758169912601,3
18.11,-0.01538140711361264,-0.008487015137825458,-0.004049490168337996,0.018028185748095622,3
18.12,-0.010728068265801253,-0.0011167490411794299,-0.003984585749662109,0.011498499934038241,3
18.13,-0.04833556245485205,-0.04732946429069889,-0.027758218497755036,0.0731226605235378,3
18.14,-0.028035399556228344,-0.021645749519228655,-0.012381647573606294,0.037521024734987536,3
18.15,0.03507112953250659,0.029644079577372192,0.019014365320736863,0.049702129423455005,3
18.16,0.05341131278948899,0.0354782328968352,0.030409393053830315,0.07096622104410699,3
18.17,0.018420303574559576,0.0030654099806484147,0.00804916910335249,0.020334538238739416,3
18.18,0.009994241987156885,0.010844375616317407,0.00863441957955428,0.01708913563880337,3
18.19,0.008399676330498118,0.006364495325729869,0.009757388956478503,0.014362033367750415,3
18.2,-0.038701772794331415,-0.013277390086422673,-0.023986968755242914,0.047428799004361116,3
18.21,-0.04285130669293486,-0.023064206693857597,-0.01720612756972111,0.05161630499807659,3
18.22,-0.009177918506462655,-0.004004701208054611,-0.019047163524593687,0.021518974376342287,3
18.23,0.04390534433297382,0.025164299237140038,0.01909323763029393,0.054087641289856554,3
18.24,0.051475976735641214,0.019232169226265406,0.026461857032825747,0.06099083858795266,3
18.25,0.012922945458173171,-0.0029954997966450993,0.007449700327608859,0.015214255595256541,3
18.26,0.007959406586564143,-0.0026933696793455166,0.0038845628059754273,0.00925722537445352,3
18.27,-0.011389966043103189,-0.007817486531094386,-0.00046884244073349454,0.013822598719528786,3
18.28,-0.048843151739660265,-0.018313320787387604,-0.025842031031428285,0.05821375918075161,3
18.29,-0.020263026530686977,-0.019934664558692226,0.0007485200683895691,0.028434862010280375,3
18.3,0.026264083593896443,0.026566982943878072,0.009632263776321112,0.0385796212426213,3
18.31,0.03461198725843304,0.03498624599945188,0.010107186796892249,0.05024124098844859,3
18.32,0.015549311346867562,0.020787187839017313,0.0007086232871975741,0.025969027871284904,3
18.33,0.01652258080758008,0.008080335535574598,0.012214649592758201,0.022079066184609152,3
18.34,0.006147449367293693,0.01785936229084295,0.0035695999703088096,0.01922212264831986,3
18.35,-0.032567767388610086,-0.025906589407991603,-0.019743319872957507,0.04606093276344712,3
18.36,-0.034490634531511216,-0.022081610623059602,-0.013705868360268877,0.04318625042306535,3
18.37,-0.015442982429767778,-0.010596114459005303,-0.007949422969272736,0.0203459252308382,3
18.38,0.040188370742128915,0.028247655103500743,0.026867024678201255,0.05598992924457228,3
18.39,0.033452298980409155,0.026116123817897748,0.017327470040290033,0.045840478273504064,3
18.4,0.016135188879597213,0.01986233400718144,0.0007972493008872265,0.025602582659584934,3
18.41,0.00726859233475841,-0.002094600423624399,0.006008930458159874,0.009660591633774696,3
18.42,-0.027932990922395057,-0.02961816494965899,-0.027799109043429096,0.04929785127634139,3
18.43,-0.04269777488415488,-0.03011474823673558,-0.025733570221531367,0.058242722101275644,3
18.44,-0.01318542676825775,-0.008952538272972502,-0.004108413381933391,0.01645850786392785,3
18.45,0.018795444976514253,0.02230113894274171,0.01678334605439374,0.033649520870142856,3
18.46,0.03184271990562059,0.01774115690523959,0.012852438870576776,0.038650907418145426,3
18.47,0.0008179613041073668,-0.01270307678957951,-0.004816717832676534,0.013610216430924044,3
18.48,0.013713073034387322,0.009341033349950187,0.011907104384255726,0.020422595596762037,3
18.49,0.003610789458255166,0.00066660652504037,0.0013163083337678597,0.0039006194893400907,3
18.5,-0.04283980395933554,-0.027884663955625246,-0.013363619185796982,0.05283360299028874,3
18.51,-0.047748146268452474,-0.03483700892754356,-0.01801082813597066,0.06178909768911303,3
18.52,-0.01563455201389078,-0.0002759204891919446,-0.02301324249690824,0.027823096143544404,3
18.53,0.04711823032233795,0.042355351503497035,0.02069353697418876,0.06665077570588203,3
18.54,0.032492497653518936,0.015605367812991919,0.025267853911943073,0.0440199312772975,3
18.55,0.023629877103730615,0.014764787793024177,0.0093427300036329,0.02938803590632131,3
18.56,0.00485450352730282,-0.0017192411269662533,-0.0059379577853122135,0.00786011050872681,3
18.57,-0.025480588810854486,-0.024075340364286185,-0.010520983369634446,0.036600184574236715,3
18.58,-0.04789015514915012,-0.03015182478892146,-0.02561427862961241,0.06211836095734422,3
18.59,-0.02825515309863848,-0.025377840014060307,-0.0023264160273311248,0.03804997571535314,3
18.6,0.027058466560268345,0.012359653631190263,0.023159779666378888,0.037700093430539025,3
18.61,0.02973384802159712,0.0002678137054798989,0.014309724532932794,0.03299911602695891,3
18.62,0.017847580700019846,-0.0012708243592609164,0.0075940821497553655,0.01943762369974902,3
18.63,0.017796546937728114,0.0061270261964262995,0.007192678055973351,0.02014924689747323,3
18.64,0.005867118141643056,0.003968526075294582,0.002301237768165037,0.0074476821739329945,3
18.65,-0.0233536919136539,-0.026843698860019687,-0.013082436165813914,0.03790948734179719,3
18.66,-0.04699313855106758,-0.037207589769329974,-0.022735944875163075,0.06410680928488827,3
18.67,0.0017430306132845135,0.012278199116670826,-0.010412266166628315,0.016192826065643266,3
18.68,0.03969520258711676,0.029352117242226167,0.021476937137091204,0.05383785586206233,3
18.69,0.04351505959271151,0.03593605885794236,0.02576742295264685,0.06203967136614542,3
18.7,0.0004897546294518364,0.0002007760249705114,-0.0025025247617783304,0.002557889910177167,3
18.71,-0.002650424660029095,-0.00744195611802843,-0.005245106034204977,0.009482541803293281,3
18.72,-0.012330768827113002,0.0007570798544527871,0.006059958306896108,0.013760237078445967,3
18.73,-0.03227241197809712,-0.023946761455079426,-0.017721426882456735,0.04392043863420269,3
18.74,-0.030077367813412106,-0.015815825473222772,-0.0009484909972047439,0.033995411825046326,3
18.75,0.035325504139420635,0.02445439282874628,0.009434414106209838,0.04398768851456408,3
18.76,0.04787003707228285,0.015361629817927557,0.029677385900817324,0.058380367880571,3
18.77,0.022623469175493273,0.01369389281080163,0.005777470580861899,0.027068860784320855,3
18.78,0.006125265194473176,-0.0013724300015333516,0.002656042749136038,0.00681593727208309,3
18.79,-0.002523740655903508,-0.01223362998986679,-0.00938289990580228,0.015622732804139386,3
18.8,-0.04363592239674014,-0.0352696071740939,-0.02707955207272756,0.062300409742543326,3
18.81,-0.030837640010346362,-0.03013690960145245,-0.009857315615787685,0.0442307589001487,3
18.82,0.013348461162817873,0.006234715663701949,0.001467953137438931,0.014805673954136107,3
18.83,0.03198508181295959,0.026063340373738468,0.019063649763482505,0.04545069759996859,3
18.84,0.035038798421871575,0.025998529125469842,0.018734522195381687,0.047482873053614844,3
18.85,0.007579405128267528,0.015392500199729934,0.005867873786795646,0.018133074402176198,3
18.86,0.0024951917796857443,0.007227332183842042,-0.003260454307139141,0.008312092083341742,3
18.87,-0.009863392203100146,0.0020081141033946107,-0.013433487454847893,0.016786232847306296,3
18.88,-0.047497574178957294,-0.03284378813680232,-0.021967678185076795,0.06178440626002492,3
18.89,-0.028670029873643407,-0.013023743312178416,-0.017259665144023148,0.03590939353011862,3
18.9,0.045203649201092405,0.025872458209664766,0.010996540234225206,0.053232301209220755,3
18.91,0.03817944673651907,0.033039841902373454,0.020855426053541418,0.05462829030745209,3
18.92,0.029123217992862264,0.031398750318814325,0.005267956857846102,0.04314851929439928,3
18.93,0.033049499791456764,0.015215011178513803,0.014289849833571053,0.039089203239434434,3
18.94,-0.005448841684590172,0.008365864151311214,-0.005941828528588438,0.011618213501441132,3
18.95,-0.03752769238017037,-0.021337020285205222,-0.00748509698232535,0.043813500280926794,3
18.96,-0.04051523899250619,-0.020866524644369874,-0.014385029805957404,0.04778938714685795,3
18.97,-0.0074698442714828004,0.007405956399724362,-0.003744274243658617,0.011165408780987285,3
18.98,0.03672941706171627,0.0357525213683403,0.03285631128993713,0.06088374211124325,3
18.99,0.05435470829732826,0.048794749918129265,0.03093754438879259,0.07932523927772883,3
19.0,0.013049495725809825,0.012202583482534985,0.005558752749016618,0.0187107486346983,3
19.01,0.005059535460123285,-0.011931403499842992,0.005616834186158173,0.014124663352558377,3
19.02,-0.04579360264577925,-0.02873596449325107,-0.026234142433273638,0.06009192897424907,3
19.03,-0.02525748772592985,-0.019435569608433536,-0.017422361067966647,0.03632107814220776,3
19.04,-0.030473473158496377,-0.04609152062115768,-0.010339274421487292,0.056213534269560245,3
19.05,0.024953650060846003,0.03412084028767927,0.010686771771730106,0.04360187477847167,3
19.06,0.03235994762934874,0.015187079945466267,0.015090009825585985,0.03880105674308959,3
19.07,0.017145393831329875,0.015308762700762053,0.00421082379890341,0.023367793693993864,3
19.08,-0.003936344726595736,-0.024794382186762387,0.0008794980900903267,0.02512030482936683,3
19.09,-0.015361014950683902,-0.010680659511480624,-0.011211257846955494,0.02181122578917189,3
19.1,-0.02410800566071503,-0.010533645851772942,-0.012620997125768672,0.029179499658429756,3
19.11,-0.040518620672057255,-0.022399753978683185,-0.016236709157878136,0.049062595974419476,3
19.12,0.028523580907479626,0.029952237908460883,0.021315798703065932,0.046530575945932635,3
19.13,0.054147586399642574,0.03473064001866092,0.020932345102808274,0.06764866251830579,3
19.14,0.016808979735849355,0.010483116959838364,0.007110729294165787,0.02104756546607594,3
19.15,0.018054992956287767,0.0076839533945441685,0.007544431145710914,0.021022472540914414,3
19.16,0.012964838191879019,0.010692694306893779,0.0028988122531155435,0.017053558378270977,3
19.17,-0.03871334223768174,-0.02217328768853865,-0.02822393507184747,0.0527917423947196,3
19.18,-0.04758892838187521,-0.02497433244914194,-0.0230134286363514,0.05846401699691829,3
19.19,-0.044751433845505166,-0.024565607087477286,-0.016154038287562417,0.05354542777680436,3
19.2,0.02773742850747899,0.014745639712288544,0.006861210286203315,0.032153927245728964,3
19.21,0.05041347600589255,0.053165462904572844,0.012990601728493145,0.07440995055852775,3
19.22,0.02607836132590096,0.022222936543720623,0.011754860959513159,0.036223149976885874,3
19.23,-0.00011713964516640429,0.0007315656644556417,-0.0015824074582556926,0.0017472616809806644,3
19.24,0.007799591121670557,0.009666548721893967,0.009024252625690832,0.01535294503703703,3
19.25,-0.03149249154922419,-0.023573810003114006,-0.01770050305589852,0.04313709946754357,3
19.26,-0.02509082830285321,-0.024118073659557676,-0.01912760659394913,0.03971267399689923,3
19.27,0.02129974522999073,0.012942791022495086,0.008541348691957624,0.026346719412330986,3
19.28,0.04371970478305503,0.027141562694513798,0.007554325301364597,0.052011006936768155,3
19.29,0.03235074413334789,0.023007635423235848,0.017896956346054087,0.04354564249385288,3
19.3,0.014506433482813724,0.006511277259254593,0.013499865103444635,0.020858564230296084,3
19.31,0.0035575726545716466,0.007722744853019139,0.0008496316006738575,0.008545114692867098,3
19.32,-0.028919982206059985,-0.006468767066980553,-0.009831483619507763,0.03122288244743473,3
19.33,-0.05134351243336656,-0.02870979128738463,-0.020363734394493925,0.06225022139117215,3
19.34,-0.019941900540449833,-0.0068563864972791605,-0.01680086420166669,0.026962167399675246,3
19.35,0.025359165486612677,0.02160506793247583,0.005180439274582369,0.033715029076391706,3
19.36,0.043280723634403426,0.03505125677028547,0.008446461742471012,0.05633075852020028,3
19.37,-0.002726438032303824,-0.017849673951187146,-0.0002134955397494506,0.01805795959828171,3
19.38,0.004349236672057635,-0.006268592968929294,0.004789825156347165,0.009008526098538923,3
19.39,-0.005593368966893107,-0.010231934594568476,-0.01582118345833572,0.019654213491504712,3
19.4,-0.041778129030324615,-0.03395043999944295,-0.014786820366132377,0.055827363344246296,3
19.41,-0.04749625467050413,-0.014476569696710826,-0.011254583121324909,0.05091297397661939,3
19.42,0.003611123551975912,-0.012108731226809714,-0.007845943231133322,0.014873480104431465,3
19.43,0.03478903344163894,0.028305016192245465,0.026274682732594777,0.05197893556187222,3
19.44,0.029829471325318872,0.014663201639959853,0.013919792711566523,0.03603564167619501,3
19.45,0.0036995019414273796,0.01752535025238992,0.0028291275662420327,0.01813362012587776,3
19.46,-0.013429947037717419,-0.016649625622586428,-0.0012527278746708066,0.021427618578277862,3
19.47,-0.01947452197970455,-0.014055635209672807,-0.004110387944545324,0.02436623024885165,3
19.48,-0.037051407912981144,-0.028260017920262673,-0.02123269560709472,0.05120803456422858,3
19.49,-0.008831652982049767,-0.016083849853114014,-0.014191580101708139,0.02319675120089153,3
19.5,0.03228385860636341,0.02205568758473241,0.02643642790219814,0.04719730502453614,3
19.51,0.041408559048650234,0.01952578614441663,0.01784801091297219,0.04913732370197445,3
19.52,0.015368927747030381,0.012553734552445654,0.003808385318704255,0.020206533350439662,3
19.53,-0.0013492302779925273,-0.011534281380240432,0.014799138544814306,0.01881155418805744,3
19.54,-0.011938514577179867,-0.024826630290592094,-0.009099858373139704,0.029012016894840006,3
19.55,-0.04240869228595709,-0.036186820946243925,-0.013037515896102934,0.05725347161824906,3
19.56,-0.05352656449505416,-0.04086277106906043,-0.016069961745071075,0.06923223841949416,3
19.57,0.013129043354041197,0.004563601000452749,0.008589326073541972,0.016339362162619893,3
19.58,0.022015003918686535,0.014396755633351084,0.012497041361852238,0.029122208245702372,3
19.59,0.02740457276432782,0.01750884820429627,0.02413836650005488,0.040499766803370585,3
19.6,-0.007472722909485398,-0.004849634922831403,-0.004008597673730385,0.00976879736080806,3
19.61,0.0029948286321487055,0.00923880325174353,-0.003716441353377337,0.010398866303278338,3
19.62,-0.05373102620221985,-0.04779063078733099,-0.035652953789713,0.08026269794696685,3
19.63,-0.038923945203382736,-0.032706517940914996,-0.01493460031577169,0.052988981048961346,3
19.64,-0.037668652117524445,-0.03566710215009787,-0.019131482530112456,0.05529089574185422,3
19.65,0.03398508716564499,0.018181716113452193,0.00816732469635453,0.03939880890562984,3
19.66,0.024430601367966133,0.028379027597162022,0.02163398425571022,0.043246419104213354,3
19.67,0.009396784860028495,0.007026700569234532,-0.0022018530583185897,0.01193826802705353,3
19.68,0.011320422328272576,0.004365732489463104,0.014125960961424565,0.018621341384113466,3
19.69,-0.0012244324771468196,-0.0007138591504130364,0.0023952146851988773,0.0027831426779654465,3
19.7,-0.03555165691342095,-0.017975025334431738,-0.018254972874614618,0.04382083841867896,3
19.71,-0.03749329120933871,-0.013972310362297284,-0.014016766909640668,0.04239625098010239,3
19.72,0.012176070159890404,-0.006480543965819648,0.01744226070171759,0.022237054504096913,3
19.73,0.02528237555985194,0.01706853811991572,0.006882116831842774,0.031271345343421804,3
19.74,0.04394093918950427,0.03500683478051868,0.014849967322215215,0.058110292958107726,3
19.75,0.002356964360161632,0.005003231988731689,-0.0007388242226254512,0.005579737678428824,3
19.76,-0.010890114931623895,-0.011686872550352674,-0.002447536396803618,0.016160693909787506,3
19.77,-0.017482176461833587,-0.012423629771267349,1.2016539272560745e-05,0.0214469861503528,3
19.78,-0.049377908675339144,-0.03529760926537046,-0.02285195965448402,0.06485608024735279,3
19.79,-0.0017150744984876821,0.007752813936644202,0.0008971852087740552,0.007990778796239469,3
19.8,0.039367069918160615,0.020144772062042758,0.016226739304495776,0.04710504329505571,3
19.81,0.04822984268171131,0.0353632416450193,0.0152475966129835,0.06171843960453727,3
19.82,0.015193037891017907,0.003420563962611072,0.006405393272760072,0.01683917222309159,3
19.83,0.0051326664763071015,0.01007155997949138,0.002933296903104995,0.011678390997875713,3
19.84,-0.01410121800974924,-0.016509619874918266,-0.016744655196400407,0.027418887202421464,3
19.85,-0.04802787131952593,-0.03334698514595698,-0.02358428730844976,0.06304693846379157,3
19.86,-0.03650905218211055,-0.016370327517566396,-0.013287939519961094,0.042160026695373505,3
19.87,0.001316573066307638,-0.0012327666739837136,-0.000434842880591073,0.0018553076947537045,3
19.88,0.0568240988647626,0.03180266720827492,0.024707905841101503,0.06964817631787164,3
19.89,0.024990746169920114,0.02344873399343606,0.009439963704051021,0.03554565282503757,3
19.9,0.007830560629778755,0.017068754330876765,0.011932462484315886,0.022249577863952194,3
19.91,-0.01532684795355737,-0.017908756417217737,-0.003532655825819957,0.02383517320655344,3
19.92,-0.01978976242843934,0.004202518766615263,-0.005847577020061922,0.021059202690590615,3
19.93,-0.05138572522333805,-0.02692013366813032,-0.019985865669698958,0.06135650886422447,3
19.94,0.002097251012168077,-0.0021919858010440727,0.0010998101927042771,0.003226894175518476,3
19.95,0.009292411505776445,0.004471916501600023,0.0078039553737145415,0.01293246566842136,3
19.96,0.018165187035904362,0.009433967083186322,0.010672662920838545,0.02308418265388387,3
19.97,0.01148327203608691,0.013865483097357249,0.008050377151469088,0.01972120002582933,3
19.98,0.01722688550560792,0.008774826092648484,0.00015378044086246465,0.019333566810176048,3
19.99,-0.0209591066524579,-0.021432044098197437,-0.004489834415857462,0.030311306124580027,3
20.0,-0.040866407571248826,-0.050663685231232006,-0.015010953855236918,0.06679970811787153,3
20.01,-0.039073357428673516,-0.016227366680047456,-0.017613802109163485,0.0458290379002043,3
20.02,0.027442279118194322,0.016294044856373393,0.013209856157348777,0.034540916037074605,3
20.03,0.058297553327021454,0.03817705490936505,0.027025902576271906,0.0747428368175287,3
20.04,0.042519681040625965,0.025209753098722122,0.021544580835405926,0.053922387655485335,3
20.05,0.031106430009762466,0.013182465722654167,0.012974743017440964,0.036190210649426124,3
20.06,-0.0013729364732009872,-0.004638292356979484,-0.0018470084635402533,0.005177851949664956,3
20.07,-0.017273567783676405,0.01575316578150225,-0.011792627181297194,0.02618404918941733,3
20.08,-0.053059210501292337,-0.05452206873936191,-0.020929228798238268,0.07890480604328967,3
20.09,-0.012747271071316083,-0.01468890406616668,-0.002574017176679486,0.019618419581008583,3
20.1,0.032659552694658936,0.031391198483541216,0.015210511197779929,0.04778507481783484,3
20.11,0.044931422068517066,0.03641011547085299,0.01567336620986976,0.05991814087610494,3
20.12,0.0019796712986840832,0.0069952399738651425,-0.008542945761531171,0.011217593459706842,3
20.13,-0.00372814748428508,-0.0017910560703648507,0.004235160470383284,0.005919759262138041,3
20.14,-0.023664946183973697,-0.01126994802959579,-0.013497571432904134,0.029482636263850472,3
20.15,-0.05756838415418555,-0.03847622429145168,-0.041160101321776096,0.0805524216313132,3
20.16,-0.031737049339092493,-0.02508755528118623,-0.016826447402116227,0.04381500956196119,3
20.17,0.004591239736772182,0.00416117876595442,0.0018524923229413532,0.006467350218544106,3
20.18,0.03866803065380148,0.023692805025404117,0.015192668701472612,0.04782659079307086,3
20.19,0.031181881132167657,0.027552872201032894,0.016118311580611718,0.04462365343264452,3
20.2,0.026592369377048213,0.014097898291258076,0.018236500085277094,0.035191970400594796,3
20.21,-0.004024240045219557,-0.015735024577455757,0.003733765410708789,0.016665128578468597,3
20.22,-0.03433682018806654,-0.020268478084353725,-0.010269536319086323,0.041173921366473874,3
20.23,-0.05720257878409151,-0.03368053710140409,-0.028224139506946282,0.07213262541940935,3
20.24,-0.017924063490629888,-0.003307973528772594,-0.0105862621491418,0.021078038029511758,3
20.25,0.04819508129447042,0.03279824895232397,0.019039923029225164,0.06132707121881863,3
20.26,0.03800854764736436,0.025272545137124156,0.016468961827617368,0.048523993401712755,3
20.27,0.02772082573534211,0.005895542539194382,0.008300734622739201,0.029531403565658663,3
20.28,0.012516663145712672,0.013430341661298813,-0.0062983704476951355,0.019409028923129044,3
20.29,-0.01096876147339168,-0.006475752206988674,-0.0014377856385159047,0.012818592841993342,3
20.3,-0.05346243738422119,-0.032915338630285854,-0.025719162274826877,0.0678463487324634,3
20.31,-0.039524322262758475,-0.028953891806891018,-0.015288545541400356,0.05132484316456319,3
20.32,0.0032409794686315135,-0.004035259025025929,0.006723539998834725,0.008484883819538996,3
20.33,0.06084655591181268,0.04635601499357294,0.030278815814657904,0.08226779551897379,3
20.34,0.023153517894951178,0.02100660123795692,-0.0007940012578185,0.031272881614583824,3
20.35,-0.0069358084951028675,0.007413538766186688,0.00430142093768376,0.011025797866895537,3
20.36,-0.003912555903530641,-0.010109203905807064,-0.0017197415669575728,0.010975500369666932,3
20.37,-0.021940769791264778,-0.007460701921595534,-0.005154666908230796,0.02374089389915607,3
20.38,-0.04413707692861821,-0.041556201219947304,-0.023799986110090033,0.06512632922617388,3
20.39,0.011238488900706188,0.01348970077725965,0.0035853572598887524,0.01792011290456432,3
20.4,0.024845235254603824,0.038400926681910336,-0.00011500145372540967,0.045737622481064985,3
20.41,0.020070312521000236,0.010586977570309453,0.01058875149536664,0.02504043124619629,3
20.42,0.01654365084589332,0.019221161285712177,0.011696693803255494,0.027927729417360495,3
20.43,-0.005404002440214342,0.0040366381446021,-0.00850227624119914,0.010852943893983726,3
20.44,-0.016987063956956254,-0.006533450068317249,-0.008496079011796347,0.020085558748703092,3
20.45,-0.045234654281442785,-0.0205332633733901,-0.026377708672151078,0.05624564309807052,3
20.46,-0.05885059146131945,-0.04936802311074932,-0.026998678200476172,0.08142187940463835,3
20.47,0.023529206298317694,0.011104593071995484,0.006145129497909927,0.026733839097097256,3
20.48,0.036898234327225374,0.026746253477804294,0.018072430472029596,0.04902503967088793,3
20.49,0.030249686836976063,0.031314940164254394,0.010838486842695973,0.04486804908022244,3
20.5,0.007431979692356824,0.0022095813126813543,-0.0021396564697054895,0.008043301656242133,3
20.51,-0.022106904781272713,-0.016491582049835782,-0.0034515869028706398,0.02779570056074846,3
20.52,-0.027905585185608366,-0.015361558353793228,-0.019106232010315364,0.03714494933689154,3
20.53,-0.04214765912309106,-0.030081566495150223,-0.011373494207494245,0.0530158672743013,3
20.54,-0.01790111157762509,-0.0284706105882695,-0.014474018584845599,0.03661314896287838,3
20.55,0.045093238667532724,0.02230734298795342,0.013347329318241813,0.05204967746911464,3
20.56,0.030518725441857977,0.020894966938353594,0.018874948589231957,0.04152416080062966,3
20.57,0.02782668822869571,0.010364734867966505,0.014240720788798922,0.03293251334539778,3
20.58,0.011373757509679224,0.010177903014704682,-0.003743473155734303,0.015715141136287084,3
20.59,-0.02331645153303917,-0.015239657970308483,-0.00736631429180566,0.028812613095486703,3
20.6,-0.04117562972744544,-0.045719630887091196,-0.02351805218868116,0.06586968886106175,3
20.61,-0.03317014077480479,-0.017756928988251222,-0.03182184302740372,0.04927673345276538,3
20.62,0.02432114873828026,0.004195829991781195,0.009311257974045582,0.026378453145108973,3
20.63,0.03697853313434126,0.024922398342014106,0.019528382522073933,0.04868157326765482,3
20.64,0.018918648159290435,0.011604778917588297,0.011813594110664884,0.02514253662048961,3
20.65,-0.011808782143528518,-0.008217086036682874,-0.0022973647012997115,0.014568655504827634,3
20.66,-0.01583051922591106,0.00769342272268252,-0.014014776611617059,0.022499067883478104,3
20.67,-0.029352983598651683,-0.015259382247414363,-0.014792147378075758,0.03623884679139408,3
20.68,-0.030066706974374358,-0.012974737247688268,-0.011876247105309169,0.03483383298225743,3
20.69,-0.010671925916106363,-0.012260612682867126,-0.006209066664803094,0.017400147555871874,3
20.7,0.04056372968975479,0.025132194272731924,0.021755731222274706,0.05244382896320302,3
20.71,0.04783128698836558,0.029094046742783684,0.023519591639293853,0.060724515327121496,3
20.72,0.024018446089057673,0.033421630424540286,0.009639085709438408,0.04227059386951438,3
20.73,0.003915640493037003,0.0020209227827980452,0.010611703042189126,0.011490196291637025,3
20.74,-0.03185801528621149,-0.01724103439436304,-0.011308086273164906,0.037948112207663705,3
20.75,-0.05538256731135138,-0.03312249011561191,-0.014619532300466876,0.06616690137931178,3
20.76,-0.027741331431445086,-0.029259273822283792,-0.010544980045862054,0.04167593044389403,3
20.77,0.015834826702622946,0.009970019616751122,0.014009767021991082,0.023375555605610145,3
20.78,0.05073503658358998,0.031939361713313894,0.023341039320649196,0.06433483411310087,3
20.79,0.011122374568949055,0.005851948816914656,0.012893951757196999,0.018005735556336406,3
20.8,0.010697050188558615,-0.0017128447357441833,0.0013342680064442063,0.010915172510699456,3
20.81,-0.01579795501188295,-0.009210230294804295,-0.013739772279898463,0.02287323910040453,3
20.82,-0.05627043570654734,-0.029824567916129054,-0.021367652601338667,0.06717472265428394,3
20.83,-0.03324635888848182,-0.03030449051385504,-0.01821446797567852,0.048532971970435546,3
20.84,0.007294044800487928,0.001394788559540225,0.00904003723764308,0.011699179370166216,3
20.85,0.03682571371624867,0.03137203545013183,0.01092779873427404,0.049595912978513006,3
20.86,0.020716940054025912,0.010684076663492165,0.003907862804788853,0.02363498447332964,3
20.87,0.013146110498484478,0.01915936526003129,0.004413992565349592,0.0236513176963276,3
20.88,0.017867823140006553,-0.0023255723421318954,0.009602796612478866,0.020417666205070503,3
20.89,-0.022186016037894322,-0.005993004599949664,-0.004507396745356801,0.02341905286703062,3
20.9,-0.05935666304809206,-0.041147085000941004,-0.027829002721115704,0.07739993181347944,3
20.91,-0.023650734590220802,-0.014989183888333337,-0.017830571240482117,0.033195815264235436,3
20.92,0.03089952341366942,0.01918613380923351,0.018906203066730663,0.040991862511212805,3
20.93,0.035581339742075016,0.02405528984311443,0.012584978468611091,0.04475567439255738,3
20.94,0.029355465226101905,0.02193250230399686,0.016082980048615848,0.040017998990452795,3
20.95,0.016041836283750048,0.002210071223302742,0.015483701320928023,0.022404685509116583,3
20.96,-0.012476920586337136,-0.020517373525088756,-0.007342313580095728,0.025110669692268953,3
20.97,-0.03165568261499553,-0.01576669031957338,-0.004268390318493026,0.03562148117871665,3
20.98,-0.03895272289728683,-0.03388345339691006,-0.009873336257828057,0.05256316014161945,3
20.99,-0.0008308148942344305,-0.006514238612089425,-0.008881263725743762,0.011045469815717687,3
21.0,0.03650211914244285,0.024652912343253505,0.013304503677619161,0.04601283089531674,3
21.01,0.03415318660683513,0.02546551158729216,0.014211385691671461,0.044909864385024124,3
21.02,0.0033842754078464293,0.022043743952551195,0.007894298296816838,0.023657977789340253,3
21.03,-0.0012345456787245268,-0.001319967450275046,0.00475646774087472,0.005088261242568513,3
21.04,-0.03571720961131885,-0.027323908731306305,-0.01809118783919995,0.048472735926589294,3
21.05,-0.05451803536660726,-0.041995108104919215,-0.03387842350336879,0.0767043210259507,3
21.06,-0.028833880349061106,-0.009956469835823266,-0.005933179388477388,0.03107614141478127,3
21.07,0.03507382501638861,0.01377689456898519,0.01142417603932604,0.03937623424634067,3
21.08,0.04612216153825892,0.04288921261036771,0.017863555680056417,0.06546636514144535,3
21.09,0.014714568467504241,0.004795742339800365,-0.002413851766018581,0.015663471841291604,3
21.1,0.004814745903135265,0.012355527073068952,0.010101177744864014,0.016669571656117432,3
21.11,-0.008929432103793624,-0.0086118963191074,0.004468154402986312,0.013185746838015728,3
21.12,-0.046178866296805635,-0.04366415631412936,-0.02311924608842319,0.06762799552537428,3
21.13,-0.04888685122837923,-0.021651053161914062,-0.026674249585056563,0.05975121686603213,3
21.14,0.00035795416368977285,0.004636963438488304,0.0013561108543447408,0.0048444398811887165,3
21.15,0.04318873733471753,0.02479950124745006,0.02415121609698088,0.055349467329438407,3
21.16,0.03904495700216425,0.02205116707440956,0.026879715617238835,0.052280797127702755,3
21.17,-0.0003932352350967932,-0.005759585625980969,0.005901923767695875,0.008255916950455697,3
21.18,0.0256385703090819,0.017602969001214108,0.00712471201308274,0.03190552187977508,3
21.19,-0.02720819489012513,-0.01178798508880249,-0.012010092006457756,0.03199194854391401,3
21.2,-0.053274735381984885,-0.045569785878573646,-0.02479200966069102,0.07436024850721895,3
21.21,-0.03245711174052976,-0.024194598084467934,-0.015661460351067674,0.04340649743223057,3
21.22,0.021125077661781073,-0.0007316758783383979,-0.0023244358471949268,0.02126516536063025,3
21.23,0.035953671704671675,0.02258432074544775,0.018446849255607085,0.04629259444057615,3
21.24,0.00931380407847492,0.013918286715485428,-0.002685254340052813,0.01696102126575657,3
21.25,0.019089487603956862,0.023640337161640875,0.012103807896398835,0.03270743407377913,3
21.26,-0.0040960450819515935,0.009116155981476847,0.0010280324160811306,0.010046827152912979,3
21.27,-0.05329414255408708,-0.0363402714895866,-0.026915665593476884,0.06989516447403277,3
21.28,-0.025130136206710597,-0.02795150823069823,-0.009396896373918716,0.03874418949469436,3
21.29,0.007584554847304266,0.00024302409835489768,0.0031666175443490355,0.008222651617107888,3
21.3,0.04080470746192459,0.02653082972352261,0.012538845009096376,0.05026063778976483,3
21.31,0.035632152505701044,0.031219115205509282,0.02714424340874915,0.05459939007569425,3
21.32,0.007195765702234624,0.0017479341536947865,-0.001100900788538989,0.007486407709530294,3
21.33,0.0046321684605336935,-0.001966898035919412,0.007274067955870418,0.0088452098424564,3
21.34,-0.023129631209582946,-0.015549616537475547,-0.012171823846469372,0.03041255842745439,3
21.35,-0.03248850836016451,-0.027631277316759614,-0.010480261905970324,0.04391840788600933,3
21.36,-0.012550955999055324,-0.016914557408729994,-0.002238364588681481,0.021181100652593782,3
21.37,0.020791663256862172,0.016398038600514957,0.013281469401389375,0.029624084127459083,3
21.38,0.01683261446144292,0.009903437390536896,0.009156016829203951,0.021569599577473095,3
21.39,0.014025338341321783,0.008346576365831901,0.011939940542907472,0.02022220642727643,3
21.4,0.002150081316163674,0.0009581388729080092,-0.0052693058635094004,0.005771175274509352,3
21.41,-0.014476206842706599,-0.014284547037652747,-0.006475701740786585,0.02134346648647697,3
21.42,-0.049145976382660585,-0.03663603217701294,-0.009106965380790345,0.06197146655297963,3
21.43,-0.03621119035395831,-0.03153334612843979,-0.010456968831009664,0.049142145069576475,3
21.44,0.015838931102064458,0.010882581427372577,0.007054480768775902,0.020471150820028865,3
21.45,0.03341566938930166,0.01841537072805096,0.0218395075456396,0.0439624490858132,3
21.46,0.04191212018845893,0.03140359221768507,0.0028937590230310693,0.05245174224131979,3
21.47,0.011097151794658073,-0.007810009991054755,-0.0077487935813677486,0.01562647868141457,3
21.48,0.008815127133559149,7.157353168406062e-05,0.004175312132843694,0.009754220653538663,3
21.49,-0.029612144745746735,-0.013944280886966223,-0.012960612233304135,0.035203686672843515,3
21.5,-0.0664066425408957,-0.04871706475135313,-0.035670909814463934,0.08975304105451498,3
21.51,-0.025196598961432455,-0.010148634216315176,-0.007651759634188972,0.02822078668604449,3
21.52,0.015322278696197587,0.0168860367154743,0.009355297763185253,0.024646136748751428,3
21.53,0.03437511556652495,0.0047255480968706985,0.003879561801063013,0.03491461548973512,3
21.54,0.018985220966969855,-0.0058872077827713705,0.010016659687826147,0.022258286141208557,3
21.55,0.0036338260355173813,0.005591250671516005,-0.0021502097763289683,0.007006438311321439,3
21.56,-0.015349865046275689,-0.013243500286436534,-0.0014191340906196549,0.020322957421174695,3
21.57,-0.04348286220479022,-0.03246621632700358,-0.03312978040473652,0.06357984631767076,3
21.58,-0.05846658149865004,-0.030925841784809602,-0.028206036900128528,0.07190500232841088,3
21.59,0.0073043037592647716,0.005389289993663378,0.006505107223607696,0.01116752971941614,3
21.6,0.038481304940549056,0.031159586931564516,0.021046154423378226,0.05380214961956385,3
21.61,0.04049993663460827,0.013103647287025103,0.01756080510755703,0.046047066308893624,3
21.62,0.013897452936431957,-0.0011776132007543013,0.01606776668340414,0.021276726655273928,3
21.63,0.002275874851439082,0.0021181647450248895,-0.0018453078945773749,0.0036154376570850734,3
21.64,-0.019296188975523376,-0.008369981394734568,-0.007470235538144844,0.022320481995751682,3
21.65,-0.04388061004203394,-0.021365185970851096,-0.02323612047677401,0.05405456876195812,3
21.66,-0.01817052830794065,-0.015965522434840465,-0.01138732084061933,0.02673456716564287,3
21.67,0.032416170228101907,0.029740595739921376,0.01891190907807805,0.0478849812801488,3
21.68,0.05728616313750365,0.04256451493932482,0.014433047288190887,0.07281315315971312,3
21.69,0.0015174983281740512,0.0013834223195818638,-0.008986840307274641,0.009218457419697965,3
21.7,0.022324761790001414,0.01103284592380158,0.009242108296741288,0.026561913408626014,3
21.71,-0.014379288734043965,-0.010221654491659425,-0.015041166225184456,0.02318367629297594,3
21.72,-0.051687427025734055,-0.033662873359566046,-0.025645241552624983,0.06680162849553331,3
21.73,-0.03953601565597197,-0.015560223878785763,-0.01906070669617926,0.04656745259153617,3
21.74,0.01884993351973844,0.00582712829322026,0.007732108755652681,0.021191057634140108,3
21.75,0.02903591715983099,0.014102507512354572,0.02019960629203676,0.038078725002314295,3
21.76,0.027130247675613256,0.019008241297319366,0.0074332932990810304,0.033950219814124896,3
21.77,0.011360064873920057,-0.004255847888590517,-0.005536769594216415,0.013334884053861589,3
21.78,-0.009063846169197748,-0.015970274031192524,0.005135602576990895,0.019067704996644418,3
21.79,-0.023987339634495185,-0.014218940902155523,-0.01851904553686187,0.03347425564095456,3
21.8,-0.05152970142204302,-0.035821415787849954,-0.03135537357434469,0.07015442544613734,3
21.81,-0.032959254407972385,-0.04480795172546534,-0.021175201427078835,0.0595185193401049,3
21.82,0.016890531952053624,0.02046201708975577,0.010648063726431546,0.02858960430168541,3
21.83,0.03825565939627776,0.01664044047852866,0.02089401723787226,0.04665790063322581,3
21.84,0.015293586984795415,0.012577196939938789,0.006538872307241073,0.020852734515595637,3
21.85,0.010556748353113639,0.004085279666956833,-0.003906430132221769,0.01197475019055298,3
21.86,0.005145844592780412,0.01411274639891061,-0.0021447585832659825,0.015173968395693491,3
21.87,-0.05944895707637879,-0.05155840265300737,-0.027535536969677924,0.08337057741078242,3
21.88,-0.03229061367718278,-0.01784849872562204,-0.012608120974390078,0.03898996477188008,3
21.89,0.025953420177770387,0.005563195077896162,0.008867778851121378,0.027985114974768688,3
21.9,0.053666997096451646,0.038628035435516336,0.012785128100271817,0.06734783737803623,3
21.91,0.026012338064072233,0.021616286269682608,0.010160059567807599,0.035314761418900296,3
21.92,0.008586136756926118,0.014268517692228956,0.009941619976844769,0.01939453916199319,3
21.93,0.00629593888209243,0.0025817681997626326,-0.0008446116916593035,0.006856948472464736,3
21.94,-0.045634488531309476,-0.030665047639182683,-0.021703871563912805,0.059109303253298315,3
21.95,-0.046307637837490645,-0.026315096627099945,-0.015934560235760207,0.05559489043508291,3
21.96,0.0025075250206170983,0.0014141083391395683,0.0005012026633996565,0.002922086281006048,3
21.97,0.03323859481127657,0.02067470319092861,0.0014720457375533326,0.03917160266972318,3
21.98,0.02979559269247778,0.01840774499531987,0.015227599847696508,0.03819034193130935,3
21.99,0.025807505802126436,0.030493608791588314,0.018248253549154138,0.043919087996626686,3
22.0,-0.012828117836369227,-0.013840579921648756,-0.012295649322858319,0.022523437838439034,3
22.01,-0.008013284093912797,-0.007546965854584343,0.002628960996228486,0.01131728110014541,3
22.02,-0.04966271383730619,-0.028710264893932587,-0.024760629690030202,0.06248002271616702,3
22.03,-0.038806234773557005,-0.018812061570609794,-0.023710089170608104,0.04921367539937478,3
22.04,0.007376049709120236,-0.010241534657888995,0.006497113854413436,0.014195338315706504,3
22.05,0.020114912946022374,0.020145755573630426,0.006505419041404052,0.029202425710251917,3
22.06,0.014762323401790184,0.006929301828115318,0.0024546320527345632,0.016491410932921304,3
22.07,0.008283587177292677,0.009164565126485077,-0.008115141729246251,0.014780480227893408,3
22.08,0.0035469189376465095,0.003994434613854784,-0.003467329038262145,0.006368556547144144,3
22.09,-0.018319383127882963,-0.01612382308258599,-0.01433068231730722,0.02830098805102531,3
22.1,-0.045926106464833735,-0.028330045077086446,-0.020684742891516273,0.057789768104545336,3
22.11,0.002787667489618199,0.007368909729933492,-0.012270619738371093,0.0145821819150731,3
22.12,0.037170017981851274,0.024322835967671128,0.0124030601247354,0.04611991421001545,3
22.13,0.05114795614166738,0.01921041861832398,0.019614305265454362,0.05805062077194015,3
22.14,0.0012255999932997141,-0.00124419467943726,0.013534265058073178,0.01364648109975963,3
22.15,-0.006738042140492106,-0.012841208943089068,-0.005374758332045135,0.015465635652471797,3
22.16,-0.0015417761960739938,-0.00170583009068038,0.0038421231713403376,0.004477593170532731,3
22.17,-0.050836593687752445,-0.04603118623082608,-0.017930362601690644,0.07088531065473813,3
22.18,-0.026335830192952513,-0.008884720509760777,-0.009494511269382203,0.029371073435150757,3
22.19,0.024919644252976218,0.007873851102551474,0.013116078664122842,0.029240686045363232,3
22.2,0.0506247603472459,0.03048338858134572,0.028510279126595223,0.06561203666625333,3
22.21,0.012061470890369273,0.001719962007267312,0.0040647699802721995,0.012843663976381132,3
22.22,0.013260201797100909,0.0009308769559858553,0.015912429719954525,0.02073414823906484,3
22.23,-0.006467222466291003,-0.014397497651364357,0.00393631826031245,0.016266760786831855,3
22.24,-0.027196653338948683,-0.021984377985981466,-0.008394191821577376,0.03596433350705795,3
22.25,-0.03610575741710705,-0.025467108302216608,-0.015709784757969764,0.04689346074967756,3
22.26,-0.005091634004944594,-0.013196038117644278,-0.0006493409763019583,0.014159159669490759,3
22.27,0.03813202632597235,0.03854554025408487,0.009445372959911574,0.055036580340313244,3
22.28,0.03269244100475139,0.016906713737208798,0.006203435710459381,0.037324459578872364,3
22.29,0.014829410756924755,0.005622701421494854,0.0003110200696184312,0.01586262677353853,3
22.3,0.01212144632960703,0.0008410930870102326,0.006665147788127772,0.013858610815667805,3
22.31,-0.026565000423666375,-0.024037796671651304,-0.012143596061423031,0.0378283206293916,3
22.32,-0.03652832706706324,-0.020082153750146076,-0.005212085518966958,0.04200925389744355,3
22.33,-0.02089902010561257,-0.0037764481993431444,-0.004606171765209162,0.02173125446695912,3
22.34,0.015602484290561823,0.010995956239694706,0.0031325675036961986,0.019343255900383546,3
22.35,0.039151931059415744,0.029586844466873576,0.010553745795395034,0.050195982125086754,3
22.36,0.011266234813949498,0.005923673086859689,0.00596608088453259,0.01405745605875468,3
22.37,0.0011596260868295943,0.002608080715092424,-0.0015420719321793568,0.003244195358129362,3
22.38,0.023175545482211915,0.01636595718426277,0.0031211179406469974,0.028542807152672,3
22.39,-0.03905586640291837,-0.029853905115766192,-0.022145982835012637,0.05391716708871538,3
22.4,-0.04578213888709772,-0.03247154823370642,-0.020552840151323824,0.05977311204929267,3
22.41,-0.004594154368175268,0.016842869518674048,-0.00866987143919045,0.01949243901500768,3
22.42,0.03468806787554152,0.021538016475569098,0.018179929875224224,0.04469516816064273,3
22.43,0.029174001433108006,0.03115316079589501,0.020427891464968272,0.047317444319176845,3
22.44,0.01916709416292957,0.017357008526523814,0.006426664390690851,0.026644797969416153,3
22.45,0.020072723536505493,0.012529329836416145,0.007815016400699768,0.02491932618803919,3
22.46,-0.005067955343571427,-0.003930880030614375,0.0024846544563709447,0.00687818994700503,3
22.47,-0.04183235324105716,-0.023758064926145545,-0.022986722663173403,0.05331773481228533,3
22.48,-0.04602395453514655,-0.027191030302560246,-0.022190982925942442,0.05787915206002465,3
22.49,0.030966289465064516,0.03196216126469198,0.0013635779636186531,0.04452359128380379,3
22.5,0.06792753503417366,0.04959817802369735,0.02986533660480978,0.08925282970084399,3
22.51,0.024288775418394297,0.01301465074616001,0.01851954630396485,0.033200893672827796,3
22.52,0.019405687797289704,0.014964344073206983,0.01716932111193784,0.02992152903633165,3
22.53,0.00013804802318308045,0.004226777175527168,0.003917916938465536,0.005764961030655571,3
22.54,-0.03372825048103443,-0.030613528074208106,-0.012764733260631213,0.04730456000087932,3
22.55,-0.05664581556915971,-0.05823056009967498,-0.023811813439877892,0.08465547241798763,3
22.56,-0.006440461803882734,-0.008814258213239376,-0.007396148532891262,0.013186118049582288,3
22.57,0.024790334156803977,0.0227144491853559,0.015487764460913966,0.037018613120926976,3
22.58,0.028085716468550757,0.028741441391161006,0.00861199525830244,0.04109798517108095,3
22.59,0.02318146130892059,0.01480690556281621,0.010188999401752163,0.02933326285246914,3
22.6,0.025645100786943632,0.023949105044253134,0.008989712366811103,0.03622217214954349,3
22.61,-0.010088157639904892,-0.0042809735930985264,-0.011370023043536293,0.015791614340621565,3
22.62,-0.037365263348496436,-0.00173401466455406,-0.02863175259894018,0.04710569996132419,3
22.63,-0.0372380488452992,-0.012856725181039858,-0.018122570736592042,0.04336352423741013,3
22.64,0.01965155129362551,0.013520533553544439,0.005534322800484702,0.024487078728963982,3
22.65,0.034833733496960805,0.022719329071301864,0.016414658052976698,0.04471015434757013,3
22.66,0.03134165576495658,0.03480755712606058,0.012255666165426237,0.04841556332762617,3
22.67,0.015296938306996286,0.018696789331373302,-0.01123145785733072,0.026640418511554975,3
22.68,-0.015859778792269387,0.0030464909832971284,-0.014988425182759071,0.02203330615477838,3
22.69,-0.03583371770459903,-0.025092120775855865,-0.010910288087209325,0.0450855213534116,3
22.7,-0.03831435338562404,-0.027397945820321682,-0.023288415176480077,0.052545098648340845,3
22.71,0.018673115848368192,0.0020880256945069228,0.010206779642151985,0.021382784137032967,3
22.72,0.04822328796532664,0.03644105219214844,0.03086196458559198,0.06786675655385364,3
22.73,0.03993593365063146,0.04108116701010514,0.013064556637312832,0.058764136338325806,3
22.74,0.013439604430710473,0.002217767731494971,-0.0016079431728965293,0.013715937525816362,3
22.75,-0.016951863766024915,-0.010842727014902208,-0.008745310336294757,0.021941077164525504,3
22.76,-0.016385520468854855,-0.024432802266295097,-0.006709315937981482,0.030173863325314985,3
22.77,-0.033626538838361045,-0.013530325496907804,-0.01930305230501622,0.04106606446435145,3
22.78,-0.04154424845587483,-0.02838077610805042,-0.018310997912969314,0.05354143887520684,3
22.79,0.025961991405410414,0.015709819229373364,0.018382925858692625,0.03547894278414146,3
22.8,0.04696364279153214,0.03592711425026381,0.03977015265016488,0.07126013138087492,3
22.81,0.015304165251704771,0.006477731795214516,0.0129668247074435,0.021078828863477877,3
22.82,0.004203268301599618,0.009077112159027288,-0.004749819349536243,0.011073491473605878,3
22.83,0.0005115796132817551,0.003043657668992738,0.006147656865829201,0.00687889894145282,3
22.84,-0.0412421255325595,-0.043029972253609786,-0.020705663307486383,0.0630968772887598,3
22.85,-0.04389922422603113,-0.03996032511649891,-0.016074611706634878,0.061500915542638354,3
22.86,0.010990805405760936,0.006903451416128224,0.004692847705700175,0.013801386325693589,3
22.87,0.057440201476728875,0.05921108335714905,0.031046444810249877,0.0881431272043961,3
22.88,0.010857817295770452,0.002578238787007368,0.016646859297986615,0.020041393069298467,3
22.89,0.00558189540032208,0.007123595269578808,-0.012560077352755574,0.015480914344188648,3
22.9,-0.0037344542889445574,0.01063148382947187,-0.006598557876118719,0.013058160793045346,3
22.91,-0.019294000151247687,-0.026785765073884908,-0.0018479269999301731,0.03306282635569393,3
22.92,-0.06141573430817723,-0.05097720808384696,-0.023654224971938996,0.08324716525900178,3
22.93,-0.022395805290069636,-0.026124596439914487,-0.014669370769252576,0.03740664476406439,3
22.94,0.03342390528965631,0.01702840852919908,0.014148206038215712,0.04009109472125972,3
22.95,0.03999147874831871,0.024743818778900657,0.011325879308279345,0.04837200101655931,3
22.96,0.022676167349694725,0.027100906357494448,0.002255822464522571,0.03540842309480174,3
22.97,0.006128209045511543,0.016215582581172464,-0.004458335163428615,0.01789907307604998,3
22.98,-0.013372968643302226,-0.0025061086025709453,-0.0026967882128469786,0.013870455555877575,3
22.99,-0.007565935978780858,-0.001104979637651952,-0.004202415114517595,0.008724944700647795,3
23.0,-0.05147357143649464,-0.03232844674449891,-0.02147088673843467,0.06446437778086832,3
23.01,0.012640022500972617,0.02178073841682248,0.007170970534097622,0.026183841452469058,3
23.02,0.04350344538167725,0.03974094225043544,0.018615782098696992,0.06179352388539747,3
23.03,0.046055949271545306,0.029752375271166337,0.02122457692828343,0.05879487191383349,3
23.04,0.016730312253705623,0.012859675884322182,0.009001539899883582,0.02294128009779546,3
23.05,0.02814468165614458,0.02341767210835115,0.012205874767508201,0.038593961332571994,3
23.06,-0.02738706376958099,-0.00926685388927194,-0.0020343283007929983,0.028983863347725358,3
23.07,-0.044938863022401916,-0.02222735632543013,-0.023368950099811735,0.05531423512741844,3
23.08,-0.018228700134629697,-0.008430380309634278,-0.00456745995860576,0.0205965655204159,3
23.09,0.030819691460424806,0.012435952339852443,0.015524887777503145,0.036681445348008435,3
23.1,0.05004428153023387,0.027325618106219526,0.018046715320310353,0.05980638304241934,3
23.11,0.040527392516315736,0.03660872013349701,0.0143043837744102,0.05645603005126949,3
23.12,0.016360396794149364,0.01592345852166159,0.006977622451073597,0.023872710981847376,3
23.13,-0.01858693382539431,-0.002918542677215417,-0.011754765801168732,0.022184826333073712,3
23.14,-0.052528049435749735,-0.02772409338811948,-0.022699421444612483,0.06358525824149706,3
23.15,-0.0449851199129333,-0.025230220341897834,-0.019672542315152808,0.05520175679471788,3
23.16,0.007721243165110158,-0.005751152776814459,0.008137347781568976,0.012605942376325006,3
23.17,0.054609110936026425,0.044769609577302895,0.026605125969351027,0.07546062328640288,3
23.18,0.05732673853776324,0.03959658489762331,0.02788032825812357,0.07504370187239222,3
23.19,0.00840960480057703,0.0055952121298569885,0.004846578359749768,0.011203444714782225,3
23.2,0.0029042749422799213,0.007077440095773808,-0.005999187078221512,0.009721893686372104,3
23.21,-0.003445788189033794,-0.0035587443018871784,0.003503997435105005,0.006067628472073888,3
23.22,-0.04371327259252732,-0.054185529031469976,-0.02380051802672998,0.07357571892621624,3
23.23,-0.013373763969070113,-0.003960671919885056,0.0003605534503635325,0.013952579816934681,3
23.24,0.043143707525238974,0.03142153181775268,0.017692428414128224,0.05622912220537022,3
23.25,0.04463804872910425,0.01961950152475247,0.03276921309991329,0.05874777920576384,3
23.26,0.027193230303581836,0.016315362659519498,0.00958010153673754,0.033127649758313456,3
23.27,0.012482644404607553,-0.0019192260104853674,0.012488313097454982,0.017761131828553874,3
23.28,-0.019399796197986346,-0.010701783830019414,-0.005407663867633746,0.022806207448262457,3
23.29,-0.036073015443767495,-0.03525471645272531,-0.004739744695725934,0.05066184614825057,3
23.3,-0.04191689463831584,-0.01860633210068268,-0.023996806946951096,0.05175971787026863,3
23.31,0.0015922165730264946,0.004321731897321555,0.007682317403895244,0.008957149150368021,3
23.32,0.042999284346541385,0.026881741934920222,0.02097680495399061,0.05487798146659671,3
23.33,0.028102766331453585,0.013075431760271969,0.018541290235058076,0.03611802645187677,3
23.34,0.01988097730691456,0.014493524511972593,0.009350070836687617,0.02631994179530567,3
23.35,-0.0019820487578343076,0.00389319771579505,0.0010396048141697745,0.004490688577751667,3
23.36,-0.024716263347967813,-0.019452880165860463,-0.01194183877259716,0.033643955384349944,3
23.37,-0.03714467691184662,-0.022436669169825334,-0.02458188679930261,0.04987384389572745,3
23.38,-0.03261437170384008,-0.019852303768871548,-0.02209479831920551,0.044113391609965365,3
23.39,0.03178546179792731,0.013053797529362966,0.014721368981211536,0.03738229415546986,3
23.4,0.03229835415250551,0.01802246094965208,0.01984790191996362,0.04197537361676367,3
23.41,0.03320867163030511,0.03001115714903215,0.011783634401438479,0.04628541308641524,3
23.42,0.01482951200033774,0.019401921838379937,0.013748283695815149,0.028024351942041087,3
23.43,0.01099591086797766,0.0008054385947694424,0.011142276836126463,0.015675111490491344,3
23.44,-0.029686274629440748,-0.026121875698094904,-0.00616064493470398,0.04001975558861889,3
23.45,-0.04392190587240451,-0.021370631481939836,-0.02334939569126529,0.05413900612819299,3
23.46,-0.007024144787080546,0.0020748012206140507,-0.001968316616848869,0.007584041165440477,3
23.47,0.047785786365121125,0.03070115599052426,0.01965386627798947,0.060102552502872886,3
23.48,0.021676165745089467,0.013798826207227811,0.004165053362374788,0.026030970700634593,3
23.49,0.01841077362394502,0.00918697921201184,0.011449962654543505,0.023546949213529303,3
23.5,-0.006065599376473089,0.006832329632544625,-0.01232870178588265,0.015345002825964033,3
23.51,-0.026597427537321437,-0.0053621208557216304,-0.011311132230268521,0.029395870526403006,3
23.52,-0.06914834752508378,-0.05145017006919742,-0.030002682354205938,0.09126212201152502,3
23.53,-0.027197437799085646,-0.022155556554279757,-0.014651279445716143,0.03801617153872133,3
23.54,0.031992348729364836,0.022163911544706576,0.012179539909681207,0.04078100715522345,3
23.55,0.028919290848618256,0.019492703274434368,0.021472169811725478,0.04095540184829951,3
23.56,-0.0003878128174450608,-0.0014603519540916305,0.003103562628977788,0.003451829602280715,3
23.57,0.019628574572673495,0.01856547403135878,0.020788569484963722,0.03408991620692586,3
23.58,-0.007084088044332677,-0.0074017447088408315,0.007964557300382428,0.012977068280077185,3
23.59,-0.04162610707298763,-0.025246716061924353,-0.013775808062023437,0.05059547756198147,3
23.6,-0.05143454704212998,-0.029180345395490366,-0.02163974581682109,0.06297049932981176,3
23.61,0.0035519488855912944,-0.006211293970704164,0.000527891435739158,0.0071746207596141195,3
23.62,0.04049790314136081,0.02451530024195533,0.014441225323648024,0.049493727821297004,3
23.63,0.034793341099409625,0.02949856630503559,0.018086931006670602,0.0490701444072922,3
23.64,0.007078179665467439,0.004023031527538027,0.0012209587799902558,0.008232627186423359,3
23.65,0.005900923380244249,0.014301497515670645,0.0059017485335278504,0.016558513329500476,3
23.66,-0.025021072516094513,-0.027191694230738278,-0.014062500180295522,0.03953727628851584,3
23.67,-0.04645491247973918,-0.02898605822569004,-0.026613122867737284,0.06088110358507475,3
23.68,-0.033985182229121697,-0.013807420244747726,-0.010597135019712572,0.03818293775481003,3
23.69,0.014496622855474893,0.017290303728461777,0.004093310985687753,0.02293167835248629,3
23.7,0.04321974728326219,0.03237239594870618,0.0178565283297323,0.05687507519713174,3
23.71,0.013163673600116377,0.014750094662148838,0.0007151448747435545,0.019782796247867097,3
23.72,0.015701182859052202,0.005608956325344123,0.004632077600938025,0.017304440965663245,3
23.73,-0.03464346620798509,-0.02055049434930022,-0.017230249464870367,0.04381066155088383,3
23.74,-0.05683715431032413,-0.035836838139813997,-0.025471451935269805,0.07185774795834882,3
23.75,-0.058807407062124506,-0.038192137543053215,-0.02304086003659283,0.07380942844043549,3
23.76,-0.0008544072836957801,-0.0009648072101074545,-0.00723104678847854,0.007344991655289578,3
23.77,0.04328103679831907,0.03738813730514159,0.024741300062430624,0.062315751510070065,3
23.78,0.03063735915732996,0.02308848970170025,0.010879363556354264,0.03987589101489868,3
23.79,0.010046326024534204,0.011949734503712315,-0.004382995597775408,0.016215285125786856,3
23.8,0.008057060882796663,0.0036280113425718897,-7.958052549525982e-05,0.008836573398719695,3
23.81,-0.0033895755338397976,-0.0025214476903298484,-0.000171116006191008,0.004228025714473581,3
23.82,-0.043596149541647165,-0.03622089323626006,-0.0071648556617862225,0.05713066180558774,3
23.83,-0.010808098830966666,0.0009457421504579962,-0.008775442660751021,0.013954132808857198,3
23.84,0.019879076105426427,0.011191616685621374,0.005455459517340045,0.023456171669489264,3
23.85,0.033563132814273866,0.011530096753745143,0.009691943122022328,0.03678805209493739,3
23.86,0.02689689418981981,0.01406916740279432,0.019859085196960155,0.03627351173137686,3
23.87,0.0008022244344305079,0.005147343201046921,-0.005331206467331486,0.00745388948602529,3
23.88,-0.025183462566246373,-0.02510145065350932,-0.01480380363323764,0.038515480183266,3
23.89,-0.054250142464883196,-0.04138521065779763,-0.013469732852335792,0.06955032222616732,3
23.9,-0.04848459267933876,-0.0310673037737558,-0.02090871216381885,0.061262609603261575,3
23.91,0.006879840735845529,-2.2770276520560004e-05,0.013328454507224793,0.014999347538718252,3
23.92,0.027765085348293892,0.01875157843584368,0.008614030289016092,0.0345936869392918,3
23.93,0.027419237362336143,0.014390760960325297,0.013515453927767903,0.03378721760404325,3
23.94,0.004671484170162022,-0.002004713575632492,-0.003133276209756756,0.005971520801188524,3
23.95,-0.013343824403384264,-0.013453517005653191,-0.0022052707643097475,0.019076634626518176,3
23.96,-0.051793788220607026,-0.043001504964370836,-0.022559888333657015,0.07099770763249313,3
23.97,-0.05623710833008928,-0.03992490258217783,-0.0187369013236134,0.07146804650147794,3
23.98,-0.017205925958140265,-0.01462789078719397,-0.0027132623066132584,0.022746007766277748,3
23.99,0.027462199209846022,0.004969130917707966,0.011300206193809916,0.030109123327343966,3
24.0,0.032741567157230436,0.01873684602895209,-0.002335033588621232,0.03779592571804635,3
24.01,0.013383478952251594,0.009573370831767042,0.010075971398956933,0.019294873349687672,3
24.02,0.008743681146505733,-0.013227913638135,-0.005696065671478307,0.016848585203022577,3
24.03,-0.010113337623724173,-0.0034981118814802225,0.004579493185320377,0.011639937390775939,3
24.04,-0.04568114960136616,-0.03331725650053014,-0.021005696566671936,0.060316219194140534,3
24.05,-0.03517288601899662,-0.03864886143531336,-0.010461085874986502,0.053294471747407555,3
24.06,0.016008584623638127,0.01899937657576701,0.003815410964326261,0.025135800220933653,3
24.07,0.05061270587250751,0.03969029610642808,0.01729232414390275,0.06660322871340922,3
24.08,0.033724217921068764,0.026579145596632246,0.012300840163192567,0.04466636904601853,3
24.09,0.008334760421233175,-0.002202330119259222,0.0067137464611850915,0.010926704936925253,3
24.1,-0.003511431973852629,-0.007913836525604371,0.006842438689475856,0.01103530381458619,3
24.11,-0.02837508730459584,-0.026321507792776064,-0.006104318999958,0.039182011975929146,3
24.12,-0.06276598464571488,-0.0366367866938471,-0.03774607398151771,0.08189376697169802,3
24.13,-0.01289670894355269,-0.01906455903872855,-0.0100249588648493,0.02510542397884965,3
24.14,0.03960098505278327,0.01986442131136644,0.010194079014345794,0.045461549667130334,3
24.15,0.03156378396905978,0.03665008393351892,0.01885369460622495,0.051913032189270666,3
24.16,0.019072580713730747,0.025487008334885333,0.0106130003034938,0.033555725359262434,3
24.17,0.01680735243837598,0.027259630342591094,0.0062277761402497606,0.03262452663343271,3
24.18,-0.012870769453730061,-0.011420759221924376,-0.015646861369552945,0.02325757335265762,3
24.19,-0.04393274774543766,-0.025351444792475964,-0.01738756163698049,0.0536200464118599,3
24.2,-0.026320589257139135,-0.01894916111451381,-0.018730112019887387,0.03745211905973226,3
24.21,0.005973645503112534,0.0057000846756799966,0.0006551240814562831,0.0082827889909669,3
24.22,0.051658218621649474,0.052755437910470965,0.023971614806557993,0.07762954396827074,3
24.23,0.024501221487800706,0.005905347755069283,0.006026010587636505,0.02591323580923224,3
24.24,0.007317002037190775,-0.0003192497876382122,0.009657991799014262,0.012120942406801038,3
24.25,0.01365998962722915,0.004925740780051593,0.005730880027774503,0.01561093285941029,3
24.26,-0.04573078165374894,-0.04622314223833497,-0.01567705802002569,0.06688537521171171,3
24.27,-0.040541716394282445,-0.04454696556911607,-0.0226240420803493,0.0643421338600443,3
24.28,-0.030820210909838545,-0.02021344369821122,-0.008265794420550603,0.0377729011868362,3
24.29,0.02357369368860092,0.009024859526391068,0.015304768865183803,0.029519537151042424,3
24.3,0.036643903573864656,0.02288153335352964,0.0190572643491836,0.047217788620540505,3
24.31,0.014379625990388854,0.012005086582749165,0.0055485440894293995,0.019536685721869833,3
24.32,0.009223416614870012,0.008231057100146735,0.004194406006332374,0.013054300317646032,3
24.33,2.02104287112502e-05,0.009383150058234986,0.003549974885912369,0.010032259723880381,3
24.34,-0.040271546131642445,-0.03758669873140333,-0.01929411428524246,0.05836797234280354,3
24.35,-0.03604562104584354,-0.018671758706305077,-0.009260517540933716,0.04163746575973349,3
24.36,0.032098709631706836,0.02450535315478346,0.012382217122083513,0.04223930390193123,3
24.37,0.04717837831014768,0.024030802746651057,0.02740529092288356,0.05961819211609615,3
24.38,0.006426199781778132,0.0012167268638303553,0.0015806030251694914,0.006728653195080477,3
24.39,0.00512710464166593,0.0075337305835533625,0.011985551770884957,0.01505648530583161,3
24.4,0.005765861019971366,0.004601581864716094,-0.0008693238953890545,0.007428016760509072,3
24.41,-0.027055662052629242,-0.01589667319084876,-0.020573879946353336,0.037523294147631704,3
24.42,-0.047158392394647156,-0.034326566824856096,-0.015381003225194673,0.06032248688045176,3
24.43,-0.007692869881094008,0.0005253835580912598,-0.01025869613070319,0.012833437621801128,3
24.44,0.0369506944286074,0.019343268861623773,0.011112627495669242,0.04316255737171844,3
24.45,0.036537068358898396,0.025680654975683878,0.02442182556274474,0.05090067748134659,3
24.46,0.023387350405048437,-0.003264524864290356,0.013663112993240412,0.027281970937308473,3
24.47,-0.00454586861421096,-0.020107654159864485,-0.0034334869794980225,0.020899079168919532,3
24.48,-0.024883952692765936,-0.021676735746817118,-0.004751580435671352,0.03334170797799367,3
24.49,-0.06819308139706207,-0.056008859900882155,-0.02711470090797018,0.09231736425587364,3
24.5,-0.05285403303577369,-0.03950892025449933,-0.019972437475083513,0.06894491893184851,3
24.51,0.010712800173340833,0.016244373149980316,0.006243540709442585,0.020435888705417234,3
24.52,0.043767751910703666,0.02960297438608043,0.02606919284116463,0.0589199033876471,3
24.53,0.02729567608507371,0.03171315634659033,0.012569049344758722,0.04368934904339417,3
24.54,0.0007788923428985869,0.00596739006522471,0.004317836340752829,0.007406762324922705,3
24.55,-0.0017368566026596988,0.0052811333244826685,0.00407995455530355,0.0068958733473365175,3
24.56,-0.026999301300333203,-0.020974065860630345,-0.013355019397366295,0.036704635300412174,3
24.57,-0.053420834823342034,-0.05502532657994298,-0.034029117152210346,0.08390204391199912,3
24.58,-0.01284298912611214,-0.0032257710002118016,-0.008473045076259664,0.01572070167338501,3
24.59,0.03681786449338903,0.02493798897190167,0.017867779716127904,0.04792406485055621,3
24.6,0.03470646065219671,0.02286507932390307,0.007503880011220362,0.04223338109497806,3
24.61,0.025961211131952662,0.011417907316828284,0.016873822649540432,0.03300119667135796,3
24.62,0.00449203642790038,-0.007236416789809271,-0.003789459954762349,0.009322238249163393,3
24.63,-0.02475004001818415,-0.027873824248521695,-0.0151159792050801,0.04022446253795825,3
24.64,-0.04202737347996734,-0.03821027890209634,-0.01775569789022834,0.0595112623204189,3
24.65,-0.01599784883223996,-0.009245718013224193,-0.012021916947421482,0.022044068497669832,3
24.66,0.01974103776051802,0.008980491406268176,0.005191201453741717,0.022300367043920712,3
24.67,0.052160831247451724,0.03831065023032915,0.01649045576068483,0.06678617647905034,3
24.68,0.02359152473506895,0.012373705097247938,0.010691495115899004,0.02870499407720409,3
24.69,0.0072818460256548105,0.0013747199864057786,0.006636904480363364,0.009948046927102603,3
24.7,-0.028366194821648195,-0.006830180875785517,-0.017601278622010233,0.03407487914263646,3
24.71,-0.029990788247818714,-0.012582542755240584,-0.011293146383755273,0.034428228492878965,3
24.72,-0.06557146088220274,-0.06214892310531056,-0.03388924256746054,0.09649137726850118,3
24.73,-0.00858635013580654,0.0018773785369876044,-0.005715985345699975,0.010484390649821455,3
24.74,0.03908761680051126,0.02965722401180151,0.013039121731482372,0.05076821268035937,3
24.75,0.05112558346894944,0.03358421680504493,0.03425018456739625,0.07010563491153536,3
24.76,0.014604032773765265,-0.0019874011938809336,0.005039717896189005,0.015576466005991767,3
24.77,0.00020129386270036293,0.014254931906823634,-0.00493457357654204,0.015086206258355552,3
24.78,-0.00903604197097585,-0.009002409274372163,-0.010583380721865647,0.016574117615984763,3
24.79,-0.048955178453557124,-0.03252976224835363,-0.029908518622063354,0.06594933218403616,3
24.8,-0.008950063945479324,-0.011615245757570296,-0.009885420868196732,0.017684431695089983,3
24.81,0.036099159012834274,0.027522406413488392,0.0169326190803717,0.04844941408463149,3
24.82,0.024106971203063952,0.00965124916552373,0.00673883470004822,0.02682731004321811,3
24.83,0.007478846986165083,0.012441111428257007,-0.005986041393463136,0.015701818282512117,3
24.84,0.020943114693323894,0.013824220220215606,0.0036589631556861197,0.025359635824069037,3
24.85,0.009200586271184825,-0.0016939434407809368,0.004955280315284991,0.010586549726758494,3
24.86,-0.04700854878577211,-0.040757527421103834,-0.024638928572070756,0.06691828226729936,3
24.87,-0.055893056049336684,-0.03727247749928953,-0.026237652921613522,0.07212271295718424,3
24.88,0.020610476084097603,0.014227130973175593,0.0009687830938602641,0.025062751661060704,3
24.89,0.044097673841599946,0.028861492570851854,0.008720148322512732,0.053419393280194474,3
24.9,0.05137344885414247,0.04427501913198799,0.02465182350973804,0.07216107654866553,3
24.91,0.008663539628023756,0.0010095517093401708,0.01039796263286396,0.013571799455289814,3
24.92,0.008346892487516532,0.009239968838119776,0.008256542967136647,0.014940486608399275,3
24.93,-0.02420701876626071,-0.007821473200703982,-0.00658443038635797,0.02627755551972487,3
24.94,-0.041874909613749754,-0.03568364703076524,-0.022637417010769396,0.05949187650003506,3
24.95,-0.025229674241507197,-0.011691014664386875,0.001688577452203634,0.027857989518764115,3
24.96,0.014344583171385804,0.006206186870488677,0.0032190606277383875,0.015957636828718914,3
24.97,0.046813586889421534,0.04160268644146373,0.016000542934429447,0.0646398701328885,3
24.98,0.020102228752083343,0.02509512560659385,0.0010702612611127107,0.032171577349872776,3
24.99,-0.010306382847816414,-0.007140787507334142,0.004153497605528469,0.013208478943080252,3
25.0,-0.008633237833135413,-0.017253287377315314,0.0002894484495927778,0.019294882772711533,3
25.01,-0.04391638645346206,-0.026651689587350775,-0.011570783849843794,0.05265780659968789,3
25.02,-0.04913750354485347,-0.046684601553263386,-0.024981397339511647,0.0722358393724473,3
25.03,-0.017249510763938068,-0.013431802328659408,-0.011470296045954554,0.024688593049690705,3
25.04,0.04038814060422636,0.02137401611982721,0.02123449790143876,0.05038803794238865,3
25.05,0.051700671566950726,0.04189114257798629,0.02329180185962417,0.0705006049678361,3
25.06,0.007630189752740223,0.0214490907880681,-0.0033519333458814976,0.023011274376984036,3
25.07,-0.0041683905279319795,-0.013044467026857397,0.00442041068327535,0.014390053169357566,3
25.08,-0.024714674571713564,-0.017287582749419217,-0.010851258024519285,0.03205347808301645,3
25.09,-0.040533560377551944,-0.038369093476158043,-0.009374634069729758,0.05659541160733916,3
25.1,-0.01873559146241505,-0.007542838615152091,-0.007600368449710255,0.02157967567856617,3
25.11,0.03462002430841754,0.011624564465471431,0.011364810145679777,0.03824703245710272,3
25.12,0.04048230238661745,0.03766851181167298,0.021364241882030833,0.059280388155119226,3
25.13,0.006906991180996157,0.007752658675605248,0.0022460037724519877,0.010623312885379238,3
25.14,-0.0013455659956515664,-0.00022081836724572386,0.0027477311978141273,0.003067463990890181,3
25.15,0.004317898285765327,0.00685114187289494,0.00036920125986687736,0.00810670710825529,3
25.16,-0.04246188947281323,-0.04094071705485439,-0.017031503731011574,0.06139402650019392,3
25.17,-0.04141085218068899,-0.026657201571561356,-0.01559301798189383,0.05165856447619689,3
25.18,-0.004743160580840558,0.011068058445995888,0.0010130849625549416,0.01208411482902143,3
25.19,0.040594887427762606,0.0184270437332232,0.028356041238941594,0.05283527137020681,3
25.2,0.03307327889059462,0.013144366364427788,0.017624977707164396,0.039714682207911405,3
25.21,0.010423997062521194,-0.004014931521388126,0.009122628802574478,0.014422265638603663,3
25.22,-0.0011116927141624597,-0.00826653344576018,-0.0006900098774348458,0.008369441410963532,3
25.23,-0.024216700869563172,-0.021166386142417358,-0.014157836373238288,0.03514126967124564,3
25.24,-0.030405991524431363,-0.023768989189116407,-0.013876455767283382,0.04101274426708724,3
25.25,-0.028892350540743857,-0.021870654681666726,-0.015456414616620168,0.03939535770588715,3
25.26,0.03926991342291283,0.0320929491236385,0.016547259896999303,0.053346933311994235,3
25.27,0.041829804988835276,0.029933497854273263,0.01041740564061866,0.052481132033112284,3
25.28,0.0331134964317608,0.029205996381391524,0.012204401037018447,0.045808746711064545,3
25.29,0.005199815876660709,-0.004206246307013634,-0.0035726906552729152,0.007582526733531048,3
25.3,-0.004141134722073213,-0.006916811422339203,-0.004235563365115249,0.009106660971973693,3
25.31,-0.01674638362192932,-0.0014485256969164386,-0.010413424747513602,0.01977318907206368,3
25.32,-0.05264187163540561,-0.022018366071265318,-0.025990501478227533,0.06270152518732314,3
25.33,0.013188038980960373,0.005496012481492198,0.007702331621797149,0.01623134121914097,3
25.34,0.031231564084588312,0.01133854127108374,0.014378660444977442,0.03620385324130257,3
25.35,0.03828700799807146,0.02094991808832642,0.023343517329047374,0.04949458405364681,3
25.36,0.0005268501535600819,-0.0030640522091307074,0.0009323871758383467,0.0032458177506219997,3
25.37,-0.011663473085720015,-0.007511310313348341,-0.009195357369373668,0.016643646961985913,3
25.38,-0.012587632862122637,-0.006916628320562704,-0.00819442556608299,0.01653592630470015,3
25.39,-0.052260576156065934,-0.025172132023846425,-0.011948612640001799,0.0592247701119281,3
25.4,-0.017427104821278988,-0.02200323703985258,-0.0037654780790267557,0.028320050279747332,3
25.41,0.0463199780731704,0.029397403842388606,0.01198577088223495,0.056155199447717234,3
25.42,0.04862512957438616,0.022237271439542787,0.026628438311963404,0.059732513710171194,3
25.43,0.03408315225916121,0.033709266556841186,0.01377307056260221,0.04987658160343146,3
25.44,0.01287114454306654,0.015078043118240805,0.002987965797892951,0.020048483377388387,3
25.45,0.0028307134119500126,0.015515696039465468,0.003811733953937179,0.01622587679434537,3
25.46,-0.018351204846588146,-0.009952244804926857,-0.01270442025358447,0.024438007078285272,3
25.47,-0.053370570635295336,-0.03241682346615099,-0.018752747943554866,0.06519918564680964,3
25.48,-0.010361929879060656,-0.0008353414943939432,-0.004722419673608059,0.01141790846891438,3
25.49,0.03943766711640616,0.02214935747208722,0.019292989497127395,0.04917461812507584,3
25.5,0.044103450220866244,0.03599917475548614,0.02325479872642531,0.061496671196634774,3
25.51,0.0040929048348385235,-0.004772874351059195,-0.0012146104183601114,0.0064037081465688475,3
25.52,0.003349294307810633,0.0075983582250672916,0.0003111347323779114,0.008309610393903696,3
25.53,-0.019256386762895875,-0.011207961386105022,-0.015340232085680614,0.027050869672474442,3
25.54,-0.036762582920919225,-0.027990746346071176,-0.018658432923475354,0.049830778673299776,3
25.55,-0.01675150350333368,-0.015758023248681252,-0.004982412651454739,0.02353194854145223,3
25.56,0.01412878418899419,0.007516619094243542,-0.0011632111773556744,0.016046032703140173,3
25.57,0.02274459844014925,0.022959626375067953,0.019944358674235368,0.03797681719698089,3
25.58,0.014845844534245898,0.0009837310341294734,0.006070946479151889,0.01606932536963624,3
25.59,0.027506028636316054,0.019542064141982285,0.0075305320522749105,0.0345714158700729,3
25.6,-0.0035435438201669497,-0.01257475884297263,0.0010810469815243585,0.013109154257259491,3
25.61,-0.04030734431145185,-0.030819925012999697,-0.015960976842319827,0.053191188791095134,3
25.62,-0.03826987445504096,-0.02544300614465609,-0.014315551708279601,0.04813382254916008,3
25.63,0.0027675589208747916,0.0033829641818211983,-0.0017466532735607564,0.004706870159037671,3
25.64,0.026465353838632917,0.017391687031830787,0.01419682627817722,0.03470497958492321,3
25.65,0.03484947399275912,0.01139331603733666,0.017776431292839272,0.04074671762740727,3
25.66,0.014529643521576277,0.010778307632212233,-0.012329213076203415,0.021892737411230996,3
25.67,0.016661018766339793,0.004959889132865852,0.001298734030897277,0.017432061169742902,3
25.68,-0.020295262489575788,-0.03105936691525806,-0.014454562181808872,0.03981854242140448,3
25.69,-0.04326766637180489,-0.04548110632531811,-0.017368969813233784,0.06513296475832905,3
25.7,-0.036843705202022035,-0.026749717227447335,-0.02055569493645629,0.04995540590449198,3
25.71,0.02301674008208139,0.008788839714988356,0.006845524879953088,0.025570984306903508,3
25.72,0.05819383703873314,0.046328552307258075,0.02004851486614888,0.07703765557514825,3
25.73,0.008448505592726616,0.014774424914781703,0.005118647689283924,0.017772490891258513,3
25.74,0.004689535903645594,-0.00562286116307646,0.011648413211397713,0.013758409973331928,3
25.75,-0.007600003262405587,-0.005160471375069241,0.00220511127376136,0.009447382184031407,3
25.76,-0.05471801048306434,-0.04381518970818543,-0.0276938907600127,0.07537096991426165,3
25.77,-0.038184712706028495,-0.029216737707299927,-0.0176430823952586,0.05121492363662157,3
25.78,0.005146623021653093,0.004948393805281734,-0.0016862309674731605,0.0073360551153072535,3
25.79,0.027733040039363558,0.015455436314351763,-0.00012947123315722002,0.0317491540720716,3
25.8,0.03702453361656401,0.01518858299913281,0.0211669944869758,0.04527196481993341,3
25.81,0.01859013956373778,0.01497447257082931,0.00550383852512383,0.02449735406700906,3
25.82,-0.010795852596571122,-0.014164556527316782,-0.006838280186057305,0.019077399477011217,3
25.83,-0.028387891684062815,-0.019571707088850247,-0.016735442996154388,0.038327524899416175,3
25.84,-0.03767475524180228,-0.017041273674304486,-0.015346476184155536,0.04410562914462398,3
25.85,-0.018060846305133268,-0.012567041750604536,-0.01604347756995936,0.02723082591764107,3
25.86,0.018499252983234522,0.006111836632556629,-0.0012463348880166324,0.019522557686273076,3
25.87,0.03066572277134114,0.0181030160494564,0.013838934143002642,0.03820499759704207,3
25.88,0.024273586275005983,0.025616440242155,0.011192452646993265,0.037022695709324614,3
25.89,0.003060267814746134,0.013363029522927969,-0.004251091579174822,0.014352964040334898,3
25.9,-0.02363044702213224,-0.01581868393029185,-0.00973816304978482,0.030057621451746088,3
25.91,-0.04100235227841441,-0.021838196323216562,-0.014100492363633175,0.04854815749244684,3
25.92,-0.03737304542521973,-0.022428542648726582,-0.016821299075296985,0.04671980471151256,3
25.93,0.017923244176985025,0.009247452863046662,0.012047753449567695,0.02349268885129303,3
25.94,0.04077514901848567,0.01672336454091316,0.020178546243833362,0.04847120204371361,3
25.95,0.03993653797711462,0.03579122738449796,0.02176235331036285,0.057875202331321624,3
25.96,0.0023053172949056176,0.002508497284147144,0.004114483112884517,0.0053419114314050935,3
25.97,-0.011614385251519819,-0.0007936556571594257,-0.0026239388519247353,0.011933519563460828,3
25.98,-0.02389555852320117,-0.01720127696460101,-0.0071577377402551115,0.03030041016070439,3
25.99,-0.05820568616573214,-0.037996978051489785,-0.02718419090244212,0.07463680377728882,3
26.0,-0.019313515080752398,-0.013305249468418231,-0.0066523641882611385,0.024378176254276143,3
26.01,0.028795752938523708,0.015943987491104136,0.015108162100719628,0.036216883997309914,3
26.02,0.04702025447745825,0.035550531895307734,0.023175474141591088,0.06333914469624437,3
26.03,0.004830549658311671,-0.005519434364997658,-0.006793363791640179,0.009997407529779904,3
26.04,-0.0063238126517504364,-0.020903573427542038,0.0031092106856845446,0.02205940116102555,3
26.05,-0.007749873782202805,-0.004158493654943006,0.0033001625677705894,0.00939386427898497,3
26.06,-0.04982748445834777,-0.051159485263397045,-0.02606992002863899,0.0760244162763665,3
26.07,-0.052927053276256145,-0.04137225527139419,-0.022996836353802997,0.0710055699014708,3
26.08,0.015579416180799797,0.01829334996268798,0.003928012410451863,0.024347364187702263,3
26.09,0.04348237419502067,0.01789385562553797,0.02680070373976429,0.05412194246079876,3
26.1,0.04158917160524305,0.023104663428049427,0.014243383645854478,0.04966244702606582,3
26.11,0.019867361613602162,0.01976435872856331,0.00635713469985443,0.028735954743649334,3
26.12,0.003086323034022373,0.0010980117304221276,-0.006057907735470887,0.006886890863224106,3
26.13,-0.03657079631752372,-0.028120725739717873,-0.018260523017304738,0.04961496810733383,3
26.14,-0.04031127671067426,-0.03518236329268883,-0.023528424205633287,0.058449845701280666,3
26.15,-0.0035689918987108927,-0.00975291313894976,-0.0020420386122715403,0.01058427794244703,3
26.16,0.05178893715332509,0.02835565582043724,0.015393521599798106,0.061017192132394975,3
26.17,0.031835839910630326,0.029518331956402202,0.013213212704738853,0.045381071101113404,3
26.18,0.029840218840777463,0.01570672111846114,0.019057019217951554,0.03873383185578182,3
26.19,-0.0064396024051331015,-0.003773619646076796,0.004935585348710325,0.008948110812001425,3
26.2,-0.01475027636493487,0.0026349481714580073,-0.0035848367976253613,0.015406643358429343,3
26.21,-0.05535664130292672,-0.038303392478051486,-0.03163323545599714,0.0743785533408865,3
26.22,-0.02216044245819677,-0.016364192342587028,-0.009355121183451495,0.029092787651328587,3
26.23,0.011091942750675392,0.0122994971639524,0.008637926164598533,0.018679469823723302,3
26.24,0.04559118903940006,0.023909683113394815,0.026926153326563663,0.058096877692134924,3
26.25,0.028742978290276038,0.007913312943503578,0.008124822790619723,0.030899709838703576,3
26.26,0.0254311534856774,0.013167783247156478,0.011118739396078062,0.030720684383881734,3
26.27,0.009274993052300751,-0.008771477902014813,0.0024342311987049546,0.01299576093326243,3
26.28,-0.016239699745032934,-0.010161959524391017,-0.013181854475385155,0.02325412988254808,3
26.29,-0.06621098144229119,-0.03037613279321953,-0.04374989771434665,0.08497444943651314,3
26.3,-0.02373596802108647,-0.013810048200478037,-0.011551342334437272,0.029791729035504616,3
26.31,0.03147736019398001,0.018293053528177533,0.012050165970561803,0.03834927003326675,3
26.32,0.05341712389168695,0.02587909024181704,0.030525975412170264,0.06674542389908364,3
26.33,0.007674200999668637,0.017564960122465036,0.015602329724580824,0.02471545827860856,3
26.34,-0.003161400697373859,0.0002418177487501067,-0.006738735737008885,0.007447381387186182,3
26.35,-0.006102956001138384,-0.01669339826650367,-0.0017395961695731022,0.017858942087064737,3
26.36,-0.045535701820330975,-0.026329736554259832,-0.01941011052821707,0.05606699169747226,3
26.37,-0.055860480798274686,-0.03662142852681417,-0.018806479556513295,0.06939168549378612,3
26.38,0.011183296642564153,-0.0025373646692689305,0.0051912585663498375,0.012587831773706759,3
26.39,0.03938179044338757,0.015877569784648854,0.01963478049216499,0.04678191152324571,3
26.4,0.036084044421076954,0.022073043999895424,0.018418916190224604,0.04613603804864579,3
26.41,0.00930739873700844,0.022227559742469802,0.00036732384608147584,0.024100352905354533,3
26.42,-0.005615825195123668,-0.0165499907578053,0.00020356013711564326,0.017478018292559634,3
26.43,-0.03805568466901885,-0.0328271385043783,-0.011675199781588246,0.05159618637024863,3
26.44,-0.059638937528611054,-0.03916962508402423,-0.03661128393936615,0.08019631232452949,3
26.45,-0.021638173890895562,-0.014072142909770997,-0.002583636417961112,0.025940527221817746,3
26.46,0.03485319802765761,0.007565071029831085,0.005648033192985789,0.03610922307929893,3
26.47,0.03685454641307137,0.011240811195326146,0.012740690883091243,0.040582491690637795,3
26.48,0.012719552443509743,0.014281348757729309,0.011275173117455744,0.02220075371539642,3
26.49,-0.010095932686195665,-0.005771918771376363,-0.00623797155121365,0.013196787191635381,3
26.5,-0.016028324587570593,-0.001671191074613403,-0.002466279398684935,0.016302840328138078,3
26.51,-0.04895037289828512,-0.042737733706783625,-0.009933358279993563,0.06573678191082852,3
26.52,-0.03575737612724547,-0.0198417005691423,-0.028417778177361255,0.04979812391565084,3
26.53,0.022293627039497985,0.009419910452239553,0.006521410412034101,0.025065300980970373,3
26.54,0.06227690788678712,0.04340730688707592,0.02723928789930017,0.0806510158174658,3
26.55,0.028165923795804067,0.012304845902037297,0.004691397239671548,0.03109240588961111,3
26.56,-0.006571502681885801,-0.00489818277084796,0.0039348706072919164,0.009091757181689024,3
26.57,-0.012827582167432666,-0.006551977253070892,-0.014510957869485058,0.02044610399261838,3
26.58,-0.03327010496790151,-0.029913718177075818,-0.011498539388904298,0.046194662330521316,3
26.59,-0.053293159265231614,-0.022942290912286594,-0.010969098316639683,0.05904939165354236,3
26.6,-0.011912897540015621,0.0035388498610029948,0.001466446468763898,0.012513634619221597,3
26.61,0.05583407033893065,0.03469475112390556,0.03167696084523274,0.07296985003789448,3
26.62,0.043286689985797114,0.02992997850696071,0.027442053160280415,0.059351557898721534,3
26.63,0.008710181256845355,0.017516450669460733,-0.0005012729035557602,0.01956896972522035,3
26.64,-0.0046737053824687045,-0.00854230734712274,-0.00030914138831716746,0.009742181748088809,3
26.65,-0.02425385206580894,-0.018040079773970076,-0.011156427092091852,0.0322204854672072,3
26.66,-0.07259085793075498,-0.03991120337452425,-0.035409128428134894,0.09008963972602976,3
26.67,-0.03673731313854419,-0.036755679903353024,-0.005375802192291959,0.052244707205685935,3
26.68,0.004386718065823095,-0.005373173486382924,-0.0052453284294295315,0.008696422197453894,3
26.69,0.04780243851803784,0.03323274885039304,0.01993526462645754,0.061537821704631186,3
26.7,0.028689687558173183,0.028239842084605834,0.01518014733839515,0.04302352526658476,3
26.71,0.0174129764311969,0.009528306936065982,-0.004534479744152643,0.020360792907237982,3
26.72,-0.01594577541230977,-0.01861615091819291,0.00358751022595237,0.02477295012972961,3
26.73,-0.02894860944935607,-0.011132046903176828,-0.03253712004938358,0.04495118061201369,3
26.74,-0.039909783571432364,-0.02686633687557091,-0.015384442879239152,0.05051011744724819,3
26.75,-0.003565957143583924,0.00023917280811810732,-0.002870642151115766,0.004584085551315864,3
26.76,0.04524079673298936,0.04362240456219714,0.016501727299338655,0.06497654094121506,3
26.77,0.04200299832488926,0.04022973748761985,0.01209777959406816,0.059405722937357706,3
26.78,0.009988174107285301,-0.004590331605960314,0.0013374823482718897,0.011073555223236194,3
26.79,0.009858845966267644,0.0009986975014301723,0.008032585746977922,0.012756044616906432,3
26.8,-0.004637084347266675,-0.022663383406517704,0.0010694217858703645,0.023157615629217566,3
26.81,-0.05525864665931505,-0.04401588507287183,-0.020453983503858457,0.0735478185301468,3
26.82,-0.03885218480155105,-0.03291379249531939,-0.025728980860804114,0.0570507708660842,3
26.83,0.011814234162572816,0.02220984064281724,-0.002326421991095195,0.02526391477004485,3
26.84,0.039587587829110475,0.016856967529087052,0.013999016049122237,0.04524717576543107,3
26.85,0.00621437686841415,0.007229132681397549,-0.0036401594649819956,0.010204391217433257,3
26.86,0.010046876324988338,0.01291243311515976,0.000855367395674616,0.01638298831790674,3
26.87,-0.009574699681994968,-0.0012409331375444433,-0.011992831503972859,0.015396194222434788,3
26.88,-0.04156133647160346,-0.02630664819640415,-0.01862389838566892,0.05259499994975693,3
26.89,-0.04756967862725023,-0.040224337825751716,-0.019354300222838936,0.06523389161575331,3
26.9,-0.007576359283221352,-0.01765987547272422,-0.009437448970766605,0.021408826795889693,3
26.91,0.04278409410553634,0.023547805519282507,0.018302231921204615,0.05215313553855513,3
26.92,0.033374067092419475,0.03702461823241714,0.012751125656333606,0.05145135484172561,3
26.93,0.013713352254603997,0.022657740168257882,-0.0008367487074420676,0.026497723826595848,3
26.94,0.004017460569424949,-0.008499331461267572,-0.0025331255339011605,0.009736290345192003,3
26.95,-0.008976373532350163,-0.008546369580756632,-0.0072061536245384035,0.014336818505638092,3
26.96,-0.03496712208258809,-0.010114286486217625,-0.007419151139413271,0.03714891951986439,3
26.97,-0.02383509639580003,-0.002505584271840845,-0.013537514890619787,0.027525516928009332,3
26.98,0.018832419251797548,0.01586502738902293,0.007255150149288518,0.025670923485894382,3
26.99,0.03552375680793813,0.01389393456506901,0.018217720848675678,0.04227131495906204,3
27.0,0.03608516316984293,0.034541825681321,0.007428345144835154,0.05050204979982249,3
27.01,-0.004368124939268335,-0.012316897348475984,-0.005285237346291268,0.014096815583123187,3
27.02,0.013008654983827484,0.014735550993026114,0.007920653923200323,0.021191940121835028,3
27.03,-0.027199760083129285,-0.021497891434017213,-0.014903782995994595,0.03773736917539803,3
27.04,-0.05825953439964285,-0.04666824948215019,-0.023483973860128,0.07825340814593672,3
27.05,-0.0054169758342032855,-0.003267640580007449,-0.0012963035743717003,0.0064576702536892246,3
27.06,0.039136338738140895,0.03456120801787073,0.013745664120589168,0.053991419610870506,3
27.07,0.03929108510989006,0.02862465956375616,0.011612167039712826,0.04998002528622564,3
27.08,0.013640664432800653,-0.002401928571348631,0.011810580111615641,0.018202384173591782,3
27.09,0.012632704275981631,-0.007886048020262663,0.003802124988988986,0.015369812137244481,3
27.1,-0.027500618449520512,-0.024303421895369843,-0.018073825204259014,0.04090969919767876,3
27.11,-0.040207882339922445,-0.024886791115387694,-0.013968825496051256,0.049306736456808,3
27.12,-0.02743104941193242,-0.009773950031299161,-0.018634871686916524,0.03457240248872001,3
27.13,0.036481462598504474,0.03381036052350844,0.01940882114798663,0.053392320893647545,3
27.14,0.057132327919753,0.04258166914440386,0.025603502403784117,0.07571552532997604,3
27.15,0.030191590049416683,0.027474039126469795,0.00344260536240777,0.04096591836290392,3
27.16,0.020997919545864174,0.027304806644173084,0.005533814555691301,0.03488679112023696,3
27.17,0.0007606405498956246,-0.004556321909547664,-0.01104815978454354,0.011974993862811568,3
27.18,-0.030733178268067166,-0.02746865026679279,-0.032298628868236666,0.05236655822855138,3
27.19,-0.06498058048943865,-0.03634460408633973,-0.024998947807978084,0.07853886603741621,3
27.2,-0.003068679735219353,-0.015307387380993314,-0.004366115146041683,0.01621097977352491,3
27.21,0.02621744629730702,0.01568033157172029,0.012753511325636393,0.033104068325273885,3
27.22,0.040751277087893056,0.033087801816155255,0.029640621840357217,0.060282963400968156,3
27.23,0.021376530275428875,0.0087912329642715,0.00976995871202307,0.025093702733615393,3
27.24,-0.015315701051216766,-0.00888426158505847,0.004009411393694913,0.01815423317923064,3
27.25,-0.018235351724313426,-0.02544670009179848,-0.007551264222267965,0.03220379153804505,3
27.26,-0.024281681094097913,-0.008812382746701573,-0.013970214723246048,0.029367073838628122,3
27.27,-0.025688404858763128,-0.02967596632654194,-0.0222106309362938,0.045098439531651505,3
27.28,0.021701905840239274,0.002453386657119156,0.004143754490459733,0.02222976663091961,3
27.29,0.03225847539616561,0.04114467276605014,0.004929113622016888,0.05251465979142512,3
27.3,0.03197757585127786,0.018764860894392,0.01900039325784793,0.04166173670963543,3
27.31,0.009215957355373243,0.021769608696935526,6.194959848186167e-05,0.02364008397926076,3
27.32,-0.0053305791650733805,0.007654212820697613,-0.006625701659487605,0.011441239907465577,3
27.33,-0.043312314309867324,-0.028662742596537744,-0.0316510462711184,0.06082185556268894,3
27.34,-0.05043268006612971,-0.03850773897620536,-0.0182130565765435,0.06601527557749447,3
27.35,0.009795895875027976,0.009867968118685221,0.008873180437651774,0.01649453551528215,3
27.36,0.037810853148126225,0.021861997173929282,0.007098710078066128,0.044249284977211735,3
27.37,0.028889637339375746,0.0067580078491409415,0.012738981623939128,0.0322887514237507,3
27.38,0.03070917094440888,0.028817610525238655,0.00575039274073272,0.042503821865215174,3
27.39,-0.002385231078173176,0.008387922992065523,0.004086280202711729,0.009630382407369834,3
27.4,-0.03264605852939784,-0.023971960163686357,-0.007209712950244359,0.0411387891462444,3
27.41,-0.04743945606089048,-0.03285780338543119,-0.02524196095565834,0.062986457493304,3
27.42,-0.016715924191371224,-0.006767630624055424,-0.0015753733655313228,0.01810261713333594,3
27.43,0.0269228136121958,0.013858233800286342,0.008832481433503315,0.03154205549950122,3
27.44,0.036374356532603264,0.024223184354709236,0.01630056523854781,0.04664295124173985,3
27.45,0.022216671191537266,0.011853333559758853,0.012297061247449993,0.028023199507467445,3
27.46,-0.0024751522721839034,0.01140749043743666,-0.005445393639335763,0.012880587282341763,3
27.47,-0.01611782944726901,-0.012175463181059719,-0.008071027174034656,0.02175242077122909,3
27.48,-0.03284712286660351,-0.017835870456802908,-0.00533470206849028,0.03775593730428575,3
27.49,-0.05455571255054799,-0.04321566468328983,-0.023452995262081618,0.07344360035210547,3
27.5,-0.009238183450648403,0.002111412437762747,-0.00729323595170476,0.011957984219650572,3
27.51,0.036422596191525054,0.026327412894091025,0.009607078332868096,0.04595687257767557,3
27.52,0.037463724089897524,0.03528973139515318,0.012851553142126763,0.05304769724305605,3
27.53,0.013764089099481137,0.012030097430370658,0.002894825424989367,0.018508198377039053,3
27.54,0.00918478786838854,0.0004237768667887257,0.010019278986635278,0.013598745031514996,3
27.55,-0.04112597764701822,-0.022719257352666236,-0.019431171715924355,0.05084369308314906,3
27.56,-0.049578788311593514,-0.03395774169011318,-0.03169290297087851,0.06793838804284197,3
27.57,-0.023631340649930204,-0.012519011230071956,-0.002463794791206895,0.026855840851942984,3
27.58,0.01993350435314787,0.015855360996382822,0.008211413318382415,0.026761247669118325,3
27.59,0.045246321280362746,0.03831673204498015,0.03741344987614653,0.07010825754251453,3
27.6,0.027795544056706666,0.009181570685251095,0.006247650662565756,0.029932033817601535,3
27.61,0.011301248113865403,-0.006416633263605406,0.008246800607524037,0.015391592238329747,3
27.62,0.009386910744246042,0.003661207002520702,0.014700913544098661,0.017822328385113207,3
27.63,-0.05101175288107586,-0.039350824213966004,-0.025262441194336474,0.06920171409304622,3
27.64,-0.03720958371008459,-0.01669019547872099,-0.012790336487787688,0.042740009972700575,3
27.65,0.0021797761134632956,-0.002361352812405808,0.002480190669010067,0.0040594034985606655,3
27.66,0.02257082074019404,0.022156569401965576,0.0018914875729010867,0.031684905582761796,3
27.67,0.039632817178019905,0.0433923251455951,0.01642541184105547,0.06102006418511603,3
27.68,0.006623566336885719,0.0074893260821416036,0.005121466754595932,0.011233479331988091,3
27.69,0.005751180697360648,-0.001534523712123018,-0.004381834590645985,0.007391300076207378,3
27.7,-0.04216716070924151,-0.03189879823197142,-0.01648170107271552,0.05538275219933888,3
27.71,-0.07213070394724286,-0.047729752601482954,-0.026701079222555525,0.09052024838108186,3
27.72,-0.019968842687870247,-0.008656166154672844,-0.009472938260272616,0.023736479310823448,3
27.73,0.030654989482944043,0.008170634097549378,0.021314947278066577,0.03822060464228953,3
27.74,0.0234347475296252,0.030097825594231385,0.018074522957156947,0.0422108383878695,3
27.75,0.019868252170351253,0.008718216374102711,0.011852638709172216,0.02472326405271981,3
27.76,0.0031340635122406478,0.002872994521714585,0.006755156379443191,0.00798176605340524,3
27.77,-0.019571167782024928,-0.004589344549596561,-0.012324052726808029,0.023579121428930015,3
27.78,-0.040867801753491466,-0.026726436250416326,-0.02169338439708345,0.0534329724178795,3
27.79,-0.04387466500049091,-0.04490359806147168,-0.02376721209824796,0.06712823339470962,3
27.8,0.005388374909342198,-0.007097863092267969,0.00507789506113413,0.010256669190926396,3
27.81,0.05126676774473483,0.03736402298744489,0.026212056373465,0.06863981051929413,3
27.82,0.012233750855061405,0.0019304195378124474,0.016848944056486636,0.020911195455886784,3
27.83,0.01711020913241495,0.013995005370857818,0.012316183611907006,0.025304304192123556,3
27.84,-0.0032265341450979047,0.0034806110287312793,-0.013817449738548874,0.014609828643763513,3
27.85,-0.028674052992027955,-0.023367039645125345,-0.029193281338244035,0.047121837104047146,3
27.86,-0.05467199782023651,-0.036514134485654076,-0.017271071589631638,0.06797499008272498,3
27.87,-0.02856687114835265,-0.016997794762839843,-0.007868047330928989,0.0341598788465057,3
27.88,0.029472991996589,0.02215981473830328,0.011321382521012668,0.038573155803667575,3
27.89,0.02279545670132812,0.0025365220045662044,0.016548248588253225,0.02828270357374624,3
27.9,0.01639183614598215,0.00997661280520205,0.002411226709563387,0.019340090732635158,3
27.91,0.02792901964202649,0.007892610874658616,0.019413607834042133,0.034917210852493115,3
27.92,-0.002214967454440924,0.016203684633651464,0.000900893080009908,0.016379166183682087,3
27.93,-0.03471112559415588,-0.04456285834696448,-0.02517360050158312,0.06184190121817239,3
27.94,-0.047883326741242106,-0.040115303543149496,-0.012338024372186581,0.0636732078945002,3
27.95,0.0025555980079769777,0.004413590163097666,0.0044965653175820545,0.006799261648256389,3
27.96,0.04089597240513722,0.033841572504534755,0.01768562004425281,0.05595099413675421,3
27.97,0.025444314433421756,0.028792760882347695,0.005129031510158364,0.03876523159284726,3
27.98,0.017473676628971126,0.005354617525020635,0.0017024918246958658,0.01835482994163297,3
27.99,-0.008568832313293633,-0.0036127680949376065,-0.014289820868930044,0.017049221712068057,3
28.0,-0.028855300463724157,-0.030774513207107335,-0.008281714060190303,0.042991694730040324,3
28.01,-0.026467397207155425,-0.012816288576036752,-0.01328378372469429,0.03226823945972327,3
28.02,-0.010667964774467879,-0.01165163921397028,-0.009756721277304137,0.01856770795991839,3
28.03,0.04773272065863683,0.0308935242480531,0.025570419889525922,0.06234315387648562,3
28.04,0.05797483189961593,0.045744281229753936,0.032855381339862044,0.08082757253563476,3
28.05,0.027643017450999466,0.02436144415706376,0.00994854770042435,0.03816529806724449,3
28.06,0.004462474524251358,0.0005671642589567543,0.0059361082562477355,0.007448002108359186,3
28.07,-0.0016390887478500392,-0.0007538251273189317,-0.0008479389408208626,0.0019934554655839237,3
28.08,-0.037760652331757676,-0.04247092388891179,-0.019316380007695113,0.06002306870778349,3
28.09,-0.027919502709593695,-0.010079712800777605,-0.017157469102823723,0.03428524446043108,3
28.1,0.00453528011563756,-0.0050004032765619474,0.005679626181362147,0.008822185229044065,3
28.11,0.033017654255249,0.021099633630055407,0.029794307501492985,0.0492245953902645,3
28.12,0.016845366110768846,0.010338968892598787,0.002279127484601873,0.01989610663569716,3
28.13,0.015169569723947967,0.007738780658209584,0.0140726372947023,0.022091710936770915,3
28.14,-0.0036950025801549364,0.009059983329358385,-0.004774734343528248,0.010887351838113417,3
28.15,-0.04148122749167704,-0.020531175696477125,-0.02028181258835517,0.050532893560185504,3
28.16,-0.042413031506924395,-0.029183255496966397,-0.02039743770140643,0.05537673796632786,3
28.17,-0.020939075454214372,-0.013812484897313048,-0.01342906119661757,0.028452931387438513,3
28.18,0.04037550295287359,0.01863486659269607,0.02234528916301274,0.04976697137061627,3
28.19,0.0351621128697016,0.02994315031471871,0.01263369457050734,0.04788085912692399,3
28.2,0.015770164783396892,0.01585606666766746,0.02197922774497417,0.03135601058378519,3
28.21,-0.009524746714171228,-0.013978800949565592,-0.008878890559623329,0.01910398841934479,3
28.22,-0.011720957951810752,-0.015327099589129135,-0.0035127231641587345,0.01961224263441628,3
28.23,-0.04853592672044375,-0.027968402345493172,-0.020701266796343463,0.05972026590149332,3
28.24,-0.035825643994042096,-0.025138012893273654,-0.017303008413478933,0.047061561384713534,3
28.25,-0.0022037699120069157,-0.001618984230701538,0.0003048006987431207,0.0027514751007925754,3
28.26,0.02922449222347101,0.011800058974065369,0.01142576793875471,0.03352402885247257,3
28.27,0.0036975537143037612,-0.003105454208504876,-0.0016254806147264279,0.005094893182406634,3
28.28,0.005518533951957276,0.005963231545194286,-0.00486752848745256,0.009471387491633294,3
28.29,-0.004503556065423204,-0.008399216215176928,0.005263587615485434,0.010887341495957256,3
28.3,-0.03236719771311811,-0.02605282353981072,-0.013766064387487991,0.04377087651529335,3
28.31,-0.0445443719983641,-0.03910159855144015,-0.019056336633614775,0.0622597787652693,3
28.32,-0.006975892074283209,-0.011416683854633604,-0.013728685569984928,0.019169782157035884,3
28.33,0.017756190656189896,0.012127292527431045,-3.390879995882577e-05,0.02150243429176252,3
28.34,0.04978456241277421,0.027556762572210437,0.025791421443771174,0.06247459674285868,3
28.35,0.034484979367219906,0.02928526781199668,0.024096480298857657,0.05125896092949199,3
28.36,0.0023212761960443766,-0.00847955230120874,-0.0014192316855114891,0.008905355073460937,3
28.37,0.000577794850065037,0.020377692241652597,-0.002531851698155022,0.02054250376672037,3
28.38,-0.03492346991269192,-0.016764868335434367,-0.019951176591527668,0.0435747519606649,3
28.39,-0.030206521680258662,-0.005924033758240035,-0.007140539635114264,0.03159929483816596,3
28.4,0.006413899294971513,0.00802807643248505,0.009529318639776409,0.014014136759367237,3
28.41,0.04503831692877637,0.030019386029739074,0.01425317323860302,0.05597112181070723,3
28.42,0.016580669432003346,0.003852239356784808,0.014317602368800612,0.022243023276218927,3
28.43,0.011861935017601783,0.012724377818313357,0.015119024185388534,0.023047780490610282,3
28.44,-0.004380478636879063,-0.00952423541009978,-0.0018798753552024727,0.010650520390396424,3
28.45,-0.02776033341487423,-0.01531725605605606,-0.010237765730695816,0.03331765735384735,3
28.46,-0.058801578878480636,-0.03673450371908215,-0.02813720287539648,0.0748248062325634,3
28.47,-0.014561701463311656,-0.002812239112419331,-0.008164770735361874,0.016929717052953232,3
28.48,0.03899529179648607,0.03757156451602277,0.010611780085670437,0.055180296474931945,3
28.49,0.03893224499172006,0.03488758334576912,0.017274126627679746,0.05505686716979466,3
28.5,0.004950308693828009,0.01665968359111376,0.006274324400408206,0.018477493341949064,3
28.51,0.003313055743986539,-0.004897848667561308,-0.00423807650543322,0.007275063738483625,3
28.52,-0.015488222226432683,-0.013104095553472707,-0.01660798872154625,0.02621884126701472,3
28.53,-0.04767618747450137,-0.028613185759104674,-0.028204880013934445,0.06234780275189552,3
28.54,-0.03124606889738668,-0.021710861218618174,-0.015467460061257213,0.04107213942736512,3
28.55,0.018511196919736815,0.0070018686764030886,0.0034575259044813123,0.020090919882947814,3
28.56,0.04176218151738422,0.02009114825150649,0.013393100786420834,0.04824012014734403,3
28.57,0.04364091366266058,0.021170608226439215,0.03462357517815175,0.05959459670227072,3
28.58,0.006796803997947746,0.0040173237162831835,-0.004654975491332392,0.00916538222077154,3
28.59,-0.008776010834097476,-0.009994182278976315,0.005761042428653393,0.014494538814682758,3
28.6,-0.01422083353111022,-0.004435242558889726,-0.008798774222291715,0.017300922249712605,3
28.61,-0.04954099453740844,-0.04385365317141706,-0.022506735663350826,0.06988566509989311,3
28.62,-0.020834101382231233,-0.006055298204268077,-0.010682174312860242,0.02418336752394159,3
28.63,0.033524453938120015,0.012681824965408438,0.025585290750308277,0.04403776560045023,3
28.64,0.023814642841336116,0.011340901618093919,0.004855422207358174,0.026820298059182596,3
28.65,0.0012783512302208446,-0.011346264712246442,-0.0037682327449070564,0.01202378820538543,3
28.66,0.010637723576400292,0.010887144674074388,-0.005123060540026029,0.016060411929303083,3
28.67,0.003281979670483652,0.018746809014611596,-0.011212671883691424,0.02208932433459916,3
28.68,-0.05514224580865926,-0.05221035966814627,-0.025420591292943863,0.08007993126359866,3
28.69,-0.028813816657333652,-0.024387011726409315,-0.013021553126390063,0.03993148152936305,3
28.7,0.009261046502215714,0.011781442961692305,0.006432265187420108,0.016307771644743733,3
28.71,0.04244740665927897,0.03567295007447645,0.008112995516504046,0.056037151920534864,3
28.72,0.024861710726640788,0.016670567559404575,0.01519854527931326,0.033570943710524034,3
28.73,0.014249763201108878,0.002339808898760006,-0.001383427578403553,0.014506699446637777,3
28.74,-0.0009546184270235579,-0.009041027710731687,0.0009425323231781578,0.00914001343476402,3
28.75,-0.024373832984617927,-0.020691919404366585,-0.010841302496648067,0.03376052580785256,3
28.76,-0.05217048588934097,-0.043166393605293375,-0.012326321394078193,0.06882612392055176,3
28.77,-0.021112185203606717,-0.0058457051657604085,-0.0022953445907732146,0.022026466801254807,3
28.78,0.04023413970539421,0.042942689223251396,0.015500163347095858,0.060853230147171186,3
28.79,0.031216778885898976,0.021637889991705114,0.012175091770759795,0.03988631879392561,3
28.8,0.0041820708470491404,0.010824706589520828,0.001861764486235031,0.011752878639769915,3
28.81,0.014648869093075507,0.0052962193257771635,0.009672333195102524,0.018335575646536997,3
28.82,-0.009674940347199535,-0.028109322393613495,-0.0041178616287889025,0.030011585438690546,3
28.83,-0.05440838457606459,-0.0390298970435067,-0.026270428869835504,0.07192871894041185,3
28.84,-0.03282442485650167,-0.018306998630255703,-0.021385983413885173,0.043242911009635794,3
28.85,0.03799999036612832,0.022797171386802543,0.013315432402559094,0.04627106040639456,3
28.86,0.048449468680776105,0.03736882522150287,0.027570494205878517,0.06711119328875857,3
28.87,0.023332103570363232,0.03210350243787391,0.01115338170688555,0.04122402029516556,3
28.88,-0.01125828861282626,-0.0186017515643885,0.003731938002808588,0.022061314217646476,3
28.89,-0.0022614647199929363,0.0005399665805518069,-0.007256766313744224,0.007620134114317049,3
28.9,-0.02708931341819592,-0.019777079487397084,-0.005958939223442783,0.03406571195775537,3
28.91,-0.04996799617761405,-0.04205245103612339,-0.036224018164824914,0.07468191730370326,3
28.92,-0.020014325745397375,-0.0018458301327985774,-0.005093776322024426,0.02073467822612254,3
28.93,0.030401214781007345,0.025431580807916937,0.002093013878312077,0.039691055285106185,3
28.94,0.04249303628764092,0.017231226001642702,0.01557097803544667,0.04842549575835872,3
28.95,0.004467156214105199,-0.0006924435083280373,0.003046664126444359,0.0054513415736685686,3
28.96,-0.0240490842399307,-0.014002291710688829,-0.014274804898159974,0.031276072016975534,3
28.97,-0.013860823398637454,-0.010141891779670733,-0.013651678127788754,0.021939660659716552,3
28.98,-0.03653827595944545,-0.029715689365610587,-0.00013255680041575693,0.04709655375786415,3
28.99,-0.042308894574159726,-0.033882014947219125,-0.02189940421177103,0.05846039173493004,3
29.0,0.021100915855281115,0.015506851950040555,0.011237512246251503,0.028495487165808957,3
29.01,0.05203226143217492,0.03948284703384184,0.013652114704127994,0.06672804264729049,3
29.02,0.015481083114586413,0.022244093213173277,-0.0012810550186262244,0.027131249865013987,3
29.03,0.01626463334383039,0.02598427260179069,0.005406353068883761,0.031127951650547752,3
29.04,0.011871856731948594,0.001087273424817627,-0.00104292898828011,0.011967073436677104,3
29.05,-0.022852456522398954,-0.015240126312539376,-0.01674460228884252,0.032169518568697916,3
29.06,-0.06919489907780413,-0.04435821798688601,-0.02995117024295037,0.08747947279380341,3
29.07,-0.009101983344308444,0.004584546170827744,0.0026661124412230876,0.010534340033517248,3
29.08,0.0674221801672756,0.05638745368830196,0.027687377695810172,0.09215143078449414,3
29.09,0.0404661552143057,0.02457678437983833,0.009681057886873819,0.04832443408970609,3
29.1,0.02339780347374442,0.009639050017494648,0.006710064983504199,0.02618002033457154,3
29.11,0.020725588051618365,0.022765067822417946,0.015507528553068368,0.03447146290584294,3
29.12,-0.01729966191035912,-0.005475332506804191,-0.004181347092664027,0.018620989011922183,3
29.13,-0.06396875878823273,-0.04116059567955158,-0.023144331288120767,0.0795101050708456,3
29.14,-0.04468061879996019,-0.02413203651132389,-0.023582422266524055,0.05598967335578833,3
29.15,0.027607752179570125,0.013949799901433583,0.012073799947254639,0.033204842159915794,3
29.16,0.020872285431829014,0.01074542193054525,0.01039499880168425,0.025674352800025974,3
29.17,0.02587040187516166,0.02249186585363538,0.009578195472096887,0.03559358862579038,3
29.18,-0.009983189981252416,-0.0018600501522772813,0.002861563928176168,0.010550469984119399,3
29.19,-0.012977002591295075,-0.012544623462057158,-0.0045001425598334786,0.018601651999704184,3
29.2,-0.02658848425625734,-0.02201410066685098,-0.0044018966767954805,0.03479863240945937,3
29.21,-0.03578769997986504,-0.009108604905592947,-0.009729913083089334,0.03818896911124333,3
29.22,-0.00653782938499012,-0.0020911385891241806,-0.005226401548593251,0.008627360361854748,3
29.23,0.037571707881239404,0.03419615472216604,0.011399959202865791,0.05206696938292559,3
29.24,0.03623818349025153,0.023892239036328554,0.021840323092907184,0.048590582849403804,3
29.25,0.024081660532707966,0.004739753182529971,0.009408982752351193,0.026285368376302617,3
29.26,0.008264308176609968,0.0076568029308634765,0.007196669971420266,0.01336852570172209,3
29.27,-0.023032358803219542,-0.019599501731382342,-0.00709884240600051,0.03106482872420087,3
29.28,-0.048003011332747314,-0.025953848110990364,-0.01830697131184696,0.057558983029523836,3
29.29,-0.026911265552824516,-0.018171875837966735,-0.02167466577750142,0.03904131685396267,3
29.3,0.02677358446275297,0.009079743195541064,0.020989369610221915,0.03521108061556261,3
29.31,0.055570453649177703,0.03540608412665104,0.026472273883832845,0.07101019220182098,3
29.32,0.0299606522964019,0.011690809089543912,0.014540395389234018,0.035295025163177215,3
29.33,0.016728787153474492,0.008037053980213708,0.010067436115859892,0.02111397229926293,3
29.34,0.0015419033401028667,-0.0016583751694391842,-0.004617729894711297,0.005143063629136161,3
29.35,-0.056624220742832916,-0.03071290635736846,-0.029617368477053617,0.0708997426451967,3
29.36,-0.04345812037515932,-0.015215150122595288,-0.01844814228925299,0.04960285247563363,3
29.37,0.010151221401530455,0.005187027415427737,0.011638576563698455,0.016291378510744872,3
29.38,0.026373092866159374,0.016863438275017437,0.013783668719924012,0.03420387552841054,3
29.39,0.031767673334986334,0.02475544527309802,0.006613915883565308,0.04081373571608743,3
29.4,0.005200231844400072,-0.00255414162063741,-0.0032160944164848332,0.006626410336640027,3
29.41,-0.011655577873805105,-0.00020854973821939765,-0.0022627525538724312,0.0118750173762274,3
29.42,-0.009934110625830479,-0.006977744295471749,-0.011851724267463823,0.01696581378806267,3
29.43,-0.033250128391711986,-0.034287108097853215,-0.019104577449344826,0.05144085632352185,3
29.44,-0.010861217675603111,-0.011343081243860503,-0.005179568143724924,0.016536609920329605,3
29.45,0.034931782761090165,0.017919625133358603,0.02599811051040713,0.04708762217291754,3
29.46,0.05230849834846184,0.03650410963794751,0.027405904752959162,0.06942487043746352,3
29.47,-0.004387837189138023,0.0027373991576981516,-0.004958181522711281,0.007164498123323418,3
29.48,0.005988144451925782,0.020224163390386848,-0.006256468034385511,0.022000410248072214,3
29.49,-0.006476369321558056,-0.00816817281150256,0.008699916768100831,0.013577590303130743,3
29.5,-0.03283271662218876,-0.034945110213825646,-0.015268539649275515,0.05032172802747208,3
29.51,-0.026262843169158497,-0.027676087214735613,-0.014122617202930338,0.040683547676007445,3
29.52,-0.0059737515841543935,0.0024293210093082095,0.0006780868936592343,0.006484374325315112,3
29.53,0.04312269759944082,0.03271938394135432,0.01060965602526598,0.05516058316161131,3
29.54,0.031138847922887413,0.028648330578218778,0.016454629161862282,0.045399444002520814,3
29.55,0.026111919475133118,0.013320760860070226,0.01090807437648523,0.031277165715101946,3
29.56,-0.008542178261436714,-0.02250647470961185,-0.016466254701123832,0.02916586630269779,3
29.57,-0.027953736764105373,-0.03149920215802288,-0.011960111463724369,0.04377962313558216,3
29.58,-0.034490900236558514,-0.018570697928758144,-0.032853385717221344,0.051125707562574986,3
29.59,-0.02183851953731987,-0.018969012881369873,-0.01332963233154092,0.03185001543750864,3
29.6,0.036764647062622564,0.02227533483194912,0.006890545906271231,0.04353515175580624,3
29.61,0.06683408032645627,0.04289480832047706,0.024231939699877175,0.0830297884831231,3
29.62,0.006812499505655864,-0.0032350450644120458,0.011116118298850612,0.013432935350003719,3
29.63,0.0006313899486676267,-0.002754461294948118,-8.967438063277035e-05,0.0028273223705809784,3
29.64,-0.02317214485350897,-0.012136204078962293,0.00032388514221452433,0.02615990535425483,3
29.65,-0.03726731916766529,-0.025752410087042977,-0.01342448575529334,0.04724676201635345,3
29.66,-0.03588367965014545,-0.027797271105485938,-0.006668730271663299,0.045878085286794004,3
29.67,0.009474229811702652,-0.0003360678793980802,0.012088199127534675,0.015362243660723796,3
29.68,0.04174888634771286,0.0243238785793938,0.013972063629806002,0.05029750632481381,3
29.69,0.04183929178256674,0.016858900475066416,0.02374078541800824,0.05097424599107733,3
29.7,0.013123387946975602,0.0038627553611081345,0.0004550849368808686,0.013687632829907807,3
29.71,0.009566415333504816,0.0037997894743130333,0.007181279546606793,0.012550915437079849,3
29.72,-0.0387349896100055,-0.025290929387459506,-0.014143606078061793,0.048374291956162864,3
29.73,-0.040128431486920586,-0.030868653105978142,-0.01286687368715856,0.05223716298440208,3
29.74,-0.011486092603549037,-0.006670496461580669,-0.013118150491065761,0.018668468567279776,3
29.75,0.022096174268057035,0.021619009561365015,0.016386662166672953,0.0349877862784059,3
29.76,0.02933957038110542,0.023163542273543426,0.015125193470839295,0.04032532155279597,3
29.77,0.015769687211607864,0.0038654992812982084,0.009941635155199118,0.019038414561216924,3
29.78,0.011991692644359928,0.0039029273097874184,0.0012648466982952793,0.012674122108945808,3
29.79,-0.013324052863317112,-0.01728992828013205,-0.010143670660891932,0.024070024077952615,3
29.8,-0.03753113483337875,-0.04443843286730215,-0.014777233088634854,0.06001439006887282,3
29.81,-0.045802655767778824,-0.018877933132280166,-0.007545992053228343,0.05011189111174981,3
29.82,0.0039037210841367065,0.004021528798327371,-0.006973051018673621,0.008946237906938038,3
29.83,0.04458867566004187,0.0325707391852586,0.024008840234387988,0.060211522631394385,3
29.84,0.05666398760315659,0.039336843173349234,0.021878356659620693,0.07236613304620418,3
29.85,-0.0006591415122339083,0.004419546677756296,0.001139514581741478,0.0046114372870091356,3
29.86,-0.012808843667704413,-0.006453372626000079,-0.004334544260271613,0.014983349702184495,3
29.87,-0.027336572197406424,-0.01636707312891153,-0.02330747760040311,0.03947667380117586,3
29.88,-0.05715886804303995,-0.030685591744428975,-0.03622477587901457,0.07430327128836425,3
29.89,-0.022137179534233678,-0.01882341530702489,-0.0011257457510473173,0.029079941283428248,3
29.9,0.0004211778047090546,0.004849089120303138,-0.008530407022394023,0.009821349194867834,3
29.91,0.048572142133351905,0.02559850060352304,0.009803946769816394,0.055773233695353384,3
29.92,0.029772061523661866,0.02710483208171515,0.014654971180562169,0.042846420502181855,3
29.93,0.01013827269461292,0.0137904738436678,-0.0012068521064425982,0.017158619818331677,3
29.94,-0.019799704609267298,-0.0014196305302528918,-0.007241227910968988,0.021130050523253917,3
29.95,-0.04292225457490521,-0.03748528284934858,-0.014088651104375158,0.05870226961565838,3
29.96,-0.04700928197370141,-0.037638632133715245,-0.014639291964770016,0.061974576156758755,3
29.97,-0.010828614669632005,0.004665820441371317,-0.012738312245276927,0.01735780443813848,3
29.98,0.04635024336378422,0.02687178237951351,0.02608221320063614,0.0595879148282384,3
29.99,0.01689834931187359,0.007859341746493708,0.013293875525719378,0.022892151245516402,3
