time_s,acc_x_m_s2,acc_y_m_s2,acc_z_m_s2,acc_abs_m_s2,acc_accuracy
0.0,0.020325293074418133,0.013963443087910808,0.010274234164891346,0.026714325166571858,3
0.01,0.0047180047355953655,-0.0063042978231613,0.001336018318054189,0.00798678187221818,3
0.02,-0.04527898041758516,-0.0418508666081365,-0.016039096613912656,0.06370976160447094,3
0.03,-0.051490133256211795,-0.03163305374985581,-0.02410201880542477,0.06505990487835625,3
0.04,0.013254016461124458,0.01271498475167428,-0.0043174862941772075,0.01886744491147319,3
0.05,0.03695197088532411,0.024460479515196986,0.010719111979921132,0.045592352122492,3
0.06,0.034977731890239144,0.021192947040112837,0.010128408065008667,0.042132735282222215,3
0.07,-3.0327305200745017e-05,-0.001280181031715468,-0.0007702320637200831,0.0014943361908845404,3
0.08,0.012017170626658621,0.018741972995790022,-0.0001181421893053855,0.022264049479419575,3
0.09,-0.0354933697380986,-0.029638734213639613,-0.017473325423608688,0.04943228664052953,3
0.1,-0.04779312706132816,-0.04507762629572492,-0.03041335493837899,0.07239577021736222,3
0.11,-0.026575975075155057,-0.00537445988744879,-0.011040759996666623,0.02927568362277904,3
0.12,0.04656994613944271,0.035495691534851145,0.025542597552957635,0.063883709118368,3
0.13,0.03073308989982176,0.03374279948469746,0.009583502038354801,0.046636282475923996,3
0.14,0.02033840206322773,0.01878604536346845,0.005370034616906447,0.0282028964943421,3
0.15,0.006160622404915344,0.009729764401787421,0.003928813492358845,0.012167874061970544,3
0.16,-0.01983319730986766,-0.021070471949141117,-0.008999788060129358,0.03030374050870505,3
0.17,-0.049605631389142625,-0.03281398198139872,-0.024652630725055982,0.06438344725670586,3
0.18,-0.02327201857817917,-0.02332981195861865,-0.01815363186153021,0.037622085594655526,3
0.19,0.017144615263855745,0.019944772599870465,0.010204613144804827,0.028211095619300266,3
0.2,0.035820256359200046,0.023307483483893793,0.022814770739828905,0.04844422892256359,3
0.21,0.03582146928933623,0.02706005664260374,0.010080600457026224,0.04601133374639317,3
0.22,0.00919438762960539,-0.0034270788118614453,0.0008626305559597805,0.009850165711409415,3
0.23,0.007398793913769413,0.0026220582063675875,0.009927919190056493,0.012656260113489408,3
0.24,-0.0619562388923458,-0.0526498435770935,-0.02925292133415391,0.08640784092291644,3
0.25,-0.04153790304959474,-0.024734610831675094,-0.018236165868527485,0.05166968268081775,3
0.26,-0.0020959254599910108,-0.01965483295249857,0.005424468892821916,0.020497078442881924,3
0.27,0.04144938397720503,0.030294992901634402,0.017292848264516155,0.05417453855917408,3
0.28,0.019247130940499145,0.043361742436708976,0.014090875508533735,0.04948985279009429,3
0.29,0.01366861592245174,0.0009946783370370464,0.0073951732614789606,0.015572701557435864,3
0.3,-0.016322452014861016,0.002264002264020744,-0.003481992972101181,0.016842577625966092,3
0.31,-0.02666062546559332,-0.016139991968181368,-0.020964563862694376,0.03756063403222306,3
0.32,-0.04976766235897719,-0.015893261827660234,-0.020972588033264055,0.056296229332102946,3
0.33,-0.001154625768783505,-0.004959105634363376,-0.0010344385150657545,0.00519576292763295,3
0.34,0.04132569179061846,0.03530372735678187,0.010715359050734615,0.055398419533785784,3
0.35,0.04081418078910399,0.029074811467238598,0.021394239321579554,0.054487204841964086,3
0.36,0.003283543532452011,-0.007397119973781034,0.0012668995553439663,0.008191707790158808,3
0.37,0.0018444887407393033,0.0003358026389877905,-0.016463211202264367,0.01656961753383065,3
0.38,-0.018384446007295448,-0.009463683167478386,-0.005915692891296443,0.021506849524598217,3
0.39,-0.05764718833976037,-0.029109275746701902,-0.02694214581773781,0.06997447734168208,3
0.4,0.0001481352772929323,-0.009280702908091363,-0.007505242719075374,0.011936584888521007,3
0.41,0.02819601710034462,0.019586666286431242,0.00639169767344931,0.03492143576211788,3
0.42,0.026198207322172276,0.01592324409569139,0.007344770082464284,0.031525250466741005,3
0.43,0.044480549163896724,0.02376740393123821,0.009748774741397966,0.05136581891210331,3
0.44,0.0006655645489339022,0.004621837197324162,0.002670940717148816,0.005379431155976466,3
0.45,-0.03578655386306772,-0.01852988168001661,-0.016155376624056687,0.04341693386611702,3
0.46,-0.037615107844787436,-0.026563785242584074,-0.009509816767058754,0.04702092767621826,3
0.47,-0.025110703085814673,-0.01819425574314038,-0.020850571780695867,0.03736742826436802,3
0.48,0.033425134517698865,0.019692027611711398,0.02009441692783694,0.04368982902983723,3
0.49,0.038755438198813275,0.0323564482780702,0.013626761613230318,0.0522935212738373,3
0.5,0.01891349465308692,0.01801925225502602,0.01519902070021141,0.030222904593504293,3
0.51,0.010427260384221992,0.0006494251667771836,0.006550087179874968,0.012330983506256561,3
0.52,0.008884471746818192,0.014164709131468403,-0.0012951366530339322,0.016770515852207617,3
0.53,-0.037656847892459336,-0.0191164921019264,-0.025116143192618158,0.0491355178292743,3
0.54,-0.0413964718312622,-0.033849585461730086,-0.013840043793643234,0.05523594054795678,3
0.55,-0.0033705429342227307,0.0035709571192611856,0.00756503469050983,0.009018982441919824,3
0.56,0.044150353081856,0.047483068290694416,0.01935946315154796,0.06766597568252042,3
0.57,0.01990879658924779,0.016864726569862484,0.021765688235834864,0.033978292604070474,3
0.58,0.016553599175988597,0.020736211844060354,0.014750286754063728,0.03035758697011584,3
0.59,0.00244174807558646,0.010280049606566997,0.00800935182316171,0.01325863002746861,3
0.6,-0.026136924500130748,-0.013293759022304315,-0.020990317177273843,0.03606183947708699,3
0.61,-0.04190359754736177,-0.03661623827946263,-0.02372360929025962,0.0604935536309989,3
0.62,-0.014052221519811026,-0.013398259489480521,-0.019921675545364875,0.027818185482235965,3
0.63,0.0359853916994861,0.018324973404031157,0.01944210464942138,0.04481906401547164,3
0.64,0.024157923276744438,0.01239540299404798,0.009287000027957255,0.028696683466024473,3
0.65,0.020214339001610696,0.01750453017400312,0.010712110786840132,0.028805856963370517,3
0.66,0.005828886811956783,0.007880408837807799,0.0008155356543536041,0.009835744167124566,3
0.67,-0.03405336359187145,-0.02592408071909023,-0.014486781376733147,0.04518358515774688,3
0.68,-0.04498838626359508,-0.026814923536630526,-0.03102642937592687,0.06087392169638121,3
0.69,-0.0456848754626593,-0.04549565866535305,-0.023503139377188103,0.06862477951889197,3
0.7,0.0355508194651519,0.021461551567204723,0.014897959689414224,0.04411811604344662,3
0.71,0.03387839192866765,0.02737864884160769,0.0097708436277184,0.04464084718351349,3
0.72,0.02443810085089939,0.02679368311854806,0.01640320485463916,0.03980185118507875,3
0.73,0.0017330500638199926,0.0034001212480910424,-0.0038629794937773574,0.005430183937471275,3
0.74,-0.01735653407402306,0.019337341227343707,-0.010591580777814682,0.028060000430834346,3
0.75,-0.039580269439201274,-0.02983577852800895,-0.016964603006910866,0.05238863583291952,3
0.76,-0.05013614066151744,-0.03351369686341596,-0.018905168974714927,0.06319973015644073,3
0.77,0.01634337470527166,0.028626943243277213,0.004495265572179865,0.03326883209214224,3
0.78,0.020928176292414207,0.0011592846179998718,0.003774782431675246,0.02129745257438981,3
0.79,0.009646472370221114,6.787726100789763e-05,0.006027662261764867,0.011375049400064407,3
0.8,0.02453944682015755,0.015004714994280615,0.009857534359266121,0.03040554071124278,3
0.81,-0.003172444701863446,0.010584065979126376,-0.002048917922290433,0.011237656458940395,3
0.82,-0.016052389936543912,-0.003889582303987881,8.168264344629843e-05,0.016517104626071494,3
0.83,-0.056500489758158946,-0.025814880559066833,-0.02842796929137085,0.06831444092738982,3
0.84,-0.005185505659947376,-0.008980296825327012,-0.006062037276247229,0.012011806523539064,3
0.85,0.03491047421718348,0.030787438728152525,0.015570203842567534,0.049081960445844904,3
0.86,0.03377414363562361,0.012091106261004158,0.009176566036195844,0.03702832690186382,3
0.87,0.014155298769201774,0.020435635690766087,-0.0013425503839551304,0.02489558456563204,3
0.88,0.005141422628807785,0.0020673726755635695,0.0035512819394598067,0.006581782421291138,3
0.89,-0.03083888072048087,-0.024425717593828753,-0.004448024024039876,0.039590872202869665,3
0.9,-0.04619297629163435,-0.040042304168139496,-0.008262653090279333,0.06168831832578675,3
0.91,-0.04080210959087707,-0.023939303034629204,-0.024346698393606106,0.0532039857484284,3
0.92,0.04706754264372341,0.0270812706316179,0.012776394205617898,0.05578516862427682,3
0.93,0.047343536720673644,0.019651459350830146,0.02385466213806372,0.05653879402286782,3
0.94,0.023720821090562706,0.024562088843317148,0.010175994095245052,0.03563038615260788,3
0.95,0.021555909268171792,0.01818775957947975,0.00992737753247382,0.02989991049436232,3
0.96,-0.012412756097395929,-0.009041289251337497,0.0008753263246183175,0.015381405053972168,3
0.97,-0.04325696014305282,-0.029685914948954385,-0.023593985153588355,0.05752472757520857,3
0.98,-0.038992423324854225,-0.02369153003297623,-0.014081919265286453,0.04774932588259332,3
0.99,0.006431833028214367,0.0015053683456517516,0.0011495496404792546,0.006704929107369105,3
1.0,0.04528371531954642,0.02723937383944433,0.028447862391424585,0.06001565824806187,3
1.01,0.014321730993450079,0.013313771276111096,-0.0006315663549661616,0.01956444122130951,3
1.02,0.019148936602589026,0.0062065409237529266,-0.0010686423670812507,0.020157998902592355,3
1.03,0.01574199678586238,0.011852287719470738,0.0069370340046984065,0.020890419521243712,3
1.04,-0.042782680341142236,-0.019533753179498455,-0.017874722291259415,0.05031332773172105,3
1.05,-0.053556413410917006,-0.03286450206002775,-0.02470563615205689,0.0675183928331565,3
1.06,-0.004482699514649619,-0.011779563165802212,0.001292628543411476,0.012669790521828142,3
1.07,0.03518419048125092,0.02639471694897165,0.009730956106010349,0.04504775076931565,3
1.08,0.024075849910299048,0.015518588520909808,0.019748111764201593,0.03479168085672145,3
1.09,0.023990882048170376,0.014309472470122965,0.006683818993048626,0.02872275857493963,3
1.1,0.01770089336538685,0.009115211829579717,0.011562043341318246,0.023023673878367627,3
1.11,-0.011315571490524647,-0.014590697880109617,0.0017536184332411393,0.018547393358507618,3
1.12,-0.043201924506581446,-0.03216210138706149,-0.017471654081365175,0.05662213121247618,3
1.13,-0.03134802751345957,-0.02986726022087082,-0.020664482198371983,0.04797679529327343,3
1.14,0.023871105582847593,0.01025402016977164,0.007068132101932474,0.02692458175719559,3
1.15,0.04684636174415306,0.029657645118946648,0.022828264401830195,0.05996071362371611,3
1.16,0.011081791062826533,0.01254602440789383,0.015969826876764542,0.02313534508230731,3
1.17,0.020650166264916524,0.01789530056952823,0.01225586592887207,0.029947911428160414,3
1.18,-0.0014308364990381853,0.009578566586600784,-0.004516616367533321,0.010686255394308838,3
1.19,-0.049967185221856836,-0.04106703562874976,-0.027089079609680045,0.0701216032933356,3
1.2,-0.03244537294981617,-0.0243355067274185,-0.013191788616167708,0.04264906095597588,3
1.21,0.020144924600547745,0.016062083063487078,0.007971110366563436,0.026969373370103487,3
1.22,0.03867305377425085,0.03461820858329804,0.009237510155664605,0.052719607809797245,3
1.23,-0.005399054427628329,-0.00876503985202887,-0.00098484860868564,0.010341452465789193,3
1.24,0.01379118670361585,0.007099622930808335,0.018004389952161224,0.023764669869432948,3
1.25,-0.0028949642906838805,-0.012682702369228836,-0.00038711665612564336,0.013014669297997066,3
1.26,-0.020878384031479846,-0.007835834191108525,0.005720508069570012,0.023022411468187114,3
1.27,-0.05401975724254403,-0.03134529535206465,-0.025971821384081942,0.0676402041633392,3
1.28,0.003494218633762265,0.009550413283561215,0.0033149185943369603,0.010696197597017123,3
1.29,0.032413781402247085,0.031414245446849454,0.01240582883047128,0.04681252642999001,3
1.3,0.023491253863659467,0.006893253057813714,0.01752667197315973,0.030108805626605263,3
1.31,0.007514697584531009,0.008379275563756535,-0.005253291696581256,0.012420950543726238,3
1.32,0.005514896896868299,0.002236910694249019,-0.0031685889052985687,0.00674224093962196,3
1.33,-0.022783414909225235,-0.014585214669162388,-0.00826795351999982,0.028287303464281176,3
1.34,-0.0619295899056322,-0.03344074887768775,-0.026468688290640606,0.07519407723489564,3
1.35,-0.013519901134570897,-0.012049202486052187,-0.007044169755735374,0.019431709517849286,3
1.36,0.037162400034827486,0.023079569514431526,0.008244171811824333,0.044516029407202326,3
1.37,0.031824732225340525,0.015387592973530609,0.016362795187804247,0.03895295451043099,3
1.38,0.009073549927369015,0.0023091487495945787,0.0029815130841145347,0.009826031574494284,3
1.39,-0.0020958586392074933,-0.0007260728912062408,0.003137970923028272,0.003842742092914405,3
1.4,-0.02840346373279744,-0.011552623291840425,-0.003739245088956504,0.030890157182811465,3
1.41,-0.0392822760033579,-0.02950187032160217,-0.01254765144048578,0.050704054247649115,3
1.42,-0.04770891151730479,-0.05127763150677239,-0.029946999054029175,0.0761732136873086,3
1.43,0.021023695692790893,-0.0009681927795142913,0.003985286383629359,0.0214199833193427,3
1.44,0.03056404931768242,0.01978217970533223,0.019747737244026533,0.04141821906899057,3
1.45,0.0208767035612871,0.005323880717643505,0.014557687642578747,0.026002052360928046,3
1.46,0.0300050778916621,0.022611892690822196,0.018662571348976104,0.04195109008955061,3
1.47,-0.008087705289358253,-0.01471342813225675,-0.008547323267667448,0.018840187878378687,3
1.48,-0.04695743109969465,-0.02596950644488306,-0.019238315439303322,0.05700463473626973,3
1.49,-0.03383514462565188,-0.02364790690249428,-0.01897395727468894,0.04543183429457298,3
1.5,-0.009834730827819368,-0.0018591808811352821,-0.005896895430647757,0.011616878226289281,3
1.51,0.03848079266944068,0.023552754225242913,0.028123880312095853,0.053164426827271176,3
1.52,0.03435206814779484,0.01960398370206038,0.021017503217162153,0.04478968859575618,3
1.53,0.018594260076644824,0.024286656754081412,0.015185951249715939,0.0341496898880096,3
1.54,0.0005073143950200545,-0.00500335582004564,0.008930729765352925,0.010249335173519298,3
1.55,-0.025241303224599734,-0.015773094931317833,-0.005515652070137591,0.030271047718031935,3
1.56,-0.039173751011202115,-0.023001961660347937,-0.023635310527288872,0.051208406655871924,3
1.57,-0.013164020650270569,-0.012062763883325209,-0.0035208097806916825,0.01819884099873998,3
1.58,0.035502469665707054,0.02106322616885079,0.015379614760310675,0.044052439196713915,3
1.59,0.032503209033221736,0.01643767402607336,0.00723705429944207,0.0371353023385811,3
1.6,0.007378241770784024,0.005291554457969066,0.00018703118740368094,0.00908151864364414,3
1.61,0.006199601659304718,-0.007270949496773423,-0.0010013406610167993,0.009607520514580704,3
1.62,-0.005684750298132908,0.005211575055599384,-0.0016528354512982618,0.007887253358510569,3
1.63,-0.042882807873193644,-0.03590979732429549,-0.007648865191518103,0.056453112347143765,3
1.64,-0.022859867114152044,-0.022758595795615844,-0.005000606833968659,0.03264250719189393,3
1.65,0.03170387472716183,0.023620646004182955,0.008436883474876021,0.04042587776584611,3
1.66,0.03604236177174779,0.029130881386433962,0.021775962734320756,0.05120402958208033,3
1.67,0.021456256400391505,0.026816356041039647,0.015873266158531928,0.0378344878196962,3
1.68,0.0406830569885586,0.026054686194048476,0.00914900606510685,0.049169727582975366,3
1.69,0.0026098562799595666,0.017246145039685582,0.010308632135203574,0.02026101589335707,3
1.7,-0.0285282320048751,-0.02673175233873506,-0.00738684068780448,0.03978708357960471,3
1.71,-0.03487304378755261,-0.021789186444768398,-0.004912112508315863,0.041412880583555085,3
1.72,0.03400335899985975,0.02704490341543876,0.010497832642937318,0.04469742402222833,3
1.73,0.03885401959006193,0.030309556737140787,0.030470667392377963,0.057937601255521436,3
1.74,0.013962844580462134,0.006803550134477872,0.012836946319049001,0.020150347739149324,3
1.75,0.005988528631208357,0.002589381151614233,0.0055749916646644325,0.008581835583149748,3
1.76,0.004010505049055325,0.0008479921517740375,3.951808930040875e-05,0.004099366184832793,3
1.77,-0.01738528879815516,-0.014413636155112744,-0.010610002129771543,0.024951419178094646,3
1.78,-0.040958791763107086,-0.03018987721423054,-0.0130103411807099,0.052519713313596464,3
1.79,-0.012489612093105795,-0.025337196453568862,0.00010794652709658799,0.028248461671668234,3
1.8,0.04117232411154358,0.0297163199242404,0.007198726605409524,0.051283931277986396,3
1.81,0.019449908567977847,-0.003192289148915603,0.013578084531061203,0.023934369280297022,3
1.82,0.004954047298392595,0.007612792633676531,-0.0011353381366591944,0.009153479611744562,3
1.83,0.008684559187884288,0.009084360914571075,-0.0012948352805984935,0.012634230483806071,3
1.84,0.0013749128703544264,-0.0022954504618542346,-0.008737422636724135,0.009137944657122431,3
1.85,-0.04285613033247396,-0.01311434619080774,-0.01938357199942625,0.04882987657718672,3
1.86,-0.040608790167393764,-0.036131282646954914,-0.024574390060089712,0.059652695424423176,3
1.87,0.03173217850480682,0.030755458642690463,0.01169979198882494,0.04571339542809022,3
1.88,0.016240847573179097,0.007604737866536777,0.009526331472881303,0.020306357606552302,3
1.89,0.04210854470475616,0.03194386063729473,0.012162683011714175,0.05423532638060544,3
1.9,0.0054820380564080725,0.0015380304834318277,0.004726952893613249,0.007400159638704465,3
1.91,-0.018789690402681056,-0.006145919701465932,-0.019962705695107233,0.028095095890118233,3
1.92,-0.04843952656748159,-0.03468985133494817,-0.02011584643449435,0.06288418559144039,3
1.93,-0.04420920193347723,-0.04335747928370331,-0.02251444029374912,0.06588796982129987,3
1.94,0.01431672303947125,-0.001494684294224521,0.010599716009632365,0.017876146654499818,3
1.95,0.03594498822993562,0.01748763692293633,0.020996314837210588,0.04515201945364045,3
1.96,0.021008952242232322,0.008475884828406121,0.012188193661153285,0.025724866620890005,3
1.97,0.00839045905406039,0.002828918383504066,0.009505421778331151,0.012990597582188564,3
1.98,0.02002310466779967,0.011948155744266126,0.011981686964605873,0.026215338425141625,3
1.99,-0.038434806055454185,-0.029751090786787084,-0.020798007811237966,0.0528669920502419,3
2.0,-0.04561276918690447,-0.02541168265017333,-0.01624483405715345,0.05468247398897927,3
2.01,-0.013350215796693573,-0.022900938578445086,0.0008415280119998415,0.026521489758061883,3
2.02,0.037046322877491086,0.02235660123974918,0.022364599490333627,0.048707524758496046,3
2.03,0.028922305703296666,0.012800335500934502,0.01801634619195617,0.03639968524918649,3
2.04,0.021339836203105124,0.018460400852673777,0.012453698029362428,0.030842658825453107,3
2.05,0.007905919811552089,-0.00808407060445807,0.005133535961002016,0.012418089912198886,3
2.06,-0.021365030292620005,-0.008448264878771742,-0.005525904568219512,0.02362992425217499,3
2.07,-0.04670678920989945,-0.03486531212186069,-0.02158481227302157,0.06215318389683933,3
2.08,-0.011076687208112172,-0.006520924560137481,-0.003547326057241505,0.013334128347280318,3
2.09,0.029374240110748767,0.01912023125767572,0.002923155748998752,0.035170642089160466,3
2.1,0.02511295965849945,0.013836704749857324,0.012417169759544896,0.03124581965609962,3
2.11,0.008166424322749354,0.01654588968363517,0.007803921696077664,0.020033924864607252,3
2.12,0.013862985892546802,0.0009017442385239466,0.004499712696323657,0.014602839959340754,3
2.13,-0.007167240624561517,0.003522969435386503,-0.008023261653973485,0.011320484944610536,3
2.14,-0.07201188985713078,-0.057076214392207225,-0.04316438958046703,0.10152128376845453,3
2.15,-0.026576486657080962,-0.022788103041960227,0.005626921404019944,0.035457996668904146,3
2.16,0.03165181302376323,0.021430234191190348,0.010553230363985588,0.039654292028680566,3
2.17,0.03820011531162743,0.03334028556379756,0.010048923644666148,0.05168949910488136,3
2.18,0.03694236291690832,0.0285880517647948,0.016701515288689985,0.04960801844993907,3
2.19,0.0026787535323143496,0.004123554920210829,0.005827851792680348,0.007625174239604567,3
2.2,0.00987394210463904,0.011533699695203074,0.005304888651340958,0.01608299738693062,3
2.21,-0.046128850469164054,-0.03228333466071432,-0.01545971721782986,0.058387390752434216,3
2.22,-0.03248106440358864,-0.005719687864770073,-0.01379083051848497,0.035748026245515256,3
2.23,0.005191849830114291,0.00594316188016941,0.002306503854168136,0.008221705286718143,3
2.24,0.05422429033300272,0.03597799522939356,0.025218891900866666,0.06979027376040042,3
2.25,-0.010872802242035538,-0.013149897568019906,-0.015614479959499886,0.02312897790758278,3
2.26,0.014851150529651639,0.014226133231451811,0.012126260711401774,0.023874374077958064,3
2.27,-0.0051325678891685905,-0.004294913431085535,-0.001027363771573832,0.006770894389708486,3
2.28,-0.036659706052350076,-0.030523802335780708,-0.02433629469755649,0.053552701112874225,3
2.29,-0.05037258657445913,-0.036220645772578275,-0.03023277327331777,0.06901705034395349,3
2.3,-0.014354294522999092,-0.02419734544200284,-0.007494915796532234,0.0291158214805924,3
2.31,0.029845481898137852,0.027698874546118506,0.0008644518174253813,0.040727481112859606,3
2.32,0.040942736093193294,0.04151720255436586,0.022058775525573258,0.06234240390316005,3
2.33,0.02500439814491668,0.025734247613326336,0.008697667281776691,0.03692046645098073,3
2.34,0.012517105921114316,0.0017033536627399058,0.006300669599720374,0.014116578613304466,3
2.35,-0.017917746316835275,-0.019851308987133224,-0.003690994203550976,0.026995250319042187,3
2.36,-0.06670943268913007,-0.048560682386182455,-0.026861514360510545,0.08677458866083539,3
2.37,-0.023252103923176545,-0.007655525876720295,-0.003565816653811466,0.024738279279528222,3
2.38,0.01768743928704338,0.011755112827249486,0.008401384901297106,0.022838814644677907,3
2.39,0.04619037875635544,0.05036620140083238,0.018228026185816027,0.07072882207301048,3
2.4,0.03603823484107832,0.015891720878953103,0.01399397660971137,0.04179871462507447,3
2.41,0.003212702515575712,-0.008529411923740108,0.011108032168046672,0.014368740510733224,3
2.42,-0.011625373922783764,-0.011212250393467486,-0.004287173308025923,0.01671058744339655,3
2.43,-0.02143547852872611,-0.012575166097850662,-0.002523670045700745,0.024979660779193495,3
2.44,-0.032522832423183275,-0.015759675552212898,-0.015889696849243,0.03947891169090558,3
2.45,-0.000936746131277609,-0.0001507258655658527,-0.0021360316198419512,0.002337272487746941,3
2.46,0.025727356697784073,0.029782063855378987,0.011986845200873291,0.0411406449634736,3
2.47,0.019968004169312763,0.004764915136754566,0.005685810410063617,0.02130150339260946,3
2.48,0.014551032455020744,-0.00038373431163953205,0.006993617712142375,0.01614900883127469,3
2.49,-0.002879527703123428,0.004895669526641238,-0.006431264060221422,0.008580234106330355,3
2.5,-0.03387366538557891,-0.02125626260003903,-0.01963509890984394,0.04455099342972432,3
2.51,-0.04295037933910476,-0.022325561377591653,-0.008820025884478232,0.04920323803166287,3
2.52,0.007139584720444108,0.006889027746375083,0.0037685147481563578,0.010612920270962027,3
2.53,0.032978457522029395,0.013077002135133384,0.015320221215169101,0.03864318598998144,3
2.54,0.030780462816474924,0.031491347659521114,0.008140910555297563,0.044781874606570196,3
2.55,0.020624337380757602,0.02800955957144344,0.009945780296688364,0.03617757959692092,3
2.56,0.006196619744919623,0.015485357639822749,-0.004911584037638356,0.017387295800530004,3
2.57,-0.020828527268503472,-0.018488483938818624,-0.007290536349997665,0.028788947650120595,3
2.58,-0.04841215396143078,-0.023724575035673538,-0.02288207293942921,0.058567750288140145,3
2.59,-0.03379039882220022,-0.03310455173819003,-0.006909669145446775,0.047806337718438445,3
2.6,0.017079483649164392,0.006747396695939796,0.006609360055252358,0.019517165886327313,3
2.61,0.04859087450998446,0.020715952653413725,0.017711223020364847,0.055712756177204496,3
2.62,0.03339062590316545,0.04286894328233448,0.004140623868187518,0.054496100432663605,3
2.63,0.011298292662969719,0.023736183763430185,0.004012486984588408,0.02659244043992453,3
2.64,-0.0014772706328480423,0.012464789964805493,-0.0049780457680810245,0.013503120271200297,3
2.65,-0.04908904267049398,-0.022440227484170835,-0.02875892911012543,0.06115859648003815,3
2.66,-0.017960526688006993,-0.011461823642807121,-0.005420175771930388,0.021984818069023106,3
2.67,0.01408053637342914,0.01700032882420078,0.008850459160093225,0.02378241602610826,3
2.68,0.052057154627055166,0.037305533805397854,0.026384257437532574,0.06926600350028003,3
2.69,0.04426504386739477,0.019186782787670928,0.021036580884945137,0.05263140201108543,3
2.7,0.01638006388183473,0.013696049591683883,0.002155778577314405,0.021460094325637495,3
2.71,-0.00778817363221796,0.005968387168113012,0.0022729688720701086,0.010071925407163757,3
2.72,-0.02197536913874064,-0.021639193323958212,-0.0118366672126233,0.03303450055923267,3
2.73,-0.05677061670930945,-0.04239993055758381,-0.020631793190580894,0.07379924066751739,3
2.74,-0.005248753168973958,-0.005518007962614227,-0.00258842215754149,0.008043491217744937,3
2.75,0.043916924077264705,0.02892438395967542,0.026635530222689444,0.05894716005117434,3
2.76,0.0543886358043675,0.04137998904786669,0.02896671053045627,0.07422598949974961,3
2.77,0.02176745025258544,0.03236060703214289,0.02054932882581477,0.044082941067708034,3
2.78,0.00015105916271920556,-0.0038884586378239248,-0.00023600802103327693,0.003898541937019655,3
2.79,-0.021241432577030633,-0.02318498711702046,-0.004886276346086583,0.03182165586626925,3
2.8,-0.03520366837030559,-0.0251908203783576,-0.019989611959384868,0.0476808167332305,3
2.81,-0.007514141728110289,0.0008308774735817353,-0.001871259968900664,0.007788086874030359,3
2.82,0.032919649147900756,0.030621604522286308,0.01583815303848271,0.047667945783414954,3
2.83,0.025268058910136008,0.017164299389885118,0.018414972038368484,0.03566790111298403,3
2.84,0.006489209522130043,0.0035674057533509745,-0.0031331829540928243,0.008040712621090415,3
2.85,0.00399049157269557,-0.0010735968674279363,0.007849410607220147,0.008870731655632787,3
2.86,-0.018925223767038153,-0.012718259020175057,-0.016994661009935408,0.02843829653793189,3
2.87,-0.04609683398726425,-0.04221499210400661,-0.021494076849719865,0.06609855521577157,3
2.88,-0.023590869742528185,-0.021111384173745196,-0.007569415552392916,0.032550203205897174,3
2.89,0.022780482834754468,0.010762106118836589,0.009369737774374626,0.02688057499865257,3
2.9,0.04465700013335787,0.021794574133792592,0.024998493349151815,0.0556253161097687,3
2.91,0.025777090449965775,0.010732567446543877,0.003823511998441498,0.0281827188195631,3
2.92,0.00828750338921667,0.010835321285514777,0.007190064429893341,0.015420244041279788,3
2.93,-0.01181846739957869,-0.012363053086270316,-0.010686921616662407,0.020167586542011628,3
2.94,-0.0414953805310308,-0.03057546547909319,-0.008916477381046133,0.052308978804455515,3
2.95,-0.03540044924091358,-0.03915305683824335,-0.019550641158974955,0.056288375673528006,3
2.96,-0.002973498514051069,0.0005082161578414332,-0.00311191047907997,0.004334047058577323,3
2.97,0.05255306669539843,0.02760046643326699,0.022161128115548753,0.06336186681102964,3
2.98,0.03539479261984312,0.02706915422023652,0.011442743486397376,0.04600507399511645,3
2.99,0.007817025029272572,0.0024473028618354157,0.008490955087843316,0.011797944308632497,3
3.0,0.0173024406235863,0.017648916877181137,0.005751569150162326,0.025375958428391972,3
3.01,-0.023772497722846557,-0.02581966106139037,-0.004967381750567347,0.035446599650230094,3
3.02,-0.06561579705658446,-0.0384152744333783,-0.024508310089212178,0.07988631545259567,3
3.03,-0.014365917385366057,-0.00428893305090369,-0.011444319663343737,0.0188612560980199,3
3.04,0.04977298748261129,0.033354868285008624,0.027622643264772095,0.06597657116118807,3
3.05,0.04783734993189456,0.03786439326734383,0.017887249916339856,0.06357733900990356,3
3.06,0.041058590437855834,0.030797204745159512,0.0157866648879757,0.05369817927215137,3
3.07,-0.011526232252674249,-0.018401798718635773,-0.014497588980147826,0.02610862524647893,3
3.08,-0.013088372155315085,-0.013221599537489146,-0.0014673134311277303,0.018661971726238583,3
3.09,-0.058360360745934946,-0.05072403951227325,-0.03193091896956744,0.0836567001326218,3
3.1,-0.04326379031546915,-0.03042171385312009,-0.026945769477098216,0.05935748241742501,3
3.11,0.018978324879855502,0.009562960259526876,0.0010858981341618206,0.02127924338242337,3
3.12,0.05537168226964333,0.03853503545609438,0.025477667910900604,0.072111605980944,3
3.13,0.022977640262328715,0.021150785767348666,0.011334275644788925,0.03322338777116692,3
3.14,-0.004574505863269027,-0.00409817372451488,0.001773439570381648,0.006392669213965502,3
3.15,0.006082124791725185,-0.005940489339941214,-0.001084450354255796,0.008570746067345529,3
3.16,-0.051922193010885465,-0.04384802143430462,-0.01117902072208945,0.06887331569677611,3
3.17,-0.06302491006612396,-0.047017032996517,-0.014860984120742628,0.08002243141566961,3
3.18,0.0072746988496765995,0.0091453280371993,0.004968661355577563,0.012698262240475251,3
3.19,0.046045470788866776,0.03268326176874281,0.016150175010764444,0.05872996792857007,3
3.2,0.03443549632241197,0.004494327494499371,0.02307613035825471,0.04169544554156755,3
3.21,0.012840883857059435,0.006370414755963862,0.0002888111705315879,0.014337150842678456,3
3.22,0.01751763246151902,0.0039876555635620335,0.014808275706294423,0.023282050454032217,3
3.23,-0.04309927965223872,-0.03918715988250241,-0.008157409951236852,0.05881942488082677,3
3.24,-0.045446413270064184,-0.0321129710847605,-0.02204685469336251,0.059855519318391774,3
3.25,-0.02045265905575331,-0.020327313738740634,-0.01210042977913501,0.03127189388450688,3
3.26,0.015816296018606773,0.015253589027516928,0.004792683052255914,0.022489931276194742,3
3.27,0.027540048732720823,0.014847871966741356,0.011141208724412873,0.0332120477836329,3
3.28,0.013443183011187477,-0.0007970659091863144,-0.001779437365953528,0.01358384632109839,3
3.29,-0.0005528169419629497,-0.005138561602091374,0.0030909659313788293,0.006022000689036305,3
3.3,-0.01224997558197856,0.004898041795351487,0.004279370034114858,0.013869597076950764,3
3.31,-0.06899870869204934,-0.0512974826837245,-0.02524291893891887,0.08960724573054418,3
3.32,-0.02084868064633392,-0.01534529601356347,-0.012361145896563577,0.028686992214466054,3
3.33,0.01950708117233423,0.017152574701818215,0.012700165668695758,0.02891420486158679,3
3.34,0.022584640955819843,0.011265206966436854,0.017402677194309553,0.0306565501749511,3
3.35,0.016773446018554895,0.0016140924303965232,0.013748085725329501,0.021747727394425542,3
3.36,-0.0066237114242166245,0.0041827545676732525,-0.0038748437284387097,0.008739759877966331,3
3.37,-0.02399316488777042,-0.010030591373424842,-0.0022853697852420266,0.026105701287030415,3
3.38,-0.05659635564515665,-0.04252201596572698,-0.025702041750816577,0.07531178038171261,3
3.39,-0.0520820260280577,-0.04301728664276098,-0.03824390612646756,0.07762487192326184,3
3.4,0.0060609826150512455,-0.005193433292557701,-0.013204823574368304,0.015429667049369312,3
3.41,0.036368871169368364,0.01749490969838355,0.011550032347034292,0.04197820747371482,3
3.42,0.022110227003290066,0.03182639637452588,0.018280284258778777,0.04284799221558936,3
3.43,0.003114969691844138,0.005780698326364369,0.005297407173344083,0.008436944475444692,3
3.44,-0.0031784755443190465,0.001259758344894845,0.00018834806248445627,0.003424203975526006,3
3.45,-0.03790002547211985,-0.04316824177993731,-0.01314304347587246,0.05892918310113532,3
3.46,-0.05083623971289932,-0.031396006311107505,-0.020991773938169984,0.06332998542164443,3
3.47,0.002195002530743297,0.014535354634387659,0.0043958419493561034,0.015343337215257415,3
3.48,0.0374979530444491,0.016977599640361874,0.01693080919034572,0.044508287676701515,3
3.49,0.017689130530968773,0.018911111269326254,-0.0025706587886802825,0.02602198599243165,3
3.5,-0.025359050978131382,-0.009875218101030618,-0.022875191583730834,0.03555103077333735,3
3.51,0.003052647584593668,-0.01765262786709634,0.0021423295801910667,0.01804226992149473,3
3.52,-0.01640823603737416,-0.013130244241661202,-0.008377191784366878,0.022623237299200242,3
3.53,-0.050993613300378084,-0.034392577292666184,-0.01935925416076659,0.06448239055681537,3
3.54,-0.006854662263938152,-0.0031670637763276973,0.0017781006875229283,0.007757469289075805,3
3.55,0.03132468295133511,0.014881383595852227,0.02085783375595192,0.040469007508456285,3
3.56,0.05135491834764053,0.029080402249450625,0.028139287601655707,0.0653820842449319,3
3.57,0.01498467619012684,0.009186653954666734,0.0059669346461689995,0.018561773635011287,3
3.58,0.020125376588308434,0.006759409696260935,0.008217890143952383,0.0227651953798163,3
3.59,-0.020357780517104497,0.007187878026868705,-0.00995192326149253,0.023772791058568988,3
3.6,-0.04599998034033955,-0.0424871716266586,-0.02284529103832477,0.06665632203152624,3
3.61,-0.0310626386911761,-0.017412986092589653,-0.015576077978521743,0.03886790208272452,3
3.62,0.019584564231366567,0.018782514038306195,0.010938730732621315,0.029257372058551088,3
3.63,0.04305472737737699,0.028656470263441782,0.02214669899148243,0.0562617020158394,3
3.64,0.03286978725015634,0.021942651614590913,0.013631559939467207,0.04180576874228169,3
3.65,0.0014625523294641025,0.0001046252973596753,0.008896655210856192,0.009016677864386811,3
3.66,-0.02083328746912771,-0.010730545369492417,-0.020914738440246407,0.03141013776986611,3
3.67,-0.05921454088209631,-0.05271883035258418,-0.029582465354243564,0.08462126908796054,3
3.68,-0.06429260484760325,-0.05467230754626189,-0.029953142909619625,0.08955328592903333,3
3.69,0.0007964250135022405,0.004004171334448886,-0.007926104677823079,0.008915762235589457,3
3.7,0.03925270549458262,0.03463619575880304,0.027887056931485257,0.05931381702088024,3
3.71,0.04686292210340903,0.024629779188696466,0.023652753980316906,0.05798458641576678,3
3.72,0.016856613467821625,0.009775466843018294,-0.004086416088100421,0.019909896183746948,3
3.73,-0.005086111644426216,0.006831196560969872,-7.71863145944112e-05,0.008517026232279387,3
3.74,-0.05378662875880081,-0.03593380229103469,-0.02529081551208488,0.06945404905111395,3
3.75,-0.03928587968779294,-0.029268195500131475,-0.019182559478809643,0.05261157856247737,3
3.76,9.673947270135569e-05,0.0007316085937052951,-0.005796480138059197,0.0058432689182406055,3
3.77,0.02213113723927755,0.017068020996256324,0.014732053518600585,0.03159332171689606,3
3.78,0.03228263966997496,0.02540365457236972,0.014398893977950418,0.043529790230162825,3
3.79,0.005789055884350525,0.016550919879259326,0.009600750119614868,0.01999051074237674,3
3.8,0.020194328669469092,0.0023839387861762026,0.021851390372455304,0.029849243470416616,3
3.81,-0.03081763367647218,-0.020754719917352452,-0.016478934848307338,0.040645297858420686,3
3.82,-0.04912706528788488,-0.027076457963442244,-0.02107738608554687,0.05992377928540025,3
3.83,-0.04298707122475111,-0.028969455863034364,-0.008306082441143298,0.05249865399228051,3
3.84,0.029292145185669072,0.024111680834089745,0.012891360377180649,0.040069815255347384,3
3.85,0.03919326939143531,0.01656290950069108,0.018284818745528154,0.04631173645280989,3
3.86,0.007458289285478668,-0.004721216371047825,0.004989226133672156,0.010139444782681797,3
3.87,0.03193883268532695,0.007923691492699364,0.021035217769516452,0.039055784549587094,3
3.88,-0.0082575018550132,-0.01037109671195724,0.0006488503093714172,0.013272791364980016,3
3.89,-0.04889761649323092,-0.042577421452527076,-0.022976724307547172,0.06878767023362711,3
3.9,-0.035753740041485293,-0.03266310008957375,-0.021334026601605882,0.05291832126450771,3
3.91,-0.010118291666586298,-0.006348954837413409,-0.003691366557152343,0.012502609361124885,3
3.92,0.02957392416305865,0.022574079688163644,0.009914766186454824,0.03850335897947054,3
3.93,0.02394157508428157,0.026675829261245287,0.010084039115300786,0.0372355573232135,3
3.94,0.0172929879384704,0.02347327917288454,0.015400103491234468,0.03297279870603934,3
3.95,0.00937815958016638,-0.002781746569976099,0.0047444525595100335,0.01087188213604625,3
3.96,-0.049309084957238986,-0.02793981583187668,-0.020477867329092857,0.06026078507941402,3
3.97,-0.061902658624626995,-0.052303828187194305,-0.026269019696739452,0.0851920828695973,3
3.98,0.0040817261386676875,-0.005640577059473909,0.004389035259084148,0.00823044520912631,3
3.99,0.03456675065574855,0.019802882524195774,0.01958662499616927,0.04439200700468897,3
4.0,0.02906294282066377,0.018600624165966504,0.01310685146218097,0.036911074490082026,3
4.01,0.018247351308423136,0.01383087649255706,0.007841624540988334,0.02420227364871345,3
4.02,0.011387760974821066,-0.0013829642408665285,0.017360441465378507,0.020808138263285512,3
4.03,-0.01304004285325006,-0.009203028266492682,-0.017058823202719002,0.0233611193214299,3
4.04,-0.05461295016705178,-0.03818896314257579,-0.028347053907402317,0.07241910450346005,3
4.05,-0.02258507307103131,-0.009592288287445551,-0.005397127522593272,0.025124221494574165,3
4.06,0.023954922820949413,0.015893928982330892,0.004067007070273334,0.02903439085571926,3
4.07,0.034347326202501284,0.022145283745652368,0.012625329006629105,0.042773254984418904,3
4.08,0.008500561662317396,0.0032909112531071504,0.0026178271775681014,0.009483810657235926,3
4.09,0.008337762481613232,-0.0005108285215772602,0.013480148457613549,0.015858550735094144,3
4.1,-0.012294378831927053,-0.016907381281722828,-0.00965116128752612,0.023025121212847725,3
4.11,-0.021143686200388888,-0.021736058057796135,-0.008051425647613488,0.03137414765362476,3
4.12,-0.06125282453861365,-0.05919341598501372,-0.033469243508872246,0.0915202669958368,3
4.13,0.014280409958478088,0.007391139163592355,0.008396339484200889,0.01813994386572736,3
4.14,0.048201217773462805,0.020248695342803796,0.017333256040965674,0.05508002199447767,3
4.15,0.020971943926836698,0.00863967990937535,0.0022424873587521942,0.022792438451403354,3
4.16,0.01492149018178004,0.019440582526848493,0.006681366184695494,0.025401334065795787,3
4.17,0.007926281628551224,0.007463607644132692,0.0046243349522444195,0.011828603183436918,3
4.18,-0.021099019216682287,-0.012716231216384214,-0.013049635384799696,0.02787766367417989,3
4.19,-0.05015172034341197,-0.04215575073561091,-0.030156088685424905,0.072122756868342,3
4.2,0.00029201573634301875,0.0002557166519276014,-0.0014641394724221365,0.001514717330411714,3
4.21,0.038927716156709806,0.030413749923818418,0.019896842653102403,0.053256432636520495,3
4.22,0.03532710695262509,0.0189611660427549,0.024208759176123744,0.04683582308650814,3
4.23,0.024690904796611242,0.014679433993119495,0.010289897761438961,0.03051243284260596,3
4.24,-0.009346324767285086,-0.004102489246452674,-0.007185682540122279,0.012482717582331366,3
4.25,-0.03890432106315008,-0.03569210949608044,-0.025245082530427246,0.05852168033842621,3
4.26,-0.05337716916189967,-0.04251277514871964,-0.020283778773460756,0.07118911377390748,3
4.27,-0.015465607832610681,-0.005959503847715203,-0.010427871329728099,0.019581654991660088,3
4.28,0.029632925243989323,0.01099431921373132,0.009989296019064014,0.033147720109319274,3
4.29,0.03409035459790929,0.0199483810117305,0.009695789173909786,0.04067060989590974,3
4.3,0.014696851717075222,0.024647251285014153,0.011935022504950323,0.03107940167528969,3
4.31,0.011559643518032344,-0.00016103126817075715,0.005069963764763783,0.012623621584526908,3
4.32,0.0012035520636901904,-3.965577544644641e-05,0.002082277730644808,0.002405408634323588,3
4.33,-0.043427627283198794,-0.031430265088579726,-0.015555325708071905,0.05581924876663093,3
4.34,-0.034787380014360735,-0.026574788861007143,-0.014631186875756139,0.04615682875441024,3
4.35,0.023486433660662956,0.009110597484544375,0.007449225950667207,0.02626987856626296,3
4.36,0.04439330754251426,0.03832042841115615,0.02391438879077002,0.0633333954514907,3
4.37,0.03360741084087614,0.028986749952107007,0.015938205835878995,0.04715629482349373,3
4.38,0.020577889261706152,0.007551839824534429,0.02293405803282197,0.031724609202562475,3
4.39,0.0018842422623543227,0.005683392611289464,0.016932521608156486,0.01796000023630256,3
4.4,-0.050100467251632794,-0.03209786816800613,-0.022253786786402007,0.06352606540702227,3
4.41,-0.0481688411016266,-0.03170780080117571,-0.014464923256035869,0.05945465406108927,3
4.42,0.0247355068555895,0.023924627053773972,0.013698111858409547,0.03703878166936095,3
4.43,0.037943879011826775,0.021905551622735563,0.006874461168001689,0.04434917544567029,3
4.44,0.011871746866003122,0.016630064002813538,-0.0008949752476075769,0.020452344195274044,3
4.45,0.010724193872877624,0.0006516155391429971,-0.0035816797683984967,0.011325253506976067,3
4.46,0.022757373604458946,0.031968543328105795,0.008043122020472113,0.04005717947796757,3
4.47,-0.024123287910025038,-0.009634054295365315,-0.007733573839275108,0.027102697026006976,3
4.48,-0.035318953252290085,-0.03646713804370405,-0.014515968762279504,0.05280145798217596,3
4.49,-0.019577555381592546,-0.016305868238070006,-0.007622932773174088,0.026594569328736176,3
4.5,0.03222861909654952,0.02274213937320293,0.01784132757350233,0.04329205194635243,3
4.51,0.025468670910636003,0.020013170385957457,0.006413839724536987,0.03301995649397028,3
4.52,0.014847831265259393,0.006253463065311626,0.01730017416416975,0.02364021826678928,3
4.53,-0.0027220912804738068,0.004702851601908972,-0.003976395721500504,0.006733373379130021,3
4.54,-0.027480799521858085,-0.013762747966268956,0.0010885081263659734,0.030753738372509457,3
4.55,-0.050371052494995565,-0.023159645215633674,-0.022336311592715707,0.05977058567167055,3
4.56,-0.04373861249031129,-0.04583209432779786,-0.029463692188056778,0.06986956598120768,3
4.57,0.027455988706881703,0.019387892273980186,-0.0005881948747527635,0.033616478933858635,3
4.58,0.05401521772856284,0.038464245692518224,0.030074795631669475,0.07281232914311382,3
4.59,0.012255457141710583,0.0031879349428300795,0.0027675891515691366,0.012962203079102915,3
4.6,0.01742519833465443,0.010093531105684683,0.0055824702157907455,0.02089691079785858,3
4.61,-0.005878939614616278,-0.0009846123016532251,0.004274672574593056,0.00733513585401453,3
4.62,-0.048879883288553805,-0.026818871438722455,-0.026064697331931022,0.06154561968616887,3
4.63,-0.04368004270673122,-0.02343256062489478,-0.021361613267260635,0.05397545321422728,3
4.64,-0.010336710876153385,-0.012704335579090517,0.0014314146291001242,0.01644070199485821,3
4.65,0.04622053440570119,0.03909478908442025,0.011235846712750873,0.06157097194016306,3
4.66,0.028957934029425772,0.02401593449566263,0.010733175317311085,0.03912196448728859,3
4.67,0.029560820641782275,0.027198338205842828,0.02468993800775765,0.04715066019688321,3
4.68,0.006203007920058578,-0.011989301229675718,-0.0013611054720701508,0.013567360072553263,3
4.69,-0.03127818297250362,-0.02438832683347174,-0.01115787525324829,0.0412021042662229,3
4.7,-0.051298909115518036,-0.042998246945132865,-0.018890517580610576,0.06955054975526911,3
4.71,-0.012190459966916728,-0.0053292613981174245,-0.007126400173354317,0.015092843359859278,3
4.72,0.05435499339836039,0.03896722853923185,0.027626118772856544,0.07236098842481703,3
4.73,0.024091159260716203,0.020572730733856237,0.011138882144222432,0.03358118371641807,3
4.74,0.003999222173611238,-0.001427861298589839,0.005928962781520582,0.007292816023085372,3
4.75,0.021809343017009056,0.017345635110763643,0.003940992419513996,0.028143381486239086,3
4.76,-0.009133070177017347,-0.0027275032871036903,-0.0011030062028178893,0.009595252353270332,3
4.77,-0.04837202661395361,-0.04410805451340215,-0.03138495220041988,0.07259744249159837,3
4.78,-0.040993686770183994,-0.026935777888005323,-0.013570373726286188,0.050893747440279864,3
4.79,0.029849252106676907,0.01195215012536408,0.012453069097884439,0.034480584013381804,3
4.8,0.041258032643017764,0.04315175444194452,0.020667478674969403,0.06317787463796573,3
4.81,0.036598876752581035,0.03476128143859963,0.029263124677304776,0.05834513632414985,3
4.82,0.02888915860014151,0.02129203243854676,0.02214253923490392,0.04216901912254442,3
4.83,-0.032988114218481315,-0.019836786721197135,-0.013972202380031513,0.04095041179844704,3
4.84,-0.04161750737976774,-0.018115076613962076,-0.02461121901551816,0.051632209159250014,3
4.85,-0.03878029440646308,-0.030556696293802733,-0.01272957689028282,0.050986910579572005,3
4.86,0.009709380638688673,0.014461954404393573,0.016043696393787513,0.02368164672394493,3
4.87,0.03132960411041831,0.02098775715110188,0.016966875712549054,0.041350996546567716,3
4.88,0.0212272225932575,0.0013678076060962725,0.0029974213067069976,0.021481396862422553,3
4.89,0.009861171452000713,0.011769657818782026,0.010995071431262857,0.018885421450302437,3
4.9,0.009019657011740286,0.011675068725106218,0.011342043419740322,0.018609228658938656,3
4.91,-0.03434330807411363,-0.029761701466716403,-0.014495203298497806,0.0477004465632368,3
4.92,-0.03451175151992414,-0.023431129818725995,-0.023057365692837024,0.04766257389449498,3
4.93,0.0006287743368281395,0.01323753852342063,0.0023820562606480782,0.013464842195681002,3
4.94,0.038597210497872576,0.032899904981693665,0.023934195576931605,0.05608024718148422,3
4.95,0.04623517787883438,0.031400497500725585,0.021414505716117426,0.05985201727465964,3
4.96,0.001316714939120148,-0.008455883386345684,0.007943558695736807,0.01167629336848792,3
4.97,0.011177349405461227,0.02895578581421923,-0.004720455782330855,0.03139511705096264,3
4.98,-0.026807918827987613,-0.011805729241058192,-0.01012527339591552,0.030992917193177923,3
4.99,-0.042424506483506375,-0.02320363073857366,-0.024305155901971298,0.054120124105920944,3
5.0,-0.009950068673526415,-0.012611181066019772,-0.0022319352600986106,0.016218116089518498,3
5.01,0.01326649620381641,0.011048714914003447,0.007073522388340758,0.018657672463497567,3
5.02,0.026644502107173337,0.019271336536177783,0.013087843627906166,0.03539216799319179,3
5.03,0.026769409108216652,0.019688948576974334,0.014806996784250171,0.0363799823232311,3
5.04,0.011189630478616892,-0.004301262798697324,0.008500995878805366,0.014696109105573334,3
5.05,0.02093174634723534,0.01997868893091732,0.009121530133836936,0.03033955056565363,3
5.06,-0.03777864035741095,-0.01794865351961652,-0.01573751328532079,0.044688355919942836,3
5.07,-0.01907870932969326,-0.010677287716293124,-0.009521354874112039,0.02384654736648905,3
5.08,0.009396591141646479,-0.009116245342056944,0.015976876343964285,0.020655808672868984,3
5.09,0.026728159087048144,0.021752853868308872,0.014177293435264257,0.03726361212695492,3
5.1,0.03613628067765234,0.023313597566115854,0.020260252645654356,0.047537695042509334,3
5.11,0.015115160168529315,0.01914751529187711,-0.001851395556922107,0.024464731232555034,3
5.12,-0.0021995421332802368,0.0020556921621379945,0.008489197212008026,0.009007237377016074,3
5.13,-0.04295827426520295,-0.03250071765302105,-0.02043541436280903,0.05761350654130934,3
5.14,-0.03136654488980397,-0.014021445755785514,-0.008505890721253675,0.03539507389974532,3
5.15,0.008001512042234671,-0.00039993768660710055,0.0025310368259787216,0.008401802933278996,3
5.16,0.035318023045894084,0.027132596518537493,0.00791273825139159,0.04523441137389868,3
5.17,0.049878691220485605,0.03481046980878633,0.021291321699730262,0.06444356465853186,3
5.18,0.008938190103568111,-0.010473415289055366,0.011799326732674123,0.018133057698274162,3
5.19,0.010405804474711233,0.013254416975190517,0.013694323764894087,0.021713931921600056,3
5.2,-0.03414901613838221,-0.030816477499350407,-0.002183605152462872,0.04604974180328616,3
5.21,-0.05903065406381222,-0.03156312207814275,-0.021023604091910134,0.07016295834366303,3
5.22,-0.008026654224991445,-0.010640094108204549,-0.004288202249766289,0.014000980651865884,3
5.23,0.04745363074709215,0.028344217769780057,0.029184576273794186,0.06250584968099382,3
5.24,0.041205027079906066,0.029874387658052736,0.023813318311522464,0.05619081262631193,3
5.25,0.0030842020336622426,0.007326632170803904,0.008755600828375721,0.011825920134034334,3
5.26,-0.0031140315088758457,0.0066783717181653,-0.004239074389491452,0.008501034803122738,3
5.27,-0.022023960061668773,-0.00435833836026123,-0.010205969842186831,0.024661949446062304,3
5.28,-0.04592487777214754,-0.03816683173682061,-0.020081563840522617,0.06300056070777826,3
5.29,-0.02998839902711283,-0.023329406364666943,-0.0217785802783041,0.04379351363473409,3
5.3,0.020662977039996186,0.015027856596971237,0.0007945416474314237,0.025562206291399117,3
5.31,0.027142114951553706,0.02105736869783543,0.01430230260215443,0.0372110607245148,3
5.32,0.03496902369264979,0.02635834100723236,0.021875988337434888,0.04895052220773785,3
5.33,0.005697455803825851,-0.004254415347375578,0.012744034859853468,0.014593542307942036,3
5.34,-0.013842641334341379,-0.02539198094557857,-0.017732767209998737,0.033923774088032245,3
5.35,-0.06046494095945302,-0.052295442181450734,-0.029598768739377248,0.08524616982053054,3
5.36,-0.04324878644842945,-0.014883883046613934,-0.012343651133949082,0.04737460529781519,3
5.37,0.020509742282210086,0.008176726083423218,0.0076537469836359655,0.023368530566031026,3
5.38,0.04777901126057856,0.038960861388711146,0.014289304522092343,0.06328480750475539,3
5.39,0.02465210924506781,0.017346550609348768,0.0158113593252321,0.034038630877064664,3
5.4,-0.0061386869860420214,-0.02129002935474761,0.0024433343857167503,0.022291673574656577,3
5.41,0.008976243218726091,-0.011606471815038225,0.002385069491929433,0.014865116440725763,3
5.42,-0.028041582682729552,-0.017229083241717527,-0.01789640436666397,0.03746268754317473,3
5.43,-0.053779285942932915,-0.03113236518251991,-0.017422033538838876,0.0645365246276707,3
5.44,0.00030540533817701755,-0.0007025064684258379,-0.010503566841877341,0.010531462584112061,3
5.45,0.03080348207449484,0.026487995279646646,0.023060936806874464,0.0467148285692987,3
5.46,0.013643275992600998,0.01548320205315657,0.014284633662312338,0.025098192853184098,3
5.47,0.03322944727901893,0.006604344813287078,0.010477023802817367,0.03546239648764155,3
5.48,0.005837838461880662,0.019445792224631844,-0.0007022649294385419,0.020315323506695255,3
5.49,-0.029743265918400555,-0.024255393410111507,-0.010723136410337487,0.0398493617445333,3
5.5,-0.056499592607192096,-0.034517847776654446,-0.017361997627847105,0.06844797105495774,3
5.51,-0.03541727365172902,-0.02189198425093707,-0.014797317919992817,0.044188266146003914,3
5.52,0.03191284076452853,0.006036196711318029,0.012026998359566712,0.03463399725617736,3
5.53,0.046378543000912216,0.029231515933506234,0.019188508531337214,0.05808312693300433,3
5.54,0.02230657863520114,0.019854590614494575,0.012963543257540374,0.03255520960872021,3
5.55,0.017071176582676956,0.010253583585745508,0.0029936273999267545,0.020137597952000135,3
5.56,-0.009162795115901646,0.008329937844514936,-0.0029718577541763104,0.012734858355730976,3
5.57,-0.01836706199047116,0.004671734753361426,0.00901302674236334,0.02098591725005443,3
5.58,-0.028367954219097012,-0.011375282530342989,-0.01748840018656519,0.03521337842791236,3
5.59,0.01031892687835346,-0.0019462471193819521,0.008015211266119343,0.013210289225109135,3
5.6,0.03783527521525359,0.035982350380740324,0.02312900449458652,0.05710681604193101,3
5.61,0.013628965901397998,-0.0023377690843296457,0.010784203976597025,0.017536046625222228,3
5.62,0.013720348790452608,0.003910708920231976,0.009665507669870378,0.017232633394428706,3
5.63,-0.0016335763847890386,0.0024074153686976683,0.011735632745775533,0.01209087658137743,3
5.64,-0.026883656802286025,-0.006805910334874174,-0.014750282112359837,0.03141054346781745,3
5.65,-0.05155328303432963,-0.029325343399366977,-0.034693963976963754,0.0687123561926336,3
5.66,0.0071805593111539025,2.42253097824845e-05,-0.005406714027308442,0.008988524654231469,3
5.67,0.03307538377003197,0.022286257163949157,0.005806886411697791,0.040303575520180955,3
5.68,0.013412572248084512,0.020056711014941397,0.00604598251172388,0.02487413627805053,3
5.69,0.015423119288648748,-0.0015177435211069512,0.003811185061293234,0.015959363569991628,3
5.7,-0.010506649341582765,-0.01437306010204947,-0.018423334972771967,0.02562018361766891,3
5.71,-0.012518194841847578,-0.0048931715446903805,-0.013135700763247393,0.018793481965985043,3
5.72,-0.032184287526010796,-0.023197066956665655,-0.013828380385664982,0.04201376420935891,3
5.73,-0.022015603418909267,-0.007094933464677003,-0.0003503305543428852,0.023133257580033754,3
5.74,0.037430518169306176,0.031118136679469666,0.02559575412681073,0.054995679377066196,3
5.75,0.04147157608980446,0.02806794871997107,0.025094753754951744,0.05601292738949672,3
5.76,0.01622822355359576,0.006514196059786247,0.012987193774589349,0.021782038291894245,3
5.77,0.006677285774546756,0.014733849468070052,0.02274086421160005,0.027907335425531844,3
5.78,-0.004721680589035353,-0.027022799656073935,-0.0034472654420458727,0.0276479584755386,3
5.79,-0.04375048108515963,-0.04513220003821488,-0.023850805762689182,0.0672300603227595,3
5.8,-0.03665427879738057,-0.022715198938835404,-0.020604152960891315,0.04779170991105861,3
5.81,0.014595065904068213,0.019773208179453987,0.003900691607730823,0.02488395277022407,3
5.82,0.04649637884872111,0.0422691494291881,0.01709025604778137,0.06512043528178817,3
5.83,0.011621795042742088,0.010664551254088517,0.005011455953267795,0.016550331242550065,3
5.84,0.004562601858461563,-0.001693736994710929,0.005887608333161313,0.007638717995239766,3
5.85,-0.01427642552627857,-0.009386764054047873,-0.004393515275765246,0.0176417301218482,3
5.86,-0.042506299482308586,-0.023901933995181358,-0.02201513030883937,0.0535047092030682,3
5.87,-0.04553766044058842,-0.043677899776198965,-0.022302274274459247,0.06692405311302671,3
5.88,0.004375398280832331,0.018392425080313433,-0.005244416096349279,0.019619615456030238,3
5.89,0.03754806920578752,0.007042907353401642,0.018055151837329926,0.04225456842686062,3
5.9,0.023315516448417083,0.026079807509914343,0.0230100152617517,0.04187159501806252,3
5.91,0.0006184478517305084,-0.004830703635394333,0.003490879471560214,0.0059920292759033334,3
5.92,0.0012687418883851245,-0.007840712896151661,0.0033762390431150125,0.0086304967861344,3
5.93,-0.024579376180820973,-0.017676824339144068,-0.01694231941022349,0.034693775221980395,3
5.94,-0.06342484239806176,-0.049844558082411,-0.02873071338763163,0.08563086181635714,3
5.95,0.002211318192509991,-0.007068312986919038,0.002934106953799488,0.007966176011481826,3
5.96,0.037489505794034955,0.013126500705612231,0.013178666019824512,0.04185027244257194,3
5.97,0.043978549333401486,0.03359837058080335,0.021705233359851386,0.05944813253888658,3
5.98,0.010729680111780904,0.012428994245917323,0.00973682864300211,0.019089572160983045,3
5.99,0.006654027934065412,0.006647373569972801,-0.0012092042685354822,0.009482923499066107,3
6.0,-0.02289943657264145,-0.021840569168269902,-0.011845568033220398,0.03378923110945355,3
6.01,-0.05218954140583259,-0.037607977095976595,-0.02556454014613795,0.0692217732096348,3
6.02,-0.02328694310873366,-0.02018835303841267,-0.012594747882831273,0.03329382813653406,3
6.03,0.00849651335711888,0.001990204552804866,0.00429144454259777,0.009724615655741719,3
6.04,0.03376611929054166,0.028399089609617977,0.018302048440889243,0.04776634882143346,3
6.05,0.024771113200802178,0.022002552257768565,0.014441645547478945,0.03614251625415434,3
6.06,0.04009258963505153,0.034043542346614976,0.01743104596063822,0.055409564900225396,3
6.07,0.017658655971757316,0.019674761137707632,0.003981946197866257,0.0267353745452992,3
6.08,-0.04036947447985244,-0.016165883398331055,-0.021362874706557095,0.04845000177044321,3
6.09,-0.04685180131589503,-0.021378810373888973,-0.016366282917958087,0.054037024678431855,3
6.1,0.006238409593506782,0.004308567172397359,0.007639696318806861,0.010763199579075393,3
6.11,0.03975171604987431,0.016244779279844163,0.014025041183195624,0.045175143197902785,3
6.12,0.02447500343297911,0.029110605810489333,0.012471436646635171,0.04002486596765902,3
6.13,0.01609079128157156,0.014212394250766034,-0.005237492424484018,0.022098349289094748,3
6.14,0.007827937380360927,0.003987721644948775,0.003363124509761472,0.009406866322883683,3
6.15,-0.01984714104745581,-0.013657760562875876,-0.007575426916075478,0.02525530685442673,3
6.16,-0.04994742292985036,-0.024085108748376646,-0.03227658482517013,0.0641608560473664,3
6.17,-0.019980613479962113,-0.021591557790627557,-0.0042484133947635954,0.029723211455602506,3
6.18,0.030964245007390038,0.026869679788327223,0.014730461663319283,0.043563180113708855,3
6.19,0.03544706419503193,0.023225621352545092,0.015312928280237382,0.04506006679726748,3
6.2,0.01834264443899266,0.013725118667626877,0.00011946966608383444,0.022909512444765436,3
6.21,-0.0009341286278135782,-0.0005622379292996977,-0.0032180360159554918,0.0033977144645232897,3
6.22,-0.018711442586687402,-0.009855968059409297,-0.010472919394732277,0.023599581155426354,3
6.23,-0.0573107223626169,-0.05505043314746612,-0.03252218293107691,0.08586478597219598,3
6.24,-0.048541781207725045,-0.04082900485443938,-0.01676236791533774,0.06560708146497318,3
6.25,0.014029653439347724,-0.0006858830406342789,0.015596609357129981,0.020989421969471806,3
6.26,0.05285584561410764,0.046196419826998375,0.023008050692100723,0.07387299924238183,3
6.27,0.008513580613083707,0.0013952524924995173,0.003970897432896179,0.009497147508377572,3
6.28,0.014935939267982245,0.006162502655295219,-0.0015926558493178193,0.016235617433523766,3
6.29,-0.019967990756140672,-0.019432204801072803,-0.01108700685416546,0.02998754673614479,3
6.3,-0.04914360844326302,-0.03087516588707403,-0.022733253898344657,0.06233113950655559,3
6.31,-0.03757879642791946,-0.030082802821971136,-0.016301424557515605,0.05082201697297127,3
6.32,0.013557473477805962,0.0232911534107465,-0.001104657944437589,0.026972266932509578,3
6.33,0.03650244650616917,0.04218116967379817,0.021457392607867914,0.05976704253611414,3
6.34,0.02075596560677699,0.01799153424404142,0.00394691064886247,0.027750378671188045,3
6.35,-0.001767261832610183,0.005626515465948911,0.008070896668236016,0.009996012390093673,3
6.36,-0.0009387530363505763,0.009041143678483916,0.003706814800305595,0.00981651731735913,3
6.37,-0.030820001305905974,-0.026334737871877505,-0.011295967236856951,0.042083129340540856,3
6.38,-0.04229457823495179,-0.029504756191046925,-0.024726343150752204,0.057190506481183824,3
6.39,0.004524312870162675,-0.000489003219161841,-0.0016574859272707608,0.004843117869159379,3
6.4,0.037246265689609225,0.026356066964626584,0.009092751512727898,0.04652531250552819,3
6.41,0.039712766754316633,0.019272222397780585,0.022521783977584954,0.04955555622697897,3
6.42,0.012688131570340041,0.02153803359907225,-0.00685552005859566,0.0259205271808818,3
6.43,-0.0018875335889022389,0.003349872092273724,-0.002284922523340969,0.004472728140799457,3
6.44,-0.019162782154041876,-0.014085209266322658,-0.014940560110601572,0.028086040596315216,3
6.45,-0.05780674646196921,-0.02522434049669882,-0.024424271092453657,0.06763454966516343,3
6.46,-0.026983231637564647,-0.02118885803028707,-0.0124515408412389,0.03649799122630136,3
6.47,0.017493274122812614,0.009141977070377953,0.016703726623075982,0.025857394829905796,3
6.48,0.028858596739120883,0.01512899426262355,0.01788689433416634,0.03717049988998435,3
6.49,0.020911534141940087,0.006141144760553576,0.0035827383059390946,0.02208714406410308,3
6.5,0.003952941433382038,0.01307685085619463,0.0024477974014242305,0.013878814301276817,3
6.51,-0.02304142647370428,-0.010300402969201757,-0.00822737118486474,0.0265460971120917,3
6.52,-0.05761590763054995,-0.04326120284364062,-0.029668924958909684,0.07791899378064437,3
6.53,-0.05531233277324993,-0.03558403648970681,-0.029458002948549618,0.07206560724392935,3
6.54,0.006584588931105433,0.011421422751012439,-0.0003816803884716764,0.013189063233146036,3
6.55,0.035307999912920274,0.024728677697262925,0.015162482206686605,0.045695330452618185,3
6.56,0.007390522941244315,0.016707077421857053,0.006133163135973136,0.01927075388710686,3
6.57,0.009500356590407615,0.020366174330553873,0.0027430315249415034,0.02263983335084947,3
6.58,0.005515078546092774,-0.0020213011007208515,-0.00012647343205405333,0.00587518042602639,3
6.59,-0.03835259279168395,-0.026194588522323214,-0.018187653007368836,0.0498785381062337,3
6.6,-0.05371618833069383,-0.03931634010847305,-0.024712955691150344,0.07100657481738192,3
6.61,0.00257847933475495,0.00021674209310307063,0.0026703394529131305,0.0037183659863527993,3
6.62,0.03496563702233108,0.037030408524085366,0.008648645758557685,0.051658939219607306,3
6.63,0.01897949559068518,0.01866349570411939,0.00814535060749598,0.027836919033785983,3
6.64,0.005193072251396516,-0.002226532674192028,0.0022307314324825044,0.006074669528569816,3
6.65,0.01580747438455171,0.018045872232508153,0.005726343932310684,0.024664159541354303,3
6.66,-0.008163132323636094,0.0001382903994900991,-0.001691600079833406,0.008337707382600803,3
6.67,-0.07615515459653248,-0.07096194400237144,-0.03310832844368271,0.10923079456157146,3
6.68,-0.03085833325512332,-0.00959813367257709,-0.01183974507035672,0.03441715363902053,3
6.69,0.016008179063540767,0.016429950387246754,0.006750852778569911,0.023911902473364593,3
6.7,0.03268476623826965,0.016966504011556693,0.009881960314695288,0.038128851832775056,3
6.71,0.013345369989949243,0.010155318205810846,0.008166081423919114,0.01865246026271033,3
6.72,0.0006952251248299925,0.004693311073740708,0.004435300270758427,0.0064947975565741705,3
6.73,-0.019296932871261736,-0.022045132772416744,0.002587854587166462,0.029411842658286183,3
6.74,-0.04910777531311808,-0.024346203275350843,-0.023796824351340944,0.05975449823517027,3
6.75,-0.036419588486376775,-0.017362092388239506,-0.013946214474097475,0.04268870548250811,3
6.76,0.005580758677791387,-0.0019778494728425865,0.004329989188448937,0.0073352274899318734,3
6.77,0.019723414864098093,0.011696072527503536,0.014270380434506551,0.0270084239491218,3
6.78,-0.0057828569666654,-0.005269165368904574,-0.010248492666572325,0.012893298271526977,3
6.79,3.930524516626045e-05,0.005121187163362138,0.004122105721370762,0.006574181199407291,3
6.8,0.007036458721282248,-0.0016791462237141794,0.008969373793683278,0.011523061642972104,3
6.81,-0.05122077461610838,-0.014889000694538464,-0.016014049543297597,0.0556929068798831,3
6.82,-0.05841179302180519,-0.0464749784180865,-0.030072186481724418,0.08047482577039497,3
6.83,-0.00046307397279404675,-0.009301277875963646,-0.0005456260838053216,0.009328768163776972,3
6.84,0.021325079426197997,0.0035531379388609972,0.007997693187289162,0.023050963061534716,3
6.85,0.019038251001701763,0.00277876712445207,0.0027690676331097192,0.01943821708625741,3
6.86,0.010389391413812126,0.010684010063966963,0.0018444006360640833,0.01501630243111313,3
6.87,0.0026418580349537014,-0.006386819955479921,0.0136411062003878,0.015292176476578618,3
6.88,-0.03323506723217342,-0.012249080751835928,-0.01787469789074223,0.03967511181934324,3
6.89,-0.026954637115448987,-0.019431562581823606,-0.013390774262238735,0.03582528327507129,3
6.9,-0.00650126139622095,-0.007093815274008233,-0.004226735019226915,0.010509705219772077,3
6.91,0.05211689492917222,0.028468824255607126,0.022905589502694296,0.0636499074784949,3
6.92,0.03352291835080676,0.02658954066529511,0.010063437000681961,0.043955232814909914,3
6.93,0.006253433291699233,0.0073124195410215415,0.01015632481392003,0.013990276666438506,3
6.94,0.0062693248934473506,0.01260147925787556,0.009991970959598369,0.01726097325656128,3
6.95,-0.020206506134092354,-0.03411057536786426,-0.013989817013010986,0.042042231412371435,3
6.96,-0.026821264398645187,-0.025981924533836152,-0.006429715294136664,0.03789171235491534,3
6.97,-0.01741915786299101,-0.017990896948917503,-0.004991418776583139,0.0255345588386719,3
6.98,0.03267337849643688,0.0205914676926084,0.002275551993810696,0.038687676862066755,3
6.99,0.03228411846862447,0.014094265420239446,0.019811211969068352,0.040415303323316706,3
7.0,0.005583213071749983,0.0019412537939644107,0.018947430888636246,0.0198480697242021,3
7.01,0.008269222905090122,0.010193667833939936,-0.0005380100092842368,0.013136984666690407,3
7.02,-0.002991638195202459,0.013817325530754446,-0.0017926515800374037,0.014250683618733644,3
7.03,-0.04586038715619685,-0.040110699705740736,-0.028764370961313145,0.06737530985309388,3
7.04,-0.0327717090058651,-0.023925385689694424,-0.009669827545660295,0.04171228303903474,3
7.05,-0.001368136182872329,-0.009383145979389839,-0.007509501978443157,0.012095777984473172,3
7.06,0.05303629115433273,0.03890551046075126,0.03260915869224178,0.07341555798490253,3
7.07,0.03311084745618217,0.007609401465597146,0.016411111895132093,0.0377300384781906,3
7.08,0.016019991849699107,0.009633524332152837,0.009666420312155383,0.021044823866543924,3
7.09,0.012456142530264992,0.0018690203930406208,0.010501305163378704,0.01639896747049284,3
7.1,-0.03378705788210334,-0.027584824981842972,-0.019013879506396575,0.04758167150795858,3
7.11,-0.0482530693416647,-0.026454354911030833,-0.021256964749165806,0.058991949832138624,3
7.12,0.005601607153045744,0.002833380947555971,0.0015281493705831698,0.006460750017593945,3
7.13,0.06195106384065295,0.04465773408135932,0.019112684634157235,0.07872447039005603,3
7.14,0.027292450600255567,0.017510948564201472,0.01230368673348423,0.034682731821775746,3
7.15,0.01086932687001896,0.004473693276013111,-0.006541365286562183,0.013451604288983593,3
7.16,0.015356657263052458,0.00368981297973612,0.00667169835951862,0.017145063462136685,3
7.17,-0.028975342092655614,-0.038274062378911906,-0.013042173895722929,0.0497450761412377,3
7.18,-0.04389410892622512,-0.015541913361590996,-0.025555889170016423,0.05311635662050513,3
7.19,-0.027567170018386412,-0.02621364635131175,-0.015289895903162359,0.04099859795875712,3
7.2,0.024867066868951248,0.0064011106460608695,0.001357094261048188,0.025713555510690787,3
7.21,0.0397021751408558,0.022318230290681015,0.018830776828824634,0.049284523637751224,3
7.22,0.03482476134720165,0.0366916941352279,0.013122202042148737,0.05226123427395913,3
7.23,0.016157665472254893,0.0252058249512462,-0.0015924355406503627,0.029982321723597223,3
7.24,-0.005297437947755999,0.006510162791956296,0.010344502225096008,0.01332117842659251,3
7.25,-0.044977744425547715,-0.04151209142274622,-0.01739662310121474,0.06363091798195314,3
7.26,-0.052976608286418626,-0.04289198973491148,-0.026347559951458627,0.07307829858684517,3
7.27,0.012130761028201079,0.012725929584994767,0.0014308268090617417,0.017639498640355314,3
7.28,0.05117288893071142,0.035096797819605986,0.026866582945670268,0.06761851120722644,3
7.29,0.012833517434858215,0.009949660714263146,0.013051891866532064,0.02083378984667473,3
7.3,0.014348184113008384,0.012994005558894283,0.003878818075432328,0.019742335157413936,3
7.31,-0.010266403190904766,-0.0024186815396101315,-0.006188803813886571,0.012229077950321821,3
7.32,-0.03082646637843587,-0.02648515203622177,-0.022222115299603884,0.046320154535056425,3
7.33,-0.04629214052228999,-0.034970558254192416,-0.020249207677346445,0.061448617806307206,3
7.34,-0.014401866594277963,0.005895643126758526,-0.0023160611660727505,0.015733292999320417,3
7.35,0.03158394682419882,0.019482122280174746,0.012220021248384819,0.039069523990502834,3
7.36,0.030025887625294418,0.010342897993385714,0.011118575424073185,0.0336474692369158,3
7.37,0.008666838196213819,-0.0009068716124748131,-0.0020456570875667895,0.008951045378098344,3
7.38,0.000690920983910103,-0.005144640422538447,0.0033264325484868725,0.0061652129227510654,3
7.39,-0.024472934451747197,-0.027562452187792075,-0.00852625566924925,0.03783266217200745,3
7.4,-0.04820533335517471,-0.04675771122255171,-0.014973192732472019,0.06880577172925836,3
7.41,-0.03655341402764002,-0.026621585323166413,-0.022511297241863275,0.050513556454740156,3
7.42,0.021138238187478717,0.014007928009346058,0.002132920111907649,0.025447917576677772,3
7.43,0.04053020589301992,0.024961781276706976,0.0284733579669927,0.055466388273920024,3
7.44,0.030893722683703363,0.01821885811919632,0.011043441864873374,0.03752740999120258,3
7.45,0.016868820970540797,0.009085652621914459,0.0031580193986079043,0.019418529579353885,3
7.46,-0.01781572845954982,-0.016200554294798632,-0.00272035068046034,0.024233415933949818,3
7.47,-0.048648019561358516,-0.038787619687968844,-0.020697503885462286,0.06557054152124683,3
7.48,-0.06530759662266558,-0.043217578771215424,-0.029904828905097058,0.08382803876578611,3
7.49,0.015332549323924999,0.0033102418536716544,0.013534955846205864,0.02071810318680585,3
7.5,0.040513415152281865,0.03494167028621012,0.0123450081859162,0.05490588635840149,3
7.51,0.048498931414076796,0.03462760008935278,0.02911599108283656,0.0663246407679023,3
7.52,0.0046500099800744835,-0.003002701364118738,0.0027138306068670588,0.006164712877307528,3
7.53,0.0037868034797069903,-0.002282111357915294,-0.0029837195403204777,0.00533390055579753,3
7.54,-0.04471627989640106,-0.01602425867271986,-0.029193014947930453,0.055754413955610815,3
7.55,-0.03511350976400417,-0.03256640106711506,-0.012949733574027664,0.049610731158180967,3
7.56,-0.009611584507364039,-0.0034748110960574263,-0.009475234938974411,0.013936891548844227,3
7.57,0.052526721830134904,0.03689835632711246,0.02701833833293663,0.06964578818662306,3
7.58,0.018352580385226285,0.018525709249572773,0.009762976151246442,0.027844834589663227,3
7.59,0.03222276669102056,0.03486858564819199,0.013179667695118934,0.049273000709140966,3
7.6,0.017996237811374754,-0.001871569776956761,0.0032240797090913355,0.0183783034789435,3
7.61,-0.03897537487337287,-0.03808652334802332,-0.026562848222957923,0.06062382380694383,3
7.62,-0.0350855420422265,-0.03526494498530143,-0.027488067062850743,0.05683489628797575,3
7.63,-0.01017869063161289,-0.005039805896148706,0.002346910359822747,0.011597990113893985,3
7.64,0.0290933541739803,0.017217649227953154,0.004189873353683473,0.03406502224789233,3
7.65,0.03984680694846171,0.03405455546337518,0.01654898429751142,0.05496680501061847,3
7.66,0.006952916578468046,-0.012167328753369379,0.007821812770524445,0.01604891563180654,3
7.67,0.012109598435775415,0.016449587352701706,0.0012556451999008317,0.020464797658856348,3
7.68,-0.02321598424174505,-0.015816249615300426,-0.005466346849159735,0.02861846648724847,3
7.69,-0.03373869309184252,-0.041712798648991974,-0.014578323819098078,0.055594824471810064,3
7.7,-0.025595433955388783,-0.02084122318893009,-0.015321062956654186,0.03638980342757058,3
7.71,0.008817260884311104,-0.008947456675096336,0.01332107349534132,0.01830988993749044,3
7.72,0.04081371522234105,0.04261884105398213,0.009067896659706375,0.05970219185981416,3
7.73,0.014440859780912557,0.0038603941049118913,-0.0028189080575814363,0.01521142059422176,3
7.74,0.013969389096083775,0.014427562056585939,0.008632495214624586,0.021859056526870937,3
7.75,-0.019055835559270227,-0.02002098883393325,-0.004772018362152875,0.028048832809925473,3
7.76,-0.0507331027354023,-0.017371315482959816,-0.027262519733073108,0.060156922269723904,3
7.77,-0.046982740140740095,-0.024992767324507274,-0.018310079427327264,0.05627855096130587,3
7.78,0.0015245621041349022,-0.0008180381307822833,-0.0002677425659873429,0.0017507604274770146,3
7.79,0.050018682380976655,0.04002663439649533,0.013716072588577276,0.0655143548811621,3
7.8,0.004958089659886991,-0.002482033427970151,0.00298767935294159,0.006298362559350885,3
7.81,0.03191712972444383,0.029529772416086456,0.02360293529675395,0.049475339144017895,3
7.82,0.002057353203934808,0.004267877466274625,0.0031408426876122766,0.005684397334916256,3
7.83,-0.036061559981852766,-0.017654083432450007,-0.019534618995904605,0.04465091387060099,3
7.84,-0.05090895920585168,-0.022130586862528036,-0.015686915095242355,0.057685044053968716,3
7.85,-0.0030009714854720166,-0.0071372322357004855,-0.0015738299888898172,0.007900813545253882,3
7.86,0.016040016939452638,0.015307601818454458,0.019280618654122388,0.029382768292588943,3
7.87,0.022039674383268357,0.01691755996337567,0.0004170055551252251,0.027787136874242946,3
7.88,0.012105457377764289,0.022862549599908362,0.007696537782446848,0.02699027540374069,3
7.89,0.002082422112044139,0.006508789632083797,0.009400559645983181,0.01162201987544073,3
7.9,-0.014627741883247874,-0.0013650178717537938,-0.0044838356966887555,0.015360302371634214,3
7.91,-0.059375476574779026,-0.030535497945073257,-0.012666453415497221,0.06795809661374182,3
7.92,-0.026556059295173226,-0.02246376682399152,-0.009514713577127477,0.03606071102552184,3
7.93,0.025202910036411286,0.021042913652438402,0.01889017419817233,0.03787914426864359,3
7.94,0.04099368573342755,0.026908798601167926,0.006406489610158437,0.04945309718606416,3
7.95,0.02170778438471414,0.002495130744901637,0.012090987026855116,0.024972896259964947,3
7.96,0.01771028953376754,0.015962176700210495,0.0008636946276734184,0.023857732683314457,3
7.97,0.00912302529649008,0.0032702657344397326,0.0038518030481015566,0.010428835757437789,3
7.98,-0.05423777562010486,-0.030039604516309666,-0.02398856310220383,0.06647981124688568,3
7.99,-0.03395481056382939,-0.016783430027861587,-0.020925686766649004,0.043272358967146395,3
8.0,0.01555527583689396,0.020855423656864602,0.007802528533062477,0.027162377542814968,3
8.01,0.03152260422279902,0.0270291403939019,0.01696829658781369,0.04485724129404856,3
8.02,0.02101348719228301,0.015181670049416639,0.016874299521407694,0.030932050268415383,3
8.03,0.010051230914049039,0.011896149799817105,0.004432382421939336,0.016192332657203545,3
8.04,0.00740415489717821,0.009014951212232286,-0.0028202187806772223,0.012001853568146086,3
8.05,-0.033350540933638886,-0.02431617143474697,-0.019642104693308474,0.04570937595935016,3
8.06,-0.03899691124549101,-0.02594033547294364,-0.01477941849050302,0.049113046149215626,3
8.07,-0.023282068051938325,-0.00989882976657203,-0.012301794497582504,0.028131400096394258,3
8.08,0.025395612314238692,0.0172183243839188,0.002493584805419592,0.0307835310610525,3
8.09,0.03373528233280489,0.01905742101873142,0.006954934554538394,0.03936528527290456,3
8.1,0.00802907305572272,0.009632019061567472,-0.00606165189567724,0.013927865200413852,3
8.11,0.013046976465790464,0.020091433986621412,0.004087757967608574,0.02430224433543955,3
8.12,-0.016352832911781297,-0.013193344646102499,-0.009655510990535023,0.02312376223022157,3
8.13,-0.045685528741056705,-0.0395365510091204,-0.0269653244538198,0.06616218803022214,3
8.14,-0.015262718525534246,-0.026882832688872177,-0.016633925537076644,0.03510448331681569,3
8.15,0.04458613474178755,0.04606447682841202,0.023300466973350475,0.0682112248670579,3
8.16,0.032382004954783355,0.019370816174449024,0.013369324126600569,0.0400320070913015,3
8.17,0.025592963388609405,0.012677173457616306,0.010925465101833643,0.030579017145365834,3
8.18,0.01159881977892863,0.0049724552587277916,0.016927604469836988,0.021114017255163944,3
8.19,0.005339855742531178,-0.006586594372764119,0.002395912783420068,0.008811224821108974,3
8.2,-0.05737828485068249,-0.04107411631032217,-0.024333333724048122,0.0746422248677371,3
8.21,-0.023816040181089487,-0.02074190810855616,-0.016339333209350125,0.03555846357222467,3
8.22,0.014375006495339479,0.007049034754880771,0.010101706865028245,0.018930773473461882,3
8.23,0.045355313400517114,0.03134019638562183,0.01668438632504909,0.05759931518856761,3
8.24,0.04000257310366438,0.02515044749555284,0.012617800084799314,0.04890766548426263,3
8.25,0.018645223891203683,0.01473933200477166,0.009200715951692928,0.025486181666223278,3
8.26,0.0006555829236950519,0.0129278763299321,0.004245082240698215,0.013622793347994037,3
8.27,-0.028893313582415214,-0.037248592561500114,-0.01624368884061833,0.04986119377567338,3
8.28,-0.052887022884326076,-0.03628344057751905,-0.021690747866268876,0.06770534537765563,3
8.29,-0.011061612330284996,-0.010427243048036248,-0.01229772671471744,0.01955302399318858,3
8.3,0.042444977121503746,0.02667906509594722,0.02061996984540338,0.054208225885598864,3
8.31,0.038053549338485995,0.02736141562283848,0.014830371260277683,0.04915953207527476,3
8.32,0.007728056972050967,0.004302156374945442,0.0017946742536781358,0.00902509111946048,3
8.33,-0.008542273280960822,-0.003074300081171438,-0.010529892266346201,0.013903250876559964,3
8.34,-0.04336785265180679,-0.039449510010354225,-0.02193758600603738,0.0625962631748745,3
8.35,-0.04441963665869313,-0.030714785416801168,-0.016149989713023057,0.05636775968424865,3
8.36,-0.014501154770434089,-0.018016310903404855,-0.019875362191655137,0.030494277668010147,3
8.37,0.026877336271608106,0.012781411436335963,0.013479553145757073,0.03267191510106639,3
8.38,0.018794441322843924,0.02574613520908102,0.004295046237619731,0.032164295811122554,3
8.39,0.007416783554262911,-0.0037299150654534425,0.006474442623237458,0.010528026974123654,3
8.4,0.009842967818020703,0.0030928717197268524,0.010615368083759964,0.014803239864806186,3
8.41,-0.031461138745838835,-0.028761052862165657,-0.020763300309496854,0.04741430219530349,3
8.42,-0.06048892930754374,-0.04307854289085172,-0.03285958045132472,0.08120605552425914,3
8.43,-0.04504429161005678,-0.0310443046049757,-0.006505457699300337,0.05509136080127022,3
8.44,0.003984314724792288,0.0030181685750672827,0.004938071205942763,0.007026282986663811,3
8.45,0.04278169340071543,0.039649514739561964,0.02472724967689491,0.06335451196165164,3
8.46,0.02801044374712582,0.02777720579733963,0.01673277231878233,0.04285024842741132,3
8.47,0.023057094130790746,0.021367543909557835,0.007022193211290856,0.03221044426858665,3
8.48,-0.007365202556133075,-0.008372661982422416,0.004522828097836314,0.012033438883683604,3
8.49,-0.04778085283970862,-0.03173704405448905,-0.011883574429575987,0.05857874362454134,3
8.5,-0.029160929097878464,-0.025263199160662452,-0.014104644577682134,0.04107955715858594,3
8.51,0.0011532299741586457,0.0023937825064971005,0.003099450251684429,0.004082490162189758,3
8.52,0.024111414343299623,0.022350250900146102,0.009208566026868025,0.034142227595822514,3
8.53,0.032493254872936056,0.015944268915073098,0.019042883883018075,0.04089819983881758,3
8.54,0.01054563249017095,0.0007636078331862183,0.006008487634562904,0.012161224658534512,3
8.55,0.005468049039581341,0.011816664052748005,0.007857406904448696,0.01520762811541798,3
8.56,-0.04991580402031247,-0.040062080861058225,-0.0338511191447617,0.07240480703147452,3
8.57,-0.047939584883089435,-0.042062235504074647,-0.018451243069909862,0.06639189577944037,3
8.58,0.012056143602734931,0.0006064557452534706,0.011273443330479997,0.016516928033573956,3
8.59,0.037778811959946555,0.019722104386048413,0.012952555580182695,0.044541763891621004,3
8.6,0.015244683198041797,0.01740985550546404,0.010056439492728504,0.0252316350996265,3
8.61,0.013268396205076853,0.001871162616269604,0.013356342583803221,0.018919394139542047,3
8.62,0.005882923353776496,0.002479565640256787,0.0038041943627612385,0.00743161676221368,3
8.63,-0.026143407762909583,-0.00954721769043382,-0.008235875866716856,0.029025106138966358,3
8.64,-0.048369366905236,-0.042373581188234394,-0.03004020483177794,0.07097555877810618,3
8.65,-0.03286125274702329,-0.02410472375747864,-0.013208918733151533,0.04284127885144306,3
8.66,0.03761432338682659,0.028434607840123468,0.020710851629826263,0.051500520600311,3
8.67,0.031564402949105334,0.028619267579102662,0.017731397080171532,0.046149501110114746,3
8.68,0.03578535280631391,0.030598818454173594,0.03241100416249963,0.05716075889179046,3
8.69,0.01488533706867562,-0.004512992427073273,0.0024714336656868584,0.01574955061767794,3
8.7,-0.006143655726717878,0.0035577785334669878,-0.018709581591883122,0.02001126525547457,3
8.71,-0.05655744265711092,-0.03664684861350333,-0.021135969051731297,0.07062906640306924,3
8.72,-0.029585641690936536,-0.013415704176606662,-0.01768531201201767,0.03698731639063748,3
8.73,0.0121639593295102,-0.006521576207874493,0.014265634907433312,0.019849463522152753,3
8.74,0.051857276897040575,0.03552082548007877,0.02281717830627153,0.06686949854621865,3
8.75,0.008364275130116332,0.008277962404221897,0.004728290987060606,0.012682369481934845,3
8.76,0.026949232833998187,-0.0023888147264185776,0.01578875938826599,0.031324950265862475,3
8.77,0.008450229042315056,0.012172997051831114,0.0018459059410276318,0.01493303709345808,3
8.78,-0.01149518537061291,-0.015575754147156591,-0.007631971665454347,0.020808421263029946,3
8.79,-0.053900992248482854,-0.0474770469607142,-0.026679619027160997,0.076623684490602,3
8.8,-0.0049356350150910585,0.004858958441752673,-0.007364589272626355,0.01010975495723589,3
8.81,0.042711567978184754,0.024876970864162518,0.02499824900528775,0.055390018702486984,3
8.82,0.02051763993491806,0.017332426845953288,0.010845955625085658,0.028965864777192374,3
8.83,0.016498517954731753,0.022466049472510165,0.011005539012349106,0.029967421686828824,3
8.84,0.009466679817357652,0.004551141918107916,0.006703562005748974,0.01246068469579609,3
8.85,-0.029479526068630846,-0.014875104671346121,-0.015144420870917188,0.03632718926272801,3
8.86,-0.060433852532344665,-0.0417249018301616,-0.0313652714770062,0.07985610946861926,3
8.87,-0.016361106258278434,-0.0023588276925818174,-0.007397300184281016,0.018109939704326256,3
8.88,0.024517575255317076,0.0234602154954158,0.009310196055578115,0.03518768190837222,3
8.89,0.018926889353343964,0.005570312364109496,-0.010308140394590886,0.02226012755628486,3
8.9,-0.00031584234595517097,0.014206606107737284,-0.001779170528075071,0.014321063551840964,3
8.91,0.013593284833425045,0.013172516685490555,-0.006993112525649388,0.02017910332964636,3
8.92,-0.008286572261020123,0.006558721647096726,-0.005173993660653731,0.011766661373630515,3
8.93,-0.036564731248123636,-0.016670282940325926,-0.01451080442214844,0.0427251840199182,3
8.94,-0.03907768384002589,-0.03354809953700014,-0.017428154029502024,0.05437169217268796,3
8.95,0.025927878688261574,0.022309430640018686,0.005961470543867394,0.03472037902731495,3
8.96,0.035130501942144635,0.01857857752428962,0.018754564220699405,0.0439437070425494,3
8.97,0.01971541607111758,0.011279874661479831,0.013367063113987632,0.026355484809225286,3
8.98,0.013956082089384526,0.005549690660485579,-0.005258016914582369,0.015912826134497755,3
8.99,0.010654790219297416,0.012596189622959917,-0.00024704983597984963,0.016499987310790776,3
9.0,-0.03563959133813354,-0.02856315676033069,-0.019869055123788698,0.04980776793208608,3
9.01,-0.02501118864819428,-0.019145330999201314,-0.009574715197449814,0.03292079020583828,3
9.02,-0.009078635867273626,-0.0034195393623274784,-0.005311904705159896,0.011060344038851323,3
9.03,0.0373736700349149,0.02564917138083632,0.02383034657818163,0.05121090335503233,3
9.04,0.018963966051074484,0.03666983428721537,-0.006417836327087459,0.04177915004113206,3
9.05,0.011716120838711848,0.01300991239944301,0.0031914588869125294,0.017796368111930364,3
9.06,0.015024701416452867,0.007781744125713332,0.010906075319038035,0.020130565644217883,3
9.07,-0.021614248749898,-0.021077769363694827,-0.0180302815839541,0.03516445882376485,3
9.08,-0.045603157354770656,-0.021128356296131273,-0.021100443834036267,0.05450948661007148,3
9.09,0.0011163018633459226,0.002669293128197298,-0.0013095118451198658,0.003175858455104719,3
9.1,0.03291795510577942,0.02898593523545226,0.02251487775612853,0.049302088497277206,3
9.11,0.030279334576121596,0.029537104273681728,0.006848877706000433,0.04285073811591593,3
9.12,0.01569472638880291,0.01028564641214802,0.005412000524850913,0.019529687867861748,3
9.13,0.022483538423576407,0.023524781404856338,0.008913498259832479,0.03373981759610961,3
9.14,-0.014372345470508745,-0.012953291814957416,-0.014006922928484721,0.02388610418405662,3
9.15,-0.04697919155359876,-0.03160714703396851,-0.02624671763952287,0.06240950544192343,3
9.16,-0.0523742192934107,-0.030588963203799467,-0.030018180690412986,0.06767447590074085,3
9.17,0.015371825577797635,0.016123623335328317,0.016017534649211858,0.027437668765630942,3
9.18,0.03184595473920353,0.010700346860015595,0.0031357597336650334,0.03374159517988621,3
9.19,0.026797590457125917,0.02516605021625543,0.012330374519536764,0.03877472209554799,3
9.2,0.01396726711458371,0.01207924471365203,0.01009374496428728,0.021044628552352663,3
9.21,-0.0029709404106280386,-0.00480631886271435,0.0013578152231507488,0.005811269234324493,3
9.22,-0.04542052851451616,-0.04440168369025601,-0.0109132631005578,0.06444868684907024,3
9.23,-0.04844672404827744,-0.024889755111988588,-0.013814686257186192,0.05619101829411169,3
9.24,-0.005223956557804726,-0.008261605066084558,-0.003336392418185297,0.01032837619153705,3
9.25,0.044027021789786444,0.0363383982279896,0.029862416850606546,0.06442531935205038,3
9.26,0.02612266817113519,0.024978242757512658,0.021977858082894954,0.04230050412872575,3
9.27,0.01870695374383684,0.00551651482968956,0.004678563000558663,0.020056694792274038,3
9.28,-0.0009256783138380251,0.003816171891259413,-0.006476014347060668,0.007573559933590284,3
9.29,-0.021545950970046333,-0.020347278633850118,-0.0065932576288901,0.030359690333863612,3
9.3,-0.04787692289828166,-0.030967939884904348,-0.01163408084503197,0.05819419974560863,3
9.31,0.003772788131545279,0.001481504600819552,0.0023320240750094347,0.004676229512566938,3
9.32,0.030155075932175555,0.023719300130358716,0.006584910701370895,0.03892678836090049,3
9.33,0.04881140336741316,0.02753080912336998,0.0175945976087665,0.05873728300405251,3
9.34,0.00324834413246952,0.006168341185562807,0.008875571497377732,0.011286095072677861,3
9.35,-0.00474317255403061,-0.00029990345460931657,-0.0036009670773477246,0.005962767130413368,3
9.36,-0.012986640918337247,-0.005347732242030288,0.004736425739383768,0.01482176815562093,3
9.37,-0.04602334742064474,-0.03702933023216004,-0.027278866452577717,0.0650650164080614,3
9.38,-0.028259648690543693,-0.009817698701136624,-0.005839634568545218,0.030481080751728538,3
9.39,0.033255684284240423,0.02579392480536203,0.02048740893344579,0.04680812983749704,3
9.4,0.023968708231591297,0.009019142341439584,-0.0014238899879216987,0.025649003208000197,3
9.41,0.019659560721527507,0.015896989205354792,0.010069249354147299,0.027214010658383116,3
9.42,-0.00876743427364652,-0.008319546183471681,0.0027946129029383033,0.01240534617489166,3
9.43,-0.02445070076493574,-0.017423618510815204,-0.008982999373268524,0.031338690586031094,3
9.44,-0.05230710688430716,-0.045775232078623,-0.02411773963496943,0.07357357316019322,3
9.45,-0.038481053109317015,-0.03438971519339527,-0.02422311444788101,0.05701055369876756,3
9.46,0.0165468790462045,0.019311372514148762,0.0029995051562304214,0.025607134664624127,3
9.47,0.027922345633627388,0.026590057356709187,0.011448687697026571,0.04022139960146691,3
9.48,0.013833462973136272,0.008090339417520031,0.005649278758591291,0.01699213465730781,3
9.49,0.005669669827260445,0.01056738101203689,0.01356887572778915,0.0181088123829226,3
9.5,-0.005639826047412043,-0.008234332262653268,0.0013803825352270561,0.010075580459725371,3
9.51,-0.02615614615762848,-0.02105784885688315,-0.016486780371964604,0.03740843363911346,3
9.52,-0.044461152500269115,-0.03701637317596373,-0.020592972562084682,0.061409091213737776,3
9.53,-0.002234289516683434,0.009808584210642618,8.33525268290182e-05,0.010060184963774671,3
9.54,0.03492779191947024,0.018175443979706822,0.012349725978083596,0.04126515653627191,3
9.55,0.03301810923698826,0.0165386390166946,0.01599738385969826,0.040244731437354096,3
9.56,0.027825962004739968,0.024679093054529134,0.00212998169974191,0.03725424294660376,3
9.57,0.014694459166091849,0.0004959003037031326,0.01726172275937479,0.022674658099223265,3
9.58,-0.02284151875467253,-0.009960849464185247,-0.023144187450091697,0.03400892403168907,3
9.59,-0.05868054402350317,-0.05096507252450725,-0.02322759311625944,0.08111945479536387,3
9.6,-0.036079500645616276,-0.039795933256124676,-0.01579803305192651,0.05599128966966842,3
9.61,0.032130267284003276,0.023780916153279714,0.019506154244121113,0.044478939985416195,3
9.62,0.027155480018053655,0.021835262807107417,0.017301159024587218,0.03890409876170396,3
9.63,0.021791567914193042,0.015743494849271424,0.010599863067371396,0.028897874649789518,3
9.64,0.013594272239461247,-0.002575964828574225,0.009391428642709584,0.01672240307102254,3
9.65,-0.012345840868147955,-0.0016996333424339812,-0.0032585813167463114,0.012881261290657591,3
9.66,-0.054596143496353174,-0.0356754173146675,-0.025715910583780782,0.07010550864520615,3
9.67,-0.05370235457087563,-0.054330981626049754,-0.02557974012327875,0.08056129067784776,3
9.68,0.026373784621961084,-0.0026115767910445745,0.004083679532070118,0.026815541895359153,3
9.69,0.05223473437515701,0.025007219431087024,0.024550329179368564,0.06290109030639375,3
9.7,0.03460570847570149,0.013450761734654634,0.014995825372430605,0.04004188842884562,3
9.71,0.010748613241313768,0.006276854147011159,0.01641313313393073,0.020599090365021746,3
9.72,0.011529259832777828,0.020845044978904017,0.01663731630590981,0.029055808822456283,3
9.73,-0.04381153328531193,-0.030473779073591296,-0.021288760968016407,0.057457053556455404,3
9.74,-0.04887976985083106,-0.029406628472296158,-0.026066556831770185,0.06271719926656305,3
9.75,-0.0002326103617488157,-0.009967588821763186,-0.005350336047865498,0.011315168152759389,3
9.76,0.03981829369870289,0.012233612757110417,0.01882259601904141,0.045710479269672186,3
9.77,0.0310447295545253,0.044578024829586435,0.018957861983013746,0.05753586761132432,3
9.78,0.0097643809347271,0.023271695160294557,0.005937312501832563,0.025926176162646055,3
9.79,0.004918395725184298,0.013134852002628282,-0.005314731825009515,0.014998710878346456,3
9.8,-0.03622776466362748,-0.02393401043389153,-0.016090614603403032,0.046305460437059166,3
9.81,-0.0633712626120905,-0.0454882100483189,-0.02535039232684059,0.08202278079640593,3
9.82,-0.008345190911161123,-0.014041601453651627,-0.004776990921011072,0.017018473050962588,3
9.83,0.013709461320155669,-0.005839484672475038,0.006891562386007196,0.016417750852328845,3
9.84,0.04501347609300074,0.029448997339091957,0.01577939034032451,0.05605752076006681,3
9.85,0.011007462850983831,0.014209921884281936,-0.0013976116309889642,0.018028850119856766,3
9.86,0.013397361524106517,0.011722797903094736,0.005138254798960209,0.018528760046572185,3
9.87,0.001989822137773342,-0.0062579622449295946,0.012974839244347905,0.014541937182356676,3
9.88,-0.04943537245476314,-0.04132648580002132,-0.020970243509229925,0.06776050170384601,3
9.89,-0.02152289846885584,-0.013987215478361431,-0.002972532529162116,0.025840149089657313,3
9.9,0.029126186571797382,0.0234493898651241,0.019270888859683102,0.042066326042382085,3
9.91,0.02597451061008981,0.02059257455308036,0.005292072691999721,0.033566878936464296,3
9.92,0.0043838963335791035,-0.009124389296968526,-0.003873959302495139,0.010838846238580504,3
9.93,0.034880853467033,0.025314268888378007,0.019657507854037616,0.047369861335803815,3
9.94,-0.013195474762721749,-0.02447965959042824,0.0016004542418975136,0.027855623160455045,3
9.95,-0.05587216678800229,-0.042417181076403056,-0.02199407917718358,0.07351636410287801,3
9.96,-0.058146066619346126,-0.04505367383261725,-0.02213696114952731,0.07681694889835823,3
9.97,0.024259268081910017,0.003312710517511329,0.008818442641625705,0.026024047907011908,3
9.98,0.0344652824453793,0.025509584290140247,0.01926896406664839,0.04700944118894978,3
9.99,0.0417647730164295,0.028666518000003603,0.013284973149128843,0.052369418852336744,3
10.0,-0.002172564964878094,-0.010642657871816287,0.005322392988208121,0.012096035392808503,3
10.01,-0.0036522713869470633,-0.0027453456225382707,-0.0034951949244646247,0.005752599102241138,3
10.02,-0.022242669886735133,-0.02838308041134812,-0.016162878803793395,0.03951675933769672,3
10.03,-0.04738172120171289,-0.04628359581082546,-0.027816131165227527,0.07183965407919118,3
10.04,-0.018828722638149834,-0.01885702459223678,-0.008331306638045644,0.02791986466574905,3
10.05,0.029674719073187864,0.0265464681048822,0.019018980852865252,0.04412511250521411,3
10.06,0.045964193669516124,0.027422837773933895,0.030249607372999622,0.061479735502724106,3
10.07,0.01062149846343758,-0.005715889682960363,-0.007253699103105865,0.014074934285991478,3
10.08,-0.00014113749078108195,6.29449410587144e-05,-0.004542558601430849,0.004545186520302798,3
10.09,-0.025190936439471425,-0.020490544415007066,-0.018650102943313596,0.037446922823071334,3
10.1,-0.04971274919909441,-0.029622556060572517,-0.02880690066469605,0.0646427937700676,3
10.11,-0.04418662635178228,-0.022406035736692153,-0.00873787896759497,0.05030744392868996,3
10.12,0.038543086277869246,0.010620947173981935,0.022314752547632065,0.04578561127644622,3
10.13,0.048904365092813123,0.04411135073812614,0.022308761810734365,0.06953509216648253,3
10.14,0.01569123263199422,0.0188711856534233,-0.0011011296021765154,0.02456723256449776,3
10.15,0.012671993404431751,0.005087655127616742,0.00852551861359596,0.016098078120393686,3
10.16,-0.0030714321343943106,-0.008161760814438179,0.005165523690609005,0.010135613940286569,3
10.17,-0.038131644392939666,-0.026467181618731902,-0.025063421074836868,0.05275138939329583,3
10.18,-0.044591475040534005,-0.047517068595444835,-0.020325580108055952,0.06825980267275739,3
10.19,0.006924409034990069,0.005667271053559605,-0.0009725325318337553,0.009000623378624487,3
10.2,0.02992790171562168,0.015330653597087112,0.004833913227166723,0.033971678761897654,3
10.21,0.03284210420051083,0.029085733609469696,0.016565604991783958,0.046893528089301015,3
10.22,0.008515193204376367,0.005062891706386925,0.005167815759249775,0.011173527082350018,3
10.23,-0.01834561376721003,-0.021745281144620182,-0.014430017200484719,0.031900535935317845,3
10.24,-0.019309600203286457,-0.013693774244538178,-0.0022239061894672695,0.023776582424955197,3
10.25,-0.041596079780272806,-0.010548549665090872,-0.01886915299033641,0.04687804057014788,3
10.26,0.001067986979511674,-0.005996366760438871,0.009456805855141569,0.011248474896444517,3
10.27,0.046840891295914074,0.033489086972228105,0.011131280934206364,0.058647194808151934,3
10.28,0.03478521904773051,0.032140713506983436,0.02178001124759307,0.05212874273260253,3
10.29,0.02473631822692821,0.025805614580335166,0.010449475763582428,0.03724253921292645,3
10.3,0.006579120880274004,0.011374438225940333,0.0032847291198630493,0.01354444985608003,3
10.31,-0.014113313660636336,0.008681882547522782,-0.005533479641742177,0.01746940479804793,3
10.32,-0.0550216504562091,-0.03804410438016066,-0.02568603518863944,0.07165548339607959,3
10.33,-0.031407499564387355,-0.03045341104465267,-0.010153430602616715,0.04491028196464278,3
10.34,0.028094317076904053,0.0041424606245333544,0.0024116441665776745,0.02850029227270521,3
10.35,0.040214781118819466,0.042633780880433556,0.013557161304766202,0.06015533654829662,3
10.36,0.02521710138401086,0.01936896951591724,0.014990405480963887,0.03515354091416291,3
10.37,0.0018459125220931186,-0.008211675840399666,-0.002644954509100323,0.008822403159130389,3
10.38,0.00031635067761600147,0.008303483848042333,0.0050955054111787735,0.009747414896334319,3
10.39,-0.026585685978706187,-0.024477839002510507,-0.002517887040224445,0.03622572368274414,3
10.4,-0.026081633560620383,-0.023847163317310485,-0.020138326805539827,0.04067543501918181,3
10.41,0.018745064764250485,0.01546982481474976,0.006901620423562834,0.025265100381473494,3
10.42,0.059687741442345135,0.036959300845869986,0.01875766013280393,0.0726668164375016,3
10.43,0.020882466567240545,0.0190323055509074,0.013197392496950055,0.031184567228575953,3
10.44,0.016641254618604672,0.017205699509114776,-0.004083227002584472,0.024282507976603626,3
10.45,0.0016949662252432867,-0.001598829927606655,-0.002810375893950477,0.003650668474050214,3
10.46,-0.039000127971375725,-0.04285359384526118,-0.009652450683495397,0.058741895538325976,3
10.47,-0.035487670324028386,-0.022936858839379834,-0.017961475197643333,0.04591392849365123,3
10.48,-0.020166019104794514,-0.017047147965126595,-0.0105124290318215,0.028421554222613173,3
10.49,0.04659614790721912,0.04472335657363334,0.019994470361232707,0.06761034290720619,3
10.5,0.018715098311264743,-0.009597829869854791,0.010652161497014246,0.023576297155606392,3
10.51,0.02437121783833182,0.017811226062966867,0.019108997354988277,0.03572603830125141,3
10.52,0.0043733894398916935,0.009615953286424946,-0.004080565015033754,0.011324491319329992,3
10.53,-0.028406537007381355,-0.024892361807219814,-0.01481970021596028,0.04057319972080333,3
10.54,-0.05310481924339498,-0.04535051559466321,-0.018476290009340705,0.07223686305540065,3
10.55,-0.020601572228715573,-0.00753423571693367,-0.009391800219819248,0.023862007407221643,3
10.56,0.02945296767087867,0.03936272754178473,0.02106387116459329,0.05348446776952339,3
10.57,0.027787702903079213,0.023963615559523907,0.013765059806704713,0.039190409219560476,3
10.58,0.027593944567544798,0.014213750042333835,0.019859582047930438,0.03684914471437785,3
10.59,0.012324934578089976,0.011604909527321634,0.007024142813233799,0.01832802552792369,3
10.6,-0.022872309019241026,-0.028833529593678645,-0.010817452467725601,0.038360555608498416,3
10.61,-0.04344362146040468,-0.03629813107492204,-0.01157672712929707,0.057783416099719806,3
10.62,-0.0332579616077444,-0.024302127327669884,-0.022337266669262106,0.04685764489607013,3
10.63,0.027184099246188885,0.020906623847667255,0.003009742639357698,0.03442558239579491,3
10.64,0.06106066219346293,0.03768551353454008,0.021960093203691747,0.07503897714775319,3
10.65,0.0027993735575680724,-0.00476192554062903,0.004532547795275549,0.0071453772948504015,3
10.66,0.001602646514977983,-0.005592696172970888,0.005178631531446706,0.007788770819174765,3
10.67,-0.0028234007920356326,-0.00861762569867339,-0.002903985891604328,0.00952198502275342,3
10.68,-0.04555617135791526,-0.041222319528981644,-0.022297497997338843,0.06535918292851074,3
10.69,-0.05283189963864557,-0.026775408972680832,-0.02484557263983922,0.06422954635433573,3
10.7,-0.018855628009619107,-0.009274162785052248,-0.005522893742055156,0.021726646273339395,3
10.71,0.04432927396300761,0.019551307325088425,0.022955547013569996,0.05361245458752716,3
10.72,0.008821462005241767,0.0078769556730321,0.019061860925864718,0.022432546991856383,3
10.73,0.017281692618176695,0.005874456844730644,0.00297400015480664,0.018493534542929742,3
10.74,0.010944437736803796,-0.012025834554962991,0.012981029714425083,0.020806454444832832,3
10.75,-0.03537809493543078,-0.031386502370769905,-0.022194368148334007,0.052242818739368195,3
10.76,-0.039313748606180414,-0.027564767567873055,-0.01095738817197272,0.049248874059130594,3
10.77,-0.028403571948885455,-0.02487999496054695,-0.008827265577521835,0.03877754074549412,3
10.78,0.03485288990465768,0.020173616885985676,0.013481843870825384,0.04246715044744617,3
10.79,0.030607453212654154,0.03409749253130154,0.014740922508993089,0.048132629114802324,3
10.8,0.022048127231358183,0.015667679153970458,0.015629530487186155,0.031239051005621157,3
10.81,0.015966933097726926,0.02182431629886386,0.005871035677172544,0.02767151593936941,3
10.82,-0.03048401400282505,-0.020067019290401937,-0.015393559248219574,0.03960962053913473,3
10.83,-0.03875477242645717,-0.04043382637349759,-0.02113079137414793,0.05986098099034461,3
10.84,-0.04658331962800348,-0.01859250104816009,-0.027642385142632835,0.057269435296362206,3
10.85,0.020171450041644806,0.01255522917574376,0.014412588633735457,0.027789276485063446,3
10.86,0.04579477756070346,0.04208603303331712,0.00763649380634193,0.06266348111914999,3
10.87,0.029852242917058652,0.024345962353617,0.0075026324364676055,0.03924502240513503,3
10.88,-0.002171220414137519,-0.00396937668696132,0.004018183608719212,0.00605111137586636,3
10.89,-0.006686987969437624,-0.017330474121622662,-0.0012196644956131394,0.01861581915644583,3
10.9,-0.0373774630652315,-0.028373238493329962,-0.0014957996046481951,0.046950535931439503,3
10.91,-0.043307004360170265,-0.02934819859122945,-0.015283085115670668,0.05450124840638866,3
10.92,-0.0023305121438962646,-0.004605375456599588,0.0005793093192013046,0.005193878053671583,3
10.93,0.06338377582804243,0.03906163350504111,0.029941870334772518,0.08024855045074657,3
10.94,0.0138199745210658,0.012026224488822486,0.007384350948798113,0.01975222544812298,3
10.95,0.01320753816283514,0.019787569181019662,0.005562531606891008,0.024432124678260125,3
10.96,0.010781123007799275,0.003536605559144634,-0.002139477906898545,0.011546322267474547,3
10.97,-0.032824627151717536,-0.01646811669523087,-0.01029159662666711,0.03813885127088963,3
10.98,-0.0400262916359916,-0.038733222232127384,-0.016708969653775704,0.058151149545848324,3
10.99,-0.001667157480725585,0.0059891067683517695,0.005758977530806462,0.008474351665383609,3
11.0,0.021386689529446737,0.024680869226221737,0.007884595635954228,0.03359617006644231,3
11.01,0.023955527966600117,0.01947593131480297,-0.002218776305018738,0.030953225825900536,3
11.02,0.034250488977328214,0.019433118898259497,0.016773508466893572,0.04280295190274758,3
11.03,0.007515319334172947,-0.002951044349373322,-0.001872081305683089,0.008288146708501849,3
11.04,-0.04012267166700406,-0.030492372709528634,-0.02279854129540207,0.05531172624636815,3
11.05,-0.056315478860061746,-0.034042035661694885,-0.02666677640517267,0.07100288948397553,3
11.06,-0.03245838639164519,-0.027443993654469125,-0.00487690738059713,0.042784388045814116,3
11.07,0.028545726113541052,0.015021963550487571,0.009785150299871544,0.03370856025778249,3
11.08,0.049932234908920035,0.03607128438139524,0.022548937727189786,0.06559588578979435,3
11.09,0.0073059821169676915,0.009896509308171042,0.00301821626250223,0.012666013602842875,3
11.1,0.009422679951654628,-0.0034898847099104832,0.01315122947688033,0.016550559794561246,3
11.11,-0.01677745453973728,-0.018468579709720826,-0.01701460551282763,0.030200467183214355,3
11.12,-0.02823201174862749,-0.018517885815022703,-0.024261870467460065,0.04157639884613229,3
11.13,-0.019279129260574412,-0.013193532289301927,-0.010166048293388193,0.025477493150196116,3
11.14,0.019080528289476165,0.008284457611304214,0.002904963548362215,0.021003276195306047,3
11.15,0.04344885280445013,0.033540531125786505,0.02057757990356019,0.058619167794417136,3
11.16,0.01387319993769415,0.02473032134353842,-0.0015056348712137561,0.028395799101827084,3
11.17,0.02228016830847858,0.00967576809572068,-0.005033141357074226,0.02480642860261409,3
11.18,0.0013535700821406525,0.008831964356945518,0.0035186490839353196,0.00960294942949827,3
11.19,-0.041507558441799264,-0.025853726755299733,-0.0233919841964865,0.0542077256448355,3
11.2,-0.03293621066883809,-0.019851930641558553,-0.01531745983468049,0.041394657858308065,3
11.21,-0.003075975729868091,-0.004113074576783577,-0.001737071551526747,0.00542184717048023,3
11.22,0.03116848122393842,0.022469320243596554,0.01229265250871215,0.0403417138916562,3
11.23,0.040402703446483196,0.037225013233496605,0.021885927327876514,0.059136062356395985,3
11.24,0.014739914834618678,0.0031924241587047804,4.914090439698225e-06,0.015081667198595073,3
11.25,0.016903887635609467,0.006821705009184469,-0.002800090097074247,0.018442277000993566,3
11.26,-0.014556411378475598,-0.009057640683696692,0.004453962155637881,0.01771349050464718,3
11.27,-0.06462527438382085,-0.06063778892383113,-0.04166744885792298,0.09792621625020981,3
11.28,-0.015299080391901247,0.0002855776009111251,-0.013305119807612526,0.020277318079542042,3
11.29,0.03356862954116412,0.019712414685339606,0.010723626179337096,0.04037856288221354,3
11.3,0.03786609483538842,0.01879786233027228,0.02545024705910678,0.049344866416275494,3
11.31,0.012864401250806954,0.022581643461412143,0.0014356188527908046,0.026028531315665696,3
11.32,-0.009554752883855966,-0.010408651761964682,-0.004581190506895578,0.014853304030883988,3
11.33,-0.0038925649732697958,-0.002407019455093109,-0.0015886520496375396,0.004844545392824921,3
11.34,-0.05505478245583108,-0.035932175266105745,-0.018979195579381818,0.06842777327557469,3
11.35,-0.015425485660705718,-0.02090453549062384,1.3236823667241854e-05,0.02597971106769454,3
11.36,0.01894229359669277,0.004831166307418644,0.005486503061867069,0.02030399887808118,3
11.37,0.023829595345241882,0.007744778898584395,0.013092540006693475,0.028270935929551412,3
11.38,0.02401487785768194,0.005001638259313651,0.006920420703477878,0.02548770226029678,3
11.39,0.007489484685028407,-0.002068070480343084,-0.0003446833743600145,0.007777409786522871,3
11.4,-0.014124149753888409,-0.012293839581601927,-0.011689642809267032,0.022074370816326266,3
11.41,-0.04510386511658148,-0.049151795241285615,-0.008882833881563872,0.06729905171444471,3
11.42,-0.057510578455667066,-0.03865644437295166,-0.0267535428924675,0.07428014124356282,3
11.43,0.012889161497949074,0.012808098648403932,0.0006334046045274027,0.01818183369466611,3
11.44,0.034259685213782226,0.02402710133587316,0.013595421861596634,0.04399844457644549,3
11.45,0.017488712812580454,0.0030876171735282724,0.016590458432825025,0.02430291683445585,3
11.46,0.020929968455821624,0.010989297520801786,0.007027602182855612,0.02466202408568416,3
11.47,-0.012577416584876462,-0.0006230200642956575,-0.005307382666377518,0.013665572535294853,3
11.48,-0.006736842253939616,-0.008373197299208178,0.01313181301059962,0.016968794580384514,3
11.49,-0.05324991534159956,-0.02825654742425255,-0.022297821044992824,0.06427424662787638,3
11.5,-0.003540342132191114,0.005197816278856418,0.004992265154919609,0.00802957208441003,3
11.51,0.02811433982993891,0.012516158194805848,0.02383560121150765,0.0389256497074194,3
11.52,0.030853911878071447,0.028688671663629206,0.007023426056558742,0.04271220286493391,3
11.53,0.042837727091081156,0.02927753034387855,0.028789995966245797,0.05933892915366039,3
11.54,0.022362170014509228,0.02311818915129907,0.01205027416621292,0.034347145803894044,3
11.55,-0.007161006487401046,0.004039075365754614,-0.005648739759849504,0.009975089202475848,3
11.56,-0.04346265260211625,-0.016464680187545544,-0.02077924606800735,0.05091036173555631,3
11.57,-0.029588541591334793,-0.027906935668115834,-0.016573791537397527,0.043920034355765414,3
11.58,0.029147201993448973,0.03184243060457137,0.007672349028028635,0.043844779740144106,3
11.59,0.017775104488557382,-0.0017646678929353603,0.0033629214695465653,0.018176293163399047,3
11.6,0.018586788334886636,0.013051965523392897,0.008083927138693912,0.024107517139129585,3
11.61,0.007318530386392573,0.003724936615042556,-0.002067413778150703,0.008468189861636517,3
11.62,-0.01588904063799429,-0.009626110573056387,-0.004140330093942107,0.01903328532984636,3
11.63,-0.030593339266005617,-0.01779435511944868,-0.016548852416244274,0.03906988607427215,3
11.64,-0.036109092215788154,-0.02705075274639801,-0.015381078452074207,0.04766746625470997,3
11.65,0.01897081738502312,0.025366638892918566,-0.0006797758947656041,0.03168312447102919,3
11.66,0.0260077436696762,0.01709186425987716,0.02201466131343686,0.03812059636746233,3
11.67,0.03693645149583809,0.03027258607903041,0.025775447718560288,0.05426881813812551,3
11.68,0.003229434297420123,0.007036945348158449,0.004455226957151336,0.008932910665289909,3
11.69,-0.011321700133564263,-0.014987456290525352,0.0015891938865121363,0.01885020629021562,3
11.7,-0.022219876149287623,-0.02144063768936094,-0.021917866997491202,0.03786577259657909,3
11.71,-0.03564279706612797,-0.026201619139458687,-0.020770306869773502,0.04887064022182428,3
11.72,-0.013782057687218588,-0.0073501144160749154,-5.318061094680606e-05,0.015619607043731732,3
11.73,0.056240582401826375,0.03957043881571638,0.014824694796987269,0.07034624590401962,3
11.74,0.032796647039650025,0.01969418151379487,0.01974019313897909,0.04304829924289555,3
11.75,0.02290687077810545,0.011936089752076924,0.01145947372058293,0.028257998962544887,3
11.76,0.009771947532646808,0.011419832392486309,-0.0017525448496378245,0.01513191805103615,3
11.77,-0.02281451074718377,-0.019928395090231612,-0.00681586449835349,0.031049941068634037,3
11.78,-0.06544926784154359,-0.0638886451293127,-0.030158574492217545,0.09630630951737272,3
11.79,-0.02737794662907966,-0.02964023804681267,-0.009918021420467391,0.04155072589008892,3
11.8,0.03490259656685721,0.010189523721534189,0.020399997608207585,0.04169145647726133,3
11.81,0.05229091957880774,0.04728080544265752,0.015736923761524697,0.07223202616000615,3
11.82,0.017537303103737998,0.02527020347810529,0.009050985547225544,0.0320633829056341,3
11.83,0.023428864929263365,0.023004475333840965,0.01364994309886963,0.0355589446393076,3
11.84,-0.013130087361452776,-0.012930208674673302,-0.011036632152059685,0.021480147572813746,3
11.85,-0.050639284858167134,-0.03147362075021936,-0.02585187675966597,0.06498650249145735,3
11.86,-0.03621875914622866,-0.031642716797191196,-0.021317968663125998,0.052607184189251095,3
11.87,-0.0008132647144214449,-0.007075509235364022,-0.002655099755964484,0.007600906863629315,3
11.88,0.04496178497326246,0.04897480827539846,0.02337012527044475,0.07047167309458609,3
11.89,0.026902637392440663,0.02988058135898305,0.007054573900470262,0.04082117163846658,3
11.9,0.009753185662603959,0.003579665572998423,0.005303352218664511,0.011664655200174043,3
11.91,-0.0016928580380142547,-0.011016257384746795,-0.005369074872907804,0.012371364520324656,3
11.92,-0.04174176274423133,-0.0358467754310392,-0.013285636298537701,0.05660277552961583,3
11.93,-0.04414929344349472,-0.02461586160991599,-0.0147102094499217,0.052644952430588324,3
11.94,-0.0059326591023640355,-0.007105501403232002,-0.01666750763145696,0.019065424329420808,3
11.95,0.03866211953180364,0.02163743782953966,0.016155201682070477,0.04715854900128967,3
11.96,0.03917195389676385,0.033986576322077945,0.013019877526102876,0.053470052861217005,3
11.97,0.007703119350451501,0.003840019685634621,0.010523011217792111,0.013594762373912255,3
11.98,0.00750132970448265,0.01657323434742458,0.005455984536492585,0.018992361920847387,3
11.99,-0.020565760572841697,-0.017181581730129274,-0.011414957493715799,0.029128311198418293,3
12.0,-0.0488515248355084,-0.028004436027622055,-0.023233589280506735,0.06091403439959257,3
12.01,-0.015123147560516264,-0.006011070960515627,-0.0012339732854546783,0.016320700239227454,3
12.02,0.023383200828991833,0.024070900593511795,0.002850439608321333,0.033679479543965316,3
12.03,0.017279811951284852,0.01056441364033513,0.011235200288240878,0.023160925330235702,3
12.04,0.027152045954591197,0.007294985575129672,0.0035114880606220526,0.028333389533578106,3
12.05,0.0012797143109431284,-0.005422415295366838,-0.008783368303868324,0.0104013371791544,3
12.06,-0.021105650329730326,-0.02264047842277166,-0.012483046615701359,0.033374633958481226,3
12.07,-0.05008894987427308,-0.044218688867205695,-0.030964253997304153,0.07364088789695401,3
12.08,-0.02613276082526397,-0.024037443306264603,-0.014056475921828604,0.038187751758820304,3
12.09,0.022893072827645043,0.01850205924690444,0.013183635178213877,0.032252553641224445,3
12.1,0.03943589940209775,0.035654734459946665,0.023194617937638655,0.05800379774061963,3
12.11,0.010592130000934466,0.0012671183388936027,0.00311425489670312,0.011112937973510687,3
12.12,0.006717276630767777,-0.0015042872728849108,0.005919327355275143,0.009078718074295018,3
12.13,0.0006453534705054402,-0.0009051764592702325,0.0038934037368669482,0.004049002121827047,3
12.14,-0.06446250669344829,-0.050697661284569435,-0.023922859162162243,0.08542816174670063,3
12.15,-0.060670458724406365,-0.03391909930114637,-0.0339356711412096,0.0773501107629152,3
12.16,0.0007731370680503937,-0.007695713457003265,-0.0013605101097065196,0.007853198984930176,3
12.17,0.030469031469552273,0.023318932708471775,0.004310596300455723,0.03860978816077995,3
12.18,0.038153310028258,0.026784649316077956,0.011023390244546492,0.04790206297834375,3
12.19,0.017576097509333602,0.01406818553543108,-0.0005088837849868359,0.022518703573330714,3
12.2,0.006501634658843155,0.0024023190411579733,0.004869877678930478,0.008471015206002526,3
12.21,-0.01824642525401461,-0.01625071119468535,-0.006911626751840623,0.025392680702126996,3
12.22,-0.058970538334435475,-0.043038239794635176,-0.02643476342252863,0.07764413173755438,3
12.23,-0.02895262724058642,-0.018179471373966524,-0.011968121059187906,0.0362213158962591,3
12.24,0.02248483385855072,0.015072035763847877,0.015353100353839827,0.031119956718935436,3
12.25,0.01170762512621928,0.009376314801858793,0.0004935283462738178,0.01500757593977832,3
12.26,0.029871336936633488,0.023104072315369956,0.006867089430293808,0.03838296295466755,3
12.27,0.018118068316755595,0.013453743204077233,0.00582736325810557,0.023307204214014946,3
12.28,-0.02618948147193552,-0.03398217889456102,-0.008658486255146845,0.04376810261390558,3
12.29,-0.03736824007629086,-0.02683025316461726,-0.01564910323824136,0.04859158654991521,3
12.3,-0.024741885260781575,-0.018293399409438377,0.002830652789498114,0.030900193258709796,3
12.31,0.005950671973213747,0.018331742741646083,-0.00068875808688033,0.019285685794934244,3
12.32,0.04904764647478215,0.03577654079724098,0.02213480907353216,0.06461874549117756,3
12.33,0.009842477313052884,0.011951104075476771,0.015045066714893566,0.021588359843592485,3
12.34,-0.009366171491687522,0.012079114121680782,-0.0009001450157005903,0.015311447594057812,3
12.35,-0.006057903072176201,-0.016111269707296892,-0.0062965113663432885,0.018328045629570945,3
12.36,-0.04262846065971451,-0.030096416320651544,-0.02737344569819133,0.05892610171184445,3
12.37,-0.046215701411802125,-0.01847862987697035,-0.01861921143375146,0.05314156427439497,3
12.38,0.017008625251271395,0.025618287558963598,0.0031828122125349204,0.03091472600512897,3
12.39,0.03740547591767876,0.02523169213100218,0.0196722830626623,0.04922201374709524,3
12.4,0.04158331003038188,0.03212481648472129,0.018760987892016134,0.055795610705003086,3
12.41,0.013022156360317269,0.0028347162208876807,-0.0010432615769636697,0.013367893141534457,3
12.42,0.022641517711299308,0.019171699666887115,0.009556394569788131,0.031169168573477794,3
12.43,-0.02413046227287176,-0.019654453575128038,-0.014480649894632307,0.034325879103240246,3
12.44,-0.0572057079348634,-0.033937427923482644,-0.02502487060940305,0.07106677270995101,3
12.45,-0.0039441705173957654,-0.0017971519743121781,0.007509546052993223,0.008670612331957544,3
12.46,0.03405037078218221,0.022722848783965476,0.015604124510637913,0.04380918064751429,3
12.47,0.04451414285270695,0.02617407078858136,0.02922874750307424,0.05933726127953108,3
12.48,0.016397689125862192,0.005179689839439163,0.005001030684240365,0.017908760521206435,3
12.49,-0.005973981815439839,-0.004336083521991017,-0.0035056992394380147,0.008171903462369349,3
12.5,-0.006416898514402053,0.001334167394462511,-0.0005997439839380281,0.006581510618912046,3
12.51,-0.045811218688816824,-0.035050876241020094,-0.02411585599823232,0.06252044620398502,3
12.52,-0.021220760621012445,-0.0218260475459228,-0.0053342771280999735,0.030905526128680704,3
12.53,0.022073421222805437,0.014735776868027522,0.01943008051619853,0.03289235584827652,3
12.54,0.0485576767985564,0.02490600150335094,0.017731135403225767,0.057380746332245526,3
12.55,0.021146893241606048,0.007976378703034796,0.004606457608358363,0.023065844070480346,3
12.56,0.019769627053102076,0.011272377686813526,0.005575458114672204,0.023430543863115535,3
12.57,0.0021113360769769926,0.0041777638691617115,0.0031013248666848675,0.005615128396139802,3
12.58,-0.04667301936739567,-0.049479018511199985,-0.017666028726681028,0.07027540523307484,3
12.59,-0.0358196014164789,-0.013847059278181383,-0.013469955121292718,0.04069673927059177,3
12.6,0.008226898644656214,0.016411738428951956,0.010902567870347444,0.021351651124381858,3
12.61,0.023078157606567402,0.005760421440713979,0.011556203106172917,0.02644484153704315,3
12.62,0.029224206007551618,0.0233269503382449,0.01752141790851522,0.041294078442067186,3
12.63,0.010946614114393299,0.01109568248319044,0.004507556826631532,0.016225307358645823,3
12.64,0.010764049958711882,0.012630488055616989,-0.0016612812271070672,0.016677945177756972,3
12.65,-0.040227216623125,-0.041702496784098306,-0.01923996538027851,0.06105328380280515,3
12.66,-0.04878203986189176,-0.03691502809943165,-0.014633818346410466,0.0629011554112066,3
12.67,-0.021042857239288584,-0.014990118962774822,-0.010193193649459018,0.027774209333239226,3
12.68,0.017298781479305234,0.017123257372689188,0.003810554108429216,0.024636844488151788,3
12.69,0.03277465169351951,0.03924889967429124,0.01435726145712193,0.053111061708671005,3
12.7,0.011421253551278958,0.009417699923123668,0.003052913731186377,0.015114839952003198,3
12.71,0.00666869771315161,0.0072577678670381045,-0.010287072898816816,0.014246774807891634,3
12.72,-0.025639025114919632,-0.018319959319160882,-0.011217742618544932,0.03344874089939872,3
12.73,-0.04545299299404197,-0.03856895855580854,-0.029556811225449814,0.0665367885159254,3
12.74,-0.045781650703976065,-0.03402473566877054,-0.007462455644872443,0.05752678004861968,3
12.75,0.027235990977348856,0.012009535894592006,0.007734200425391291,0.03075460962427982,3
12.76,0.05507979783837359,0.0400493237092651,0.026626191859158956,0.07312104042207243,3
12.77,0.021846427954917667,0.02124283705742544,0.008347014664275412,0.03159425888422396,3
12.78,0.020630731515561218,0.011772050471885063,0.003525236882873213,0.02401323698005227,3
12.79,-0.01056860920725309,-0.009900344332616166,-0.006965768407367457,0.016069668571102466,3
12.8,-0.026653251600490358,-0.011013687511693158,-0.015797413098051744,0.0328824481155945,3
12.81,-0.031155619354109633,-0.016492898104720544,-0.008909190098726157,0.03636017015150101,3
12.82,0.01668153379595906,0.017413932311376987,-0.0009085450539656672,0.024131806033656684,3
12.83,0.04381431608071138,0.044161319781223785,0.019015729291366242,0.06505009161348288,3
12.84,0.02980011291893722,0.005882463466910662,0.021683924441709,0.03732080767634448,3
12.85,0.0004932676515075427,0.002087843929837447,-0.007787639339964357,0.00807773060585356,3
12.86,0.008099574398849776,0.01702318751087843,-0.005426761925420721,0.019617384215746655,3
12.87,-0.0318635995775039,-0.03041896653250826,-0.019435048559593965,0.0481489731505786,3
12.88,-0.04790563267005065,-0.040982602394066855,-0.015707210335918834,0.06497106892336614,3
12.89,0.007977520164850871,0.004992958559216559,0.009464195777028315,0.013346964630977964,3
12.9,0.03990780950103048,0.024273440970691174,0.018451014032975513,0.05022223725177152,3
12.91,0.02752613338372847,0.014468972416959875,0.010713144028320416,0.0328908898759686,3
12.92,0.0039568232935635935,-0.0018564046446804846,0.01152352831806075,0.012324544359870945,3
12.93,0.015439446071912798,0.009885575154519703,0.00803502226697449,0.02001655999351379,3
12.94,-0.03419145258584708,-0.020225325944694693,-0.014289891739857613,0.04221753481003149,3
12.95,-0.05296164808277662,-0.03754447965929583,-0.023597626746995958,0.06907511931673875,3
12.96,0.003333488381642026,0.00011081831997726468,-0.004068836406259263,0.00526116481318403,3
12.97,0.025703730303461365,0.023362826589332916,0.013643648530087293,0.03731826044939491,3
12.98,0.04066464324196731,0.03415915305925271,0.02534316102909423,0.05884502322769982,3
12.99,0.02617776555602889,-0.0016780031337320436,0.006415122384427045,0.027004534790112642,3
13.0,0.03615959927525665,0.013940720437102802,0.007345894362923197,0.039443915500921356,3
13.01,-0.020832321924615448,0.0021898464541942123,-0.009368530558405962,0.022946686669049775,3
13.02,-0.03572531391764447,-0.034892556524612955,-0.01398093167597201,0.05185802740044929,3
13.03,-0.013011597447919736,-0.010078051747038236,0.006006095336766282,0.0175197595975806,3
13.04,0.017040816961065595,0.008357389669045801,0.005515880130826597,0.01976512935445812,3
13.05,0.023143709519881674,0.019785835040909316,0.008201115775206765,0.031533614739910204,3
13.06,0.006920606205000783,0.0072771477634366085,-0.001106978679940098,0.01010331983129445,3
13.07,0.014284889724400493,0.014660018283831441,0.015296233658863317,0.025552866271068262,3
13.08,0.0033585048330622798,0.01919875496654799,0.005104435176181945,0.020147630268771,3
13.09,-0.042921660290878814,-0.03405594538224958,-0.03170548932423783,0.06330335213315112,3
13.1,-0.044017005792463405,-0.028098922819934577,-0.027220093454005424,0.05888955552743785,3
13.11,0.01147571034987338,0.004142871051869413,0.0050158025729630734,0.013191420849838412,3
13.12,0.04591837462856361,0.023145405537678215,0.02938315264926647,0.05922479705024573,3
13.13,0.05017476611948249,0.0397906913009481,0.02066125744665913,0.06728814032672653,3
13.14,0.018842467724068453,0.006518503093547999,0.010267396713503114,0.022426522418458255,3
13.15,0.021024406748744492,0.009898248408624723,0.008841889881940181,0.02486322620618352,3
13.16,-0.033668364959544894,-0.028753504717877465,-0.01173815936558687,0.04580510034812747,3
13.17,-0.03870607043098543,-0.0380361184955668,-0.008277482923816071,0.054894652945175544,3
13.18,-0.009022222062117407,0.004011501557298459,-0.007514686330582875,0.012408188680440637,3
13.19,0.04918839494142937,0.035771465385947984,0.026789035487583535,0.06645862137546278,3
13.2,0.04117412676723067,0.024009954527671535,0.022264163340298557,0.05260683986620305,3
13.21,0.02962227702026444,0.020989792895440812,0.021399696198666267,0.04214258771188589,3
13.22,0.0002674459979550448,-0.0036236998960157718,-0.003131696449021953,0.004796900139363295,3
13.23,-0.03330085386879991,-0.010876041604482148,-0.02207779512655933,0.04140850380083685,3
13.24,-0.03970190743288393,-0.031711282671545486,-0.022305549634976253,0.05549220167737387,3
13.25,-0.023271448437089753,0.001491465838069913,-0.0007947946458893487,0.023332734114016537,3
13.26,0.017214726368820876,0.008390071009097461,-0.0008162216721559496,0.0191678458181709,3
13.27,0.027992044392749757,0.01323099485031276,0.017807487692053058,0.03571722822276803,3
13.28,0.019134768470154176,-0.0023080715574419174,0.00033084720854307387,0.019276307182551317,3
13.29,0.00019111395250398337,-0.01248013904900579,-0.006350261289006112,0.014004149872948747,3
13.3,-0.014534986675951484,-0.0052839846947713015,-0.005155615154941756,0.01630235257717516,3
13.31,-0.03190093875459709,-0.04116629022775051,-0.012011171883612606,0.05344718509479828,3
13.32,-0.025583785476135056,-0.008260059992768583,-0.012715880495995525,0.02973974255371883,3
13.33,0.006815122994899813,0.005571496309504812,-0.004786469335744611,0.010019868325704754,3
13.34,0.02560313318267375,-0.0028431104624114557,0.00880335281409793,0.027223201990961482,3
13.35,0.013997415560572867,-0.003816793051608324,0.008408641513694463,0.016769043016224835,3
13.36,0.015225375950650277,0.012011246908063922,0.012349934900036903,0.02299136831857261,3
13.37,-0.010221343418895617,-0.0023084942765707536,-0.012908378176731895,0.016626221286434536,3
13.38,-0.048458282038831096,-0.03709514946769447,-0.021251087154864443,0.06462092476473187,3
13.39,-0.046074513568429905,-0.02616552591887136,-0.01964154510067797,0.05650916599208067,3
13.4,0.004042596927427111,0.006871888602154425,-0.004083213279057,0.008957570739900994,3
13.41,0.021179029062094793,0.009686416070307086,0.0032292055990171655,0.02351182036978173,3
13.42,0.04560686285509607,0.043699448024012925,0.018188087224721504,0.06573000999529079,3
13.43,0.0060282976584735345,0.009114510341733717,-0.005496357776977972,0.012232114299714282,3
13.44,0.02483044045108315,0.021253227295771497,0.005277787641470099,0.0331074838347611,3
13.45,-0.011456323554900881,-0.01864644730294005,-0.0008136704208068571,0.02189975812582397,3
13.46,-0.06354017120724682,-0.03983756697966607,-0.02584547157304947,0.07932448235405591,3
13.47,-0.011526851554205105,-0.014497800816653897,-0.006316799099484489,0.019569274031892424,3
13.48,0.04535568332960729,0.026244042348900848,0.020815460486972498,0.056384139298132685,3
13.49,0.038751341006751525,0.023345376125198537,0.014842676038405275,0.04761279290515925,3
13.5,0.026801499163333915,0.01389864401368816,0.014232760166476227,0.03337759914640133,3
13.51,0.018941572139967833,0.022470266760708055,-0.008560806053337837,0.03061018529368701,3
13.52,-0.023204672083757857,-0.013656005623488402,-0.007566449363737262,0.027967739488158103,3
13.53,-0.03913733323245352,-0.024131044103380288,-0.01582256399808652,0.04862501078191077,3
13.54,-0.045656327944758,-0.028597137196683307,-0.02218113122158129,0.05826061379280368,3
13.55,0.012138823373404363,0.01023666144247052,0.009962979389697969,0.01874569893863702,3
13.56,0.03012048182132389,0.03346074467071053,-0.0008323165047613677,0.04502840891960634,3
13.57,0.029402846024495097,0.012267008236660978,0.01905852130021217,0.037124575143280984,3
13.58,0.018098825316016313,0.027809127577523057,0.01116924526937272,0.03500952862193422,3
13.59,-0.01712824830329779,-0.0031598787100621407,-0.013304931920150552,0.02191763985472817,3
13.6,-0.04076446713726738,-0.033425069980214786,-0.025660095757103978,0.058629494270642936,3
13.61,-0.053799366173104005,-0.030768883579045486,-0.024994985811824952,0.06682698042753327,3
13.62,-0.006779906417693176,-0.020839495737323407,-0.008427949703657718,0.02347939628325187,3
13.63,0.04229371730208297,0.03216468225884623,0.03113425304205713,0.06158463299012095,3
13.64,0.034113665484575936,0.019287460955775493,0.01680305429860652,0.042639077812213884,3
13.65,0.031249672585637656,0.01199925723971041,0.00609884421586766,0.03402528635858512,3
13.66,0.01193991518511943,0.01645824554618104,0.002589454742778492,0.020497333898610613,3
13.67,-0.02413055391056559,-0.02925593714965632,-0.010133722829534208,0.03925411862367025,3
13.68,-0.04813338101197069,-0.0401161945083154,-0.020450362394603225,0.0659116738639153,3
13.69,-0.02568317970076721,-0.029953007040035413,-0.01402947095446659,0.04187641825114146,3
13.7,0.02974449414306353,0.024976651903891613,0.009834157678161204,0.040065929783219184,3
13.71,0.023152727709588213,0.01826395399834406,0.008645601974987939,0.0307305588878217,3
13.72,0.030978957773265096,0.02305510384073477,0.024584807658113474,0.045778230693324526,3
13.73,0.011333823463157554,0.009705816316938128,-0.005699566351590608,0.015973211363665946,3
13.74,-0.010415440222765878,-0.0021673826511145926,-0.0043245347571014975,0.011483925437573199,3
13.75,-0.059192729758322675,-0.04237681798784626,-0.032011664644762905,0.07952559734038867,3
13.76,-0.03993122700039042,-0.03445079988916236,-0.019949363903744598,0.0563856153901316,3
13.77,0.01384673930069155,0.0037672021351508825,0.010303418137657745,0.01766591142590203,3
13.78,0.03749280046139467,0.02740420708108375,0.021877519562877278,0.051335431374489836,3
13.79,0.017637356116390467,0.00035468030265787404,0.005459044223014931,0.01846627446785903,3
13.8,0.018712706046996923,0.021296612903684245,0.007825922826814198,0.02941013697455245,3
13.81,-0.012841150006058129,-0.01480934975854577,-0.012946087814221751,0.023490703766438487,3
13.82,-0.03929115466524931,-0.03202737120956415,-0.0237934500738933,0.055997103567440115,3
13.83,-0.04669133346902043,-0.030326194728364977,-0.02263792146643177,0.060101865163556374,3
13.84,0.0085668577829435,0.026977734854691852,0.0002724143289112137,0.028306597106148794,3
13.85,0.05457079231909278,0.04391897456574847,0.012599104872851615,0.07117292423975237,3
13.86,0.04344376650277436,0.02891086952073274,0.01725723112229087,0.054963726678606654,3
13.87,0.006941363227239619,0.020600468663691994,0.0006940399526347745,0.021749563767397347,3
13.88,0.002016845236249851,-0.007980870738233396,0.002610956442428251,0.008635916627181585,3
13.89,-0.020585551354260802,-0.00020583321163918263,-0.006548766648283922,0.021603093215639243,3
13.9,-0.041240215269693674,-0.021225067287914956,-0.021801368851152397,0.051249961177070084,3
13.91,-0.0005732658071294187,0.00824609823148315,-0.005214244776261328,0.009773183632556068,3
13.92,0.03226631453354173,0.03178525803103178,0.0015964326278379744,0.04532070474752067,3
13.93,0.04037387690057083,0.025781694613065786,0.02530901840750418,0.05417833631494435,3
13.94,0.03266916290725021,0.02553345412591013,0.018090973593720677,0.0452384218361904,3
13.95,0.008564813793526324,-0.00949368380572712,0.005933609802064086,0.014095878575103261,3
13.96,-0.022802926521763803,-0.013552078705531233,-0.004032984055755208,0.02683090113268371,3
13.97,-0.04007903548912592,-0.02652644112632619,-0.02586695187082864,0.054580952388675205,3
13.98,-0.036208119808254745,-0.028658453172659817,-0.011095616648854053,0.04749155279749012,3
13.99,0.023432917574447584,0.022573052689135006,0.01855757663754794,0.037457015156253236,3
14.0,0.02342679953840515,0.02408580363098091,0.00848834739173972,0.03465534467590313,3
14.01,0.03481748748842165,0.026883365197969133,0.010701821418272577,0.04527142300659848,3
14.02,0.024594852921877207,0.024380666592024938,0.0256388843073952,0.04308916432524827,3
14.03,0.0006404634815951969,0.0013569036447768227,0.011061988501371934,0.011163286728242294,3
14.04,-0.049877651668359696,-0.03376464266312204,-0.02858657522629168,0.06667100954153146,3
14.05,-0.036576391925005336,-0.01861405648957963,-0.02015280170771605,0.04572144969179543,3
14.06,0.0035356892883563473,0.001124780888151874,0.011769293635922428,0.012340279716388673,3
14.07,0.045731319114588755,0.031304597280087595,0.028246820403013993,0.062203008140353996,3
14.08,0.033174138863435426,0.0290393260267079,0.018716372035434813,0.04789685300293473,3
14.09,-0.008093644049188078,-0.00992788747868268,0.00395276954135159,0.013405014391315617,3
14.1,-0.0061232613102655264,-0.007242413402287687,0.0051534377694625955,0.01079373900959045,3
14.11,-0.05586172854508907,-0.05932486060268956,-0.02474438269350254,0.0851601801105204,3
14.12,-0.038371038499823144,-0.029715318966562137,-0.016096386869922014,0.05113150151428799,3
14.13,-0.00187171017182785,-0.0037654463262163295,-0.0021699205931670924,0.004731853799896032,3
14.14,0.017655287970156742,0.008768762421446969,0.028548468052393222,0.03469316093773322,3
14.15,0.025772769990767434,0.015117724136779358,0.0047595124688559936,0.03025614342598804,3
14.16,0.016640338405925784,0.010612164860885735,0.002175169599805015,0.019855736402517598,3
14.17,-0.006878270069985284,-0.0008145090529861681,-0.008608956785953288,0.011049351161740807,3
14.18,-0.020788898617270336,-0.02041290332297813,-0.00588489566429057,0.02972367616517146,3
14.19,-0.05378888099603383,-0.0370983241993388,-0.02445028512247965,0.06976636596365964,3
14.2,-0.025036316673558066,-0.028883977214939866,-0.008000048961134168,0.039052555303237084,3
14.21,0.021119383709735387,0.020307493984960866,0.010490362307697395,0.031120256772318194,3
14.22,0.03846432922126315,0.03171036119005285,0.025023112212160616,0.05577820160266651,3
14.23,0.034080018508049224,0.02082942760139531,0.010014175463352707,0.04117762044996726,3
14.24,0.015800942791863153,0.01704338602571606,0.008943720505790263,0.024902548801658812,3
14.25,-0.008878727521088925,0.004141509593731909,-0.0002955111868625476,0.00980159328733223,3
14.26,-0.05215956622130987,-0.03732851491779317,-0.027841728581794966,0.06992281619604188,3
14.27,-0.025980309476732133,-0.018365945550909146,-0.010405046533561235,0.033474608733356566,3
14.28,0.02715678986817748,0.008812065012527761,0.010425106169141194,0.030394515366546457,3
14.29,0.016452907498355,0.002636492886586657,0.004241837820610659,0.01719425624988796,3
14.3,0.04201538840887355,0.02515180597783448,0.027389231622547642,0.05610771975377987,3
14.31,0.018530810185260982,0.019198730875502914,0.015334489115925942,0.030775456938908513,3
14.32,0.003496909518492374,-0.008101351101234588,-0.001441955998328826,0.008940889382332942,3
14.33,-0.023777066667435766,-0.016104349830725583,-0.011136789661689774,0.030801413388784553,3
14.34,-0.044548798371732284,-0.023283958265855813,-0.01604167182658336,0.052764319230737454,3
14.35,-0.003928839774971752,0.002267680995280757,-0.0037853322447097123,0.005908206096320327,3
14.36,0.03070894779641667,0.016290366917335684,0.002853145584628604,0.034879162386610645,3
14.37,0.023759035239777803,0.033622369466006996,0.010519497969740808,0.042492532538895164,3
14.38,-0.0007074653961279247,-0.00409168801771867,-0.0045949360197688055,0.006193210407117602,3
14.39,0.0029410929900220615,-0.003956748411993654,0.0017934823569251775,0.005246185751226609,3
14.4,-0.022579311171797976,-0.02445613098967836,-0.003983852313887049,0.03352310718349435,3
14.41,-0.05369575424200705,-0.03209098395290929,-0.02292727255603601,0.06662375778611307,3
14.42,-0.020467177972198235,-0.00989885534346396,-0.015295706475453478,0.02740166688067883,3
14.43,0.03566247120200576,0.0260733051963727,0.01644084229079467,0.0471373566434083,3
14.44,0.04105220223823097,0.029441220019170752,0.01555831147964655,0.05285952895101827,3
14.45,0.008461798506474499,0.00779712398340627,-0.0012118510690289895,0.011570037138673758,3
14.46,0.0015511948395484695,0.0016395697704826124,-0.0006464515806022612,0.002347827529565443,3
14.47,-0.01856980248250351,-0.0009102684741577188,-0.013147135481494526,0.02277088764855273,3
14.48,-0.04824014849196,-0.030635152326920937,-0.023021426021962593,0.06160852652599878,3
14.49,-0.025393814104552374,-0.030720884793926907,-0.002792521533323756,0.03995518406680627,3
14.5,0.01666936617916733,0.005895097063258198,0.013969369667519858,0.022533602177819394,3
14.51,0.04075288704933121,0.038391875241534514,0.011456689043928681,0.05714883735708342,3
14.52,0.008809166753951752,0.0041902881491663,0.0016376688723668078,0.009891506104102223,3
14.53,0.018872956464266042,0.022666628079354673,0.017220483587971035,0.03415420280424432,3
14.54,-0.0043395351362618215,-0.011824464301522465,0.00016332632344644182,0.012596674033440756,3
14.55,-0.0543593124673209,-0.023677582224322695,-0.02435492489321927,0.06409933789411357,3
14.56,-0.033637732479455694,-0.04020687305414544,-0.015361152358551204,0.05462650170873309,3
14.57,-0.007041589293214873,-0.007369658360979248,-0.013687349545863122,0.01706573706941804,3
14.58,0.04438642390862435,0.03847545321700535,0.024799274847020054,0.063761423765378,3
14.59,0.02790234760561393,0.003987964052176014,0.0062374243382302035,0.02886780770271799,3
14.6,0.024000592096485286,0.027844003680663913,0.02465647739586717,0.04426351589654403,3
14.61,0.0048008754991228034,0.00013311274426644698,0.0066389603537418945,0.008194017277216376,3
14.62,-0.03373961569536563,-0.023347305673874687,-0.015076759761312345,0.04371232131105177,3
14.63,-0.04241268201507482,-0.022691505302953923,-0.02111105303760956,0.05253014914296932,3
14.64,-0.014750235387809932,-0.010375816768911798,-0.004987047511416026,0.01871089683844557,3
14.65,0.0585773420011448,0.051569971636258746,0.025874617094063558,0.08222081719520927,3
14.66,0.02975709286208131,0.027887366448984638,0.013265715854918887,0.042885533693845186,3
14.67,0.018117058997434998,0.014400485662320014,0.016303973589520557,0.02830938658528313,3
14.68,0.0033900461098507863,-0.010377624997562323,0.0009020956915326206,0.010954510023439048,3
14.69,-0.006624122391329871,-0.017046851622122508,-0.0022410647814821924,0.01842543131209629,3
14.7,-0.039684144515055364,-0.0330803977099008,-0.02823983041568922,0.05887811189605093,3
14.71,-0.02795087734163458,-0.02556372122495387,-0.012978519791887572,0.04003994709065779,3
14.72,0.008625553091496669,0.006769394648444978,0.006964600086258026,0.012989631419025274,3
14.73,0.03783584118195367,0.015330270653146016,0.00794203841141628,0.04158898953296585,3
14.74,0.01830544065187518,0.01920487387638646,0.0013240753252611271,0.026564440772096087,3
14.75,0.008723342657862974,0.013418437905904851,0.011502686417161082,0.01970946416756828,3
14.76,0.000698037937204867,0.01220450510688669,0.005270198971579257,0.013312107236115384,3
14.77,-0.03324309464240525,-0.02979209041739813,-0.02519806930238456,0.051260264234688775,3
14.78,-0.04034258025387876,-0.012387202158845118,-0.02485351421195249,0.04897615468315648,3
14.79,0.0056398890254209105,0.0017911684604071665,0.0027331023268427047,0.006518165462890124,3
14.8,0.03986341633445565,0.02408702009417219,0.020277818513215997,0.050798291531567535,3
14.81,0.005715569044268912,0.006629073334510618,-0.00412459984233343,0.009675984013706396,3
14.82,0.012433528046403753,0.003754142058996243,4.429861796466893e-06,0.012987926004697933,3
14.83,-0.0045020463440342915,-0.0040431011755340225,0.004960905987040454,0.007824683802665188,3
14.84,-0.03981016886159058,-0.02898373633337582,-0.019286775856804245,0.052885595766537535,3
14.85,-0.048957508576225224,-0.03030263186821304,-0.013220495978168965,0.059075110309168184,3
14.86,-0.011802107183316427,-0.01228258412911908,-0.005122340105322893,0.017787354356676444,3
14.87,0.039317128014573016,0.026647217144125972,0.01706249172142175,0.05046820147958622,3
14.88,0.027641791015364188,0.014923614129031405,0.016512948110230456,0.03548887606702215,3
14.89,0.014147221265793706,-0.0029425846331888935,2.40600636519199e-05,0.014450026046809328,3
14.9,0.0011786406043264612,-0.002403126797473953,0.0023612389133178717,0.0035692662109558355,3
14.91,-0.01692459010568244,-0.01291251206909538,-0.012654801148260513,0.02476527226343198,3
14.92,-0.03894658690742096,-0.01718409167663116,-0.019687930444996886,0.046901431147622706,3
14.93,-0.02440341933852502,-0.01420314037678014,-0.008838309135693237,0.02958668248304459,3
14.94,0.028524068680457842,0.017263998853773464,0.016220897360311126,0.037078102185580046,3
14.95,0.017462112161292197,0.015134634057815396,-0.00823422572459565,0.024531306171525543,3
14.96,0.02508227007321291,0.024142948461748075,0.022533971084117095,0.04147025542810221,3
14.97,0.014540788702305683,0.011324921119859983,0.014868567435520334,0.023680428037532748,3
14.98,-0.004143253575497039,-0.012482626592728209,-0.006072965120524071,0.014486663597925383,3
14.99,-0.02635829887002993,-0.027930737138821195,-0.012964918007307074,0.04053362919078357,3
15.0,-0.05379127835327287,-0.05242401956753728,-0.030145051095807306,0.08093518122587759,3
15.01,0.0032512888796598777,0.005000900874336829,0.0017240900938155143,0.006209055933516433,3
15.02,0.031411431764274224,0.01830267300256814,0.01571716633195622,0.0396067570248685,3
15.03,0.019942719007872287,0.020207527791044694,0.008255387869729534,0.029567002718105733,3
15.04,0.018520328153250224,0.01628030971815287,0.004918538941439078,0.025144444013370196,3
15.05,0.021471097297744574,0.0116354860870561,0.0025190503172176177,0.024550726468924797,3
15.06,-0.031103543994662308,-0.018266898737803166,-0.014164960332141348,0.03875249849669291,3
15.07,-0.034126619420743326,-0.018804451361448263,-0.01615244910524591,0.042179795592094664,3
15.08,-0.006941062311706636,-0.004958175080192051,-0.0031833504812432715,0.009104700238188157,3
15.09,0.037831066633218384,0.026157892251210884,0.014610636827669294,0.048258632783606856,3
15.1,0.023300204602128425,0.03215753688101712,0.008564312011952313,0.04062455111128114,3
15.11,0.03006373133098823,0.020701142095785337,0.029019558075467064,0.04663153414275736,3
15.12,0.006072773649483899,-0.003089502437368474,0.0027501714893519193,0.0073475879259261604,3
15.13,-0.01737715369143887,-0.01489032913910778,-0.007882542674837126,0.024203756966790883,3
15.14,-0.04797232961702084,-0.03348169671736441,-0.01946279976301578,0.06165362113106506,3
15.15,-0.026109598105551794,-0.01024059407157917,-0.02068581736364762,0.03484944648304305,3
15.16,0.023801476644282574,0.027252895494744862,0.0026029667586001445,0.03627679753288858,3
15.17,0.04548987213841156,0.02108504409840409,0.014355864045339447,0.052153603751696274,3
15.18,0.03401114729106153,0.012673720653845682,0.014974849252004976,0.03926356383959905,3
15.19,0.009191785158465504,0.01575718889425514,0.001793164082820902,0.0183301214855915,3
15.2,0.006022696274864334,0.010880804171449748,-0.001012272223685949,0.012477558450736628,3
15.21,-0.05823663061232916,-0.04505805408879828,-0.019563030982637907,0.07618691202938728,3
15.22,-0.037938074215235394,-0.02044304254562263,-0.010320727491575865,0.04431402576654728,3
15.23,0.026309785877728666,0.010737231227971291,0.004271106411394763,0.028735610613876122,3
15.24,0.04899989921585245,0.037318642424224446,0.025006679807997235,0.06647559876052654,3
15.25,0.029189307687522592,0.020696596614617317,0.013945466867414909,0.03840365660787032,3
15.26,0.007300415963998965,0.010181686538976668,0.007847467157368254,0.014783286333267141,3
15.27,0.0018786243159834514,-0.005144468618140758,0.007278307143348803,0.009108706909137081,3
15.28,-0.030650092135762287,-0.022670044593455216,-0.01490831580271678,0.04093430040776928,3
15.29,-0.05491991079274436,-0.040840892170289536,-0.02786466352917504,0.07389597112388707,3
15.3,-0.01173245167143141,-0.00808107120712705,0.003341797732533701,0.01463289944482292,3
15.31,0.04353357658434431,0.040145148963910735,0.017939349908308658,0.06187588828204641,3
15.32,0.03155804369211864,0.025412563755509897,0.014993550134357322,0.04320318349303684,3
15.33,-0.003580648149416058,-0.01623992564963224,-0.007375684245072347,0.018192222084135522,3
15.34,0.02609982054087901,0.01968592562633137,0.01369807011782442,0.03544535829956264,3
15.35,-0.02137500865511226,-0.019695408161441327,-0.009632882688532237,0.030620132699629467,3
15.36,-0.0508004756854229,-0.029154962985288226,-0.02256159368483037,0.06276723433558426,3
15.37,-0.010865252676988993,0.00013971188491082587,-0.0012300695135700913,0.010935552393629522,3
15.38,0.05805609034658804,0.03137304586200705,0.0147826140443479,0.0676262028430914,3
15.39,0.03206403713455533,0.022989464975918528,0.007957934432685328,0.04024856143615628,3
15.4,0.03453632186466643,0.04140485497918473,0.013222624860320956,0.0555153794185353,3
15.41,0.01248756963094595,-0.0018923563721021854,0.00832537337316169,0.015127202310054193,3
15.42,-0.03320741895023874,-0.02726161399954828,-0.016963893024786042,0.04619201162271921,3
15.43,-0.04935061078788547,-0.037108001273686984,-0.01002207470417401,0.06255340538325117,3
15.44,-0.027652148120695462,-0.018888843780036847,-0.011469880103968716,0.0353975686260361,3
15.45,0.024300925875997983,0.0066858141450171875,0.009680035823692607,0.026998855582421127,3
15.46,0.02506672531524044,0.021457610011001896,0.0021255849379889797,0.03306490370079082,3
15.47,0.032077894615527285,0.015158472671421501,0.009199339348175163,0.03665240048261492,3
15.48,0.0012448391773561707,0.008209280176927437,0.002417974786355706,0.008648034902116578,3
15.49,-0.006078699666839528,-0.016063604140199014,0.005011149151208592,0.017891382937836653,3
15.5,-0.05010755455020788,-0.02935929237710453,-0.021891763146458017,0.06206435664330199,3
15.51,-0.030965609406466678,-0.031480315297894766,-0.01397152925519648,0.0463150391006802,3
15.52,-0.0029671799976796432,-0.00016872268224429085,0.004615810430953488,0.005489838833393281,3
15.53,0.026856181030180913,0.030636145946811126,0.0132456626928778,0.04284011529132077,3
15.54,0.032355019604381384,0.02472550193684955,0.011793012380825545,0.04239425527879172,3
15.55,0.027041076294498603,0.007868693470797808,0.021113920426622287,0.035198491159196134,3
15.56,0.008399337309853292,-0.014289001983220756,0.015195874017348877,0.022486418836095687,3
15.57,-0.050907286862425655,-0.04133327120360181,-0.022631728424170678,0.06936992356597498,3
15.58,-0.058154422154901714,-0.03639097572807336,-0.016776085770203897,0.07062348748384624,3
15.59,-0.014967096755131293,-0.004515564120894231,-0.009564939345336664,0.018327366676294178,3
15.6,0.026601776515702485,0.015818418133885098,0.011265175137832066,0.03293601428430336,3
15.61,0.03474064292172898,0.013927457281763617,0.015954324533342692,0.04068693658000869,3
15.62,0.011658761229959144,0.012646760083700387,0.0066390270301234745,0.018437568547359652,3
15.63,0.00792942113394558,0.011055502055161572,0.004543404851485158,0.014343722419778047,3
15.64,-0.010746899430898814,-0.014317408153890357,-0.00247720975901484,0.018072647614920667,3
15.65,-0.050688989861565725,-0.04168661677581988,-0.024720663987150157,0.0701302997239108,3
15.66,-0.02281810265259526,-0.020319621420625742,-0.01591167619268288,0.03444900960263906,3
15.67,0.025281980015292787,0.017709908959062125,0.008373043283408564,0.03198323377424125,3
15.68,0.03994561775595786,0.03918734037130548,0.02105677884242571,0.05978869423645637,3
15.69,0.002147218868388392,-0.00819187212816137,-0.009066970374773059,0.012406742908996,3
15.7,0.008203265348364078,0.0015152659809116531,-0.00502677362881083,0.009739509560747244,3
15.71,-0.0028141608093228236,-0.00372803806660348,1.0543405776000268e-05,0.004670961362522544,3
15.72,-0.021564949914801654,-0.01750638787419212,-0.017864778744204626,0.033025308489232165,3
15.73,-0.024042222671266242,-0.030966060683920698,-0.0014813254245108834,0.03923161620770052,3
15.74,0.00499748120610035,0.01982443359208223,0.009293151105896463,0.022457641085591094,3
15.75,0.07717098395739448,0.046991627441389815,0.029669417197196325,0.09509914895183923,3
15.76,0.02914324959506997,0.02953969708155634,0.014972459378037171,0.04411459214883016,3
15.77,0.016522618932089273,0.009071491337062915,0.015094810203876794,0.024148337138289778,3
15.78,-0.005281237324121674,-0.007235287568520282,-0.0037218762952902712,0.009700165824887926,3
15.79,-0.03930583652026092,-0.027722210501186294,-0.01998219118502071,0.05208414062057932,3
15.8,-0.0655777099355492,-0.03970039299545768,-0.02890612731985126,0.08192753774535315,3
15.81,-0.0062209651396599565,-0.011693265476000659,0.00025891193102872646,0.013247637530862715,3
15.82,0.0333831091400561,0.03132783304936873,0.003997473717577376,0.04595481362761401,3
15.83,0.026057377075631376,0.006989995986503295,0.005828878139747434,0.027601137011380474,3
15.84,-0.004811718788507471,-0.023998841297878878,0.007892135240664492,0.025717364172818932,3
15.85,-0.020459526219821028,-0.006836330449991561,-0.019216933074822515,0.028889758461490007,3
15.86,-0.011762695562881061,-0.019867205983496172,-0.0011110960695202236,0.023114960847282245,3
15.87,-0.04827191277439453,-0.020196077568928036,-0.021652676718995234,0.05662947572745337,3
15.88,-0.01837773324276296,-0.020036209348064705,-0.006076068034699013,0.027858739507449385,3
15.89,0.01859025846735461,-0.001439211726004322,0.00790621615937723,0.020252834227191898,3
15.9,0.02373909700549083,0.014628979898276955,0.006013910960590551,0.028525758614666254,3
15.91,0.015017354570728579,-0.0011986363125474422,0.009222260485174254,0.017663741273273515,3
15.92,0.00677881951634624,0.0237679969681,0.0012358889272930194,0.024746666348246037,3
15.93,-0.008064643467399237,0.008723302845700737,-0.011870492799295963,0.016794138444475592,3
15.94,-0.04997807857889134,-0.027548615588218767,-0.029412732213880324,0.06420158390219606,3
15.95,-0.03694606663663102,-0.020442123107146454,-0.018641066601814454,0.04615605703587984,3
15.96,0.0010203513426403632,-0.012153836689436147,-0.0026057595343136506,0.012471842120816742,3
15.97,0.04585056902816475,0.04083293759889977,0.0267108362074909,0.0669557484019524,3
15.98,0.016149769722496585,0.010071281233328178,0.01680205976130888,0.02538808736382185,3
15.99,0.017169563059864217,0.01636095019321361,0.006461605005004113,0.024581027768019882,3
16.0,0.009025731234565303,-0.0023320707458102767,0.0032687487703300377,0.009878618162759707,3
16.01,-0.042342360174061205,-0.02036881481138195,-0.017277081512529383,0.05006257711625403,3
16.02,-0.04536228096591441,-0.04517418712005487,-0.01581898782569756,0.0659445531656547,3
16.03,-0.008698530856934453,0.0030412623044715056,-0.006833108563541379,0.011471926085657225,3
16.04,0.03004258657722633,0.007670258721284023,0.01642489367840822,0.03508798953272455,3
16.05,0.04945203373929222,0.03363662969779161,0.020926156327122594,0.06336269026016514,3
16.06,0.0108215584216823,-0.005315923459123603,0.008190382642553212,0.014575580150669157,3
16.07,-0.00754264728162024,-0.00163408883979869,-0.0007382272154657326,0.007752854556416115,3
16.08,-0.022344088335650276,-0.006982960716706689,-0.005787222495171832,0.024114559256412597,3
16.09,-0.03553031091605423,-0.03954622390509174,-0.020935457005463832,0.05713667980352688,3
16.1,-0.009196586018321417,-0.020624840410739316,0.009556295217708007,0.024521093259657883,3
16.11,0.02935570917163762,0.024080721871662124,0.006944067735927779,0.03859869043829426,3
16.12,0.02542040115555546,0.020244918714747193,0.012672129959503951,0.03488031545709763,3
16.13,0.010632371215359336,-0.003683558504158006,0.011819788181598585,0.016319415233782556,3
16.14,0.001181744127229923,0.006222176767233533,0.002657454018013871,0.006868337845709195,3
16.15,-0.008218533935976756,-0.010143686137626222,0.005172231746587841,0.014042458821584027,3
16.16,-0.045668098445582866,-0.039417449837399775,-0.025971728721357636,0.06567983906873683,3
16.17,-0.03948183258157617,-0.042804344177135106,-0.010604196155643291,0.059190167769162555,3
16.18,0.028063564738679284,0.015511321364964185,0.017062204062738413,0.036321943282370844,3
16.19,0.04354447265093028,0.02175839807170745,0.030267004542514096,0.05732050722970852,3
16.2,0.027088201749536595,0.0054174124044597885,0.012196710795726609,0.030197330766446664,3
16.21,0.00035802701509862755,-0.004660054281766064,0.0019917721803890025,0.005080496596900565,3
16.22,-0.003756367043054915,-0.008215116629701176,-0.002214664448035415,0.009300708210622132,3
16.23,-0.04677798054810878,-0.03140354955821536,-0.008388164266347432,0.05696247614679123,3
16.24,-0.03955655316100228,-0.01800354261402437,-0.020472361722137487,0.048041295144034483,3
16.25,0.018674394708271633,0.008949672725175304,0.004125647185254545,0.021115175213700432,3
16.26,0.03690157349960521,0.0323195364625413,0.01170910756202011,0.05043195181429387,3
16.27,0.03333657474611398,0.019379407700653314,0.0175819006661767,0.042379380477617766,3
16.28,0.015827748815786122,-0.008093445455015358,0.011735063077529386,0.021301013997988952,3
16.29,-0.0007576790444799907,-0.005544797753666886,-0.005503888229678058,0.007849308587914106,3
16.3,-0.03372931289417299,-0.009457356834105042,-0.011651720322018087,0.036917079151297265,3
16.31,-0.05782192913574207,-0.04105209696747387,-0.02332779287471878,0.07465143049407315,3
16.32,-0.021255466543801345,-0.014024217352406382,-0.00811883575487818,0.026728056875816524,3
16.33,0.04649973154426548,0.037819919900239723,0.02295108424075601,0.06418195729934999,3
16.34,0.03179928300195527,0.03445108248240847,0.015276236673275895,0.049309582137208305,3
16.35,0.009145994656442714,0.00047833293540390336,0.0008706096849964199,0.009199781621124512,3
16.36,0.004523878454657059,0.003753814881810433,-0.0001597573153221568,0.005880656837395867,3
16.37,-0.01236275740876187,-0.013234097187302379,-0.014066966807050833,0.02293160819178479,3
16.38,-0.04536882331000439,-0.02702912763349196,-0.021696007628401247,0.05709308728886223,3
16.39,-0.027079901380573257,-0.02593103952357514,-0.002972916718283109,0.037610877460764414,3
16.4,0.02454603630156057,0.010448205997327147,0.00890159044506239,0.028123143834424668,3
16.41,0.0405152115671305,0.022677581950011346,0.0188807076979293,0.050122212786383166,3
16.42,0.00019737419046718385,0.012678983988923724,0.008177629873317603,0.015088711737833127,3
16.43,0.018290030370436316,0.006656510149260548,0.015951267403100957,0.02516500089576638,3
16.44,-0.010056266640882917,-0.014054520821416252,-0.010380409799749796,0.02015963694819178,3
16.45,-0.029660892956080386,0.0003620910483875424,-0.013640917756736927,0.032649262137534475,3
16.46,-0.03837868880481709,-0.020925151005188273,-0.017026192487162254,0.0469113731367653,3
16.47,0.012601627563047505,0.006690101503155008,-0.00040269769908025943,0.01427307397854856,3
16.48,0.03419759336545738,0.017343883626216357,0.011628538893048363,0.04006879843489256,3
16.49,0.023919811694621238,0.009291562676130013,0.012633811297679565,0.028602512413701826,3
16.5,0.011778631569911541,0.006073528607269656,0.007653857043595967,0.015303772052890859,3
16.51,0.004991440365658403,0.001147750802724203,-0.002589775943535572,0.005739228891305321,3
16.52,-0.03720919336064328,-0.033946320076236325,-0.016888492035475808,0.05312342120477892,3
16.53,-0.04513141475277908,-0.02654191443880915,-0.025164159831258387,0.05809090083375837,3
16.54,0.003155710176914739,0.002681325743598079,0.004922713817233024,0.006432816318716241,3
16.55,0.03702326825523716,0.030201603394332505,0.025686824053491385,0.054246402367740774,3
16.56,0.030838897738789794,0.022564916954608657,0.011920239583123698,0.04002880466153078,3
16.57,0.022671307231227948,0.027275248312243986,0.009595822172760409,0.036742443375999606,3
16.58,0.02276622607065429,0.012025231475503065,0.012630237881366345,0.028678043002957333,3
16.59,-0.009101882760234882,-0.0013213366536586448,0.0018686369235132528,0.009385201344951521,3
16.6,-0.05626476159438162,-0.04197607995576782,-0.018329591999018006,0.07255128274934963,3
16.61,-0.012662919027449997,-0.013274219243915107,-0.01076188397912613,0.021269051732774855,3
16.62,0.02450469004159714,0.0012764529417063006,0.019887295862190117,0.03158502339491654,3
16.63,0.042390600467693496,0.02449749239354421,0.009772010154428312,0.04992576813672096,3
16.64,0.02559481112480815,0.027455660031579024,0.008801306978536406,0.038553477519086166,3
16.65,0.011553223062923376,0.021564629609109508,0.006083509417540025,0.025209508129930763,3
16.66,-0.017967407788760728,-0.001994356138608643,-0.012284881819598255,0.021856887252688143,3
16.67,-0.06874478530838708,-0.05459920057833276,-0.0268355936126529,0.09179905933849596,3
16.68,-0.0479725616207233,-0.027287749041272975,-0.020212026994552674,0.05877511336800734,3
16.69,0.0018666879978204345,0.0007485981082524287,-0.009966520298319573,0.010167421013497083,3
16.7,0.05668180750766562,0.036467824014732614,0.02842838969755016,0.07314986556037778,3
16.71,0.017729240006170627,0.010743605580045447,0.016221385549942055,0.026322696693459307,3
16.72,0.010936644341417692,-0.003088601662059891,0.0012266667792432233,0.011430413862360439,3
16.73,-0.002643545041125717,0.001059252445762257,0.0012343810375441593,0.003103875428260981,3
16.74,-0.04059682002124074,-0.01834383718847153,-0.018780029014827074,0.0483455028770196,3
16.75,-0.027350539313596052,-0.024366305275417565,-0.00452663949630391,0.036908797036057726,3
16.76,-0.004720335308438819,0.005170371830464775,-0.010432947728047924,0.012564263153306611,3
16.77,0.055957679341581815,0.04831836658633082,0.030295399021558412,0.07989829553089219,3
16.78,0.04089107758406553,0.030471168884393926,0.02495024074498836,0.05677223680990737,3
16.79,0.027535545771885106,0.02002645164232741,0.011421367846540569,0.03591257008101827,3
16.8,0.0013063306869835747,0.0036354166427748132,0.0026230680836684763,0.004669393986576768,3
16.81,-0.03969247400177249,-0.0225972069700522,-0.02271427763641152,0.051010436812212706,3
16.82,-0.038507082802712395,-0.02791958508014209,-0.03494677114331746,0.05902182198446306,3
16.83,-0.023816658853016898,-0.026075514778390693,-0.012230615673407554,0.037373167776222314,3
16.84,0.023881214618666602,0.02778510838470669,0.005532305750071425,0.03705308444009738,3
16.85,0.03442998820400526,0.03202010335260002,0.01267796783732341,0.048697453474728376,3
16.86,0.012919291174830375,-0.013196302637066483,0.012103933131562307,0.0220806631467995,3
16.87,0.01151218479478348,0.014771806375717475,0.004126375954965387,0.019177164568117154,3
16.88,-0.02859146589181502,-0.035052167395382805,-0.018731715185178917,0.04895920255412073,3
16.89,-0.053574373433829085,-0.03522740357537464,-0.02937694469727401,0.07052792589631703,3
16.9,-0.026609110962332108,-0.01856650703016647,-0.004937648112442105,0.03281981624551281,3
16.91,0.027304101491639105,0.011655440458687268,0.015049272723111252,0.03328428848640621,3
16.92,0.04097880229713735,0.046572443454898096,0.01533540412660937,0.06390171630554205,3
16.93,0.022927258954821547,0.020394020668067156,0.013144560259617761,0.03338195240859524,3
16.94,0.013846295798231769,0.01016731908530951,0.007109184453759843,0.018591255694874687,3
16.95,-0.013082318725070166,-0.009832837030938821,-0.017851567344499164,0.024217972746629974,3
16.96,-0.03978155374187044,-0.01881693042256003,-0.019313969451329138,0.04805911260740949,3
16.97,-0.045696869685284684,-0.026638546009379746,-0.01436713704747362,0.054810862604675555,3
16.98,-0.0009560829138574858,0.0009261254096108747,0.00010714040951949382,0.0013353957764831877,3
16.99,0.0634046386451645,0.05983059695533714,0.017009000284830614,0.08882091321555556,3
17.0,0.02472731016903787,0.008038636042105054,0.014474065476161577,0.029758328397634273,3
17.01,0.019422292180440393,0.01986710076478352,0.013728917607193313,0.030990487330882045,3
17.02,0.007580782648990333,0.014319869741365062,0.009661915573531217,0.018864770010019752,3
17.03,-0.03572137097006419,-0.022814712352995908,-0.010348942995414397,0.04363058634551254,3
17.04,-0.06647393834697708,-0.04163197483031605,-0.029882005866043046,0.0839341413383613,3
17.05,-0.013713331925505626,0.0006515022390401245,0.0001368019086987896,0.013729480777829501,3
17.06,0.05900944367127429,0.04810164203018652,0.032650728684966566,0.0828369029602918,3
17.07,0.03463833121129919,0.026741787246374646,0.021803999073659777,0.04889122160304635,3
17.08,0.009749228353217163,-0.0017285505662867975,0.0022534683643945963,0.010154479810049901,3
17.09,-0.0009740623163958101,0.003384818096262693,-7.698633361774695e-07,0.0035221856188593086,3
17.1,-0.028126703520949266,-0.022135986484502032,-0.011382711348060414,0.037559013115771554,3
17.11,-0.04690028384275083,-0.022387719342962173,-0.02745330674062818,0.05877525544738073,3
17.12,-0.034463878299974174,-0.0184361884698098,-0.017355609800822017,0.042765279659183426,3
17.13,0.03291769933575642,0.028886587077030616,0.015354505254287559,0.04640873489034231,3
17.14,0.05025980634291846,0.03510696299619113,0.022791704610860324,0.06540648884867856,3
17.15,0.01619240537088606,0.012198477840330546,0.004236717851240845,0.020711026808614728,3
17.16,0.013622783061595064,0.005717760656303621,0.008984525886262855,0.017291463520100962,3
17.17,-0.009368289935845684,-0.015890520486988472,-0.0037197345278501353,0.018817808656353918,3
17.18,-0.04347361719233249,-0.03068301353711206,-0.012426452493743634,0.05464265214174122,3
17.19,-0.04294286845043591,-0.006109954918203354,-0.01522416254763626,0.045969518434836494,3
17.2,0.0010968680675132875,0.0056053656253615206,0.011436372507628313,0.01278334304807438,3
17.21,0.04115589259879938,0.030925508312529822,0.0234244722729502,0.05655882301868095,3
17.22,0.021478160433586826,0.019345737645492307,-0.005499793583643447,0.029424762872821905,3
17.23,0.016776036703526648,0.01189690702563747,-0.00026668911268767307,0.020568007374015634,3
17.24,-0.00891554335510723,-0.008756847297006261,-0.0038925831219500666,0.01308898358395995,3
17.25,-0.041580439788382495,-0.03717432746958485,-0.01886832618275017,0.05888019470713296,3
17.26,-0.06942042636195517,-0.05452144905990611,-0.03142916005864939,0.09369939223847601,3
17.27,0.0004110333121716495,-0.012413150676080745,0.003887753877739154,0.013014218697435296,3
17.28,0.02699468561230182,0.0127433467755998,0.015712259605153284,0.03373397456941497,3
17.29,0.04341613787572869,0.03832300731525051,0.023295795017011876,0.062420413193150705,3
17.3,0.010113563424173615,0.002437026475879907,0.007939157778634956,0.013086385651240066,3
17.31,-0.008422506019638416,0.0052601093522424555,0.004621844096892333,0.010953027020160792,3
17.32,-0.016891161860445814,-0.00678221159275346,-0.009480518315041523,0.02052291330699656,3
17.33,-0.039481165227514645,-0.020177608174243047,-0.012543950395972028,0.04607872579501519,3
17.34,-0.013800175718142276,0.002806038892726896,-0.015271507420090497,0.02077348413244583,3
17.35,0.04052656832398526,0.025162587311265822,0.022816647981174155,0.052878709944669984,3
17.36,0.044362824717827945,0.011226225333441461,0.01251792628674386,0.04744245810139144,3
17.37,0.00459889494423104,0.007698292276150571,0.010869087370683534,0.014090798378681942,3
17.38,0.034811307311066825,0.023335062690559506,0.026818855593053567,0.04975543470615986,3
17.39,-0.016784459510236875,-0.01464700162253529,-0.009657700970743466,0.024280113789305682,3
17.4,-0.029012085698471673,-0.033004343539229215,-0.011031458588923099,0.04530652146910035,3
17.41,-0.0409115074311778,-0.024654205800761827,-0.02619053949513376,0.054475000348818685,3
17.42,0.022046000255339364,0.0051092700145478325,0.01219961467684354,0.025709168901452983,3
17.43,0.047777724880574586,0.0428500261449075,0.022295188857011778,0.06794049736021186,3
17.44,0.01904920712296989,0.030541749592801155,-0.0002553413208228345,0.03599633258254646,3
17.45,0.02494513350513479,0.03781230367261233,0.009365293410690033,0.04625730985787181,3
17.46,-0.001102189525330229,-0.007004897938335957,0.00180315647752766,0.007316747238951266,3
17.47,-0.056141998202536694,-0.04385781378873039,-0.02102095535745549,0.07427861305006118,3
17.48,-0.035140986776786926,-0.020329516636219652,-0.004082302262233963,0.04080249244922283,3
17.49,-0.016936127344016373,-0.012097687800349807,-0.009346949032602565,0.022815606845875077,3
17.5,0.05453837588343696,0.030429115271950836,0.025439261884560502,0.06743531378638334,3
17.51,0.03040855572179855,0.01619945754332051,0.013762323572652602,0.03710127000389556,3
17.52,0.011799755733081313,0.00564103529444848,0.008195614771237411,0.015434494356217946,3
17.53,0.011155403480795165,-0.0025394308726081624,0.010197208330692646,0.015325625393948524,3
17.54,-0.030381914751179732,-0.02586048858605596,-0.012267676623365134,0.04174112484819908,3
17.55,-0.044779119827767826,-0.04117894313849484,-0.021319167239351164,0.06446225114229572,3
17.56,-0.008634703894738832,-0.028710808002620113,-0.010517072844885438,0.031772274528868084,3
17.57,0.01499235003668328,0.016451850981962075,-0.00019384491865124826,0.022259189927030378,3
17.58,0.035490411714671766,0.030446582907522945,0.0133275168017432,0.04862290035078458,3
17.59,0.022129612067607874,0.02128070112525165,0.004473263542471597,0.031025764412267242,3
17.6,0.024744004144591287,0.03362020386492466,0.014832816628084985,0.04430119973712947,3
17.61,-0.015065388448703894,0.000936461694955976,-0.008573547260774625,0.017359395215536647,3
17.62,-0.05891615490866427,-0.03968773416209088,-0.023950288580061613,0.0749656312933517,3
17.63,-0.03017672511057515,-0.015878157302179747,-0.009379442624456995,0.035365584424090345,3
17.64,0.028623646025886077,0.01738944371472451,0.010781698781233957,0.035184526330932143,3
17.65,0.031094996248481162,0.0357780883350237,0.01783718775598377,0.05064716836748165,3
17.66,0.002350469881775768,-0.003409608393169036,-0.003318434877985329,0.005306802059558396,3
17.67,0.02641376700851032,0.03599652846018674,0.007309782762351129,0.04524234822373467,3
17.68,-0.014253060051921528,-0.02733584563784929,-0.021134915165800572,0.03737757103726234,3
17.69,-0.05212439760307338,-0.043798529499434136,-0.0210049763528009,0.07124937223146467,3
17.7,-0.04306170992185171,-0.02656377268247085,-0.013975405112855731,0.05249054037241492,3
17.71,-0.014191261962186171,-0.02077553187498925,-0.00814559713564221,0.026445517455029485,3
17.72,0.03983123105580716,0.03856830341356696,0.010077601809487769,0.0563524538405618,3
17.73,0.010146334708479372,0.007887690433998356,0.009554964722561529,0.01601440349337051,3
17.74,0.032535354052858234,0.030684370866181098,0.026275001423757903,0.05186960168168502,3
17.75,-0.0009482932195402196,0.004055635907956586,0.014596915461012062,0.015179505381403762,3
17.76,-0.03829421620171676,-0.025536481116384874,-0.012575681439666852,0.04771484701833686,3
17.77,-0.05505285368046552,-0.03654253899538462,-0.02140587505839045,0.06945779539840992,3
17.78,-0.0031230720674269245,-0.009537069377927417,-0.006247925634721043,0.011821414728988552,3
17.79,0.0412472447927012,0.03715000698175373,0.02459035535256092,0.06071362119078872,3
17.8,0.021786684004381354,0.007328413157757988,0.005293095647851287,0.02358775319641252,3
17.81,-0.010482688531068884,-0.012711880178554224,-0.007692024164530633,0.018183671033678708,3
17.82,0.011156256766281515,0.024987885407097572,-0.0010473259363703693,0.0273852765874372,3
17.83,-0.01700450318482659,-0.009041424773496745,-0.0024552967010812174,0.019414658698723462,3
17.84,-0.03905294469048523,-0.026316169296886804,-0.025760105097123592,0.05367733478923259,3
17.85,-0.02396024993432355,-0.017361122364260153,-0.0019857552572106335,0.029655444198386328,3
17.86,0.010477876663797746,0.013301383686999093,-0.008800004570969702,0.019082787737110387,3
17.87,0.05240461598092004,0.03064720431429854,0.024850322674755055,0.06559751096977312,3
17.88,0.034540169231889434,0.02992352594903048,0.00964068851208661,0.04670528418473589,3
17.89,0.010221407599947498,-0.001444993177356909,0.00788516522067809,0.012990034994728221,3
17.9,-0.011497784295313323,-0.01676368642017126,-0.0011340450759530262,0.020359427406724414,3
17.91,-0.04935890448825313,-0.0300608185585153,-0.012621945020156117,0.0591546089563638,3
17.92,-0.03671245411342343,-0.0201595116167147,-0.012281720711104534,0.04364688831154232,3
17.93,0.010255010581488342,0.002431005100035257,-0.0022505288165310623,0.010776822712510029,3
17.94,0.0363025950941154,0.04007645821076664,0.023717323195146828,0.05904669620588155,3
17.95,0.030165787286715505,0.02506796570065863,0.014031574092085075,0.041656484471189324,3
17.96,0.0012080936631854184,0.0011143823815519345,0.001618732118970688,0.0023068662866168595,3
17.97,0.00616622746889758,0.00043055063603203696,-0.0035767365428930405,0.007141482993443386,3
17.98,-0.02800017161772076,-0.014812350078556757,-0.010252464874542584,0.033294569549331396,3
17.99,-0.061607551422361705,-0.03540360204300111,-0.029208176048035592,0.0768246248147765,3
18.0,-4.2186756786587e-05,0.0032063475904901594,-0.00048021235315683883,0.0032423831509577413,3
18.01,0.02893487106576639,0.0422325948268233,0.011316337769875921,0.05242974661316863,3
18.02,0.0190635868658008,0.019471256994505547,0.015234173636468784,0.03121906852425444,3
18.03,-0.02315709278936767,-0.0034577099922758446,-0.0047982925521258095,0.023900425022619458,3
18.04,0.013942789479990015,0.004821221454834348,0.0007959796308569089,0.014774272854276597,3
18.05,-0.006879334914312836,-0.010064139326316687,-0.0007740206156451111,0.012215205980917446,3
18.06,-0.05146358986528917,-0.02075585491447575,-0.02933777941955703,0.06276951406792987,3
18.07,-0.011273057472855107,-0.014381423090775796,0.004187411692292605,0.018746774964855755,3
18.08,0.013862802814197552,0.02265988362235153,0.0066212350868821886,0.027376785452634837,3
18.09,0.048989236249460624,0.04233637445686693,0.014605157741062837,0.06637487855430584,3
18.1,0.03795979505521297,0.015285693376630327,0.012287297051649871,0.042726761303351964,3
18.11,0.04156663465600878,0.02570974452484589,0.014610193073960363,0.0510120948581545,3
18.12,0.00014910858597664417,0.002302928287844185,0.0038573763479220545,0.0044950043780705475,3
18.13,-0.034363269651570355,-0.01636657276637504,-0.008891131181957584,0.039086458255492576,3
18.14,-0.024379881895254446,-0.007888419692206097,-0.0003034222706477206,0.02562611698133889,3
18.15,0.007372438994544185,0.0076891383310998245,0.001794433408040858,0.010802578222765036,3
18.16,0.03960327692563569,0.020267334536991984,0.016771342439683187,0.04754431953148615,3
18.17,0.021918765105771915,0.014645657797609166,0.005446449612742392,0.026918234887726506,3
18.18,0.003218755919498134,0.007024382410461969,0.006478507707060055,0.010083322866404126,3
18.19,-0.000388486109372685,-0.009853918885989585,-0.004060442427457956,0.010664794024055898,3
18.2,-0.02645276028962272,-0.00336627046743819,-0.008925386477945638,0.02812014984990091,3
18.21,-0.04947518165090966,-0.04318074831201852,-0.020935940495754472,0.06892520749782456,3
18.22,-0.021318175897231433,-0.013401407128420226,-0.014859219230956755,0.029237967315813983,3
18.23,0.03214695143926102,0.03141992436343294,0.020660532465824347,0.049472171325033176,3
18.24,0.018545931559750112,0.01873258573302137,0.013792884737531185,0.029750714530020147,3
18.25,0.021264431244028197,0.03389096193308021,0.009411975482244723,0.041101807981643215,3
18.26,0.004457263893168287,-0.013526868132986026,0.00573721528650533,0.015354445680135933,3
18.27,-0.028554863184503152,-0.01614320396787297,-0.011387336067148361,0.03472253833665133,3
18.28,-0.0482106489120593,-0.034870638993498966,-0.020149030629059737,0.06281887907012956,3
18.29,-0.012221812964732112,-0.006402058617677824,-0.009454413775056132,0.016725579407573538,3
18.3,0.0490312204407603,0.018842025194000862,0.03167723119899789,0.061339460934675315,3
18.31,0.017139257867740294,0.01411866593769902,0.0039893461520878245,0.02256115623895234,3
18.32,0.007682694994640816,-0.0037524850399409853,0.007401088095631788,0.011308450440045378,3
18.33,0.02216305291774299,0.020479034932415985,0.016049960077520242,0.03417883855381548,3
18.34,-0.007304224968838716,-0.004668374143538468,-5.0097386456498996e-05,0.00866879053199437,3
18.35,-0.048470578426294035,-0.030940737923201473,-0.011274314837078268,0.058598945479055524,3
18.36,-0.051228917240857055,-0.02992386612154417,-0.03543484623842878,0.06910476143705128,3
18.37,0.019138450597087145,0.016550245702551255,-0.0012334495515135546,0.02533204140743676,3
18.38,0.035659372420373564,0.01613439253025978,0.01742071632146631,0.04284146147003396,3
18.39,0.0273134936753678,0.01918998777689757,0.011640903792153497,0.03535241446818037,3
18.4,0.010126966703880271,0.0057079174721645105,0.019799196080969063,0.022959615457215334,3
18.41,0.003537183170983187,0.008588814181481238,-0.006636540581742322,0.011415912785327883,3
18.42,-0.052791036651824455,-0.03388136321585261,-0.0192848618955695,0.06562580454722053,3
18.43,-0.050773862163276354,-0.03992924555143911,-0.02546202414729086,0.06943086059498133,3
18.44,0.004742772501667514,0.0029062579350710013,0.0028151949631124475,0.006234223998868695,3
18.45,0.034517319876751114,0.012059185037802159,0.018899706917331158,0.041159060203203424,3
18.46,0.03148013820197271,0.020531385543417123,-0.002314991189773404,0.0376549608651565,3
18.47,0.011332463460043404,0.010881146515513931,0.004172048323415942,0.016255155021660594,3
18.48,0.001552278927941584,0.0031084680398257834,0.0006906978649985897,0.0035424859866290837,3
18.49,-0.023044996222785854,-0.018981399990278872,-0.017760089382875637,0.03473882800825188,3
18.5,-0.06371510249027056,-0.04788270253528329,-0.024290417862766103,0.08332101708078156,3
18.51,-0.022423478812114588,-0.026386205286439174,-0.0131450726123205,0.0370383202297113,3
18.52,0.04730949603123401,0.02566407850309029,0.025237284078773462,0.059445385420693844,3
18.53,0.03614293804434895,0.018878017887386214,0.021292897927271917,0.04600085903518913,3
18.54,0.016872529801019956,0.006517265550401832,-0.00247782169158169,0.018256412913714288,3
18.55,0.007286839576698485,0.0002739163960383921,0.007290769144902093,0.010311565154369845,3
18.56,-0.015483106934276687,-0.01248338833021062,-0.006273344451472166,0.02085465020440051,3
18.57,-0.05485024044028193,-0.039626588649615345,-0.03316302781465447,0.07535649818163068,3
18.58,-0.0286570199415383,-0.03216285735516968,-0.0068526357719628245,0.04361917929308048,3
18.59,0.034840827136074774,0.038803921784501386,0.01263491820796024,0.05365881791006387,3
18.6,0.037063985648554953,0.021761671172700475,0.018568965462961887,0.04682003676578759,3
18.61,0.007485323048857949,0.004363318761877437,0.0021891311104890987,0.008936492980046867,3
18.62,0.0037415846317618885,-0.012774698486609613,0.008978987300703926,0.016056605803426358,3
18.63,-0.019088356257865625,-0.019502431171595627,-0.01436502533087626,0.030839327472996867,3
18.64,-0.04409876173108817,-0.049077505372092586,-0.029340862019203565,0.07220933806505227,3
18.65,-0.04097927750433095,-0.028712750964117423,-0.024676141108566925,0.055790995623974105,3
18.66,-3.823726323612213e-05,0.009398858442387298,0.005511372479588241,0.010895651826168888,3
18.67,0.0533942943968769,0.035677752047750116,0.016071361107299974,0.06619774401867734,3
18.68,0.033634796863359954,0.04135985978017531,0.007282900390518373,0.053805001618562054,3
18.69,0.027225707582715135,0.028249205915751217,0.016397311567830038,0.04252209560807791,3
18.7,0.0004293895863934534,-0.007069385566757845,0.0032111893095362236,0.007776395340391781,3
18.71,-0.039441386717164864,-0.037160307678413024,-0.011202390989355954,0.0553353866599455,3
18.72,-0.05472979981171522,-0.03434005982079888,-0.021720395467889127,0.0681642595148511,3
18.73,-0.01824644909030996,-0.012308309005268312,-0.013314865508185999,0.025723783129149635,3
18.74,0.04809122324154791,0.04281143989585838,0.022360514260370747,0.06815847516496636,3
18.75,0.025195181966862747,0.025836240927935177,0.016764356901870864,0.0397913583829824,3
18.76,0.02105670558501945,0.020903349620877466,0.014940222437330865,0.03321964963607762,3
18.77,0.009002856612944673,0.01104258744992196,0.006223237577599827,0.015547310080192847,3
18.78,-0.03095246999503691,-0.026243261417696513,-0.020758112413787513,0.04558139312937526,3
18.79,-0.030314420191401334,-0.033537350560824346,-0.013074939472482571,0.04706030170312924,3
18.8,-0.028095268352972443,-0.010458550217794483,-0.015282358908529843,0.03364930712946086,3
18.81,0.03022687040474025,0.03406117493022364,0.023950407993952913,0.051453370882470484,3
18.82,0.04754408924129038,0.02447196220654905,0.019792401008657413,0.05701803656484544,3
18.83,0.03211976807046978,0.018688544580122483,0.017597426361835034,0.04111703556902178,3
18.84,0.002144385078571426,0.00027604491192010044,0.009296160980053049,0.009544275620792686,3
18.85,-0.01273024019212914,-0.012615995652709017,-0.007976031422996176,0.019617324968483733,3
18.86,-0.04873326298837736,-0.038431483172456156,-0.03627408653872661,0.07188684980264581,3
18.87,-0.04362083216524111,-0.030858886059032132,-0.020487839643653746,0.05722586321635115,3
18.88,0.012006681302363377,0.018185830376534262,0.004190795074846344,0.02219116008098619,3
18.89,0.027164993536768687,0.020759342557191997,0.010242175138285712,0.03569018532906274,3
18.9,0.013328509730110126,0.015003705414781618,0.0152721016719513,0.025218989616509327,3
18.91,0.014107741727099983,0.00748003361668363,0.0013685369602322792,0.01602660827988246,3
18.92,0.013335108863523105,0.005364901163642375,0.008804215985422737,0.016855904366590273,3
18.93,-0.04436206102489032,-0.0438338429354024,-0.013177153456007054,0.0637419455152161,3
18.94,-0.05155916627908379,-0.036863300403838443,-0.02204516703600315,0.06710618401982879,3
18.95,-0.003949611501185738,-0.008267786775644275,-0.0017502940028129633,0.009328411347818023,3
18.96,0.05027182794847789,0.03328173089989134,0.02495583120793104,0.06525123606685845,3
18.97,0.024388151046283016,0.017108921718894044,0.006997886961681149,0.0306017570699466,3
18.98,0.013789750275157654,0.016866831021799658,0.00867421600148916,0.023449716940927977,3
18.99,-0.004793301976916444,-0.012034329819540683,-0.006352797801696919,0.014427712152543187,3
19.0,-0.038668219925875505,-0.017300553741214884,-0.022390115683429117,0.04791510901903363,3
19.01,-0.043047985615769835,-0.01739233179574734,-0.023108721403856655,0.051861693722727115,3
19.02,-0.0188885347221973,-0.002667231195428707,-0.016737114078809248,0.025377585659171673,3
19.03,0.014370878738414378,0.02134103758332057,0.014367036743840534,0.029468182598283446,3
19.04,0.039045623264175724,0.026566707030404983,0.030008931299660733,0.055954325804847896,3
19.05,0.014212842578361681,0.01551775418008343,0.0013844341794404793,0.021088438703422085,3
19.06,0.015703808444618477,0.012533995306133887,0.006706324422730773,0.021182195949956937,3
19.07,-0.0018411577046780654,-0.0010523587517822415,0.007830820725510262,0.008112895529404354,3
19.08,-0.04645788410441155,-0.03212327805805574,-0.01918830365639707,0.059652585743320476,3
19.09,-0.03662935244059935,-0.020570137702230165,-0.014666788192604023,0.04449668191217252,3
19.1,0.01929742402460657,0.016787222656661716,0.004503409408685213,0.02597079349600304,3
19.11,0.022010086270615167,0.025526489107853018,0.014148026522790461,0.0365542363933764,3
19.12,0.016637897403374544,0.021514107191149677,0.0034859447012208777,0.027419486659991752,3
19.13,-0.002506146566988771,-0.0032998298200862513,-0.0032601115882551907,0.005272378497854251,3
19.14,0.00846366564156632,0.010170132494369056,-0.0045131985294001205,0.013979777967157811,3
19.15,-0.038767392537364984,-0.023812297645343965,-0.015929569105535394,0.0482046410129214,3
19.16,-0.03352561146122674,-0.0309284102027187,-0.02304935800003175,0.051105832208568916,3
19.17,-0.014930478625156316,-0.008545206960799493,-0.0074105996970606205,0.01873117032780442,3
19.18,0.036832574077018225,0.03186571506618727,0.007897168150753763,0.04933991867260979,3
19.19,0.025544698689094845,0.02408422223805982,0.014084302056627782,0.037827885961962356,3
19.2,0.02275979547506844,0.0077034818173920706,0.006223484071929737,0.024821032939251322,3
19.21,0.01378674912267824,0.01166546975783573,0.0030266307746474224,0.018311693801740244,3
19.22,-0.012488552466909872,-0.015480025928143855,-0.01683549450341415,0.02605818529040836,3
19.23,-0.045873057823354366,-0.02831131473114065,-0.012241670197550016,0.055278625752600785,3
19.24,-0.010867443251928722,-0.007063847372022909,-0.008149874575744249,0.015310771310730513,3
19.25,0.019593811867668474,0.01726197812429613,0.010822115371157643,0.028266792060223436,3
19.26,0.03370391699925013,0.014224713108704962,0.024380620558264,0.04396261073825518,3
19.27,0.0072556764981091,0.005077850775403274,0.006602238321440468,0.011046219298727207,3
19.28,0.00954700725429696,-0.004917565205522618,0.007468047859965181,0.013080502050873122,3
19.29,-0.02718618579702388,-0.00861144467509953,-0.009631032480115747,0.030099874820597634,3
19.3,-0.05238468208202293,-0.02996015807142835,-0.015129741360961135,0.062214749554660796,3
19.31,-0.02617071081090936,-0.011522155592786604,-0.001174525314307149,0.028618974187880668,3
19.32,0.02153939558356927,0.011763915605445265,0.012998094425388285,0.027772031455563922,3
19.33,0.03504063098397159,0.02213396952253304,0.015279482035421945,0.04417262724640762,3
19.34,0.02802573049194432,0.024746984492310657,0.011195450279385642,0.03902810420745489,3
19.35,0.01748438436427688,0.01252629301447087,-0.002759239079545594,0.021684674624726175,3
19.36,0.004113916031254368,0.008682059894566677,0.006088039358270408,0.011373947966862887,3
19.37,-0.03426220994567915,-0.026218807710919,-0.0057715483549455986,0.04352741295502658,3
19.38,-0.05139671157887723,-0.028968512340684642,-0.02018647875464817,0.06235615922157613,3
19.39,0.012313629438925772,0.008001337713041942,0.02157767584166966,0.026100631599359832,3
19.4,0.03938495098283101,0.033603077096687285,0.016803947319321905,0.05443081663723646,3
19.41,0.025160576108013304,0.004047010839679562,0.014148942812095668,0.029148335621842415,3
19.42,0.005751067454491236,0.010134729273702105,-0.0005519258852063856,0.011665853440709065,3
19.43,-0.01093739903569486,-0.01719017382561949,-0.00571479726680207,0.02116099434387904,3
19.44,-0.0497423620655186,-0.035895898572047585,-0.026276010143586333,0.06673265188210134,3
19.45,-0.028954283522147024,-0.0276610042557744,-0.009002086132269426,0.041042895188468875,3
19.46,-0.012650759457301021,-0.00900883424081345,-0.005391382035718624,0.016439823888351527,3
19.47,0.033806543526237784,0.02671372484244492,0.016630863683466477,0.0461853992838355,3
19.48,0.025459563377139963,0.01341154526227023,0.00677902902031665,0.029563730281120224,3
19.49,0.025115131477849266,0.01825177652358049,0.018527448006407765,0.0361547162213524,3
19.5,0.008437392906214904,0.004982663105724198,0.0054335859926566915,0.011204480684912874,3
19.51,-0.019221265703410543,-0.018409905262342558,-0.023850486984319685,0.03573831832079872,3
19.52,-0.04845845326155921,-0.028840360341492392,-0.038872681158029415,0.06849141126844782,3
19.53,-0.02350698185357513,-0.015396392706804419,-0.008394326300141027,0.029327322044122785,3
19.54,0.037591767652581085,0.03538156112168806,0.020059009241116983,0.055383749551548116,3
19.55,0.031343018786906686,0.02966166805944871,0.006812898041696707,0.043687698022119,3
19.56,0.02245962227786999,0.027043168119455563,0.006331071383649339,0.03571904309561771,3
19.57,0.01626897732841051,0.027702434223564564,0.00925674613252491,0.033433393997398336,3
19.58,-0.02848004585860981,-0.02751871428036486,-0.01857553394860947,0.043742920675565525,3
19.59,-0.056715591946852904,-0.02638125662815239,-0.0262964250917632,0.06785374745560538,3
19.6,-0.043037312450114246,-0.03747259251672939,-0.025521975041382126,0.06251221210984725,3
19.61,0.01259687685805758,0.004253366324880009,0.01586874468890208,0.020702402992702266,3
19.62,0.04809915855019868,0.04463781971486259,0.023437113053846208,0.06968042960855289,3
19.63,0.006199506715793852,0.011165872979839748,-0.0033526787638889777,0.013204206065300577,3
19.64,0.006197024952827707,-0.002530036269776709,0.0055346152394271965,0.008685399682274539,3
19.65,-0.016669797882337117,-0.0002840945227470422,-0.007947287461017796,0.018469495096614757,3
19.66,-0.033768002638809115,-0.025920338262341545,-0.011692505407584586,0.044145856210466926,3
19.67,-0.050609651137568185,-0.02929713540713553,-0.027245921156078365,0.06451355788494098,3
19.68,-0.0018148252812521842,0.00939295740595446,-0.001169842346323443,0.00963793394596572,3
19.69,0.04672392089988847,0.033098695477349775,0.027118426735944317,0.06335658999026185,3
19.7,0.04877890687846784,0.04590519495942318,0.02078028566153875,0.07013193960454853,3
19.71,0.03418549092650405,0.02338122803116258,0.01585540754602003,0.044347757131355615,3
19.72,0.0113192753161243,0.00977152959312312,0.0068138235746360385,0.016432801829808805,3
19.73,-0.028536001575125033,-0.009033035810842938,-0.015351509923754902,0.033638786821088756,3
19.74,-0.06475288179305168,-0.05235867160776886,-0.02743362428383604,0.08767536674791719,3
19.75,-0.03202922244459723,-0.027563543426815308,-0.00812380635112852,0.04303041071472663,3
19.76,0.04259804129992301,0.030939104986854087,0.010397963160016663,0.053665062916711366,3
19.77,0.04567224863722518,0.04502892642602707,0.026377059212696532,0.06934917276630756,3
19.78,0.012086544939365984,0.012007259664452562,0.002086581571058493,0.017164284892578072,3
19.79,0.005165210565708506,0.020412847165426354,0.0031417326727294003,0.021289298104307172,3
19.8,-0.009710741590029033,-0.01472711496510185,-0.001307957368256092,0.017688899623798587,3
19.81,-0.06221467733424289,-0.041984513804630245,-0.03439901166323214,0.08256305153409924,3
19.82,-0.03876006755180759,-0.028861228906867677,-0.014732216715364722,0.050520803437631254,3
19.83,0.019029163344331055,0.016029237459660204,-0.002680293019315355,0.02502457755473201,3
19.84,0.06163522861766727,0.03629129528271078,0.025487845432129612,0.07593148085492042,3
19.85,0.0168205548026086,0.007032346087564696,-0.005002726245693821,0.01890534911743762,3
19.86,0.019743790811492627,0.007677926323533412,0.01773563213188107,0.02762825501827794,3
19.87,-0.0005931764218991222,-0.012910374111041591,-0.003976170214697789,0.013521817464039361,3
19.88,-0.041641066293489154,-0.022398209171292226,-0.018246050672513173,0.05068112608539432,3
19.89,-0.04487853243806563,-0.028998138177442366,-0.01493958428209235,0.055481220877647335,3
19.9,0.015201801740564297,-0.008625696933933035,0.008909248200920539,0.01961815810062431,3
19.91,0.042146580519491654,0.02871943356159656,0.02068419758715662,0.05503613488799416,3
19.92,0.04583697987079227,0.044771499515820955,0.019211795262287477,0.06689251804029075,3
19.93,0.011302970264013244,0.007833894014499219,0.008488058898921631,0.016160884137049462,3
19.94,0.014928522895063284,0.005058712339492363,0.005633105768154947,0.01673867518525231,3
19.95,-0.009369861451474136,-0.00246380165326789,-0.016878976522269235,0.01946187222868814,3
19.96,-0.05702755484710528,-0.047319922156935805,-0.03303294572136241,0.08113256157553847,3
19.97,-0.022522822471868723,-0.02285330998843082,-0.013213106746148296,0.03470068442281415,3
19.98,0.02981326440586989,0.01613838821005325,0.015367488518335649,0.037221472457626824,3
19.99,0.05469453705210333,0.03506241478932781,0.02383730882419247,0.06920319794765775,3
20.0,0.012235995756670417,0.0007926217379973207,0.005720899279026203,0.013530577590685657,3
20.01,0.019476503337426294,0.0189499009436476,0.00976113656995867,0.028874083797831896,3
20.02,-0.009603410502951295,-0.012880198808027323,0.006893139286029828,0.01748257371896688,3
20.03,-0.0478604972889329,-0.024420773360552095,-0.025383779001588523,0.05942505876036548,3
20.04,-0.01874543286728155,-0.0050505516288144835,-0.008556617906128945,0.021215914666319873,3
20.05,0.01994370980491384,0.031031017216545408,0.012960159802678749,0.03909784306566187,3
20.06,0.058801943857640884,0.04013756698243257,0.02594145023351986,0.07577368754999719,3
20.07,0.030769165532692617,0.02252139356096374,0.011869530265942644,0.03993545372523251,3
20.08,0.020016966607948612,0.021931281728774746,0.006987720505029275,0.03050390644338894,3
20.09,0.009604661310075346,0.006985714906614224,0.004897044375958352,0.012846430448099416,3
20.1,-0.04637009274722666,-0.03795047513338772,-0.030562639552534104,0.06726439623347856,3
20.11,-0.048385810232033276,-0.043244681040982016,-0.02918555361368305,0.07115536248157107,3
20.12,0.0008060478958053074,0.00212533809374981,0.0016254979616240456,0.0027944621747878727,3
20.13,0.047837805004483286,0.03826244106485657,0.022478526530855678,0.06525146848069377,3
20.14,0.02562967389684179,0.022584563378703716,0.01773930276283655,0.03849188939993358,3
20.15,0.02332755746898451,0.018464521217209946,0.007546861275260383,0.030693135981153766,3
20.16,0.008164059573417926,0.007992540710148583,0.002037949451332571,0.01160542173675244,3
20.17,-0.022810362402133445,-0.019581574260468606,-0.007858021031402953,0.03107248264887891,3
20.18,-0.03813158145737865,-0.027634142836779292,-0.025799055326415094,0.05369594594100797,3
20.19,-0.011467397315485512,-0.005734451796460557,-0.0030048250159829307,0.013168679203846179,3
20.2,0.032321203072766085,0.014969862545892398,0.026668225444907122,0.04449664258227004,3
20.21,0.03322642473926141,0.022027400797905654,0.019426312427257564,0.044346175724483836,3
20.22,0.024706596405068185,0.007413059870671186,0.0108641608227356,0.027989272104707308,3
20.23,0.00796619329897409,0.008469590534198657,0.003734454867191781,0.01221230333101416,3
20.24,-0.02674049696980123,-0.018646994383692692,-0.008799447418914043,0.033766771427183394,3
20.25,-0.043694610744655665,-0.035368992315375235,-0.023165805598687868,0.060801637926689515,3
20.26,-0.031184359110421576,-0.022682610803115337,-0.012820510658000075,0.04063656702411304,3
20.27,0.020718049645731415,0.025778844588040577,0.009170535628774592,0.034320331192107756,3
20.28,0.04291602797202318,0.024240251874650037,0.024696949358915154,0.055129978917815396,3
20.29,0.007557550982210141,0.0018972133030746652,0.0016986286897650621,0.00797504448838763,3
20.3,0.011307914947395619,0.003067476323376569,0.011202430890742358,0.016210268637930333,3
20.31,-0.009694072911603808,-0.006978327655844291,-0.001717130472741683,0.012067337881580596,3
20.32,-0.03688042095323818,-0.026636830830387676,-0.01610852142721111,0.04826148224977825,3
20.33,-0.03884178202741829,-0.02567066055732813,-0.014959701270118397,0.04890255112574617,3
20.34,0.009189703685165208,0.005554562679032458,0.004379365964250635,0.011596666185817204,3
20.35,0.024283048953481427,0.020498993555906675,0.010481586175268849,0.03346249918986725,3
20.36,0.04345076078697738,0.023524657626362598,0.022549779053290902,0.05431271181553125,3
20.37,0.01828679687882582,-0.0010011337244572108,0.0044980032935604645,0.01885845281168527,3
20.38,-0.005416876967480059,-0.011581834097414066,0.00859934471988271,0.01540876915111047,3
20.39,-0.045306303266511166,-0.03149679584226054,-0.016118405069954697,0.05748488710961571,3
20.4,-0.05880491823989764,-0.04080520310073476,-0.02724937578363096,0.07658728020951516,3
20.41,-0.004444602365787789,-0.006387986842000416,0.001721547096337448,0.007970231520379114,3
20.42,0.039224301167549554,0.025556396821535092,0.008152276740351561,0.047519836243759044,3
20.43,0.02991575515354222,0.015533644727107544,0.018081518969166682,0.03825163856813219,3
20.44,0.002997120080315094,0.005769541499764117,0.005659333638935431,0.008619651682644404,3
20.45,0.01778664093901787,0.012228229908772415,0.011021829696471839,0.02423581920326547,3
20.46,-0.03608646109177692,-0.017429606425552212,-0.022940188265802925,0.046176575143122754,3
20.47,-0.042229618591480986,-0.03726919394719336,-0.01493315204384895,0.05826948201091357,3
20.48,-0.01723678372698389,-0.022652000832815378,-0.011902106413520136,0.030852552439943153,3
20.49,0.023170778051558608,0.01721010326969559,0.0014044100277072567,0.028897144800033473,3
20.5,0.03945194955035236,0.02437566066579242,0.0152235845661062,0.04880969865978272,3
20.51,0.024827071788091102,0.016408071655880686,0.011382048871014397,0.03186156533407774,3
20.52,0.018043585221828914,0.0009503314871246223,0.014745092112117806,0.023321488781543557,3
20.53,-0.0016389030920334682,0.002481707227795469,0.005162877170617452,0.005958202311809494,3
20.54,-0.04164140109859686,-0.03234787824278639,-0.019422651769600695,0.05619280126517568,3
20.55,-0.043306323494108144,-0.03456055821428201,-0.023466700520072943,0.06017105510091966,3
20.56,0.006108337245538723,-0.010351981563859958,0.009682390215848794,0.015434506357370053,3
20.57,0.04096443477569809,0.04516788775723568,0.024371684008372488,0.0656673585759822,3
20.58,0.012267618810796245,0.00043193163216317595,0.012410327018387842,0.01745557942106742,3
20.59,0.009988542643103247,0.02067738581623631,0.00832422280248278,0.024425764135272348,3
20.6,-0.0032229723803904294,-0.015449029704897444,0.001317763914137614,0.01583655807052045,3
20.61,-0.038737256408665564,-0.0159471908242911,-0.02330884214445284,0.0479394415004188,3
20.62,-0.05805685537485514,-0.041321838838809376,-0.03242749080410625,0.07829198541924823,3
20.63,0.006097344448312858,-0.002943245774048156,0.005252676004225715,0.00856918375419693,3
20.64,0.055669887431990854,0.03831344049462653,0.026015534068944596,0.07241452963403297,3
20.65,0.027332626577962982,0.017299286779008036,0.011365664013511259,0.034285800518301386,3
20.66,0.032454463768666446,0.027521710625395,0.009481566617912395,0.04359629433552322,3
20.67,-0.0024180723177833277,0.0016050378424187625,0.010179362673106405,0.010585019822383815,3
20.68,-0.02650350008923443,-0.016960630016744714,-0.01007824561599196,0.03304042254937446,3
20.69,-0.05105557246260187,-0.04439498445462285,-0.02774543206446169,0.07312588546235767,3
20.7,-0.03641894509996082,-0.019383747411208806,-0.027683322642267937,0.04968335313172219,3
20.71,0.03658461714455631,0.018157327477311178,0.01719188737750687,0.04431347136405546,3
20.72,0.04415660794520632,0.028680807919370856,0.01626028557243127,0.05510709260187404,3
20.73,0.015225954996716373,0.0193482013846897,-0.003399499969899877,0.0248543598274003,3
20.74,0.02102279522814017,0.02636262074304497,0.011137567430119469,0.03551043649276077,3
20.75,-0.009392012427200584,-0.013261944465545274,0.008074445835348401,0.01814623222566801,3
20.76,-0.0320602095108512,-0.017134317301229725,-0.007757174186687046,0.03717009032302044,3
20.77,-0.03302483429584558,-0.027440308803158515,-0.01607896213402918,0.04584913576926289,3
20.78,0.01628481930550702,0.025053486561172164,0.006815789781507513,0.030648450515964924,3
20.79,0.04139462231559135,0.03609387635471372,0.019943441350051952,0.05842964589865985,3
20.8,0.015371914419311766,0.005403818981387236,0.008286020881224716,0.01827991122906066,3
20.81,0.017249127273146862,0.00930819129964651,0.009745069990698083,0.021889294325757473,3
20.82,-0.0022287493942920685,0.0036029562791037584,0.00966327782701853,0.010551187429566324,3
20.83,-0.03368790178796552,-0.050459007048253283,-0.01306607060585308,0.06206213274008896,3
20.84,-0.04158922014374512,-0.017521150591561115,-0.01345787688943875,0.04709318847336998,3
20.85,0.014606334274989906,0.016121320279146464,0.01682903552654316,0.02750378892533201,3
20.86,0.036018180784429435,0.04688636081490609,0.013080607776490174,0.06055363306431562,3
20.87,0.014422934787022203,0.006248417005920749,0.006040579229773941,0.016839013046546142,3
20.88,0.009652674827830967,0.011153108231528134,0.0076224680200457865,0.016603251888489885,3
20.89,0.005976280932489515,0.004956356708057745,0.010621596170944356,0.013156736328594815,3
20.9,-0.024436989780021276,-0.015238446311886629,-0.007556131776218531,0.029773677013911044,3
20.91,-0.06525075557524329,-0.04028122314622957,-0.030294798952720102,0.08245006297682382,3
20.92,-0.009492306523354019,-0.0006153060036982426,-0.015108058239407633,0.017853176422609765,3
20.93,0.00531412692438047,-0.012832051966390054,-0.0019942766480760617,0.014031344981348786,3
20.94,0.015895757418974685,0.00044996187979795543,0.008509548403911743,0.01803579728358791,3
20.95,0.015529916331650729,0.00880651688342795,0.011647573008457097,0.021316636645435223,3
20.96,0.001087531020582273,-0.0023112491135082467,-0.004765793544688366,0.005407160465162346,3
20.97,-0.0196648829809934,-0.01077513480617712,-0.017612127333676987,0.02851312297811493,3
20.98,-0.055497648086741555,-0.03345629156417509,-0.0295782356031889,0.07123330969275998,3
20.99,-0.025382867120039048,-0.007148094500070517,-0.004225468423144411,0.026706549414150984,3
21.0,0.016013102139157784,0.021550599035613835,0.011806430145457594,0.02932984063530638,3
21.01,0.05212942619502492,0.034137212749774284,0.03436999671196566,0.07116265202847932,3
21.02,0.0161204070827657,0.01961883390281801,0.012212523319191981,0.028176442182118233,3
21.03,0.015541322142158982,-0.00010638187663738856,0.013290691715501662,0.02044960873235824,3
21.04,0.018609879728676018,0.01847766283590328,0.011636891745850328,0.028690920112428377,3
21.05,-0.03237626325534153,-0.008273626916021863,-0.0172819055994099,0.037620999267318975,3
21.06,-0.048043599194525825,-0.027414250906637933,-0.016097687593039187,0.05760958359665021,3
21.07,-0.001939668375253386,0.002912212975608652,-0.004925868010308748,0.006042141464434988,3
21.08,0.04977312393492413,0.02660184306162773,0.0157762598326034,0.058599592957823556,3
21.09,0.013404899630757652,0.005798124474281399,0.01069711212951556,0.018103529750890475,3
21.1,0.03585392037916353,0.01820633158423143,0.0094922648861776,0.04131679088433347,3
21.11,-0.019437901637702946,-0.008984780714337313,-0.00605755312333954,0.022254263735379413,3
21.12,-0.04232663218392702,-0.038462419050820804,-0.029170463037342168,0.06420138148893165,3
21.13,-0.038740424680428806,-0.03797614803033235,-0.02080925456262709,0.0581036435956809,3
21.14,-0.002098980768533127,0.008540170292947333,0.005626873171558925,0.010440398966898806,3
21.15,0.0361549785459488,0.032048364396072324,0.01659928569417264,0.0510863623649034,3
21.16,0.01912143156396165,0.017206437816543456,0.014068468503413423,0.029319148238333616,3
21.17,0.0008690095698545997,0.012016253958220764,-0.0030742620273206452,0.012433689067753814,3
21.18,0.016316427589346833,0.02231788095302286,-0.0028485345147155174,0.02779258477351872,3
21.19,-0.021758622826119733,-0.020182500133759967,-0.0067021310246711385,0.030425146494477546,3
21.2,-0.05485378020514024,-0.039536310980896106,-0.018041560830346644,0.06998253357779396,3
21.21,-0.03365181956067594,-0.03495228142465407,-0.011875532261732448,0.0499513283410157,3
21.22,0.02495524633769748,0.022240127262593057,0.007803301729932152,0.03432607024289062,3
21.23,0.0192352301232934,0.011680315877936786,0.007386911761412493,0.02368523426684503,3
21.24,0.017353818435603758,0.024198631715184347,0.005650289826261428,0.03030931484385254,3
21.25,0.0005078103178159984,-0.0025611920818243003,0.004823853060702398,0.005485174067441048,3
21.26,0.011385834418056403,0.006432910424694349,0.011343318141788319,0.01731156920655557,3
21.27,-0.04382740248374245,-0.021261731400038092,-0.017312705078992262,0.051697506591241754,3
21.28,-0.05093558026467167,-0.040645747094016006,-0.01988787308956489,0.06813250024588971,3
21.29,0.023663256432280184,0.023068232519064757,0.0067303772112804455,0.033725228449035145,3
21.3,0.05605012232442601,0.03212086313033357,0.022861857512666516,0.06852758998936273,3
21.31,0.030396762200133053,0.022014152972830655,0.012363633519228662,0.03951513023084222,3
21.32,0.03406246107148503,0.040220571866440596,0.013004282763731131,0.05428680342135666,3
21.33,-0.0006627636545648691,0.00450148927158832,-0.004441713230817857,0.006358575135111587,3
21.34,-0.028365824751560617,-0.014509685057759852,-0.024653551980469427,0.040285836215292053,3
21.35,-0.054659799716455744,-0.037527374893320004,-0.01757352825740715,0.06859173759893189,3
21.36,-0.010566281548504846,-0.0097248536056875,-0.003772416822330862,0.014847565864333858,3
21.37,0.04050157821929563,0.025349008599563596,0.015487644534188761,0.050227653821892364,3
21.38,0.030149409391246555,0.012358091938808567,0.013152314482327964,0.03513819430834608,3
21.39,0.01002720713677175,0.015615817122863525,0.0057371211849346826,0.01942455113687496,3
21.4,0.007949633657264121,0.0182282377310327,-0.0022399197202288453,0.02001206052401453,3
21.41,-0.017215493791828646,-0.013158911412905067,-0.008901557820433885,0.023425795775164213,3
21.42,-0.044496882683336604,-0.044472914911131395,-0.014946941020281412,0.06466238299885896,3
21.43,-0.012190612755786643,-0.0010663988411153246,-0.006891810411055255,0.014044404458424349,3
21.44,0.023008640250774093,0.018067457575109375,0.017124609219505756,0.03389812369938343,3
21.45,0.04072019534296885,0.028451399315986642,0.017274180610438006,0.052592905867324916,3
21.46,0.027938158211455812,0.015380704840309484,0.011948047905404203,0.03405675578182527,3
21.47,0.005959179374815635,0.006245061909307807,0.010419929219680716,0.013530984517597797,3
21.48,-0.02083190808526776,-0.011191831747293043,0.009161418977293124,0.025360541989678916,3
21.49,-0.04289735548876474,-0.015688455443419336,-0.01759987415991579,0.04894963036198006,3
21.5,-0.02731525967674688,-0.02910197312991615,-0.01660198062076502,0.04322816225326648,3
21.51,0.008958419278808808,-0.008101569462225403,0.017741336165640886,0.02146261197218255,3
21.52,0.04727754571283371,0.03236935140461912,0.03319603018559986,0.06621871079285716,3
21.53,0.0049491004308055316,0.008349472877747123,0.0029033711351806896,0.01013098496490024,3
21.54,0.00627865128122478,0.01170124791490971,-0.004758000576682275,0.014105999934960771,3
21.55,0.010120680033136908,0.01929487916236708,-0.0023791073738644967,0.021917588328095313,3
21.56,-0.027924458527941117,-0.02611523337670116,-0.0071098852678655585,0.03888870359012346,3
21.57,-0.04679878740827396,-0.03037706701620293,-0.02252419636812025,0.06016836482256557,3
21.58,0.012427081080926924,0.002985140312913014,0.010963407148822116,0.016838637212985917,3
21.59,0.04172282620796251,0.024042904498744796,0.014190398393943437,0.05020182158143705,3
21.6,0.014431427153972762,0.006830387362839082,0.011050909457525977,0.019417592051160497,3
21.61,0.02297124966464168,0.027922920715611248,0.01667976574749742,0.039819372142676994,3
21.62,-0.005143536668592564,-0.0007973378148577828,-0.009439290132799927,0.010779235374706897,3
21.63,-0.04290085059860562,-0.025207633178735964,-0.016389846011044134,0.05238830790189095,3
21.64,-0.05454611240599476,-0.0485931673409362,-0.02512416238435421,0.07725152313286154,3
21.65,-0.020168939294383105,-0.01666700281292485,-0.018940964640718948,0.03230070024856305,3
21.66,0.04103946286413091,0.033340655484120796,0.017137673703065192,0.055583600821105014,3
21.67,0.037963726203468134,0.027950965088473452,0.01903734678028609,0.05084212356955425,3
21.68,0.017581044677516856,0.00858707669295673,0.011248462150831612,0.022568981342591776,3
21.69,0.023470409695061943,0.02558807633998643,0.007661779904219504,0.03555717442845723,3
21.7,-0.00020185747391466072,-0.004157602432047697,0.005454367603173317,0.006861233881255671,3
21.71,-0.03563807744678132,-0.017943910698574494,-0.017780176859716054,0.04368284771422282,3
21.72,-0.04096576214873427,-0.024633349845341265,-0.02068866505288863,0.05208662452780233,3
21.73,0.018494962481520306,0.020217010251586166,0.005833974410806402,0.02801475322274904,3
21.74,0.04522985745975771,0.033609561435771644,0.014417093813680493,0.05816524064909706,3
21.75,0.015467441211051008,0.0335936556436139,0.0039046323002911608,0.03718899824571116,3
21.76,0.0030962300581119234,0.0046126063553028635,0.009685272017179248,0.011165449924140607,3
21.77,0.015468428896977578,0.009135850590194793,0.00645612192464074,0.01908972416911885,3
21.78,-0.04282568131030683,-0.04825215261524032,-0.01253751487002501,0.06572289168023958,3
21.79,-0.035013805792275365,-0.0229526573731772,-0.003260078204499658,0.04199308498371006,3
21.8,0.000527393593663928,0.0006778464846087713,-0.0004922149513843778,0.0009898966702138901,3
21.81,0.03962714992461699,0.025581441417278663,0.014390557776117386,0.049313378602986686,3
21.82,0.028147666729767408,0.02029764243225495,0.023456139668507108,0.04188646462505811,3
21.83,0.02068292058010882,0.007250116916451102,0.0073302098920103986,0.023110157422359254,3
21.84,-0.0034200817197167395,0.00714880949848021,-0.006237400860415226,0.0100850188749754,3
21.85,-0.02114228838538969,-0.009889788285078808,-0.012627859681050742,0.026538031400595123,3
21.86,-0.03767283041989271,-0.021892423481623718,-0.017366188354274104,0.04690527535044293,3
21.87,-0.011438151094215067,-0.022624429653784847,0.003072430158781822,0.02553695253341214,3
21.88,0.03774028688125343,0.015349257158411405,0.027908731199587686,0.049384473535365264,3
21.89,0.03197651545824213,0.02014729804725875,0.016890820539424024,0.0413969923780859,3
21.9,0.014092318250074084,0.01640065705258388,0.014794297619023058,0.02620011884435015,3
21.91,0.0028224961935952014,0.0014398274567248947,-0.003449462120867384,0.004683842097178041,3
21.92,-0.012526213260182996,-0.012900741767996295,0.0035779229733582055,0.018334030915415,3
21.93,-0.03681743478507693,-0.03580198217160972,-0.019434491141983534,0.05490906006769274,3
21.94,-0.019128007244218516,-0.007386656915401128,-0.01691936013584755,0.02658398218715974,3
21.95,0.04440998209211798,0.03411899286720025,0.0210544401213715,0.05983010640571116,3
21.96,0.032296388189045504,0.012445884650211746,0.027507161974532415,0.0442108662511498,3
21.97,0.022263538495302132,0.014340460000650073,0.0035156257969115434,0.026714669455300294,3
21.98,0.00823142034397832,0.0019769939325091105,0.0117595185585177,0.014489688147664192,3
21.99,-0.014355198848554688,-0.018390687557362808,-0.007751270491502897,0.0245839646323885,3
22.0,-0.03385635013282628,-0.03418084178171677,-0.023122939138264603,0.053378391729380255,3
22.01,-0.06811968714077808,-0.04343031871533935,-0.02230782661441751,0.08381004407666397,3
22.02,0.01942657399366647,0.014578927466503543,0.00325298510916163,0.024505485412972282,3
22.03,0.031115872431010355,0.021031843901399838,0.00659384785139856,0.03813154605471896,3
22.04,0.013131048132004558,-0.0005405296561663726,0.004923605200274619,0.014034189877666149,3
22.05,-0.0019082262562133152,0.005447672985384224,-0.01097720877666312,0.012402321594243424,3
22.06,-0.004143047136536232,0.004824522649504927,-0.005822648540194357,0.008622302151616735,3
22.07,-0.04220292111291864,-0.023257252044253017,-0.021827341929003395,0.05290008675606094,3
22.08,-0.053036136430859346,-0.04621256295135826,-0.0215178534811189,0.07356256358013141,3
22.09,-0.006593468965998335,-0.00028425972749193326,-0.007235238874824896,0.009793023954531837,3
22.1,0.03974970734104191,0.018091044468234046,0.01709125373722383,0.04689814578381826,3
22.11,0.018581380917446853,0.0014931424745626802,0.01435429668887191,0.02352749507875329,3
22.12,0.006774165745053662,-0.006877722517702718,0.0081487212929424,0.012633053759167904,3
22.13,0.009529093734773916,0.008295712960597565,0.005541262314479292,0.013795943931772206,3
22.14,-0.026423436963102946,-0.01965482467636954,-0.012727952012664693,0.03530596148582552,3
22.15,-0.02151201999566242,-0.0034800470830039995,-0.01352977058395878,0.02565019345050366,3
22.16,-0.019683063992008348,-0.009685521464045685,-0.013142267915195703,0.02557247622149188,3
22.17,0.034460122228257554,0.02810272661768008,0.02026613831496498,0.04886695846413818,3
22.18,0.04413360066302029,0.045233257112088386,0.017571863523271156,0.06559415099024994,3
22.19,0.009818459821600099,8.24973209781494e-05,0.005916933530122875,0.011463815310630067,3
22.2,0.0075434097654617435,0.008648368706925137,8.408879190051214e-05,0.011476253008081898,3
22.21,-0.029798138765866376,-0.018821456365560547,-0.013659626153813675,0.037798964010836045,3
22.22,-0.05472087931480613,-0.04407005667591765,-0.02724960733789225,0.07535970825629226,3
22.23,-0.025976863806086027,-0.009873444789150877,-0.017131036557124505,0.032645899876184895,3
22.24,0.023449710976307783,0.01064488613361391,0.01500443552282384,0.02980495983940514,3
22.25,0.05203135225518932,0.042285930242069274,0.031948701974421095,0.07427032430110375,3
22.26,0.009853372411255105,0.0008270103030007976,0.00851538724935515,0.013049318523303545,3
22.27,0.009003073058738258,-0.007283013972933926,0.002666188531381572,0.011883020588882277,3
22.28,-0.008406645065637701,-0.0017814430886758407,0.008583622787715777,0.012145937629495519,3
22.29,-0.045721026934038865,-0.02415897695138475,-0.008831819362141021,0.05246017064865627,3
22.3,-0.02950664223922738,-0.022962951521439616,-0.008651279410816181,0.038376864309812436,3
22.31,0.004349570779021029,0.0013844401022092,-8.100715056576094e-05,0.004565304208567202,3
22.32,0.04877143106315859,0.033189037497867425,0.02327352831612968,0.06341783517485416,3
22.33,0.021951419438253805,0.024052347422207267,0.01565774599784194,0.0361323295900727,3
22.34,0.003566802695176452,0.01651405083464863,-0.007600172303328224,0.018525619435688367,3
22.35,0.002822823219934185,0.014590032316494757,0.0008457558041124485,0.01488464567289228,3
22.36,-0.012542057359935315,-0.009869908092921554,-0.007770362717400203,0.017750966884724592,3
22.37,-0.04552395505961674,-0.021153196985846077,-0.013890371921924055,0.05208484097241143,3
22.38,-0.014335141989647696,-0.012335601972033403,-0.008172792260744207,0.020602376203076075,3
22.39,0.029727439363427827,0.024044526692400068,-0.0021061873164723473,0.03829224386190873,3
22.4,0.022493750136069482,0.012790230293513739,0.014070566290034718,0.029454025563024552,3
22.41,-0.0016761138512480338,0.007391541359357656,-0.0027389371946525466,0.0080589092478878,3
22.42,0.009598930269466904,0.006182611722512312,0.0029416478932203895,0.01179056582005811,3
22.43,-0.013140814826920358,-0.011597081950054992,0.001151897736109424,0.01756417354919255,3
22.44,-0.05428172185245738,-0.051879895593259014,-0.024829311207409846,0.0790855460186589,3
22.45,-0.02704010934156811,-0.024303253505432297,-0.020561269141474044,0.04176818685149499,3
22.46,0.016817632798328902,0.005840547182425322,9.25189532740879e-05,0.0178031829762624,3
22.47,0.05691012202188094,0.034292787952497884,0.023750710739215954,0.0705609917356486,3
22.48,0.029582660531031108,0.013397286665862427,0.01257866351802663,0.03482590802838104,3
22.49,0.03177220294374863,0.023000983526295846,0.016420144241348487,0.04252222077905118,3
22.5,0.0058630415231416665,0.00708517903668554,0.0016582818302426474,0.009344780174647474,3
22.51,-0.032225553117219335,-0.03739093749202064,-0.021905871004080618,0.0540040337816569,3
22.52,-0.0606165656563368,-0.039081558166183396,-0.025912538599158402,0.07663677888141333,3
22.53,0.015957734772773034,0.016348983068578644,0.01160212021224065,0.025623187543202423,3
22.54,0.021056572591235518,0.03561613545043214,0.014533367626180984,0.04385324535620169,3
22.55,0.011940132834746974,0.015079765296580562,-0.0008585051007879204,0.01925365223845692,3
22.56,-0.0019009121761956547,0.0030195392487840722,-0.0024328689932767195,0.004318557156621139,3
22.57,0.0011816462478516706,0.003913879561821546,0.0016062555180519776,0.0043925844179456336,3
22.58,-0.01635416339561014,-0.011588796797805,-0.011087065995101366,0.022905935998576068,3
22.59,-0.04597477203004174,-0.019475049585821257,-0.0077480568316872465,0.05052711751378224,3
22.6,-0.016631854337094312,-0.012522801404463772,-0.00583468664583774,0.021621348291933136,3
22.61,0.043737505279973124,0.024010943301854538,0.01749841605941461,0.05287427853833024,3
22.62,0.030076776369917756,0.03197262301620961,0.01007644449451432,0.0450377156724642,3
22.63,-0.0015072389241729302,-0.009292364373142407,0.0038213291564607775,0.010159840615866248,3
22.64,0.005733506444348224,0.006583237599445976,0.004003872708430026,0.00960432767576433,3
22.65,-0.03496483494011847,-0.031656772787156444,-0.02761176645484562,0.05465437395528665,3
22.66,-0.04347271539433798,-0.02673279554043713,-0.03454243767865361,0.06162547640341285,3
22.67,-0.021775730951539986,-0.02950306420787755,-0.01957729419435282,0.041567820535845304,3
22.68,0.014048357915781594,0.007478889405695398,-0.0013608351265471802,0.01597316559465189,3
22.69,0.04631748092135695,0.03967019841359837,0.01491782729209793,0.0627819659790245,3
22.7,-0.0006678775074487504,0.016048099336484992,0.0013016147378765513,0.01611464407315605,3
22.71,0.003000692612723143,0.006552179839178876,-0.002183911940781072,0.0075302515340511375,3
22.72,-0.01272344166976749,-0.00024214157866226348,-0.004502875206302593,0.013498906829503915,3
22.73,-0.025761781150510265,-0.014741551306923879,-0.009570079606375934,0.03118604057352949,3
22.74,-0.06649892215175808,-0.05045698578095522,-0.02988409200264699,0.088662692358555,3
22.75,0.02967245434526882,0.023711302423207188,0.009331038134701234,0.03911200176605772,3
22.76,0.03595821565224804,0.017691640767911562,0.014715732269036089,0.042691219263079803,3
22.77,0.02042121800077793,0.009113857440435968,0.010349119555908188,0.02464128279254893,3
22.78,0.03190650015799373,0.013999462271705164,0.012346179199439538,0.03696535996109904,3
22.79,1.2315798314518488e-05,-0.005477127072391653,0.005601332275084003,0.007834155723618941,3
22.8,-0.03153611268218144,-0.03636435253870682,-0.002709159844712464,0.048210290247278124,3
22.81,-0.04313744267265748,-0.032275321381090544,-0.013658347459804526,0.05557954467177866,3
22.82,-0.003180978702605744,-0.009400472160871618,0.002319718590984585,0.010191594413785957,3
22.83,0.04756933630418205,0.0298577056594004,0.024680638784569865,0.061347031505022125,3
22.84,0.04995334070186982,0.04761140789297569,0.00921282868672185,0.06962082031432319,3
22.85,0.02026534219776293,0.028218045515674736,0.005779735122241576,0.035218567903882676,3
22.86,0.004316448225351781,-0.0036497170912644433,0.006783013592820335,0.008829577199888779,3
22.87,-0.009883308259967666,-0.007256974427903275,-0.011880412330765405,0.017073009610428673,3
22.88,-0.0640602308104984,-0.034013348430020865,-0.028808465214831172,0.07804196762608225,3
22.89,-0.009718731201592378,-0.017322692431394452,-0.008952064746852458,0.021786896806873034,3
22.9,0.03663305548042171,0.03221489615673806,0.01043097440103082,0.04988572456300532,3
22.91,0.0586661132497648,0.036636673200478,0.022332036797047566,0.07268203722060587,3
22.92,0.005444475693154087,0.007627454195687253,0.013339663618579694,0.01630236174722888,3
22.93,0.0010443316602412444,0.008472433266924269,-0.004572587646592498,0.009684075168276917,3
22.94,-0.011147142168778296,-0.012282785507396567,-0.00930130185055927,0.019016829769098836,3
22.95,-0.029490813947815765,-0.015563141439039061,-0.012852623366220133,0.03573666753000519,3
22.96,-0.02643549645966795,-0.014343901541179663,-0.017371841176588035,0.034732748960552666,3
22.97,0.03602867643566009,0.03356079096873115,0.012569978396776484,0.05081728616374336,3
22.98,0.023908071989576143,0.004654959888895496,0.01864066286897246,0.030671466708011696,3
22.99,0.036145653636969866,0.020890168658191703,0.011015855613580053,0.04317703670136165,3
23.0,0.02209528729252469,0.009152367930792146,0.01508195584533708,0.028274245372785688,3
23.01,-0.005601737969049508,-0.01391261273365186,0.0017929826972721396,0.015104802160345565,3
23.02,-0.04545437207617324,-0.02599217378033116,-0.018932573000571204,0.05567885917552631,3
23.03,-0.05008975121712314,-0.023524312110507227,-0.018695956188996974,0.05841160171649756,3
23.04,0.00020654265059985967,-0.007711702889935279,-0.01420617572926563,0.016165656503214734,3
23.05,0.034007018373730775,0.014989538993818295,0.011234454027395532,0.03882494733044883,3
23.06,0.026172829797434443,0.022823637837849138,0.019956682965719418,0.04005252375010852,3
23.07,0.007464486738146311,0.009849783521949757,0.0069724523198357695,0.01418985162169141,3
23.08,-0.004373863943020611,-0.007939090361176054,0.007611663788223312,0.011836269141073313,3
23.09,-0.0371027661483645,-0.015833054662711586,-0.01792508903545365,0.044143059394898945,3
23.1,-0.054879484625807724,-0.03881660238215938,-0.024518891893774254,0.07155181697893853,3
23.11,-0.030950395170461418,-0.02470053740208166,-0.018121272923120484,0.043547951059878534,3
23.12,0.04980166433982715,0.03134905971080224,0.018675290067409006,0.06173925635177444,3
23.13,0.03295439682385515,0.012191778634804968,0.01258003435907425,0.03732142817175797,3
23.14,0.017622828783473727,-0.005624639425789417,0.006987331184920502,0.01977431313824926,3
23.15,0.028342765774408304,0.019395290200152477,0.011269489622821057,0.03614541533929266,3
23.16,-0.017785340427463006,-0.020505711779410844,-0.011988749031213296,0.02967377045531013,3
23.17,-0.049844361641885375,-0.020208716905749817,-0.019032920365260293,0.05705352472980204,3
23.18,-0.03300754848220759,-0.024036271853430574,-0.007630752861474363,0.0415387651555773,3
23.19,0.024175939673807954,0.021080686496995814,0.018062662249776346,0.03681210629461072,3
23.2,0.02271970913512842,0.006942036693886149,0.0006462599375244415,0.023765409917587126,3
23.21,0.023907972007581938,0.015290132830139115,-0.001956100862784688,0.028446539650087612,3
23.22,0.03581204597282209,0.03054042270431097,0.021414152768750985,0.051708664598120506,3
23.23,0.002145513234836343,0.00018010938362834168,0.008102680200492231,0.008383859067421024,3
23.24,-0.047046984729737173,-0.032483628613660206,-0.021447673623690565,0.06106232556936133,3
23.25,-0.04318219149217624,-0.040627488533766555,-0.008921727043198557,0.05995741572200766,3
23.26,0.00988135024976871,0.007690856220102299,0.005831917349648925,0.013813095675120277,3
23.27,0.026419888545796143,0.02137839751519786,0.009494602182106331,0.035287304539828014,3
23.28,0.03388391880900077,0.031170796589813993,0.016395120732200015,0.04887267639204886,3
23.29,0.0030135866549103173,0.00919628256055472,-0.010681724097900002,0.014413623665264542,3
23.3,0.007216249170622862,0.00742713226990686,-0.003692820384817411,0.010994247052059999,3
23.31,-0.030655287243403453,-0.02097522585443379,-0.014264494200249537,0.039789226310761996,3
23.32,-0.05864270258587592,-0.050885400596385466,-0.036145486733848216,0.08564336968882601,3
23.33,-0.006594680433859969,-0.009825248071105335,0.00017306963601507403,0.011834494614575013,3
23.34,0.042495798662485734,0.033641713647933426,0.015419121731471216,0.05635075080335667,3
23.35,0.029409346201837275,0.030183738408577163,0.013210544623309853,0.04416430909208699,3
23.36,0.007978936776787918,-0.0008008745467616256,0.0002153563848642198,0.00802192062414801,3
23.37,0.017799532358127874,0.01124332990915121,0.018607114144781042,0.028097340023763212,3
23.38,-0.010175680832892178,0.002645859456065821,-0.010952135309453275,0.015182039405518462,3
23.39,-0.049657023286207386,-0.029650519336077805,-0.018300257848027808,0.06066195426995713,3
23.4,-0.025813721337930615,-0.009581823876171265,-0.011048788861137979,0.029668759552841213,3
23.41,0.022498118613089427,0.022774251545624097,0.011424836853159334,0.033990568864220416,3
23.42,0.04224665340595352,0.033802624875681635,0.019134052180275096,0.05738910284475882,3
23.43,0.009793790045691364,0.016332605004354357,0.01216220530108987,0.022596272866851355,3
23.44,0.004315538405971637,-0.005300714609454131,-0.003126903271488934,0.0075165797523571104,3
23.45,0.002526908029709658,-0.0006220106496177458,0.0014504221376531602,0.0029792424903393477,3
23.46,-0.020268515329315392,-0.009668988867713522,-0.00786539274017642,0.023794252716483468,3
23.47,-0.03236154829965471,-0.01578345238340904,-0.009939502747714884,0.03735212031949534,3
23.48,0.028071365818511974,0.02668902102096821,0.007833710847565251,0.039518001564067824,3
23.49,0.06009169859730464,0.04154971524689435,0.03650583389031664,0.08167047805317844,3
23.5,0.018730799883709258,0.0010508256968893327,0.004300202056536805,0.01924678769706387,3
23.51,0.008569482380960617,0.0014913784256705533,0.015667904765674277,0.017920476490104517,3
23.52,-0.007020243943812884,-0.0025371676081650764,0.0033027791395072235,0.008162683048295313,3
23.53,-0.04344874277788387,-0.017067433031574982,-0.012919919502037733,0.048435677338147624,3
23.54,-0.04735573015215011,-0.03802121859977168,-0.026568643542382593,0.06628778968812485,3
23.55,-0.015319463825207809,-0.01433987776842618,-0.0076722800074237475,0.022342380061613137,3
23.56,0.028848951155729476,0.021145249730813633,0.017589626183482497,0.0398594846710139,3
23.57,0.04191888542141254,0.027645644171718383,0.021862373189226243,0.054767124793143725,3
23.58,0.021051101483413773,0.01351757806565613,0.007009742905033534,0.025980960067340877,3
23.59,0.0005627896315655344,5.1240245657705906e-05,0.0024582690854985964,0.0025223886752225237,3
23.6,-0.020809045673872026,-0.019244669739304776,-0.004614688411593071,0.028717051456726827,3
23.61,-0.05816582249382806,-0.04282484501845854,-0.027884044582305777,0.07742577219186467,3
23.62,-0.017463604089784895,-0.0031942339142934616,-0.020367925271230186,0.02701912244982045,3
23.63,0.027268585340921126,0.017826546004543913,0.0022426952841356016,0.03265564531722965,3
23.64,0.041859899241966286,0.036997387176423854,0.021877888160641804,0.05999749838784391,3
23.65,0.015602088344489375,0.017199493217699514,0.011077177563838518,0.02572841989776578,3
23.66,0.027265698342584594,0.005444464491473464,0.011410381349632692,0.030054239339097927,3
23.67,-0.009902847473690649,-0.004412844651736049,0.004510821507757991,0.011742533656855696,3
23.68,-0.04860050142926314,-0.04240774088432801,-0.025895544385487725,0.06950542745073135,3
23.69,-0.04312304558836619,-0.025107317829802196,-0.02641930878274504,0.056461972565444794,3
23.7,0.032378251004242936,0.03361101629818485,0.009842877103483184,0.04769626593733392,3
23.71,0.03847401667760482,0.016148858851233426,0.000511136970207389,0.04172884928329544,3
23.72,0.03403893088441222,0.015423059631596433,0.013061905191651929,0.03958703009053944,3
23.73,0.0014605200765597428,0.003521348793456949,0.010379116379884888,0.011057082483476805,3
23.74,0.015352478563337301,0.02570879381035905,0.009118012489888363,0.03130141896123956,3
23.75,-0.050056477745261854,-0.037440047903311714,-0.01930929063619437,0.06542367198604183,3
23.76,-0.06711575893130625,-0.05724419234980223,-0.02521505567135802,0.09174541779956127,3
23.77,-0.00527591903681502,0.007602043979768309,0.00043986749427224383,0.00926390186508234,3
23.78,0.0327392358788968,0.0228512688492115,0.011577834830505642,0.04157023350085319,3
23.79,0.04809658221280458,0.02904739495821001,0.028399544547085105,0.06295686225419105,3
23.8,0.023715558649477043,0.025103202168060584,0.009572808152907005,0.0358362545068492,3
23.81,-0.0028994094140551542,-0.026689892439325655,-0.009913588228538151,0.028618807888137036,3
23.82,-0.036643836740587646,-0.017619613393484612,-0.023978586718833867,0.04720375163309945,3
23.83,-0.06455029691082673,-0.03443213739245808,-0.03170120401042301,0.0797325482622966,3
23.84,-0.009880026987200358,-0.0070821034507421825,-0.01782490963619195,0.021575414853328555,3
23.85,0.03808807031814889,0.04051702279604537,0.027464451269633906,0.06202117638643764,3
23.86,0.031344379970540674,0.02456908936300832,0.00779075755141383,0.04058086015709908,3
23.87,0.023715394133696877,0.020603801140764343,0.010163060222005822,0.033018545295649585,3
23.88,0.001702016772604762,0.010161608122249076,-0.005064497280664085,0.011480604227576187,3
23.89,-0.02415611786763861,-0.034036554658455814,-0.0057856737079044806,0.04213643439717742,3
23.9,-0.049926447627649403,-0.04269509181650357,-0.021811405864995595,0.06921891695009141,3
23.91,-0.030182240564082183,-0.01549810447395816,-0.01261210465824154,0.03619701744155571,3
23.92,0.019196719844679352,0.0027047249930795617,0.014078502693861648,0.023959003071588034,3
23.93,0.052794141358894625,0.039498505611110346,0.023860359035501124,0.0701189706187768,3
23.94,0.028065284921567953,0.013947206481190796,0.008604444891069811,0.03249955781608755,3
23.95,0.017466318455226587,0.006661640187032659,0.007171224137790685,0.020021892667660298,3
23.96,0.002467511059029341,0.004806685425010254,-0.0031580740936666815,0.006258295900844473,3
23.97,-0.04963770024184731,-0.03606367277253302,-0.016871988387501615,0.06363296135881008,3
23.98,-0.027162511559247055,-0.029279944000502822,-0.010420651175982152,0.04127598727844447,3
23.99,0.03209740966282733,0.02354946909729348,0.01573351827622339,0.04280613039245661,3
24.0,0.02394791661929376,5.017626530354202e-05,0.014731418639695452,0.028116186142508954,3
24.01,0.019505119765851987,0.007864609768269857,-0.003910939505826777,0.021391522426083474,3
24.02,0.0063794583646626865,0.01188254137552067,0.012792713012671241,0.018588861847676243,3
24.03,-0.003046174860811728,0.004040778766564174,0.004123871919377232,0.006527893529338947,3
24.04,-0.0194101485650573,-0.012192232675907787,-0.014701727393362264,0.027231327424306877,3
24.05,-0.05407651993087647,-0.045321807365699913,-0.012005853761772826,0.07157148004112508,3
24.06,-0.004324929930768227,0.0037301511575652357,0.006415399326196195,0.008589318662088322,3
24.07,0.043333796511250064,0.030807981696577957,0.017728402161837988,0.05604681881701202,3
24.08,0.021153946210451344,0.015460058675861334,0.014667087563612567,0.03002709296842474,3
24.09,0.015180873884785694,0.024471064169866878,0.0077286651029315635,0.029816508477432144,3
24.1,-0.0011529912701308022,-0.004276622164652778,-0.0056641441432977386,0.00719036959302172,3
24.11,-0.015784866984721806,-0.001994489237095406,-0.014514803392440991,0.021536469779503475,3
24.12,-0.025540642384058607,-0.023966665095125628,-0.002501287548931322,0.0351138418372972,3
24.13,-0.01697094767907839,-0.03277971563151763,-0.00985645353643499,0.03820566055344521,3
24.14,0.0376546617447223,0.03530526873360319,0.013081453337768244,0.05324903729542535,3
24.15,0.0546515799349831,0.03183591470283021,0.02639267059615183,0.06853388735182547,3
24.16,0.01579747545058534,0.018388386896389438,-0.0006736663283074436,0.024251738691999973,3
24.17,0.01358021050528286,0.01763043578347458,0.009396569732295138,0.02415677764141776,3
24.18,-0.019667585624534148,-0.019718608849861236,-0.021659314285577984,0.03528120398446814,3
24.19,-0.03210961129861807,-0.021110774964578395,-0.008765476713788889,0.03941478833348451,3
24.2,-0.03265639404954351,-0.016515403802968284,-0.017230574815109895,0.040448625978557785,3
24.21,0.02109168955841871,0.0245625670060763,0.020630270938693997,0.03838993546960738,3
24.22,0.031178436278151492,0.007184322574829214,-0.0015712626503288484,0.03203401701201821,3
24.23,0.03205774726004328,0.017284640254413196,0.00474118492545903,0.03672787473582829,3
24.24,0.021289151879426545,0.014882866166146907,0.010544577852966891,0.028034190110684684,3
24.25,0.024239030507164083,0.02908655230157243,0.006442512187356866,0.03840656308501948,3
24.26,-0.032303625817500695,-0.02089422670207852,-0.010938800911846978,0.03999687882602807,3
24.27,-0.05023776177328135,-0.031554773931747035,-0.019227718556006246,0.06236378457680081,3
24.28,-0.009719611803565252,-0.004148565432796431,-0.0007228860520069242,0.010592639567472526,3
24.29,0.032564379735313155,0.027797661964345355,0.025982728828401157,0.05008244238852489,3
24.3,0.04590807782051781,0.041702263489888154,0.015244612069438113,0.06386727320390652,3
24.31,0.010429500061708468,0.005943178259002807,0.00510982635433634,0.013046308471246984,3
24.32,-0.004233952600026297,0.005859296909383186,0.0009148023608908803,0.0072866026549461525,3
24.33,-0.015780741138089548,-0.007373370265613077,-0.015308461223768333,0.023189380435467383,3
24.34,-0.07334876575511741,-0.05871990607205781,-0.03570096474424792,0.1005118286102706,3
24.35,-0.04570727967674672,-0.030346612513150732,-0.020000109779467607,0.05839586199091864,3
24.36,0.027041705215420504,0.021034935221307647,0.011296605286530722,0.03607402960194471,3
24.37,0.03746938810610313,0.03489558440104934,0.009385460689190491,0.052055198857413665,3
24.38,0.022702823157764583,0.01574961426659331,0.0011585822724955019,0.0276552136451945,3
24.39,0.026069148508851957,0.0091881124458204,0.008341389516332448,0.028872143899558254,3
24.4,-0.01675983257467288,0.0011035874484920279,-0.010161592190689163,0.019630788293836045,3
24.41,-0.05570246496736203,-0.03236188214166235,-0.027887516669011823,0.07019807408437535,3
24.42,-0.036315350927111786,-0.020451929497189495,-0.008307385973036761,0.042498221078326286,3
24.43,-0.0012543667287057067,0.019936375849438078,0.014725589583062885,0.024816839171597816,3
24.44,0.03131939010617371,0.017440560194577785,0.02682257259831421,0.044771952574298335,3
24.45,0.022860731573757957,0.02289376517050009,0.009593177731318658,0.033745615874570804,3
24.46,-6.869455635430052e-05,0.0016005395620019272,0.006050352215747413,0.006258850354993772,3
24.47,0.006536162442724114,0.013934195487045897,0.008371711000224153,0.017520524205061946,3
24.48,-0.05286047860649436,-0.03647489556587567,-0.022061452316374908,0.06790696491050728,3
24.49,-0.03260634099374955,-0.017832977679181263,-0.010270483177858902,0.0385573779011687,3
24.5,-0.008009399013198845,-0.008641245288561595,-0.0009027258196794481,0.011816789182990214,3
24.51,0.04984621297087633,0.03812114990847769,0.01834660870257216,0.06537939330376112,3
24.52,0.03291815471357707,0.024746062096699863,0.016104569451054603,0.044219109627451375,3
24.53,0.010503810881347008,0.008905750159417344,0.010268265983891309,0.017177884481187,3
24.54,-0.011847273760984458,-0.01197495203519864,-0.009130787132051378,0.0191606013857565,3
24.55,-0.021539294017200155,-0.020920461694901207,-0.004421270382659377,0.030350527772739045,3
24.56,-0.036715933255151295,-0.03492390500613243,-0.015905240531966257,0.05311040926272165,3
24.57,-0.013253393339762606,-0.006335656921210266,0.00032659886496936696,0.014693524099423616,3
24.58,0.01471364348690514,0.013645436584179388,0.007521973721792649,0.021430570055505905,3
24.59,0.047569513514792786,0.0213321575002332,0.01858273684467827,0.05534652354292338,3
24.6,0.011137740157328315,-0.0015044286070005379,0.005141793541879691,0.012359231451552358,3
24.61,0.022118920383468212,0.025372437120687687,0.023666012050158072,0.04114714243701114,3
24.62,0.0009221319994022741,0.013420601763746598,-0.007171204638533319,0.01524431222105877,3
24.63,-0.0459976399353841,-0.03569774504830799,-0.028774450647403763,0.06494675427778601,3
24.64,-0.030652766612346293,-0.02844649597086016,-0.007058312405888759,0.04241008144333441,3
24.65,0.014974089148107477,0.009884410879476061,0.0004109351839057798,0.01794697166585902,3
24.66,0.04231623177308317,0.028024086894763597,0.009155191840150286,0.05157354414221024,3
24.67,0.03603075120464927,0.03703715887388915,0.012855635042757123,0.0532469109167246,3
24.68,0.015192428923115151,0.005559494863368939,0.0023780536876786542,0.016351544852435607,3
24.69,0.00416780654974681,-0.004382445742973825,-0.007019093776004756,0.009265210173685782,3
24.7,-0.05123515956722947,-0.040261253064175745,-0.017734733492603343,0.06753170252726295,3
24.71,-0.04716615808977853,-0.03773005255721139,-0.022826584486773983,0.06456977849003158,3
24.72,0.012766072859325829,0.02364303002232025,0.006287658617586047,0.02759529191324593,3
24.73,0.03702068295055696,0.031523482687843905,0.006796852897526743,0.04909641673490104,3
24.74,0.039549849129004194,0.03486554371006236,0.01224695660184388,0.05412748516541953,3
24.75,0.005001802457238512,0.0010771157486517227,0.00212295547433288,0.005539417487717524,3
24.76,-0.009566686744508316,0.0009789234945505251,-0.004683824869397515,0.010696635072905908,3
24.77,-0.02421324187861682,-0.004822246703982501,-0.010425207424209744,0.02679962864265607,3
24.78,-0.04643237725347816,-0.03586746289735024,-0.02110198804220055,0.062351699667573514,3
24.79,-0.012222156509857982,-0.009218610079407458,-0.015625921060604467,0.021875403780041613,3
24.8,0.04024715186955706,0.01652192830549531,0.024289145871712985,0.04982740165531882,3
24.81,0.03297626093506231,0.03110418993420735,0.012767533224546698,0.0470947377247232,3
24.82,0.026047003796741627,0.019579403336776678,0.02232526270528514,0.039499579702468354,3
24.83,0.018116081646404606,0.010250184258734953,-0.0011446156362043807,0.020846314698571046,3
24.84,-0.02162472089098095,-0.006857276458309374,-0.015513130749689593,0.027482867748753526,3
24.85,-0.055985559314269,-0.038260292277451806,-0.023294155530624937,0.07169972453763344,3
24.86,-0.019776075889592737,-0.013028544097574826,-0.007360985673263101,0.02479960179066123,3
24.87,0.039998573712794805,0.03268852482216495,0.021247758448961852,0.055856000512143754,3
24.88,0.05769855080125243,0.03697104508293462,0.02766484145095917,0.07390077395802969,3
24.89,0.0210867180149994,0.006643594016218982,0.014299605397614868,0.026329939852265845,3
24.9,0.0022262276075492565,0.007476057157396827,0.0002335085643321987,0.007803976308965533,3
24.91,-0.006836773316835766,-0.003300702060038714,-0.005637585988759132,0.009456134477448733,3
24.92,-0.05456792184833986,-0.038464580974985924,-0.026447458940915963,0.07180981944594494,3
24.93,-0.036983937353323566,-0.023790694851222188,-0.010455160773199069,0.045200875770851745,3
24.94,0.029734659411621907,0.03218222560778732,0.007816906319692403,0.04450786042719336,3
24.95,0.027124894871912407,0.018479887640384347,0.01785011315927309,0.037361647565550216,3
24.96,0.02871013738101766,0.010605602096436847,0.0023203622311785323,0.03069421549980929,3
24.97,0.01258022474586318,0.011897678978591666,0.0020547630174833327,0.0174367104349435,3
24.98,0.0022727890752665477,0.00971090631545914,0.0007968197827421111,0.010005108365952083,3
24.99,-0.020901276859972825,-0.0047317531624015245,-0.005242870854034498,0.022062197468956185,3
25.0,-0.036611934859696015,-0.02103454400182527,-0.00956597613764899,0.043294268847058934,3
25.01,-0.008419463122571476,-0.009143001430421942,-0.0051731653398362065,0.01346266964841377,3
25.02,0.041217771909260056,0.026823877315077786,0.022480654455977626,0.05407221967098446,3
25.03,0.04437198573617328,0.032108652108864426,0.014817820525468102,0.05673981374259377,3
25.04,0.011534545696289308,0.00935288603297663,0.005257287546975936,0.015753136002625755,3
25.05,0.025339454678562037,0.020633697796341697,0.008569378892463644,0.033782713075776745,3
25.06,-0.026243345717277718,-0.005681496366791059,-0.0037438046996274253,0.027111043304000146,3
25.07,-0.055404221782596824,-0.03544284022110664,-0.018273019045961698,0.06826218528093098,3
25.08,-0.03589210475040412,-0.023435378038702978,-0.016673875159439196,0.04599432834669365,3
25.09,0.027046353225062755,0.020906770938971184,0.011214215352493406,0.03597717220462958,3
25.1,0.03942969063925201,0.03228904380713749,0.019112378703743712,0.054429457774275845,3
25.11,0.011954414455178183,-0.0057046704160035044,0.007869764360352,0.01540728660760438,3
25.12,0.013555677073279815,0.0011213380604130352,0.0026101160512651397,0.013850143889571934,3
25.13,0.0015742254902491783,0.0017212063848654597,-0.010635979421551001,0.010888746280867612,3
25.14,-0.022347176110029746,-0.01732693255276589,-0.0055716586946740684,0.0288212118480594,3
25.15,-0.05323872871522976,-0.03135791937677339,-0.014003755257372769,0.06335445133660654,3
25.16,0.01972067875481169,0.024022266270650718,0.019121074861734436,0.03649095711538102,3
25.17,0.04968428228418301,0.03677690815932876,0.02845476556057206,0.06804955960887037,3
25.18,0.04050896402065006,0.030345453653964904,0.021805387444132008,0.05511168338093079,3
25.19,0.019731652972265826,0.012780115670708771,0.00988281974429979,0.025501757031093846,3
25.2,0.008525860847910094,-0.0020156574818696446,0.007316176444576865,0.011414009639487986,3
25.21,-0.0360225284263721,-0.02831365994535311,-0.020936784502318374,0.050374942570948884,3
25.22,-0.026119106331827593,-0.02833060448002717,-0.017735475672272218,0.04241907546256532,3
25.23,-0.0037297747235381547,-0.00608492353944477,-0.011980901794430112,0.013945591481791364,3
25.24,0.035585098011085656,0.040666143028926925,0.023127734678118857,0.0587786228202837,3
25.25,0.03326796431977987,0.036100831376901905,0.01872177355278903,0.05254076780032399,3
25.26,0.0006798024288271823,0.003593262444827528,-0.0003585330838106183,0.003674535659349898,3
25.27,-0.01878705090349105,-0.022091990949069277,0.005477836693294965,0.02951298088269857,3
25.28,-0.03210311662965995,-0.014873953295565998,-0.014277720942849386,0.03815360925650557,3
25.29,-0.08436806295719862,-0.05574444137598447,-0.031319396922846125,0.10585989521571039,3
25.3,-0.02449044141463059,-0.0311048519118069,-0.012996149455741332,0.041667654527401184,3
25.31,0.00928661140535763,0.017377731166386044,0.0025254832684263283,0.01986466102465392,3
25.32,0.0314613756511874,0.018981522420875575,0.009630642725851204,0.03798507115423533,3
25.33,0.025810580740503963,0.019334722149176704,0.025473419837454922,0.0410963827722487,3
25.34,0.007981836645174442,-0.001818220948631418,0.003352827791351215,0.00884630419139817,3
25.35,-0.01618488910023262,0.01072880660153202,-0.027006892065851978,0.033263044739417415,3
25.36,-0.04814442537308508,-0.01862692949942201,-0.027051407380049353,0.05828058714805802,3
25.37,-0.022901966033770767,-0.01621469439942737,-0.013822028722553838,0.03128042264237992,3
25.38,0.011505708380625939,0.015127501382157172,0.008222164881191353,0.02070812929119068,3
25.39,0.0495834430246796,0.04390921422192697,0.018710430061091677,0.0688230855806373,3
25.4,0.018098823156962117,0.006345175086609329,0.0070961411767783275,0.020449544399508874,3
25.41,0.004265839034653576,0.0061992234845544576,-0.0030381804084747667,0.008115312358465666,3
25.42,0.009888914892338483,0.00185671454441356,0.0013343737975303775,0.010149806898600896,3
25.43,-0.04697079342228138,-0.04210450244328367,-0.02990064456915381,0.06980754333426997,3
25.44,-0.0493060229378809,-0.03350035797510973,-0.02732040738030434,0.06557257461650506,3
25.45,0.0011633627777002855,0.022380621328819884,-0.013059091705119806,0.025938109032450595,3
25.46,0.03188356575310593,0.00808712395525123,0.010964256040478354,0.03467244222031949,3
25.47,0.02814430443101075,0.03191147343783784,0.023312381718408902,0.048517122238072266,3
25.48,0.017905634051585812,0.014804108747546474,0.01386635823248979,0.027056408801432404,3
25.49,0.006568917101425821,0.0013546823184372126,0.011791086357977912,0.013565233266353508,3
25.5,-0.018761955654800454,-0.012247824311157233,-0.011130112793815839,0.02501798535359584,3
25.51,-0.0485429327988182,-0.03145375998940543,-0.018728924001807982,0.06079907841774578,3
25.52,0.0045401783119479525,0.005159082507796989,0.003291878086867018,0.007620092700573576,3
25.53,0.0366815978505183,0.02465986840974653,0.020447763634037247,0.04870071630362966,3
25.54,0.03662948091746944,0.017400833181412306,0.01145186104481832,0.04213849770792054,3
25.55,-0.0052184157315840335,-0.007879638641689373,0.004748216841680892,0.010576678639670874,3
25.56,0.022490286815650806,0.013210063016178143,0.015371293684356522,0.030275327173663585,3
25.57,-0.0216682392991578,-0.02296341232002608,-0.006299145511898507,0.032194877447897875,3
25.58,-0.044672552069842386,-0.03786415371767985,-0.02284324942197178,0.06285813463143242,3
25.59,-0.03395116101613347,-0.015130963214059923,-0.019496011841300308,0.04197287052185944,3
25.6,0.019877021756865766,0.019782034085464743,0.0014788503479419464,0.028082233971552406,3
25.61,0.02617973898225156,0.010455862408557823,0.020989833436999,0.03514650622179217,3
25.62,0.0260001958380707,0.014111599656799489,0.00996735691904835,0.031216912602682435,3
25.63,0.025130217655175712,0.023179980302946476,0.021107046102777725,0.040178933801511905,3
25.64,-0.021443343826985848,-0.021061264891369887,-0.01593851360794084,0.03402102422528307,3
25.65,-0.052546129159618774,-0.04971487027619046,-0.02316744855081139,0.0759565315729482,3
25.66,-0.028060342127078197,-0.018767228190944462,-0.019098137969249036,0.03878570004720982,3
25.67,0.014480068545561183,0.016484075158397823,0.0080455979587872,0.02336939805442792,3
25.68,0.040737462355040076,0.035652834391046245,0.009474368807626475,0.054958430686716325,3
25.69,0.0320472301474326,0.0014984705649869028,0.007359556150581983,0.0329155501380459,3
25.7,0.02349387281759638,-0.002404441656528925,0.0023059892157639653,0.023728906125488912,3
25.71,-0.00041596333697779386,0.008717661006728985,-0.007794882210220721,0.01170174463903431,3
25.72,-0.028383356552236585,-0.011402517146170122,-0.008016352318890661,0.03162110420179344,3
25.73,-0.04077501836245735,-0.033537887772274066,-0.024566854463648636,0.058231626947239566,3
25.74,-0.006298441663367674,-0.0007928960866159453,-0.009640379299394371,0.011542788425125367,3
25.75,0.046358101861988535,0.019982349956114306,0.0235640330697063,0.055710246566725394,3
25.76,0.015768971636261758,0.01887143216406013,0.0030201114844023713,0.024777257551354834,3
25.77,-0.002146051686296271,-0.010242145943585785,-0.004439177404744513,0.011367206666580847,3
25.78,0.011940182360310091,0.022998350807041233,0.004364358826327885,0.026278122509154653,3
25.79,-0.013465831987986017,-0.011974231729702332,-0.014539051036968353,0.023153722415647296,3
25.8,-0.047680723822509326,-0.04068469097508108,-0.018446145020370598,0.06533724642260948,3
25.81,-0.012403381803219586,-0.016547141943019872,-0.013587804266736475,0.024744296543446696,3
25.82,0.03378454554228121,0.030029148315568303,0.02641464381825098,0.05235340174336274,3
25.83,0.03937140204886683,0.04238010564720249,0.015521203196710354,0.059892306706580696,3
25.84,0.029772633418700303,0.01912325021765284,0.009841728206338935,0.03672829990155707,3
25.85,-0.0018758533011632942,-0.001848818267023778,0.00479555212765769,0.005471222422918687,3
25.86,-0.014263101104400749,-0.009697606482435768,-0.00814430309116314,0.019073785608611303,3
25.87,-0.05089843636734117,-0.032862345154944184,-0.025065816164533683,0.06556584243123213,3
25.88,-0.03608000218038707,-0.02117098683041983,-0.011096358453704595,0.043279399390976386,3
25.89,0.026652421945142342,-0.0014947983100711167,0.007952048622855255,0.02785356520860392,3
25.9,0.04120549828247825,0.033334586693272585,0.023940182006386555,0.058156857490905906,3
25.91,0.011838124691346074,0.012570651090245952,0.0002912732258195123,0.017269838016977422,3
25.92,0.023772596255579433,0.015208068966510975,0.011031352390918117,0.030300370129646245,3
25.93,-0.006945869718015465,-0.013992795519418236,-0.005273401945677655,0.016487941068204125,3
25.94,-0.027183517070189078,-0.02800262724803366,-0.007284906073977134,0.039700889027882574,3
25.95,-0.06896399159130617,-0.03881226178181279,-0.03341910626605395,0.08590262198819965,3
25.96,-0.01536517118948142,-0.019387416651059367,-0.012404945822172853,0.027673870183530305,3
25.97,0.026995063678527585,0.01221926859821228,0.014881912605067257,0.03315894013486975,3
25.98,0.024969217774437405,-0.00036250853121259224,0.008155102271596203,0.026269734329883818,3
25.99,0.04440291588313944,0.03683811983292811,0.019584094395792173,0.06092784884643168,3
26.0,0.01088754864868488,0.004166554733153668,0.009179481638485861,0.014837849476023951,3
26.01,-0.0341602455442645,-0.023793695977468915,-0.023493566396022764,0.04780177827149314,3
26.02,-0.05017033324615714,-0.022071358887209853,-0.009635768047263344,0.05565119268280905,3
26.03,-0.024354903102216684,-0.012758276994412815,-0.016288266751235052,0.03195688612402523,3
26.04,0.031273911732184564,0.02008191877010436,0.011298790444459696,0.03884589659190987,3
26.05,0.03854839140947527,0.032580209908374735,0.016287966888011842,0.0530353318390376,3
26.06,0.013132221609687767,0.001989685507571363,0.004245210963327016,0.013944027716127853,3
26.07,-0.006077096687223633,0.006732971323270556,0.004994857321507399,0.010354352063169583,3
26.08,-0.005215384874296251,0.012127594794866331,-0.007535300650042405,0.015200643104225444,3
26.09,-0.04754516784298726,-0.033915440858464686,-0.016214710681571345,0.060611194975259394,3
26.1,-0.040001389236077864,-0.020400860308117684,-0.022454360919808982,0.05020462694258949,3
26.11,0.020647456639807292,0.018834316732408908,0.006476179896140772,0.02868779982007331,3
26.12,0.028965210797122023,0.023277247136527183,0.01586277733236519,0.040403482219641365,3
26.13,0.018550864913912377,0.013923976739758169,0.010880920751530868,0.02562042454185033,3
26.14,-0.008304340076327682,-0.014538716281603522,0.004175430661344952,0.01725602956731255,3
26.15,0.006932729893790474,0.009168328094996112,0.0032409402950047046,0.011942557424334886,3
26.16,-0.051313019160703834,-0.03390145379636881,-0.018154882540771453,0.06412436561061088,3
26.17,-0.040932050486533526,-0.029253099516306478,-0.013392312990179081,0.0520627567035206,3
26.18,-0.0055230048571060005,-0.016573103912310448,-0.0021938605243131937,0.01760637327617463,3
26.19,0.04870666535565451,0.043088216660060456,0.019093956116959816,0.06777545887124936,3
26.2,0.041122150983084076,0.026809945643166633,0.02221689249202223,0.0538831587684611,3
26.21,0.02703258607985476,0.026141406798739053,0.00953606666256967,0.038795237168689795,3
26.22,-0.01362979646317808,-0.00736776818180544,-0.006091105870210099,0.016648030824412668,3
26.23,-0.024337763695769527,-0.01374523202329862,-4.289480412831767e-05,0.0279510283361749,3
26.24,-0.05177422533188932,-0.021429240940801286,-0.01392072000579343,0.057737069734234536,3
26.25,-0.021352906248004407,-0.025748639734418696,-0.0007992684927987173,0.03346009389605074,3
26.26,0.041130952847124265,0.017727566264669814,0.024375881309563877,0.05099220996778395,3
26.27,0.05860535977190322,0.05163725790782489,0.02369735171689248,0.08162450046785917,3
26.28,0.029534323511594678,0.013436369488428144,-0.004139874210305924,0.032710103160862286,3
26.29,0.011098331034235073,0.018659513362680527,0.007968253025144107,0.023126682575549756,3
26.3,-0.011481422240910748,-0.009411501488577617,-0.011497786828600497,0.01877760684697381,3
26.31,-0.0395266733203279,-0.022819480060195425,-0.024934755090729222,0.052007966557290286,3
26.32,-0.0366682571282583,0.0042331829777408694,-0.013038604138110272,0.039146980941286484,3
26.33,0.021546687131220675,0.012338496408183292,0.0008709202573082969,0.024844651779408235,3
26.34,0.05016636693300654,0.04154083443481184,0.022531842104767656,0.06892016544837716,3
26.35,0.007701745777324135,0.011742663268239844,-0.0008936939918788721,0.014071450444105604,3
26.36,0.015262576807148438,0.01488684478741261,-0.0005951766716879763,0.021328821669026655,3
26.37,-0.026641625440840346,-0.021676471647097857,-0.01440053012323591,0.037242729451903676,3
26.38,-0.04512886071697174,-0.03248241031808951,-0.01921874868667723,0.05883095571861994,3
26.39,-0.04418584386109335,-0.02845613794811058,-0.022385016853546724,0.05712468436825179,3
26.4,0.01495531721745321,0.006513079969980152,0.011544315429424468,0.01998381701537664,3
26.41,0.05046167162715937,0.01708772964986468,0.022588281831514036,0.05786710018736063,3
26.42,0.03200569293654576,0.013608259476290413,0.0052753384987563635,0.035176388424608976,3
26.43,0.009137933854088173,0.011816432347681257,0.0029853351809062084,0.01523292928793983,3
26.44,0.009110952409051246,0.011975976756235414,0.015781538532205167,0.021805743085466362,3
26.45,-0.045710196651558004,-0.040287965909931556,-0.029526782742461764,0.06770799933689113,3
26.46,-0.024745586364854903,-0.02233802513455876,-0.0057652494003477125,0.03383148699216281,3
26.47,-0.01314791226362056,0.001973429682131189,-0.009696181955813975,0.016455332452504048,3
26.48,0.03204283589629994,0.02635481022099389,0.02108289074910394,0.04653823843250263,3
26.49,0.03240060690943497,0.01869025766687407,0.01188554689984865,0.03924781885484048,3
26.5,0.005099721317869925,0.010913286058137113,0.014434886071664824,0.0188008751394346,3
26.51,0.03870780167247159,0.029681559709497214,0.02597200816320889,0.05526150654057155,3
26.52,-0.022407046895027927,-0.027011936919734494,-0.010522216011755165,0.03663928924678716,3
26.53,-0.03993547575863516,-0.01950337621503557,-0.024353488832396134,0.05067855884063195,3
26.54,-0.03908032996884903,-0.03431277037481355,-0.01853831971053312,0.05521148158633984,3
26.55,0.018194787862022072,0.004653806692304221,-0.000980711590719701,0.018806116486332132,3
26.56,0.02889310555516635,0.0266460967194124,0.016757604553778352,0.04272754766404313,3
26.57,0.020969118807686017,0.019182689299998307,0.016421390354533154,0.03282288185895741,3
26.58,0.014094861402532001,0.009460720606446944,0.010432986376184707,0.019925299422480253,3
26.59,-0.010872317661107798,-0.00029252818622805925,-8.284417160372721e-05,0.010876567805173796,3
26.6,-0.04103255321846375,-0.013165319873827182,-0.009403559538153793,0.04410694959973827,3
26.61,-0.03711659794544564,-0.015199222140798321,-0.0022114845017437244,0.040169003727135756,3
26.62,0.00960487716940223,0.010911267747301221,0.0037749485575256326,0.015018643943597735,3
26.63,0.04334835284971089,0.03279468669836007,0.027099524780289017,0.06073677151235594,3
26.64,0.01190418166863645,0.003558508797357614,-0.003708986724134604,0.012966460911928835,3
26.65,0.007566147678038353,-0.0005048988940190517,-0.0033287423513836817,0.008281427366158698,3
26.66,0.013240849156435933,0.0022233892968461537,0.017207479045599588,0.021825693149441303,3
26.67,-0.027735033922634288,-0.011588098841368875,-0.015578287840501028,0.033855563700646185,3
26.68,-0.05306299027525732,-0.04185713584627535,-0.019175883035722093,0.07025251061994366,3
26.69,-0.023925111059922066,-0.01909089480623044,-0.016363379674428857,0.034707829060626555,3
26.7,0.03189133987028002,0.02278331404486794,0.017069025076158022,0.0427491353671545,3
26.71,0.019372470152198687,0.01945111814763995,0.017957409383550102,0.032804072136850486,3
26.72,0.013734983780402568,0.013521059839628917,0.0017447001866839488,0.01935233364160929,3
26.73,0.006801900490290345,-0.006643689741576848,0.0032684042418923472,0.010054199617600864,3
26.74,-0.04119577868189463,-0.023303677307514425,-0.008927549831452438,0.04816487001179878,3
26.75,-0.0432680578825717,-0.033437559082033504,-0.008773362386787772,0.055382010417318356,3
26.76,-0.019127625283607584,-0.015161040251017282,-0.008997424911119947,0.026013013003385675,3
26.77,0.031701889201367094,0.018042996619356447,0.01944048799105142,0.04133390955707043,3
26.78,0.042805166409141546,0.025055273117172754,0.014825534692531145,0.05176722381207886,3
26.79,0.019737419339414773,0.018126205949039853,0.005618246958902011,0.027380463165880227,3
26.8,0.009478336602577079,0.005250767157801836,0.007841507814173528,0.013375300568471247,3
26.81,-0.034021471016506176,-0.029905430920151826,-0.01803111352856911,0.048753629031356126,3
26.82,-0.04105552045058322,-0.02969561881503011,-0.008811572371970642,0.05142984876452879,3
26.83,-0.03584610560462828,-0.020043186359842473,-0.015150831412448447,0.04377465361327229,3
26.84,0.0154717740981823,0.01896571670786657,0.0018567638385936008,0.0245463189896274,3
26.85,0.04620946009208214,0.057188827705181494,0.019004413096697603,0.07594105565137081,3
26.86,0.005441920277531737,0.008603400107875532,0.003039913784490331,0.010624220702731007,3
26.87,0.02172177281624494,-0.0004106500004843368,0.005759187595075847,0.022476038117487055,3
26.88,-0.00686050115556616,-0.01722489125092874,-0.00558590798740747,0.019364031676167764,3
26.89,-0.04082839265516936,-0.029573860532403618,-0.01881464728255635,0.05381042488181777,3
26.9,-0.06182296569596112,-0.047772221597762454,-0.027389453505778524,0.08279158415669378,3
26.91,0.012712460260273353,0.00026412066948142826,0.010273293190695488,0.016346772114979362,3
26.92,0.03530819085565098,0.03285374184291187,0.01810079882801524,0.051513839041485265,3
26.93,0.051492532189207255,0.025625359686931977,0.021448154757974344,0.061385366927820845,3
26.94,0.02666020699909913,0.02999759868025805,0.019847887691215173,0.04477232638159117,3
26.95,0.0075392774498793235,0.004738274186864369,-0.004402151807420255,0.009933322066244378,3
26.96,-0.01601204538351249,-0.006154609342867421,-0.009799232947507584,0.01975575308325382,3
26.97,-0.03818620171569276,-0.024785833979480473,-0.018308788983398997,0.049068679639547856,3
26.98,-0.014152166335196118,-0.007707510120337506,-0.007604996009406997,0.01781924489245433,3
26.99,0.055835591999001455,0.052199351647206814,0.028731443173649104,0.08165709689370751,3
27.0,0.04217625215767341,0.021712878471031545,0.018894827845020168,0.051061725948682794,3
27.01,0.005743778583322548,0.00935264610549813,0.002000115286977623,0.011156318512400303,3
27.02,0.036784786056530086,0.0311565780450083,0.021161808294721966,0.05264669952619962,3
27.03,-0.012751836144417765,-0.008321954135150212,0.001303495002668107,0.015282779357944148,3
27.04,-0.06609229201117528,-0.04252287131542186,-0.024112368388876454,0.08220579029192092,3
27.05,-0.04311779691561092,-0.029862694073028034,-0.02390812432493594,0.05764133340660783,3
27.06,0.02409587669366197,0.007995816830652036,0.006873982870057306,0.02630201514947746,3
27.07,0.03643367578765838,0.01986924753794089,0.01192463127835246,0.04317865862030497,3
27.08,-0.0050728596949759334,-0.007126723017048354,0.005358665347345484,0.01025862470078126,3
27.09,0.02420977660787942,0.00714385704053469,0.011689803345087273,0.02781725146497828,3
27.1,-0.010202795620826528,-0.005293594162545789,-0.008904801335379867,0.014540105379971595,3
27.11,-0.04101341367050094,-0.019678519283611393,-0.01736483851754093,0.04869170195057236,3
27.12,-0.025407542281161752,-0.01967396788991881,-0.015358706332213595,0.03561598064776199,3
27.13,0.012145888477898232,0.010363950687818337,0.01023382009538247,0.018964839955078062,3
27.14,0.044307318969866984,0.028019123915847165,0.013545748585675536,0.05414514866592818,3
27.15,0.03812155401292483,0.029770217653127224,0.01867248549046323,0.05184766584781298,3
27.16,0.015381213877054448,0.0004863062129221128,0.0071967563598003634,0.016988570751147545,3
27.17,-0.010150911114804371,-0.014436167199042057,-0.0012750628688087216,0.01769377588811307,3
27.18,-0.02405504702990588,-0.010509955197379935,-0.017227837172708912,0.03139908946946214,3
27.19,-0.049780836287183355,-0.061651003333189465,-0.01821379683825821,0.08130633596901066,3
27.2,-0.006677935686578375,-0.005900347921591833,0.0011010855456399194,0.008978937576836538,3
27.21,0.036500763998800194,0.029519372637214804,0.011889666648371704,0.048425853698208114,3
27.22,0.038780469857462176,0.03825006168216953,0.027473545280629567,0.06100645663650782,3
27.23,0.026105166962775588,0.019143217637888756,0.013012215183206537,0.034889257195590107,3
27.24,0.014406267481185401,0.007413604153119543,0.009631396495214623,0.018848497757822606,3
27.25,-0.005349965954597616,0.01740626618979148,-0.001432301358213769,0.01826613603272385,3
27.26,-0.058052369935170614,-0.05428687746492989,-0.022424877836108133,0.0825833994574369,3
27.27,-0.01745334753538482,-0.0035127758571267993,-0.0067477317230051495,0.019039191627245794,3
27.28,0.00989153184396158,-0.02011631206970311,0.0020764040929604254,0.02251266015963133,3
27.29,0.05108959115336047,0.030171755027957024,0.020465904646796606,0.06276411696739108,3
27.3,0.012478742603981286,0.015408567654804799,-0.0014570199656110568,0.0198812947598818,3
27.31,0.007116950003494816,0.0076246980719489686,0.004081136842400159,0.011200119462176425,3
27.32,0.011148984337674,0.017865907825361314,-0.008216759908473668,0.022605434248859434,3
27.33,-0.050874905040814676,-0.04221213442385795,-0.03048725957919358,0.07279830528370076,3
27.34,-0.049190718220541815,-0.026863410523369612,-0.021042149988734042,0.05986770131004037,3
27.35,0.034167542583003925,0.03435964608006297,0.012756776488639463,0.05010730077832648,3
27.36,0.03410387173112406,0.009633045998819935,0.00969696396466236,0.03674099552816042,3
27.37,-0.004743855859276246,-0.009442966188272645,0.004440592113083083,0.011462662743063918,3
27.38,0.015435033485368295,0.002707392375522368,0.00832556991285308,0.017745009060107057,3
27.39,-0.0001959764131659197,-0.0008827903863439412,0.006873546364789881,0.006932774715051315,3
27.4,-0.04429171066387169,-0.030083915208418705,-0.02778566031633886,0.06032280254608882,3
27.41,-0.05341997503791812,-0.033660609167138984,-0.025528873256874064,0.06810619437555013,3
27.42,0.0005742244998205364,0.00504897939465511,-0.005280807675159431,0.007328632642305711,3
27.43,0.02860810335284438,0.016811959139695947,0.003831257470900429,0.033402755595461915,3
27.44,0.026726207073614942,0.006815418671363538,0.01377100745294501,0.03082824553030521,3
27.45,0.00039056777474831376,-0.01277572221262858,-0.00030772536792069035,0.012785394641659875,3
27.46,-0.00475138523323357,0.008006488371815036,-0.005606563297544498,0.010867983699471234,3
27.47,-0.03147818151042791,-0.023499664036566344,-0.015000478418640323,0.04204907221120377,3
27.48,-0.0565787188665815,-0.03849434298420996,-0.025315281901460023,0.07296457611827845,3
27.49,-0.01804268554888603,-0.013427191908395197,0.002680493015635308,0.02264979088573941,3
27.5,0.014267802814658661,0.0015480697799231443,0.004564835822680037,0.015060027997633865,3
27.51,0.04177514141952471,0.025968692006746272,0.016134484380240014,0.051767335177491464,3
27.52,0.011043577791985924,0.01186640575557768,0.007895551850649222,0.01803086062920853,3
27.53,-0.018806419844036526,-0.013746492482470923,-0.0019169960265893564,0.023373539669608447,3
27.54,-0.02493043329682617,-0.02271901584094486,-0.015397544046230137,0.03707781746279303,3
27.55,-0.046001851243677,-0.02376138480157794,-0.01850194500625958,0.05498268540685058,3
27.56,-0.037152883305978046,-0.032668755102374145,-0.025566891178173283,0.055688869825155134,3
27.57,0.013076507467210823,0.010108095023012017,0.005151150908510152,0.017311931960832843,3
27.58,0.04212819666316793,0.02426003411755788,0.017632618223658098,0.05171308765580436,3
27.59,0.04585376763915068,0.030730949986019464,0.02360191080160633,0.060033403095571994,3
27.6,0.02609718454903525,0.021894727190359353,0.009555817355566784,0.03538016061947171,3
27.61,-0.0016052843984810808,0.005118218475909984,-0.008719069627698117,0.01023695626345062,3
27.62,-0.027949519671001795,-0.01372470168220229,-0.012334873716491503,0.03349167352801224,3
27.63,-0.05118266753687129,-0.02889532940143659,-0.013123946822618212,0.06022328036241745,3
27.64,0.0033282044683118767,-0.005673888490182388,0.00842656587470525,0.010690040599673248,3
27.65,0.04558220792382731,0.043817948505811416,0.018344365195965488,0.06583514278037161,3
27.66,0.017278754022943092,0.022342092362887575,0.007608935764011987,0.02925098861915665,3
27.67,0.018105254862922474,0.007660584940283459,0.010473114426729008,0.0222748948611219,3
27.68,0.0020977065389808543,1.3280121427483148e-05,0.0015212357898508016,0.0025912752485274804,3
27.69,-0.019715148361605903,-0.011636886569592816,-0.007084027253761316,0.02396429940736292,3
27.7,-0.0613070906392852,-0.052211947859782955,-0.021395123304389578,0.08332105474114126,3
27.71,-0.0353419706109671,-0.03331491125737958,-0.017891762115292465,0.05175957254792347,3
27.72,0.02070386364747235,0.01707470257518481,0.012769505920119592,0.029719618426354656,3
27.73,0.043059037778395245,0.035471455158203324,0.01999750127576324,0.059263858486567095,3
27.74,0.02239488527342566,0.012630390483653307,0.009356612034834805,0.027360625704648516,3
27.75,-0.000451331319810162,-0.009912350311722898,0.009337982561670313,0.01362557547352087,3
27.76,-0.0055383285506401345,-0.005693375400591469,-0.006036318924981288,0.009976209337768679,3
27.77,-0.06538687485268764,-0.04768708854082133,-0.031124990606488243,0.08670793998680369,3
27.78,-0.041492450430612,-0.021162787222784432,-0.010991521526715717,0.047857084650508086,3
27.79,0.023155806058235598,0.012600942809813229,0.00522241606945473,0.026874685923844822,3
27.8,0.039403336266314835,0.02981054662531079,0.01632292233082711,0.052035847186668586,3
27.81,0.009696255440080761,-0.0011128022399365693,-0.005594299993633176,0.011249528470263443,3
27.82,0.02083687187859562,0.02156342069709151,0.010696672974107467,0.03183669509480788,3
27.83,-0.01033351340489964,-0.013367538943172348,-0.006613532838267758,0.018144184007260172,3
27.84,-0.032487494219244184,-0.013948248666333627,-0.01835302902708243,0.03983496700101849,3
27.85,-0.06306975795092598,-0.0368438495277912,-0.026389162029532367,0.0776637076673257,3
27.86,-0.023321830685653473,-0.004446324480115468,-0.00548595804764135,0.024367464447768113,3
27.87,0.037260164299884754,0.027833568837240284,0.01826714092580114,0.04996714756192191,3
27.88,-0.0026188492231634976,0.0019206598146376673,0.005242799893386382,0.006167191913611924,3
27.89,0.017335941409227312,0.008559503076148597,0.004755225177052757,0.019910101052963945,3
27.9,-0.0081650940611538,-0.008457806872865495,-0.009160759604916996,0.014903783904272728,3
27.91,-0.021570752055230305,-0.017853578858615514,-0.013430910048376815,0.03105538547525396,3
27.92,-0.06645984084492472,-0.05230147367312818,-0.036691016311200565,0.09218777181092094,3
27.93,-0.01946353574187852,-0.009162965007494514,-0.012037967809755265,0.024651608878380648,3
27.94,0.038017199064484135,0.027187245321501855,0.01709005831410907,0.04976468452687896,3
27.95,0.03965251929757541,0.026415949613790297,0.017537387832343748,0.050770903602604285,3
27.96,0.0007340272629740574,-0.0073268380575655405,0.0036820281549065793,0.00823278101725685,3
27.97,0.007020547833452686,0.007783223046099424,0.004751492776560284,0.011508402863683343,3
27.98,-0.026181580947811915,-0.033398659768673955,-0.0050763140812526185,0.04274008212348207,3
27.99,-0.0646268077482739,-0.036303371623170086,-0.037545021717821904,0.08309144195844759,3
28.0,-0.03239144272396645,-0.02518349380304187,-0.015590905830141222,0.04389180181391712,3
28.01,0.02826505149052907,0.02122235459762016,0.015206523816813483,0.03847778368124527,3
28.02,0.03935457920669572,0.027286171965045222,0.01946274306519789,0.051692518343218835,3
28.03,0.02582639874427469,0.015859196998523527,0.008777795914028275,0.03155260215330239,3
28.04,0.016585631805812892,0.021376338454502215,0.01333593601768188,0.030164187666620945,3
28.05,0.008122860473582204,0.009774755723497817,0.007922729459392286,0.014976526760703225,3
28.06,-0.03894498997003243,-0.03130610927731011,-0.019351249057066033,0.05358409803213456,3
28.07,-0.03168588007906518,-0.005684324932368132,-0.01665453442725432,0.03624472462731978,3
28.08,0.004802953971433552,0.007417444791315237,-0.007226268017624884,0.011415156746469457,3
28.09,0.028403649731652374,0.007487857536329369,0.008647547368687405,0.03062050626714805,3
28.1,0.009731477884743812,-0.008856749506755624,0.0010867511934236481,0.013203208011808404,3
28.11,0.00148140753345153,-0.011569326290256619,-0.012380451661994644,0.01700939335912883,3
28.12,-0.00482910705457757,-0.0016154539946686328,0.0016984254008220786,0.005367924682372074,3
28.13,-0.02453236690290049,-0.01548014272769088,-0.0027063485206515712,0.029134106594221165,3
28.14,-0.03784445239849978,-0.022435480161545313,-0.014925460056851381,0.046457751832499124,3
28.15,-0.022332963009059913,-0.014385642489582337,-0.015573368982796983,0.030793469568667613,3
28.16,0.04329965632332176,0.036069871806760606,0.011055058559713726,0.05742917559596883,3
28.17,0.01872195419304785,0.01670632462914412,0.0008145893194072542,0.025105306355036217,3
28.18,0.02098810203805938,0.009559296509154463,0.009841479285920378,0.025074594541988605,3
28.19,-0.0056370183793594915,-0.0017279054743757206,-0.0009303177256926574,0.005968846170605526,3
28.2,-0.023786748351736543,-0.02422745240828113,-0.011276496532718358,0.03577622424735145,3
28.21,-0.045082256098390124,-0.031121653510807083,-0.030737797503100676,0.0628154386079504,3
28.22,-0.0124276187851484,-0.005674030846085984,0.004692319350380264,0.014445005905061504,3
28.23,0.015401894192457176,0.013731300315993674,0.0007300915437686148,0.020647033364285933,3
28.24,0.03069625146388983,0.023034092659625544,0.016994320929813955,0.04197185035773485,3
28.25,0.03271032872882457,0.02472511987009677,0.020542714619217247,0.045861751842521475,3
28.26,0.01508584377804851,0.01341868729044963,0.005250715952411264,0.020861780103995572,3
28.27,-0.011544381944073501,-0.017833951488970018,0.0010153646163889992,0.02126860469061854,3
28.28,-0.03288157066955745,-0.018581801275041658,-0.01709099980047882,0.04145579938322511,3
28.29,-0.03826800606248317,-0.02705728034639374,-0.015530529785800967,0.04937341453828411,3
28.3,0.032498284710333274,0.01998530282841194,0.010252989310712848,0.03950537467311003,3
28.31,0.04048225153571872,0.04364137908072382,0.010143635673097383,0.06038440197714285,3
28.32,0.022643077696732225,0.0224517018767458,0.0016269850698064584,0.03192859165638059,3
28.33,0.016926377960795446,0.010123730531271434,0.0035270342135864715,0.020035772036168426,3
28.34,0.005366665209524212,-0.014605192428319352,0.005254158793506892,0.01642312168763114,3
28.35,-0.04488229834811656,-0.03404126836992869,-0.019674727175525496,0.059668446826394064,3
28.36,-0.045417678118461174,-0.03769681688784941,-0.027271186264012245,0.06501948238331835,3
28.37,-0.001977936522247696,0.012279128123116352,-0.00035868263992019206,0.012442583075315525,3
28.38,0.043325582983289083,0.036464662727887426,0.019606609456541673,0.0599265959577365,3
28.39,0.030702790682627195,0.010221291476916977,0.006353973810196975,0.03297740345051417,3
28.4,0.026354854776333453,0.025032072741429386,0.004285305910488042,0.03659982080229768,3
28.41,-0.0010665343256646368,-0.008551005440487777,-0.0032521108277602817,0.009210505651000282,3
28.42,-0.019534267854610852,-0.012779803716831918,0.006069209415293262,0.024119417625289342,3
28.43,-0.06564733936255741,-0.03337051108932767,-0.03298230081275157,0.08069074508671087,3
28.44,-0.01524179902540048,-0.019536769518353064,-0.002457625595377751,0.02490055670684903,3
28.45,0.019937011327761843,0.0057068665198570356,0.016485952626722426,0.026492251323156836,3
28.46,0.013749885523792936,-0.002409097673873997,0.010239054247159105,0.01731188422431084,3
28.47,0.015738746848036403,0.03332181342806217,0.008309687346478009,0.0377770076405924,3
28.48,0.022229871972021496,0.01774019719775241,0.011040292652529145,0.030508521209017956,3
28.49,-0.01844149115252257,-0.006612976293772548,-0.009247155717039338,0.021664024100931458,3
28.5,-0.04922549202510967,-0.05036338391727829,-0.01110604486581823,0.07129490681160099,3
28.51,-0.03098546122900371,-0.0035749382235111746,-0.018454132204425627,0.03624132980858225,3
28.52,0.0072166532066765664,0.012456831781461893,0.00011213010499129539,0.01439671194049251,3
28.53,0.03661654691392803,0.03207155943910337,0.013823366721213379,0.050600809284684196,3
28.54,0.04228147354435073,0.02255940328191578,0.017244369868799958,0.050931502762923846,3
28.55,-0.0008367755291312975,1.813562513384656e-05,0.008283326409417011,0.00832550410437694,3
28.56,0.0034643742423369423,-0.012836620090234594,-0.0007206791941011233,0.013315407719360016,3
28.57,-0.02449898128966469,-0.019250188425860435,-0.01226379521012358,0.033483884356781575,3
28.58,-0.03222155527071386,-0.023604257650025717,-0.007978128929709668,0.040731316508204544,3
28.59,-0.006552913767724249,-0.015229109731790485,0.005269489500209208,0.017396378406523607,3
28.6,0.048471052958875785,0.029785197387455893,0.024563297471072092,0.06196738288006221,3
28.61,0.012331353978023974,0.008101718519621031,-0.005357946560943135,0.015697379566425106,3
28.62,0.008026776200884345,0.0030156589023299816,-0.0017970089880397669,0.008760854758377236,3
28.63,0.020198162377184352,0.0208437740595124,0.01110632436002373,0.03107698700403828,3
28.64,-0.025425073239930145,-0.011834622808029854,-0.012730238456467327,0.030798565184480136,3
28.65,-0.04944495369703205,-0.03150643987919615,-0.021435951328465548,0.06242562942669772,3
28.66,-0.00024635715030109015,0.015101883695113016,0.002087905258677071,0.015247522138217612,3
28.67,0.03761249775580055,0.02573549855763999,0.017311814596264668,0.048751562006317646,3
28.68,0.032519782440279324,0.01912247530927016,0.015331425087507244,0.04072171296901191,3
28.69,-0.007151569180734209,-0.012225671067690156,0.0028696992679357516,0.014451544854809624,3
28.7,0.005350076643887883,0.010867499669494737,-0.0024224964310255036,0.012352908893061348,3
28.71,-0.01670419136625348,-0.015266015997033634,-0.008509983908240901,0.024176457137898084,3
28.72,-0.05894049817742093,-0.04606160114055195,-0.027052447705058966,0.07954551119873961,3
28.73,-0.02325713993721272,-0.019194104667917346,-0.01177775092677579,0.03237319306085251,3
28.74,0.03848232148904413,0.0389808308292563,0.0052170777370334955,0.05502374159796384,3
28.75,0.027666047366856485,0.020621094260975564,0.014622112324518325,0.03747593726988048,3
28.76,0.03500004460846204,0.019846031373710743,0.012136163722554584,0.04202564162248203,3
28.77,0.013700811617469237,0.009776344672410418,0.005934703334755117,0.017846844477461585,3
28.78,-0.034396771244840516,-0.015952222774888405,-0.02218698636428316,0.04393032719498505,3
28.79,-0.04005691314790035,-0.03673026070023738,-0.017981152667359255,0.057245001469933735,3
28.8,-0.04397576981167576,-0.023374661736738415,-0.029170632304492065,0.057716279600129386,3
28.81,0.008960514055253487,0.0050554083419622154,-5.8295170344621096e-05,0.010288409204792641,3
28.82,0.04554464867490731,0.021425842711416024,0.02605627982650511,0.05667725714263361,3
28.83,0.030788203634457938,0.026500885125140802,0.014744323116069307,0.04321580104086715,3
28.84,0.019590957140761634,-0.0043085642940421595,0.026309335535341094,0.03308399105728049,3
28.85,0.00936358431481197,0.020347915124446104,-0.0005878010685333151,0.022406692554422753,3
28.86,-0.03184963126119744,-0.01652449667594373,-0.010010202668477047,0.03725133768512892,3
28.87,-0.05583994863418268,-0.032786745347453766,-0.02714642410044858,0.07021395071770535,3
28.88,-0.008993957561661872,-0.003515224645537678,-0.017692971266404813,0.020156619487488387,3
28.89,0.00464536534256222,0.014023404034331822,0.0021730033092478562,0.014931752183116166,3
28.9,0.02735984884204374,0.012658135833830672,0.015389188234193432,0.03384696213775511,3
28.91,0.02241115565979666,0.026055809349112974,0.014198706916708208,0.03718559367485662,3
28.92,0.011802302824314539,0.010181772754755014,0.007346363574383858,0.01723171222349446,3
28.93,-0.033085752456703726,-0.01651397874438684,-0.010789144748125097,0.038519918925048795,3
28.94,-0.049023462651178996,-0.039435381804980574,-0.02086922093553093,0.06628705462510864,3
28.95,-0.02148177531189351,-0.015872363268230133,-0.008392770641300878,0.027997092443802458,3
28.96,0.021451438013613672,0.029964703013156922,0.007872840236550946,0.037683275241264004,3
28.97,0.043235226188083835,0.03267028117962732,0.025725499253777644,0.05998694331058047,3
28.98,0.004444896034046287,-0.008246121890387946,0.0026254689052389235,0.009728757061258758,3
28.99,-0.0037099667254519627,0.008025209983525346,-0.010614218657283833,0.013814104606823705,3
29.0,-0.017787799810165587,-0.01077973224830231,-0.008624869706304748,0.022516590036734004,3
29.01,-0.042803010947154496,-0.031235299122104255,-0.017021826375764035,0.05565504676627458,3
29.02,-0.029975679220759555,-0.019859955334855635,-0.01948779906789715,0.04089906457559964,3
29.03,0.00992934490436517,0.012228883694184144,0.014064081515969301,0.021117193836387323,3
29.04,0.024996919716318452,0.012944115405129408,0.0068253586598455655,0.028965179781263353,3
29.05,0.03677457041222365,0.039292648671368724,0.020646882340132407,0.05764178188590704,3
29.06,0.00510826491381071,-0.011217180086318815,0.0029865189049299618,0.012682223570339744,3
29.07,-0.013048380297143876,-0.027413353643997967,-0.0010482567196289433,0.03037846323532572,3
29.08,-0.039510181124579435,-0.030865033560704302,-0.018717685039331734,0.053516879976621384,3
29.09,-0.05674250768105535,-0.038253607544830114,-0.029568147514405802,0.07454747491070486,3
29.1,-0.0018726910440472141,-0.0070396099098356596,0.013197508987128206,0.015074392952767312,3
29.11,0.039829572505463366,0.027928641684627067,0.014383376480276065,0.050727560470513564,3
29.12,0.03285030322950569,0.00830076511811343,0.023306140673208575,0.04112446129611849,3
29.13,0.0083980933927651,0.007642789250002304,-0.0048229604228629385,0.012336982912935312,3
29.14,0.02645853317768973,0.019464267600613205,0.015479306863033112,0.036311439411060714,3
29.15,-0.03312523430167899,-0.030120375654593988,-0.018142986615142867,0.048308240916351344,3
29.16,-0.045852647473605845,-0.04529800555051852,-0.02552288248068866,0.06932382070628121,3
29.17,-0.004051511682429572,0.006987931719878701,-0.0013203728294673175,0.008184700424777057,3
29.18,0.040345884631028006,0.03745764640776517,0.023960056519586777,0.06004123574253929,3
29.19,0.027901742805451053,0.018939084761544028,0.007156688280807648,0.03447338640654756,3
29.2,0.026077976005207087,0.01906553430918912,0.017519364817473307,0.03674892616976373,3
29.21,0.002356810263142845,0.007808518230441921,0.0017130717421700902,0.00833439418106805,3
29.22,0.0002116252812456778,0.0018839797153669792,-0.0056478342512428885,0.00595753275753385,3
29.23,-0.05034881212408661,-0.05333684253749256,-0.021541591109912234,0.07644515551506516,3
29.24,-0.03785072536910512,-0.027573884419837515,-0.029113884522762947,0.05514176987521122,3
29.25,0.01727225853528093,0.005315236045605657,0.015009315934642994,0.023491747784190487,3
29.26,0.028086975665297536,0.014361914628147638,0.019400093924350034,0.03703385529596966,3
29.27,0.001758750911657142,-0.0023844692970498805,-0.0005016520996532685,0.0030050879233251915,3
29.28,0.013502516883894191,0.013673707158256915,0.006020282357716708,0.02013782583389401,3
29.29,0.01791331445588753,0.010187100644303717,0.012302903417818598,0.024000526803402773,3
29.3,-0.03210890347513272,-0.01822501427305919,-0.01796874887491515,0.04106103705166694,3
29.31,-0.046615183380203325,-0.0402401147292867,-0.02208178925424983,0.06542054395727114,3
29.32,-0.002695308805391566,-0.0068364517525394295,-0.006824308388434397,0.01002860643866718,3
29.33,0.04171043143417771,0.02284130776708597,0.008942260952980535,0.048388526138819124,3
29.34,0.029906778718855817,0.02819583464589298,0.01406536847390634,0.04344254936147169,3
29.35,0.008063651402676555,0.002185442824473672,0.0028223329823521106,0.00881840108785054,3
29.36,0.005976300402521298,-0.0018545301787390315,-0.0008402744450734146,0.0063135972177573605,3
29.37,-0.0029309789705832534,0.0035327292693618124,-0.006935927932980781,0.00831732589887579,3
29.38,-0.05336590579331075,-0.03296270489745053,-0.024530959328308972,0.06735152396838602,3
29.39,-0.02825482514790728,-0.01725016028596188,-0.001715875524578003,0.03314886729355976,3
29.4,0.03821440762984635,0.022810060909267092,0.016264828200477206,0.04738337752393314,3
29.41,0.04928112263135511,0.030532810536113248,0.023323783105800917,0.06248904244271385,3
29.42,0.01798846673807596,0.028298312406683842,0.02208753403078207,0.04015269082158875,3
29.43,-0.000855751127475407,-0.004999617842870791,-0.00555515034163341,0.007522511806908461,3
29.44,-0.013589644850027782,-0.007779468647476263,-0.00505031245320881,0.016453091972695854,3
29.45,-0.0438973774297641,-0.03632148192816289,-0.029308756753365434,0.06407209234211858,3
29.46,-0.04322073790231823,-0.034395729530942616,-0.025498564522897005,0.060838106376801274,3
29.47,0.006510025737623059,0.0023614264650087045,0.002175488025808315,0.00725875459046478,3
29.48,0.05434865670722516,0.03909637815025768,0.028993932735990102,0.07295855951049798,3
29.49,0.03200747809925804,0.038764426661483345,0.01780730450880679,0.05333159966227691,3
29.5,-0.0006731385690826441,0.010214653194362095,-0.011131223723689635,0.015122711297948834,3
29.51,-0.005938858690861301,0.0015403693699444125,-0.000259333054239357,0.006140849613767045,3
29.52,-0.037261560283201475,-0.020481985839465262,-0.013381509961267775,0.044575782971364865,3
29.53,-0.05770253195325566,-0.05118688931084355,-0.021593058013302763,0.08009956295450618,3
29.54,-0.011208202474849159,-0.029836230426357364,-0.01439253611354431,0.034970981463945006,3
29.55,0.06642033895227567,0.058108869013210884,0.03318665321596202,0.09428497248345682,3
29.56,0.028635676049791253,0.01849299549182147,0.017940433023954247,0.038520799085378615,3
29.57,0.02513634090583125,0.01358872860663197,0.01874407833760167,0.03417352267479915,3
29.58,-0.006472661935059187,0.0022397789527862956,0.0028261719351720047,0.007409400116747813,3
29.59,-0.035722891535261064,-0.03278931880047503,-0.018117439776700654,0.051763945281456156,3
29.6,-0.034323722912970714,-0.020401326569824435,-0.02644689018016197,0.04789331979114167,3
29.61,0.0037922399939874004,0.009077844876372913,0.004147331820476586,0.0106765496767741,3
29.62,0.03275774541191067,0.009069047043424193,0.006734427796345806,0.0346506856568754,3
29.63,0.040400072979040184,0.030152951413739155,0.024936066983763314,0.056242099998931566,3
29.64,0.03641120650596809,0.022955628439079116,0.013091071338615923,0.04499014319877235,3
29.65,-0.00618308477431298,-0.0058260186236279024,-0.010650349435814773,0.013623618221095313,3
29.66,-0.03499770092190162,-0.03416611849350869,-0.013025695636347616,0.050614538124358247,3
29.67,-0.06896342288264966,-0.04552621603368848,-0.040907769061897026,0.09220648356628042,3
29.68,-0.0251268484349487,-0.0230121499731206,-0.0057079496052734055,0.03454704397419002,3
29.69,0.04466812244679229,0.017235885619352815,0.01959163225078407,0.051731508486173146,3
29.7,0.03662101727170988,0.02632209188668963,0.010164321229210857,0.046230561897480676,3
29.71,0.01597160644161083,-0.004885950848309156,0.015432218749011366,0.022740230947269104,3
29.72,0.014611591258208944,0.007452182589575912,0.006358084405309707,0.017591442855842975,3
29.73,-0.01300082559968614,-0.008138454586147977,-0.012175712854188699,0.019583255419666653,3
29.74,-0.03489520963462279,-0.029391191429551974,-0.00867221170570413,0.04644055388301686,3
29.75,-0.025419586391103862,-0.015814103446469555,-0.01299016154201853,0.032634116151631413,3
29.76,0.009028096087379846,0.014734284189516434,0.004673365078168621,0.017901005298425095,3
29.77,0.04769461088221834,0.04407348732060559,0.03220598230235545,0.07248774715678116,3
29.78,0.003919058895690816,0.0008308093938000497,0.005267243067211964,0.006617636768954022,3
29.79,0.014091045237038538,0.0009047081597946122,-0.0042191760367458414,0.014736943345067042,3
29.8,0.0008067081251489296,0.004466596339708845,0.006124169650618548,0.007622776054078925,3
29.81,-0.04237451096163092,-0.030087313182104933,-0.03751428098682806,0.06409498320238592,3
29.82,-0.03588521515926473,-0.02902095208899176,-0.025229179692291246,0.052597298743606594,3
29.83,-0.0005406370386415549,-0.00998152856834985,0.00171039498178579,0.010141432441329644,3
29.84,0.0566837489609418,0.035477743475076234,0.023405568055655537,0.07084870001883102,3
29.85,0.02810150842728979,0.012515307145008953,0.0060184125824712335,0.03134563731742903,3
29.86,0.013000251193039615,0.000800377448783595,0.0002618687625325347,0.013027498239932316,3
29.87,-0.006487984588041476,0.006931190969386055,-0.011132050242868124,0.014630717510720478,3
29.88,-0.00020681361872174064,-0.012056706994474167,-0.006067728372818693,0.013499047486019156,3
29.89,-0.05196762970694449,-0.028033771944754364,-0.023006207235555687,0.0633704385196594,3
29.9,-0.016859917992085163,-0.022824281984517678,-0.007918584278015332,0.02946028953993234,3
29.91,0.030522980778196433,0.017977351455539636,0.015030530228378431,0.03848057120013085,3
29.92,0.04945673474080793,0.03991536247910807,0.025573849827018106,0.06850712786299029,3
29.93,0.055524430747652925,0.040354809679420144,0.028703085569289785,0.07439986690385339,3
29.94,0.023298602044333393,0.012515077544062466,0.0014933000058863725,0.026489280248087017,3
29.95,-0.014917303716355334,-0.017497805244544966,-0.015972918706348562,0.027997022529934034,3
29.96,-0.05110518581063737,-0.019528287652290546,-0.02058542330491103,0.05845385947918879,3
29.97,-0.02851778533113114,-0.027152660036429306,-0.014693678908086963,0.042028980800161486,3
29.98,0.01607864748245162,0.007260926238835826,-0.00041596057547459587,0.017647010452513236,3
29.99,0.0460267253283321,0.0466461168648033,0.0203570622563714,0.06862018396014687,3
